000000
000002
000003
000004
000006
000007
000008
000010
000012
000013
000015
000016
000018
000019
000020
000021
000022
000023
000024
000026
000027
000028
000029
000030
000032
000033
000034
000035
000036
000037
000038
000039
000040
000041
000044
000045
000047
000048
000049
000051
000052
000054
000056
000057
000059
000060
000061
000062
000063
000064
000065
000067
000068
000069
000070
000072
000073
000074
000075
000077
000078
000079
000080
000081
000082
000085
000087
000088
000089
000090
000091
000092
000093
000094
000096
000097
000098
000099
000101
000102
000103
000104
000105
000106
000107
000108
000109
000110
000111
000113
000114
000115
000117
000118
000119
000120
000121
000122
000123
000124
000126
000128
000132
000134
000137
000139
000140
000141
000144
000145
000146
000147
000148
000149
000150
000151
000153
000154
000155
000157
000158
000160
000161
000162
000163
000164
000165
000166
000167
000169
000170
000171
000172
000173
000174
000175
000177
000178
000180
000182
000183
000184
000185
000187
000188
000189
000191
000192
000193
000194
000195
000196
000197
000198
000199
000200
000202
000203
000204
000205
000206
000210
000213
000215
000217
000218
000219
000220
000221
000222
000225
000226
000228
000229
000231
000232
000234
000235
000239
000240
000241
000242
000243
000244
000245
000246
000247
000248
000249
000250
000251
000252
000253
000255
000256
000258
000261
000262
000263
000264
000265
000266
000267
000268
000270
000273
000274
000275
000276
000277
000278
000279
000280
000281
000282
000283
000284
000285
000286
000287
000288
000289
000290
000293
000295
000296
000297
000298
000299
000300
000301
000303
000304
000305
000306
000307
000308
000310
000311
000313
000314
000317
000319
000321
000322
000323
000324
000325
000326
000327
000329
000330
000332
000333
000336
000337
000338
000339
000340
000341
000343
000345
000347
000348
000349
000350
000351
000352
000353
000354
000356
000357
000358
000359
000360
000361
000362
000363
000364
000365
000366
000368
000369
000372
000373
000374
000376
000378
000381
000382
000383
000384
000385
000386
000387
000388
000390
000391
000392
000394
000396
000397
000398
000399
000400
000403
000404
000405
000407
000408
000410
000411
000412
000413
000414
000416
000417
000418
000419
000420
000421
000422
000423
000424
000425
000426
000427
000429
000430
000432
000433
000435
000436
000437
000438
000439
000440
000441
000442
000443
000444
000445
000446
000447
000448
000449
000450
000451
000452
000453
000454
000457
000458
000460
000463
000464
000465
000466
000467
000468
000470
000471
000473
000474
000475
000476
000477
000478
000479
000480
000481
000483
000485
000486
000487
000488
000489
000492
000493
000494
000495
000496
000497
000500
000501
000502
000503
000504
000505
000506
000508
000509
000511
000512
000513
000514
000516
000518
000519
000520
000521
000522
000523
000524
000525
000526
000527
000528
000529
000531
000532
000535
000536
000537
000538
000539
000540
000541
000542
000543
000544
000545
000546
000548
000549
000550
000552
000553
000554
000555
000557
000558
000559
000561
000563
000564
000565
000566
000567
000570
000571
000572
000573
000574
000575
000578
000579
000581
000582
000583
000584
000585
000586
000588
000589
000591
000592
000593
000597
000598
000599
000600
000602
000603
000604
000605
000606
000607
000609
000610
000611
000613
000615
000617
000618
000619
000620
000621
000622
000623
000624
000626
000630
000631
000632
000634
000635
000636
000638
000639
000640
000641
000642
000643
000645
000646
000647
000648
000649
000650
000651
000652
000653
000654
000655
000656
000658
000659
000661
000662
000663
000664
000665
000666
000667
000668
000669
000671
000672
000673
000674
000675
000677
000678
000680
000681
000682
000684
000685
000686
000687
000688
000690
000691
000692
000693
000694
000695
000696
000698
000699
000700
000701
000702
000704
000706
000707
000708
000709
000710
000711
000713
000714
000716
000717
000718
000719
000720
000721
000723
000724
000725
000726
000727
000728
000730
000732
000733
000734
000735
000736
000737
000738
000739
000740
000741
000742
000744
000745
000746
000747
000748
000749
000750
000751
000752
000753
000754
000756
000757
000758
000759
000760
000761
000762
000763
000764
000765
000766
000767
000768
000769
000771
000774
000775
000776
000777
000778
000782
000783
000785
000787
000788
000789
000790
000791
000792
000793
000795
000796
000797
000799
000800
000801
000803
000804
000805
000806
000807
000808
000810
000811
000812
000813
000815
000816
000817
000818
000819
000820
000822
000823
000824
000825
000826
000827
000828
000829
000830
000831
000832
000835
000836
000837
000838
000839
000840
000841
000842
000843
000844
000845
000846
000847
000848
000849
000852
000853
000854
000855
000856
000857
000859
000860
000863
000864
000865
000866
000867
000868
000869
000870
000871
000872
000873
000874
000877
000878
000879
000880
000881
000882
000883
000884
000885
000886
000887
000889
000890
000891
000892
000893
000896
000897
000899
000900
000901
000902
000904
000905
000906
000907
000909
000910
000911
000912
000916
000917
000918
000920
000922
000923
000924
000925
000926
000927
000928
000929
000930
000931
000932
000933
000935
000936
000937
000938
000939
000940
000941
000942
000943
000944
000946
000947
000949
000950
000951
000952
000955
000956
000958
000959
000960
000962
000963
000965
000966
000967
000969
000970
000971
000972
000973
000974
000975
000976
000977
000978
000980
000981
000982
000983
000984
000986
000987
000988
000989
000991
000992
000994
000996
000997
000998
000999
001000
001001
001002
001004
001005
001006
001007
001008
001009
001010
001011
001012
001013
001014
001015
001016
001017
001018
001019
001020
001022
001023
001024
001025
001027
001028
001029
001030
001031
001032
001033
001035
001037
001038
001040
001041
001045
001046
001048
001049
001050
001051
001052
001053
001054
001055
001056
001057
001058
001059
001060
001061
001062
001063
001064
001065
001066
001069
001070
001071
001072
001073
001074
001075
001076
001078
001079
001080
001081
001082
001083
001084
001085
001086
001087
001088
001089
001090
001091
001092
001095
001097
001098
001099
001100
001101
001102
001103
001104
001105
001107
001109
001110
001111
001114
001116
001118
001119
001120
001121
001122
001124
001125
001126
001128
001129
001130
001131
001132
001133
001134
001135
001137
001138
001139
001140
001141
001142
001143
001144
001145
001146
001147
001148
001149
001150
001151
001152
001154
001155
001156
001157
001158
001159
001160
001162
001164
001165
001166
001167
001170
001171
001173
001174
001175
001177
001180
001181
001182
001183
001185
001186
001188
001189
001190
001191
001192
001193
001194
001195
001197
001198
001199
001200
001201
001202
001203
001204
001205
001206
001207
001208
001209
001211
001212
001214
001215
001216
001218
001219
001221
001222
001223
001225
001226
001228
001229
001230
001231
001232
001233
001234
001235
001236
001237
001238
001239
001240
001242
001243
001244
001245
001246
001248
001250
001252
001254
001255
001256
001257
001259
001260
001261
001264
001265
001266
001267
001268
001269
001270
001271
001272
001275
001277
001278
001279
001280
001281
001282
001283
001284
001286
001288
001289
001291
001292
001294
001295
001296
001297
001298
001299
001300
001301
001302
001303
001304
001305
001306
001307
001308
001309
001310
001311
001314
001315
001316
001317
001318
001319
001321
001322
001323
001325
001326
001328
001329
001330
001331
001334
001335
001336
001337
001338
001339
001340
001341
001342
001343
001344
001345
001346
001347
001348
001350
001351
001352
001353
001354
001356
001357
001358
001359
001360
001361
001362
001363
001364
001365
001366
001367
001368
001370
001371
001373
001374
001377
001378
001379
001380
001383
001384
001385
001386
001387
001388
001389
001390
001391
001392
001393
001394
001395
001396
001397
001398
001399
001401
001403
001406
001407
001408
001409
001410
001411
001412
001414
001415
001416
001418
001419
001420
001421
001422
001423
001424
001425
001428
001429
001432
001433
001435
001436
001437
001440
001441
001443
001445
001447
001448
001449
001450
001451
001452
001453
001455
001456
001458
001459
001460
001461
001464
001465
001466
001467
001470
001471
001472
001473
001474
001475
001477
001478
001479
001480
001481
001482
001483
001484
001486
001487
001488
001489
001490
001491
001492
001493
001494
001495
001496
001498
001499
001500
001501
001502
001503
001504
001505
001506
001508
001509
001510
001511
001512
001513
001514
001515
001516
001517
001518
001519
001520
001522
001523
001524
001525
001526
001527
001528
001530
001531
001532
001533
001534
001535
001536
001537
001538
001539
001540
001541
001542
001543
001544
001545
001547
001548
001549
001551
001552
001553
001554
001555
001556
001557
001558
001559
001560
001561
001563
001564
001565
001566
001568
001569
001570
001571
001572
001573
001575
001577
001578
001580
001582
001583
001585
001586
001587
001588
001589
001590
001591
001592
001593
001594
001595
001596
001597
001598
001599
001600
001602
001603
001604
001605
001606
001607
001608
001609
001610
001611
001612
001614
001615
001616
001617
001620
001621
001622
001623
001624
001625
001626
001627
001628
001629
001630
001632
001633
001634
001635
001636
001637
001638
001639
001640
001642
001643
001644
001645
001646
001647
001648
001649
001650
001651
001652
001653
001654
001655
001656
001658
001659
001660
001663
001664
001666
001667
001669
001670
001672
001673
001674
001676
001677
001678
001679
001680
001683
001684
001685
001686
001687
001688
001689
001691
001692
001693
001694
001695
001696
001697
001698
001699
001700
001702
001703
001704
001705
001706
001707
001709
001711
001712
001713
001714
001715
001716
001720
001721
001722
001724
001725
001726
001728
001729
001730
001731
001732
001734
001735
001736
001737
001738
001739
001740
001741
001742
001744
001745
001746
001748
001749
001751
001752
001754
001755
001756
001757
001758
001759
001760
001761
001762
001763
001764
001765
001766
001767
001768
001770
001771
001772
001773
001774
001775
001776
001777
001778
001779
001781
001784
001785
001786
001787
001788
001791
001792
001793
001794
001796
001797
001798
001799
001800
001801
001802
001803
001804
001806
001807
001808
001809
001810
001813
001815
001818
001819
001820
001822
001823
001825
001826
001827
001828
001829
001830
001831
001832
001833
001834
001835
001836
001837
001838
001839
001840
001841
001842
001843
001844
001845
001846
001847
001848
001851
001852
001853
001854
001856
001857
001858
001859
001860
001861
001862
001864
001867
001868
001869
001870
001871
001872
001873
001874
001876
001877
001878
001879
001880
001881
001882
001883
001884
001885
001886
001887
001888
001889
001890
001891
001893
001895
001898
001899
001900
001902
001903
001904
001905
001906
001907
001908
001910
001912
001913
001914
001915
001916
001917
001919
001920
001921
001922
001923
001924
001926
001927
001928
001929
001930
001931
001933
001934
001935
001937
001938
001940
001941
001942
001943
001944
001945
001946
001947
001948
001949
001950
001951
001953
001954
001955
001956
001957
001958
001959
001961
001964
001965
001966
001967
001968
001969
001970
001971
001972
001973
001974
001975
001976
001977
001978
001979
001980
001982
001983
001984
001985
001986
001987
001988
001990
001991
001992
001993
001994
001995
001996
001997
001998
002000
002002
002004
002005
002006
002007
002008
002010
002011
002012
002013
002015
002016
002019
002020
002022
002023
002025
002026
002027
002028
002030
002031
002032
002033
002034
002035
002036
002037
002038
002042
002043
002044
002045
002046
002047
002050
002051
002052
002053
002055
002056
002057
002058
002059
002061
002062
002063
002064
002065
002066
002068
002069
002070
002071
002072
002073
002074
002077
002078
002080
002081
002082
002083
002089
002091
002092
002093
002094
002096
002097
002098
002099
002101
002102
002103
002105
002106
002107
002108
002109
002111
002112
002115
002116
002117
002118
002119
002120
002121
002123
002124
002125
002126
002127
002128
002129
002130
002131
002133
002134
002135
002137
002138
002139
002140
002141
002142
002143
002144
002145
002146
002147
002148
002149
002150
002151
002153
002155
002156
002157
002159
002161
002163
002164
002165
002166
002167
002168
002170
002171
002172
002173
002175
002176
002177
002178
002179
002180
002181
002182
002183
002184
002185
002186
002187
002188
002190
002191
002193
002194
002196
002197
002198
002199
002200
002201
002202
002203
002204
002205
002206
002207
002208
002209
002211
002212
002213
002215
002216
002217
002219
002221
002222
002223
002224
002225
002226
002228
002229
002230
002231
002232
002233
002234
002235
002237
002238
002239
002240
002241
002242
002245
002246
002248
002249
002250
002251
002252
002254
002255
002256
002257
002258
002259
002260
002261
002263
002265
002266
002267
002268
002269
002270
002273
002274
002277
002279
002281
002282
002283
002287
002288
002290
002292
002293
002295
002296
002297
002298
002299
002300
002302
002303
002304
002305
002308
002309
002310
002311
002313
002316
002317
002318
002319
002320
002321
002322
002323
002324
002325
002328
002329
002330
002331
002332
002333
002334
002335
002337
002338
002340
002342
002343
002344
002345
002346
002348
002349
002350
002352
002353
002355
002356
002357
002358
002361
002362
002364
002365
002366
002367
002369
002370
002373
002374
002375
002378
002381
002382
002386
002387
002388
002390
002393
002394
002395
002396
002397
002398
002399
002400
002401
002402
002403
002405
002407
002408
002410
002411
002412
002413
002415
002416
002417
002419
002420
002421
002423
002424
002426
002428
002429
002430
002431
002432
002434
002435
002436
002438
002440
002441
002443
002445
002446
002447
002448
002449
002451
002452
002454
002455
002456
002459
002460
002461
002462
002463
002465
002467
002468
002469
002471
002472
002473
002474
002475
002479
002480
002481
002482
002483
002484
002485
002488
002489
002490
002491
002492
002493
002494
002497
002498
002499
002500
002501
002504
002505
002506
002507
002508
002509
002510
002511
002513
002515
002517
002518
002519
002520
002521
002522
002523
002524
002525
002526
002528
002529
002530
002531
002536
002537
002538
002540
002541
002542
002546
002547
002549
002550
002551
002552
002553
002554
002556
002557
002558
002559
002560
002562
002563
002564
002565
002567
002568
002569
002571
002572
002575
002576
002577
002578
002579
002580
002582
002584
002586
002587
002588
002589
002590
002595
002596
002597
002598
002599
002600
002601
002602
002603
002604
002605
002606
002607
002608
002609
002612
002613
002614
002616
002617
002618
002619
002621
002622
002623
002624
002625
002626
002627
002628
002630
002631
002633
002634
002635
002637
002638
002639
002641
002642
002644
002645
002646
002647
002648
002651
002653
002654
002655
002656
002657
002658
002660
002661
002662
002663
002664
002665
002666
002667
002668
002669
002671
002672
002675
002676
002678
002679
002680
002682
002683
002684
002686
002687
002688
002689
002690
002691
002692
002693
002694
002697
002699
002700
002701
002702
002703
002704
002705
002706
002707
002708
002709
002710
002711
002712
002714
002715
002716
002717
002718
002719
002720
002721
002722
002723
002724
002725
002726
002727
002728
002729
002730
002731
002732
002733
002734
002736
002739
002740
002741
002742
002743
002744
002745
002746
002747
002748
002751
002753
002754
002755
002757
002758
002759
002760
002761
002763
002764
002765
002766
002767
002769
002770
002771
002772
002773
002775
002777
002778
002779
002780
002781
002782
002784
002785
002786
002787
002789
002790
002791
002793
002794
002795
002796
002797
002798
002799
002800
002802
002803
002806
002807
002808
002809
002810
002813
002814
002815
002816
002817
002818
002820
002821
002822
002823
002824
002825
002827
002830
002831
002833
002834
002835
002837
002838
002839
002840
002842
002844
002845
002846
002848
002849
002851
002852
002853
002854
002856
002858
002859
002860
002861
002862
002863
002864
002866
002867
002868
002869
002870
002872
002874
002877
002879
002880
002882
002883
002884
002885
002887
002888
002889
002890
002891
002892
002893
002894
002895
002896
002897
002900
002902
002905
002906
002907
002908
002909
002910
002911
002912
002914
002916
002918
002919
002921
002923
002925
002926
002928
002929
002930
002931
002932
002933
002934
002935
002936
002937
002938
002939
002943
002944
002945
002946
002947
002948
002949
002950
002954
002956
002957
002958
002959
002960
002962
002963
002964
002965
002966
002968
002969
002970
002971
002972
002974
002975
002976
002977
002978
002980
002981
002982
002983
002984
002986
002988
002990
002992
002993
002994
002995
002996
002998
002999
003000
003002
003003
003004
003005
003007
003008
003009
003010
003011
003012
003013
003014
003016
003017
003018
003019
003020
003022
003023
003024
003025
003027
003028
003029
003031
003032
003033
003034
003035
003036
003037
003038
003039
003041
003042
003044
003045
003046
003047
003048
003049
003050
003051
003052
003053
003055
003056
003057
003058
003060
003061
003062
003063
003064
003067
003068
003069
003070
003072
003073
003074
003075
003076
003077
003079
003080
003081
003082
003084
003085
003086
003087
003088
003089
003090
003091
003094
003095
003097
003098
003101
003102
003104
003105
003107
003108
003109
003111
003113
003115
003116
003120
003121
003122
003124
003125
003126
003128
003129
003130
003131
003132
003133
003134
003135
003136
003137
003138
003139
003140
003141
003142
003143
003144
003145
003146
003149
003150
003151
003152
003153
003154
003155
003156
003158
003160
003162
003163
003165
003166
003167
003168
003169
003170
003171
003172
003173
003174
003175
003176
003177
003179
003180
003181
003183
003187
003188
003189
003190
003192
003193
003194
003195
003196
003197
003198
003199
003200
003201
003203
003205
003206
003207
003208
003209
003210
003211
003212
003213
003214
003216
003217
003218
003221
003222
003223
003224
003226
003227
003228
003229
003230
003231
003233
003234
003235
003236
003237
003238
003239
003240
003241
003242
003243
003244
003245
003246
003247
003248
003251
003252
003253
003254
003255
003258
003259
003262
003263
003264
003265
003267
003268
003269
003270
003271
003272
003273
003274
003275
003276
003277
003278
003279
003281
003283
003284
003285
003287
003289
003290
003292
003293
003294
003295
003296
003297
003298
003300
003302
003305
003306
003308
003309
003310
003313
003314
003315
003316
003317
003320
003321
003322
003323
003326
003327
003328
003329
003330
003331
003332
003333
003334
003336
003337
003338
003339
003340
003342
003343
003344
003345
003346
003348
003349
003350
003351
003352
003353
003355
003356
003357
003358
003359
003361
003362
003363
003364
003365
003366
003367
003368
003369
003370
003371
003372
003373
003374
003375
003376
003378
003379
003380
003382
003383
003384
003386
003387
003388
003389
003390
003391
003392
003393
003394
003395
003396
003397
003398
003399
003400
003402
003404
003405
003406
003408
003409
003411
003412
003413
003414
003416
003417
003419
003420
003421
003422
003423
003424
003425
003426
003427
003429
003431
003432
003434
003435
003436
003437
003438
003439
003440
003441
003442
003443
003444
003445
003446
003447
003448
003449
003450
003451
003452
003453
003454
003455
003456
003457
003458
003459
003460
003461
003462
003463
003464
003465
003466
003467
003468
003469
003471
003474
003475
003476
003480
003481
003482
003483
003484
003485
003486
003487
003488
003490
003491
003492
003493
003494
003496
003498
003499
003500
003501
003502
003503
003504
003505
003506
003507
003508
003509
003510
003511
003512
003513
003514
003515
003516
003517
003518
003521
003523
003524
003525
003526
003527
003528
003529
003530
003531
003532
003533
003534
003536
003538
003540
003541
003543
003544
003545
003546
003547
003548
003549
003550
003551
003552
003553
003555
003556
003558
003559
003560
003561
003562
003563
003564
003565
003566
003567
003568
003569
003570
003571
003572
003573
003574
003575
003576
003578
003579
003581
003583
003584
003585
003586
003588
003589
003590
003591
003592
003593
003594
003595
003596
003597
003598
003599
003601
003602
003603
003604
003605
003606
003607
003608
003609
003610
003611
003612
003613
003614
003615
003616
003617
003618
003619
003620
003622
003623
003625
003626
003627
003629
003630
003631
003633
003634
003635
003636
003639
003640
003641
003643
003644
003645
003646
003647
003648
003649
003650
003651
003652
003655
003656
003658
003659
003660
003661
003662
003664
003665
003666
003667
003668
003669
003670
003671
003672
003673
003674
003675
003676
003677
003678
003679
003681
003682
003683
003684
003685
003686
003687
003688
003689
003690
003691
003693
003695
003699
003700
003701
003702
003703
003704
003705
003707
003708
003709
003710
003711
003712
003716
003717
003718
003719
003721
003722
003723
003724
003725
003727
003728
003730
003731
003732
003733
003734
003735
003736
003737
003738
003739
003740
003741
003742
003743
003744
003745
003748
003749
003751
003752
003753
003755
003757
003758
003759
003760
003761
003762
003763
003764
003765
003766
003767
003768
003769
003770
003771
003772
003773
003774
003775
003776
003777
003778
003780
003782
003783
003785
003786
003787
003788
003789
003790
003791
003792
003793
003794
003795
003796
003798
003799
003800
003801
003802
003803
003804
003806
003807
003808
003809
003810
003811
003812
003814
003815
003816
003819
003821
003822
003823
003824
003826
003827
003828
003829
003830
003831
003832
003833
003834
003835
003836
003838
003839
003840
003841
003844
003845
003846
003847
003848
003850
003852
003853
003854
003856
003858
003860
003862
003863
003864
003865
003866
003867
003868
003869
003870
003871
003872
003873
003874
003875
003876
003877
003878
003879
003880
003881
003882
003884
003885
003886
003887
003888
003889
003892
003894
003895
003896
003897
003898
003899
003902
003904
003905
003906
003907
003908
003909
003910
003911
003912
003913
003915
003916
003919
003921
003922
003923
003924
003926
003927
003928
003929
003930
003931
003932
003933
003934
003935
003937
003938
003939
003940
003942
003943
003945
003946
003948
003949
003951
003952
003953
003954
003955
003956
003957
003958
003959
003960
003963
003964
003965
003967
003968
003969
003970
003971
003972
003973
003974
003975
003976
003977
003978
003979
003980
003981
003982
003983
003984
003985
003986
003987
003989
003991
003992
003993
003994
003995
003997
003999
004000
004001
004002
004003
004004
004008
004010
004011
004012
004013
004014
004015
004017
004018
004019
004020
004021
004022
004023
004024
004025
004026
004027
004028
004029
004033
004035
004036
004038
004039
004041
004042
004043
004044
004046
004047
004048
004049
004053
004054
004055
004056
004057
004058
004060
004061
004062
004063
004064
004065
004066
004067
004068
004069
004070
004071
004072
004073
004075
004076
004077
004078
004079
004080
004081
004082
004083
004084
004085
004089
004090
004094
004095
004097
004098
004100
004104
004105
004106
004107
004108
004109
004110
004111
004112
004113
004114
004116
004118
004119
004120
004121
004122
004123
004124
004125
004126
004127
004129
004131
004132
004134
004135
004136
004137
004138
004139
004140
004141
004142
004144
004147
004148
004149
004150
004151
004152
004154
004155
004156
004157
004158
004159
004160
004162
004163
004164
004165
004166
004171
004172
004173
004174
004175
004176
004177
004178
004179
004180
004181
004182
004183
004184
004185
004186
004187
004188
004189
004190
004191
004192
004193
004195
004196
004197
004198
004199
004200
004201
004202
004204
004205
004206
004207
004208
004209
004210
004211
004212
004213
004214
004215
004216
004217
004218
004219
004220
004221
004222
004223
004224
004225
004227
004228
004229
004230
004231
004232
004235
004236
004237
004238
004239
004240
004241
004244
004245
004246
004247
004248
004249
004250
004252
004253
004254
004255
004256
004257
004258
004259
004261
004262
004264
004265
004266
004267
004268
004270
004272
004273
004274
004275
004277
004278
004279
004280
004281
004282
004283
004285
004287
004288
004289
004290
004291
004292
004293
004294
004295
004296
004297
004298
004300
004303
004304
004305
004306
004307
004308
004310
004311
004312
004313
004314
004315
004316
004317
004318
004319
004322
004324
004325
004326
004327
004328
004329
004330
004332
004333
004334
004335
004336
004337
004338
004339
004340
004341
004342
004343
004344
004345
004346
004347
004349
004350
004351
004353
004354
004355
004356
004357
004358
004360
004361
004363
004364
004366
004367
004368
004369
004370
004371
004372
004373
004374
004375
004376
004377
004378
004381
004383
004386
004387
004388
004389
004391
004392
004393
004394
004395
004396
004398
004400
004401
004402
004403
004405
004406
004407
004409
004410
004411
004413
004414
004415
004416
004417
004419
004421
004422
004423
004424
004425
004426
004429
004431
004432
004435
004437
004439
004440
004441
004442
004444
004445
004446
004447
004448
004449
004450
004451
004452
004453
004454
004455
004457
004458
004460
004461
004462
004463
004464
004466
004467
004468
004469
004470
004471
004473
004474
004476
004477
004478
004479
004480
004481
004483
004484
004485
004487
004488
004489
004490
004491
004492
004493
004494
004496
004497
004499
004501
004502
004503
004504
004505
004506
004507
004508
004509
004510
004511
004513
004514
004515
004516
004517
004519
004521
004522
004523
004524
004525
004526
004527
004529
004532
004533
004535
004537
004538
004539
004540
004541
004543
004544
004545
004546
004547
004548
004549
004550
004551
004552
004554
004556
004557
004558
004559
004560
004561
004563
004565
004566
004567
004568
004570
004572
004573
004575
004576
004578
004579
004581
004582
004583
004584
004585
004587
004588
004589
004592
004593
004594
004595
004596
004597
004599
004601
004603
004605
004606
004607
004608
004609
004610
004612
004613
004614
004615
004616
004617
004618
004619
004620
004621
004622
004623
004625
004627
004629
004630
004631
004632
004633
004634
004635
004636
004638
004639
004640
004641
004642
004643
004644
004646
004647
004648
004650
004651
004652
004653
004654
004655
004656
004658
004659
004660
004661
004662
004663
004664
004665
004666
004667
004668
004669
004670
004671
004672
004673
004675
004676
004677
004678
004679
004680
004681
004684
004685
004686
004687
004690
004691
004692
004694
004695
004696
004697
004698
004700
004701
004702
004703
004704
004705
004706
004707
004709
004710
004711
004712
004713
004715
004716
004718
004719
004721
004722
004723
004724
004725
004726
004727
004728
004729
004730
004731
004732
004733
004734
004735
004736
004737
004739
004740
004741
004742
004743
004745
004746
004747
004748
004751
004753
004754
004756
004757
004758
004759
004761
004762
004764
004765
004766
004767
004768
004769
004770
004771
004772
004773
004774
004776
004777
004778
004779
004780
004781
004782
004783
004784
004785
004786
004788
004789
004790
004791
004792
004795
004797
004798
004799
004801
004802
004803
004804
004805
004806
004807
004809
004810
004811
004812
004813
004814
004815
004816
004817
004818
004819
004820
004822
004823
004825
004826
004827
004828
004829
004830
004831
004834
004835
004836
004837
004838
004841
004842
004843
004844
004845
004846
004847
004849
004850
004852
004854
004855
004857
004858
004859
004860
004861
004862
004864
004865
004867
004868
004869
004870
004871
004873
004875
004876
004877
004878
004879
004880
004881
004882
004885
004886
004887
004889
004891
004892
004893
004894
004896
004897
004898
004899
004900
004901
004902
004903
004904
004905
004906
004907
004910
004911
004912
004913
004914
004916
004917
004918
004919
004921
004922
004923
004924
004927
004928
004929
004930
004931
004932
004933
004934
004935
004936
004939
004940
004942
004946
004947
004948
004949
004950
004951
004952
004953
004954
004955
004956
004957
004958
004959
004960
004961
004963
004964
004965
004967
004968
004969
004970
004972
004976
004977
004978
004979
004980
004982
004983
004984
004986
004988
004989
004991
004992
004995
004996
004998
004999
005001
005002
005003
005004
005005
005006
005007
005010
005011
005012
005013
005015
005016
005017
005018
005019
005021
005022
005023
005024
005026
005027
005028
005029
005030
005031
005032
005034
005035
005036
005037
005038
005039
005040
005041
005042
005044
005045
005046
005047
005048
005050
005051
005053
005054
005055
005056
005057
005058
005059
005060
005061
005062
005064
005065
005066
005067
005068
005069
005071
005072
005073
005074
005075
005076
005079
005080
005082
005084
005085
005086
005089
005090
005092
005093
005094
005096
005097
005098
005099
005101
005102
005103
005105
005106
005107
005108
005109
005110
005111
005112
005113
005114
005115
005116
005117
005118
005119
005120
005122
005124
005125
005126
005127
005128
005129
005130
005131
005132
005134
005135
005136
005137
005138
005139
005140
005142
005143
005144
005145
005146
005147
005148
005149
005150
005151
005153
005154
005156
005157
005158
005159
005160
005161
005162
005166
005167
005169
005171
005172
005173
005174
005175
005176
005177
005178
005179
005181
005182
005184
005185
005186
005187
005188
005189
005190
005191
005192
005194
005195
005197
005198
005199
005201
005202
005203
005204
005205
005206
005207
005208
005209
005210
005211
005212
005213
005214
005215
005216
005217
005218
005219
005220
005221
005222
005223
005224
005225
005226
005227
005228
005229
005230
005232
005234
005235
005236
005238
005239
005240
005241
005242
005243
005245
005246
005247
005249
005251
005252
005253
005254
005255
005256
005257
005258
005261
005262
005263
005265
005266
005267
005268
005269
005270
005271
005272
005273
005276
005277
005278
005279
005280
005281
005282
005283
005284
005285
005286
005287
005288
005289
005290
005291
005292
005293
005294
005295
005296
005297
005300
005301
005302
005303
005304
005305
005306
005308
005309
005310
005312
005313
005314
005315
005317
005318
005319
005321
005322
005323
005324
005325
005326
005327
005328
005329
005330
005331
005332
005333
005334
005335
005337
005338
005339
005340
005341
005342
005343
005344
005347
005348
005349
005351
005353
005354
005356
005360
005361
005363
005364
005365
005366
005367
005368
005369
005370
005371
005372
005373
005374
005376
005377
005378
005379
005380
005381
005382
005383
005385
005387
005389
005390
005391
005392
005393
005394
005395
005396
005397
005399
005400
005401
005402
005403
005404
005405
005406
005407
005408
005409
005410
005413
005414
005415
005416
005417
005418
005420
005421
005422
005423
005424
005425
005426
005428
005429
005430
005432
005434
005438
005439
005445
005446
005447
005448
005449
005450
005452
005453
005454
005456
005457
005458
005459
005460
005461
005462
005463
005464
005466
005467
005468
005469
005470
005472
005473
005474
005475
005476
005478
005479
005480
005481
005483
005484
005485
005486
005488
005489
005490
005491
005492
005493
005494
005496
005497
005499
005502
005503
005505
005506
005509
005510
005511
005512
005513
005514
005515
005516
005517
005520
005521
005522
005525
005526
005529
005530
005531
005532
005533
005534
005537
005538
005540
005543
005544
005545
005546
005549
005550
005551
005554
005555
005556
005557
005558
005559
005560
005561
005562
005563
005564
005565
005566
005567
005568
005569
005572
005576
005577
005578
005579
005580
005581
005582
005583
005584
005585
005586
005588
005589
005590
005591
005592
005593
005594
005595
005597
005598
005600
005601
005604
005605
005606
005607
005608
005609
005610
005611
005612
005613
005614
005617
005618
005619
005621
005622
005623
005624
005627
005628
005629
005630
005631
005632
005634
005635
005636
005637
005638
005639
005641
005642
005643
005644
005645
005646
005647
005648
005649
005650
005652
005653
005654
005655
005656
005657
005658
005659
005660
005661
005662
005664
005665
005667
005668
005669
005670
005671
005673
005675
005676
005677
005678
005679
005680
005681
005682
005683
005684
005685
005686
005687
005688
005691
005695
005696
005697
005698
005699
005700
005701
005702
005703
005704
005705
005706
005707
005708
005710
005711
005713
005714
005716
005717
005718
005719
005720
005721
005722
005724
005725
005726
005727
005728
005729
005730
005731
005734
005736
005738
005739
005741
005742
005743
005745
005746
005747
005748
005750
005751
005752
005753
005754
005755
005757
005758
005760
005762
005763
005764
005765
005766
005767
005769
005770
005771
005772
005773
005775
005776
005777
005779
005780
005783
005784
005787
005788
005789
005790
005792
005793
005794
005795
005797
005798
005799
005800
005801
005802
005803
005804
005805
005806
005807
005808
005809
005810
005811
005812
005813
005815
005816
005818
005819
005820
005821
005822
005823
005824
005825
005826
005827
005828
005829
005830
005831
005832
005834
005835
005836
005837
005838
005839
005840
005841
005843
005844
005845
005849
005850
005851
005852
005853
005856
005857
005858
005859
005860
005861
005865
005867
005870
005872
005873
005874
005876
005877
005878
005879
005880
005881
005882
005883
005884
005885
005886
005888
005889
005890
005891
005892
005896
005898
005899
005900
005901
005903
005904
005905
005907
005908
005909
005911
005912
005913
005914
005916
005917
005919
005921
005922
005923
005924
005925
005926
005927
005928
005930
005931
005932
005934
005935
005936
005937
005938
005940
005941
005945
005946
005947
005948
005949
005950
005951
005953
005954
005955
005956
005957
005959
005960
005963
005964
005965
005966
005967
005969
005970
005971
005972
005973
005974
005975
005976
005977
005978
005979
005980
005981
005983
005984
005985
005986
005988
005989
005990
005991
005992
005993
005994
005995
005997
005998
005999
006001
006002
006003
006004
006006
006007
006008
006009
006012
006013
006014
006015
006016
006017
006019
006020
006021
006022
006023
006024
006025
006026
006027
006028
006029
006030
006031
006032
006033
006034
006035
006036
006037
006038
006040
006041
006042
006043
006044
006045
006046
006047
006048
006049
006050
006053
006055
006056
006057
006058
006060
006061
006062
006063
006064
006067
006068
006069
006071
006072
006073
006074
006075
006076
006077
006078
006079
006080
006081
006082
006083
006084
006085
006086
006087
006089
006090
006091
006092
006094
006095
006096
006097
006099
006100
006101
006102
006103
006105
006106
006108
006109
006111
006112
006113
006114
006115
006116
006117
006118
006119
006120
006123
006124
006125
006126
006127
006128
006131
006132
006133
006137
006139
006140
006141
006142
006143
006144
006145
006146
006147
006148
006149
006150
006151
006152
006154
006155
006156
006157
006158
006159
006160
006161
006162
006163
006164
006165
006166
006168
006169
006171
006172
006173
006174
006175
006176
006177
006178
006179
006182
006183
006184
006185
006186
006187
006188
006191
006192
006193
006194
006195
006196
006197
006200
006203
006204
006205
006206
006207
006210
006211
006212
006213
006214
006215
006216
006219
006220
006221
006223
006224
006225
006226
006227
006228
006229
006231
006232
006234
006235
006236
006237
006238
006242
006243
006244
006245
006246
006247
006249
006250
006251
006252
006253
006254
006256
006257
006258
006259
006260
006262
006263
006265
006266
006267
006268
006269
006270
006271
006272
006273
006274
006276
006277
006278
006279
006280
006281
006282
006283
006284
006285
006286
006289
006290
006291
006292
006293
006294
006295
006296
006297
006298
006299
006300
006302
006303
006304
006305
006306
006307
006308
006310
006311
006312
006313
006314
006315
006316
006317
006318
006319
006320
006322
006323
006324
006325
006326
006327
006328
006329
006331
006332
006333
006335
006336
006338
006340
006341
006342
006343
006346
006347
006348
006349
006350
006351
006352
006353
006354
006355
006356
006357
006359
006361
006362
006363
006364
006365
006366
006367
006368
006369
006371
006373
006374
006375
006376
006377
006378
006379
006380
006381
006382
006383
006384
006385
006386
006387
006388
006389
006390
006394
006395
006396
006397
006398
006400
006404
006405
006407
006408
006409
006410
006411
006412
006413
006414
006415
006417
006420
006421
006422
006423
006424
006425
006426
006427
006428
006429
006430
006431
006432
006433
006434
006436
006438
006439
006440
006441
006442
006443
006444
006445
006446
006447
006448
006449
006450
006452
006453
006454
006455
006457
006458
006459
006461
006462
006464
006465
006466
006468
006470
006471
006473
006474
006475
006476
006478
006479
006480
006481
006482
006483
006484
006485
006486
006487
006488
006489
006490
006491
006492
006493
006494
006495
006496
006498
006499
006500
006501
006503
006505
006506
006507
006508
006509
006510
006511
006512
006513
006514
006515
006516
006517
006518
006520
006521
006522
006523
006524
006525
006527
006528
006529
006530
006531
006532
006533
006534
006535
006536
006537
006538
006539
006540
006541
006542
006543
006544
006546
006547
006548
006549
006550
006551
006552
006553
006554
006555
006556
006557
006558
006559
006560
006561
006562
006563
006564
006565
006566
006567
006568
006570
006571
006572
006573
006575
006576
006577
006578
006580
006583
006584
006585
006586
006587
006588
006589
006590
006591
006592
006593
006594
006596
006599
006600
006602
006603
006604
006605
006606
006609
006612
006613
006614
006615
006616
006617
006618
006619
006621
006622
006623
006624
006625
006626
006628
006632
006633
006635
006636
006637
006638
006639
006641
006643
006644
006645
006647
006648
006650
006651
006652
006653
006654
006655
006656
006657
006658
006660
006662
006663
006664
006665
006666
006668
006669
006670
006671
006672
006673
006674
006675
006676
006677
006678
006680
006681
006682
006684
006685
006686
006687
006688
006689
006690
006691
006692
006695
006696
006697
006698
006699
006700
006701
006703
006704
006705
006706
006707
006708
006709
006710
006711
006712
006714
006716
006717
006718
006719
006720
006723
006724
006727
006728
006729
006730
006731
006732
006733
006735
006736
006738
006740
006741
006742
006743
006744
006745
006746
006747
006748
006749
006750
006751
006752
006753
006755
006756
006757
006758
006759
006760
006762
006763
006765
006766
006767
006768
006769
006770
006771
006772
006773
006775
006776
006777
006778
006779
006780
006781
006784
006785
006786
006787
006788
006789
006790
006791
006792
006793
006794
006795
006796
006799
006800
006802
006804
006805
006806
006808
006809
006811
006812
006814
006815
006816
006817
006818
006820
006821
006822
006823
006824
006826
006827
006828
006829
006830
006831
006832
006835
006837
006839
006840
006841
006842
006843
006844
006846
006847
006848
006849
006850
006851
006853
006854
006855
006856
006857
006859
006861
006862
006864
006866
006867
006868
006869
006870
006871
006872
006873
006874
006875
006876
006878
006879
006880
006881
006882
006883
006884
006885
006887
006888
006890
006891
006892
006893
006894
006895
006896
006897
006898
006899
006900
006902
006903
006904
006905
006906
006907
006908
006909
006911
006912
006913
006914
006915
006916
006917
006918
006919
006920
006922
006923
006925
006926
006928
006929
006930
006931
006932
006934
006936
006937
006938
006939
006940
006941
006942
006943
006944
006945
006946
006947
006948
006949
006950
006952
006953
006954
006957
006958
006960
006961
006963
006964
006965
006966
006967
006968
006971
006972
006973
006974
006975
006976
006977
006978
006979
006980
006982
006983
006985
006987
006988
006990
006991
006992
006996
006997
006998
007000
007003
007004
007005
007006
007008
007009
007010
007011
007013
007014
007015
007016
007017
007018
007019
007021
007022
007024
007026
007027
007028
007029
007032
007033
007034
007035
007036
007037
007038
007039
007040
007045
007046
007047
007048
007049
007052
007053
007054
007055
007056
007058
007059
007060
007061
007062
007065
007066
007067
007068
007069
007070
007071
007072
007075
007077
007078
007080
007081
007082
007083
007084
007085
007087
007088
007089
007090
007091
007094
007096
007098
007100
007102
007103
007104
007105
007107
007108
007109
007110
007111
007112
007113
007114
007115
007116
007117
007118
007119
007120
007121
007122
007123
007125
007126
007127
007128
007129
007130
007131
007132
007133
007134
007135
007137
007138
007139
007140
007141
007142
007143
007144
007146
007148
007149
007150
007151
007152
007154
007155
007157
007160
007161
007162
007163
007164
007165
007166
007167
007169
007170
007171
007172
007175
007176
007178
007179
007180
007181
007182
007183
007184
007185
007186
007187
007189
007190
007192
007194
007196
007197
007198
007199
007201
007202
007204
007205
007206
007207
007208
007212
007213
007214
007215
007216
007217
007218
007219
007220
007221
007222
007223
007224
007225
007226
007227
007228
007229
007230
007231
007232
007235
007236
007237
007238
007240
007241
007242
007243
007245
007247
007248
007251
007253
007254
007256
007257
007258
007259
007260
007261
007262
007263
007264
007265
007266
007267
007268
007270
007271
007272
007273
007274
007275
007276
007278
007279
007280
007281
007282
007284
007285
007286
007287
007288
007290
007291
007294
007295
007296
007297
007298
007299
007300
007302
007303
007304
007306
007308
007310
007311
007313
007314
007316
007317
007318
007320
007321
007322
007323
007324
007325
007326
007327
007328
007330
007332
007333
007335
007336
007337
007338
007340
007341
007342
007344
007345
007347
007348
007350
007352
007353
007354
007355
007356
007357
007359
007360
007362
007364
007365
007367
007369
007371
007373
007375
007377
007378
007379
007380
007384
007385
007386
007387
007388
007390
007391
007392
007393
007394
007395
007396
007398
007399
007400
007401
007402
007404
007405
007407
007409
007411
007412
007413
007414
007415
007417
007418
007419
007420
007421
007422
007423
007424
007425
007426
007427
007429
007430
007431
007433
007434
007436
007437
007438
007439
007441
007443
007445
007446
007447
007448
007450
007453
007454
007455
007456
007457
007458
007459
007460
007461
007462
007463
007464
007465
007471
007474
007475
007476
007478
007479
007480
007481
007482
007483
007484
007486
007487
007489
007491
007492
007493
007494
007495
007497
007499
007500
007502
007503
007504
007505
007506
007507
007508
007509
007510
007511
007514
007515
007516
007517
007519
007520
007521
007522
007523
007524
007525
007526
007527
007528
007529
007531
007532
007533
007534
007536
007537
007538
007539
007540
007541
007542
007543
007544
007546
007547
007548
007549
007553
007554
007555
007556
007558
007559
007561
007562
007564
007566
007567
007568
007569
007570
007572
007573
007574
007575
007576
007577
007578
007579
007582
007583
007584
007585
007586
007588
007589
007590
007591
007592
007593
007594
007595
007596
007599
007600
007601
007603
007604
007605
007606
007607
007608
007609
007610
007611
007612
007613
007614
007617
007618
007619
007620
007621
007623
007624
007625
007626
007628
007629
007630
007631
007632
007633
007634
007637
007638
007639
007640
007641
007642
007643
007644
007645
007646
007647
007648
007649
007650
007651
007654
007655
007656
007657
007658
007659
007660
007661
007662
007665
007666
007668
007669
007670
007671
007672
007674
007675
007676
007677
007679
007680
007681
007682
007684
007685
007687
007688
007689
007690
007692
007693
007694
007696
007697
007699
007701
007703
007705
007706
007708
007709
007710
007711
007712
007713
007714
007715
007717
007718
007719
007720
007721
007722
007724
007726
007727
007728
007730
007731
007732
007733
007735
007737
007738
007739
007740
007741
007743
007744
007746
007747
007748
007749
007750
007751
007752
007753
007754
007757
007758
007759
007761
007762
007763
007764
007765
007766
007767
007768
007769
007770
007771
007772
007773
007774
007775
007776
007777
007778
007779
007781
007783
007785
007786
007787
007788
007789
007790
007792
007794
007795
007796
007797
007798
007800
007801
007803
007804
007805
007806
007807
007808
007810
007812
007813
007814
007816
007817
007818
007820
007822
007823
007824
007825
007826
007828
007829
007831
007832
007833
007834
007835
007836
007837
007838
007839
007841
007843
007844
007845
007847
007848
007849
007850
007851
007852
007853
007854
007855
007859
007860
007862
007864
007865
007866
007867
007868
007869
007870
007872
007873
007874
007875
007876
007877
007878
007879
007880
007881
007882
007883
007885
007886
007887
007888
007889
007891
007892
007894
007895
007896
007898
007899
007900
007901
007902
007903
007904
007905
007906
007907
007908
007910
007913
007915
007916
007917
007918
007919
007920
007921
007922
007923
007924
007925
007926
007927
007929
007930
007931
007932
007933
007934
007936
007937
007939
007942
007943
007944
007945
007946
007947
007949
007950
007951
007953
007954
007955
007957
007958
007961
007962
007964
007965
007968
007969
007970
007971
007972
007973
007975
007976
007977
007978
007979
007980
007982
007983
007984
007985
007987
007988
007989
007990
007991
007992
007993
007994
007995
007996
007997
007999
008000
008002
008003
008004
008005
008006
008007
008008
008009
008010
008012
008013
008014
008015
008016
008018
008019
008020
008021
008024
008025
008027
008028
008029
008032
008034
008035
008037
008038
008041
008043
008044
008045
008046
008048
008049
008051
008054
008055
008056
008057
008058
008059
008060
008061
008062
008063
008064
008065
008066
008067
008068
008069
008071
008072
008073
008074
008075
008076
008077
008079
008080
008081
008082
008083
008085
008087
008088
008089
008090
008091
008093
008094
008095
008096
008097
008098
008099
008100
008102
008103
008104
008105
008106
008109
008112
008114
008115
008116
008117
008119
008120
008121
008122
008123
008124
008125
008126
008127
008128
008129
008130
008132
008133
008134
008135
008137
008138
008139
008140
008141
008142
008144
008145
008146
008147
008149
008150
008152
008153
008155
008157
008159
008161
008162
008163
008164
008165
008166
008167
008168
008169
008170
008171
008173
008174
008175
008176
008179
008180
008181
008183
008184
008185
008186
008187
008188
008189
008190
008191
008192
008193
008194
008195
008197
008198
008199
008200
008201
008202
008203
008205
008206
008207
008209
008210
008211
008213
008214
008215
008216
008217
008219
008220
008221
008222
008223
008224
008225
008226
008228
008229
008230
008231
008233
008234
008235
008236
008238
008239
008240
008241
008242
008243
008244
008245
008246
008247
008248
008249
008250
008251
008252
008253
008254
008256
008257
008258
008260
008261
008262
008263
008264
008266
008267
008268
008269
008270
008271
008272
008273
008274
008275
008277
008278
008279
008280
008281
008282
008283
008284
008285
008287
008288
008289
008291
008292
008293
008295
008296
008297
008298
008301
008303
008304
008305
008306
008308
008309
008310
008311
008312
008313
008314
008315
008316
008317
008319
008320
008321
008322
008324
008325
008326
008327
008328
008329
008330
008331
008333
008334
008335
008336
008337
008338
008339
008340
008341
008342
008343
008344
008345
008346
008347
008348
008349
008350
008351
008352
008353
008354
008355
008356
008357
008358
008359
008360
008361
008362
008363
008364
008365
008366
008367
008368
008370
008371
008372
008373
008374
008375
008377
008379
008380
008383
008385
008386
008388
008389
008391
008393
008394
008396
008399
008400
008401
008403
008404
008405
008407
008408
008409
008410
008411
008413
008415
008416
008417
008418
008422
008423
008424
008425
008427
008428
008429
008430
008431
008432
008433
008435
008437
008438
008439
008440
008441
008442
008444
008446
008447
008448
008449
008450
008451
008452
008454
008455
008456
008457
008458
008459
008460
008461
008463
008464
008465
008466
008467
008468
008469
008470
008471
008472
008473
008474
008475
008476
008477
008478
008479
008480
008481
008482
008483
008484
008485
008486
008489
008490
008491
008492
008494
008495
008497
008498
008499
008500
008501
008502
008503
008504
008505
008506
008507
008508
008509
008511
008512
008513
008514
008515
008517
008518
008519
008520
008521
008522
008524
008526
008527
008529
008530
008532
008533
008535
008536
008537
008538
008539
008540
008542
008543
008544
008546
008549
008550
008552
008553
008554
008555
008556
008557
008561
008562
008563
008564
008565
008566
008567
008568
008569
008570
008571
008572
008573
008574
008575
008577
008579
008580
008581
008582
008583
008584
008585
008587
008590
008591
008592
008593
008594
008596
008597
008599
008600
008601
008603
008604
008605
008606
008607
008608
008609
008610
008612
008613
008614
008616
008617
008618
008619
008620
008621
008622
008623
008624
008625
008626
008627
008628
008629
008630
008631
008632
008633
008634
008635
008636
008638
008639
008640
008641
008642
008643
008644
008645
008646
008647
008648
008649
008650
008651
008652
008653
008654
008656
008657
008658
008659
008660
008661
008662
008663
008664
008666
008667
008670
008671
008672
008674
008675
008677
008678
008679
008680
008681
008682
008684
008685
008687
008688
008689
008690
008691
008692
008693
008694
008695
008697
008698
008700
008701
008705
008706
008707
008708
008709
008710
008711
008712
008713
008714
008715
008716
008717
008718
008719
008720
008721
008722
008723
008724
008725
008726
008727
008728
008729
008730
008731
008732
008733
008734
008735
008736
008737
008738
008739
008740
008741
008743
008745
008747
008749
008750
008751
008753
008754
008755
008756
008757
008758
008760
008761
008762
008764
008765
008767
008768
008769
008771
008772
008774
008776
008777
008779
008780
008781
008782
008783
008786
008788
008790
008792
008793
008794
008795
008796
008797
008798
008799
008800
008801
008803
008804
008806
008807
008809
008810
008811
008812
008813
008815
008817
008818
008819
008821
008822
008823
008824
008825
008827
008828
008829
008830
008833
008835
008836
008837
008838
008839
008842
008844
008845
008846
008847
008849
008850
008851
008852
008853
008854
008855
008856
008857
008858
008860
008862
008863
008866
008867
008868
008869
008870
008873
008874
008875
008876
008877
008878
008879
008880
008881
008882
008883
008884
008885
008886
008887
008889
008891
008892
008893
008894
008895
008896
008897
008898
008899
008900
008901
008902
008903
008904
008905
008906
008907
008909
008911
008913
008914
008915
008917
008918
008919
008922
008923
008926
008927
008928
008929
008931
008932
008933
008935
008936
008937
008942
008943
008944
008945
008946
008948
008949
008950
008951
008952
008953
008955
008956
008957
008958
008959
008960
008961
008962
008963
008964
008965
008966
008968
008969
008970
008971
008972
008974
008975
008976
008977
008978
008979
008980
008982
008983
008984
008985
008986
008987
008989
008992
008993
008994
008995
008996
008997
008998
008999
009000
009001
009002
009003
009004
009005
009006
009007
009008
009009
009010
009011
009012
009014
009015
009016
009019
009021
009022
009023
009025
009026
009027
009028
009029
009030
009031
009032
009033
009034
009035
009036
009037
009038
009039
009040
009041
009043
009044
009045
009046
009047
009049
009050
009051
009052
009054
009055
009056
009057
009058
009059
009061
009063
009064
009065
009066
009067
009068
009069
009070
009072
009073
009074
009075
009076
009077
009078
009080
009081
009082
009083
009085
009086
009088
009089
009090
009091
009092
009094
009095
009096
009097
009099
009100
009101
009102
009103
009104
009105
009107
009108
009109
009110
009111
009112
009115
009117
009118
009119
009121
009122
009123
009124
009125
009126
009127
009128
009129
009130
009131
009132
009133
009134
009137
009141
009142
009144
009146
009147
009148
009149
009150
009151
009152
009153
009154
009155
009156
009157
009158
009159
009161
009162
009163
009164
009165
009166
009167
009168
009169
009170
009171
009172
009173
009176
009177
009179
009181
009182
009183
009184
009185
009186
009187
009188
009189
009190
009191
009192
009193
009194
009195
009197
009198
009199
009200
009201
009202
009203
009204
009206
009207
009208
009209
009210
009212
009213
009214
009215
009216
009217
009218
009221
009223
009224
009225
009226
009227
009229
009230
009231
009232
009233
009234
009235
009236
009237
009238
009240
009241
009242
009243
009244
009245
009247
009248
009250
009251
009252
009254
009255
009256
009258
009259
009260
009261
009264
009265
009267
009269
009270
009271
009272
009273
009274
009275
009276
009277
009278
009279
009280
009281
009282
009283
009284
009286
009287
009288
009289
009290
009291
009293
009294
009295
009296
009297
009298
009299
009301
009302
009303
009305
009306
009307
009308
009311
009313
009314
009316
009317
009318
009319
009320
009321
009324
009326
009327
009329
009330
009331
009332
009333
009334
009335
009336
009337
009338
009339
009340
009341
009342
009343
009344
009345
009346
009347
009348
009349
009350
009351
009352
009356
009358
009359
009360
009361
009362
009364
009365
009367
009368
009370
009371
009372
009373
009374
009375
009376
009377
009378
009379
009381
009383
009384
009385
009386
009387
009388
009389
009390
009393
009394
009395
009396
009397
009398
009399
009400
009401
009402
009403
009404
009405
009406
009407
009408
009409
009410
009411
009412
009413
009414
009415
009416
009417
009418
009419
009421
009422
009423
009424
009425
009426
009427
009428
009431
009432
009435
009439
009440
009441
009443
009444
009445
009446
009447
009448
009449
009451
009452
009453
009454
009456
009457
009459
009460
009461
009462
009463
009464
009465
009466
009467
009468
009469
009470
009471
009472
009473
009474
009476
009477
009478
009480
009481
009483
009484
009485
009486
009487
009489
009490
009491
009492
009493
009495
009496
009497
009498
009499
009500
009502
009503
009505
009506
009507
009509
009510
009511
009512
009513
009514
009515
009516
009517
009518
009520
009521
009522
009523
009524
009525
009526
009527
009528
009529
009530
009532
009534
009535
009536
009537
009541
009542
009544
009545
009546
009547
009548
009549
009550
009551
009553
009554
009555
009558
009559
009560
009562
009563
009564
009565
009566
009567
009568
009569
009570
009571
009572
009573
009574
009575
009576
009577
009579
009580
009582
009583
009584
009585
009586
009587
009588
009589
009590
009591
009592
009593
009594
009595
009596
009598
009599
009601
009602
009604
009605
009606
009607
009608
009610
009611
009612
009613
009614
009615
009616
009617
009618
009619
009620
009621
009622
009623
009625
009626
009627
009628
009629
009630
009631
009632
009633
009634
009637
009638
009639
009640
009641
009642
009643
009644
009645
009646
009647
009648
009649
009650
009653
009655
009657
009658
009659
009660
009661
009662
009663
009664
009665
009666
009667
009668
009669
009674
009675
009676
009677
009678
009679
009680
009681
009682
009683
009684
009685
009686
009687
009688
009689
009691
009692
009693
009694
009695
009696
009699
009700
009701
009702
009703
009705
009706
009707
009709
009710
009711
009713
009714
009715
009716
009717
009718
009720
009721
009722
009723
009725
009726
009727
009728
009729
009730
009732
009734
009735
009736
009737
009738
009739
009740
009741
009742
009743
009744
009745
009746
009750
009751
009752
009754
009755
009757
009758
009759
009760
009761
009762
009763
009764
009765
009766
009767
009769
009770
009771
009773
009774
009775
009778
009779
009780
009781
009782
009783
009784
009785
009786
009787
009788
009789
009790
009791
009792
009794
009796
009797
009798
009799
009800
009801
009802
009803
009805
009806
009807
009808
009809
009810
009811
009812
009813
009814
009815
009816
009817
009818
009819
009820
009821
009822
009823
009824
009825
009827
009828
009829
009830
009831
009832
009833
009834
009835
009836
009838
009839
009840
009841
009842
009843
009844
009845
009846
009847
009848
009849
009851
009854
009855
009856
009857
009858
009859
009860
009861
009862
009863
009864
009865
009866
009867
009868
009869
009870
009872
009873
009874
009876
009877
009880
009881
009882
009883
009884
009885
009886
009887
009888
009889
009890
009891
009892
009893
009894
009896
009897
009899
009900
009901
009902
009903
009904
009905
009906
009907
009908
009909
009911
009912
009913
009914
009915
009918
009919
009920
009921
009922
009923
009925
009926
009927
009928
009931
009932
009933
009934
009936
009937
009938
009939
009940
009941
009942
009943
009944
009945
009946
009947
009949
009950
009952
009953
009954
009955
009956
009957
009958
009959
009960
009961
009962
009963
009964
009965
009966
009967
009968
009971
009973
009975
009976
009978
009980
009981
009982
009983
009984
009985
009987
009988
009989
009990
009991
009992
009995
009996
009997
009998
009999
010000
010001
010002
010003
010004
010005
010007
010008
010009
010010
010011
010012
010015
010016
010017
010018
010019
010020
010021
010023
010024
010027
010028
010029
010030
010031
010032
010033
010034
010035
010036
010037
010038
010039
010040
010041
010043
010045
010046
010047
010048
010049
010050
010051
010052
010053
010054
010055
010056
010057
010058
010059
010060
010061
010062
010063
010065
010066
010068
010069
010070
010072
010073
010074
010076
010077
010078
010079
010080
010081
010082
010083
010084
010086
010087
010088
010089
010090
010091
010092
010093
010095
010096
010098
010099
010103
010105
010106
010107
010109
010110
010111
010112
010113
010115
010116
010118
010119
010120
010121
010122
010123
010124
010126
010128
010129
010130
010131
010135
010136
010137
010138
010139
010140
010142
010143
010145
010146
010147
010148
010151
010152
010155
010157
010158
010159
010160
010162
010163
010164
010165
010166
010167
010168
010170
010171
010172
010173
010174
010175
010176
010177
010179
010180
010181
010182
010184
010187
010188
010189
010190
010191
010193
010194
010195
010196
010197
010198
010199
010200
010201
010202
010203
010204
010206
010207
010208
010211
010212
010213
010215
010216
010217
010219
010221
010224
010225
010226
010229
010231
010232
010233
010234
010236
010238
010239
010241
010242
010243
010244
010245
010247
010248
010249
010250
010251
010252
010253
010254
010255
010256
010257
010258
010259
010260
010262
010263
010264
010265
010266
010268
010270
010271
010272
010273
010274
010276
010277
010278
010279
010280
010281
010282
010284
010285
010286
010288
010291
010292
010293
010295
010296
010297
010298
010299
010300
010301
010303
010305
010306
010307
010308
010310
010311
010312
010313
010314
010315
010317
010318
010319
010320
010321
010322
010323
010324
010325
010326
010327
010328
010329
010330
010331
010332
010335
010336
010338
010339
010340
010341
010342
010343
010345
010346
010347
010348
010349
010350
010351
010353
010357
010358
010359
010360
010361
010363
010364
010367
010368
010369
010370
010371
010372
010374
010376
010377
010378
010379
010380
010381
010382
010384
010386
010387
010389
010390
010391
010392
010393
010394
010395
010397
010398
010399
010400
010401
010402
010404
010405
010407
010409
010410
010412
010414
010416
010417
010418
010421
010422
010423
010426
010427
010428
010429
010430
010431
010433
010436
010437
010438
010439
010440
010441
010442
010444
010445
010446
010447
010448
010449
010450
010452
010453
010454
010456
010458
010459
010461
010462
010463
010464
010466
010467
010468
010469
010470
010471
010472
010474
010475
010479
010480
010481
010482
010483
010484
010485
010489
010490
010492
010493
010494
010495
010496
010497
010498
010499
010500
010501
010502
010503
010504
010505
010506
010507
010508
010509
010510
010511
010513
010514
010516
010517
010518
010519
010521
010522
010523
010524
010525
010526
010527
010528
010529
010530
010532
010533
010534
010535
010536
010537
010538
010540
010541
010542
010543
010544
010545
010546
010547
010548
010549
010550
010551
010553
010554
010555
010556
010557
010558
010560
010562
010565
010566
010568
010569
010570
010571
010573
010574
010575
010576
010578
010580
010581
010582
010583
010584
010585
010588
010589
010590
010594
010595
010596
010597
010598
010600
010601
010602
010603
010604
010606
010607
010609
010611
010612
010614
010615
010616
010617
010618
010619
010620
010621
010622
010624
010625
010626
010627
010628
010629
010631
010632
010633
010634
010635
010636
010637
010638
010639
010640
010641
010642
010643
010644
010645
010647
010648
010652
010653
010654
010655
010656
010657
010658
010659
010661
010662
010664
010665
010666
010667
010668
010669
010670
010672
010673
010674
010675
010676
010677
010679
010680
010681
010683
010685
010686
010687
010688
010690
010691
010693
010694
010695
010696
010697
010698
010700
010701
010702
010703
010705
010706
010707
010709
010710
010711
010712
010713
010715
010716
010717
010718
010719
010722
010723
010724
010725
010726
010727
010729
010730
010731
010733
010735
010736
010737
010738
010739
010740
010741
010742
010743
010744
010745
010747
010748
010749
010750
010751
010753
010755
010757
010758
010759
010760
010761
010762
010763
010766
010769
010770
010771
010772
010773
010774
010775
010776
010778
010779
010781
010782
010783
010784
010785
010786
010787
010788
010789
010790
010791
010792
010793
010794
010795
010797
010798
010799
010802
010804
010806
010807
010809
010810
010811
010813
010814
010815
010816
010817
010819
010820
010821
010824
010825
010826
010828
010829
010830
010831
010832
010834
010835
010836
010837
010842
010843
010844
010845
010846
010848
010850
010851
010852
010853
010854
010855
010856
010857
010859
010861
010863
010864
010865
010866
010867
010869
010870
010871
010872
010873
010874
010875
010876
010877
010879
010880
010881
010882
010883
010884
010885
010887
010888
010889
010890
010891
010892
010894
010895
010897
010898
010900
010901
010903
010904
010905
010906
010907
010908
010909
010910
010912
010913
010914
010915
010916
010917
010918
010919
010921
010922
010923
010924
010925
010926
010927
010928
010929
010931
010932
010933
010934
010936
010937
010939
010940
010941
010942
010945
010948
010949
010950
010951
010952
010953
010954
010956
010957
010958
010959
010962
010963
010964
010965
010967
010968
010969
010970
010972
010973
010974
010975
010977
010978
010979
010980
010981
010982
010983
010984
010985
010986
010987
010989
010990
010991
010992
010993
010994
010995
010996
010997
010998
010999
011000
011001
011002
011003
011004
011006
011007
011008
011010
011014
011015
011017
011019
011021
011022
011023
011025
011026
011027
011028
011029
011030
011031
011033
011035
011036
011037
011040
011041
011044
011045
011047
011049
011050
011051
011052
011053
011054
011055
011057
011059
011060
011062
011063
011064
011065
011066
011067
011068
011069
011070
011071
011072
011074
011078
011079
011080
011082
011084
011086
011087
011088
011089
011090
011091
011092
011093
011094
011095
011096
011097
011098
011099
011100
011101
011102
011103
011107
011108
011109
011110
011111
011113
011114
011116
011117
011118
011119
011120
011121
011122
011123
011124
011126
011128
011129
011130
011133
011134
011135
011136
011137
011138
011139
011140
011142
011143
011144
011145
011146
011148
011150
011152
011154
011155
011156
011157
011159
011160
011161
011162
011163
011164
011165
011166
011167
011168
011169
011171
011172
011174
011175
011176
011178
011179
011180
011181
011182
011183
011184
011185
011186
011187
011188
011189
011190
011191
011192
011193
011194
011195
011199
011200
011201
011202
011203
011204
011205
011206
011207
011208
011209
011210
011211
011212
011213
011214
011217
011220
011222
011223
011224
011225
011226
011228
011229
011230
011232
011233
011235
011236
011237
011238
011239
011240
011243
011244
011246
011248
011250
011251
011252
011253
011254
011255
011257
011260
011261
011262
011263
011264
011266
011268
011269
011271
011272
011273
011275
011276
011277
011278
011279
011280
011281
011282
011283
011284
011287
011288
011289
011290
011291
011292
011294
011295
011296
011298
011299
011300
011301
011302
011303
011305
011306
011308
011309
011312
011314
011315
011317
011318
011319
011321
011322
011324
011326
011327
011328
011329
011330
011335
011336
011338
011339
011340
011341
011342
011344
011345
011348
011349
011350
011351
011352
011353
011354
011355
011356
011357
011358
011360
011362
011363
011364
011365
011366
011367
011369
011371
011372
011374
011375
011376
011377
011378
011380
011381
011382
011383
011384
011385
011386
011387
011388
011389
011390
011391
011392
011394
011396
011399
011400
011402
011406
011407
011408
011409
011411
011413
011414
011416
011417
011418
011419
011420
011421
011424
011425
011426
011427
011428
011430
011431
011432
011433
011434
011435
011436
011437
011438
011439
011440
011441
011442
011443
011444
011445
011446
011447
011450
011451
011452
011453
011454
011455
011457
011459
011460
011461
011463
011464
011465
011466
011467
011468
011470
011473
011474
011475
011476
011477
011478
011479
011481
011482
011483
011485
011486
011487
011491
011493
011494
011495
011496
011497
011498
011499
011500
011501
011502
011505
011506
011507
011508
011509
011510
011511
011512
011513
011514
011515
011516
011517
011520
011524
011525
011528
011529
011530
011531
011532
011533
011534
011535
011538
011541
011542
011543
011544
011545
011546
011547
011548
011549
011550
011551
011552
011553
011554
011555
011556
011557
011558
011563
011564
011565
011567
011568
011572
011573
011574
011575
011576
011577
011578
011579
011581
011582
011583
011584
011585
011586
011587
011588
011589
011590
011591
011592
011593
011594
011595
011597
011598
011599
011600
011601
011602
011604
011606
011607
011609
011610
011611
011612
011613
011614
011615
011616
011617
011618
011619
011620
011621
011622
011623
011624
011625
011626
011627
011628
011629
011630
011631
011632
011633
011634
011636
011637
011638
011640
011641
011642
011644
011645
011647
011648
011649
011650
011651
011652
011653
011654
011655
011656
011657
011658
011660
011661
011662
011663
011666
011668
011669
011670
011671
011672
011673
011675
011676
011677
011678
011679
011680
011681
011682
011683
011684
011685
011686
011687
011688
011689
011691
011692
011693
011694
011695
011696
011697
011698
011699
011702
011703
011704
011705
011706
011707
011708
011709
011710
011711
011713
011714
011715
011716
011717
011718
011719
011720
011721
011723
011724
011725
011726
011727
011728
011730
011731
011732
011733
011734
011735
011736
011737
011739
011740
011742
011743
011744
011745
011746
011747
011749
011751
011752
011755
011756
011757
011759
011760
011761
011762
011763
011764
011765
011766
011768
011769
011770
011771
011772
011773
011774
011776
011778
011780
011781
011782
011784
011785
011786
011787
011788
011789
011790
011792
011793
011795
011797
011798
011799
011800
011803
011804
011806
011807
011808
011809
011810
011811
011813
011814
011815
011816
011818
011819
011820
011821
011823
011826
011827
011828
011829
011830
011831
011835
011836
011837
011838
011839
011840
011841
011842
011843
011845
011846
011848
011851
011852
011853
011854
011855
011856
011857
011858
011859
011860
011861
011862
011863
011864
011866
011867
011868
011869
011870
011871
011872
011874
011877
011878
011879
011880
011881
011882
011883
011884
011885
011886
011887
011889
011890
011891
011894
011896
011897
011899
011900
011901
011902
011904
011906
011907
011908
011909
011910
011911
011912
011913
011914
011915
011917
011918
011919
011920
011921
011922
011923
011924
011925
011926
011927
011928
011930
011931
011932
011933
011934
011938
011939
011940
011941
011942
011943
011944
011947
011948
011949
011950
011952
011953
011954
011955
011956
011958
011959
011960
011961
011962
011963
011964
011965
011966
011967
011968
011970
011971
011972
011973
011974
011975
011977
011978
011979
011980
011982
011983
011984
011985
011986
011988
011989
011990
011991
011993
011994
011995
011996
011997
011999
012000
012002
012003
012004
012006
012007
012008
012009
012010
012012
012013
012014
012015
012016
012017
012018
012019
012020
012021
012022
012023
012025
012026
012027
012029
012030
012032
012034
012035
012036
012038
012039
012040
012041
012042
012043
012045
012046
012047
012050
012051
012056
012058
012059
012062
012063
012064
012065
012066
012068
012069
012070
012071
012073
012074
012076
012078
012079
012080
012081
012082
012083
012084
012085
012087
012088
012090
012091
012092
012093
012094
012095
012096
012098
012100
012103
012104
012105
012108
012110
012113
012114
012115
012116
012117
012118
012119
012120
012121
012122
012123
012124
012125
012126
012127
012129
012131
012133
012134
012135
012136
012137
012138
012139
012141
012142
012143
012145
012146
012148
012151
012152
012154
012155
012156
012158
012159
012160
012161
012164
012165
012167
012168
012169
012170
012171
012172
012173
012174
012175
012176
012177
012179
012180
012181
012182
012183
012184
012185
012187
012188
012189
012191
012192
012194
012195
012196
012197
012198
012199
012201
012202
012203
012205
012206
012207
012209
012210
012211
012212
012213
012214
012215
012216
012218
012219
012220
012221
012222
012223
012227
012228
012230
012235
012236
012237
012238
012239
012241
012243
012244
012245
012246
012248
012251
012252
012253
012254
012255
012258
012259
012260
012261
012262
012263
012264
012265
012266
012267
012269
012271
012272
012273
012274
012275
012276
012278
012279
012280
012281
012282
012283
012284
012285
012286
012288
012289
012290
012291
012292
012293
012294
012295
012296
012297
012298
012301
012302
012303
012304
012305
012306
012307
012308
012309
012312
012313
012314
012315
012316
012317
012318
012320
012321
012322
012323
012324
012325
012326
012327
012328
012329
012330
012331
012333
012334
012335
012336
012337
012339
012340
012341
012343
012344
012345
012347
012348
012349
012350
012351
012352
012353
012354
012355
012356
012357
012358
012360
012361
012363
012364
012365
012367
012368
012369
012370
012371
012372
012373
012374
012375
012376
012377
012378
012379
012380
012381
012382
012383
012384
012385
012386
012388
012389
012390
012391
012392
012393
012394
012395
012396
012397
012398
012399
012400
012401
012403
012404
012406
012408
012409
012410
012411
012412
012413
012414
012415
012417
012418
012419
012421
012422
012423
012424
012425
012426
012427
012428
012429
012430
012432
012433
012434
012435
012437
012438
012439
012440
012441
012442
012443
012444
012445
012446
012447
012449
012450
012451
012452
012453
012455
012456
012458
012459
012460
012461
012462
012463
012464
012465
012466
012468
012469
012472
012473
012474
012475
012476
012477
012478
012479
012480
012481
012483
012484
012485
012487
012488
012489
012490
012491
012492
012494
012496
012497
012498
012499
012500
012501
012502
012503
012504
012505
012506
012507
012508
012509
012510
012511
012512
012513
012514
012516
012517
012519
012520
012521
012522
012523
012524
012526
012527
012528
012529
012530
012531
012532
012533
012534
012535
012537
012538
012539
012540
012541
012542
012543
012544
012545
012546
012547
012548
012549
012550
012551
012553
012554
012555
012556
012557
012558
012560
012561
012563
012565
012566
012567
012568
012569
012570
012571
012572
012573
012574
012575
012576
012577
012578
012579
012580
012581
012582
012583
012584
012585
012586
012588
012589
012590
012591
012593
012594
012595
012596
012597
012599
012600
012601
012603
012604
012605
012606
012607
012609
012610
012611
012612
012615
012616
012618
012619
012620
012622
012623
012624
012626
012627
012628
012629
012632
012633
012634
012635
012637
012638
012640
012641
012642
012643
012644
012645
012646
012647
012648
012649
012650
012651
012652
012654
012656
012657
012658
012659
012660
012661
012662
012663
012666
012667
012668
012669
012670
012671
012673
012674
012675
012676
012677
012678
012679
012680
012681
012682
012683
012684
012685
012686
012687
012688
012689
012690
012691
012692
012693
012695
012697
012698
012699
012701
012702
012703
012704
012706
012707
012708
012711
012712
012713
012715
012716
012717
012718
012719
012720
012721
012722
012723
012724
012725
012726
012727
012730
012731
012732
012733
012734
012735
012736
012738
012739
012740
012741
012742
012744
012745
012746
012748
012749
012750
012751
012752
012753
012755
012757
012758
012759
012760
012761
012762
012763
012765
012766
012767
012769
012770
012773
012774
012775
012776
012777
012778
012780
012782
012783
012784
012785
012786
012787
012788
012789
012790
012791
012792
012794
012795
012796
012797
012798
012799
012801
012802
012804
012805
012806
012807
012808
012809
012810
012811
012812
012813
012814
012815
012816
012817
012818
012819
012820
012823
012825
012826
012828
012829
012830
012831
012832
012834
012836
012837
012838
012839
012840
012841
012842
012843
012844
012845
012846
012847
012848
012850
012851
012852
012853
012854
012855
012856
012857
012858
012859
012860
012862
012863
012864
012865
012866
012867
012868
012869
012870
012872
012873
012874
012875
012876
012877
012879
012880
012881
012883
012884
012885
012886
012889
012890
012892
012893
012894
012895
012896
012897
012898
012899
012900
012901
012902
012903
012904
012906
012908
012910
012911
012912
012913
012915
012916
012918
012919
012920
012921
012922
012923
012924
012925
012926
012927
012928
012929
012930
012931
012932
012934
012935
012936
012937
012938
012940
012941
012942
012943
012944
012945
012946
012947
012948
012949
012950
012951
012952
012953
012954
012955
012957
012958
012959
012961
012962
012963
012964
012966
012967
012968
012970
012971
012974
012975
012977
012978
012979
012980
012982
012983
012984
012986
012987
012989
012990
012992
012993
012995
012996
012997
013001
013004
013005
013006
013007
013008
013009
013010
013011
013012
013013
013014
013015
013016
013018
013019
013021
013022
013023
013024
013025
013026
013027
013028
013029
013030
013032
013033
013035
013036
013037
013039
013040
013041
013042
013043
013044
013045
013046
013047
013048
013049
013050
013051
013052
013053
013054
013056
013058
013059
013060
013061
013062
013063
013064
013065
013066
013067
013068
013069
013070
013071
013072
013073
013074
013075
013076
013077
013078
013079
013080
013082
013084
013085
013088
013089
013090
013091
013092
013093
013096
013097
013098
013099
013100
013101
013102
013103
013106
013107
013109
013110
013111
013112
013113
013114
013115
013117
013118
013119
013120
013121
013122
013123
013124
013125
013126
013127
013128
013130
013131
013132
013133
013134
013135
013136
013137
013138
013139
013140
013141
013142
013143
013146
013147
013148
013149
013150
013154
013155
013156
013157
013158
013159
013160
013161
013162
013163
013165
013166
013167
013169
013170
013171
013172
013173
013174
013175
013177
013178
013179
013180
013181
013182
013183
013184
013185
013187
013189
013191
013193
013195
013197
013198
013199
013200
013201
013202
013203
013204
013205
013207
013208
013209
013210
013211
013212
013213
013214
013215
013216
013217
013218
013219
013220
013221
013222
013223
013225
013226
013229
013230
013231
013232
013233
013234
013235
013237
013238
013240
013242
013243
013246
013247
013248
013249
013250
013251
013253
013254
013255
013257
013258
013260
013261
013262
013263
013264
013265
013266
013269
013270
013272
013273
013274
013275
013276
013277
013278
013279
013280
013281
013282
013283
013284
013285
013287
013288
013289
013290
013291
013293
013294
013295
013296
013297
013298
013300
013301
013302
013303
013304
013305
013306
013307
013308
013309
013310
013311
013312
013313
013314
013317
013318
013320
013321
013322
013323
013324
013326
013329
013330
013331
013332
013334
013335
013336
013338
013339
013340
013341
013342
013344
013345
013346
013347
013348
013351
013352
013353
013354
013355
013357
013358
013359
013360
013361
013362
013364
013365
013366
013367
013368
013369
013370
013372
013373
013374
013375
013376
013377
013378
013379
013380
013381
013382
013383
013384
013386
013387
013388
013389
013390
013391
013392
013394
013395
013396
013397
013398
013399
013400
013402
013403
013404
013406
013407
013408
013409
013410
013411
013412
013413
013414
013415
013416
013418
013421
013422
013424
013425
013426
013427
013428
013429
013430
013433
013434
013435
013436
013437
013438
013439
013442
013443
013444
013445
013449
013451
013452
013453
013454
013455
013456
013458
013459
013460
013461
013462
013463
013464
013465
013468
013469
013470
013474
013475
013476
013477
013478
013479
013480
013481
013483
013484
013485
013486
013487
013488
013489
013491
013492
013493
013494
013495
013496
013497
013499
013500
013501
013503
013504
013505
013506
013507
013508
013509
013510
013511
013512
013513
013514
013515
013517
013518
013519
013521
013523
013524
013525
013526
013527
013528
013529
013531
013532
013533
013534
013535
013536
013538
013539
013540
013541
013542
013544
013545
013546
013547
013548
013549
013550
013552
013553
013554
013555
013556
013557
013558
013559
013560
013561
013562
013563
013564
013565
013566
013567
013568
013570
013571
013573
013574
013575
013576
013578
013579
013580
013581
013582
013584
013585
013588
013589
013591
013592
013593
013594
013595
013596
013597
013598
013599
013601
013602
013603
013606
013607
013608
013609
013610
013611
013613
013614
013617
013618
013620
013621
013623
013625
013626
013627
013628
013629
013630
013632
013633
013635
013637
013638
013639
013640
013641
013642
013644
013645
013646
013647
013650
013652
013653
013655
013656
013657
013658
013659
013660
013662
013663
013664
013665
013666
013667
013668
013671
013672
013673
013674
013675
013676
013677
013678
013679
013680
013681
013683
013685
013686
013687
013688
013689
013690
013691
013693
013694
013695
013696
013697
013698
013699
013700
013701
013702
013704
013705
013708
013709
013710
013712
013713
013714
013715
013716
013717
013719
013720
013721
013722
013725
013728
013729
013730
013732
013733
013734
013735
013736
013737
013738
013739
013740
013741
013742
013744
013745
013746
013747
013748
013749
013750
013751
013754
013756
013758
013759
013760
013761
013762
013764
013765
013766
013767
013768
013769
013770
013771
013772
013774
013776
013777
013778
013780
013781
013782
013783
013784
013785
013786
013787
013789
013790
013791
013792
013793
013794
013795
013796
013797
013798
013800
013801
013802
013803
013804
013805
013808
013809
013810
013811
013812
013813
013814
013815
013816
013818
013819
013821
013822
013824
013825
013827
013828
013829
013830
013831
013832
013833
013834
013835
013837
013838
013839
013840
013841
013842
013844
013845
013846
013847
013848
013849
013851
013852
013853
013854
013855
013856
013857
013858
013859
013860
013863
013864
013865
013866
013867
013869
013871
013872
013873
013874
013875
013876
013877
013879
013880
013881
013882
013883
013884
013885
013886
013887
013888
013889
013890
013891
013892
013893
013894
013895
013897
013899
013901
013902
013903
013904
013905
013906
013907
013908
013910
013911
013912
013914
013915
013916
013917
013919
013920
013921
013922
013923
013924
013926
013927
013928
013929
013930
013931
013932
013933
013934
013935
013936
013937
013938
013940
013941
013942
013943
013944
013945
013946
013947
013948
013949
013950
013952
013954
013956
013957
013958
013959
013960
013962
013965
013966
013967
013970
013971
013972
013974
013975
013976
013977
013979
013980
013981
013982
013983
013985
013986
013987
013988
013989
013990
013991
013992
013993
013994
013995
013996
013999
014000
014002
014003
014004
014005
014006
014007
014010
014011
014012
014013
014014
014015
014016
014017
014018
014019
014021
014022
014024
014026
014027
014028
014029
014030
014032
014033
014034
014035
014036
014037
014038
014039
014040
014041
014042
014044
014045
014046
014049
014050
014051
014052
014053
014056
014057
014058
014059
014060
014061
014062
014063
014066
014067
014068
014070
014071
014072
014073
014075
014076
014077
014078
014079
014080
014081
014082
014083
014084
014085
014086
014087
014088
014089
014090
014091
014092
014093
014095
014096
014097
014098
014099
014101
014102
014104
014105
014106
014108
014109
014110
014112
014113
014114
014115
014116
014117
014118
014119
014120
014121
014122
014123
014124
014125
014127
014129
014130
014133
014134
014135
014136
014138
014139
014141
014142
014143
014144
014145
014146
014148
014150
014151
014152
014154
014155
014157
014158
014159
014160
014161
014162
014164
014167
014168
014169
014170
014172
014173
014174
014176
014178
014179
014182
014183
014184
014185
014187
014188
014189
014190
014192
014193
014194
014195
014196
014198
014199
014200
014201
014203
014204
014205
014206
014207
014208
014209
014211
014212
014213
014215
014217
014220
014221
014223
014224
014226
014228
014229
014230
014231
014233
014234
014235
014236
014237
014238
014240
014241
014243
014244
014245
014246
014247
014250
014251
014252
014253
014254
014257
014259
014261
014262
014263
014264
014265
014266
014267
014269
014270
014271
014272
014273
014274
014275
014276
014277
014278
014279
014280
014281
014283
014284
014285
014286
014287
014289
014290
014291
014292
014293
014294
014295
014296
014297
014298
014299
014300
014301
014302
014303
014304
014305
014306
014308
014309
014310
014311
014312
014313
014314
014315
014318
014319
014320
014321
014322
014323
014325
014326
014328
014329
014330
014332
014333
014334
014335
014336
014338
014339
014340
014342
014343
014344
014345
014346
014347
014349
014350
014351
014352
014355
014358
014360
014361
014362
014363
014364
014365
014367
014368
014369
014370
014371
014372
014373
014374
014375
014376
014377
014380
014381
014382
014383
014384
014385
014386
014387
014388
014389
014390
014391
014392
014393
014395
014397
014399
014400
014401
014402
014403
014404
014408
014409
014410
014413
014414
014416
014417
014419
014420
014421
014422
014424
014425
014426
014427
014428
014429
014430
014431
014433
014435
014437
014438
014439
014441
014443
014444
014446
014447
014448
014449
014451
014452
014453
014457
014458
014460
014461
014462
014463
014464
014465
014466
014467
014468
014471
014472
014473
014476
014477
014481
014482
014483
014484
014485
014487
014488
014492
014493
014494
014495
014496
014498
014500
014502
014503
014504
014505
014506
014508
014509
014510
014511
014512
014514
014515
014516
014518
014519
014520
014521
014523
014524
014525
014527
014528
014529
014530
014532
014534
014535
014536
014537
014538
014539
014541
014542
014543
014544
014546
014547
014548
014551
014552
014553
014554
014555
014556
014559
014562
014563
014564
014565
014566
014568
014570
014571
014572
014574
014576
014577
014578
014579
014581
014582
014583
014585
014586
014587
014588
014589
014590
014591
014592
014593
014594
014595
014596
014598
014599
014600
014601
014602
014604
014605
014606
014608
014609
014610
014612
014613
014614
014615
014617
014620
014621
014622
014623
014625
014626
014627
014628
014629
014630
014631
014633
014634
014635
014636
014638
014640
014642
014643
014644
014645
014647
014648
014649
014650
014651
014652
014653
014654
014656
014657
014658
014661
014663
014664
014665
014666
014667
014668
014669
014670
014671
014672
014673
014674
014675
014676
014678
014679
014680
014682
014688
014689
014690
014691
014692
014693
014694
014695
014697
014698
014699
014700
014701
014702
014703
014704
014706
014707
014710
014711
014712
014713
014714
014715
014716
014717
014718
014719
014720
014721
014722
014723
014724
014725
014726
014727
014728
014729
014730
014731
014732
014733
014734
014738
014739
014740
014741
014742
014743
014745
014747
014748
014749
014750
014751
014752
014754
014755
014756
014757
014758
014759
014761
014762
014763
014764
014766
014769
014770
014771
014772
014773
014774
014775
014776
014777
014778
014779
014780
014781
014782
014783
014784
014785
014786
014787
014788
014789
014790
014791
014792
014793
014794
014795
014797
014799
014801
014802
014803
014804
014805
014806
014808
014809
014811
014812
014813
014814
014815
014816
014817
014818
014819
014821
014823
014824
014825
014826
014827
014828
014829
014830
014831
014832
014833
014836
014837
014838
014839
014840
014841
014842
014843
014844
014845
014847
014848
014851
014852
014853
014854
014855
014856
014858
014859
014860
014862
014863
014864
014865
014866
014867
014868
014869
014870
014871
014872
014874
014875
014876
014877
014878
014879
014880
014881
014883
014885
014888
014890
014891
014893
014894
014896
014897
014899
014900
014901
014903
014904
014905
014907
014909
014910
014911
014912
014913
014915
014916
014917
014918
014919
014920
014921
014922
014924
014925
014926
014927
014928
014929
014930
014931
014935
014936
014938
014939
014940
014941
014942
014943
014945
014946
014947
014948
014949
014950
014951
014952
014953
014954
014955
014956
014957
014959
014960
014962
014963
014965
014966
014967
014968
014969
014970
014972
014973
014974
014975
014976
014977
014978
014979
014980
014981
014982
014983
014985
014986
014987
014988
014989
014990
014992
014993
014994
014995
014996
014997
014998
014999
015000
015001
015002
015003
015004
015005
015006
015007
015008
015009
015010
015011
015014
015015
015016
015017
015018
015019
015021
015022
015023
015026
015027
015028
015029
015030
015032
015033
015034
015035
015036
015037
015038
015039
015040
015042
015043
015044
015045
015046
015047
015048
015050
015051
015054
015056
015057
015058
015059
015060
015061
015062
015064
015066
015067
015069
015070
015071
015072
015073
015075
015076
015078
015080
015081
015083
015085
015086
015087
015088
015089
015090
015091
015092
015093
015095
015096
015097
015100
015102
015104
015105
015106
015107
015108
015109
015110
015111
015112
015113
015115
015116
015117
015118
015119
015120
015121
015122
015123
015124
015125
015126
015127
015128
015129
015130
015131
015133
015134
015136
015137
015138
015139
015140
015141
015142
015143
015144
015145
015146
015147
015148
015149
015150
015151
015152
015154
015155
015156
015157
015158
015159
015160
015162
015163
015164
015165
015166
015167
015168
015169
015170
015171
015172
015173
015174
015175
015176
015178
015180
015181
015182
015183
015184
015185
015186
015187
015188
015189
015190
015191
015192
015193
015195
015196
015197
015198
015199
015200
015201
015202
015203
015204
015205
015206
015207
015208
015209
015211
015212
015213
015214
015215
015216
015217
015218
015221
015222
015223
015224
015225
015226
015227
015228
015229
015230
015231
015232
015233
015234
015236
015237
015238
015239
015240
015242
015243
015244
015247
015249
015250
015253
015254
015255
015256
015257
015258
015259
015260
015261
015262
015263
015264
015265
015267
015268
015269
015270
015272
015273
015276
015277
015278
015279
015281
015282
015283
015284
015286
015287
015288
015289
015290
015291
015292
015293
015294
015295
015297
015298
015299
015300
015301
015302
015303
015304
015305
015306
015308
015309
015310
015311
015312
015313
015314
015316
015320
015321
015323
015324
015325
015326
015327
015329
015331
015332
015333
015334
015335
015336
015337
015338
015339
015341
015342
015343
015344
015345
015347
015349
015350
015352
015353
015355
015356
015357
015358
015359
015361
015362
015363
015364
015365
015366
015370
015371
015372
015373
015374
015375
015376
015377
015378
015379
015380
015381
015382
015383
015384
015385
015386
015387
015388
015389
015393
015394
015397
015398
015399
015400
015403
015404
015405
015406
015408
015409
015410
015411
015412
015413
015414
015415
015416
015417
015418
015419
015420
015422
015423
015425
015426
015427
015428
015429
015430
015432
015433
015434
015435
015436
015437
015438
015440
015441
015443
015444
015445
015446
015447
015448
015449
015450
015451
015452
015454
015456
015457
015458
015459
015460
015461
015462
015465
015466
015469
015470
015471
015472
015475
015476
015477
015478
015479
015480
015481
015482
015483
015484
015485
015487
015488
015489
015490
015491
015492
015493
015495
015497
015499
015500
015501
015502
015504
015506
015507
015509
015510
015512
015513
015514
015515
015516
015517
015518
015520
015521
015522
015523
015524
015525
015526
015527
015528
015529
015530
015531
015532
015533
015534
015535
015537
015538
015539
015540
015541
015542
015543
015544
015545
015546
015547
015548
015550
015551
015553
015554
015555
015556
015559
015560
015561
015562
015563
015565
015566
015568
015569
015570
015571
015572
015573
015574
015575
015577
015578
015580
015581
015584
015585
015586
015587
015588
015589
015590
015591
015592
015593
015594
015595
015596
015597
015600
015602
015603
015604
015606
015608
015610
015611
015613
015615
015616
015618
015620
015621
015622
015623
015624
015625
015627
015629
015630
015631
015632
015633
015634
015635
015636
015637
015638
015639
015640
015642
015643
015644
015645
015646
015647
015648
015649
015650
015653
015655
015656
015657
015659
015660
015661
015662
015663
015664
015666
015668
015669
015670
015671
015672
015673
015675
015676
015677
015678
015679
015680
015681
015682
015683
015685
015688
015689
015690
015691
015692
015693
015694
015695
015696
015700
015701
015702
015703
015704
015705
015706
015707
015708
015709
015710
015711
015712
015715
015716
015717
015718
015719
015720
015721
015722
015723
015724
015725
015726
015727
015728
015729
015730
015732
015733
015734
015735
015736
015737
015740
015741
015742
015743
015744
015745
015746
015747
015748
015750
015752
015753
015754
015755
015756
015757
015758
015759
015760
015761
015762
015763
015764
015765
015766
015767
015768
015770
015771
015772
015773
015774
015775
015776
015777
015778
015779
015782
015784
015786
015788
015789
015790
015791
015792
015793
015794
015795
015797
015798
015799
015801
015802
015804
015806
015807
015808
015810
015811
015812
015813
015814
015816
015817
015818
015819
015820
015821
015822
015823
015824
015825
015826
015827
015828
015829
015830
015831
015832
015833
015834
015835
015836
015838
015839
015840
015841
015842
015843
015844
015846
015847
015848
015849
015850
015851
015853
015854
015855
015856
015857
015858
015859
015860
015862
015863
015865
015866
015867
015869
015870
015872
015873
015874
015875
015876
015878
015879
015880
015881
015882
015883
015885
015886
015887
015888
015889
015890
015891
015892
015893
015894
015895
015896
015897
015898
015900
015901
015902
015903
015904
015905
015906
015907
015908
015910
015911
015912
015913
015914
015915
015916
015917
015918
015919
015920
015921
015922
015923
015925
015927
015928
015930
015931
015932
015933
015934
015935
015937
015938
015940
015941
015942
015943
015944
015945
015946
015947
015948
015949
015950
015951
015952
015953
015955
015956
015957
015958
015959
015960
015962
015963
015964
015965
015966
015967
015968
015969
015970
015971
015973
015974
015975
015976
015977
015978
015979
015980
015981
015982
015983
015984
015985
015988
015989
015990
015991
015992
015993
015994
015995
015997
015999
016000
016001
016002
016003
016004
016005
016006
016007
016008
016011
016012
016013
016014
016015
016016
016017
016019
016020
016021
016023
016024
016025
016026
016027
016028
016029
016030
016032
016033
016034
016037
016038
016039
016040
016041
016042
016043
016044
016046
016047
016048
016049
016050
016051
016052
016053
016054
016055
016056
016057
016058
016059
016060
016061
016062
016063
016064
016065
016066
016067
016068
016069
016070
016071
016072
016073
016074
016075
016076
016077
016078
016079
016080
016081
016082
016083
016084
016085
016086
016087
016088
016089
016090
016091
016092
016093
016094
016095
016097
016098
016099
016100
016101
016102
016103
016104
016105
016106
016107
016108
016110
016111
016112
016114
016115
016116
016119
016120
016121
016122
016123
016124
016126
016127
016128
016129
016131
016132
016133
016134
016135
016136
016137
016138
016139
016141
016142
016144
016145
016146
016147
016148
016149
016150
016151
016152
016153
016154
016155
016157
016159
016160
016161
016162
016164
016165
016166
016167
016169
016170
016171
016172
016173
016175
016176
016177
016178
016179
016180
016181
016182
016183
016184
016185
016186
016187
016188
016189
016190
016191
016192
016193
016194
016195
016196
016197
016199
016200
016201
016204
016205
016207
016208
016209
016210
016212
016213
016214
016215
016216
016217
016218
016221
016222
016225
016226
016227
016228
016229
016230
016231
016232
016233
016234
016235
016236
016237
016238
016239
016240
016241
016242
016243
016244
016245
016246
016247
016248
016250
016252
016254
016255
016257
016258
016259
016260
016261
016262
016263
016264
016265
016266
016267
016268
016269
016270
016271
016272
016274
016276
016277
016278
016279
016280
016282
016283
016284
016285
016286
016287
016288
016289
016290
016291
016292
016293
016294
016295
016296
016298
016299
016300
016301
016304
016305
016306
016307
016309
016310
016311
016312
016313
016314
016315
016316
016317
016318
016319
016320
016322
016324
016325
016326
016327
016328
016329
016331
016333
016334
016335
016336
016337
016338
016340
016342
016343
016344
016345
016346
016347
016348
016349
016351
016352
016353
016354
016355
016356
016358
016360
016361
016362
016363
016364
016365
016367
016368
016369
016370
016371
016372
016373
016374
016375
016376
016377
016378
016380
016381
016382
016383
016384
016385
016386
016387
016388
016389
016390
016391
016392
016393
016394
016395
016396
016397
016398
016399
016400
016401
016402
016403
016404
016405
016407
016409
016411
016413
016415
016416
016417
016418
016419
016421
016422
016424
016425
016427
016428
016429
016430
016431
016432
016433
016434
016436
016437
016438
016439
016440
016441
016442
016444
016448
016449
016450
016451
016452
016455
016456
016457
016459
016460
016461
016462
016463
016464
016465
016467
016468
016469
016470
016471
016472
016473
016474
016476
016477
016478
016480
016481
016485
016486
016488
016489
016490
016491
016492
016494
016495
016496
016498
016499
016500
016501
016503
016504
016505
016507
016508
016509
016513
016514
016515
016516
016517
016518
016519
016520
016521
016524
016526
016528
016530
016531
016532
016533
016534
016535
016539
016540
016541
016542
016544
016545
016546
016547
016548
016550
016551
016552
016553
016554
016555
016557
016558
016559
016560
016561
016562
016563
016564
016565
016566
016567
016568
016569
016570
016571
016572
016573
016574
016575
016577
016578
016579
016580
016581
016582
016583
016588
016589
016591
016592
016593
016594
016595
016597
016599
016600
016601
016602
016603
016604
016605
016608
016609
016610
016611
016612
016613
016614
016615
016616
016620
016621
016622
016623
016625
016626
016629
016632
016633
016634
016635
016636
016637
016639
016640
016641
016644
016646
016647
016648
016649
016650
016651
016652
016653
016654
016655
016656
016657
016658
016659
016660
016661
016662
016663
016664
016665
016666
016668
016669
016670
016672
016673
016674
016675
016678
016679
016681
016682
016683
016684
016685
016686
016687
016688
016690
016691
016692
016693
016694
016695
016696
016697
016699
016701
016703
016704
016707
016709
016710
016713
016715
016716
016717
016718
016719
016720
016721
016722
016723
016724
016725
016726
016727
016728
016729
016730
016731
016732
016733
016734
016735
016737
016738
016739
016740
016741
016742
016743
016744
016745
016746
016747
016748
016749
016751
016752
016753
016754
016756
016757
016758
016759
016760
016761
016762
016763
016764
016765
016766
016768
016769
016770
016771
016772
016773
016774
016775
016776
016777
016779
016780
016782
016783
016784
016785
016786
016787
016788
016789
016790
016791
016792
016793
016795
016796
016797
016799
016800
016801
016802
016804
016806
016808
016809
016810
016812
016814
016816
016818
016820
016821
016822
016825
016826
016827
016828
016830
016832
016834
016835
016836
016837
016838
016839
016840
016841
016842
016843
016844
016845
016846
016848
016850
016851
016853
016856
016857
016858
016859
016860
016861
016862
016864
016865
016866
016868
016869
016874
016875
016876
016877
016878
016879
016880
016881
016883
016884
016885
016886
016889
016890
016891
016892
016893
016896
016897
016898
016901
016905
016906
016907
016908
016910
016911
016912
016914
016915
016916
016917
016920
016921
016924
016925
016926
016930
016931
016933
016934
016936
016937
016938
016939
016940
016941
016943
016944
016945
016946
016947
016948
016949
016950
016951
016952
016953
016954
016955
016956
016957
016958
016959
016960
016961
016962
016963
016964
016965
016966
016969
016970
016972
016974
016975
016976
016977
016978
016979
016980
016981
016983
016984
016985
016986
016987
016988
016990
016991
016992
016993
016996
016997
016998
016999
017000
017002
017003
017004
017005
017006
017009
017010
017011
017012
017013
017014
017015
017016
017018
017019
017020
017022
017024
017025
017027
017028
017029
017031
017032
017033
017035
017036
017038
017039
017040
017041
017042
017044
017045
017047
017049
017051
017052
017053
017056
017059
017060
017061
017062
017063
017065
017066
017067
017068
017069
017070
017071
017072
017073
017074
017075
017076
017078
017079
017080
017081
017083
017084
017085
017086
017087
017088
017089
017092
017094
017096
017097
017098
017099
017100
017101
017102
017103
017104
017105
017106
017107
017108
017109
017111
017114
017116
017117
017118
017119
017120
017121
017122
017123
017124
017125
017126
017128
017129
017130
017131
017132
017133
017134
017136
017137
017138
017139
017140
017141
017142
017145
017147
017149
017150
017151
017152
017153
017154
017155
017156
017158
017160
017163
017164
017165
017167
017168
017169
017170
017171
017172
017173
017174
017175
017176
017177
017178
017180
017181
017182
017183
017184
017185
017186
017187
017189
017190
017191
017192
017193
017194
017196
017197
017198
017201
017202
017204
017205
017206
017207
017208
017210
017211
017212
017213
017214
017215
017216
017217
017218
017219
017220
017221
017222
017223
017224
017225
017226
017231
017232
017233
017234
017236
017237
017239
017240
017242
017244
017247
017249
017250
017251
017253
017254
017255
017256
017257
017258
017259
017260
017261
017263
017264
017265
017268
017269
017270
017272
017273
017274
017275
017278
017280
017281
017282
017283
017284
017285
017286
017287
017288
017290
017291
017292
017294
017295
017296
017297
017299
017300
017301
017302
017303
017305
017306
017307
017308
017309
017310
017311
017313
017314
017315
017317
017318
017319
017320
017321
017322
017323
017324
017325
017326
017327
017328
017331
017332
017334
017335
017336
017337
017338
017339
017340
017341
017342
017343
017344
017345
017348
017349
017350
017351
017353
017354
017355
017356
017357
017358
017359
017361
017362
017363
017364
017365
017366
017369
017370
017371
017372
017373
017374
017375
017376
017377
017378
017379
017380
017381
017382
017385
017386
017387
017388
017390
017391
017392
017393
017394
017396
017397
017398
017399
017401
017403
017404
017405
017407
017408
017410
017411
017412
017413
017414
017415
017416
017417
017418
017419
017420
017421
017422
017423
017425
017426
017427
017428
017429
017430
017431
017435
017436
017437
017440
017442
017443
017444
017445
017446
017447
017448
017449
017450
017453
017454
017455
017456
017457
017458
017459
017460
017462
017463
017464
017465
017466
017467
017468
017469
017470
017471
017472
017473
017474
017475
017476
017477
017478
017479
017480
017482
017483
017484
017485
017486
017487
017488
017490
017491
017492
017493
017494
017495
017496
017497
017499
017500
017501
017502
017503
017504
017505
017507
017508
017509
017510
017511
017512
017514
017515
017516
017517
017518
017520
017521
017522
017523
017524
017525
017526
017527
017528
017530
017531
017532
017533
017535
017537
017538
017539
017540
017541
017542
017543
017545
017546
017548
017549
017552
017554
017555
017556
017557
017558
017560
017562
017563
017564
017566
017567
017568
017570
017572
017573
017576
017577
017578
017579
017580
017581
017582
017583
017584
017585
017586
017589
017591
017594
017596
017597
017598
017600
017601
017602
017603
017605
017607
017608
017609
017610
017612
017613
017614
017616
017620
017621
017623
017624
017625
017626
017627
017629
017630
017631
017632
017633
017634
017638
017639
017640
017641
017642
017643
017644
017645
017646
017647
017648
017650
017651
017652
017653
017654
017655
017656
017657
017658
017659
017660
017661
017662
017663
017664
017665
017666
017667
017668
017669
017670
017671
017672
017673
017674
017675
017678
017679
017680
017681
017682
017684
017685
017686
017687
017690
017691
017692
017694
017695
017696
017697
017698
017699
017700
017701
017702
017703
017705
017707
017708
017709
017710
017711
017712
017713
017714
017716
017717
017718
017721
017722
017723
017725
017727
017728
017729
017730
017731
017733
017734
017735
017736
017737
017738
017740
017741
017742
017743
017744
017745
017746
017747
017748
017750
017751
017752
017753
017754
017755
017756
017758
017761
017762
017764
017765
017766
017767
017768
017769
017770
017772
017773
017775
017776
017777
017778
017779
017780
017781
017782
017783
017784
017785
017787
017788
017789
017790
017792
017793
017794
017795
017798
017800
017802
017803
017805
017806
017808
017810
017811
017812
017813
017814
017816
017817
017818
017819
017820
017822
017823
017824
017825
017826
017827
017828
017829
017830
017831
017832
017833
017835
017836
017837
017839
017840
017841
017842
017843
017844
017845
017846
017848
017849
017850
017851
017852
017855
017856
017857
017858
017860
017861
017862
017863
017864
017865
017866
017867
017868
017869
017871
017872
017873
017875
017876
017877
017878
017879
017880
017881
017882
017883
017885
017886
017887
017888
017889
017890
017891
017892
017893
017896
017897
017898
017900
017902
017903
017904
017905
017906
017907
017908
017909
017910
017911
017912
017913
017915
017916
017917
017918
017919
017920
017921
017922
017923
017924
017925
017926
017927
017928
017932
017935
017936
017938
017939
017940
017941
017942
017943
017947
017949
017950
017952
017953
017954
017955
017958
017959
017961
017962
017964
017965
017967
017968
017970
017971
017972
017973
017974
017976
017978
017980
017981
017982
017983
017984
017985
017986
017988
017989
017990
017991
017993
017994
017995
017996
017998
017999
018000
018001
018002
018003
018004
018005
018006
018007
018008
018009
018010
018011
018012
018013
018014
018015
018016
018017
018019
018020
018021
018022
018023
018024
018025
018026
018029
018030
018032
018033
018034
018035
018036
018037
018038
018039
018040
018041
018042
018043
018044
018045
018046
018047
018048
018049
018050
018051
018052
018053
018056
018057
018058
018059
018061
018062
018063
018064
018065
018066
018067
018068
018070
018071
018072
018073
018074
018075
018076
018077
018078
018079
018080
018081
018082
018083
018084
018085
018086
018087
018088
018089
018091
018092
018093
018094
018096
018097
018098
018099
018101
018102
018103
018104
018105
018106
018107
018108
018111
018113
018115
018116
018117
018118
018120
018121
018122
018123
018124
018125
018126
018127
018128
018129
018130
018132
018133
018134
018135
018136
018137
018138
018139
018140
018141
018142
018143
018144
018145
018146
018147
018148
018149
018150
018151
018152
018154
018155
018156
018157
018158
018159
018160
018161
018162
018163
018164
018165
018167
018168
018170
018172
018173
018174
018175
018176
018177
018178
018179
018181
018182
018184
018185
018187
018188
018189
018190
018191
018192
018193
018194
018195
018198
018199
018200
018201
018202
018203
018205
018206
018207
018208
018209
018210
018211
018212
018213
018214
018215
018217
018218
018220
018225
018226
018227
018229
018230
018231
018233
018234
018235
018236
018237
018239
018241
018242
018243
018244
018246
018247
018248
018249
018251
018252
018255
018256
018257
018258
018259
018260
018262
018263
018264
018267
018268
018269
018271
018272
018273
018274
018275
018277
018278
018279
018280
018281
018282
018283
018284
018285
018287
018288
018290
018291
018292
018293
018294
018295
018296
018297
018298
018299
018301
018307
018308
018309
018310
018311
018312
018313
018314
018315
018316
018317
018318
018319
018320
018322
018325
018326
018328
018329
018330
018331
018332
018334
018335
018336
018337
018338
018340
018341
018343
018344
018345
018346
018347
018348
018349
018351
018352
018354
018355
018356
018357
018358
018360
018361
018363
018364
018365
018366
018367
018368
018369
018370
018373
018375
018376
018377
018378
018380
018382
018383
018384
018385
018386
018387
018388
018389
018390
018391
018392
018393
018394
018395
018396
018397
018398
018399
018400
018401
018403
018404
018405
018406
018407
018408
018409
018410
018411
018412
018414
018415
018416
018419
018420
018421
018422
018423
018424
018425
018426
018427
018428
018429
018433
018434
018436
018437
018438
018440
018441
018442
018443
018444
018445
018446
018447
018448
018450
018451
018452
018454
018455
018456
018457
018458
018460
018461
018462
018463
018464
018466
018467
018468
018469
018470
018471
018473
018474
018475
018476
018477
018479
018480
018481
018482
018483
018485
018486
018487
018488
018489
018490
018491
018492
018493
018494
018495
018496
018497
018498
018500
018501
018502
018503
018504
018505
018506
018507
018508
018510
018512
018513
018514
018515
018516
018517
018520
018521
018522
018523
018524
018525
018526
018527
018528
018529
018530
018531
018533
018534
018535
018536
018537
018539
018540
018541
018542
018543
018544
018545
018546
018548
018549
018550
018551
018552
018553
018554
018555
018556
018557
018558
018560
018561
018562
018563
018565
018566
018567
018569
018570
018571
018572
018573
018574
018575
018577
018578
018579
018580
018581
018582
018583
018584
018585
018587
018588
018589
018590
018592
018593
018594
018596
018598
018599
018600
018601
018603
018604
018605
018606
018607
018608
018609
018610
018611
018612
018614
018615
018616
018617
018618
018619
018620
018621
018622
018624
018625
018626
018627
018628
018629
018630
018631
018632
018634
018636
018637
018638
018639
018640
018641
018642
018643
018644
018645
018646
018647
018648
018649
018650
018651
018652
018653
018654
018655
018656
018657
018659
018660
018661
018662
018663
018664
018665
018666
018667
018668
018669
018670
018672
018673
018675
018676
018677
018678
018679
018680
018682
018684
018686
018687
018688
018689
018690
018691
018693
018694
018695
018698
018699
018700
018701
018702
018703
018704
018705
018707
018708
018709
018711
018712
018713
018714
018715
018716
018717
018718
018719
018720
018721
018722
018723
018724
018725
018726
018727
018728
018729
018730
018731
018732
018733
018734
018736
018737
018738
018739
018740
018741
018742
018743
018744
018747
018748
018749
018750
018751
018752
018754
018755
018756
018757
018759
018761
018762
018763
018764
018765
018766
018767
018768
018770
018771
018772
018773
018775
018776
018777
018778
018779
018780
018781
018782
018784
018786
018788
018789
018790
018791
018792
018793
018794
018796
018797
018798
018799
018800
018801
018802
018803
018804
018805
018806
018807
018808
018809
018810
018811
018812
018813
018815
018816
018817
018818
018820
018821
018822
018823
018825
018829
018831
018832
018833
018834
018835
018836
018837
018838
018839
018840
018841
018842
018843
018845
018846
018847
018848
018849
018850
018851
018852
018854
018855
018856
018857
018858
018859
018860
018861
018862
018863
018864
018865
018866
018867
018868
018869
018870
018871
018872
018873
018874
018876
018877
018878
018879
018881
018882
018883
018884
018885
018886
018887
018888
018889
018890
018891
018892
018893
018894
018895
018896
018897
018898
018901
018902
018903
018904
018905
018907
018909
018911
018913
018916
018917
018919
018920
018921
018922
018923
018924
018925
018926
018927
018928
018930
018931
018932
018933
018934
018935
018936
018937
018938
018939
018940
018941
018942
018943
018944
018945
018946
018947
018948
018950
018952
018953
018954
018955
018956
018957
018959
018960
018961
018962
018964
018966
018967
018968
018969
018970
018972
018973
018974
018975
018976
018977
018980
018981
018982
018984
018985
018986
018988
018989
018991
018992
018993
018994
018995
018996
018998
018999
019000
019001
019002
019003
019004
019005
019006
019007
019008
019010
019011
019012
019013
019014
019015
019016
019017
019018
019020
019021
019022
019023
019024
019025
019026
019027
019028
019029
019030
019031
019032
019033
019034
019035
019036
019037
019039
019041
019042
019043
019044
019047
019048
019049
019050
019051
019052
019053
019054
019055
019056
019057
019060
019061
019062
019063
019064
019066
019067
019068
019069
019070
019071
019072
019074
019076
019077
019078
019079
019080
019081
019082
019083
019084
019086
019087
019088
019089
019090
019091
019093
019094
019095
019096
019097
019098
019099
019100
019101
019102
019105
019106
019107
019108
019109
019110
019111
019112
019113
019114
019115
019117
019118
019119
019120
019121
019122
019125
019126
019127
019128
019129
019130
019131
019132
019133
019134
019136
019137
019138
019139
019140
019142
019145
019146
019147
019148
019149
019152
019154
019156
019157
019158
019160
019161
019162
019163
019164
019165
019167
019169
019170
019171
019172
019173
019176
019177
019179
019180
019181
019182
019183
019184
019185
019186
019187
019188
019189
019191
019192
019193
019194
019195
019196
019197
019198
019199
019200
019201
019202
019203
019204
019205
019207
019208
019209
019211
019212
019213
019214
019215
019216
019217
019218
019219
019220
019221
019222
019223
019224
019225
019226
019227
019228
019229
019230
019231
019232
019233
019234
019235
019236
019237
019240
019241
019242
019243
019245
019247
019249
019251
019252
019253
019254
019255
019256
019257
019258
019259
019260
019262
019263
019264
019266
019267
019268
019269
019270
019271
019273
019274
019275
019276
019277
019279
019280
019281
019282
019283
019284
019285
019286
019287
019288
019290
019291
019292
019293
019295
019296
019297
019300
019301
019302
019303
019304
019306
019307
019309
019310
019311
019312
019314
019315
019316
019317
019318
019319
019320
019321
019322
019323
019324
019325
019327
019329
019330
019331
019332
019333
019334
019335
019336
019337
019338
019340
019341
019342
019343
019344
019345
019346
019347
019348
019349
019350
019351
019352
019353
019355
019356
019358
019359
019360
019361
019362
019364
019365
019366
019367
019369
019370
019371
019372
019373
019374
019376
019377
019378
019379
019380
019381
019384
019385
019386
019387
019388
019390
019391
019392
019393
019396
019398
019399
019400
019401
019403
019404
019405
019406
019407
019409
019410
019412
019413
019415
019416
019417
019418
019419
019420
019421
019422
019423
019424
019425
019426
019427
019428
019429
019430
019431
019432
019433
019434
019435
019436
019437
019438
019439
019440
019441
019442
019443
019444
019445
019446
019447
019448
019449
019450
019451
019452
019453
019454
019455
019456
019458
019459
019461
019462
019463
019464
019466
019467
019468
019470
019472
019475
019476
019477
019478
019479
019480
019481
019482
019483
019484
019485
019486
019487
019488
019489
019490
019491
019492
019493
019494
019495
019496
019498
019499
019500
019501
019502
019503
019504
019505
019507
019508
019510
019511
019512
019513
019514
019515
019516
019517
019519
019520
019521
019522
019523
019525
019526
019527
019528
019529
019530
019532
019533
019534
019535
019536
019537
019538
019539
019540
019543
019544
019545
019546
019547
019548
019549
019550
019551
019552
019553
019554
019557
019558
019559
019561
019562
019563
019564
019565
019568
019569
019570
019571
019572
019573
019574
019575
019577
019579
019581
019582
019587
019590
019591
019593
019594
019595
019596
019598
019600
019601
019602
019603
019605
019606
019607
019608
019609
019610
019611
019612
019614
019617
019618
019619
019620
019621
019622
019623
019624
019625
019626
019627
019628
019629
019630
019631
019633
019634
019635
019636
019637
019638
019639
019640
019641
019642
019644
019645
019646
019647
019648
019649
019650
019651
019653
019656
019658
019660
019661
019662
019663
019664
019665
019666
019667
019669
019670
019671
019672
019673
019675
019677
019678
019679
019680
019682
019683
019684
019685
019687
019688
019689
019690
019692
019693
019694
019697
019699
019700
019701
019702
019703
019704
019705
019706
019707
019708
019709
019710
019711
019715
019716
019717
019718
019720
019721
019722
019723
019724
019725
019726
019727
019728
019729
019730
019731
019733
019735
019736
019737
019738
019739
019740
019741
019743
019744
019745
019747
019749
019750
019753
019754
019755
019756
019757
019758
019760
019762
019763
019764
019766
019767
019768
019769
019770
019771
019772
019773
019774
019775
019776
019777
019778
019780
019781
019782
019783
019784
019785
019786
019787
019788
019791
019792
019793
019795
019796
019797
019798
019799
019800
019801
019803
019804
019805
019807
019809
019810
019812
019813
019814
019815
019816
019817
019818
019820
019821
019823
019825
019827
019828
019829
019830
019831
019832
019833
019834
019836
019837
019838
019839
019841
019842
019843
019844
019845
019846
019848
019849
019850
019853
019854
019855
019856
019857
019858
019859
019860
019861
019862
019863
019864
019865
019866
019868
019869
019870
019871
019872
019873
019875
019876
019877
019878
019880
019882
019883
019884
019885
019886
019887
019888
019889
019891
019892
019893
019895
019896
019897
019898
019899
019900
019901
019902
019903
019905
019907
019908
019909
019910
019911
019912
019913
019915
019916
019917
019918
019919
019921
019922
019923
019924
019926
019927
019928
019929
019931
019933
019934
019935
019937
019938
019939
019940
019941
019942
019943
019944
019945
019946
019947
019949
019950
019951
019952
019953
019954
019955
019956
019958
019959
019960
019961
019962
019963
019964
019965
019966
019968
019969
019970
019971
019972
019975
019976
019977
019978
019979
019980
019981
019982
019983
019984
019985
019988
019989
019990
019992
019993
019994
019995
019996
019997
020000
020001
020002
020003
020004
020006
020007
020008
020010
020011
020012
020015
020016
020018
020019
020020
020021
020022
020023
020024
020026
020027
020028
020029
020030
020032
020034
020035
020038
020040
020041
020043
020044
020045
020046
020048
020049
020053
020054
020055
020057
020058
020059
020061
020062
020063
020064
020065
020066
020067
020068
020069
020071
020073
020074
020076
020078
020080
020082
020083
020084
020085
020086
020087
020088
020089
020090
020091
020092
020093
020094
020096
020099
020101
020102
020103
020104
020105
020107
020108
020109
020110
020112
020113
020114
020116
020117
020118
020120
020122
020123
020124
020125
020127
020128
020129
020130
020132
020133
020134
020136
020137
020138
020139
020140
020142
020143
020144
020145
020146
020147
020148
020149
020150
020151
020152
020153
020155
020156
020157
020158
020159
020160
020161
020162
020163
020165
020168
020169
020170
020171
020172
020175
020176
020177
020178
020180
020182
020183
020184
020185
020187
020188
020189
020191
020192
020193
020194
020195
020196
020197
020198
020199
020200
020201
020202
020203
020204
020205
020206
020207
020209
020210
020211
020214
020216
020217
020218
020220
020221
020222
020223
020224
020226
020227
020228
020229
020230
020231
020232
020233
020234
020235
020236
020237
020238
020239
020240
020241
020242
020243
020244
020245
020247
020249
020252
020253
020254
020255
020256
020258
020259
020260
020261
020265
020266
020267
020268
020269
020270
020272
020273
020274
020275
020276
020277
020278
020279
020280
020283
020284
020286
020288
020289
020290
020291
020292
020293
020294
020295
020296
020297
020298
020299
020300
020301
020302
020303
020304
020305
020307
020309
020311
020312
020313
020316
020317
020318
020319
020320
020321
020323
020324
020325
020326
020327
020328
020330
020331
020332
020333
020334
020338
020341
020342
020344
020345
020346
020347
020348
020349
020350
020352
020353
020355
020356
020357
020358
020359
020360
020361
020362
020363
020364
020365
020366
020367
020368
020369
020370
020372
020373
020374
020375
020377
020379
020381
020382
020383
020384
020385
020386
020387
020388
020389
020390
020391
020392
020393
020394
020395
020396
020397
020398
020399
020401
020402
020403
020404
020405
020406
020408
020409
020410
020411
020412
020413
020416
020417
020418
020419
020420
020421
020423
020424
020425
020427
020428
020429
020430
020431
020432
020433
020434
020438
020439
020440
020441
020442
020445
020446
020447
020448
020449
020450
020451
020454
020455
020456
020457
020459
020460
020461
020463
020465
020466
020467
020468
020469
020471
020472
020473
020474
020475
020476
020477
020479
020480
020481
020482
020483
020484
020485
020486
020487
020488
020489
020490
020491
020492
020494
020495
020496
020497
020498
020499
020500
020502
020503
020504
020505
020506
020507
020510
020511
020512
020513
020514
020515
020516
020517
020520
020521
020522
020523
020524
020525
020526
020529
020530
020531
020532
020533
020536
020537
020538
020539
020540
020541
020542
020543
020544
020545
020546
020547
020548
020549
020550
020551
020552
020553
020554
020555
020556
020557
020558
020560
020561
020562
020563
020564
020565
020566
020567
020568
020569
020570
020571
020572
020573
020574
020575
020576
020577
020578
020579
020582
020583
020584
020585
020586
020587
020589
020590
020592
020593
020594
020595
020596
020597
020598
020599
020600
020601
020603
020604
020605
020606
020607
020608
020609
020610
020611
020612
020613
020614
020615
020616
020617
020618
020619
020620
020621
020622
020624
020626
020627
020628
020629
020630
020631
020632
020633
020634
020635
020636
020637
020638
020639
020640
020641
020642
020643
020644
020645
020646
020647
020648
020649
020650
020652
020653
020654
020655
020656
020657
020658
020660
020661
020662
020664
020666
020668
020669
020670
020671
020672
020674
020675
020678
020680
020681
020682
020683
020684
020685
020686
020687
020688
020689
020691
020692
020694
020695
020696
020697
020700
020702
020703
020704
020706
020707
020708
020709
020710
020711
020712
020713
020714
020715
020716
020717
020718
020720
020721
020722
020724
020725
020726
020727
020728
020729
020731
020732
020734
020735
020736
020738
020739
020741
020742
020743
020744
020745
020746
020748
020749
020750
020751
020752
020753
020754
020755
020757
020758
020759
020760
020763
020764
020765
020766
020767
020768
020769
020770
020771
020772
020773
020774
020775
020776
020777
020778
020779
020781
020783
020784
020786
020787
020788
020790
020791
020792
020793
020794
020795
020796
020797
020798
020799
020800
020801
020802
020803
020804
020805
020806
020807
020808
020810
020811
020812
020814
020815
020816
020817
020818
020820
020821
020822
020823
020824
020825
020826
020827
020828
020829
020830
020833
020834
020835
020836
020837
020838
020840
020841
020842
020843
020844
020845
020846
020848
020849
020850
020851
020853
020854
020855
020856
020857
020858
020859
020861
020862
020863
020864
020865
020867
020870
020872
020873
020875
020876
020877
020880
020881
020882
020883
020885
020886
020887
020888
020890
020891
020892
020893
020894
020895
020896
020899
020900
020901
020903
020904
020905
020906
020907
020908
020909
020910
020911
020913
020914
020916
020918
020919
020921
020922
020923
020924
020925
020926
020927
020928
020929
020930
020931
020933
020935
020937
020938
020939
020940
020941
020942
020943
020944
020945
020946
020947
020948
020949
020953
020954
020955
020956
020957
020958
020959
020960
020961
020963
020964
020966
020967
020968
020969
020970
020971
020972
020974
020975
020976
020977
020978
020980
020981
020982
020983
020984
020986
020987
020988
020989
020991
020992
020993
020995
020997
020998
021000
021001
021002
021003
021004
021005
021006
021007
021008
021010
021011
021012
021013
021014
021015
021016
021017
021018
021019
021020
021021
021022
021024
021025
021026
021027
021028
021029
021030
021031
021032
021034
021036
021037
021038
021040
021041
021042
021043
021044
021046
021048
021049
021050
021051
021052
021053
021054
021055
021056
021057
021058
021059
021060
021064
021065
021066
021067
021068
021070
021071
021072
021073
021074
021075
021077
021079
021081
021082
021083
021084
021085
021086
021087
021089
021090
021091
021092
021093
021094
021095
021096
021097
021098
021099
021100
021101
021102
021103
021104
021107
021108
021109
021110
021111
021112
021113
021114
021115
021116
021117
021118
021119
021121
021122
021123
021124
021125
021127
021129
021130
021131
021132
021134
021135
021136
021137
021138
021139
021141
021142
021143
021145
021146
021147
021148
021149
021150
021151
021152
021153
021154
021155
021157
021158
021159
021160
021161
021162
021163
021165
021166
021167
021168
021170
021171
021172
021173
021176
021177
021179
021180
021181
021182
021184
021186
021187
021188
021189
021190
021191
021192
021194
021195
021196
021197
021199
021200
021202
021203
021204
021205
021206
021208
021209
021210
021211
021212
021213
021214
021215
021216
021219
021220
021222
021225
021227
021228
021229
021230
021231
021232
021233
021234
021235
021237
021238
021239
021241
021242
021243
021244
021245
021246
021248
021249
021251
021252
021253
021254
021255
021256
021257
021259
021260
021261
021262
021263
021265
021266
021267
021268
021270
021271
021273
021275
021276
021277
021278
021279
021280
021281
021282
021283
021285
021286
021287
021288
021290
021291
021292
021293
021294
021295
021296
021300
021301
021302
021303
021305
021306
021307
021308
021310
021311
021312
021313
021314
021315
021317
021318
021319
021320
021322
021323
021325
021326
021327
021329
021330
021332
021333
021334
021335
021337
021338
021339
021340
021341
021342
021343
021344
021345
021346
021347
021348
021350
021351
021352
021353
021355
021356
021357
021358
021359
021360
021361
021362
021363
021364
021365
021366
021367
021368
021369
021370
021371
021372
021373
021374
021376
021377
021378
021379
021382
021383
021384
021385
021386
021387
021388
021389
021390
021391
021392
021393
021395
021396
021400
021401
021402
021403
021404
021405
021406
021407
021408
021410
021411
021413
021414
021415
021416
021417
021418
021420
021421
021422
021423
021424
021425
021426
021427
021428
021429
021430
021432
021434
021435
021436
021438
021439
021440
021441
021442
021443
021444
021445
021446
021447
021448
021449
021450
021451
021452
021453
021454
021455
021456
021458
021459
021460
021465
021466
021467
021468
021469
021470
021472
021475
021476
021478
021480
021484
021488
021489
021490
021492
021493
021494
021495
021496
021497
021498
021500
021502
021503
021505
021506
021508
021510
021511
021513
021514
021515
021517
021518
021519
021520
021521
021522
021524
021525
021526
021527
021528
021529
021530
021532
021534
021535
021536
021537
021539
021540
021541
021542
021544
021545
021546
021548
021549
021550
021551
021552
021553
021556
021557
021558
021561
021563
021564
021565
021567
021568
021569
021570
021571
021572
021573
021574
021575
021577
021578
021579
021580
021581
021582
021583
021584
021585
021588
021589
021590
021591
021592
021593
021594
021595
021596
021597
021598
021599
021600
021601
021603
021604
021605
021606
021607
021609
021610
021611
021612
021613
021614
021615
021616
021617
021618
021619
021621
021622
021623
021624
021625
021627
021628
021629
021630
021632
021633
021634
021635
021636
021637
021638
021639
021640
021641
021642
021643
021644
021645
021647
021648
021649
021651
021653
021654
021655
021656
021658
021659
021660
021661
021662
021663
021665
021666
021668
021669
021670
021671
021673
021674
021676
021678
021679
021680
021681
021682
021683
021684
021686
021690
021691
021692
021693
021695
021696
021697
021699
021700
021701
021702
021703
021704
021705
021706
021707
021708
021709
021710
021712
021713
021714
021715
021716
021718
021719
021720
021721
021722
021723
021724
021726
021727
021728
021729
021730
021731
021733
021734
021735
021736
021737
021738
021740
021741
021743
021744
021745
021746
021747
021748
021749
021750
021751
021752
021753
021754
021755
021757
021758
021759
021760
021761
021763
021764
021765
021766
021768
021772
021773
021774
021775
021776
021777
021778
021782
021784
021785
021786
021787
021788
021790
021791
021792
021793
021794
021797
021798
021800
021801
021802
021803
021805
021806
021807
021808
021810
021811
021812
021813
021814
021815
021816
021817
021819
021820
021821
021822
021823
021824
021825
021826
021827
021828
021829
021830
021831
021832
021833
021834
021835
021836
021837
021840
021841
021842
021843
021844
021846
021847
021848
021849
021850
021851
021852
021854
021855
021856
021857
021858
021859
021861
021863
021864
021865
021866
021867
021868
021869
021870
021871
021872
021873
021874
021875
021877
021878
021879
021880
021882
021883
021884
021885
021887
021888
021889
021890
021891
021892
021893
021894
021895
021896
021897
021898
021899
021900
021901
021902
021903
021904
021905
021906
021907
021908
021909
021910
021911
021912
021913
021915
021916
021917
021918
021919
021920
021922
021923
021924
021925
021926
021927
021928
021929
021930
021932
021933
021936
021937
021938
021941
021942
021943
021944
021945
021946
021947
021949
021950
021951
021952
021953
021954
021955
021956
021957
021958
021959
021960
021961
021963
021964
021965
021966
021967
021968
021969
021970
021971
021972
021973
021974
021975
021976
021977
021978
021979
021980
021982
021983
021984
021985
021986
021987
021988
021989
021990
021991
021992
021993
021994
021996
021997
021998
021999
022000
022001
022002
022003
022004
022005
022006
022007
022008
022009
022010
022013
022014
022015
022016
022017
022019
022021
022024
022025
022027
022028
022029
022030
022033
022034
022035
022036
022037
022038
022039
022040
022041
022044
022046
022050
022051
022052
022053
022055
022056
022057
022058
022060
022061
022062
022063
022064
022066
022067
022069
022070
022073
022074
022075
022076
022077
022078
022079
022080
022082
022083
022084
022085
022086
022087
022088
022089
022090
022092
022094
022095
022097
022098
022099
022101
022103
022105
022106
022107
022108
022109
022110
022111
022113
022114
022116
022117
022118
022119
022121
022122
022123
022124
022125
022126
022129
022131
022133
022134
022139
022140
022142
022143
022144
022147
022148
022149
022151
022152
022153
022154
022155
022156
022158
022159
022160
022161
022162
022163
022165
022166
022167
022168
022170
022171
022172
022173
022174
022175
022176
022177
022178
022179
022180
022181
022182
022183
022185
022186
022187
022188
022190
022191
022192
022193
022194
022196
022197
022198
022199
022200
022201
022202
022203
022204
022206
022208
022209
022210
022211
022215
022216
022217
022218
022219
022222
022224
022225
022226
022228
022229
022231
022233
022234
022235
022236
022237
022238
022239
022240
022241
022242
022244
022245
022246
022247
022248
022249
022252
022253
022254
022255
022256
022257
022259
022260
022261
022262
022263
022264
022265
022266
022267
022269
022270
022271
022272
022273
022274
022275
022276
022277
022280
022281
022282
022283
022284
022286
022287
022288
022290
022291
022292
022293
022294
022295
022296
022297
022298
022299
022300
022301
022303
022304
022305
022306
022307
022308
022310
022312
022313
022314
022315
022317
022318
022319
022320
022322
022323
022324
022326
022328
022329
022330
022331
022332
022334
022335
022337
022338
022339
022340
022342
022343
022344
022345
022346
022347
022348
022349
022350
022351
022352
022353
022354
022356
022357
022358
022359
022362
022363
022364
022365
022366
022367
022368
022369
022370
022371
022372
022373
022375
022376
022377
022379
022380
022381
022382
022385
022386
022387
022388
022389
022391
022393
022394
022395
022396
022397
022398
022399
022400
022401
022402
022403
022404
022405
022406
022407
022409
022410
022411
022413
022414
022415
022417
022418
022422
022423
022427
022428
022429
022431
022433
022434
022435
022436
022440
022442
022443
022444
022445
022446
022448
022450
022452
022454
022455
022456
022457
022458
022459
022460
022462
022463
022464
022465
022466
022467
022468
022469
022470
022472
022473
022474
022475
022476
022477
022478
022479
022480
022481
022482
022484
022485
022486
022487
022488
022489
022490
022491
022492
022493
022496
022497
022498
022500
022501
022502
022504
022505
022506
022507
022508
022509
022510
022511
022512
022513
022514
022515
022517
022518
022519
022523
022524
022525
022526
022528
022529
022531
022533
022534
022535
022536
022537
022538
022540
022542
022543
022544
022546
022547
022548
022549
022550
022551
022554
022555
022556
022557
022558
022559
022560
022561
022562
022563
022564
022566
022567
022569
022570
022571
022573
022574
022575
022576
022577
022578
022579
022580
022581
022582
022583
022584
022585
022586
022588
022589
022590
022591
022592
022593
022594
022595
022596
022597
022599
022600
022601
022602
022604
022607
022608
022611
022612
022615
022616
022617
022618
022620
022621
022623
022624
022625
022626
022627
022629
022630
022631
022632
022633
022634
022635
022636
022637
022638
022639
022640
022642
022643
022645
022646
022647
022648
022649
022650
022651
022652
022653
022654
022656
022659
022661
022662
022663
022664
022665
022666
022667
022669
022670
022671
022672
022673
022674
022675
022676
022677
022678
022679
022680
022681
022682
022683
022684
022686
022687
022689
022690
022691
022693
022694
022695
022696
022697
022698
022699
022700
022701
022702
022703
022705
022707
022709
022711
022712
022714
022715
022718
022719
022720
022721
022722
022724
022725
022727
022728
022730
022731
022732
022733
022735
022736
022737
022739
022740
022741
022742
022743
022744
022745
022746
022747
022748
022749
022750
022751
022752
022753
022755
022756
022757
022758
022759
022760
022761
022762
022763
022764
022766
022768
022770
022772
022773
022774
022775
022776
022778
022779
022780
022781
022782
022783
022784
022785
022786
022787
022788
022789
022790
022791
022792
022793
022796
022797
022798
022800
022801
022802
022804
022805
022806
022807
022808
022809
022810
022811
022812
022814
022815
022817
022818
022819
022820
022821
022822
022823
022824
022825
022826
022827
022829
022831
022832
022833
022834
022836
022837
022838
022839
022840
022841
022842
022843
022844
022845
022848
022849
022850
022852
022853
022855
022856
022857
022858
022859
022861
022862
022863
022864
022865
022866
022868
022869
022870
022871
022872
022874
022875
022876
022879
022880
022881
022882
022884
022885
022887
022888
022889
022890
022891
022893
022894
022895
022899
022900
022901
022902
022903
022904
022905
022906
022907
022908
022909
022910
022911
022912
022913
022915
022917
022918
022920
022921
022922
022924
022925
022926
022928
022929
022930
022931
022932
022935
022936
022938
022939
022940
022942
022943
022944
022945
022946
022947
022949
022950
022951
022952
022954
022955
022956
022957
022958
022959
022960
022963
022965
022967
022968
022969
022970
022971
022972
022973
022974
022975
022976
022979
022980
022981
022982
022983
022986
022987
022989
022990
022991
022992
022993
022994
022995
022997
022998
023000
023001
023002
023003
023004
023005
023006
023007
023008
023009
023010
023011
023012
023013
023014
023015
023016
023017
023018
023019
023021
023022
023023
023025
023026
023027
023028
023030
023031
023032
023034
023036
023038
023040
023041
023042
023043
023044
023045
023046
023047
023050
023051
023052
023053
023054
023055
023056
023060
023061
023062
023063
023064
023065
023066
023067
023068
023070
023071
023073
023074
023075
023076
023077
023078
023079
023081
023082
023084
023085
023086
023087
023090
023091
023092
023093
023094
023095
023096
023098
023099
023100
023102
023106
023107
023108
023109
023110
023111
023112
023114
023115
023116
023117
023119
023120
023122
023123
023124
023125
023126
023127
023128
023130
023132
023133
023134
023135
023136
023137
023139
023140
023142
023143
023144
023146
023148
023149
023150
023151
023152
023153
023154
023155
023156
023158
023159
023160
023162
023163
023165
023166
023168
023170
023172
023173
023174
023177
023179
023180
023181
023182
023183
023184
023186
023187
023188
023189
023191
023192
023193
023194
023195
023196
023198
023199
023200
023201
023202
023204
023205
023206
023207
023208
023209
023210
023212
023213
023214
023215
023216
023217
023218
023219
023222
023223
023224
023225
023226
023227
023228
023230
023233
023234
023235
023237
023238
023239
023240
023241
023242
023243
023244
023245
023246
023247
023248
023249
023250
023251
023252
023254
023255
023256
023258
023259
023260
023262
023264
023265
023267
023269
023270
023271
023272
023273
023274
023275
023276
023277
023278
023279
023280
023281
023282
023283
023284
023285
023287
023288
023291
023292
023294
023296
023297
023298
023299
023301
023303
023304
023305
023306
023307
023310
023311
023312
023313
023315
023316
023317
023318
023319
023321
023324
023325
023326
023327
023328
023329
023330
023331
023333
023335
023336
023337
023340
023341
023342
023343
023344
023345
023346
023347
023348
023349
023350
023351
023352
023353
023355
023356
023358
023359
023360
023361
023362
023363
023364
023365
023367
023368
023369
023370
023371
023372
023373
023375
023376
023377
023378
023379
023380
023381
023382
023384
023386
023387
023389
023390
023391
023393
023394
023396
023397
023398
023399
023400
023401
023402
023403
023404
023405
023406
023407
023409
023410
023411
023412
023413
023414
023415
023416
023417
023419
023420
023421
023422
023424
023425
023426
023427
023428
023430
023433
023434
023436
023437
023438
023439
023440
023442
023444
023445
023446
023447
023448
023449
023450
023452
023453
023454
023455
023456
023457
023458
023459
023460
023461
023462
023463
023464
023466
023470
023471
023472
023473
023476
023477
023478
023479
023481
023482
023483
023484
023486
023489
023490
023491
023492
023493
023494
023496
023502
023503
023504
023505
023506
023508
023509
023510
023511
023513
023516
023517
023518
023520
023521
023522
023523
023524
023525
023526
023528
023529
023530
023531
023532
023536
023537
023538
023539
023540
023541
023542
023543
023544
023545
023546
023547
023548
023549
023550
023551
023552
023553
023554
023555
023556
023557
023558
023559
023560
023561
023562
023564
023565
023566
023567
023568
023569
023570
023571
023572
023573
023574
023575
023576
023577
023578
023579
023580
023581
023583
023584
023585
023587
023590
023591
023592
023593
023596
023597
023598
023600
023601
023602
023604
023606
023607
023608
023609
023611
023613
023614
023615
023616
023617
023618
023620
023621
023622
023623
023624
023626
023627
023628
023630
023631
023632
023633
023634
023635
023636
023637
023641
023642
023643
023645
023646
023647
023648
023649
023653
023654
023655
023656
023657
023658
023659
023660
023661
023663
023666
023667
023669
023670
023671
023672
023673
023675
023676
023677
023678
023679
023680
023681
023682
023683
023684
023686
023687
023688
023689
023690
023691
023692
023694
023695
023696
023697
023699
023700
023701
023702
023703
023704
023705
023706
023707
023709
023710
023711
023713
023714
023715
023716
023717
023718
023719
023721
023723
023724
023725
023726
023728
023730
023731
023732
023734
023735
023737
023739
023740
023741
023742
023743
023744
023745
023746
023747
023748
023749
023751
023753
023754
023755
023757
023758
023759
023760
023761
023762
023764
023768
023769
023770
023771
023772
023773
023777
023778
023779
023780
023781
023783
023784
023785
023787
023788
023789
023790
023792
023793
023794
023795
023796
023797
023798
023799
023800
023801
023802
023803
023804
023805
023807
023808
023809
023811
023812
023815
023816
023817
023818
023819
023820
023821
023823
023824
023825
023826
023827
023828
023830
023831
023832
023834
023835
023837
023838
023839
023843
023844
023845
023846
023847
023848
023849
023850
023851
023852
023853
023854
023855
023857
023859
023860
023862
023863
023864
023865
023866
023867
023868
023869
023870
023871
023872
023873
023874
023875
023876
023877
023878
023879
023880
023881
023882
023883
023884
023886
023887
023888
023889
023890
023891
023892
023893
023894
023896
023899
023900
023901
023902
023904
023905
023906
023908
023909
023910
023912
023913
023914
023915
023916
023918
023919
023921
023922
023923
023924
023925
023927
023928
023930
023931
023932
023933
023934
023936
023937
023939
023942
023943
023944
023946
023947
023948
023950
023951
023952
023953
023954
023955
023956
023957
023960
023961
023962
023963
023964
023965
023966
023967
023968
023969
023970
023971
023972
023973
023974
023976
023977
023979
023983
023984
023985
023986
023987
023988
023990
023991
023993
023994
023995
023997
023998
023999
024001
024002
024003
024004
024005
024006
024007
024008
024009
024011
024012
024013
024014
024015
024016
024017
024021
024023
024025
024026
024027
024028
024030
024031
024032
024033
024034
024036
024037
024038
024039
024040
024041
024042
024043
024044
024045
024046
024047
024048
024049
024050
024051
024052
024055
024056
024058
024059
024060
024061
024064
024065
024066
024067
024069
024072
024073
024075
024076
024077
024078
024079
024081
024082
024083
024084
024085
024087
024088
024089
024090
024091
024092
024093
024094
024095
024096
024097
024098
024099
024100
024101
024103
024104
024105
024106
024107
024108
024109
024110
024111
024112
024113
024114
024115
024116
024117
024118
024120
024121
024122
024123
024124
024125
024126
024127
024128
024129
024130
024131
024133
024134
024135
024136
024137
024138
024139
024140
024141
024142
024143
024144
024145
024146
024147
024149
024150
024151
024152
024153
024154
024157
024159
024160
024161
024162
024163
024164
024165
024166
024167
024168
024169
024170
024172
024173
024174
024176
024177
024179
024180
024181
024182
024183
024184
024186
024189
024191
024192
024194
024195
024196
024197
024198
024199
024200
024201
024203
024204
024205
024206
024207
024208
024209
024211
024212
024213
024214
024216
024217
024219
024220
024221
024222
024223
024224
024225
024226
024227
024229
024231
024232
024233
024239
024241
024242
024244
024245
024246
024248
024249
024251
024252
024253
024254
024256
024257
024258
024259
024260
024261
024262
024263
024264
024266
024267
024269
024270
024271
024272
024273
024274
024275
024277
024278
024279
024280
024281
024282
024284
024285
024286
024287
024288
024289
024291
024292
024293
024295
024296
024297
024298
024299
024300
024301
024302
024303
024306
024307
024308
024309
024310
024311
024312
024313
024315
024316
024317
024318
024319
024320
024321
024322
024323
024324
024325
024326
024327
024328
024329
024330
024333
024334
024335
024336
024337
024340
024341
024342
024343
024344
024345
024346
024347
024349
024351
024352
024355
024356
024357
024358
024359
024360
024361
024362
024364
024365
024366
024367
024368
024369
024371
024372
024374
024375
024376
024377
024378
024379
024380
024381
024382
024383
024384
024385
024386
024387
024388
024389
024390
024391
024392
024394
024395
024396
024397
024399
024401
024402
024403
024404
024405
024409
024411
024413
024415
024416
024417
024418
024419
024420
024421
024423
024424
024426
024427
024428
024429
024430
024432
024433
024434
024435
024436
024437
024438
024440
024441
024442
024443
024444
024445
024446
024447
024449
024450
024451
024452
024453
024454
024455
024456
024458
024459
024460
024461
024462
024463
024465
024466
024467
024468
024469
024470
024471
024472
024473
024474
024475
024477
024478
024479
024481
024482
024483
024484
024486
024487
024488
024489
024490
024491
024493
024494
024495
024496
024497
024498
024499
024500
024502
024503
024504
024505
024506
024507
024508
024509
024511
024512
024513
024514
024515
024516
024518
024519
024520
024521
024522
024523
024525
024526
024529
024530
024533
024534
024535
024536
024537
024538
024540
024543
024544
024545
024546
024547
024548
024549
024550
024551
024552
024553
024554
024555
024556
024558
024559
024561
024563
024564
024565
024566
024567
024568
024570
024571
024572
024573
024574
024576
024577
024578
024579
024580
024581
024582
024583
024584
024585
024586
024587
024589
024590
024592
024593
024595
024596
024597
024598
024599
024600
024602
024603
024604
024605
024606
024607
024610
024611
024612
024613
024614
024615
024617
024618
024620
024621
024622
024623
024624
024625
024626
024627
024628
024630
024631
024632
024634
024635
024636
024637
024638
024640
024642
024644
024645
024646
024648
024650
024651
024652
024653
024656
024657
024659
024660
024661
024662
024663
024665
024666
024667
024668
024669
024670
024671
024672
024674
024675
024676
024678
024679
024683
024685
024688
024689
024690
024691
024692
024693
024694
024696
024698
024699
024700
024701
024702
024703
024704
024705
024707
024708
024709
024710
024711
024712
024713
024715
024716
024718
024719
024720
024722
024723
024724
024725
024726
024727
024729
024730
024731
024732
024733
024735
024737
024741
024747
024748
024750
024751
024752
024754
024755
024756
024757
024759
024760
024762
024763
024764
024765
024766
024767
024768
024769
024770
024771
024772
024773
024774
024777
024778
024779
024781
024782
024783
024784
024785
024786
024787
024788
024790
024791
024792
024793
024794
024796
024800
024801
024802
024803
024804
024805
024806
024807
024808
024809
024810
024811
024812
024813
024814
024815
024816
024817
024822
024823
024824
024825
024826
024827
024828
024830
024832
024833
024834
024835
024836
024837
024838
024839
024840
024841
024842
024843
024844
024845
024846
024848
024849
024850
024852
024853
024855
024857
024858
024859
024860
024861
024862
024863
024864
024867
024869
024870
024871
024873
024874
024875
024876
024877
024878
024879
024880
024881
024882
024883
024884
024885
024886
024887
024888
024889
024890
024891
024892
024893
024894
024895
024896
024897
024898
024899
024900
024902
024903
024904
024907
024908
024909
024910
024911
024912
024913
024914
024916
024917
024918
024919
024920
024922
024923
024924
024926
024928
024929
024931
024932
024933
024934
024935
024936
024937
024938
024939
024940
024941
024942
024943
024946
024948
024949
024950
024951
024952
024953
024954
024955
024956
024957
024960
024961
024962
024963
024964
024965
024966
024968
024969
024970
024971
024972
024973
024974
024975
024977
024978
024979
024981
024982
024983
024984
024985
024986
024987
024988
024989
024990
024991
024992
024993
024995
024996
024997
024999
025000
025002
025004
025006
025007
025008
025009
025010
025011
025012
025013
025014
025016
025017
025020
025022
025024
025025
025026
025028
025029
025030
025031
025032
025033
025034
025035
025036
025037
025038
025039
025040
025041
025042
025043
025044
025045
025046
025047
025050
025051
025052
025053
025055
025056
025057
025058
025059
025060
025061
025063
025064
025065
025066
025067
025068
025069
025070
025071
025072
025073
025074
025075
025076
025078
025079
025081
025082
025083
025084
025085
025086
025088
025089
025091
025094
025095
025096
025097
025098
025099
025100
025101
025102
025104
025105
025106
025110
025111
025112
025113
025115
025116
025117
025118
025119
025120
025121
025122
025123
025125
025127
025128
025129
025130
025132
025133
025135
025136
025137
025142
025145
025146
025148
025149
025150
025151
025153
025154
025155
025156
025159
025161
025162
025163
025164
025167
025168
025169
025170
025171
025172
025173
025174
025176
025180
025181
025182
025183
025185
025186
025187
025188
025190
025191
025192
025195
025196
025197
025198
025199
025200
025201
025202
025203
025204
025205
025207
025208
025209
025210
025212
025213
025216
025217
025220
025221
025222
025223
025225
025226
025227
025228
025229
025230
025232
025233
025234
025235
025236
025238
025239
025240
025241
025242
025243
025244
025245
025246
025247
025248
025249
025250
025251
025252
025253
025254
025255
025256
025258
025260
025263
025264
025265
025266
025267
025269
025271
025272
025273
025274
025275
025276
025277
025279
025280
025281
025282
025283
025284
025286
025288
025289
025290
025291
025292
025294
025297
025298
025299
025301
025302
025303
025304
025305
025306
025308
025309
025311
025312
025313
025314
025315
025316
025318
025319
025321
025322
025323
025325
025326
025329
025330
025332
025334
025335
025336
025337
025338
025339
025341
025343
025344
025345
025347
025348
025349
025350
025351
025352
025353
025354
025355
025356
025357
025358
025359
025361
025362
025363
025364
025365
025366
025368
025369
025370
025371
025372
025373
025374
025375
025376
025377
025379
025381
025382
025383
025384
025385
025386
025387
025389
025391
025392
025393
025394
025395
025397
025398
025399
025400
025401
025402
025403
025404
025405
025406
025407
025408
025409
025410
025411
025412
025413
025414
025416
025417
025418
025419
025420
025421
025422
025423
025425
025426
025427
025428
025429
025430
025431
025432
025433
025434
025435
025436
025438
025439
025440
025441
025442
025443
025444
025445
025447
025448
025449
025450
025452
025456
025457
025458
025459
025460
025462
025463
025464
025466
025467
025468
025470
025472
025473
025474
025475
025476
025477
025478
025479
025480
025481
025482
025483
025484
025485
025486
025487
025488
025489
025491
025492
025493
025494
025495
025496
025498
025499
025500
025502
025503
025504
025505
025506
025507
025508
025509
025510
025512
025513
025516
025517
025518
025519
025521
025522
025523
025524
025525
025526
025527
025528
025529
025530
025532
025533
025534
025535
025536
025537
025538
025539
025540
025541
025542
025543
025544
025545
025546
025547
025548
025549
025550
025551
025552
025553
025554
025556
025557
025560
025561
025562
025563
025564
025565
025566
025567
025569
025570
025571
025572
025574
025575
025577
025578
025579
025581
025582
025583
025584
025585
025586
025587
025588
025589
025590
025594
025597
025598
025599
025600
025601
025603
025604
025605
025606
025607
025608
025610
025611
025612
025614
025615
025617
025618
025621
025623
025625
025626
025627
025628
025629
025631
025632
025634
025635
025636
025637
025639
025640
025641
025643
025644
025645
025646
025647
025649
025650
025651
025652
025653
025654
025655
025656
025657
025658
025659
025660
025661
025662
025664
025665
025666
025667
025668
025669
025670
025671
025672
025674
025677
025679
025680
025681
025682
025683
025684
025685
025689
025691
025693
025695
025696
025697
025698
025699
025700
025701
025702
025703
025704
025705
025706
025707
025709
025710
025711
025712
025715
025716
025717
025718
025719
025720
025723
025724
025726
025728
025729
025730
025731
025732
025733
025734
025736
025737
025739
025741
025743
025745
025746
025747
025748
025749
025751
025752
025753
025754
025755
025756
025757
025758
025759
025760
025762
025763
025764
025765
025766
025767
025768
025769
025772
025773
025774
025775
025776
025777
025778
025779
025780
025781
025784
025785
025786
025788
025789
025790
025791
025792
025796
025797
025798
025799
025800
025801
025804
025805
025806
025808
025809
025810
025811
025812
025813
025815
025817
025818
025819
025820
025821
025822
025823
025824
025826
025827
025828
025829
025830
025831
025832
025834
025835
025836
025837
025838
025839
025840
025841
025843
025846
025847
025848
025849
025850
025851
025852
025853
025854
025855
025856
025857
025858
025859
025860
025861
025862
025863
025865
025866
025868
025869
025871
025872
025873
025874
025875
025877
025878
025879
025880
025881
025882
025883
025884
025885
025886
025888
025889
025892
025894
025896
025897
025899
025901
025902
025903
025904
025905
025906
025907
025908
025909
025910
025912
025913
025914
025915
025916
025917
025919
025920
025921
025922
025923
025924
025925
025926
025927
025928
025929
025930
025931
025932
025933
025934
025936
025937
025939
025941
025942
025943
025944
025946
025947
025948
025949
025950
025951
025952
025953
025954
025956
025957
025959
025960
025961
025963
025964
025967
025968
025969
025970
025971
025972
025973
025974
025975
025976
025977
025978
025979
025980
025981
025982
025983
025984
025985
025986
025989
025990
025991
025992
025993
025996
025997
025998
025999
026000
026001
026002
026003
026004
026006
026007
026008
026009
026010
026011
026012
026013
026014
026015
026016
026017
026018
026020
026022
026023
026026
026027
026029
026030
026031
026033
026034
026036
026037
026040
026041
026042
026043
026044
026045
026046
026047
026048
026049
026050
026051
026052
026054
026056
026057
026059
026060
026062
026063
026064
026065
026067
026068
026070
026071
026072
026074
026075
026076
026077
026078
026079
026080
026081
026082
026084
026085
026086
026088
026089
026092
026093
026094
026097
026098
026099
026100
026101
026102
026103
026104
026105
026106
026109
026111
026112
026114
026115
026116
026117
026118
026119
026120
026123
026126
026127
026128
026129
026130
026131
026132
026133
026134
026135
026136
026137
026138
026139
026140
026142
026143
026146
026147
026150
026151
026154
026156
026157
026158
026159
026160
026161
026162
026164
026165
026166
026167
026169
026170
026171
026172
026173
026175
026176
026177
026179
026180
026181
026182
026183
026185
026186
026187
026188
026189
026191
026192
026193
026194
026195
026196
026197
026198
026199
026200
026201
026202
026203
026204
026205
026206
026207
026208
026211
026212
026213
026214
026216
026217
026219
026220
026222
026223
026224
026226
026227
026228
026229
026230
026231
026232
026233
026234
026235
026236
026237
026238
026240
026242
026243
026245
026246
026247
026249
026250
026253
026255
026256
026257
026258
026261
026262
026263
026264
026265
026266
026267
026268
026271
026272
026273
026274
026275
026277
026278
026279
026280
026282
026283
026284
026285
026287
026289
026290
026291
026292
026294
026295
026296
026297
026298
026299
026300
026301
026302
026303
026304
026305
026306
026307
026308
026309
026311
026312
026314
026315
026316
026318
026319
026320
026321
026322
026323
026324
026325
026326
026327
026330
026332
026333
026336
026339
026340
026341
026342
026343
026344
026345
026346
026347
026348
026349
026350
026351
026352
026353
026354
026355
026356
026357
026358
026359
026360
026361
026362
026363
026364
026365
026366
026368
026369
026370
026371
026372
026373
026374
026375
026377
026378
026379
026381
026382
026384
026385
026386
026392
026393
026394
026395
026396
026397
026398
026399
026400
026401
026402
026403
026404
026406
026407
026408
026409
026411
026412
026413
026415
026416
026417
026418
026419
026420
026422
026424
026425
026426
026427
026428
026429
026430
026431
026432
026433
026434
026435
026436
026437
026438
026440
026441
026443
026444
026445
026446
026447
026448
026449
026450
026451
026452
026453
026454
026456
026458
026460
026461
026462
026463
026464
026465
026467
026468
026469
026471
026474
026476
026477
026479
026480
026481
026482
026484
026485
026486
026487
026489
026490
026491
026492
026493
026494
026496
026497
026498
026501
026502
026503
026504
026505
026506
026507
026508
026510
026511
026512
026514
026515
026516
026518
026519
026520
026522
026523
026524
026525
026526
026527
026530
026531
026532
026533
026535
026536
026537
026538
026540
026541
026542
026544
026545
026547
026548
026549
026550
026551
026552
026553
026555
026557
026558
026559
026560
026561
026563
026564
026565
026566
026567
026568
026569
026570
026572
026573
026576
026577
026578
026579
026581
026584
026586
026589
026590
026591
026592
026593
026594
026595
026596
026597
026599
026600
026601
026602
026603
026604
026605
026606
026609
026611
026612
026613
026615
026616
026617
026618
026619
026620
026621
026622
026623
026624
026625
026626
026627
026628
026629
026630
026632
026633
026634
026636
026637
026638
026639
026640
026641
026642
026643
026644
026646
026647
026648
026649
026650
026654
026655
026656
026657
026658
026660
026661
026662
026663
026664
026665
026666
026667
026668
026669
026670
026671
026672
026673
026675
026676
026678
026679
026680
026681
026683
026684
026685
026686
026687
026689
026690
026691
026692
026693
026694
026696
026697
026699
026700
026701
026703
026704
026705
026706
026707
026709
026710
026711
026712
026713
026714
026715
026716
026717
026718
026719
026720
026721
026722
026724
026725
026726
026728
026729
026730
026731
026732
026733
026734
026735
026736
026737
026738
026739
026740
026741
026742
026745
026746
026747
026749
026751
026754
026755
026756
026757
026758
026759
026761
026763
026766
026769
026770
026771
026772
026773
026774
026776
026779
026780
026781
026783
026784
026786
026787
026788
026789
026790
026794
026795
026796
026797
026799
026801
026802
026803
026805
026806
026808
026809
026811
026812
026813
026814
026815
026816
026817
026818
026819
026820
026821
026822
026825
026826
026827
026828
026829
026831
026832
026836
026837
026838
026839
026840
026841
026842
026843
026844
026845
026846
026847
026848
026850
026851
026853
026855
026856
026857
026858
026859
026860
026861
026864
026865
026866
026867
026871
026873
026874
026875
026878
026879
026880
026881
026884
026885
026887
026889
026890
026892
026893
026894
026895
026896
026897
026898
026899
026902
026903
026904
026905
026906
026907
026908
026909
026911
026912
026913
026915
026916
026917
026918
026920
026921
026922
026923
026924
026927
026928
026931
026932
026934
026935
026936
026937
026938
026940
026942
026943
026944
026945
026946
026947
026948
026949
026950
026951
026952
026956
026957
026958
026959
026960
026961
026962
026964
026965
026966
026967
026968
026969
026970
026971
026972
026973
026974
026975
026976
026978
026980
026981
026982
026983
026984
026986
026987
026988
026989
026991
026992
026993
026994
026996
026997
026998
026999
027000
027001
027002
027003
027004
027005
027006
027009
027011
027012
027013
027014
027015
027016
027017
027018
027019
027020
027021
027022
027023
027025
027026
027027
027028
027029
027030
027032
027033
027034
027035
027036
027037
027038
027041
027042
027043
027044
027047
027048
027049
027050
027054
027057
027058
027059
027060
027061
027063
027064
027067
027068
027069
027070
027071
027072
027073
027074
027075
027076
027078
027079
027080
027081
027084
027085
027086
027088
027089
027090
027091
027092
027093
027094
027095
027096
027097
027098
027099
027100
027101
027102
027103
027104
027105
027106
027107
027108
027110
027111
027112
027114
027115
027116
027118
027119
027120
027121
027122
027123
027124
027126
027127
027128
027129
027130
027131
027132
027134
027135
027136
027137
027138
027139
027140
027141
027142
027143
027145
027146
027148
027149
027150
027151
027153
027154
027155
027156
027157
027158
027159
027160
027162
027165
027166
027167
027168
027169
027171
027172
027173
027174
027175
027177
027178
027179
027180
027181
027182
027184
027186
027189
027191
027192
027193
027194
027195
027196
027197
027198
027199
027200
027201
027202
027203
027204
027205
027206
027207
027208
027209
027210
027211
027212
027215
027216
027217
027219
027220
027221
027222
027225
027227
027229
027230
027231
027232
027233
027235
027237
027238
027239
027240
027241
027242
027245
027246
027247
027249
027250
027251
027253
027254
027255
027256
027257
027260
027262
027264
027266
027267
027268
027269
027270
027271
027272
027273
027277
027278
027279
027281
027282
027284
027285
027286
027288
027290
027291
027292
027294
027296
027298
027299
027300
027301
027302
027305
027306
027308
027309
027311
027312
027313
027314
027315
027316
027320
027322
027323
027324
027325
027327
027328
027329
027330
027331
027332
027333
027334
027336
027337
027338
027339
027341
027342
027343
027344
027345
027346
027348
027349
027350
027351
027352
027353
027354
027355
027356
027357
027358
027359
027360
027361
027362
027364
027365
027366
027368
027369
027370
027371
027372
027373
027374
027375
027376
027377
027378
027380
027381
027382
027383
027384
027385
027387
027388
027389
027390
027391
027393
027395
027396
027397
027398
027399
027400
027401
027402
027403
027404
027405
027406
027407
027408
027409
027410
027411
027413
027415
027416
027417
027418
027419
027420
027421
027422
027423
027424
027425
027427
027428
027429
027431
027432
027433
027434
027435
027436
027437
027439
027440
027441
027442
027443
027445
027446
027447
027449
027450
027451
027452
027453
027454
027455
027456
027457
027458
027459
027460
027461
027462
027463
027466
027467
027468
027469
027470
027472
027473
027474
027475
027477
027479
027480
027481
027482
027483
027484
027485
027486
027487
027488
027491
027492
027493
027494
027495
027496
027497
027498
027500
027503
027504
027505
027506
027509
027512
027513
027514
027515
027516
027517
027518
027519
027520
027521
027522
027523
027524
027525
027526
027527
027528
027529
027530
027532
027533
027534
027535
027536
027539
027541
027543
027544
027545
027547
027548
027549
027550
027551
027552
027553
027554
027555
027556
027557
027559
027560
027561
027563
027564
027565
027566
027568
027569
027570
027571
027572
027574
027575
027576
027577
027578
027580
027581
027582
027583
027587
027588
027589
027590
027591
027593
027594
027596
027598
027599
027601
027602
027603
027604
027605
027606
027607
027608
027609
027610
027611
027612
027613
027617
027618
027620
027621
027623
027625
027626
027627
027628
027629
027631
027632
027633
027634
027635
027636
027637
027638
027639
027640
027641
027642
027644
027645
027646
027648
027649
027650
027651
027652
027653
027654
027655
027656
027657
027658
027659
027660
027661
027662
027663
027664
027665
027666
027667
027668
027669
027671
027672
027673
027674
027675
027676
027677
027681
027682
027683
027685
027686
027689
027690
027691
027692
027693
027694
027695
027696
027697
027698
027699
027701
027702
027703
027704
027705
027706
027707
027708
027709
027710
027712
027713
027714
027716
027717
027718
027719
027720
027722
027723
027724
027725
027729
027731
027732
027733
027734
027735
027736
027738
027739
027740
027742
027743
027744
027745
027746
027747
027748
027749
027751
027752
027753
027754
027755
027757
027759
027760
027761
027762
027763
027766
027767
027768
027770
027771
027772
027773
027774
027775
027776
027779
027780
027781
027783
027784
027785
027786
027787
027788
027789
027790
027791
027792
027794
027797
027799
027800
027801
027802
027803
027804
027805
027806
027807
027811
027813
027814
027815
027816
027817
027818
027819
027820
027821
027822
027823
027824
027825
027827
027828
027829
027830
027831
027832
027834
027835
027837
027838
027839
027840
027841
027842
027843
027844
027845
027846
027848
027850
027851
027852
027853
027854
027856
027857
027858
027859
027863
027864
027865
027866
027867
027869
027870
027871
027872
027873
027876
027877
027878
027879
027880
027881
027882
027883
027884
027885
027886
027887
027888
027889
027890
027891
027892
027893
027894
027895
027896
027897
027898
027899
027900
027901
027902
027903
027904
027905
027906
027907
027908
027909
027911
027912
027913
027915
027916
027917
027919
027920
027922
027924
027925
027927
027928
027929
027930
027931
027932
027933
027934
027936
027937
027938
027939
027940
027941
027942
027945
027946
027947
027948
027949
027950
027951
027952
027953
027955
027956
027957
027958
027959
027960
027961
027962
027963
027964
027966
027967
027968
027969
027970
027971
027973
027974
027975
027976
027977
027978
027979
027980
027981
027982
027984
027985
027986
027987
027988
027989
027991
027992
027994
027995
027996
027997
027998
027999
028000
028001
028003
028004
028007
028008
028010
028013
028014
028015
028016
028017
028018
028019
028020
028021
028022
028023
028024
028025
028026
028028
028029
028030
028031
028033
028034
028035
028036
028037
028038
028041
028042
028043
028044
028046
028047
028048
028049
028050
028051
028052
028053
028054
028055
028056
028057
028058
028059
028060
028061
028062
028063
028064
028065
028066
028067
028068
028069
028070
028073
028074
028075
028076
028077
028078
028080
028081
028082
028083
028085
028086
028087
028088
028089
028090
028091
028092
028094
028095
028096
028097
028099
028100
028102
028104
028105
028106
028107
028108
028109
028110
028112
028113
028115
028116
028117
028118
028119
028121
028122
028123
028125
028126
028127
028129
028130
028131
028132
028133
028134
028136
028137
028138
028139
028140
028141
028143
028144
028146
028147
028148
028150
028151
028153
028154
028155
028157
028158
028159
028160
028161
028162
028163
028164
028165
028168
028169
028171
028172
028173
028176
028178
028179
028180
028181
028182
028183
028184
028185
028186
028187
028188
028190
028191
028192
028194
028195
028196
028197
028198
028199
028200
028201
028202
028203
028204
028205
028206
028207
028208
028209
028211
028213
028214
028215
028216
028217
028218
028219
028220
028221
028222
028224
028225
028226
028227
028229
028230
028231
028232
028234
028235
028236
028237
028238
028239
028240
028242
028243
028244
028246
028247
028248
028250
028251
028253
028254
028256
028257
028258
028259
028261
028262
028263
028264
028266
028267
028269
028272
028273
028275
028276
028277
028278
028279
028280
028281
028282
028283
028284
028285
028286
028288
028289
028291
028292
028293
028294
028295
028296
028297
028298
028299
028300
028301
028302
028303
028304
028306
028307
028310
028313
028314
028315
028316
028319
028320
028321
028322
028323
028325
028326
028328
028330
028332
028334
028336
028337
028340
028341
028342
028343
028345
028346
028347
028349
028350
028351
028352
028353
028356
028357
028358
028359
028360
028361
028362
028363
028364
028366
028367
028368
028370
028372
028374
028375
028376
028377
028378
028380
028381
028382
028383
028387
028388
028389
028390
028392
028393
028394
028396
028400
028401
028402
028403
028404
028405
028406
028407
028408
028409
028410
028411
028412
028414
028415
028417
028418
028419
028420
028421
028422
028423
028424
028426
028428
028430
028431
028432
028434
028435
028437
028439
028441
028442
028443
028444
028445
028446
028447
028448
028449
028450
028452
028453
028454
028455
028456
028457
028458
028459
028460
028461
028462
028464
028465
028467
028468
028469
028471
028472
028473
028474
028475
028476
028477
028478
028479
028480
028482
028483
028484
028485
028486
028487
028488
028489
028492
028493
028494
028495
028497
028498
028499
028500
028501
028502
028503
028505
028506
028508
028509
028510
028512
028513
028515
028516
028517
028518
028519
028520
028521
028523
028524
028525
028527
028528
028529
028530
028531
028532
028533
028536
028537
028538
028539
028540
028541
028542
028543
028544
028545
028546
028548
028549
028550
028551
028552
028553
028554
028555
028556
028559
028560
028563
028564
028565
028566
028567
028569
028570
028571
028572
028573
028574
028576
028577
028578
028579
028580
028581
028582
028583
028584
028586
028587
028589
028590
028591
028592
028593
028594
028595
028597
028599
028600
028601
028602
028603
028604
028606
028607
028608
028609
028610
028612
028613
028614
028616
028617
028618
028619
028620
028621
028622
028623
028624
028625
028626
028627
028628
028629
028630
028631
028632
028634
028635
028636
028637
028638
028639
028640
028642
028643
028644
028646
028648
028649
028650
028651
028652
028653
028654
028655
028656
028657
028659
028660
028661
028662
028663
028664
028666
028667
028668
028669
028670
028671
028672
028674
028675
028676
028677
028678
028679
028680
028682
028683
028684
028685
028686
028687
028688
028689
028690
028691
028692
028693
028694
028696
028697
028698
028700
028701
028703
028704
028705
028706
028708
028709
028710
028711
028712
028715
028717
028718
028719
028720
028721
028722
028723
028724
028725
028727
028728
028729
028730
028731
028732
028733
028734
028735
028736
028737
028738
028739
028740
028741
028742
028743
028744
028745
028746
028747
028748
028749
028750
028754
028755
028756
028757
028758
028760
028761
028762
028763
028764
028765
028766
028767
028768
028770
028771
028772
028774
028775
028776
028777
028778
028779
028780
028782
028783
028784
028785
028786
028788
028790
028791
028792
028793
028795
028797
028799
028800
028801
028802
028803
028805
028807
028808
028809
028810
028811
028813
028815
028816
028817
028818
028819
028820
028822
028824
028825
028826
028827
028829
028831
028833
028834
028836
028838
028839
028841
028842
028843
028844
028845
028846
028847
028848
028850
028852
028854
028855
028857
028858
028860
028861
028865
028866
028867
028868
028869
028870
028871
028872
028873
028875
028877
028878
028879
028880
028882
028884
028885
028886
028887
028888
028890
028891
028892
028893
028894
028895
028896
028897
028898
028899
028900
028901
028903
028904
028905
028906
028907
028908
028909
028910
028911
028912
028913
028914
028915
028916
028917
028919
028920
028921
028922
028923
028924
028925
028926
028927
028928
028929
028930
028931
028933
028934
028935
028936
028937
028940
028942
028943
028944
028945
028946
028948
028950
028951
028952
028953
028954
028955
028959
028960
028961
028963
028965
028966
028967
028968
028970
028972
028973
028975
028976
028977
028978
028979
028980
028981
028982
028983
028984
028985
028987
028988
028989
028990
028991
028992
028993
028994
028995
028996
028997
028998
028999
029000
029001
029003
029004
029007
029009
029010
029012
029013
029014
029015
029016
029017
029020
029021
029022
029023
029024
029025
029026
029028
029029
029031
029032
029033
029034
029036
029037
029038
029039
029040
029042
029043
029044
029045
029046
029047
029048
029049
029050
029051
029052
029053
029054
029057
029058
029059
029060
029062
029063
029064
029065
029066
029069
029070
029071
029072
029073
029074
029075
029076
029077
029078
029079
029080
029081
029082
029083
029084
029085
029086
029087
029088
029089
029090
029092
029095
029096
029097
029098
029099
029100
029101
029102
029103
029104
029107
029108
029110
029111
029112
029114
029115
029116
029117
029118
029119
029120
029121
029122
029124
029127
029128
029130
029131
029132
029133
029134
029135
029136
029139
029140
029141
029143
029144
029145
029146
029147
029148
029149
029150
029151
029152
029153
029154
029155
029157
029158
029159
029161
029162
029163
029165
029166
029167
029168
029169
029170
029172
029176
029177
029178
029179
029180
029181
029183
029184
029185
029186
029187
029189
029190
029191
029192
029194
029195
029196
029197
029198
029199
029200
029201
029202
029203
029204
029207
029209
029210
029211
029212
029213
029215
029216
029217
029218
029219
029220
029221
029222
029223
029224
029226
029227
029230
029231
029232
029233
029234
029235
029236
029237
029238
029239
029240
029241
029242
029243
029244
029245
029246
029249
029251
029252
029253
029255
029256
029260
029261
029262
029263
029264
029265
029267
029268
029269
029270
029271
029272
029273
029274
029275
029277
029278
029281
029282
029283
029284
029285
029286
029287
029289
029290
029291
029292
029294
029296
029297
029299
029301
029302
029303
029304
029305
029307
029308
029309
029310
029314
029315
029316
029317
029318
029319
029320
029323
029324
029325
029326
029327
029328
029329
029330
029331
029332
029334
029335
029337
029338
029339
029340
029341
029343
029344
029345
029346
029347
029348
029349
029350
029351
029352
029353
029356
029358
029359
029360
029362
029363
029364
029365
029366
029367
029368
029369
029370
029371
029372
029373
029375
029379
029380
029382
029384
029385
029386
029388
029389
029390
029391
029392
029393
029394
029395
029396
029398
029399
029400
029402
029403
029404
029405
029406
029407
029408
029409
029410
029411
029412
029413
029414
029415
029416
029418
029419
029420
029421
029422
029424
029426
029427
029428
029429
029431
029432
029433
029434
029436
029437
029439
029441
029443
029444
029445
029446
029447
029450
029451
029453
029454
029455
029456
029457
029458
029459
029460
029461
029462
029463
029464
029466
029468
029469
029470
029471
029472
029473
029474
029475
029476
029478
029479
029480
029481
029482
029483
029484
029485
029486
029487
029489
029490
029492
029494
029496
029497
029499
029500
029501
029502
029503
029504
029505
029506
029507
029508
029509
029510
029511
029512
029517
029518
029519
029520
029522
029523
029524
029525
029526
029527
029528
029529
029530
029531
029532
029533
029534
029535
029536
029537
029538
029540
029541
029544
029545
029546
029547
029548
029549
029552
029554
029556
029557
029559
029560
029561
029562
029563
029564
029565
029566
029567
029568
029569
029570
029571
029572
029573
029575
029577
029578
029579
029580
029582
029583
029585
029586
029587
029588
029589
029590
029591
029592
029594
029595
029596
029597
029598
029599
029600
029602
029603
029604
029607
029608
029609
029610
029611
029612
029613
029614
029615
029616
029618
029619
029620
029621
029622
029623
029624
029625
029626
029627
029628
029629
029630
029632
029633
029634
029635
029636
029637
029638
029639
029640
029642
029643
029644
029645
029646
029647
029649
029651
029652
029653
029655
029656
029657
029658
029659
029660
029661
029665
029668
029669
029671
029672
029673
029674
029675
029676
029677
029678
029679
029680
029681
029683
029685
029686
029687
029688
029690
029691
029692
029695
029696
029698
029699
029700
029701
029702
029703
029706
029709
029711
029712
029713
029715
029716
029717
029718
029720
029721
029722
029723
029724
029726
029727
029728
029729
029730
029731
029732
029733
029734
029735
029736
029737
029738
029739
029740
029741
029742
029745
029747
029748
029751
029752
029753
029754
029755
029756
029757
029758
029760
029761
029764
029765
029766
029767
029769
029771
029773
029775
029776
029777
029778
029779
029780
029781
029783
029784
029785
029787
029788
029789
029790
029791
029792
029793
029794
029795
029796
029797
029799
029800
029801
029802
029803
029804
029806
029807
029808
029809
029810
029811
029812
029814
029815
029818
029819
029820
029821
029822
029823
029824
029827
029828
029830
029831
029832
029834
029836
029837
029839
029840
029841
029842
029844
029845
029846
029847
029848
029849
029850
029851
029852
029853
029854
029855
029858
029859
029860
029861
029862
029864
029865
029866
029868
029870
029871
029872
029873
029874
029875
029876
029877
029878
029879
029880
029881
029882
029883
029884
029885
029887
029889
029890
029891
029892
029893
029894
029895
029897
029898
029899
029902
029903
029904
029906
029908
029909
029912
029913
029914
029916
029917
029918
029921
029922
029923
029924
029925
029927
029928
029929
029930
029931
029932
029934
029935
029936
029937
029938
029939
029941
029942
029943
029944
029946
029947
029948
029949
029951
029952
029954
029955
029956
029957
029958
029960
029961
029962
029963
029966
029967
029968
029969
029970
029972
029974
029975
029976
029978
029980
029982
029983
029985
029986
029987
029988
029989
029990
029991
029992
029993
029995
029996
029997
029998
029999
030001
030002
030004
030005
030006
030007
030008
030009
030010
030013
030014
030015
030016
030017
030018
030019
030020
030023
030024
030026
030027
030031
030032
030033
030034
030035
030036
030037
030038
030040
030041
030043
030044
030045
030046
030047
030048
030049
030050
030051
030052
030053
030054
030055
030056
030057
030058
030059
030060
030061
030062
030063
030064
030065
030066
030067
030068
030069
030070
030071
030072
030073
030074
030076
030077
030078
030079
030080
030081
030082
030084
030085
030087
030088
030089
030091
030092
030094
030095
030096
030097
030098
030100
030101
030103
030104
030105
030106
030107
030108
030109
030111
030112
030113
030114
030115
030116
030117
030118
030119
030120
030121
030122
030123
030124
030126
030130
030131
030132
030133
030134
030137
030140
030142
030143
030145
030146
030147
030148
030149
030151
030152
030154
030155
030156
030157
030158
030160
030161
030162
030163
030164
030167
030168
030169
030170
030171
030172
030174
030175
030176
030177
030178
030179
030181
030183
030184
030185
030186
030188
030189
030190
030191
030192
030193
030195
030198
030199
030200
030201
030203
030206
030207
030209
030211
030212
030213
030215
030216
030218
030219
030220
030221
030222
030223
030224
030226
030227
030228
030229
030231
030232
030234
030236
030237
030238
030240
030242
030244
030245
030246
030247
030248
030249
030250
030251
030252
030254
030255
030256
030257
030259
030262
030263
030264
030265
030266
030267
030271
030272
030273
030274
030275
030276
030277
030278
030279
030280
030282
030283
030284
030286
030287
030288
030289
030291
030293
030294
030295
030296
030297
030298
030300
030302
030303
030304
030305
030306
030308
030309
030310
030311
030312
030313
030314
030315
030316
030317
030318
030319
030320
030321
030323
030324
030326
030327
030330
030331
030333
030334
030335
030336
030337
030339
030340
030341
030342
030343
030344
030345
030346
030347
030348
030350
030351
030352
030353
030354
030355
030356
030357
030358
030362
030363
030364
030365
030366
030367
030368
030369
030370
030371
030372
030373
030374
030375
030376
030377
030378
030380
030381
030382
030383
030384
030385
030386
030387
030388
030389
030391
030392
030393
030395
030396
030397
030398
030400
030401
030402
030404
030405
030406
030407
030409
030412
030413
030414
030415
030417
030419
030420
030421
030422
030423
030424
030425
030427
030428
030429
030431
030432
030433
030434
030435
030438
030439
030440
030442
030443
030444
030445
030446
030447
030448
030450
030452
030453
030454
030456
030458
030459
030460
030461
030463
030464
030466
030467
030469
030470
030471
030474
030475
030476
030477
030478
030479
030481
030482
030483
030484
030485
030486
030487
030488
030489
030490
030491
030492
030493
030494
030495
030496
030497
030499
030501
030502
030503
030504
030505
030506
030507
030508
030510
030511
030512
030513
030514
030515
030516
030517
030518
030519
030520
030522
030523
030525
030526
030527
030528
030529
030530
030532
030533
030534
030535
030536
030537
030538
030539
030540
030541
030543
030544
030545
030546
030547
030548
030549
030550
030551
030552
030553
030554
030557
030559
030561
030562
030563
030564
030565
030566
030567
030568
030569
030571
030572
030573
030574
030578
030579
030581
030584
030585
030586
030587
030588
030589
030591
030592
030594
030595
030596
030597
030598
030599
030600
030601
030603
030604
030605
030606
030607
030608
030609
030610
030611
030612
030614
030615
030618
030619
030621
030622
030623
030624
030625
030627
030628
030629
030630
030631
030632
030633
030634
030635
030636
030637
030638
030640
030643
030645
030646
030647
030648
030649
030650
030651
030652
030653
030654
030655
030656
030657
030658
030659
030660
030662
030663
030664
030665
030666
030667
030668
030669
030670
030671
030672
030673
030674
030675
030676
030678
030679
030680
030681
030683
030684
030686
030688
030689
030690
030691
030692
030695
030696
030697
030699
030700
030701
030702
030703
030705
030706
030707
030708
030709
030710
030711
030712
030713
030714
030716
030717
030718
030719
030720
030721
030724
030725
030726
030727
030728
030729
030732
030733
030735
030736
030737
030738
030739
030740
030741
030742
030743
030744
030745
030746
030747
030748
030749
030750
030751
030754
030755
030757
030758
030759
030761
030762
030763
030764
030765
030766
030767
030768
030769
030770
030772
030773
030774
030775
030776
030779
030780
030781
030782
030783
030785
030786
030787
030788
030789
030790
030791
030792
030793
030794
030795
030796
030797
030800
030801
030802
030803
030804
030805
030806
030807
030808
030809
030810
030811
030813
030814
030815
030816
030817
030818
030819
030820
030821
030823
030824
030825
030826
030827
030828
030829
030830
030831
030834
030835
030836
030838
030839
030840
030841
030844
030846
030847
030848
030849
030850
030851
030852
030853
030855
030856
030857
030858
030859
030861
030863
030864
030866
030868
030869
030870
030872
030873
030874
030875
030876
030877
030878
030879
030880
030881
030882
030883
030884
030889
030890
030892
030893
030894
030895
030896
030897
030898
030899
030900
030901
030902
030903
030904
030905
030906
030907
030908
030909
030911
030912
030913
030915
030916
030917
030918
030920
030922
030923
030924
030925
030926
030928
030929
030931
030932
030933
030934
030935
030938
030939
030940
030941
030942
030943
030944
030945
030946
030949
030951
030952
030953
030954
030955
030956
030957
030958
030959
030960
030961
030962
030963
030965
030966
030967
030969
030971
030972
030973
030975
030976
030977
030979
030980
030981
030982
030983
030985
030986
030987
030988
030989
030990
030992
030993
030994
030995
030996
030997
030998
030999
031000
031001
031002
031003
031005
031007
031008
031012
031013
031014
031015
031017
031018
031019
031021
031024
031025
031026
031027
031028
031030
031031
031032
031034
031035
031036
031037
031038
031039
031040
031041
031042
031043
031045
031047
031048
031049
031050
031052
031053
031055
031058
031059
031060
031061
031063
031064
031065
031066
031067
031068
031070
031071
031072
031075
031079
031080
031081
031082
031084
031085
031086
031087
031088
031089
031090
031091
031092
031093
031094
031095
031096
031097
031098
031101
031102
031103
031105
031106
031107
031108
031109
031110
031111
031113
031116
031117
031118
031119
031120
031122
031123
031124
031126
031127
031129
031130
031131
031132
031134
031135
031136
031138
031139
031140
031141
031142
031143
031144
031145
031147
031149
031150
031151
031152
031153
031155
031156
031157
031158
031159
031161
031162
031163
031164
031166
031167
031168
031169
031170
031171
031172
031173
031174
031175
031176
031177
031178
031179
031181
031183
031185
031186
031187
031188
031189
031190
031191
031192
031193
031195
031196
031197
031198
031199
031200
031201
031205
031206
031207
031208
031209
031210
031211
031212
031213
031214
031215
031216
031217
031218
031220
031221
031222
031223
031224
031225
031226
031227
031228
031229
031230
031231
031232
031233
031234
031235
031236
031237
031238
031240
031242
031243
031244
031247
031248
031249
031250
031251
031252
031254
031256
031257
031258
031259
031260
031262
031263
031264
031266
031267
031269
031270
031272
031273
031274
031275
031276
031277
031278
031279
031280
031283
031284
031285
031286
031287
031288
031290
031291
031292
031293
031294
031295
031296
031297
031298
031299
031300
031301
031304
031306
031307
031308
031310
031311
031312
031313
031314
031315
031316
031317
031318
031319
031320
031321
031322
031325
031326
031328
031329
031330
031331
031332
031333
031334
031335
031336
031337
031340
031341
031343
031344
031345
031347
031349
031351
031352
031353
031354
031355
031356
031358
031359
031360
031361
031362
031363
031365
031366
031369
031370
031371
031372
031373
031374
031375
031376
031377
031378
031380
031382
031384
031385
031386
031388
031389
031390
031391
031392
031393
031394
031395
031396
031397
031398
031399
031400
031401
031402
031404
031406
031407
031409
031411
031412
031413
031415
031416
031418
031419
031420
031422
031423
031424
031425
031426
031427
031429
031430
031431
031432
031433
031434
031435
031436
031438
031439
031440
031442
031444
031445
031446
031447
031448
031450
031451
031452
031454
031455
031456
031457
031459
031460
031461
031464
031467
031468
031469
031470
031471
031473
031474
031475
031476
031477
031478
031479
031480
031482
031483
031484
031486
031487
031488
031489
031490
031491
031492
031493
031494
031495
031496
031497
031499
031501
031502
031503
031504
031506
031507
031508
031511
031512
031513
031514
031515
031516
031517
031518
031519
031520
031521
031522
031523
031524
031525
031526
031527
031531
031532
031534
031535
031536
031537
031538
031539
031540
031541
031542
031543
031544
031546
031547
031549
031550
031551
031552
031553
031554
031555
031556
031557
031558
031560
031561
031562
031563
031564
031565
031566
031567
031568
031569
031570
031571
031573
031575
031576
031577
031578
031579
031581
031582
031583
031584
031585
031586
031587
031590
031591
031592
031593
031594
031595
031596
031597
031598
031599
031600
031601
031602
031603
031604
031605
031606
031607
031610
031612
031613
031614
031615
031616
031617
031620
031621
031622
031624
031625
031627
031628
031629
031630
031631
031632
031634
031635
031637
031638
031639
031640
031641
031644
031646
031647
031648
031649
031650
031651
031652
031653
031654
031655
031656
031658
031659
031660
031661
031662
031663
031664
031665
031666
031668
031670
031671
031672
031673
031675
031677
031679
031681
031682
031685
031688
031689
031691
031692
031693
031694
031695
031696
031697
031701
031702
031703
031704
031705
031706
031707
031708
031709
031710
031711
031712
031714
031715
031716
031717
031718
031721
031722
031723
031724
031725
031726
031729
031730
031731
031732
031734
031735
031736
031737
031738
031739
031740
031741
031742
031743
031744
031745
031746
031748
031749
031750
031751
031752
031753
031754
031755
031756
031757
031758
031759
031760
031761
031762
031763
031764
031765
031766
031767
031768
031769
031771
031772
031773
031774
031775
031776
031778
031779
031780
031781
031782
031783
031785
031786
031787
031788
031790
031791
031792
031795
031796
031797
031798
031799
031801
031802
031803
031805
031806
031807
031808
031809
031811
031812
031813
031814
031815
031816
031818
031820
031821
031822
031823
031824
031825
031826
031827
031829
031830
031831
031832
031833
031834
031835
031836
031837
031838
031840
031841
031842
031843
031845
031846
031847
031848
031849
031850
031851
031852
031854
031856
031858
031859
031861
031862
031863
031864
031865
031867
031869
031870
031871
031872
031873
031874
031875
031876
031877
031878
031879
031880
031881
031882
031883
031884
031885
031886
031889
031890
031891
031892
031894
031895
031896
031897
031898
031900
031901
031902
031903
031905
031906
031907
031909
031910
031911
031913
031914
031915
031916
031917
031918
031919
031920
031921
031922
031923
031924
031925
031926
031927
031928
031931
031932
031933
031935
031937
031938
031939
031941
031944
031947
031948
031949
031951
031953
031954
031955
031957
031958
031959
031960
031961
031962
031963
031964
031965
031966
031968
031969
031970
031971
031972
031974
031976
031977
031978
031979
031980
031981
031982
031983
031984
031985
031986
031987
031988
031989
031990
031992
031993
031994
031997
031998
032000
032001
032003
032004
032005
032006
032007
032008
032010
032011
032012
032013
032014
032015
032017
032020
032021
032022
032023
032024
032025
032026
032028
032029
032030
032031
032033
032034
032036
032038
032039
032040
032042
032043
032044
032045
032046
032047
032049
032050
032052
032053
032055
032056
032058
032061
032062
032064
032065
032066
032067
032068
032069
032070
032071
032072
032075
032076
032077
032078
032079
032080
032081
032082
032083
032084
032085
032088
032090
032091
032093
032094
032095
032096
032098
032099
032100
032101
032104
032105
032106
032107
032108
032110
032111
032113
032114
032115
032117
032118
032120
032121
032122
032123
032128
032129
032131
032132
032133
032134
032136
032137
032138
032139
032141
032143
032147
032149
032150
032151
032153
032154
032155
032156
032157
032160
032161
032162
032163
032164
032165
032168
032169
032170
032171
032172
032173
032174
032175
032176
032177
032178
032179
032180
032181
032182
032183
032185
032186
032187
032188
032190
032191
032192
032194
032195
032196
032198
032199
032202
032204
032205
032206
032208
032210
032211
032212
032214
032215
032216
032217
032218
032219
032220
032221
032222
032223
032224
032225
032226
032228
032229
032230
032231
032232
032233
032234
032235
032237
032240
032242
032243
032244
032245
032246
032249
032250
032251
032252
032253
032254
032256
032257
032258
032259
032260
032261
032262
032263
032264
032265
032266
032267
032268
032269
032271
032274
032275
032277
032278
032280
032281
032283
032284
032285
032286
032287
032288
032289
032291
032292
032293
032294
032295
032296
032297
032298
032299
032300
032301
032303
032305
032307
032308
032311
032312
032313
032314
032317
032319
032320
032321
032322
032323
032325
032326
032327
032328
032329
032330
032331
032333
032334
032335
032337
032338
032339
032340
032341
032342
032343
032344
032346
032347
032348
032349
032350
032351
032352
032353
032355
032356
032358
032359
032360
032362
032363
032365
032367
032368
032370
032371
032377
032378
032380
032381
032382
032383
032384
032385
032388
032389
032390
032391
032392
032393
032394
032395
032396
032397
032398
032399
032400
032401
032402
032404
032405
032406
032410
032411
032412
032414
032416
032417
032418
032419
032420
032421
032423
032424
032428
032429
032430
032431
032433
032434
032435
032436
032437
032438
032440
032441
032442
032443
032444
032445
032446
032447
032448
032449
032450
032451
032452
032453
032454
032455
032457
032458
032459
032460
032461
032462
032463
032464
032465
032468
032470
032471
032472
032473
032475
032477
032478
032479
032480
032481
032482
032483
032484
032485
032486
032487
032488
032489
032490
032491
032492
032493
032494
032495
032497
032498
032499
032500
032501
032502
032503
032504
032505
032506
032507
032508
032511
032512
032513
032514
032515
032516
032517
032520
032521
032522
032523
032524
032525
032526
032529
032530
032531
032532
032533
032534
032535
032536
032537
032538
032539
032541
032542
032543
032545
032546
032547
032551
032552
032553
032554
032555
032556
032557
032559
032560
032561
032563
032565
032566
032569
032570
032571
032572
032573
032574
032576
032577
032578
032579
032580
032581
032582
032583
032584
032585
032586
032587
032589
032590
032591
032592
032593
032594
032595
032596
032597
032598
032599
032600
032601
032602
032603
032604
032606
032607
032608
032609
032610
032611
032612
032613
032615
032616
032617
032618
032619
032620
032621
032622
032623
032624
032625
032626
032627
032628
032630
032632
032633
032634
032635
032637
032638
032639
032640
032641
032642
032643
032644
032645
032647
032648
032650
032653
032655
032658
032659
032660
032661
032662
032663
032665
032667
032668
032669
032670
032671
032673
032674
032675
032676
032677
032678
032680
032681
032682
032683
032684
032686
032687
032689
032690
032691
032692
032693
032694
032695
032697
032698
032700
032701
032702
032703
032704
032705
032707
032708
032709
032710
032711
032712
032713
032714
032717
032718
032720
032721
032723
032724
032725
032726
032728
032729
032730
032731
032732
032733
032736
032737
032739
032740
032741
032742
032743
032744
032745
032746
032747
032748
032749
032750
032751
032752
032754
032755
032756
032757
032760
032761
032762
032763
032764
032765
032766
032767
032768
032769
032770
032771
032772
032773
032774
032775
032776
032777
032778
032779
032780
032781
032782
032783
032784
032785
032787
032789
032792
032793
032796
032797
032802
032803
032804
032806
032807
032808
032809
032810
032811
032812
032813
032814
032815
032816
032817
032818
032819
032820
032821
032825
032827
032829
032833
032834
032836
032838
032839
032840
032842
032843
032844
032845
032846
032847
032848
032851
032852
032853
032854
032855
032856
032859
032860
032861
032863
032864
032865
032866
032868
032869
032870
032871
032872
032874
032875
032877
032878
032879
032880
032881
032882
032884
032885
032886
032887
032888
032889
032890
032892
032893
032896
032897
032899
032900
032901
032902
032903
032904
032905
032906
032907
032908
032909
032910
032911
032913
032915
032916
032918
032919
032920
032921
032924
032925
032927
032928
032929
032930
032932
032933
032934
032937
032939
032940
032941
032942
032945
032946
032947
032949
032950
032951
032952
032953
032955
032956
032957
032959
032960
032961
032962
032963
032964
032967
032968
032969
032970
032971
032972
032973
032976
032977
032978
032980
032981
032982
032983
032984
032986
032987
032988
032991
032992
032993
032994
032995
032996
032997
032998
032999
033000
033002
033004
033005
033006
033007
033008
033010
033011
033012
033013
033014
033015
033016
033017
033018
033019
033020
033021
033023
033024
033025
033026
033027
033028
033029
033032
033034
033036
033038
033039
033040
033041
033042
033043
033045
033047
033049
033050
033051
033052
033053
033054
033055
033056
033057
033059
033060
033061
033062
033063
033064
033066
033068
033070
033071
033072
033073
033074
033075
033076
033077
033079
033081
033082
033083
033084
033085
033086
033088
033089
033090
033091
033092
033093
033094
033095
033096
033097
033098
033099
033100
033101
033102
033103
033105
033107
033108
033109
033110
033111
033112
033113
033115
033117
033118
033120
033122
033123
033124
033125
033126
033128
033129
033131
033132
033133
033137
033138
033139
033140
033141
033143
033146
033147
033148
033149
033150
033151
033152
033155
033157
033158
033159
033160
033161
033162
033163
033165
033166
033167
033169
033170
033171
033172
033173
033174
033175
033176
033178
033179
033181
033182
033183
033184
033185
033186
033187
033188
033190
033191
033192
033193
033194
033195
033196
033199
033200
033201
033202
033203
033204
033205
033206
033207
033208
033209
033211
033213
033214
033216
033217
033218
033219
033221
033222
033223
033224
033225
033226
033227
033228
033229
033230
033231
033232
033233
033234
033237
033238
033239
033240
033241
033242
033243
033244
033245
033246
033247
033249
033251
033252
033253
033254
033255
033256
033258
033259
033261
033263
033264
033265
033266
033267
033268
033269
033270
033271
033272
033275
033277
033278
033279
033280
033281
033282
033283
033285
033286
033287
033288
033289
033290
033291
033292
033293
033296
033297
033298
033300
033301
033302
033304
033305
033306
033307
033308
033309
033310
033312
033313
033314
033315
033317
033318
033319
033320
033323
033324
033325
033326
033328
033329
033331
033334
033335
033337
033338
033339
033341
033342
033343
033344
033345
033346
033347
033348
033349
033350
033351
033352
033353
033354
033355
033356
033358
033359
033360
033362
033363
033365
033366
033368
033369
033370
033371
033372
033373
033375
033376
033377
033378
033379
033380
033381
033382
033383
033384
033385
033387
033388
033389
033390
033391
033392
033394
033395
033397
033398
033399
033400
033401
033403
033404
033405
033406
033407
033408
033410
033411
033412
033413
033415
033416
033417
033418
033419
033420
033421
033422
033423
033425
033427
033428
033430
033431
033432
033433
033434
033435
033436
033438
033439
033440
033441
033442
033443
033444
033446
033447
033448
033450
033452
033453
033455
033458
033459
033461
033462
033463
033464
033465
033466
033468
033469
033470
033471
033474
033475
033476
033477
033479
033480
033481
033482
033483
033484
033485
033486
033488
033491
033492
033493
033494
033495
033496
033498
033499
033500
033501
033502
033503
033505
033506
033507
033508
033510
033511
033512
033513
033515
033516
033517
033518
033519
033521
033522
033523
033524
033525
033527
033529
033530
033531
033532
033533
033535
033536
033537
033538
033539
033540
033541
033542
033543
033544
033545
033546
033550
033551
033552
033553
033554
033556
033557
033558
033559
033560
033561
033562
033563
033564
033567
033568
033570
033571
033572
033573
033574
033575
033576
033577
033578
033579
033580
033584
033585
033586
033587
033589
033590
033591
033593
033594
033595
033596
033597
033598
033599
033600
033601
033602
033603
033606
033607
033609
033610
033611
033612
033613
033614
033615
033616
033618
033619
033620
033621
033622
033623
033624
033626
033627
033629
033630
033631
033633
033635
033636
033637
033638
033639
033640
033641
033642
033643
033644
033645
033646
033647
033648
033649
033654
033656
033657
033658
033659
033660
033661
033662
033663
033664
033665
033666
033667
033668
033669
033671
033672
033673
033674
033676
033677
033678
033679
033680
033681
033682
033684
033685
033686
033687
033689
033690
033691
033692
033694
033695
033696
033697
033699
033700
033701
033702
033703
033706
033707
033709
033710
033711
033712
033713
033714
033715
033716
033717
033718
033719
033720
033721
033722
033724
033725
033726
033727
033728
033730
033731
033732
033733
033734
033735
033736
033737
033738
033739
033740
033741
033742
033743
033744
033745
033747
033748
033749
033750
033752
033753
033754
033755
033757
033758
033760
033762
033763
033764
033766
033767
033768
033770
033771
033772
033773
033774
033775
033776
033777
033778
033780
033781
033782
033783
033784
033786
033787
033788
033789
033790
033792
033793
033794
033795
033797
033798
033799
033800
033801
033802
033803
033804
033806
033808
033809
033810
033811
033812
033813
033814
033815
033817
033818
033819
033820
033821
033822
033823
033824
033825
033826
033828
033829
033830
033831
033832
033833
033834
033835
033836
033837
033838
033839
033840
033843
033845
033846
033847
033849
033850
033851
033852
033853
033854
033855
033856
033857
033858
033859
033860
033861
033862
033863
033864
033866
033867
033868
033869
033873
033874
033875
033876
033877
033878
033879
033880
033881
033883
033884
033886
033887
033888
033889
033890
033891
033892
033893
033894
033895
033896
033897
033898
033900
033901
033902
033904
033905
033906
033907
033908
033910
033911
033912
033913
033915
033918
033919
033920
033921
033922
033923
033924
033925
033926
033927
033928
033929
033930
033932
033933
033934
033935
033939
033940
033941
033942
033944
033945
033946
033947
033950
033951
033952
033953
033956
033957
033958
033960
033961
033962
033963
033964
033965
033968
033969
033970
033972
033973
033975
033976
033977
033978
033979
033980
033982
033983
033984
033985
033986
033987
033988
033989
033990
033991
033992
033993
033994
033998
034000
034001
034002
034003
034004
034005
034006
034007
034008
034009
034010
034011
034014
034015
034017
034018
034020
034021
034022
034023
034025
034026
034027
034028
034030
034031
034033
034034
034035
034037
034038
034039
034040
034041
034042
034044
034045
034046
034047
034048
034050
034051
034052
034054
034056
034057
034058
034059
034060
034061
034062
034063
034064
034065
034066
034067
034068
034070
034071
034073
034074
034075
034076
034077
034078
034079
034080
034081
034082
034083
034084
034085
034086
034087
034090
034091
034092
034094
034095
034097
034098
034100
034102
034103
034104
034105
034106
034107
034108
034109
034110
034111
034113
034114
034115
034116
034117
034118
034119
034120
034121
034122
034123
034125
034126
034128
034129
034130
034132
034133
034135
034136
034137
034138
034139
034140
034141
034142
034143
034144
034146
034147
034148
034150
034153
034154
034155
034156
034157
034158
034159
034160
034161
034162
034163
034164
034165
034166
034168
034169
034170
034171
034172
034173
034175
034176
034177
034178
034181
034182
034183
034186
034187
034188
034189
034190
034191
034194
034195
034196
034197
034199
034200
034201
034202
034203
034204
034205
034207
034208
034209
034210
034211
034213
034214
034215
034216
034217
034218
034219
034220
034221
034222
034225
034226
034229
034230
034231
034232
034233
034234
034235
034236
034237
034238
034240
034241
034242
034243
034244
034246
034248
034249
034250
034251
034253
034255
034257
034258
034259
034260
034261
034262
034263
034264
034265
034267
034268
034269
034270
034271
034272
034273
034275
034276
034277
034278
034279
034280
034283
034284
034285
034287
034288
034289
034291
034292
034293
034294
034296
034297
034298
034299
034300
034302
034304
034305
034307
034308
034309
034310
034311
034312
034316
034317
034319
034320
034321
034322
034323
034324
034325
034326
034327
034328
034329
034330
034331
034332
034333
034334
034336
034337
034338
034339
034340
034341
034343
034344
034345
034346
034347
034348
034349
034350
034353
034354
034355
034356
034357
034359
034361
034362
034363
034364
034365
034366
034368
034370
034374
034375
034376
034377
034378
034380
034381
034382
034384
034386
034388
034389
034390
034391
034392
034393
034394
034395
034397
034398
034399
034400
034401
034402
034404
034405
034406
034408
034409
034411
034412
034413
034414
034415
034416
034417
034418
034419
034420
034421
034422
034425
034427
034429
034432
034433
034434
034435
034437
034438
034439
034440
034441
034442
034443
034445
034447
034448
034449
034450
034451
034452
034453
034454
034455
034456
034457
034458
034459
034460
034462
034464
034465
034466
034469
034470
034472
034474
034475
034476
034477
034478
034479
034480
034481
034482
034483
034484
034485
034486
034487
034488
034489
034491
034494
034495
034496
034497
034499
034501
034502
034503
034504
034505
034506
034508
034509
034510
034511
034512
034513
034514
034516
034517
034518
034519
034520
034521
034522
034523
034524
034525
034526
034529
034530
034531
034532
034533
034534
034536
034537
034538
034539
034540
034541
034542
034545
034546
034547
034548
034549
034550
034551
034552
034553
034554
034555
034556
034557
034558
034560
034561
034562
034563
034565
034566
034567
034568
034569
034570
034571
034572
034573
034574
034575
034576
034577
034580
034581
034582
034583
034584
034585
034586
034587
034588
034589
034590
034591
034592
034593
034594
034595
034598
034600
034601
034602
034603
034604
034605
034606
034607
034608
034609
034610
034611
034613
034614
034615
034617
034618
034619
034620
034621
034622
034623
034624
034625
034626
034627
034628
034629
034630
034632
034633
034634
034635
034637
034640
034642
034643
034644
034645
034646
034647
034648
034650
034651
034652
034653
034656
034657
034658
034659
034660
034661
034662
034663
034665
034666
034668
034670
034671
034674
034675
034676
034677
034678
034680
034681
034682
034683
034684
034685
034687
034688
034689
034692
034693
034694
034695
034696
034698
034699
034700
034701
034702
034703
034704
034705
034706
034707
034708
034709
034710
034712
034714
034715
034716
034717
034718
034719
034720
034721
034722
034723
034724
034725
034726
034727
034728
034731
034732
034733
034734
034735
034736
034737
034739
034740
034741
034742
034744
034745
034746
034747
034749
034750
034753
034755
034756
034758
034759
034760
034761
034762
034763
034766
034767
034768
034769
034770
034771
034772
034773
034774
034775
034777
034778
034781
034782
034783
034784
034786
034787
034788
034790
034791
034792
034793
034794
034795
034796
034797
034798
034799
034800
034801
034803
034804
034805
034806
034807
034809
034810
034811
034812
034813
034814
034815
034816
034817
034818
034819
034820
034822
034824
034825
034826
034827
034828
034829
034830
034832
034833
034834
034835
034837
034838
034841
034843
034844
034846
034847
034848
034849
034850
034853
034854
034855
034856
034857
034858
034859
034860
034861
034862
034863
034864
034865
034866
034867
034868
034869
034871
034872
034873
034874
034875
034876
034877
034878
034879
034880
034883
034884
034885
034886
034888
034890
034891
034892
034893
034894
034896
034898
034899
034900
034902
034903
034904
034905
034906
034907
034908
034909
034912
034913
034914
034916
034917
034919
034920
034921
034922
034923
034924
034925
034926
034927
034928
034929
034931
034932
034933
034934
034935
034936
034937
034938
034939
034940
034942
034943
034944
034945
034946
034947
034948
034950
034951
034952
034953
034954
034955
034956
034957
034958
034959
034960
034961
034963
034964
034965
034966
034967
034969
034970
034971
034972
034976
034977
034978
034979
034980
034982
034983
034985
034986
034987
034990
034992
034993
034996
034997
034998
034999
035000
035001
035003
035004
035006
035007
035008
035009
035010
035012
035013
035015
035016
035019
035020
035021
035022
035023
035025
035026
035027
035028
035029
035030
035032
035034
035035
035036
035037
035038
035040
035041
035042
035043
035044
035045
035046
035048
035051
035052
035054
035055
035057
035059
035060
035062
035065
035066
035067
035068
035069
035070
035071
035072
035074
035075
035076
035077
035078
035079
035080
035081
035082
035083
035086
035088
035089
035092
035093
035094
035095
035097
035098
035099
035100
035101
035102
035105
035106
035108
035110
035111
035112
035113
035114
035115
035116
035117
035118
035119
035120
035123
035124
035125
035126
035127
035129
035130
035132
035133
035134
035135
035136
035137
035138
035139
035140
035141
035142
035143
035144
035145
035146
035149
035150
035151
035153
035156
035157
035158
035159
035160
035161
035162
035163
035164
035165
035167
035168
035169
035170
035171
035172
035174
035175
035176
035177
035179
035180
035181
035182
035184
035185
035186
035187
035190
035191
035192
035193
035194
035195
035198
035200
035201
035202
035203
035205
035206
035207
035208
035210
035212
035213
035214
035216
035217
035219
035221
035222
035225
035228
035230
035232
035233
035234
035235
035236
035239
035240
035241
035242
035243
035244
035245
035246
035248
035249
035251
035252
035253
035255
035258
035259
035260
035262
035264
035268
035269
035270
035272
035273
035274
035278
035279
035280
035283
035284
035285
035287
035288
035289
035290
035292
035293
035294
035295
035296
035297
035298
035299
035300
035301
035302
035303
035304
035305
035306
035307
035309
035312
035313
035314
035315
035316
035317
035318
035319
035320
035321
035322
035323
035324
035326
035327
035328
035329
035331
035332
035335
035336
035338
035339
035340
035341
035342
035343
035344
035345
035346
035348
035349
035351
035352
035353
035354
035355
035357
035358
035359
035360
035362
035363
035364
035365
035366
035367
035368
035370
035371
035372
035373
035374
035375
035376
035377
035378
035381
035382
035384
035385
035387
035388
035389
035390
035391
035393
035395
035396
035397
035398
035399
035400
035402
035403
035404
035406
035407
035408
035409
035410
035411
035412
035413
035414
035416
035417
035418
035420
035421
035422
035423
035424
035425
035426
035427
035430
035431
035432
035433
035434
035435
035436
035437
035440
035441
035442
035444
035445
035446
035447
035449
035450
035452
035453
035454
035456
035457
035458
035459
035460
035461
035463
035464
035465
035466
035467
035468
035469
035470
035472
035473
035474
035475
035477
035478
035479
035480
035481
035482
035484
035485
035486
035487
035488
035490
035491
035492
035493
035494
035495
035497
035498
035499
035500
035501
035502
035505
035506
035507
035508
035509
035510
035511
035514
035516
035517
035518
035519
035520
035521
035522
035523
035524
035525
035527
035529
035530
035531
035532
035533
035534
035535
035536
035538
035539
035540
035541
035542
035544
035547
035548
035549
035550
035551
035553
035554
035555
035556
035557
035558
035559
035560
035561
035562
035563
035564
035565
035567
035568
035570
035571
035572
035573
035574
035575
035577
035578
035579
035580
035581
035584
035585
035586
035588
035589
035590
035592
035593
035595
035597
035598
035599
035600
035601
035602
035604
035606
035607
035608
035609
035610
035611
035612
035613
035615
035616
035617
035618
035619
035620
035621
035622
035623
035624
035625
035626
035627
035628
035629
035630
035631
035632
035633
035634
035635
035636
035637
035638
035639
035640
035641
035642
035643
035644
035646
035647
035648
035649
035650
035651
035652
035653
035654
035656
035657
035658
035659
035660
035661
035662
035663
035664
035665
035667
035670
035671
035672
035673
035674
035675
035676
035678
035679
035680
035681
035682
035683
035684
035685
035686
035688
035690
035691
035692
035693
035695
035696
035698
035700
035701
035702
035704
035705
035707
035708
035709
035711
035712
035713
035714
035715
035716
035719
035720
035721
035722
035723
035724
035725
035726
035727
035729
035730
035731
035732
035733
035734
035735
035736
035737
035740
035741
035742
035743
035744
035745
035746
035747
035748
035749
035750
035751
035752
035753
035754
035757
035758
035759
035760
035761
035762
035763
035764
035765
035766
035767
035768
035769
035770
035771
035772
035773
035774
035775
035776
035777
035778
035779
035781
035782
035783
035785
035786
035787
035788
035789
035790
035791
035792
035793
035794
035796
035798
035799
035800
035801
035802
035803
035804
035805
035807
035808
035809
035810
035811
035812
035813
035814
035815
035816
035817
035818
035820
035821
035822
035823
035824
035826
035827
035829
035830
035831
035832
035833
035834
035835
035836
035837
035838
035839
035840
035841
035842
035843
035844
035846
035847
035848
035849
035851
035852
035853
035854
035855
035857
035858
035859
035860
035861
035862
035864
035865
035866
035869
035870
035872
035873
035874
035875
035876
035878
035879
035880
035881
035882
035883
035884
035886
035887
035888
035889
035890
035891
035893
035894
035895
035897
035898
035899
035900
035901
035902
035903
035904
035905
035906
035907
035908
035910
035913
035914
035915
035916
035917
035918
035919
035920
035921
035922
035923
035924
035926
035927
035928
035929
035930
035931
035932
035933
035935
035937
035939
035940
035941
035943
035944
035945
035946
035947
035949
035950
035951
035953
035954
035955
035956
035957
035958
035959
035960
035961
035962
035963
035964
035966
035967
035969
035970
035972
035973
035975
035976
035978
035979
035980
035981
035983
035984
035985
035986
035987
035988
035989
035990
035991
035993
035994
035998
035999
036000
036001
036003
036007
036008
036009
036010
036011
036012
036013
036014
036015
036016
036017
036019
036020
036021
036022
036023
036024
036025
036026
036028
036029
036031
036033
036037
036038
036039
036040
036041
036042
036044
036045
036046
036047
036048
036049
036050
036052
036053
036054
036055
036056
036057
036058
036059
036061
036062
036064
036065
036066
036067
036068
036069
036070
036071
036072
036073
036074
036075
036077
036078
036079
036080
036081
036082
036083
036084
036085
036086
036087
036088
036090
036091
036092
036094
036095
036097
036098
036099
036101
036102
036103
036104
036105
036106
036107
036108
036109
036110
036112
036113
036114
036115
036116
036117
036118
036120
036121
036122
036123
036124
036125
036126
036127
036128
036129
036130
036131
036134
036135
036136
036137
036138
036139
036140
036141
036142
036143
036144
036145
036147
036148
036149
036150
036151
036152
036153
036154
036155
036156
036158
036160
036161
036163
036164
036165
036166
036167
036168
036169
036170
036171
036172
036173
036174
036175
036176
036179
036180
036181
036182
036183
036184
036187
036188
036190
036192
036193
036194
036196
036197
036198
036199
036200
036201
036202
036203
036204
036205
036206
036208
036209
036211
036212
036214
036215
036217
036218
036219
036220
036221
036223
036225
036227
036229
036230
036231
036232
036234
036235
036236
036237
036238
036239
036242
036243
036245
036246
036249
036250
036251
036252
036253
036254
036255
036257
036258
036259
036260
036261
036262
036263
036265
036267
036268
036270
036271
036272
036273
036275
036276
036277
036278
036280
036282
036283
036284
036285
036286
036287
036288
036289
036291
036292
036293
036295
036297
036298
036299
036300
036301
036302
036303
036304
036305
036307
036309
036310
036311
036312
036313
036314
036316
036317
036318
036321
036322
036323
036324
036325
036326
036327
036328
036329
036330
036331
036332
036334
036335
036336
036337
036338
036339
036340
036341
036342
036343
036344
036346
036347
036348
036349
036351
036353
036354
036356
036357
036358
036360
036362
036363
036364
036365
036366
036367
036368
036369
036370
036371
036372
036373
036374
036375
036377
036378
036379
036380
036381
036382
036383
036384
036386
036387
036389
036390
036391
036392
036393
036394
036395
036396
036401
036402
036403
036404
036405
036406
036407
036408
036409
036410
036411
036412
036413
036414
036415
036416
036419
036421
036422
036423
036424
036425
036426
036427
036428
036429
036430
036431
036432
036434
036436
036437
036438
036439
036440
036441
036442
036443
036444
036445
036447
036448
036449
036450
036451
036452
036453
036454
036455
036457
036458
036460
036461
036462
036463
036465
036466
036467
036468
036469
036470
036471
036473
036478
036479
036480
036481
036485
036486
036487
036488
036489
036490
036491
036492
036493
036494
036495
036496
036497
036498
036499
036500
036501
036502
036504
036506
036507
036508
036509
036510
036511
036512
036513
036514
036515
036516
036517
036518
036519
036520
036521
036522
036523
036524
036525
036528
036530
036531
036533
036534
036535
036538
036539
036540
036542
036543
036544
036545
036546
036547
036548
036549
036550
036551
036553
036554
036555
036556
036557
036559
036560
036561
036562
036563
036564
036567
036568
036569
036571
036572
036573
036574
036575
036576
036577
036578
036579
036580
036581
036584
036586
036587
036589
036590
036591
036592
036594
036595
036596
036597
036598
036599
036600
036601
036602
036603
036604
036607
036608
036610
036611
036613
036615
036617
036618
036619
036620
036621
036622
036625
036626
036627
036628
036629
036630
036631
036632
036633
036634
036635
036636
036637
036638
036640
036641
036643
036644
036646
036647
036648
036650
036651
036652
036653
036654
036655
036656
036657
036658
036659
036660
036662
036665
036666
036667
036668
036669
036670
036671
036672
036674
036676
036677
036679
036680
036682
036683
036684
036685
036686
036687
036688
036689
036690
036692
036693
036696
036697
036698
036699
036700
036701
036702
036703
036704
036705
036706
036707
036708
036710
036713
036714
036715
036717
036718
036719
036720
036721
036722
036723
036724
036726
036727
036729
036730
036733
036734
036735
036736
036737
036738
036740
036743
036746
036747
036748
036749
036750
036751
036752
036755
036757
036758
036760
036761
036762
036764
036765
036766
036767
036769
036770
036772
036773
036774
036775
036776
036777
036780
036781
036782
036783
036784
036785
036787
036788
036789
036791
036792
036793
036794
036795
036796
036797
036798
036799
036801
036803
036804
036806
036808
036809
036810
036811
036812
036814
036815
036816
036817
036818
036819
036821
036822
036823
036826
036827
036828
036829
036830
036831
036832
036833
036835
036836
036837
036838
036839
036840
036841
036842
036843
036844
036845
036846
036847
036849
036850
036851
036853
036855
036857
036858
036859
036862
036863
036864
036865
036866
036867
036868
036869
036871
036872
036874
036875
036876
036877
036878
036879
036880
036881
036882
036883
036884
036885
036886
036887
036888
036889
036890
036891
036892
036893
036894
036895
036896
036897
036898
036899
036900
036901
036902
036903
036904
036905
036906
036907
036908
036909
036910
036911
036914
036915
036916
036917
036918
036919
036920
036921
036923
036924
036925
036926
036927
036928
036930
036931
036932
036933
036934
036935
036936
036937
036938
036939
036940
036941
036942
036943
036944
036946
036947
036948
036949
036950
036951
036952
036955
036957
036958
036959
036960
036961
036962
036963
036965
036966
036967
036968
036969
036970
036971
036972
036973
036975
036980
036982
036983
036984
036985
036986
036987
036989
036990
036991
036992
036993
036996
036997
036999
037000
037001
037002
037003
037004
037005
037008
037010
037012
037013
037015
037016
037017
037018
037021
037022
037023
037024
037025
037026
037027
037028
037029
037032
037033
037034
037035
037036
037037
037038
037039
037041
037042
037044
037045
037047
037049
037050
037051
037053
037054
037057
037058
037059
037060
037061
037062
037063
037064
037066
037067
037068
037069
037070
037071
037073
037074
037075
037076
037077
037078
037079
037080
037082
037083
037084
037085
037087
037089
037091
037093
037094
037096
037097
037098
037100
037101
037102
037103
037104
037106
037107
037109
037110
037111
037112
037113
037114
037115
037117
037118
037119
037120
037121
037122
037123
037125
037126
037127
037128
037129
037132
037133
037135
037136
037137
037138
037140
037141
037144
037145
037146
037147
037148
037149
037150
037151
037153
037154
037155
037157
037158
037159
037163
037164
037165
037166
037167
037169
037170
037172
037174
037175
037176
037177
037178
037179
037181
037182
037183
037184
037185
037186
037187
037188
037189
037190
037191
037192
037193
037194
037195
037196
037197
037198
037199
037200
037201
037203
037204
037205
037206
037207
037208
037209
037210
037211
037213
037214
037215
037216
037217
037218
037220
037221
037222
037226
037227
037228
037229
037230
037231
037232
037234
037235
037236
037237
037238
037239
037240
037243
037244
037245
037246
037247
037248
037249
037250
037251
037253
037254
037255
037257
037258
037259
037260
037261
037262
037263
037264
037265
037266
037267
037268
037269
037270
037271
037272
037273
037274
037276
037277
037278
037279
037280
037283
037284
037285
037286
037287
037289
037290
037291
037292
037293
037295
037296
037298
037299
037300
037301
037302
037303
037304
037306
037307
037308
037309
037310
037311
037312
037313
037314
037315
037316
037317
037318
037319
037320
037321
037322
037323
037324
037325
037326
037327
037328
037329
037330
037331
037332
037333
037334
037335
037336
037337
037338
037339
037341
037342
037343
037345
037346
037348
037349
037351
037352
037353
037354
037355
037356
037357
037358
037359
037360
037361
037362
037363
037364
037366
037368
037370
037371
037372
037373
037374
037375
037377
037378
037380
037381
037382
037383
037384
037385
037386
037387
037388
037389
037391
037392
037393
037396
037397
037398
037399
037400
037401
037403
037404
037405
037407
037408
037410
037412
037413
037415
037417
037418
037419
037420
037421
037423
037424
037425
037426
037427
037430
037431
037432
037434
037435
037436
037437
037438
037439
037440
037441
037442
037443
037444
037445
037447
037448
037450
037451
037452
037453
037454
037456
037457
037458
037462
037463
037464
037465
037466
037467
037468
037470
037471
037472
037474
037475
037476
037477
037478
037479
037480
037481
037484
037487
037488
037489
037490
037491
037492
037493
037494
037495
037496
037497
037498
037499
037500
037501
037502
037503
037507
037508
037509
037510
037512
037513
037514
037516
037517
037518
037519
037520
037522
037523
037525
037526
037527
037528
037530
037531
037532
037533
037534
037535
037536
037537
037539
037541
037542
037544
037545
037546
037547
037548
037549
037550
037551
037553
037554
037555
037556
037557
037561
037562
037563
037566
037567
037568
037569
037570
037573
037574
037575
037576
037577
037578
037580
037581
037582
037583
037585
037586
037588
037589
037590
037592
037593
037595
037596
037597
037598
037600
037601
037602
037603
037605
037607
037609
037611
037612
037614
037615
037616
037618
037619
037620
037621
037622
037623
037624
037625
037627
037628
037629
037630
037631
037633
037634
037635
037636
037639
037640
037641
037642
037644
037646
037647
037648
037649
037652
037653
037654
037655
037656
037657
037658
037659
037660
037661
037662
037663
037665
037666
037667
037669
037670
037672
037673
037674
037675
037676
037677
037678
037679
037681
037682
037683
037684
037685
037686
037687
037688
037689
037690
037691
037693
037694
037695
037696
037697
037699
037700
037702
037703
037706
037707
037709
037711
037712
037716
037718
037719
037720
037721
037724
037725
037727
037728
037729
037730
037731
037732
037734
037735
037736
037737
037739
037740
037741
037742
037743
037744
037745
037747
037748
037749
037750
037751
037752
037753
037754
037755
037757
037759
037761
037762
037763
037764
037765
037766
037767
037768
037769
037770
037771
037772
037773
037776
037778
037779
037780
037781
037782
037784
037785
037787
037788
037789
037791
037793
037795
037796
037797
037798
037799
037800
037801
037802
037803
037804
037805
037808
037809
037810
037811
037812
037813
037814
037815
037816
037817
037819
037820
037821
037822
037824
037825
037826
037827
037828
037829
037831
037832
037833
037834
037835
037837
037838
037839
037840
037841
037842
037843
037844
037846
037847
037848
037850
037851
037852
037853
037854
037855
037857
037858
037859
037860
037861
037864
037865
037867
037868
037869
037870
037871
037874
037876
037877
037878
037880
037881
037882
037883
037885
037886
037887
037888
037889
037890
037891
037893
037895
037896
037897
037898
037899
037900
037901
037903
037904
037905
037906
037907
037908
037909
037911
037912
037913
037916
037917
037919
037920
037921
037924
037926
037927
037928
037929
037930
037931
037932
037933
037935
037937
037938
037941
037942
037943
037944
037945
037946
037947
037948
037950
037951
037952
037954
037955
037957
037958
037959
037961
037962
037964
037965
037966
037967
037968
037969
037970
037971
037972
037973
037974
037975
037976
037977
037978
037979
037980
037981
037982
037984
037985
037986
037987
037988
037990
037991
037992
037993
037994
037995
037997
037998
037999
038000
038001
038003
038004
038005
038006
038007
038008
038009
038010
038011
038012
038013
038016
038017
038018
038019
038022
038023
038024
038025
038026
038028
038029
038030
038031
038033
038034
038037
038038
038039
038040
038041
038042
038043
038045
038046
038047
038048
038049
038050
038051
038052
038053
038054
038055
038056
038058
038060
038061
038062
038063
038065
038066
038067
038068
038069
038070
038072
038073
038074
038075
038076
038077
038078
038079
038080
038081
038082
038083
038084
038085
038086
038088
038090
038091
038092
038094
038095
038096
038097
038098
038100
038102
038103
038104
038106
038108
038109
038110
038111
038112
038113
038114
038115
038116
038117
038118
038120
038121
038122
038123
038124
038125
038126
038129
038130
038131
038132
038133
038134
038135
038136
038138
038139
038140
038141
038142
038143
038144
038146
038147
038148
038149
038150
038151
038153
038154
038155
038156
038158
038160
038161
038163
038166
038170
038171
038172
038173
038177
038178
038179
038180
038181
038183
038184
038185
038186
038187
038188
038190
038191
038192
038193
038194
038195
038197
038200
038201
038203
038204
038205
038207
038209
038210
038211
038212
038213
038214
038215
038216
038217
038218
038219
038220
038221
038222
038223
038225
038226
038227
038228
038229
038230
038231
038233
038234
038236
038238
038239
038241
038242
038243
038244
038245
038246
038247
038248
038249
038250
038251
038252
038253
038254
038255
038256
038257
038258
038259
038260
038261
038262
038263
038264
038265
038266
038267
038268
038270
038271
038272
038273
038274
038275
038276
038277
038278
038279
038280
038281
038282
038283
038285
038286
038287
038288
038289
038290
038291
038292
038293
038296
038297
038298
038299
038300
038301
038302
038303
038304
038305
038307
038309
038310
038311
038313
038314
038316
038317
038318
038319
038320
038324
038326
038327
038328
038331
038332
038334
038336
038338
038339
038340
038341
038342
038343
038345
038346
038347
038349
038351
038352
038353
038356
038357
038358
038359
038360
038361
038362
038363
038365
038366
038367
038368
038370
038371
038375
038376
038378
038381
038382
038383
038384
038386
038387
038389
038390
038391
038393
038395
038398
038399
038400
038401
038402
038404
038405
038406
038407
038408
038409
038410
038411
038412
038413
038414
038415
038416
038417
038418
038419
038420
038421
038422
038423
038424
038425
038426
038428
038430
038431
038432
038434
038435
038436
038437
038439
038440
038442
038443
038444
038445
038447
038448
038449
038450
038451
038452
038454
038455
038456
038457
038458
038459
038461
038462
038463
038466
038467
038468
038470
038471
038472
038473
038474
038475
038477
038483
038484
038485
038487
038488
038489
038490
038491
038493
038495
038497
038498
038499
038500
038501
038502
038503
038504
038505
038506
038507
038508
038509
038510
038511
038512
038513
038514
038515
038516
038517
038518
038519
038520
038522
038523
038525
038527
038528
038529
038530
038531
038532
038534
038536
038537
038539
038543
038544
038545
038546
038547
038548
038549
038551
038552
038554
038555
038556
038557
038558
038559
038560
038561
038562
038563
038564
038565
038566
038569
038570
038571
038572
038573
038574
038576
038577
038578
038579
038580
038582
038584
038585
038586
038587
038588
038589
038591
038592
038593
038594
038596
038597
038598
038600
038601
038602
038603
038604
038605
038606
038607
038610
038611
038612
038613
038614
038615
038617
038618
038619
038620
038621
038622
038623
038624
038625
038626
038627
038628
038629
038630
038631
038632
038635
038636
038637
038638
038639
038640
038641
038642
038644
038645
038646
038648
038651
038652
038653
038654
038656
038657
038658
038659
038660
038662
038663
038664
038665
038666
038668
038669
038670
038671
038672
038673
038674
038675
038676
038677
038678
038679
038680
038681
038682
038683
038684
038685
038686
038687
038688
038689
038690
038691
038692
038693
038694
038695
038696
038697
038698
038700
038701
038702
038703
038704
038705
038706
038708
038709
038710
038712
038713
038714
038715
038716
038717
038718
038719
038720
038721
038722
038723
038724
038725
038726
038728
038729
038730
038731
038733
038734
038735
038736
038737
038738
038739
038741
038742
038743
038744
038746
038747
038750
038751
038752
038753
038754
038755
038757
038759
038760
038761
038762
038763
038764
038765
038767
038768
038769
038770
038771
038772
038773
038774
038775
038776
038778
038779
038780
038781
038782
038783
038788
038789
038790
038791
038792
038793
038794
038795
038796
038797
038798
038799
038800
038801
038802
038803
038804
038805
038806
038807
038808
038809
038811
038813
038814
038816
038818
038822
038823
038824
038825
038826
038830
038831
038833
038834
038835
038836
038837
038838
038840
038841
038842
038843
038844
038845
038846
038848
038849
038850
038851
038852
038854
038855
038856
038857
038858
038859
038860
038861
038862
038863
038865
038866
038870
038872
038875
038876
038877
038878
038879
038880
038881
038882
038883
038884
038885
038886
038887
038889
038893
038896
038898
038899
038900
038902
038903
038905
038906
038907
038908
038910
038911
038912
038913
038914
038915
038916
038918
038919
038920
038921
038922
038923
038925
038927
038928
038929
038930
038931
038933
038934
038935
038936
038937
038938
038939
038941
038942
038943
038944
038945
038946
038948
038949
038950
038951
038952
038953
038954
038955
038956
038957
038958
038960
038961
038962
038963
038964
038965
038967
038968
038969
038970
038971
038972
038973
038974
038975
038976
038977
038978
038979
038980
038981
038982
038983
038984
038986
038987
038989
038990
038991
038992
038993
038994
038995
038996
038998
038999
039000
039001
039002
039003
039004
039005
039006
039008
039009
039012
039013
039015
039016
039017
039018
039019
039020
039022
039025
039026
039027
039028
039029
039030
039031
039032
039036
039040
039041
039042
039044
039045
039047
039050
039051
039053
039054
039056
039057
039058
039059
039061
039063
039064
039065
039066
039067
039068
039069
039070
039071
039072
039073
039074
039076
039077
039081
039082
039083
039085
039089
039090
039091
039092
039093
039094
039095
039096
039098
039099
039100
039101
039106
039107
039109
039110
039111
039112
039113
039114
039115
039116
039117
039118
039119
039120
039123
039124
039125
039127
039128
039129
039130
039132
039133
039134
039135
039136
039140
039141
039142
039143
039144
039145
039147
039149
039150
039151
039153
039155
039156
039157
039158
039159
039160
039162
039163
039164
039165
039166
039167
039168
039169
039170
039171
039172
039173
039174
039175
039176
039177
039178
039180
039181
039183
039184
039185
039186
039188
039189
039191
039192
039193
039194
039196
039197
039198
039199
039200
039201
039202
039203
039204
039205
039207
039208
039212
039213
039214
039216
039217
039218
039219
039220
039221
039223
039224
039225
039227
039228
039229
039230
039231
039232
039233
039234
039235
039236
039237
039238
039240
039241
039242
039243
039244
039245
039246
039247
039248
039251
039252
039254
039255
039256
039258
039259
039260
039261
039262
039263
039264
039266
039267
039268
039269
039270
039271
039272
039273
039274
039276
039278
039279
039281
039282
039283
039284
039285
039286
039287
039289
039290
039291
039293
039295
039297
039298
039299
039301
039302
039305
039307
039309
039310
039311
039312
039313
039314
039315
039316
039317
039318
039319
039320
039321
039322
039323
039324
039325
039327
039328
039329
039330
039331
039332
039333
039334
039335
039336
039337
039338
039339
039340
039341
039342
039343
039344
039345
039346
039347
039348
039349
039351
039352
039353
039354
039357
039358
039359
039361
039362
039363
039364
039365
039367
039368
039369
039370
039371
039374
039375
039377
039378
039379
039380
039382
039384
039385
039386
039387
039388
039389
039390
039392
039393
039395
039396
039397
039398
039399
039400
039401
039402
039403
039404
039405
039406
039407
039408
039409
039410
039412
039413
039414
039415
039416
039417
039418
039419
039421
039422
039423
039424
039425
039428
039429
039430
039431
039432
039433
039435
039436
039437
039439
039440
039441
039442
039443
039444
039445
039446
039447
039448
039449
039450
039451
039452
039453
039455
039456
039458
039460
039461
039462
039463
039464
039466
039467
039469
039470
039471
039472
039473
039474
039475
039476
039477
039478
039479
039480
039481
039482
039483
039484
039488
039489
039490
039491
039492
039493
039494
039495
039496
039497
039498
039499
039500
039502
039503
039504
039508
039510
039512
039513
039514
039515
039516
039517
039518
039519
039520
039521
039523
039524
039526
039527
039528
039529
039530
039531
039532
039533
039534
039535
039536
039537
039539
039540
039541
039542
039543
039544
039545
039546
039548
039549
039550
039551
039552
039554
039555
039556
039557
039558
039559
039561
039563
039564
039565
039566
039567
039571
039574
039575
039576
039577
039578
039579
039580
039584
039585
039586
039587
039588
039589
039590
039591
039592
039593
039594
039595
039596
039597
039598
039599
039600
039601
039602
039603
039605
039607
039608
039610
039611
039612
039613
039616
039618
039619
039620
039621
039622
039623
039625
039626
039627
039628
039629
039630
039632
039634
039635
039637
039638
039639
039640
039641
039642
039643
039644
039645
039646
039647
039649
039650
039651
039652
039653
039654
039655
039657
039658
039659
039660
039661
039663
039664
039666
039667
039668
039669
039670
039671
039672
039673
039675
039676
039677
039678
039679
039680
039681
039682
039683
039684
039685
039686
039688
039689
039690
039691
039694
039695
039696
039697
039699
039700
039701
039702
039703
039704
039705
039706
039707
039708
039709
039710
039712
039713
039714
039715
039716
039717
039718
039719
039720
039721
039722
039724
039725
039726
039727
039728
039729
039731
039732
039733
039734
039735
039736
039739
039740
039744
039745
039746
039748
039749
039750
039751
039752
039753
039756
039757
039759
039761
039762
039763
039765
039766
039767
039768
039769
039770
039771
039772
039773
039774
039775
039776
039777
039778
039780
039781
039782
039783
039784
039785
039786
039788
039789
039790
039791
039792
039793
039794
039795
039796
039797
039798
039800
039801
039802
039803
039804
039805
039806
039807
039808
039809
039811
039812
039814
039815
039816
039817
039818
039819
039820
039821
039823
039824
039825
039826
039828
039829
039830
039831
039832
039833
039834
039835
039837
039840
039841
039842
039844
039845
039846
039849
039850
039851
039852
039853
039855
039857
039858
039859
039860
039861
039862
039863
039864
039865
039866
039867
039868
039869
039870
039872
039873
039874
039877
039880
039882
039885
039886
039888
039889
039891
039893
039894
039895
039896
039897
039898
039899
039901
039902
039903
039904
039905
039906
039907
039908
039909
039910
039911
039913
039914
039915
039916
039917
039918
039919
039921
039922
039924
039925
039926
039927
039929
039930
039932
039933
039934
039935
039937
039938
039939
039940
039941
039942
039943
039944
039945
039947
039948
039949
039950
039951
039952
039953
039954
039955
039957
039958
039959
039960
039961
039962
039964
039965
039966
039967
039968
039969
039970
039971
039972
039973
039975
039976
039977
039978
039979
039981
039982
039984
039985
039986
039987
039988
039989
039990
039991
039993
039994
039995
039996
039997
039998
039999
040000
040002
040003
040004
040007
040008
040010
040011
040012
040013
040014
040016
040017
040018
040019
040020
040021
040022
040023
040025
040026
040027
040028
040029
040030
040031
040032
040033
040034
040035
040036
040037
040038
040039
040040
040041
040043
040044
040045
040046
040047
040049
040051
040052
040053
040054
040055
040057
040059
040060
040061
040062
040063
040064
040065
040066
040067
040068
040070
040071
040072
040073
040074
040075
040076
040077
040079
040080
040081
040082
040083
040084
040085
040087
040088
040089
040090
040091
040092
040093
040096
040097
040098
040100
040101
040102
040103
040104
040105
040107
040108
040110
040111
040112
040114
040115
040116
040117
040118
040120
040121
040122
040124
040125
040126
040127
040128
040130
040131
040133
040134
040135
040136
040138
040139
040140
040142
040143
040144
040145
040146
040147
040148
040149
040150
040151
040152
040154
040156
040157
040158
040159
040160
040161
040162
040163
040165
040166
040167
040168
040171
040172
040173
040174
040175
040176
040177
040178
040180
040181
040182
040183
040184
040185
040186
040188
040189
040190
040191
040193
040194
040195
040196
040197
040202
040203
040204
040206
040207
040208
040209
040210
040213
040214
040215
040216
040217
040219
040220
040221
040222
040223
040224
040227
040228
040229
040230
040231
040232
040233
040234
040235
040236
040237
040238
040239
040241
040243
040244
040245
040247
040248
040249
040250
040251
040252
040253
040254
040255
040256
040257
040260
040261
040262
040263
040264
040265
040268
040270
040271
040272
040274
040275
040277
040278
040279
040280
040281
040282
040283
040285
040286
040289
040291
040293
040294
040295
040296
040297
040300
040301
040302
040305
040306
040307
040308
040309
040310
040311
040313
040314
040315
040316
040317
040318
040319
040320
040321
040322
040323
040324
040325
040326
040328
040329
040331
040332
040333
040335
040336
040337
040338
040339
040340
040341
040342
040343
040344
040345
040346
040347
040348
040350
040351
040355
040356
040357
040358
040359
040360
040361
040362
040364
040365
040366
040368
040369
040370
040371
040372
040373
040374
040375
040376
040377
040378
040379
040380
040382
040383
040385
040387
040388
040389
040390
040392
040393
040394
040395
040397
040398
040399
040400
040401
040402
040403
040404
040405
040406
040407
040408
040409
040410
040411
040413
040414
040415
040416
040417
040418
040419
040420
040421
040422
040423
040424
040425
040426
040427
040428
040429
040430
040432
040433
040434
040435
040437
040438
040439
040440
040441
040442
040445
040446
040447
040449
040450
040451
040452
040453
040454
040455
040458
040459
040460
040461
040462
040463
040464
040465
040466
040467
040468
040469
040470
040471
040472
040473
040475
040476
040477
040480
040481
040482
040483
040484
040485
040486
040487
040488
040489
040490
040491
040492
040493
040494
040495
040497
040498
040499
040500
040501
040502
040503
040504
040505
040507
040508
040509
040511
040512
040513
040515
040516
040517
040518
040519
040522
040523
040524
040525
040527
040528
040529
040530
040531
040534
040535
040536
040537
040539
040540
040541
040542
040543
040544
040545
040546
040547
040551
040552
040553
040555
040556
040559
040560
040562
040563
040564
040565
040566
040567
040568
040569
040570
040571
040572
040573
040574
040575
040576
040577
040578
040580
040581
040582
040585
040586
040587
040588
040589
040590
040591
040592
040593
040594
040596
040597
040598
040600
040601
040602
040603
040604
040605
040606
040608
040609
040610
040611
040612
040613
040615
040616
040617
040618
040619
040620
040621
040622
040623
040624
040627
040628
040630
040631
040634
040635
040636
040637
040638
040639
040640
040641
040643
040644
040645
040648
040649
040651
040652
040653
040655
040656
040657
040658
040659
040660
040661
040662
040663
040664
040665
040666
040667
040668
040669
040670
040671
040672
040673
040674
040675
040676
040677
040678
040680
040682
040685
040687
040688
040689
040690
040691
040693
040694
040695
040696
040699
040700
040701
040702
040703
040704
040705
040706
040707
040708
040709
040710
040711
040712
040714
040716
040717
040718
040719
040720
040722
040723
040724
040725
040726
040727
040728
040729
040730
040731
040732
040733
040734
040735
040736
040737
040738
040739
040740
040741
040742
040743
040744
040745
040746
040747
040748
040749
040750
040751
040752
040753
040754
040755
040756
040758
040759
040760
040761
040762
040763
040764
040766
040767
040768
040769
040770
040771
040772
040774
040775
040776
040778
040779
040780
040781
040782
040783
040784
040785
040786
040787
040790
040792
040794
040795
040796
040797
040799
040800
040801
040802
040803
040804
040806
040808
040809
040810
040811
040812
040813
040814
040816
040817
040818
040819
040820
040821
040822
040825
040826
040827
040828
040829
040831
040832
040833
040834
040837
040838
040839
040840
040841
040843
040844
040845
040846
040848
040849
040850
040851
040852
040853
040855
040856
040857
040858
040859
040860
040861
040862
040864
040866
040867
040868
040869
040871
040872
040873
040875
040876
040877
040878
040880
040881
040882
040883
040884
040885
040886
040889
040890
040891
040892
040893
040894
040895
040896
040897
040899
040900
040901
040902
040903
040904
040907
040908
040913
040914
040915
040916
040917
040918
040919
040920
040921
040922
040923
040924
040925
040926
040927
040928
040929
040931
040932
040933
040934
040935
040936
040937
040939
040941
040943
040944
040945
040946
040949
040950
040951
040952
040953
040954
040955
040956
040957
040958
040959
040960
040961
040962
040963
040964
040965
040967
040968
040969
040970
040971
040972
040974
040977
040979
040980
040981
040982
040983
040984
040985
040986
040987
040988
040990
040991
040992
040994
040995
040997
040998
041001
041003
041004
041008
041011
041013
041014
041015
041016
041017
041019
041021
041026
041027
041028
041031
041032
041033
041034
041035
041037
041038
041041
041042
041043
041044
041045
041046
041047
041048
041049
041050
041051
041052
041053
041055
041056
041057
041058
041060
041061
041062
041063
041064
041065
041066
041068
041070
041071
041072
041073
041074
041078
041079
041080
041082
041083
041085
041086
041087
041089
041093
041094
041095
041096
041097
041098
041099
041102
041103
041104
041105
041106
041107
041108
041109
041110
041111
041112
041113
041114
041115
041116
041117
041118
041119
041120
041121
041122
041123
041124
041128
041131
041132
041134
041135
041136
041137
041138
041139
041141
041142
041143
041144
041145
041146
041147
041148
041149
041150
041152
041153
041154
041155
041156
041158
041159
041160
041161
041163
041164
041165
041166
041167
041169
041170
041171
041173
041174
041177
041178
041179
041180
041181
041182
041185
041186
041187
041188
041189
041190
041191
041192
041193
041194
041195
041196
041198
041199
041200
041202
041204
041205
041206
041207
041208
041209
041211
041212
041213
041214
041215
041216
041217
041218
041219
041220
041223
041227
041228
041229
041230
041231
041232
041233
041234
041235
041236
041238
041239
041240
041242
041243
041244
041245
041247
041248
041249
041250
041251
041252
041254
041256
041257
041258
041259
041260
041264
041265
041267
041269
041270
041271
041272
041273
041274
041276
041278
041279
041280
041281
041282
041283
041285
041287
041288
041289
041292
041293
041295
041296
041297
041298
041299
041300
041302
041303
041305
041306
041308
041309
041310
041311
041312
041313
041315
041316
041317
041318
041319
041320
041321
041324
041325
041326
041327
041328
041330
041331
041332
041333
041334
041335
041336
041337
041338
041340
041341
041342
041343
041346
041347
041348
041349
041354
041355
041356
041358
041359
041361
041362
041363
041364
041365
041366
041369
041371
041372
041373
041374
041375
041378
041380
041381
041382
041383
041384
041385
041386
041387
041389
041390
041391
041392
041393
041394
041395
041396
041398
041399
041401
041402
041404
041405
041407
041408
041410
041412
041413
041416
041417
041419
041420
041421
041422
041423
041425
041426
041427
041428
041429
041432
041433
041434
041435
041436
041437
041438
041439
041440
041442
041443
041444
041446
041447
041448
041449
041451
041452
041453
041454
041456
041457
041458
041460
041461
041462
041464
041465
041466
041467
041469
041470
041471
041472
041473
041474
041475
041476
041477
041479
041480
041481
041482
041483
041484
041485
041487
041488
041489
041490
041491
041492
041493
041494
041495
041497
041498
041499
041500
041502
041503
041504
041505
041506
041507
041508
041510
041511
041512
041513
041514
041515
041516
041518
041520
041521
041522
041525
041526
041527
041528
041530
041532
041534
041535
041536
041537
041538
041539
041540
041541
041542
041543
041544
041545
041546
041548
041549
041550
041551
041553
041554
041555
041556
041558
041559
041560
041561
041562
041564
041565
041566
041567
041568
041570
041571
041572
041573
041574
041575
041576
041577
041578
041579
041580
041581
041582
041583
041584
041585
041586
041589
041590
041591
041593
041594
041595
041596
041597
041598
041599
041601
041602
041603
041604
041605
041606
041607
041608
041610
041611
041612
041613
041614
041615
041616
041617
041618
041619
041620
041621
041622
041623
041624
041625
041626
041629
041630
041631
041632
041633
041634
041635
041636
041637
041638
041640
041641
041642
041643
041644
041645
041646
041647
041648
041649
041650
041652
041653
041654
041657
041659
041660
041661
041663
041664
041666
041667
041668
041670
041671
041673
041676
041677
041678
041679
041680
041681
041682
041683
041685
041686
041687
041688
041689
041691
041692
041693
041694
041695
041696
041697
041698
041699
041700
041701
041702
041703
041707
041708
041709
041710
041711
041713
041714
041715
041716
041717
041718
041719
041720
041721
041722
041723
041724
041725
041726
041728
041730
041731
041732
041733
041734
041735
041736
041738
041740
041741
041742
041743
041744
041745
041746
041747
041748
041749
041750
041751
041752
041753
041754
041755
041756
041757
041758
041759
041760
041761
041762
041763
041764
041766
041767
041771
041772
041773
041774
041775
041776
041777
041778
041779
041780
041782
041783
041784
041786
041787
041788
041789
041790
041793
041794
041795
041797
041798
041799
041801
041802
041803
041804
041805
041806
041807
041808
041809
041810
041811
041813
041815
041816
041817
041818
041819
041820
041821
041822
041823
041825
041827
041828
041830
041831
041832
041834
041835
041837
041838
041839
041840
041841
041842
041844
041846
041847
041849
041850
041851
041852
041853
041854
041855
041856
041857
041858
041859
041860
041861
041863
041864
041866
041870
041871
041874
041875
041876
041877
041878
041879
041880
041883
041885
041886
041887
041888
041889
041890
041891
041892
041894
041895
041896
041897
041898
041899
041900
041903
041904
041905
041906
041907
041908
041909
041912
041913
041915
041916
041917
041918
041919
041920
041921
041923
041924
041926
041927
041928
041930
041931
041932
041933
041936
041937
041938
041939
041940
041941
041942
041943
041944
041945
041946
041947
041949
041950
041951
041952
041953
041954
041955
041957
041959
041960
041961
041962
041963
041964
041965
041966
041967
041968
041969
041970
041971
041972
041974
041976
041977
041980
041981
041982
041983
041984
041985
041987
041988
041989
041991
041992
041993
041994
041995
041996
041997
041998
041999
042000
042001
042002
042003
042004
042005
042008
042009
042011
042012
042013
042015
042017
042018
042019
042020
042021
042022
042023
042024
042025
042026
042027
042028
042029
042030
042031
042032
042033
042034
042035
042037
042038
042039
042041
042042
042043
042044
042045
042046
042047
042048
042049
042050
042051
042052
042054
042055
042057
042059
042060
042062
042063
042064
042065
042066
042068
042069
042070
042072
042073
042074
042075
042077
042079
042080
042082
042083
042084
042086
042087
042088
042089
042090
042091
042093
042094
042096
042097
042098
042099
042100
042102
042103
042104
042105
042106
042107
042108
042109
042110
042111
042116
042118
042121
042122
042125
042126
042127
042128
042129
042130
042131
042132
042135
042136
042137
042138
042139
042140
042141
042142
042143
042145
042146
042148
042149
042150
042152
042154
042155
042157
042158
042159
042160
042161
042163
042164
042165
042166
042167
042169
042170
042172
042173
042174
042175
042176
042177
042178
042179
042180
042181
042182
042184
042186
042187
042188
042189
042190
042191
042192
042194
042198
042199
042201
042203
042204
042205
042206
042207
042208
042210
042211
042213
042214
042216
042217
042218
042219
042220
042222
042223
042224
042225
042226
042227
042229
042230
042231
042232
042233
042234
042237
042238
042239
042240
042241
042244
042245
042246
042247
042249
042250
042251
042252
042253
042254
042255
042256
042259
042260
042261
042262
042265
042266
042267
042268
042269
042270
042271
042272
042273
042274
042275
042276
042277
042278
042279
042281
042282
042283
042284
042286
042287
042288
042289
042290
042291
042293
042294
042296
042297
042298
042299
042300
042301
042302
042303
042305
042306
042307
042309
042310
042312
042313
042314
042315
042316
042318
042319
042320
042323
042325
042329
042330
042331
042333
042334
042335
042336
042337
042339
042340
042342
042343
042344
042346
042347
042348
042350
042351
042352
042353
042354
042355
042356
042357
042358
042359
042360
042361
042362
042363
042364
042365
042367
042368
042369
042370
042371
042372
042373
042374
042375
042377
042379
042380
042381
042382
042383
042384
042385
042387
042389
042390
042391
042392
042394
042395
042396
042398
042399
042401
042402
042404
042405
042406
042407
042408
042409
042411
042412
042413
042415
042416
042417
042418
042419
042420
042421
042422
042423
042424
042425
042427
042428
042429
042430
042431
042432
042433
042434
042436
042437
042438
042440
042441
042442
042444
042445
042446
042448
042449
042450
042451
042452
042453
042454
042455
042456
042457
042458
042459
042460
042461
042462
042463
042465
042466
042468
042470
042471
042472
042473
042474
042475
042476
042477
042480
042481
042482
042483
042484
042485
042486
042487
042488
042491
042492
042493
042494
042495
042496
042497
042498
042499
042500
042501
042502
042503
042504
042505
042507
042509
042510
042511
042512
042513
042514
042517
042519
042520
042521
042522
042523
042525
042526
042527
042531
042532
042533
042534
042536
042538
042540
042541
042542
042544
042545
042546
042547
042548
042549
042550
042551
042552
042553
042554
042555
042556
042557
042559
042561
042562
042563
042564
042565
042566
042567
042568
042569
042570
042572
042573
042574
042575
042576
042577
042579
042580
042581
042582
042583
042584
042585
042586
042587
042589
042590
042594
042595
042596
042597
042598
042599
042600
042601
042603
042604
042605
042606
042607
042610
042611
042612
042613
042614
042615
042617
042618
042619
042620
042621
042622
042623
042624
042625
042626
042628
042629
042630
042631
042633
042634
042636
042637
042638
042641
042642
042643
042644
042645
042646
042649
042650
042651
042652
042653
042655
042656
042657
042659
042660
042661
042664
042665
042666
042667
042669
042670
042672
042673
042674
042675
042676
042678
042679
042680
042681
042682
042683
042684
042685
042686
042687
042688
042689
042690
042691
042692
042693
042694
042695
042696
042698
042699
042700
042701
042703
042704
042705
042706
042707
042708
042709
042710
042711
042712
042713
042714
042715
042717
042720
042721
042723
042724
042726
042727
042728
042731
042732
042733
042734
042735
042736
042737
042738
042739
042740
042744
042746
042747
042748
042749
042750
042751
042753
042755
042756
042757
042758
042760
042764
042765
042767
042769
042770
042772
042773
042775
042776
042777
042778
042780
042781
042782
042783
042784
042785
042786
042787
042788
042789
042790
042791
042793
042794
042796
042800
042802
042803
042804
042805
042806
042807
042808
042810
042811
042813
042814
042815
042816
042817
042818
042820
042823
042825
042826
042827
042828
042829
042830
042831
042833
042836
042839
042840
042841
042842
042843
042844
042845
042846
042847
042849
042850
042851
042852
042853
042854
042855
042856
042857
042858
042859
042860
042861
042863
042864
042865
042866
042867
042868
042869
042870
042871
042872
042873
042874
042875
042876
042877
042879
042880
042881
042882
042884
042885
042886
042887
042890
042891
042892
042893
042894
042895
042896
042897
042899
042900
042901
042902
042903
042904
042905
042906
042907
042908
042910
042912
042914
042915
042916
042917
042920
042921
042922
042923
042924
042925
042926
042927
042929
042930
042932
042933
042934
042935
042936
042939
042940
042941
042942
042943
042944
042945
042946
042948
042949
042953
042954
042955
042956
042957
042958
042959
042961
042962
042963
042964
042965
042966
042968
042969
042971
042973
042974
042977
042978
042979
042980
042982
042983
042984
042985
042986
042987
042988
042989
042990
042991
042992
042994
042995
042996
042997
042998
043000
043001
043002
043003
043005
043006
043007
043009
043010
043011
043013
043014
043015
043016
043017
043018
043020
043021
043024
043025
043027
043028
043029
043030
043031
043032
043033
043034
043035
043036
043037
043039
043040
043041
043042
043043
043044
043045
043046
043047
043049
043050
043052
043053
043054
043055
043056
043057
043058
043059
043060
043063
043064
043065
043066
043067
043069
043070
043071
043072
043073
043074
043075
043076
043077
043078
043079
043080
043082
043083
043084
043086
043087
043088
043089
043091
043094
043095
043096
043097
043098
043099
043100
043101
043102
043103
043104
043105
043106
043107
043108
043109
043110
043111
043113
043114
043115
043116
043119
043120
043121
043122
043123
043125
043126
043127
043128
043129
043132
043133
043134
043135
043136
043137
043138
043139
043140
043142
043143
043144
043146
043148
043149
043150
043151
043152
043153
043154
043155
043156
043157
043158
043159
043160
043161
043162
043164
043165
043166
043167
043168
043169
043170
043171
043172
043174
043175
043177
043178
043179
043180
043181
043182
043183
043184
043185
043186
043188
043189
043190
043191
043192
043193
043194
043195
043196
043197
043198
043199
043200
043201
043202
043203
043204
043205
043206
043208
043210
043211
043212
043213
043214
043215
043216
043218
043219
043221
043222
043223
043224
043225
043226
043227
043228
043229
043230
043231
043232
043233
043234
043235
043236
043237
043238
043239
043240
043241
043242
043243
043244
043245
043246
043247
043248
043249
043250
043251
043252
043253
043257
043258
043259
043260
043263
043264
043265
043266
043267
043268
043269
043270
043271
043274
043276
043277
043278
043279
043280
043281
043282
043283
043285
043286
043287
043288
043289
043290
043291
043292
043293
043294
043295
043297
043298
043299
043300
043301
043302
043303
043304
043305
043307
043308
043309
043310
043311
043312
043314
043316
043317
043318
043319
043320
043321
043322
043325
043326
043328
043329
043330
043331
043333
043334
043335
043336
043338
043339
043340
043341
043342
043343
043344
043345
043346
043347
043348
043349
043350
043352
043354
043355
043356
043357
043358
043359
043360
043362
043363
043364
043365
043366
043368
043371
043372
043373
043374
043375
043376
043377
043378
043379
043380
043381
043382
043384
043385
043386
043388
043389
043390
043391
043392
043394
043395
043396
043397
043398
043399
043401
043404
043405
043406
043408
043409
043410
043413
043414
043417
043418
043419
043420
043421
043422
043423
043424
043425
043426
043427
043428
043429
043432
043433
043434
043435
043436
043438
043439
043440
043441
043442
043444
043445
043447
043448
043449
043451
043452
043454
043455
043457
043458
043459
043460
043461
043462
043463
043464
043465
043467
043468
043469
043470
043471
043472
043473
043474
043475
043476
043477
043478
043480
043482
043484
043485
043487
043489
043490
043491
043493
043494
043496
043497
043498
043500
043501
043503
043504
043506
043507
043508
043509
043510
043511
043512
043513
043514
043515
043516
043517
043518
043519
043520
043521
043522
043523
043524
043525
043527
043528
043529
043530
043531
043532
043533
043534
043536
043537
043538
043539
043541
043542
043544
043545
043546
043547
043548
043549
043551
043552
043553
043554
043555
043556
043559
043561
043562
043564
043566
043567
043568
043569
043570
043571
043572
043573
043574
043575
043576
043577
043578
043579
043580
043582
043583
043584
043586
043587
043588
043590
043591
043592
043593
043594
043595
043596
043597
043599
043600
043601
043602
043603
043604
043606
043607
043608
043612
043613
043615
043616
043617
043618
043619
043620
043622
043624
043625
043626
043627
043628
043629
043631
043632
043633
043634
043635
043636
043637
043638
043639
043640
043641
043645
043647
043649
043650
043651
043652
043654
043655
043657
043658
043659
043660
043661
043662
043664
043665
043666
043667
043668
043669
043670
043671
043672
043673
043674
043676
043677
043678
043679
043682
043684
043685
043686
043687
043688
043689
043690
043691
043693
043694
043695
043696
043697
043698
043699
043700
043701
043702
043703
043704
043705
043706
043708
043709
043711
043713
043715
043716
043717
043718
043720
043721
043722
043723
043724
043725
043727
043728
043730
043731
043733
043734
043735
043737
043738
043739
043740
043741
043742
043743
043745
043746
043747
043749
043751
043752
043754
043755
043756
043757
043758
043759
043760
043761
043763
043764
043765
043766
043767
043769
043770
043771
043773
043774
043775
043778
043779
043780
043781
043782
043783
043784
043785
043786
043787
043788
043789
043791
043792
043793
043794
043795
043796
043797
043798
043799
043800
043801
043802
043804
043805
043806
043807
043808
043809
043810
043811
043813
043814
043815
043817
043818
043819
043822
043823
043829
043831
043833
043834
043835
043836
043837
043838
043841
043844
043845
043846
043847
043848
043849
043850
043851
043852
043854
043855
043856
043857
043858
043859
043860
043861
043862
043863
043866
043867
043868
043870
043872
043873
043875
043877
043879
043881
043885
043887
043888
043889
043890
043891
043892
043893
043894
043895
043896
043898
043900
043902
043903
043904
043905
043907
043908
043910
043911
043912
043913
043915
043916
043917
043918
043920
043921
043922
043923
043924
043925
043926
043927
043928
043929
043930
043932
043933
043934
043935
043936
043937
043939
043940
043941
043943
043945
043946
043947
043948
043949
043950
043952
043953
043954
043956
043957
043958
043960
043962
043963
043964
043965
043966
043967
043968
043970
043971
043972
043974
043975
043976
043977
043980
043982
043983
043984
043985
043986
043988
043989
043990
043991
043992
043993
043994
043995
043997
043998
043999
044000
044002
044003
044004
044005
044006
044007
044008
044010
044011
044012
044013
044014
044015
044016
044018
044020
044021
044022
044023
044025
044026
044027
044028
044029
044030
044034
044035
044036
044038
044039
044041
044042
044043
044044
044045
044046
044047
044048
044049
044050
044051
044053
044054
044055
044056
044057
044058
044059
044060
044063
044064
044065
044067
044068
044069
044070
044071
044073
044074
044075
044076
044077
044078
044080
044081
044083
044084
044085
044086
044087
044088
044089
044090
044091
044093
044094
044096
044097
044098
044099
044100
044101
044102
044103
044105
044106
044107
044108
044109
044110
044111
044112
044114
044115
044116
044117
044119
044120
044121
044122
044123
044124
044126
044127
044128
044129
044130
044131
044132
044134
044135
044137
044138
044139
044140
044141
044142
044143
044144
044145
044148
044149
044150
044151
044152
044153
044154
044155
044156
044157
044158
044159
044160
044161
044163
044164
044165
044166
044167
044168
044171
044173
044175
044176
044177
044178
044179
044180
044182
044183
044184
044185
044186
044188
044189
044190
044191
044193
044194
044195
044196
044197
044198
044199
044202
044203
044204
044205
044206
044207
044209
044210
044212
044213
044215
044216
044217
044218
044219
044221
044222
044223
044225
044226
044227
044228
044229
044230
044231
044232
044233
044234
044235
044236
044238
044239
044240
044241
044242
044243
044244
044245
044246
044249
044250
044252
044253
044254
044255
044256
044258
044261
044262
044263
044264
044265
044266
044267
044269
044271
044272
044273
044274
044275
044276
044277
044278
044279
044280
044281
044282
044283
044286
044287
044288
044289
044290
044291
044292
044293
044294
044295
044296
044297
044298
044299
044300
044302
044303
044304
044305
044306
044308
044309
044310
044311
044312
044313
044314
044315
044316
044317
044319
044320
044321
044322
044323
044324
044325
044326
044327
044328
044329
044330
044331
044332
044333
044335
044336
044337
044338
044339
044340
044341
044342
044343
044345
044347
044349
044351
044352
044353
044354
044355
044356
044357
044358
044359
044360
044361
044363
044365
044366
044368
044369
044370
044371
044372
044373
044374
044375
044376
044377
044378
044381
044382
044383
044386
044387
044388
044389
044390
044391
044392
044393
044395
044396
044399
044400
044403
044404
044405
044406
044407
044408
044409
044410
044412
044413
044414
044415
044416
044417
044418
044419
044420
044421
044422
044424
044425
044428
044429
044430
044431
044432
044434
044435
044436
044437
044438
044442
044444
044445
044446
044447
044449
044450
044451
044452
044454
044455
044457
044458
044459
044460
044461
044463
044464
044466
044468
044469
044470
044471
044473
044474
044475
044476
044477
044479
044480
044481
044482
044483
044484
044486
044487
044488
044489
044490
044491
044492
044493
044495
044497
044498
044499
044500
044501
044503
044504
044505
044506
044507
044510
044511
044512
044514
044515
044516
044517
044518
044519
044520
044521
044523
044525
044526
044527
044528
044529
044530
044531
044532
044533
044534
044537
044538
044540
044541
044542
044543
044544
044546
044547
044548
044549
044550
044551
044552
044553
044554
044556
044557
044561
044563
044564
044565
044566
044567
044568
044570
044571
044572
044574
044575
044576
044578
044579
044582
044583
044584
044585
044587
044588
044589
044592
044593
044594
044596
044597
044598
044599
044600
044602
044603
044604
044605
044606
044607
044608
044610
044611
044612
044613
044614
044616
044618
044620
044621
044622
044623
044624
044625
044626
044627
044628
044629
044632
044633
044634
044635
044636
044637
044638
044639
044640
044642
044643
044646
044647
044648
044649
044650
044651
044652
044653
044655
044656
044658
044659
044660
044661
044662
044663
044664
044665
044666
044669
044670
044672
044673
044674
044675
044676
044677
044678
044679
044681
044682
044687
044688
044689
044690
044691
044692
044694
044696
044698
044699
044700
044701
044703
044704
044705
044706
044707
044709
044710
044712
044713
044716
044717
044718
044719
044720
044721
044723
044724
044725
044726
044727
044728
044729
044730
044731
044733
044734
044735
044736
044738
044740
044741
044743
044745
044746
044748
044749
044750
044752
044753
044754
044756
044758
044759
044760
044762
044764
044765
044766
044767
044768
044769
044770
044771
044772
044773
044774
044775
044777
044778
044779
044780
044781
044782
044783
044784
044785
044787
044790
044791
044792
044793
044797
044799
044801
044802
044803
044806
044807
044808
044810
044813
044814
044815
044816
044818
044820
044824
044825
044826
044828
044829
044830
044831
044832
044833
044834
044835
044837
044838
044840
044843
044844
044845
044846
044847
044848
044849
044851
044852
044853
044854
044855
044856
044857
044860
044861
044862
044863
044864
044865
044867
044870
044871
044872
044873
044874
044875
044876
044878
044879
044880
044881
044883
044884
044885
044886
044887
044888
044889
044890
044891
044893
044894
044895
044896
044897
044898
044899
044900
044901
044902
044904
044905
044906
044907
044908
044909
044910
044912
044913
044914
044916
044918
044919
044920
044922
044924
044925
044926
044927
044928
044930
044931
044932
044935
044936
044937
044938
044939
044940
044941
044943
044945
044946
044948
044949
044951
044952
044953
044954
044955
044956
044957
044958
044960
044961
044963
044964
044966
044967
044968
044969
044970
044971
044973
044976
044977
044978
044979
044980
044981
044982
044983
044984
044986
044987
044988
044989
044990
044991
044993
044994
044995
044996
044997
044999
045000
045001
045002
045003
045004
045006
045007
045008
045009
045010
045011
045012
045013
045014
045015
045016
045017
045018
045020
045021
045022
045023
045024
045026
045027
045029
045031
045032
045033
045034
045035
045036
045037
045038
045039
045040
045041
045042
045043
045044
045045
045046
045047
045049
045050
045051
045052
045053
045054
045055
045056
045057
045058
045059
045060
045061
045062
045063
045064
045065
045066
045067
045069
045070
045071
045072
045073
045074
045075
045076
045077
045079
045081
045082
045085
045086
045087
045088
045089
045090
045091
045092
045093
045094
045095
045096
045097
045098
045099
045100
045101
045102
045103
045104
045106
045107
045108
045109
045110
045111
045112
045113
045114
045117
045118
045121
045122
045123
045124
045125
045126
045127
045129
045130
045131
045132
045134
045135
045137
045139
045140
045141
045146
045147
045148
045150
045152
045153
045154
045155
045156
045157
045158
045159
045160
045161
045162
045165
045168
045170
045171
045172
045173
045174
045179
045182
045183
045184
045185
045186
045187
045190
045191
045192
045193
045194
045196
045197
045198
045199
045200
045201
045202
045203
045204
045206
045207
045208
045209
045210
045211
045212
045213
045214
045215
045216
045217
045218
045219
045221
045222
045223
045224
045226
045227
045228
045229
045230
045231
045232
045233
045234
045236
045237
045238
045241
045243
045244
045246
045247
045248
045250
045251
045252
045253
045254
045256
045257
045258
045260
045261
045262
045263
045264
045266
045267
045268
045269
045272
045273
045274
045275
045277
045278
045279
045280
045281
045282
045283
045284
045286
045287
045288
045289
045290
045291
045292
045293
045294
045295
045296
045297
045298
045299
045300
045304
045305
045306
045308
045309
045310
045311
045312
045313
045318
045319
045320
045322
045323
045324
045325
045326
045327
045328
045329
045330
045331
045332
045334
045335
045336
045337
045339
045341
045342
045343
045344
045346
045347
045348
045350
045351
045352
045353
045355
045359
045360
045362
045363
045364
045365
045366
045367
045369
045370
045371
045372
045374
045377
045378
045379
045380
045383
045384
045385
045387
045388
045389
045390
045394
045395
045397
045398
045399
045400
045401
045402
045403
045405
045406
045407
045408
045409
045410
045411
045413
045414
045415
045416
045418
045420
045421
045422
045423
045424
045427
045428
045429
045430
045431
045432
045433
045434
045435
045437
045438
045439
045441
045442
045443
045444
045446
045447
045448
045449
045450
045451
045452
045453
045454
045455
045457
045459
045460
045461
045462
045463
045464
045468
045470
045471
045472
045474
045476
045477
045479
045480
045481
045482
045483
045484
045485
045486
045487
045488
045490
045491
045495
045496
045497
045498
045499
045500
045501
045502
045503
045504
045506
045507
045508
045509
045510
045512
045514
045515
045516
045518
045519
045520
045521
045522
045523
045524
045526
045527
045528
045529
045530
045531
045532
045533
045534
045535
045537
045538
045539
045541
045542
045543
045544
045545
045546
045547
045548
045550
045551
045554
045555
045557
045559
045560
045561
045563
045564
045565
045566
045567
045568
045569
045570
045571
045572
045573
045574
045575
045576
045577
045578
045579
045580
045581
045582
045583
045584
045587
045590
045591
045594
045595
045596
045597
045598
045600
045601
045602
045603
045604
045605
045607
045608
045609
045610
045611
045613
045614
045617
045618
045619
045622
045623
045624
045625
045626
045628
045629
045630
045631
045632
045633
045634
045635
045636
045638
045640
045641
045642
045644
045645
045646
045647
045648
045650
045651
045653
045654
045655
045656
045657
045658
045661
045663
045664
045665
045666
045667
045668
045669
045670
045672
045673
045674
045676
045678
045679
045680
045681
045682
045683
045684
045685
045686
045687
045688
045689
045690
045693
045694
045695
045697
045698
045700
045701
045702
045703
045705
045706
045707
045708
045709
045710
045711
045712
045713
045715
045716
045717
045718
045719
045720
045722
045723
045724
045727
045728
045729
045730
045731
045732
045733
045734
045735
045737
045738
045740
045741
045742
045743
045746
045747
045748
045749
045750
045751
045752
045753
045754
045755
045756
045758
045761
045762
045764
045766
045767
045768
045769
045770
045771
045772
045773
045775
045776
045777
045778
045779
045780
045781
045782
045783
045784
045785
045787
045788
045789
045790
045791
045793
045794
045795
045797
045798
045799
045800
045801
045802
045803
045804
045805
045807
045808
045809
045810
045811
045812
045813
045814
045816
045817
045818
045819
045820
045821
045822
045823
045824
045825
045826
045827
045828
045829
045832
045833
045834
045835
045836
045837
045840
045841
045842
045844
045845
045846
045847
045848
045850
045851
045852
045854
045857
045858
045859
045860
045861
045862
045863
045865
045866
045867
045868
045870
045872
045873
045874
045875
045876
045877
045878
045879
045881
045882
045883
045885
045886
045887
045888
045889
045890
045891
045893
045894
045895
045896
045897
045898
045900
045901
045902
045904
045905
045906
045907
045908
045909
045910
045911
045917
045918
045919
045921
045922
045923
045924
045926
045927
045928
045931
045932
045934
045935
045936
045937
045938
045939
045940
045942
045943
045944
045945
045946
045947
045948
045949
045950
045953
045956
045957
045958
045959
045960
045961
045962
045963
045964
045965
045966
045967
045968
045969
045971
045972
045973
045975
045976
045977
045978
045979
045980
045981
045982
045983
045984
045985
045986
045987
045988
045989
045990
045991
045992
045994
045995
045996
045997
046000
046003
046004
046005
046007
046008
046009
046010
046011
046012
046013
046014
046015
046016
046017
046018
046019
046020
046021
046022
046023
046025
046026
046027
046028
046029
046030
046031
046033
046034
046035
046037
046038
046040
046041
046043
046044
046045
046046
046047
046048
046049
046050
046051
046052
046053
046054
046055
046056
046059
046060
046061
046062
046065
046067
046068
046069
046070
046072
046073
046076
046079
046080
046081
046082
046083
046084
046086
046087
046088
046089
046090
046092
046094
046095
046097
046098
046099
046100
046101
046102
046103
046104
046105
046106
046108
046109
046110
046112
046113
046114
046115
046116
046117
046120
046121
046123
046124
046125
046126
046128
046130
046131
046132
046134
046135
046136
046139
046140
046141
046142
046144
046145
046146
046147
046148
046150
046151
046152
046153
046154
046156
046158
046159
046161
046162
046163
046164
046167
046168
046169
046170
046171
046172
046173
046174
046177
046178
046179
046180
046181
046182
046184
046186
046187
046188
046190
046193
046194
046197
046198
046199
046200
046202
046203
046204
046205
046206
046207
046208
046209
046210
046211
046213
046214
046219
046220
046221
046223
046224
046226
046227
046228
046229
046231
046232
046236
046238
046239
046240
046241
046242
046243
046244
046245
046246
046247
046248
046250
046251
046252
046253
046254
046255
046256
046257
046258
046259
046261
046262
046263
046264
046265
046266
046267
046268
046269
046270
046271
046272
046273
046274
046275
046277
046278
046279
046280
046281
046282
046283
046284
046285
046286
046289
046290
046291
046292
046293
046294
046295
046297
046298
046299
046301
046302
046303
046304
046305
046306
046308
046309
046310
046311
046313
046314
046316
046317
046319
046320
046321
046322
046323
046324
046326
046327
046330
046331
046332
046333
046334
046335
046336
046337
046338
046340
046341
046342
046343
046344
046345
046346
046347
046348
046349
046350
046351
046353
046354
046358
046359
046360
046361
046362
046363
046364
046365
046366
046367
046368
046369
046372
046373
046374
046376
046377
046378
046379
046380
046381
046383
046384
046385
046386
046387
046388
046389
046390
046391
046392
046393
046394
046395
046396
046397
046398
046399
046401
046402
046403
046404
046406
046407
046408
046409
046411
046412
046413
046414
046416
046417
046418
046419
046420
046421
046423
046424
046425
046426
046427
046430
046431
046432
046433
046435
046436
046437
046438
046441
046442
046443
046444
046445
046446
046447
046448
046449
046451
046452
046454
046455
046456
046457
046458
046459
046460
046461
046462
046463
046466
046467
046468
046469
046470
046471
046472
046473
046474
046475
046476
046477
046479
046481
046482
046483
046484
046485
046486
046487
046489
046490
046491
046492
046493
046494
046495
046497
046498
046500
046501
046502
046504
046505
046506
046507
046510
046511
046512
046513
046514
046515
046516
046517
046518
046519
046520
046521
046522
046523
046524
046525
046526
046527
046529
046531
046532
046535
046536
046538
046540
046542
046543
046544
046545
046546
046547
046548
046549
046550
046551
046552
046553
046554
046555
046556
046557
046558
046559
046560
046561
046563
046564
046565
046566
046567
046568
046569
046570
046572
046573
046574
046575
046576
046578
046579
046580
046581
046582
046583
046584
046586
046587
046588
046589
046590
046591
046594
046595
046596
046599
046600
046601
046602
046603
046604
046605
046606
046608
046609
046610
046612
046613
046614
046615
046616
046617
046618
046619
046620
046621
046624
046626
046627
046629
046630
046631
046632
046633
046634
046635
046637
046638
046639
046641
046642
046643
046644
046648
046649
046650
046651
046652
046653
046654
046655
046656
046657
046658
046659
046660
046661
046662
046663
046664
046665
046666
046667
046668
046670
046671
046674
046675
046676
046678
046680
046681
046682
046683
046684
046685
046686
046687
046689
046690
046691
046693
046694
046695
046697
046699
046700
046701
046702
046703
046704
046705
046707
046708
046709
046710
046711
046712
046713
046715
046717
046718
046719
046720
046721
046722
046723
046724
046725
046728
046729
046730
046731
046732
046733
046734
046736
046737
046738
046739
046740
046741
046742
046743
046745
046746
046747
046748
046750
046751
046752
046753
046754
046756
046757
046758
046759
046760
046762
046763
046766
046767
046768
046769
046770
046771
046773
046774
046775
046777
046778
046779
046780
046781
046782
046783
046784
046785
046786
046787
046788
046789
046790
046791
046793
046794
046795
046796
046797
046798
046799
046800
046802
046803
046804
046805
046807
046809
046810
046811
046812
046813
046814
046815
046817
046819
046820
046821
046822
046823
046824
046825
046826
046827
046828
046829
046830
046831
046832
046833
046834
046835
046836
046837
046839
046840
046841
046842
046843
046844
046845
046846
046847
046849
046850
046852
046853
046854
046856
046858
046859
046860
046861
046862
046865
046866
046867
046868
046869
046870
046871
046872
046874
046875
046876
046877
046878
046879
046880
046881
046882
046883
046884
046886
046888
046890
046891
046892
046893
046894
046895
046896
046898
046899
046900
046901
046902
046903
046904
046905
046906
046907
046908
046909
046910
046911
046912
046913
046914
046916
046917
046918
046920
046921
046922
046923
046925
046926
046928
046931
046932
046933
046934
046935
046936
046937
046938
046939
046940
046941
046942
046945
046946
046947
046948
046949
046951
046952
046953
046954
046955
046958
046959
046960
046962
046963
046964
046965
046966
046967
046968
046969
046970
046971
046974
046975
046976
046978
046979
046980
046981
046982
046983
046985
046986
046987
046989
046990
046991
046992
046993
046994
046995
046996
046997
046998
046999
047000
047001
047002
047005
047006
047007
047008
047009
047010
047011
047019
047021
047023
047024
047025
047026
047028
047029
047030
047031
047032
047033
047034
047035
047036
047039
047040
047041
047042
047043
047044
047045
047046
047049
047051
047052
047053
047054
047055
047056
047060
047061
047063
047064
047065
047066
047067
047068
047069
047070
047071
047074
047075
047076
047077
047078
047079
047080
047081
047082
047083
047084
047085
047086
047088
047089
047090
047092
047093
047095
047097
047098
047100
047101
047103
047104
047105
047106
047108
047110
047114
047115
047118
047119
047121
047122
047123
047124
047125
047126
047127
047128
047129
047130
047131
047132
047133
047134
047135
047136
047137
047138
047139
047140
047143
047144
047145
047146
047147
047148
047149
047150
047151
047154
047155
047156
047157
047158
047159
047161
047163
047166
047167
047168
047169
047170
047172
047174
047175
047176
047177
047178
047179
047180
047181
047183
047184
047185
047186
047187
047189
047190
047192
047193
047195
047196
047197
047199
047200
047201
047202
047203
047204
047205
047206
047207
047208
047209
047210
047211
047213
047214
047215
047216
047217
047218
047219
047220
047221
047222
047223
047224
047225
047227
047228
047229
047230
047231
047232
047233
047234
047235
047236
047237
047238
047240
047241
047242
047243
047244
047245
047246
047247
047248
047250
047251
047252
047254
047255
047256
047257
047258
047259
047260
047261
047262
047263
047266
047268
047269
047270
047271
047272
047273
047276
047277
047278
047279
047280
047281
047282
047283
047286
047288
047289
047290
047291
047292
047293
047295
047296
047297
047298
047300
047301
047302
047303
047304
047305
047306
047307
047308
047310
047311
047312
047313
047314
047315
047316
047317
047318
047319
047320
047321
047324
047325
047326
047328
047329
047330
047331
047332
047333
047334
047335
047336
047337
047339
047340
047341
047342
047344
047345
047346
047347
047348
047349
047350
047351
047352
047353
047354
047356
047357
047358
047359
047360
047361
047362
047363
047365
047367
047369
047370
047372
047373
047375
047376
047377
047378
047379
047380
047382
047383
047384
047385
047386
047389
047391
047392
047393
047394
047395
047396
047397
047398
047399
047400
047401
047402
047404
047405
047406
047407
047408
047409
047410
047411
047412
047413
047414
047415
047416
047419
047422
047423
047424
047427
047428
047429
047430
047431
047433
047435
047436
047437
047438
047439
047441
047443
047444
047445
047446
047447
047448
047449
047450
047451
047452
047453
047454
047456
047457
047458
047459
047462
047463
047464
047465
047466
047467
047468
047470
047472
047473
047474
047475
047477
047478
047479
047480
047482
047483
047484
047485
047486
047488
047489
047490
047491
047492
047493
047495
047496
047498
047499
047500
047501
047503
047504
047505
047506
047507
047508
047509
047510
047512
047513
047514
047517
047518
047519
047521
047522
047523
047524
047525
047526
047527
047528
047529
047530
047531
047533
047534
047536
047537
047538
047539
047540
047542
047543
047544
047545
047546
047547
047548
047549
047551
047552
047553
047554
047555
047557
047558
047559
047561
047562
047564
047565
047567
047568
047569
047572
047574
047575
047576
047578
047579
047580
047581
047582
047583
047584
047585
047587
047588
047589
047590
047592
047593
047594
047597
047599
047600
047601
047602
047603
047605
047606
047607
047608
047609
047610
047611
047612
047613
047614
047615
047616
047617
047618
047620
047622
047624
047625
047626
047627
047628
047629
047630
047632
047635
047636
047637
047639
047640
047641
047643
047645
047646
047647
047648
047651
047653
047654
047655
047656
047657
047658
047659
047661
047663
047664
047665
047667
047669
047671
047672
047674
047675
047677
047678
047679
047680
047681
047682
047683
047685
047686
047687
047689
047691
047692
047693
047694
047695
047696
047697
047698
047699
047701
047702
047703
047705
047707
047708
047709
047710
047711
047714
047715
047716
047717
047718
047719
047720
047721
047722
047723
047726
047727
047728
047730
047732
047733
047735
047736
047737
047738
047739
047740
047741
047742
047743
047744
047745
047746
047747
047748
047749
047750
047751
047752
047753
047754
047755
047756
047757
047759
047761
047762
047763
047764
047765
047766
047767
047768
047769
047771
047772
047774
047775
047776
047777
047778
047779
047781
047782
047783
047785
047786
047787
047788
047790
047791
047793
047794
047795
047796
047797
047798
047799
047800
047801
047802
047804
047805
047806
047807
047808
047809
047810
047811
047812
047814
047815
047816
047817
047819
047820
047822
047824
047825
047826
047827
047829
047830
047831
047833
047834
047836
047837
047838
047839
047840
047842
047843
047844
047845
047847
047848
047849
047850
047851
047852
047853
047854
047855
047856
047857
047858
047859
047860
047861
047862
047865
047867
047868
047869
047870
047871
047872
047873
047874
047877
047878
047880
047882
047884
047885
047888
047889
047890
047891
047892
047893
047894
047895
047896
047897
047898
047899
047900
047901
047903
047904
047905
047906
047908
047909
047910
047911
047912
047913
047914
047915
047918
047920
047921
047922
047923
047924
047925
047927
047928
047929
047930
047931
047932
047933
047934
047936
047937
047938
047939
047941
047943
047944
047945
047947
047948
047949
047950
047951
047952
047954
047955
047956
047958
047959
047960
047961
047962
047964
047966
047967
047968
047969
047970
047971
047973
047974
047977
047978
047979
047980
047981
047982
047983
047984
047985
047986
047988
047989
047990
047991
047993
047994
047995
047996
047997
047998
047999
048000
048001
048002
048003
048004
048005
048007
048009
048010
048012
048013
048015
048016
048017
048019
048020
048021
048022
048023
048025
048026
048027
048030
048031
048032
048033
048034
048035
048036
048037
048038
048039
048041
048043
048044
048045
048046
048047
048048
048049
048050
048051
048052
048053
048054
048056
048057
048058
048059
048063
048064
048065
048066
048067
048068
048069
048070
048071
048072
048075
048078
048080
048081
048082
048083
048084
048085
048086
048087
048088
048089
048090
048091
048092
048093
048094
048095
048097
048098
048099
048100
048101
048102
048105
048106
048107
048109
048110
048112
048113
048114
048116
048117
048118
048119
048121
048122
048123
048124
048125
048126
048128
048131
048132
048134
048135
048137
048139
048140
048141
048142
048143
048144
048145
048146
048149
048150
048151
048152
048153
048154
048156
048157
048158
048159
048160
048162
048163
048164
048165
048168
048169
048171
048172
048174
048175
048176
048178
048180
048181
048182
048183
048187
048189
048190
048191
048193
048194
048195
048196
048197
048200
048201
048202
048203
048204
048205
048206
048208
048209
048210
048211
048213
048214
048215
048216
048217
048218
048219
048220
048223
048224
048225
048226
048228
048229
048231
048232
048233
048234
048235
048237
048240
048241
048242
048243
048244
048245
048246
048247
048248
048249
048250
048252
048253
048254
048255
048257
048258
048259
048260
048261
048262
048263
048264
048266
048267
048268
048270
048271
048273
048274
048275
048276
048279
048280
048282
048283
048284
048285
048286
048288
048289
048290
048292
048293
048294
048295
048296
048297
048298
048301
048302
048304
048305
048307
048308
048309
048310
048311
048312
048313
048314
048315
048317
048318
048320
048321
048322
048323
048324
048325
048327
048328
048329
048330
048331
048332
048333
048334
048335
048336
048337
048339
048340
048341
048342
048343
048344
048345
048346
048349
048350
048351
048352
048353
048354
048355
048356
048357
048359
048361
048362
048363
048364
048365
048366
048367
048368
048369
048370
048372
048373
048374
048375
048376
048377
048378
048380
048384
048385
048386
048387
048388
048389
048390
048392
048394
048396
048397
048398
048400
048401
048402
048403
048404
048405
048407
048408
048409
048410
048411
048412
048413
048415
048417
048418
048419
048420
048422
048423
048424
048427
048428
048429
048430
048433
048434
048435
048436
048437
048438
048440
048441
048442
048443
048444
048445
048446
048447
048449
048451
048453
048454
048455
048456
048457
048458
048459
048460
048461
048462
048463
048465
048466
048467
048468
048469
048470
048471
048473
048474
048475
048477
048478
048479
048480
048481
048482
048484
048485
048486
048487
048488
048489
048491
048492
048493
048494
048495
048497
048500
048501
048504
048505
048506
048507
048508
048509
048510
048511
048512
048513
048514
048515
048516
048517
048518
048521
048522
048523
048524
048525
048526
048527
048528
048529
048531
048532
048533
048536
048537
048538
048539
048540
048541
048543
048546
048547
048549
048550
048551
048552
048553
048554
048556
048558
048559
048562
048563
048564
048565
048567
048568
048569
048570
048573
048574
048576
048577
048578
048580
048581
048582
048583
048584
048585
048586
048588
048590
048591
048592
048593
048594
048595
048596
048597
048599
048600
048601
048602
048603
048604
048605
048606
048608
048609
048611
048612
048614
048615
048617
048619
048620
048621
048622
048624
048626
048627
048628
048630
048632
048633
048634
048635
048636
048637
048638
048640
048642
048643
048644
048645
048646
048647
048648
048649
048650
048651
048652
048653
048654
048655
048657
048658
048659
048660
048661
048662
048663
048664
048665
048666
048667
048668
048669
048670
048671
048672
048674
048675
048676
048677
048678
048679
048680
048681
048682
048683
048684
048685
048686
048687
048688
048689
048690
048691
048692
048693
048694
048696
048697
048698
048699
048700
048701
048702
048703
048704
048705
048706
048709
048710
048711
048712
048713
048714
048715
048716
048717
048719
048721
048722
048723
048724
048726
048727
048729
048730
048731
048732
048733
048734
048735
048736
048737
048738
048739
048740
048742
048743
048744
048745
048746
048747
048748
048749
048750
048751
048753
048755
048759
048760
048763
048764
048765
048767
048768
048769
048770
048771
048772
048773
048775
048776
048777
048778
048779
048780
048781
048782
048783
048784
048788
048790
048791
048792
048793
048794
048795
048796
048798
048799
048800
048801
048802
048803
048804
048805
048806
048808
048809
048812
048814
048815
048816
048817
048818
048819
048820
048821
048822
048823
048824
048825
048826
048827
048828
048829
048830
048831
048832
048833
048834
048835
048836
048837
048838
048839
048840
048841
048842
048843
048844
048845
048846
048849
048850
048852
048855
048856
048857
048858
048859
048860
048863
048864
048867
048868
048869
048870
048871
048872
048873
048874
048875
048876
048877
048878
048879
048880
048881
048882
048883
048884
048885
048886
048887
048888
048889
048890
048891
048892
048893
048894
048895
048897
048898
048900
048901
048902
048903
048904
048905
048906
048907
048908
048909
048912
048913
048914
048915
048917
048920
048922
048924
048925
048926
048927
048929
048931
048932
048933
048934
048935
048936
048937
048938
048939
048940
048941
048943
048944
048945
048946
048947
048948
048949
048952
048953
048954
048956
048957
048959
048960
048962
048963
048964
048965
048966
048967
048970
048971
048972
048974
048975
048977
048978
048979
048980
048981
048982
048986
048987
048988
048990
048991
048992
048993
048996
048997
048999
049000
049001
049002
049003
049005
049006
049007
049008
049009
049010
049012
049013
049014
049015
049016
049017
049018
049019
049020
049021
049022
049023
049025
049026
049027
049029
049032
049033
049035
049036
049038
049039
049043
049044
049045
049046
049048
049050
049051
049052
049053
049054
049055
049056
049057
049058
049060
049062
049065
049066
049067
049069
049070
049071
049072
049074
049075
049077
049079
049080
049082
049083
049084
049085
049086
049087
049089
049091
049092
049093
049095
049096
049097
049100
049103
049104
049105
049106
049107
049108
049109
049111
049112
049113
049114
049115
049116
049117
049118
049120
049121
049122
049125
049126
049127
049128
049129
049130
049131
049133
049135
049136
049137
049138
049139
049141
049142
049143
049144
049145
049146
049147
049148
049149
049150
049151
049152
049155
049156
049159
049161
049162
049163
049164
049165
049166
049167
049168
049170
049171
049172
049174
049175
049176
049177
049178
049179
049180
049181
049182
049183
049184
049186
049187
049188
049189
049190
049191
049192
049193
049194
049195
049196
049197
049198
049199
049201
049202
049203
049206
049207
049209
049210
049211
049212
049213
049214
049215
049216
049218
049221
049222
049224
049225
049226
049227
049228
049229
049230
049231
049233
049234
049235
049237
049238
049239
049240
049242
049243
049244
049245
049247
049248
049250
049251
049252
049253
049255
049256
049257
049258
049259
049260
049261
049262
049263
049264
049265
049266
049267
049268
049269
049270
049271
049273
049276
049277
049278
049279
049280
049281
049282
049283
049284
049285
049286
049287
049288
049289
049292
049294
049295
049296
049297
049298
049299
049302
049303
049304
049305
049306
049307
049308
049309
049310
049311
049312
049313
049314
049315
049316
049317
049318
049320
049321
049322
049323
049326
049327
049328
049330
049332
049333
049334
049335
049336
049337
049338
049340
049341
049343
049345
049346
049347
049348
049349
049350
049351
049352
049353
049354
049355
049356
049357
049358
049360
049362
049363
049367
049368
049370
049371
049372
049376
049377
049378
049379
049380
049381
049382
049383
049384
049389
049390
049391
049392
049393
049394
049395
049396
049398
049399
049400
049401
049402
049403
049404
049406
049407
049408
049410
049411
049412
049413
049418
049419
049421
049422
049423
049425
049426
049427
049428
049429
049430
049431
049432
049433
049434
049436
049437
049438
049439
049440
049441
049442
049443
049444
049445
049446
049447
049449
049450
049451
049452
049453
049455
049457
049458
049460
049461
049462
049464
049465
049466
049467
049468
049469
049471
049473
049475
049477
049478
049480
049481
049482
049483
049484
049485
049486
049487
049488
049489
049491
049493
049494
049496
049497
049498
049499
049500
049501
049503
049504
049505
049506
049507
049508
049509
049510
049513
049514
049515
049517
049518
049519
049520
049521
049522
049525
049527
049528
049529
049530
049531
049532
049533
049536
049537
049538
049539
049540
049541
049542
049546
049547
049549
049550
049551
049552
049553
049554
049555
049556
049557
049558
049559
049560
049561
049562
049563
049564
049566
049567
049568
049569
049570
049571
049572
049573
049574
049575
049576
049578
049579
049580
049581
049582
049583
049584
049585
049587
049589
049590
049591
049592
049594
049595
049596
049598
049599
049600
049601
049602
049603
049604
049605
049606
049607
049608
049609
049610
049612
049613
049614
049615
049617
049618
049620
049621
049622
049623
049624
049625
049627
049628
049630
049631
049632
049633
049634
049635
049636
049637
049638
049640
049641
049642
049644
049646
049647
049648
049650
049653
049654
049655
049657
049658
049659
049661
049662
049663
049664
049665
049666
049667
049668
049669
049670
049671
049672
049673
049674
049675
049676
049677
049681
049682
049683
049684
049686
049687
049688
049689
049690
049691
049692
049693
049694
049696
049699
049700
049701
049702
049703
049707
049708
049710
049711
049712
049713
049714
049715
049716
049717
049719
049720
049721
049723
049725
049726
049728
049729
049730
049731
049732
049738
049739
049740
049741
049742
049743
049744
049745
049746
049747
049748
049750
049751
049752
049753
049754
049755
049756
049758
049759
049762
049763
049764
049765
049766
049767
049768
049769
049770
049771
049772
049774
049776
049777
049778
049779
049780
049781
049782
049783
049784
049785
049787
049788
049789
049790
049791
049793
049794
049795
049796
049797
049799
049800
049802
049803
049804
049805
049808
049809
049810
049811
049812
049813
049814
049815
049816
049817
049818
049819
049820
049822
049823
049824
049825
049826
049827
049829
049830
049831
049832
049833
049835
049836
049837
049838
049840
049841
049842
049843
049844
049845
049846
049847
049848
049849
049850
049851
049853
049854
049855
049856
049857
049858
049859
049861
049864
049865
049866
049867
049868
049869
049870
049871
049872
049873
049874
049875
049878
049879
049880
049882
049883
049884
049885
049886
049887
049888
049889
049890
049891
049892
049893
049894
049895
049896
049897
049898
049899
049900
049901
049902
049904
049905
049906
049907
049908
049909
049910
049911
049912
049913
049914
049916
049917
049918
049919
049920
049921
049922
049923
049925
049926
049929
049930
049931
049932
049934
049935
049936
049937
049938
049939
049941
049942
049943
049946
049947
049948
049949
049950
049952
049953
049954
049957
049960
049961
049962
049963
049964
049965
049966
049968
049969
049970
049971
049972
049973
049974
049975
049976
049977
049979
049980
049981
049982
049983
049984
049985
049986
049987
049989
049990
049991
049992
049993
049996
049997
049998
049999
050001
050002
050004
050005
050007
050008
050011
050013
050014
050016
050017
050019
050020
050021
050022
050026
050027
050028
050029
050030
050031
050032
050033
050034
050035
050036
050037
050038
050040
050042
050043
050045
050046
050047
050048
050049
050050
050051
050053
050054
050055
050057
050058
050059
050060
050062
050064
050065
050066
050067
050068
050069
050070
050071
050072
050073
050075
050076
050077
050078
050079
050080
050081
050082
050083
050084
050085
050087
050090
050091
050092
050094
050095
050096
050098
050099
050100
050102
050103
050104
050106
050107
050110
050111
050112
050114
050116
050117
050118
050119
050120
050122
050123
050124
050125
050126
050127
050128
050129
050132
050133
050134
050135
050136
050137
050138
050139
050140
050141
050144
050145
050146
050147
050148
050150
050151
050152
050154
050156
050157
050158
050160
050161
050162
050163
050164
050165
050166
050167
050168
050170
050171
050172
050173
050175
050176
050178
050179
050180
050182
050183
050185
050186
050187
050189
050191
050192
050193
050196
050197
050198
050199
050200
050201
050202
050203
050204
050205
050206
050207
050208
050209
050210
050211
050212
050214
050217
050218
050220
050221
050222
050224
050227
050228
050229
050230
050231
050232
050234
050235
050236
050237
050238
050239
050241
050242
050243
050244
050245
050246
050247
050248
050250
050253
050254
050255
050257
050259
050260
050261
050263
050264
050265
050266
050267
050268
050269
050270
050271
050272
050273
050275
050276
050277
050278
050279
050281
050282
050283
050284
050285
050286
050287
050288
050289
050292
050293
050294
050295
050298
050299
050301
050303
050304
050305
050306
050308
050310
050312
050313
050314
050315
050316
050317
050318
050319
050320
050321
050322
050325
050326
050327
050328
050329
050330
050333
050334
050335
050336
050337
050338
050340
050342
050344
050345
050346
050349
050350
050353
050354
050356
050357
050358
050359
050360
050361
050362
050363
050364
050365
050366
050367
050369
050370
050372
050373
050374
050375
050376
050379
050380
050382
050383
050384
050385
050386
050387
050388
050389
050391
050392
050393
050394
050395
050396
050398
050399
050400
050401
050402
050403
050404
050405
050406
050407
050409
050410
050412
050413
050414
050415
050416
050417
050418
050419
050420
050421
050422
050424
050425
050428
050429
050430
050432
050433
050434
050435
050437
050438
050439
050440
050441
050444
050445
050446
050448
050449
050450
050451
050452
050453
050455
050457
050458
050459
050460
050461
050462
050463
050464
050466
050467
050468
050469
050471
050472
050474
050475
050476
050477
050478
050479
050480
050481
050482
050483
050484
050486
050487
050488
050489
050490
050491
050492
050493
050495
050496
050497
050499
050500
050501
050503
050504
050505
050506
050507
050508
050510
050511
050513
050514
050515
050516
050517
050518
050519
050521
050522
050523
050524
050525
050526
050527
050528
050530
050531
050532
050533
050534
050536
050537
050538
050539
050540
050541
050544
050545
050546
050547
050548
050549
050550
050551
050552
050553
050555
050556
050558
050559
050560
050561
050562
050563
050565
050566
050567
050568
050569
050571
050573
050575
050576
050577
050579
050581
050583
050584
050586
050587
050588
050590
050591
050592
050594
050595
050596
050598
050599
050601
050602
050603
050604
050605
050606
050607
050608
050610
050611
050612
050614
050616
050617
050618
050619
050620
050621
050622
050623
050624
050625
050626
050627
050628
050629
050630
050631
050632
050634
050635
050637
050639
050640
050641
050642
050643
050644
050645
050647
050649
050650
050651
050652
050653
050655
050656
050657
050658
050659
050661
050662
050663
050664
050665
050667
050668
050671
050672
050674
050675
050676
050677
050678
050679
050680
050682
050683
050685
050687
050688
050690
050691
050692
050694
050695
050696
050697
050699
050701
050702
050704
050705
050706
050709
050710
050711
050714
050715
050716
050717
050718
050719
050720
050721
050723
050724
050727
050728
050729
050730
050731
050732
050733
050734
050735
050737
050738
050739
050740
050741
050742
050743
050744
050746
050747
050748
050749
050751
050752
050753
050755
050756
050757
050760
050762
050765
050766
050767
050768
050769
050771
050772
050773
050774
050775
050776
050778
050779
050780
050781
050782
050783
050784
050786
050788
050789
050790
050791
050792
050793
050794
050795
050796
050797
050798
050799
050800
050802
050804
050805
050806
050807
050808
050809
050810
050811
050812
050813
050815
050816
050817
050819
050820
050821
050822
050823
050824
050825
050826
050827
050828
050829
050830
050831
050833
050834
050835
050836
050838
050839
050840
050842
050843
050844
050845
050846
050847
050849
050851
050853
050854
050855
050856
050857
050859
050860
050861
050862
050863
050866
050867
050868
050871
050872
050874
050876
050877
050878
050882
050884
050885
050886
050887
050888
050890
050891
050893
050894
050895
050896
050898
050899
050900
050901
050902
050903
050905
050906
050907
050908
050909
050910
050911
050912
050914
050915
050916
050917
050918
050919
050920
050922
050923
050924
050925
050926
050927
050929
050930
050933
050934
050935
050936
050937
050938
050940
050941
050942
050943
050944
050946
050947
050948
050949
050950
050952
050953
050954
050955
050956
050959
050960
050961
050962
050963
050964
050966
050967
050968
050969
050970
050971
050972
050973
050974
050976
050977
050978
050979
050980
050981
050982
050983
050985
050986
050987
050988
050989
050990
050991
050992
050993
050994
050995
050996
050998
050999
051000
051001
051002
051003
051004
051005
051006
051007
051008
051011
051013
051014
051016
051017
051018
051019
051020
051021
051028
051029
051031
051032
051033
051034
051036
051038
051039
051041
051042
051043
051044
051045
051046
051047
051048
051049
051050
051051
051052
051053
051054
051055
051056
051058
051060
051061
051062
051063
051065
051066
051067
051070
051071
051072
051073
051075
051076
051077
051078
051079
051080
051081
051082
051083
051084
051085
051086
051087
051088
051089
051090
051092
051093
051094
051095
051096
051097
051099
051100
051102
051103
051104
051105
051106
051107
051108
051110
051111
051112
051113
051114
051115
051116
051118
051119
051120
051121
051122
051124
051125
051127
051129
051130
051131
051132
051133
051134
051135
051136
051138
051139
051141
051142
051143
051144
051145
051146
051147
051148
051151
051152
051153
051154
051156
051159
051161
051162
051163
051164
051165
051166
051167
051168
051169
051170
051171
051172
051173
051174
051175
051176
051177
051178
051179
051181
051182
051184
051185
051186
051188
051189
051190
051191
051193
051194
051195
051196
051197
051198
051199
051200
051201
051205
051207
051208
051210
051213
051214
051215
051216
051217
051218
051219
051220
051222
051223
051224
051225
051226
051228
051231
051232
051235
051236
051238
051239
051240
051242
051244
051246
051248
051249
051250
051251
051252
051253
051254
051255
051256
051257
051258
051259
051260
051262
051263
051264
051265
051266
051268
051269
051270
051271
051272
051273
051274
051275
051277
051278
051279
051281
051283
051287
051288
051291
051292
051293
051294
051295
051296
051297
051298
051302
051303
051304
051305
051306
051307
051308
051309
051312
051313
051314
051316
051317
051318
051319
051320
051322
051323
051326
051327
051328
051330
051331
051333
051334
051336
051337
051338
051341
051343
051344
051346
051347
051348
051349
051350
051352
051354
051356
051357
051358
051360
051361
051362
051363
051364
051365
051367
051369
051370
051371
051372
051373
051374
051375
051377
051378
051380
051382
051383
051384
051385
051388
051390
051391
051393
051394
051395
051396
051398
051401
051402
051404
051405
051406
051407
051410
051411
051412
051413
051414
051415
051416
051417
051418
051419
051420
051421
051423
051425
051426
051429
051430
051432
051433
051434
051435
051436
051439
051441
051442
051443
051444
051445
051446
051448
051449
051450
051451
051452
051453
051455
051457
051459
051460
051461
051464
051465
051466
051467
051470
051471
051472
051473
051475
051476
051478
051480
051481
051483
051484
051485
051486
051487
051488
051489
051490
051491
051493
051494
051495
051496
051497
051498
051499
051500
051501
051502
051503
051504
051506
051507
051508
051509
051510
051511
051512
051513
051514
051515
051516
051518
051520
051521
051523
051524
051525
051526
051527
051528
051530
051531
051532
051533
051534
051537
051539
051540
051541
051542
051544
051545
051546
051547
051548
051550
051551
051552
051553
051554
051555
051556
051557
051558
051559
051560
051561
051562
051563
051564
051565
051568
051569
051570
051572
051573
051576
051577
051578
051579
051581
051582
051583
051584
051585
051586
051587
051588
051590
051591
051593
051594
051595
051596
051597
051598
051599
051600
051601
051602
051603
051604
051607
051608
051609
051610
051611
051612
051613
051614
051616
051617
051618
051619
051620
051621
051622
051623
051625
051626
051627
051629
051630
051631
051632
051633
051634
051635
051637
051638
051639
051641
051642
051644
051645
051646
051647
051648
051649
051650
051652
051653
051654
051655
051656
051658
051659
051660
051661
051662
051663
051665
051670
051671
051673
051675
051676
051677
051679
051680
051681
051682
051683
051685
051686
051687
051688
051689
051691
051692
051693
051694
051695
051696
051698
051700
051701
051702
051703
051705
051706
051707
051708
051709
051710
051711
051712
051713
051714
051715
051717
051718
051719
051720
051721
051723
051724
051725
051726
051729
051732
051733
051734
051735
051736
051737
051738
051739
051740
051741
051742
051746
051749
051751
051752
051753
051754
051755
051756
051758
051759
051760
051761
051762
051763
051764
051765
051767
051768
051769
051770
051771
051772
051773
051774
051775
051776
051777
051779
051780
051782
051783
051784
051785
051787
051788
051789
051790
051791
051792
051793
051794
051795
051797
051798
051800
051801
051802
051803
051804
051805
051807
051808
051809
051810
051811
051812
051813
051814
051815
051816
051818
051819
051820
051821
051822
051824
051825
051827
051829
051830
051831
051834
051836
051837
051838
051840
051841
051843
051844
051846
051847
051849
051850
051851
051852
051853
051854
051855
051856
051857
051858
051859
051860
051861
051862
051865
051866
051868
051870
051871
051872
051873
051874
051875
051876
051877
051878
051879
051880
051881
051882
051883
051884
051885
051886
051887
051888
051889
051890
051891
051892
051893
051894
051895
051896
051898
051901
051903
051904
051905
051907
051908
051910
051911
051913
051914
051915
051916
051917
051918
051920
051922
051923
051924
051925
051926
051927
051928
051929
051933
051934
051935
051936
051937
051938
051939
051940
051941
051943
051944
051946
051947
051949
051950
051952
051954
051955
051956
051958
051959
051961
051962
051963
051964
051965
051968
051970
051971
051973
051975
051976
051977
051978
051979
051981
051982
051983
051984
051985
051987
051988
051990
051991
051992
051993
051994
051996
051999
052000
052001
052002
052003
052004
052005
052006
052007
052008
052009
052010
052011
052013
052014
052015
052016
052017
052018
052019
052020
052022
052023
052024
052026
052027
052029
052030
052031
052032
052033
052035
052036
052038
052039
052040
052041
052044
052045
052046
052048
052049
052051
052052
052053
052054
052055
052056
052057
052058
052060
052062
052063
052066
052067
052068
052069
052070
052071
052072
052074
052075
052076
052077
052079
052081
052082
052083
052084
052086
052088
052089
052090
052091
052092
052093
052094
052095
052097
052099
052100
052101
052102
052104
052106
052107
052108
052110
052111
052112
052113
052114
052117
052118
052119
052120
052121
052122
052123
052126
052127
052128
052129
052130
052131
052132
052133
052134
052135
052139
052140
052141
052142
052143
052144
052145
052146
052147
052148
052149
052150
052151
052152
052153
052154
052155
052157
052159
052160
052161
052162
052163
052164
052166
052167
052168
052169
052170
052171
052174
052175
052176
052177
052179
052180
052181
052182
052183
052184
052185
052187
052188
052190
052192
052193
052194
052195
052196
052197
052198
052199
052200
052201
052202
052203
052204
052206
052207
052208
052209
052210
052211
052212
052213
052214
052216
052217
052219
052220
052222
052223
052225
052226
052228
052229
052230
052231
052232
052233
052234
052235
052236
052238
052239
052240
052242
052243
052246
052248
052250
052252
052253
052254
052255
052256
052257
052259
052260
052262
052263
052264
052265
052266
052267
052269
052270
052271
052273
052274
052276
052277
052278
052279
052280
052282
052283
052284
052285
052286
052287
052288
052289
052290
052291
052292
052293
052294
052295
052296
052297
052298
052299
052300
052301
052305
052306
052307
052309
052310
052311
052312
052313
052314
052315
052316
052317
052318
052319
052321
052322
052323
052324
052325
052326
052327
052328
052330
052332
052333
052334
052335
052336
052337
052338
052340
052341
052342
052343
052344
052345
052346
052347
052350
052351
052352
052353
052354
052355
052356
052357
052358
052359
052361
052362
052363
052364
052365
052366
052367
052368
052369
052371
052372
052373
052374
052375
052376
052377
052378
052379
052380
052381
052383
052385
052386
052387
052388
052389
052390
052391
052392
052393
052394
052395
052396
052398
052399
052400
052401
052402
052403
052404
052405
052406
052407
052408
052409
052410
052411
052412
052413
052414
052415
052419
052420
052421
052422
052423
052425
052426
052427
052428
052431
052432
052434
052436
052437
052438
052439
052440
052441
052442
052443
052444
052445
052446
052447
052448
052449
052450
052452
052453
052456
052457
052458
052459
052460
052461
052462
052463
052464
052465
052466
052467
052470
052471
052473
052476
052477
052478
052479
052480
052481
052483
052484
052485
052486
052487
052488
052489
052490
052491
052494
052495
052496
052497
052498
052499
052500
052501
052502
052503
052504
052505
052506
052507
052508
052510
052511
052512
052513
052514
052516
052517
052520
052521
052522
052523
052524
052526
052527
052529
052530
052531
052532
052534
052536
052537
052538
052539
052540
052541
052542
052543
052544
052546
052547
052549
052550
052551
052553
052554
052555
052556
052557
052558
052560
052562
052563
052564
052565
052566
052567
052569
052574
052577
052578
052581
052583
052585
052587
052588
052590
052591
052592
052593
052594
052595
052596
052597
052598
052599
052600
052601
052602
052603
052604
052605
052606
052608
052609
052610
052611
052612
052613
052614
052615
052616
052617
052618
052619
052620
052621
052624
052625
052626
052627
052629
052630
052631
052632
052634
052635
052636
052637
052639
052640
052641
052643
052644
052645
052647
052648
052650
052651
052652
052654
052655
052656
052657
052658
052659
052660
052661
052662
052663
052664
052665
052666
052667
052668
052669
052670
052672
052673
052674
052675
052676
052677
052681
052682
052684
052685
052686
052687
052688
052689
052690
052691
052693
052695
052696
052697
052698
052699
052700
052701
052703
052704
052705
052706
052707
052708
052711
052714
052715
052716
052717
052718
052719
052720
052721
052723
052724
052725
052726
052727
052728
052729
052730
052731
052732
052733
052734
052735
052736
052737
052738
052739
052740
052741
052743
052744
052745
052746
052747
052748
052749
052750
052751
052752
052753
052754
052755
052757
052758
052759
052760
052761
052763
052764
052765
052766
052767
052769
052770
052771
052772
052773
052774
052775
052776
052777
052778
052779
052781
052782
052783
052784
052785
052786
052787
052788
052789
052790
052791
052792
052793
052794
052795
052796
052798
052800
052801
052802
052803
052804
052808
052809
052811
052813
052814
052815
052816
052817
052818
052821
052822
052823
052824
052825
052826
052827
052830
052831
052832
052833
052834
052835
052838
052839
052840
052842
052843
052845
052846
052847
052849
052850
052852
052853
052854
052855
052856
052857
052858
052859
052860
052861
052862
052865
052867
052868
052869
052870
052871
052872
052873
052874
052875
052876
052878
052879
052883
052884
052885
052887
052888
052889
052891
052892
052894
052895
052896
052897
052899
052901
052902
052904
052905
052906
052907
052908
052909
052910
052911
052912
052913
052914
052915
052916
052917
052918
052919
052920
052921
052922
052923
052924
052927
052928
052929
052930
052932
052934
052936
052937
052938
052940
052941
052943
052944
052945
052946
052948
052950
052951
052952
052953
052954
052955
052956
052957
052958
052959
052960
052961
052962
052963
052965
052966
052967
052968
052969
052970
052972
052974
052975
052977
052978
052979
052980
052981
052982
052984
052986
052987
052988
052989
052990
052991
052992
052994
052995
052998
053000
053001
053002
053003
053005
053006
053007
053008
053009
053010
053011
053012
053013
053016
053017
053018
053020
053022
053024
053025
053026
053027
053029
053030
053031
053032
053033
053034
053035
053036
053038
053040
053041
053042
053043
053045
053047
053048
053049
053051
053053
053054
053055
053057
053060
053061
053063
053064
053065
053066
053067
053069
053071
053072
053074
053076
053078
053079
053080
053081
053082
053083
053084
053085
053086
053087
053088
053089
053090
053091
053092
053093
053094
053095
053097
053098
053099
053100
053101
053102
053103
053106
053107
053108
053109
053110
053111
053113
053114
053115
053116
053118
053119
053121
053122
053124
053125
053127
053129
053130
053131
053132
053133
053134
053135
053137
053138
053139
053140
053141
053142
053143
053144
053145
053146
053147
053148
053149
053152
053153
053154
053155
053156
053157
053158
053160
053161
053162
053163
053164
053165
053167
053169
053170
053171
053172
053173
053174
053175
053176
053177
053178
053179
053180
053181
053182
053183
053184
053185
053187
053188
053189
053191
053193
053194
053195
053196
053197
053199
053201
053204
053205
053206
053207
053208
053209
053210
053211
053212
053213
053214
053215
053216
053217
053218
053219
053220
053221
053222
053223
053224
053225
053226
053227
053228
053230
053232
053233
053234
053235
053236
053238
053239
053240
053241
053242
053243
053244
053245
053247
053248
053249
053250
053251
053252
053253
053254
053255
053257
053259
053260
053264
053265
053267
053268
053269
053270
053271
053272
053273
053274
053275
053277
053278
053280
053281
053283
053284
053285
053286
053287
053289
053290
053291
053292
053293
053295
053296
053297
053299
053300
053301
053302
053304
053305
053306
053307
053308
053309
053310
053311
053312
053313
053314
053316
053317
053318
053319
053320
053321
053322
053323
053324
053326
053327
053329
053330
053331
053332
053333
053335
053337
053338
053340
053341
053342
053343
053344
053345
053346
053347
053349
053351
053352
053354
053355
053359
053360
053361
053362
053363
053364
053365
053366
053367
053369
053370
053372
053373
053374
053375
053376
053377
053378
053379
053380
053381
053383
053384
053385
053386
053387
053388
053389
053390
053391
053392
053393
053394
053395
053397
053398
053399
053400
053401
053402
053403
053404
053405
053406
053407
053408
053409
053411
053414
053415
053416
053417
053418
053419
053420
053421
053422
053423
053424
053425
053426
053427
053428
053429
053430
053431
053433
053434
053435
053436
053440
053441
053442
053444
053445
053446
053447
053448
053449
053450
053451
053452
053453
053454
053455
053456
053458
053459
053461
053462
053463
053464
053465
053466
053467
053468
053469
053470
053471
053472
053473
053474
053475
053477
053478
053479
053480
053481
053482
053484
053485
053486
053487
053489
053491
053492
053493
053494
053496
053498
053499
053500
053501
053502
053503
053504
053505
053506
053507
053508
053509
053510
053511
053513
053515
053517
053518
053519
053521
053522
053523
053525
053526
053528
053529
053530
053532
053533
053535
053536
053537
053540
053541
053542
053543
053544
053545
053546
053547
053548
053549
053550
053551
053552
053553
053554
053555
053556
053557
053558
053559
053560
053561
053563
053564
053565
053566
053568
053569
053570
053571
053572
053573
053574
053575
053576
053577
053578
053579
053581
053582
053583
053584
053585
053587
053588
053589
053591
053593
053594
053595
053596
053597
053598
053600
053601
053605
053606
053607
053609
053610
053611
053612
053614
053615
053616
053617
053618
053619
053620
053621
053623
053624
053626
053627
053628
053629
053630
053631
053632
053633
053635
053636
053637
053639
053640
053642
053643
053644
053645
053646
053647
053648
053649
053650
053652
053653
053654
053655
053656
053657
053659
053661
053662
053664
053665
053666
053668
053669
053671
053672
053673
053674
053678
053679
053680
053681
053682
053683
053684
053686
053687
053688
053689
053690
053693
053695
053696
053697
053698
053699
053700
053702
053703
053704
053705
053706
053707
053708
053709
053711
053712
053714
053715
053716
053717
053718
053719
053720
053722
053723
053724
053726
053728
053729
053730
053731
053733
053734
053735
053736
053737
053738
053739
053740
053741
053742
053743
053744
053746
053747
053748
053749
053750
053751
053752
053753
053754
053755
053756
053757
053758
053760
053761
053762
053763
053764
053765
053766
053767
053768
053769
053770
053771
053772
053773
053774
053775
053776
053777
053778
053779
053780
053781
053782
053783
053784
053785
053787
053788
053789
053790
053791
053792
053793
053794
053795
053796
053797
053798
053799
053801
053802
053803
053804
053806
053807
053808
053810
053811
053813
053816
053817
053818
053819
053820
053821
053822
053823
053824
053825
053827
053829
053831
053832
053835
053836
053839
053840
053842
053844
053845
053847
053848
053850
053851
053852
053853
053855
053856
053858
053859
053860
053861
053862
053863
053864
053865
053866
053867
053868
053870
053871
053872
053873
053874
053876
053877
053879
053880
053881
053882
053883
053884
053886
053888
053889
053890
053892
053895
053896
053897
053898
053899
053900
053901
053903
053904
053908
053909
053910
053911
053912
053913
053914
053916
053917
053919
053920
053921
053922
053923
053924
053926
053928
053929
053930
053931
053932
053933
053934
053936
053938
053939
053940
053942
053943
053944
053945
053946
053947
053948
053949
053950
053951
053952
053953
053954
053956
053957
053958
053959
053960
053962
053964
053965
053966
053967
053968
053969
053970
053972
053974
053977
053978
053979
053980
053981
053982
053983
053985
053986
053987
053988
053989
053990
053993
053994
053995
053996
053998
053999
054000
054001
054004
054005
054007
054008
054011
054012
054014
054015
054016
054017
054018
054019
054020
054021
054022
054025
054026
054027
054028
054031
054032
054033
054034
054035
054036
054037
054038
054040
054041
054043
054044
054045
054047
054048
054049
054050
054052
054053
054054
054055
054057
054058
054061
054063
054064
054065
054066
054067
054068
054069
054070
054071
054073
054074
054075
054076
054077
054078
054079
054081
054082
054083
054085
054086
054089
054090
054091
054093
054094
054095
054097
054098
054099
054100
054101
054102
054103
054104
054106
054107
054108
054109
054110
054111
054112
054113
054114
054115
054116
054117
054118
054119
054120
054121
054122
054125
054126
054127
054128
054129
054130
054132
054133
054134
054135
054136
054137
054138
054139
054140
054141
054142
054143
054145
054147
054148
054150
054151
054152
054153
054154
054155
054156
054157
054158
054160
054161
054162
054163
054164
054165
054167
054168
054172
054173
054174
054176
054177
054178
054179
054180
054181
054182
054184
054185
054186
054187
054189
054190
054191
054192
054193
054194
054195
054196
054197
054199
054200
054201
054202
054204
054205
054206
054207
054208
054209
054210
054211
054212
054213
054214
054215
054216
054217
054218
054220
054221
054222
054223
054224
054225
054226
054227
054228
054230
054231
054232
054233
054235
054236
054237
054238
054239
054240
054241
054242
054243
054244
054245
054246
054247
054248
054249
054250
054253
054254
054256
054257
054258
054259
054260
054261
054262
054263
054264
054265
054266
054267
054268
054269
054270
054271
054272
054273
054274
054275
054276
054277
054278
054279
054280
054282
054284
054285
054286
054287
054288
054290
054291
054292
054294
054295
054296
054297
054298
054300
054301
054302
054304
054307
054308
054310
054311
054313
054314
054315
054316
054318
054319
054321
054322
054323
054325
054326
054327
054328
054329
054330
054332
054333
054334
054336
054337
054338
054339
054340
054341
054342
054344
054345
054346
054347
054348
054349
054350
054351
054352
054353
054354
054355
054357
054359
054361
054363
054364
054365
054367
054368
054369
054370
054373
054374
054375
054376
054377
054378
054379
054380
054381
054382
054383
054384
054385
054386
054387
054388
054389
054392
054394
054396
054397
054398
054399
054401
054402
054403
054404
054405
054406
054407
054409
054410
054411
054412
054413
054414
054415
054416
054417
054419
054421
054422
054423
054424
054425
054426
054427
054428
054429
054430
054431
054432
054433
054434
054435
054436
054437
054440
054441
054442
054443
054445
054447
054449
054450
054452
054455
054456
054459
054460
054462
054463
054464
054465
054466
054467
054468
054469
054470
054471
054472
054474
054475
054476
054477
054478
054479
054480
054481
054482
054483
054484
054485
054486
054487
054488
054490
054491
054492
054493
054494
054495
054496
054497
054499
054500
054501
054502
054503
054504
054505
054506
054507
054510
054513
054515
054516
054517
054518
054520
054523
054524
054528
054530
054532
054533
054535
054536
054537
054539
054540
054541
054542
054543
054544
054545
054547
054548
054549
054550
054551
054552
054553
054554
054555
054556
054558
054559
054560
054561
054562
054563
054566
054567
054568
054569
054571
054572
054573
054574
054575
054577
054578
054580
054583
054585
054586
054588
054589
054590
054591
054592
054593
054594
054595
054596
054597
054598
054599
054600
054601
054602
054603
054604
054605
054606
054607
054608
054610
054612
054614
054615
054617
054621
054624
054625
054626
054627
054628
054629
054630
054631
054632
054633
054634
054635
054636
054638
054639
054641
054642
054643
054644
054645
054647
054648
054649
054650
054652
054654
054655
054657
054659
054660
054661
054662
054663
054664
054666
054668
054669
054670
054671
054672
054673
054675
054676
054677
054678
054679
054680
054681
054682
054684
054685
054687
054688
054689
054690
054692
054693
054694
054695
054697
054698
054699
054700
054701
054703
054704
054705
054706
054707
054708
054710
054712
054713
054714
054715
054716
054717
054718
054720
054722
054723
054724
054725
054726
054727
054728
054730
054731
054733
054734
054735
054736
054739
054741
054742
054743
054745
054746
054747
054748
054749
054751
054752
054753
054754
054756
054757
054759
054760
054763
054768
054769
054770
054771
054772
054773
054774
054775
054776
054777
054778
054779
054780
054781
054787
054788
054789
054791
054792
054793
054794
054795
054797
054798
054799
054800
054801
054802
054803
054804
054805
054806
054807
054808
054809
054810
054811
054812
054813
054815
054816
054820
054821
054822
054823
054824
054825
054826
054827
054828
054829
054831
054832
054833
054834
054835
054836
054837
054838
054839
054840
054841
054843
054844
054845
054846
054847
054848
054849
054850
054851
054854
054855
054856
054857
054858
054859
054860
054861
054862
054863
054864
054865
054866
054868
054869
054870
054872
054873
054874
054875
054876
054877
054878
054879
054880
054881
054882
054884
054885
054886
054888
054890
054891
054893
054894
054895
054896
054897
054899
054900
054903
054904
054905
054906
054908
054909
054910
054911
054912
054914
054915
054917
054919
054920
054921
054923
054924
054925
054926
054927
054928
054929
054931
054933
054934
054935
054936
054937
054938
054939
054940
054942
054943
054945
054946
054947
054948
054950
054951
054954
054955
054957
054959
054960
054961
054962
054963
054964
054966
054967
054968
054970
054971
054972
054973
054974
054975
054976
054977
054978
054979
054981
054982
054983
054984
054986
054988
054989
054990
054991
054992
054993
054995
054996
054997
055000
055002
055003
055004
055005
055006
055007
055008
055009
055011
055012
055013
055016
055017
055018
055019
055021
055023
055025
055026
055027
055028
055029
055030
055031
055032
055033
055034
055035
055037
055039
055040
055041
055042
055043
055044
055045
055046
055047
055048
055049
055050
055051
055052
055053
055055
055056
055057
055058
055059
055060
055061
055063
055064
055067
055069
055070
055071
055072
055073
055074
055076
055077
055079
055080
055081
055082
055083
055084
055085
055086
055087
055088
055089
055090
055091
055092
055093
055094
055096
055097
055098
055099
055101
055102
055103
055104
055105
055106
055109
055110
055113
055114
055115
055117
055118
055119
055120
055121
055122
055123
055124
055125
055126
055127
055128
055129
055130
055131
055132
055133
055134
055135
055136
055138
055139
055140
055141
055143
055144
055146
055147
055148
055151
055154
055156
055157
055158
055159
055160
055161
055162
055163
055164
055167
055168
055169
055170
055171
055172
055173
055176
055177
055178
055179
055180
055181
055184
055185
055186
055187
055188
055189
055190
055192
055193
055194
055195
055198
055199
055200
055201
055202
055203
055204
055205
055206
055207
055208
055209
055210
055211
055214
055215
055217
055218
055219
055220
055221
055223
055224
055225
055227
055228
055229
055230
055231
055232
055235
055236
055237
055238
055239
055240
055241
055242
055243
055245
055246
055247
055249
055250
055251
055252
055253
055254
055255
055257
055258
055260
055261
055263
055264
055265
055267
055268
055269
055271
055273
055274
055275
055276
055277
055278
055280
055281
055282
055283
055284
055285
055286
055287
055288
055289
055290
055291
055292
055293
055294
055295
055296
055297
055298
055299
055300
055302
055303
055304
055305
055307
055308
055309
055310
055311
055312
055313
055314
055315
055317
055318
055322
055323
055324
055325
055326
055327
055328
055329
055330
055331
055332
055333
055335
055336
055337
055338
055339
055342
055344
055345
055346
055347
055350
055351
055352
055354
055355
055357
055358
055359
055360
055361
055362
055363
055364
055365
055368
055370
055371
055374
055375
055376
055377
055379
055380
055381
055384
055385
055386
055387
055388
055389
055390
055391
055392
055395
055396
055398
055399
055400
055401
055402
055403
055405
055406
055407
055409
055410
055412
055413
055414
055415
055416
055417
055418
055419
055421
055423
055424
055425
055426
055427
055428
055429
055432
055433
055434
055435
055436
055437
055438
055439
055440
055441
055442
055443
055444
055445
055447
055448
055449
055450
055451
055452
055453
055454
055455
055456
055457
055459
055460
055461
055462
055463
055464
055465
055466
055467
055469
055470
055471
055472
055473
055474
055475
055477
055478
055479
055480
055481
055483
055484
055485
055486
055487
055488
055489
055491
055492
055493
055494
055495
055496
055498
055499
055501
055502
055503
055504
055506
055507
055508
055510
055511
055512
055513
055514
055516
055517
055518
055519
055520
055521
055522
055523
055524
055525
055526
055527
055528
055529
055530
055531
055532
055533
055534
055536
055539
055540
055542
055543
055544
055545
055546
055547
055548
055549
055550
055551
055552
055553
055554
055555
055556
055557
055560
055561
055562
055563
055565
055566
055567
055568
055569
055571
055572
055573
055574
055575
055577
055579
055580
055581
055582
055584
055585
055586
055587
055589
055590
055591
055592
055593
055594
055595
055596
055597
055600
055602
055603
055604
055606
055607
055608
055609
055610
055611
055612
055613
055615
055616
055618
055619
055620
055621
055623
055624
055625
055628
055629
055630
055632
055635
055636
055637
055638
055639
055642
055644
055645
055646
055647
055649
055650
055651
055652
055653
055654
055655
055657
055658
055659
055660
055661
055662
055663
055664
055665
055666
055667
055669
055670
055674
055675
055677
055678
055680
055681
055683
055684
055685
055686
055687
055688
055689
055690
055691
055692
055693
055695
055696
055697
055698
055700
055702
055703
055704
055705
055706
055707
055708
055709
055710
055712
055713
055715
055718
055720
055722
055724
055725
055726
055727
055730
055736
055737
055738
055739
055741
055742
055743
055744
055745
055746
055747
055748
055749
055750
055751
055753
055754
055755
055756
055757
055758
055759
055760
055761
055762
055764
055765
055766
055767
055769
055770
055771
055773
055775
055776
055777
055778
055779
055780
055782
055783
055784
055786
055787
055788
055789
055790
055791
055792
055793
055794
055795
055796
055797
055798
055799
055800
055802
055804
055805
055806
055807
055808
055809
055810
055812
055813
055814
055816
055817
055819
055820
055822
055823
055824
055825
055826
055827
055828
055829
055831
055832
055833
055834
055835
055836
055837
055838
055839
055840
055842
055843
055844
055845
055848
055849
055850
055852
055853
055855
055856
055857
055858
055859
055860
055861
055862
055863
055864
055865
055866
055867
055868
055869
055870
055871
055873
055875
055876
055877
055878
055879
055880
055881
055882
055884
055886
055887
055889
055890
055891
055892
055893
055894
055897
055899
055900
055901
055902
055903
055904
055905
055906
055908
055910
055911
055912
055913
055915
055916
055917
055919
055920
055921
055922
055923
055924
055926
055928
055930
055931
055932
055934
055935
055936
055937
055938
055939
055940
055941
055942
055943
055944
055945
055946
055948
055950
055952
055953
055954
055955
055956
055957
055958
055959
055960
055962
055965
055966
055967
055968
055969
055970
055971
055974
055975
055977
055978
055981
055982
055983
055984
055985
055986
055987
055988
055989
055990
055993
055994
055995
055996
055998
055999
056000
056001
056003
056004
056005
056006
056007
056008
056009
056010
056012
056013
056014
056015
056016
056017
056018
056019
056020
056021
056022
056023
056025
056026
056027
056028
056029
056031
056032
056033
056034
056035
056036
056037
056038
056039
056040
056041
056042
056043
056044
056045
056046
056047
056048
056049
056050
056051
056052
056054
056055
056056
056057
056058
056059
056060
056061
056063
056064
056065
056067
056068
056069
056070
056071
056072
056073
056074
056075
056076
056077
056078
056079
056080
056081
056082
056083
056084
056085
056086
056087
056088
056090
056091
056092
056093
056094
056095
056096
056100
056102
056104
056106
056107
056108
056109
056110
056111
056112
056113
056114
056117
056118
056121
056124
056125
056126
056127
056128
056129
056130
056131
056132
056133
056134
056135
056136
056137
056138
056139
056140
056141
056142
056143
056144
056146
056147
056148
056149
056150
056151
056156
056157
056158
056159
056160
056161
056162
056163
056165
056166
056167
056168
056169
056170
056171
056172
056173
056175
056176
056177
056178
056179
056180
056183
056184
056185
056186
056187
056188
056189
056190
056191
056192
056193
056194
056195
056196
056197
056198
056200
056201
056202
056203
056204
056205
056206
056207
056210
056211
056212
056214
056215
056216
056218
056219
056220
056221
056222
056223
056224
056226
056227
056228
056229
056230
056232
056233
056234
056235
056236
056238
056239
056240
056241
056242
056243
056244
056246
056247
056250
056251
056252
056253
056254
056255
056256
056257
056258
056259
056260
056263
056264
056265
056266
056269
056270
056271
056272
056273
056274
056275
056276
056277
056279
056280
056281
056283
056284
056285
056286
056287
056288
056289
056290
056291
056293
056294
056296
056297
056298
056299
056300
056301
056302
056303
056304
056305
056306
056307
056308
056309
056310
056311
056312
056313
056314
056315
056316
056317
056318
056320
056321
056322
056324
056325
056327
056329
056330
056331
056332
056333
056334
056335
056336
056338
056339
056340
056341
056344
056345
056346
056347
056348
056350
056351
056352
056353
056354
056356
056357
056358
056359
056360
056361
056362
056363
056364
056365
056366
056368
056369
056371
056372
056374
056375
056376
056379
056380
056381
056383
056384
056385
056387
056388
056389
056390
056391
056392
056393
056394
056395
056396
056399
056400
056401
056402
056403
056404
056405
056406
056408
056409
056410
056411
056412
056413
056414
056415
056416
056417
056419
056420
056422
056423
056424
056425
056426
056427
056428
056430
056431
056432
056433
056434
056435
056436
056437
056438
056439
056442
056443
056444
056445
056446
056448
056449
056450
056451
056452
056454
056457
056459
056460
056461
056462
056464
056465
056466
056467
056468
056469
056470
056471
056472
056474
056475
056478
056479
056480
056481
056482
056483
056484
056485
056487
056488
056489
056490
056491
056494
056495
056496
056497
056498
056499
056500
056502
056504
056505
056506
056507
056509
056512
056513
056514
056515
056516
056518
056519
056520
056521
056523
056524
056525
056526
056527
056529
056530
056531
056532
056533
056534
056535
056537
056538
056539
056540
056543
056544
056546
056547
056548
056550
056551
056552
056553
056555
056556
056559
056560
056561
056562
056563
056565
056566
056567
056568
056570
056571
056572
056573
056574
056575
056576
056577
056578
056580
056582
056583
056585
056586
056588
056589
056590
056591
056594
056595
056596
056597
056598
056600
056601
056602
056603
056604
056606
056609
056610
056611
056612
056613
056614
056616
056617
056618
056619
056620
056621
056622
056623
056624
056625
056626
056627
056628
056629
056630
056631
056632
056635
056636
056637
056638
056639
056640
056641
056642
056644
056645
056646
056648
056649
056650
056651
056652
056653
056654
056655
056656
056657
056658
056660
056661
056662
056663
056664
056665
056666
056668
056669
056670
056672
056673
056674
056675
056677
056678
056680
056681
056682
056683
056684
056685
056687
056688
056690
056691
056692
056693
056694
056696
056698
056699
056700
056701
056702
056703
056705
056707
056708
056709
056710
056711
056712
056714
056715
056716
056717
056718
056719
056721
056722
056724
056725
056726
056727
056728
056730
056732
056733
056734
056735
056736
056737
056738
056739
056740
056742
056744
056745
056746
056747
056748
056749
056750
056751
056752
056753
056754
056755
056756
056757
056758
056759
056760
056761
056762
056763
056764
056765
056766
056767
056768
056769
056770
056771
056772
056773
056774
056775
056776
056777
056778
056779
056780
056781
056782
056783
056784
056785
056786
056787
056788
056789
056790
056791
056792
056793
056794
056796
056797
056798
056799
056800
056801
056802
056804
056805
056806
056807
056808
056809
056810
056811
056813
056815
056816
056817
056818
056819
056820
056821
056822
056823
056825
056826
056829
056831
056832
056833
056834
056835
056836
056837
056838
056841
056845
056847
056848
056849
056850
056851
056852
056853
056854
056855
056856
056857
056858
056859
056860
056861
056862
056863
056866
056867
056868
056870
056871
056872
056873
056874
056876
056877
056878
056879
056880
056881
056882
056883
056885
056886
056888
056889
056890
056891
056892
056893
056894
056895
056896
056897
056898
056899
056901
056902
056904
056905
056906
056907
056908
056909
056910
056912
056914
056915
056916
056917
056918
056920
056921
056922
056923
056924
056925
056926
056927
056928
056929
056931
056932
056933
056934
056935
056936
056938
056939
056941
056943
056944
056945
056946
056947
056948
056950
056951
056955
056956
056957
056958
056960
056961
056962
056963
056964
056965
056966
056967
056968
056969
056971
056972
056973
056975
056976
056977
056978
056979
056980
056982
056983
056986
056988
056989
056992
056993
056994
056995
056997
056998
056999
057000
057001
057002
057003
057004
057005
057006
057007
057008
057009
057010
057011
057012
057013
057014
057015
057018
057019
057020
057021
057023
057024
057025
057026
057028
057029
057030
057031
057032
057033
057034
057035
057036
057037
057038
057039
057040
057042
057044
057045
057046
057047
057048
057049
057052
057054
057055
057056
057058
057059
057060
057061
057062
057063
057064
057065
057066
057067
057068
057070
057071
057072
057073
057074
057075
057076
057077
057079
057081
057082
057083
057085
057087
057089
057090
057091
057092
057093
057094
057095
057097
057098
057100
057101
057102
057103
057106
057107
057108
057109
057110
057111
057112
057113
057114
057115
057116
057117
057120
057121
057125
057126
057127
057129
057131
057134
057135
057136
057137
057138
057141
057142
057143
057144
057145
057146
057147
057149
057150
057151
057152
057153
057154
057156
057157
057158
057160
057161
057162
057163
057166
057167
057168
057169
057170
057171
057172
057173
057174
057175
057176
057177
057178
057181
057182
057183
057184
057185
057186
057187
057189
057190
057191
057194
057196
057199
057200
057202
057203
057204
057205
057208
057209
057210
057211
057212
057213
057215
057216
057217
057219
057220
057221
057222
057223
057226
057227
057228
057229
057231
057232
057233
057234
057237
057238
057239
057240
057241
057242
057243
057244
057245
057246
057247
057248
057249
057250
057252
057253
057254
057255
057256
057258
057259
057260
057261
057262
057263
057264
057265
057266
057267
057268
057269
057270
057273
057274
057276
057278
057279
057280
057282
057284
057285
057286
057287
057289
057290
057291
057292
057293
057296
057297
057298
057299
057300
057301
057302
057303
057304
057305
057306
057307
057308
057309
057310
057311
057313
057315
057316
057318
057319
057321
057322
057323
057324
057325
057326
057327
057328
057330
057331
057332
057337
057338
057340
057341
057342
057343
057344
057345
057346
057347
057348
057349
057350
057352
057353
057354
057355
057356
057357
057358
057361
057362
057363
057364
057365
057366
057367
057368
057370
057371
057372
057373
057376
057378
057379
057380
057381
057382
057383
057384
057386
057387
057388
057389
057390
057391
057392
057393
057394
057395
057398
057399
057400
057401
057402
057404
057405
057406
057408
057409
057410
057411
057412
057413
057416
057417
057418
057419
057420
057422
057423
057424
057425
057426
057428
057429
057430
057431
057432
057433
057434
057436
057437
057438
057439
057440
057441
057443
057444
057445
057446
057447
057448
057449
057450
057451
057452
057453
057454
057455
057457
057458
057460
057461
057462
057464
057465
057466
057467
057468
057469
057470
057471
057472
057473
057474
057475
057476
057477
057478
057479
057480
057482
057483
057484
057485
057487
057489
057490
057491
057492
057493
057495
057496
057497
057498
057499
057500
057501
057502
057504
057506
057507
057508
057510
057511
057513
057516
057517
057518
057519
057520
057521
057523
057524
057525
057526
057529
057530
057531
057532
057533
057534
057537
057538
057539
057540
057541
057542
057543
057544
057545
057546
057547
057548
057549
057550
057551
057552
057553
057554
057556
057557
057559
057560
057561
057562
057563
057568
057569
057570
057571
057572
057573
057574
057575
057576
057577
057578
057579
057580
057581
057582
057583
057584
057585
057587
057588
057589
057590
057591
057593
057594
057595
057596
057597
057598
057599
057601
057602
057603
057605
057606
057607
057608
057609
057610
057611
057612
057613
057615
057616
057617
057619
057620
057621
057624
057625
057626
057627
057628
057629
057630
057631
057632
057633
057634
057635
057636
057639
057641
057645
057646
057647
057648
057650
057651
057652
057653
057655
057656
057657
057658
057659
057660
057661
057662
057663
057664
057665
057666
057667
057668
057669
057670
057671
057672
057673
057674
057675
057677
057678
057680
057681
057682
057683
057684
057685
057686
057689
057690
057691
057692
057693
057694
057695
057696
057697
057698
057699
057700
057701
057703
057704
057705
057706
057707
057708
057709
057711
057712
057714
057716
057717
057718
057720
057721
057722
057723
057724
057725
057726
057727
057729
057731
057734
057735
057736
057737
057738
057739
057740
057741
057742
057743
057744
057746
057747
057748
057750
057751
057752
057753
057754
057756
057757
057758
057759
057761
057763
057764
057765
057766
057767
057770
057771
057772
057774
057775
057776
057777
057778
057779
057780
057781
057782
057783
057784
057787
057788
057789
057791
057792
057793
057794
057795
057796
057797
057798
057799
057800
057801
057803
057804
057805
057806
057807
057808
057810
057811
057812
057813
057814
057815
057816
057817
057818
057819
057820
057821
057822
057824
057825
057826
057827
057828
057829
057830
057831
057832
057835
057836
057837
057838
057839
057840
057841
057842
057843
057845
057846
057847
057848
057849
057851
057852
057853
057856
057857
057858
057860
057861
057862
057864
057866
057869
057870
057872
057874
057875
057877
057878
057879
057880
057881
057882
057883
057884
057885
057886
057887
057889
057890
057892
057893
057894
057897
057898
057899
057901
057903
057904
057905
057906
057907
057908
057910
057911
057912
057913
057914
057915
057916
057917
057918
057919
057921
057922
057923
057925
057926
057927
057930
057931
057932
057933
057934
057935
057936
057937
057938
057939
057941
057942
057943
057945
057946
057947
057948
057949
057952
057953
057954
057955
057956
057957
057959
057960
057961
057962
057963
057964
057965
057966
057967
057968
057969
057971
057972
057973
057974
057975
057977
057978
057979
057980
057983
057984
057985
057986
057987
057988
057989
057990
057991
057992
057993
057994
057995
057999
058000
058002
058003
058004
058009
058012
058013
058014
058015
058016
058017
058018
058020
058022
058023
058025
058026
058027
058028
058029
058030
058031
058032
058033
058034
058035
058036
058037
058039
058041
058043
058044
058046
058050
058051
058052
058053
058054
058055
058056
058058
058059
058060
058061
058063
058064
058065
058066
058068
058069
058070
058071
058072
058074
058075
058076
058078
058079
058080
058081
058082
058083
058084
058085
058086
058088
058089
058090
058091
058092
058093
058094
058095
058096
058097
058098
058099
058100
058101
058102
058103
058104
058106
058108
058109
058110
058111
058112
058113
058115
058117
058118
058119
058120
058121
058122
058123
058124
058125
058126
058127
058129
058130
058131
058133
058134
058135
058136
058137
058138
058140
058141
058142
058143
058145
058146
058147
058148
058149
058150
058151
058152
058154
058155
058156
058158
058159
058162
058164
058165
058168
058169
058172
058174
058176
058177
058178
058180
058181
058182
058183
058184
058185
058188
058190
058192
058195
058196
058197
058198
058199
058200
058201
058203
058205
058206
058207
058208
058209
058210
058211
058212
058213
058214
058216
058217
058218
058219
058220
058221
058222
058223
058224
058226
058227
058228
058229
058230
058231
058232
058233
058234
058235
058236
058238
058239
058240
058242
058244
058245
058246
058247
058248
058249
058250
058251
058252
058253
058254
058255
058256
058257
058258
058259
058261
058262
058263
058264
058265
058267
058268
058269
058270
058271
058273
058274
058275
058276
058277
058278
058279
058280
058282
058283
058285
058286
058287
058288
058289
058290
058291
058292
058295
058296
058297
058298
058299
058300
058301
058302
058303
058304
058305
058309
058310
058311
058312
058313
058315
058316
058317
058318
058319
058320
058321
058322
058323
058324
058325
058326
058327
058328
058329
058331
058334
058335
058336
058337
058338
058339
058340
058341
058342
058343
058346
058347
058348
058349
058352
058353
058354
058355
058356
058357
058359
058360
058361
058362
058365
058366
058368
058370
058371
058372
058373
058375
058376
058377
058378
058379
058380
058381
058382
058385
058386
058387
058388
058389
058390
058391
058392
058393
058394
058395
058396
058398
058399
058403
058404
058405
058406
058408
058409
058410
058411
058412
058414
058415
058416
058418
058419
058420
058421
058422
058423
058424
058425
058428
058430
058432
058433
058434
058436
058437
058438
058439
058440
058441
058442
058443
058444
058445
058446
058447
058448
058449
058450
058451
058452
058453
058454
058455
058458
058460
058462
058463
058464
058465
058466
058467
058468
058469
058470
058471
058473
058474
058476
058477
058478
058481
058482
058483
058484
058487
058488
058489
058490
058491
058492
058493
058494
058495
058496
058497
058498
058499
058500
058501
058502
058503
058504
058505
058506
058507
058508
058509
058511
058512
058513
058515
058516
058517
058518
058519
058520
058522
058523
058525
058526
058527
058528
058529
058530
058531
058532
058533
058534
058536
058538
058539
058540
058542
058543
058544
058545
058546
058547
058549
058550
058552
058553
058554
058556
058557
058558
058559
058560
058561
058562
058563
058565
058568
058569
058571
058572
058573
058574
058576
058577
058578
058579
058580
058581
058582
058583
058584
058585
058586
058587
058589
058590
058591
058592
058593
058594
058596
058597
058598
058599
058600
058601
058602
058604
058606
058607
058608
058609
058610
058611
058612
058613
058614
058616
058618
058619
058620
058621
058622
058623
058624
058625
058626
058627
058628
058629
058630
058631
058635
058636
058638
058639
058640
058642
058643
058644
058645
058646
058648
058650
058654
058655
058656
058657
058658
058659
058660
058661
058662
058663
058664
058665
058666
058667
058669
058670
058672
058673
058674
058675
058676
058677
058678
058679
058680
058681
058682
058683
058685
058686
058687
058688
058689
058690
058691
058693
058694
058695
058696
058697
058698
058699
058700
058701
058702
058703
058704
058705
058706
058707
058708
058709
058710
058711
058712
058713
058714
058715
058716
058717
058718
058719
058720
058723
058724
058726
058727
058729
058730
058731
058732
058733
058735
058736
058737
058738
058739
058740
058742
058743
058744
058745
058746
058748
058749
058750
058751
058752
058753
058755
058756
058758
058759
058760
058761
058762
058764
058765
058766
058767
058768
058769
058770
058771
058772
058773
058774
058775
058776
058777
058779
058780
058781
058782
058785
058788
058789
058791
058793
058794
058795
058796
058797
058799
058800
058801
058802
058803
058805
058806
058808
058809
058812
058813
058814
058815
058816
058817
058818
058819
058821
058822
058823
058825
058826
058827
058828
058829
058830
058831
058832
058833
058834
058835
058836
058838
058839
058842
058843
058844
058845
058846
058848
058849
058851
058852
058853
058854
058855
058858
058859
058861
058862
058863
058864
058865
058866
058867
058868
058869
058870
058871
058872
058873
058874
058875
058877
058878
058879
058880
058882
058883
058884
058885
058886
058887
058889
058890
058891
058892
058893
058897
058898
058899
058900
058901
058902
058903
058904
058905
058906
058907
058908
058909
058910
058911
058912
058913
058914
058915
058916
058917
058919
058920
058921
058923
058924
058925
058926
058927
058928
058929
058930
058931
058932
058933
058934
058935
058936
058937
058938
058939
058940
058941
058942
058943
058945
058946
058947
058948
058949
058950
058951
058953
058955
058956
058958
058959
058960
058961
058962
058965
058966
058967
058968
058969
058970
058971
058972
058973
058974
058976
058977
058979
058980
058981
058982
058983
058984
058985
058986
058987
058988
058989
058990
058993
058995
058997
058998
058999
059000
059001
059002
059003
059004
059005
059006
059007
059009
059010
059012
059013
059014
059015
059016
059017
059018
059019
059020
059021
059022
059023
059024
059027
059028
059029
059030
059031
059032
059033
059034
059035
059036
059037
059039
059040
059041
059042
059043
059045
059047
059048
059049
059050
059051
059052
059053
059054
059055
059056
059058
059059
059060
059061
059062
059063
059065
059066
059067
059068
059070
059071
059072
059073
059074
059075
059076
059077
059078
059079
059080
059081
059082
059083
059084
059085
059086
059088
059090
059091
059092
059093
059094
059095
059097
059099
059100
059101
059102
059103
059104
059106
059107
059108
059110
059111
059112
059113
059114
059115
059116
059117
059118
059120
059121
059122
059123
059124
059125
059126
059127
059128
059129
059130
059132
059133
059134
059135
059136
059138
059139
059140
059141
059142
059143
059144
059146
059147
059148
059149
059150
059151
059154
059155
059156
059157
059158
059159
059160
059164
059165
059166
059168
059169
059170
059172
059173
059174
059175
059176
059177
059178
059179
059180
059181
059183
059185
059186
059187
059188
059190
059191
059192
059195
059196
059198
059199
059200
059201
059204
059205
059206
059207
059208
059209
059210
059211
059212
059213
059214
059216
059217
059218
059219
059220
059221
059222
059224
059225
059226
059227
059229
059230
059232
059233
059234
059235
059238
059239
059242
059243
059244
059245
059249
059250
059252
059253
059254
059255
059256
059257
059260
059261
059262
059263
059265
059266
059268
059270
059271
059274
059275
059276
059277
059278
059280
059281
059282
059283
059284
059285
059286
059287
059288
059291
059292
059293
059294
059295
059296
059297
059298
059299
059300
059301
059302
059303
059305
059306
059307
059308
059309
059310
059311
059312
059313
059316
059317
059318
059320
059321
059322
059323
059324
059325
059326
059327
059328
059329
059330
059331
059332
059333
059335
059336
059337
059338
059339
059340
059341
059342
059343
059344
059345
059346
059349
059350
059351
059352
059353
059354
059355
059356
059357
059358
059360
059362
059363
059364
059365
059367
059368
059369
059370
059371
059372
059373
059374
059375
059376
059377
059378
059380
059381
059382
059383
059384
059385
059387
059388
059389
059390
059391
059392
059393
059394
059396
059397
059398
059399
059400
059402
059403
059404
059405
059406
059407
059408
059409
059410
059411
059412
059413
059415
059416
059417
059418
059419
059420
059421
059422
059423
059424
059425
059426
059427
059428
059430
059431
059432
059436
059437
059438
059440
059441
059442
059443
059444
059445
059446
059447
059448
059449
059451
059452
059453
059454
059455
059456
059457
059458
059459
059460
059461
059462
059464
059465
059466
059467
059468
059469
059470
059471
059472
059473
059474
059476
059477
059478
059479
059480
059481
059482
059483
059484
059485
059486
059487
059488
059489
059490
059491
059492
059494
059495
059496
059497
059498
059499
059500
059501
059502
059503
059504
059505
059507
059508
059509
059510
059511
059512
059513
059514
059515
059516
059517
059518
059519
059520
059521
059522
059523
059524
059525
059526
059528
059530
059531
059532
059533
059534
059535
059536
059538
059540
059541
059542
059543
059544
059545
059546
059547
059548
059549
059550
059551
059552
059553
059554
059555
059556
059557
059559
059560
059561
059563
059564
059565
059566
059567
059568
059569
059570
059571
059572
059574
059575
059576
059577
059579
059580
059581
059582
059583
059584
059585
059586
059587
059588
059589
059590
059591
059592
059594
059595
059596
059597
059599
059600
059602
059603
059604
059605
059606
059607
059609
059610
059611
059612
059613
059614
059615
059616
059617
059618
059619
059620
059621
059622
059623
059625
059626
059628
059629
059630
059632
059633
059634
059636
059637
059638
059639
059640
059644
059645
059646
059647
059648
059649
059650
059651
059653
059655
059656
059659
059660
059662
059665
059666
059667
059668
059669
059670
059672
059673
059675
059677
059678
059679
059680
059681
059682
059684
059685
059686
059687
059688
059689
059690
059691
059694
059695
059696
059697
059698
059699
059700
059701
059702
059703
059704
059706
059707
059708
059709
059710
059711
059712
059713
059715
059718
059719
059720
059721
059722
059723
059724
059725
059728
059729
059731
059732
059733
059734
059735
059737
059738
059740
059741
059742
059743
059745
059749
059750
059751
059752
059753
059754
059755
059756
059757
059759
059760
059761
059762
059763
059765
059766
059767
059768
059769
059770
059771
059772
059774
059775
059777
059778
059779
059780
059781
059782
059783
059784
059786
059787
059789
059791
059793
059794
059795
059796
059798
059799
059800
059801
059802
059803
059807
059808
059809
059811
059813
059814
059815
059816
059817
059818
059819
059820
059822
059823
059824
059825
059827
059828
059829
059830
059831
059834
059837
059839
059840
059841
059842
059843
059844
059846
059847
059848
059849
059850
059851
059852
059853
059854
059855
059856
059857
059858
059859
059860
059861
059862
059864
059865
059866
059867
059868
059871
059872
059874
059875
059876
059877
059878
059882
059883
059884
059885
059887
059889
059890
059891
059892
059893
059894
059895
059896
059897
059898
059899
059900
059902
059903
059904
059905
059906
059909
059911
059912
059913
059914
059915
059916
059918
059919
059920
059921
059923
059924
059925
059926
059928
059929
059930
059931
059934
059935
059936
059937
059938
059939
059940
059942
059943
059944
059946
059947
059948
059949
059951
059952
059953
059954
059955
059957
059958
059959
059961
059962
059963
059964
059965
059966
059967
059969
059970
059973
059974
059975
059976
059977
059979
059980
059981
059983
059984
059985
059986
059987
059988
059989
059990
059991
059992
059993
059995
059996
059998
059999
060000
060001
060002
060003
060004
060005
060008
060009
060010
060011
060012
060013
060014
060015
060017
060018
060020
060021
060022
060023
060025
060028
060029
060030
060032
060033
060034
060035
060036
060037
060038
060039
060040
060041
060042
060043
060044
060046
060047
060048
060049
060050
060051
060052
060053
060054
060055
060056
060057
060058
060059
060060
060061
060063
060064
060065
060066
060067
060068
060069
060070
060071
060072
060073
060074
060075
060077
060078
060079
060080
060081
060082
060086
060089
060090
060091
060092
060093
060094
060095
060097
060098
060099
060100
060101
060102
060103
060105
060106
060108
060109
060110
060111
060112
060113
060114
060115
060116
060117
060118
060119
060121
060122
060124
060126
060127
060128
060129
060130
060131
060133
060135
060136
060137
060139
060141
060142
060144
060145
060146
060149
060150
060153
060154
060155
060156
060157
060158
060159
060160
060161
060163
060164
060166
060167
060168
060169
060170
060172
060173
060174
060176
060177
060179
060181
060183
060184
060185
060186
060187
060188
060189
060192
060193
060194
060196
060197
060198
060199
060200
060201
060204
060205
060206
060207
060209
060210
060211
060212
060214
060215
060216
060217
060219
060220
060221
060222
060223
060224
060225
060226
060227
060229
060230
060231
060233
060234
060235
060236
060238
060239
060242
060244
060245
060247
060248
060250
060251
060252
060254
060255
060256
060257
060259
060260
060262
060263
060264
060266
060267
060269
060271
060272
060273
060274
060275
060276
060277
060278
060279
060280
060281
060282
060283
060285
060286
060287
060288
060289
060290
060291
060293
060294
060295
060296
060297
060298
060299
060300
060301
060302
060303
060304
060305
060307
060308
060310
060311
060312
060313
060314
060316
060317
060319
060320
060323
060324
060325
060326
060327
060328
060329
060332
060334
060335
060337
060338
060339
060340
060341
060342
060343
060344
060346
060347
060348
060349
060351
060352
060353
060354
060355
060356
060357
060358
060359
060360
060361
060363
060364
060365
060366
060368
060369
060370
060371
060373
060374
060375
060376
060377
060378
060379
060380
060381
060382
060383
060384
060385
060386
060387
060388
060389
060390
060391
060392
060394
060395
060396
060398
060399
060400
060401
060402
060404
060405
060406
060407
060408
060409
060410
060411
060412
060413
060414
060415
060416
060417
060418
060419
060421
060423
060424
060426
060427
060428
060429
060431
060432
060433
060434
060435
060436
060437
060438
060440
060441
060442
060443
060445
060446
060447
060448
060450
060451
060452
060453
060454
060455
060456
060457
060459
060460
060461
060462
060464
060465
060466
060467
060468
060469
060472
060474
060475
060476
060478
060479
060481
060482
060483
060484
060486
060487
060488
060489
060490
060492
060493
060494
060496
060500
060501
060502
060504
060505
060507
060508
060509
060510
060511
060512
060513
060514
060515
060516
060517
060518
060519
060521
060522
060523
060524
060525
060528
060529
060530
060531
060533
060534
060535
060536
060537
060538
060540
060541
060542
060543
060544
060545
060547
060548
060549
060551
060552
060554
060555
060556
060557
060558
060559
060560
060561
060562
060563
060564
060565
060566
060567
060568
060569
060570
060571
060572
060573
060574
060575
060576
060578
060579
060581
060582
060585
060586
060587
060588
060590
060591
060592
060593
060594
060595
060596
060597
060598
060602
060603
060604
060606
060607
060608
060609
060610
060611
060612
060613
060614
060615
060616
060617
060618
060619
060620
060621
060622
060623
060624
060625
060627
060628
060629
060630
060631
060632
060633
060634
060635
060636
060637
060638
060639
060640
060642
060643
060644
060645
060646
060647
060648
060649
060650
060651
060653
060655
060656
060657
060658
060659
060660
060661
060662
060663
060664
060665
060666
060667
060668
060669
060670
060671
060672
060673
060674
060675
060676
060677
060678
060679
060680
060681
060682
060683
060684
060686
060687
060688
060689
060692
060693
060697
060698
060699
060700
060701
060703
060704
060705
060706
060707
060708
060710
060711
060712
060715
060716
060718
060719
060720
060721
060722
060724
060725
060726
060727
060728
060729
060730
060731
060732
060733
060734
060735
060736
060737
060738
060739
060740
060742
060743
060745
060746
060748
060749
060751
060752
060753
060756
060758
060759
060760
060761
060763
060764
060765
060767
060768
060769
060770
060771
060773
060775
060776
060777
060778
060779
060780
060781
060782
060783
060784
060786
060788
060790
060792
060793
060794
060797
060798
060799
060800
060801
060802
060803
060804
060805
060806
060807
060808
060811
060812
060813
060814
060816
060818
060820
060822
060824
060825
060826
060827
060828
060829
060830
060831
060832
060833
060836
060837
060838
060840
060841
060842
060843
060844
060845
060846
060848
060849
060850
060851
060852
060854
060855
060856
060857
060858
060860
060861
060862
060863
060864
060866
060867
060868
060872
060873
060874
060876
060877
060878
060879
060880
060881
060883
060887
060888
060889
060890
060891
060892
060893
060894
060896
060897
060898
060899
060901
060902
060903
060904
060905
060906
060908
060909
060910
060911
060912
060913
060914
060915
060916
060917
060919
060920
060921
060924
060925
060926
060927
060928
060929
060930
060933
060934
060935
060936
060938
060939
060940
060941
060942
060943
060944
060945
060946
060947
060948
060950
060951
060953
060954
060955
060958
060960
060961
060962
060963
060964
060965
060966
060967
060968
060969
060971
060972
060974
060975
060976
060977
060978
060980
060981
060982
060983
060984
060985
060986
060987
060988
060989
060990
060991
060992
060993
060994
060995
060996
060997
060998
060999
061001
061003
061005
061006
061007
061008
061009
061010
061011
061012
061015
061016
061017
061018
061019
061020
061022
061023
061024
061025
061026
061027
061028
061029
061030
061031
061033
061034
061035
061036
061038
061039
061040
061041
061042
061043
061044
061046
061047
061049
061050
061051
061052
061053
061054
061055
061056
061057
061058
061059
061060
061061
061062
061063
061064
061065
061066
061067
061068
061069
061070
061071
061072
061074
061075
061076
061079
061082
061085
061086
061087
061088
061089
061090
061092
061094
061095
061096
061097
061099
061100
061101
061102
061103
061105
061107
061108
061109
061112
061115
061116
061117
061118
061119
061120
061122
061123
061124
061125
061127
061128
061130
061131
061132
061134
061135
061138
061139
061140
061141
061142
061143
061144
061145
061146
061147
061148
061149
061150
061151
061152
061153
061154
061155
061156
061157
061158
061159
061160
061161
061163
061164
061166
061167
061168
061169
061171
061172
061173
061174
061176
061177
061179
061180
061181
061182
061183
061185
061186
061187
061188
061189
061190
061191
061192
061193
061194
061195
061196
061197
061198
061199
061200
061201
061202
061203
061204
061205
061206
061208
061210
061212
061213
061214
061215
061216
061217
061218
061220
061221
061222
061223
061224
061225
061226
061227
061229
061230
061231
061233
061236
061239
061240
061241
061242
061244
061245
061246
061247
061248
061249
061250
061251
061252
061254
061255
061257
061258
061259
061262
061263
061264
061265
061266
061267
061268
061269
061270
061271
061272
061274
061275
061276
061277
061278
061279
061280
061281
061282
061284
061285
061286
061287
061288
061289
061290
061291
061292
061293
061296
061297
061298
061300
061301
061302
061303
061304
061305
061306
061307
061309
061310
061311
061313
061315
061316
061317
061318
061319
061320
061321
061322
061324
061325
061326
061328
061330
061332
061333
061334
061335
061337
061338
061339
061340
061342
061343
061345
061346
061347
061348
061349
061350
061351
061352
061354
061355
061357
061358
061359
061360
061361
061366
061367
061369
061370
061371
061372
061374
061375
061376
061377
061378
061380
061381
061382
061383
061384
061386
061389
061390
061392
061393
061394
061395
061396
061398
061399
061400
061401
061403
061404
061405
061407
061408
061410
061412
061413
061414
061415
061416
061417
061418
061419
061420
061421
061422
061426
061427
061429
061430
061431
061433
061434
061436
061437
061438
061439
061440
061441
061442
061444
061445
061446
061448
061450
061451
061452
061453
061454
061455
061456
061457
061458
061459
061460
061462
061463
061464
061465
061467
061468
061469
061470
061471
061472
061473
061474
061475
061476
061478
061479
061480
061481
061483
061485
061487
061488
061489
061490
061491
061492
061493
061494
061495
061497
061499
061500
061501
061504
061505
061506
061507
061508
061509
061510
061511
061512
061513
061514
061515
061516
061517
061518
061520
061521
061522
061523
061524
061525
061526
061527
061528
061529
061530
061532
061533
061534
061535
061536
061538
061539
061540
061541
061542
061543
061544
061545
061546
061547
061548
061549
061550
061551
061553
061554
061555
061558
061559
061560
061561
061564
061565
061567
061568
061569
061571
061572
061573
061574
061575
061576
061577
061578
061579
061580
061581
061582
061583
061584
061585
061586
061587
061588
061589
061591
061592
061593
061595
061596
061597
061598
061600
061601
061602
061604
061605
061607
061609
061610
061613
061614
061615
061616
061617
061618
061619
061622
061623
061624
061625
061626
061627
061628
061629
061630
061631
061632
061633
061634
061635
061636
061637
061638
061639
061641
061642
061643
061644
061645
061646
061647
061648
061649
061650
061651
061652
061653
061654
061656
061657
061658
061659
061660
061661
061662
061663
061664
061666
061667
061668
061669
061670
061671
061672
061673
061674
061676
061677
061678
061679
061681
061684
061685
061686
061687
061688
061689
061690
061691
061692
061693
061694
061695
061696
061699
061700
061701
061702
061703
061704
061705
061707
061708
061709
061710
061711
061714
061715
061716
061717
061719
061720
061722
061723
061724
061725
061727
061728
061729
061730
061731
061733
061735
061736
061737
061739
061740
061742
061743
061744
061746
061748
061749
061750
061752
061754
061755
061756
061758
061759
061760
061761
061762
061763
061764
061765
061766
061767
061768
061770
061771
061772
061773
061775
061776
061777
061778
061779
061781
061782
061783
061784
061787
061788
061789
061790
061791
061792
061793
061794
061795
061796
061797
061798
061799
061800
061801
061802
061803
061804
061805
061806
061807
061808
061809
061810
061811
061812
061813
061814
061815
061816
061817
061818
061819
061820
061821
061822
061824
061825
061826
061827
061828
061829
061832
061833
061835
061836
061837
061840
061841
061842
061843
061844
061846
061847
061848
061849
061850
061851
061853
061854
061855
061856
061860
061861
061862
061863
061864
061865
061866
061867
061868
061869
061870
061871
061872
061873
061876
061877
061878
061881
061882
061883
061884
061885
061886
061887
061888
061889
061890
061891
061892
061893
061895
061896
061897
061898
061899
061900
061902
061903
061904
061905
061906
061907
061908
061909
061910
061912
061914
061915
061916
061918
061919
061920
061921
061922
061923
061924
061925
061926
061927
061928
061929
061930
061931
061932
061934
061936
061937
061938
061940
061941
061942
061943
061944
061945
061946
061947
061948
061949
061950
061951
061952
061953
061954
061955
061956
061957
061959
061961
061962
061963
061964
061966
061967
061968
061971
061972
061973
061974
061975
061976
061977
061978
061979
061981
061982
061984
061985
061986
061987
061988
061989
061990
061991
061992
061993
061994
061995
061996
061997
061998
061999
062000
062001
062002
062004
062005
062006
062007
062008
062009
062011
062012
062013
062014
062015
062017
062018
062019
062020
062022
062024
062025
062026
062028
062029
062031
062032
062033
062034
062035
062040
062041
062042
062044
062046
062047
062048
062049
062050
062051
062052
062053
062054
062056
062057
062058
062059
062060
062061
062062
062063
062064
062065
062066
062068
062069
062070
062071
062072
062074
062075
062076
062077
062078
062079
062080
062081
062084
062085
062086
062087
062088
062089
062090
062091
062092
062093
062094
062097
062098
062099
062101
062102
062103
062104
062105
062106
062107
062111
062112
062113
062114
062115
062116
062117
062118
062119
062121
062122
062123
062124
062125
062126
062129
062130
062131
062132
062133
062134
062135
062136
062137
062139
062140
062142
062143
062144
062145
062146
062149
062150
062151
062152
062153
062154
062156
062157
062158
062159
062162
062163
062164
062165
062166
062167
062169
062171
062172
062173
062174
062175
062178
062179
062180
062181
062182
062183
062184
062185
062186
062187
062188
062189
062190
062191
062193
062194
062196
062198
062199
062200
062201
062202
062203
062204
062205
062206
062207
062208
062209
062210
062211
062212
062213
062215
062216
062217
062218
062219
062220
062221
062222
062223
062224
062225
062226
062227
062229
062230
062232
062233
062234
062235
062236
062237
062238
062240
062241
062242
062244
062245
062246
062247
062248
062249
062250
062252
062253
062254
062258
062259
062260
062261
062262
062263
062264
062265
062266
062267
062268
062269
062270
062271
062272
062273
062274
062275
062276
062277
062278
062279
062281
062282
062283
062284
062285
062289
062290
062291
062293
062294
062295
062296
062297
062298
062300
062301
062302
062303
062304
062305
062306
062307
062308
062309
062310
062312
062313
062314
062315
062316
062317
062318
062319
062320
062321
062324
062325
062326
062327
062328
062330
062331
062333
062335
062336
062337
062338
062339
062340
062342
062343
062344
062345
062346
062347
062348
062350
062351
062352
062354
062355
062357
062358
062359
062361
062362
062364
062365
062369
062370
062371
062372
062373
062374
062375
062376
062377
062378
062379
062380
062381
062383
062384
062385
062386
062387
062388
062389
062391
062392
062393
062394
062397
062399
062400
062401
062403
062404
062405
062406
062407
062408
062410
062411
062412
062413
062415
062416
062417
062419
062420
062423
062424
062425
062427
062429
062430
062431
062432
062435
062436
062437
062438
062440
062441
062442
062443
062445
062447
062448
062450
062451
062453
062454
062455
062456
062457
062458
062460
062461
062464
062465
062466
062467
062468
062469
062470
062471
062472
062473
062474
062475
062476
062477
062478
062479
062480
062482
062483
062484
062486
062487
062488
062491
062492
062493
062494
062495
062496
062497
062498
062499
062500
062501
062502
062504
062505
062506
062507
062508
062510
062511
062512
062513
062514
062515
062517
062518
062519
062520
062521
062523
062524
062525
062526
062527
062528
062529
062530
062532
062533
062534
062535
062536
062537
062538
062540
062542
062543
062545
062546
062547
062548
062549
062551
062552
062553
062554
062555
062556
062557
062558
062559
062560
062561
062562
062563
062564
062565
062567
062568
062569
062570
062571
062572
062573
062574
062576
062577
062578
062580
062581
062582
062583
062584
062585
062587
062589
062590
062592
062593
062594
062596
062597
062599
062601
062603
062604
062605
062607
062609
062610
062612
062613
062614
062615
062616
062617
062618
062619
062620
062621
062623
062625
062626
062627
062628
062629
062630
062631
062632
062633
062634
062635
062636
062637
062638
062639
062640
062641
062642
062643
062644
062645
062646
062647
062648
062649
062650
062651
062652
062653
062656
062657
062658
062659
062660
062661
062662
062663
062664
062665
062667
062668
062669
062670
062671
062672
062673
062674
062675
062676
062679
062680
062681
062682
062683
062684
062685
062686
062687
062688
062689
062692
062693
062694
062696
062698
062699
062701
062702
062703
062704
062705
062706
062707
062708
062710
062712
062713
062714
062715
062716
062717
062718
062719
062720
062721
062722
062723
062724
062726
062728
062729
062730
062731
062732
062734
062735
062736
062737
062738
062739
062740
062741
062742
062743
062744
062745
062746
062747
062749
062750
062751
062752
062757
062758
062759
062760
062762
062766
062767
062768
062769
062770
062771
062772
062773
062775
062776
062777
062779
062780
062781
062782
062783
062784
062785
062786
062787
062789
062790
062791
062794
062797
062798
062799
062800
062801
062802
062804
062805
062806
062807
062808
062810
062811
062812
062813
062817
062818
062819
062820
062821
062822
062823
062824
062830
062831
062832
062833
062834
062835
062837
062838
062840
062842
062843
062844
062845
062846
062848
062850
062851
062853
062854
062856
062857
062859
062860
062861
062862
062866
062867
062868
062869
062870
062871
062872
062873
062874
062875
062876
062877
062878
062879
062880
062881
062882
062883
062884
062886
062887
062888
062889
062890
062891
062893
062894
062896
062897
062898
062900
062901
062903
062904
062905
062906
062907
062908
062909
062912
062914
062915
062916
062917
062918
062919
062921
062923
062926
062928
062929
062931
062932
062933
062934
062935
062936
062938
062939
062940
062941
062942
062943
062944
062946
062947
062948
062950
062951
062952
062953
062954
062956
062957
062958
062959
062960
062961
062962
062964
062965
062967
062968
062969
062970
062971
062972
062975
062976
062977
062978
062979
062980
062981
062982
062984
062985
062988
062989
062991
062992
062993
062994
062995
062997
062998
062999
063000
063001
063003
063004
063005
063006
063007
063008
063009
063010
063011
063012
063013
063014
063015
063016
063017
063018
063019
063020
063021
063022
063023
063025
063026
063027
063029
063030
063031
063032
063033
063034
063035
063036
063039
063040
063041
063043
063044
063045
063046
063047
063048
063049
063051
063052
063053
063054
063055
063056
063057
063059
063060
063062
063063
063064
063065
063066
063068
063069
063070
063072
063073
063075
063076
063077
063078
063079
063080
063081
063083
063084
063086
063088
063089
063091
063093
063094
063095
063096
063097
063098
063099
063100
063101
063102
063104
063105
063107
063108
063109
063110
063111
063112
063113
063114
063115
063116
063117
063118
063121
063122
063123
063124
063125
063126
063127
063128
063129
063130
063131
063132
063133
063136
063137
063138
063141
063142
063144
063145
063146
063147
063148
063149
063150
063151
063153
063154
063155
063156
063158
063159
063161
063162
063163
063164
063166
063167
063168
063169
063171
063172
063174
063175
063177
063178
063179
063180
063181
063182
063183
063184
063185
063187
063188
063189
063190
063193
063195
063196
063197
063198
063199
063201
063203
063204
063205
063206
063208
063209
063210
063211
063212
063214
063215
063217
063218
063219
063220
063221
063224
063225
063226
063227
063228
063230
063231
063232
063233
063234
063235
063236
063240
063241
063242
063244
063245
063247
063248
063251
063252
063253
063254
063255
063256
063257
063259
063261
063262
063263
063264
063265
063266
063267
063268
063269
063271
063272
063273
063274
063275
063276
063277
063279
063280
063281
063282
063283
063284
063285
063286
063287
063288
063289
063291
063292
063293
063294
063295
063296
063297
063298
063299
063300
063301
063303
063304
063305
063306
063307
063308
063311
063312
063313
063314
063315
063316
063317
063320
063321
063322
063323
063324
063325
063326
063327
063328
063329
063330
063331
063332
063333
063335
063336
063337
063339
063340
063341
063342
063343
063344
063345
063346
063347
063348
063349
063350
063351
063352
063353
063354
063355
063356
063357
063358
063360
063361
063362
063363
063364
063365
063366
063369
063370
063371
063372
063374
063376
063377
063378
063380
063381
063382
063383
063384
063385
063386
063387
063388
063389
063390
063391
063392
063393
063394
063395
063397
063398
063399
063400
063401
063402
063403
063406
063407
063408
063411
063412
063413
063414
063416
063417
063418
063420
063421
063422
063423
063424
063425
063426
063427
063428
063429
063432
063433
063434
063435
063436
063437
063438
063439
063441
063442
063444
063445
063446
063447
063448
063449
063450
063451
063452
063453
063454
063458
063461
063462
063463
063464
063465
063466
063468
063469
063470
063471
063472
063474
063476
063477
063478
063479
063480
063481
063483
063484
063486
063487
063488
063489
063490
063491
063492
063493
063495
063497
063498
063499
063501
063502
063503
063504
063505
063506
063511
063513
063514
063515
063516
063517
063518
063519
063520
063521
063522
063525
063526
063527
063528
063530
063531
063532
063533
063534
063535
063539
063540
063541
063543
063544
063546
063547
063548
063550
063552
063553
063556
063557
063558
063560
063561
063562
063563
063564
063566
063567
063568
063569
063570
063571
063572
063573
063575
063576
063577
063578
063579
063580
063581
063582
063583
063584
063585
063587
063588
063589
063590
063591
063592
063593
063594
063595
063596
063597
063598
063600
063602
063604
063605
063607
063608
063609
063610
063611
063612
063613
063614
063615
063616
063617
063618
063620
063621
063623
063624
063625
063626
063627
063628
063631
063632
063633
063634
063635
063636
063637
063639
063640
063641
063642
063643
063644
063645
063647
063648
063649
063651
063652
063654
063656
063657
063658
063659
063660
063661
063662
063663
063664
063665
063666
063667
063668
063669
063671
063672
063673
063674
063675
063676
063677
063678
063679
063680
063682
063683
063684
063685
063686
063687
063688
063689
063690
063691
063692
063693
063695
063696
063697
063698
063699
063700
063701
063702
063704
063705
063707
063708
063709
063710
063711
063712
063713
063714
063715
063716
063719
063721
063722
063723
063724
063725
063726
063728
063729
063730
063731
063732
063733
063734
063735
063736
063737
063740
063741
063742
063744
063745
063747
063748
063749
063750
063751
063752
063753
063754
063755
063756
063758
063761
063762
063764
063765
063766
063768
063769
063770
063773
063774
063775
063776
063777
063778
063779
063780
063781
063783
063784
063786
063787
063789
063790
063791
063792
063793
063794
063795
063796
063797
063798
063799
063800
063801
063802
063803
063804
063805
063807
063808
063809
063811
063812
063813
063817
063818
063819
063822
063823
063824
063825
063826
063827
063828
063829
063831
063834
063835
063836
063837
063839
063840
063842
063844
063846
063847
063848
063850
063851
063852
063853
063854
063855
063856
063857
063858
063859
063861
063862
063863
063866
063867
063868
063869
063870
063871
063872
063873
063874
063875
063876
063879
063880
063881
063882
063883
063884
063885
063886
063887
063888
063889
063890
063891
063892
063893
063894
063895
063897
063898
063899
063902
063903
063904
063906
063907
063909
063910
063911
063912
063914
063915
063916
063919
063920
063921
063922
063923
063924
063925
063926
063927
063928
063929
063930
063933
063934
063936
063937
063939
063940
063941
063942
063944
063945
063946
063948
063949
063950
063951
063952
063953
063954
063955
063956
063957
063958
063959
063960
063961
063962
063963
063964
063967
063968
063969
063971
063972
063973
063974
063975
063978
063979
063980
063981
063982
063984
063985
063986
063987
063988
063989
063990
063991
063992
063993
063998
063999
064002
064003
064004
064005
064006
064008
064009
064010
064011
064012
064015
064016
064017
064018
064019
064020
064021
064022
064023
064024
064025
064026
064027
064028
064029
064030
064031
064032
064033
064034
064036
064037
064038
064043
064044
064045
064046
064047
064049
064051
064052
064053
064055
064056
064058
064059
064060
064061
064062
064063
064064
064065
064070
064072
064073
064074
064075
064076
064077
064079
064082
064083
064085
064086
064087
064088
064092
064093
064094
064095
064096
064097
064098
064099
064100
064101
064102
064103
064104
064105
064106
064107
064108
064109
064110
064112
064113
064115
064116
064117
064119
064121
064122
064123
064124
064125
064127
064128
064129
064130
064131
064132
064133
064134
064135
064137
064138
064139
064141
064142
064143
064145
064146
064147
064148
064149
064150
064151
064152
064153
064154
064155
064156
064158
064159
064160
064162
064163
064165
064166
064167
064170
064171
064172
064173
064174
064175
064176
064177
064178
064179
064180
064181
064182
064184
064186
064187
064188
064189
064190
064192
064194
064197
064198
064199
064200
064201
064204
064206
064207
064208
064209
064210
064211
064212
064213
064214
064215
064216
064217
064218
064219
064221
064223
064224
064227
064228
064229
064230
064232
064233
064234
064235
064236
064237
064238
064239
064240
064241
064242
064243
064244
064245
064246
064247
064250
064251
064252
064253
064254
064255
064256
064257
064258
064259
064260
064261
064264
064265
064267
064268
064269
064270
064271
064272
064273
064274
064276
064279
064280
064281
064282
064283
064286
064287
064288
064289
064291
064292
064293
064294
064295
064296
064297
064298
064300
064301
064302
064303
064305
064306
064307
064309
064310
064311
064315
064316
064317
064319
064320
064321
064323
064324
064326
064327
064328
064330
064331
064332
064333
064334
064335
064336
064337
064338
064339
064340
064341
064344
064345
064346
064347
064348
064349
064350
064351
064353
064354
064355
064356
064357
064358
064359
064360
064361
064362
064363
064364
064366
064367
064368
064369
064370
064371
064373
064374
064375
064376
064379
064380
064381
064382
064383
064384
064385
064386
064387
064388
064390
064392
064394
064395
064396
064397
064398
064399
064400
064401
064403
064404
064405
064407
064408
064409
064410
064411
064415
064418
064419
064420
064423
064424
064426
064427
064428
064429
064430
064431
064432
064433
064434
064435
064436
064437
064438
064442
064443
064444
064446
064448
064449
064450
064451
064452
064453
064454
064455
064456
064457
064458
064459
064460
064462
064463
064464
064465
064466
064467
064468
064469
064472
064474
064475
064476
064477
064478
064479
064481
064482
064483
064484
064485
064486
064488
064489
064490
064492
064493
064494
064495
064496
064497
064498
064499
064501
064502
064505
064506
064507
064509
064510
064513
064514
064516
064517
064518
064519
064520
064521
064522
064523
064524
064525
064526
064527
064529
064530
064531
064533
064534
064535
064537
064538
064539
064540
064541
064542
064543
064544
064545
064546
064547
064548
064549
064550
064551
064553
064554
064555
064556
064557
064558
064559
064560
064561
064564
064565
064566
064567
064569
064571
064572
064573
064574
064575
064576
064577
064578
064579
064580
064582
064583
064584
064585
064586
064588
064589
064590
064592
064593
064594
064595
064596
064597
064598
064600
064601
064604
064607
064609
064610
064611
064612
064613
064614
064615
064616
064617
064618
064620
064621
064622
064624
064625
064626
064627
064628
064629
064631
064632
064633
064634
064635
064636
064637
064638
064640
064642
064643
064645
064646
064647
064648
064649
064650
064651
064653
064654
064655
064656
064657
064658
064659
064660
064662
064663
064664
064666
064668
064669
064671
064673
064674
064675
064676
064677
064678
064679
064681
064682
064684
064685
064687
064688
064689
064692
064693
064694
064695
064696
064698
064700
064701
064702
064703
064704
064705
064706
064707
064708
064710
064711
064712
064713
064714
064715
064716
064717
064718
064719
064720
064721
064722
064723
064724
064725
064726
064727
064728
064729
064730
064731
064732
064733
064734
064735
064736
064737
064738
064739
064740
064742
064743
064744
064745
064746
064749
064750
064752
064753
064754
064755
064756
064757
064759
064760
064761
064763
064765
064767
064768
064769
064770
064771
064773
064774
064775
064777
064778
064779
064780
064782
064783
064784
064785
064786
064792
064793
064794
064795
064796
064797
064798
064799
064800
064801
064803
064804
064805
064806
064807
064809
064810
064811
064812
064813
064814
064815
064816
064817
064818
064819
064820
064821
064822
064823
064824
064825
064827
064829
064830
064831
064835
064836
064837
064838
064839
064840
064841
064842
064843
064844
064845
064846
064847
064850
064852
064853
064854
064855
064856
064857
064859
064864
064865
064866
064867
064868
064869
064870
064871
064872
064873
064874
064876
064878
064881
064883
064884
064885
064886
064888
064889
064890
064891
064892
064895
064896
064897
064898
064899
064900
064902
064903
064905
064906
064908
064909
064910
064912
064913
064914
064915
064916
064919
064920
064922
064923
064924
064925
064926
064927
064928
064929
064930
064931
064932
064934
064935
064936
064937
064938
064939
064941
064943
064944
064945
064946
064948
064949
064952
064953
064954
064956
064957
064958
064959
064960
064962
064963
064964
064965
064966
064967
064968
064969
064970
064971
064972
064973
064974
064975
064976
064978
064979
064980
064982
064983
064984
064985
064986
064988
064989
064990
064991
064992
064993
064994
064995
064996
064998
065000
065001
065002
065005
065006
065007
065008
065009
065011
065012
065014
065017
065018
065019
065020
065022
065023
065024
065025
065026
065027
065029
065030
065032
065033
065034
065035
065039
065041
065042
065043
065044
065045
065047
065048
065050
065051
065052
065053
065054
065056
065057
065058
065059
065060
065061
065062
065066
065067
065068
065069
065070
065071
065072
065073
065074
065076
065078
065079
065081
065082
065084
065085
065086
065087
065088
065089
065090
065091
065092
065094
065095
065096
065098
065101
065102
065103
065104
065105
065106
065108
065109
065110
065112
065113
065114
065115
065116
065117
065118
065119
065120
065121
065122
065123
065124
065125
065126
065127
065128
065129
065130
065131
065132
065133
065134
065135
065136
065137
065138
065140
065141
065142
065143
065145
065146
065147
065148
065149
065150
065151
065152
065153
065154
065155
065156
065157
065158
065159
065160
065161
065162
065163
065164
065165
065166
065167
065168
065169
065170
065172
065173
065175
065176
065177
065178
065179
065180
065181
065182
065183
065185
065186
065187
065189
065190
065191
065192
065193
065194
065195
065196
065198
065199
065200
065201
065202
065203
065206
065207
065208
065209
065210
065211
065212
065213
065214
065216
065217
065218
065219
065220
065221
065222
065223
065224
065225
065226
065227
065228
065229
065230
065231
065233
065234
065235
065237
065238
065239
065241
065242
065243
065244
065245
065246
065247
065251
065252
065253
065254
065257
065258
065259
065260
065261
065262
065263
065265
065266
065267
065268
065269
065270
065271
065272
065273
065274
065275
065276
065277
065278
065279
065283
065284
065285
065286
065289
065290
065293
065294
065295
065296
065297
065299
065300
065301
065302
065303
065304
065305
065306
065309
065310
065311
065313
065314
065315
065317
065318
065319
065322
065327
065328
065329
065330
065331
065332
065333
065334
065335
065337
065338
065339
065341
065344
065345
065346
065347
065348
065349
065350
065351
065352
065353
065354
065355
065358
065359
065360
065361
065362
065363
065364
065366
065368
065369
065370
065371
065372
065373
065374
065375
065376
065378
065379
065380
065382
065383
065384
065385
065386
065388
065389
065390
065391
065392
065393
065394
065395
065396
065397
065398
065399
065400
065401
065403
065404
065405
065406
065408
065409
065410
065411
065412
065413
065414
065416
065417
065418
065419
065420
065421
065422
065423
065424
065425
065426
065427
065428
065429
065430
065431
065434
065436
065437
065438
065439
065442
065443
065444
065445
065446
065448
065449
065450
065452
065453
065454
065455
065456
065457
065459
065460
065461
065462
065463
065464
065465
065468
065469
065470
065471
065472
065473
065474
065475
065476
065477
065478
065480
065482
065483
065484
065485
065486
065489
065490
065491
065492
065493
065494
065495
065497
065498
065499
065500
065501
065502
065503
065505
065507
065508
065510
065512
065513
065514
065515
065516
065517
065518
065519
065520
065521
065522
065523
065524
065525
065526
065527
065528
065529
065530
065531
065532
065533
065534
065536
065537
065538
065539
065540
065542
065543
065544
065546
065548
065549
065550
065551
065552
065554
065555
065556
065557
065558
065559
065560
065561
065562
065563
065564
065565
065566
065567
065568
065569
065571
065572
065573
065574
065575
065576
065579
065580
065582
065583
065584
065585
065586
065587
065588
065589
065590
065591
065593
065594
065595
065596
065598
065599
065601
065603
065605
065607
065609
065610
065611
065613
065615
065616
065618
065619
065620
065621
065623
065625
065628
065629
065630
065631
065632
065633
065634
065636
065637
065638
065641
065642
065644
065645
065646
065647
065650
065651
065653
065654
065655
065656
065657
065659
065660
065661
065662
065663
065664
065666
065669
065671
065673
065674
065675
065676
065677
065678
065679
065680
065682
065683
065684
065685
065686
065689
065690
065691
065692
065694
065695
065696
065697
065699
065701
065703
065705
065706
065707
065709
065710
065711
065712
065713
065714
065715
065716
065717
065718
065719
065720
065721
065722
065723
065724
065725
065726
065727
065728
065729
065730
065731
065732
065733
065734
065735
065736
065737
065739
065741
065742
065743
065745
065746
065747
065748
065749
065750
065751
065752
065753
065754
065755
065756
065759
065760
065762
065763
065765
065766
065767
065768
065769
065770
065771
065772
065773
065774
065775
065777
065778
065780
065781
065782
065783
065784
065785
065786
065787
065788
065789
065790
065791
065792
065793
065794
065795
065797
065798
065799
065800
065801
065802
065804
065806
065807
065808
065809
065810
065811
065812
065813
065814
065815
065816
065818
065819
065820
065821
065822
065823
065825
065826
065827
065828
065829
065830
065831
065832
065833
065834
065835
065836
065837
065838
065839
065841
065845
065846
065847
065848
065849
065853
065854
065856
065857
065859
065860
065861
065862
065863
065864
065865
065867
065868
065870
065871
065872
065873
065874
065875
065876
065877
065878
065879
065880
065881
065884
065886
065887
065888
065889
065892
065893
065894
065895
065897
065899
065900
065901
065902
065903
065904
065905
065906
065907
065908
065909
065910
065911
065912
065913
065914
065915
065916
065917
065918
065919
065920
065921
065922
065923
065924
065926
065927
065928
065929
065930
065931
065932
065933
065934
065937
065938
065939
065941
065942
065943
065944
065945
065946
065947
065948
065950
065951
065952
065954
065955
065956
065957
065958
065961
065962
065965
065966
065967
065968
065970
065971
065972
065973
065974
065976
065977
065978
065979
065980
065981
065982
065983
065984
065985
065986
065987
065988
065989
065992
065994
065995
065996
065997
065998
065999
066000
066003
066004
066005
066006
066008
066009
066010
066011
066012
066013
066014
066018
066019
066020
066021
066022
066023
066024
066025
066026
066027
066028
066029
066030
066031
066032
066034
066036
066037
066038
066039
066040
066041
066042
066043
066044
066046
066047
066048
066049
066050
066051
066052
066053
066055
066057
066058
066060
066062
066063
066064
066065
066066
066068
066069
066070
066072
066073
066076
066077
066079
066081
066082
066083
066085
066086
066088
066089
066090
066093
066094
066095
066096
066097
066099
066100
066101
066103
066104
066105
066107
066108
066109
066110
066111
066112
066113
066114
066115
066116
066118
066120
066122
066123
066125
066126
066127
066128
066129
066131
066132
066133
066134
066135
066137
066138
066139
066140
066141
066142
066143
066144
066145
066146
066148
066149
066151
066154
066156
066158
066159
066160
066161
066164
066165
066166
066167
066168
066169
066170
066171
066172
066173
066174
066176
066177
066178
066179
066181
066182
066184
066185
066186
066187
066189
066190
066192
066193
066194
066195
066196
066197
066201
066202
066203
066204
066205
066209
066210
066211
066212
066213
066215
066216
066218
066219
066221
066222
066224
066225
066226
066227
066228
066229
066230
066231
066232
066233
066234
066235
066236
066237
066239
066240
066241
066243
066244
066246
066248
066250
066251
066253
066256
066258
066259
066260
066261
066262
066264
066265
066266
066267
066268
066271
066272
066273
066274
066275
066276
066277
066278
066279
066280
066281
066282
066283
066284
066285
066286
066287
066288
066289
066290
066291
066292
066293
066294
066295
066296
066297
066298
066299
066300
066302
066303
066304
066305
066306
066308
066310
066312
066313
066314
066315
066316
066317
066318
066319
066320
066321
066322
066323
066325
066326
066327
066328
066331
066332
066334
066335
066337
066338
066339
066340
066341
066342
066344
066345
066346
066347
066348
066349
066350
066352
066353
066355
066356
066357
066358
066359
066360
066363
066364
066365
066366
066367
066368
066370
066371
066372
066373
066374
066376
066377
066378
066379
066380
066381
066382
066383
066384
066386
066388
066389
066390
066391
066392
066393
066394
066396
066397
066398
066399
066400
066401
066402
066403
066404
066405
066406
066407
066408
066410
066412
066413
066416
066419
066421
066422
066423
066424
066425
066426
066427
066428
066429
066430
066431
066432
066434
066435
066436
066437
066438
066439
066440
066441
066442
066443
066444
066445
066446
066447
066449
066450
066451
066452
066454
066456
066457
066458
066459
066460
066461
066462
066463
066464
066465
066466
066467
066468
066470
066471
066472
066473
066474
066475
066476
066477
066478
066479
066480
066481
066482
066483
066484
066485
066487
066489
066490
066493
066494
066495
066496
066499
066502
066503
066506
066507
066508
066509
066510
066511
066512
066514
066515
066516
066517
066518
066519
066520
066521
066522
066523
066524
066525
066526
066527
066528
066529
066530
066531
066532
066534
066535
066536
066537
066539
066540
066542
066543
066544
066545
066546
066548
066549
066550
066551
066552
066554
066556
066557
066558
066559
066560
066561
066562
066564
066565
066566
066567
066568
066569
066570
066571
066572
066573
066575
066576
066577
066578
066579
066580
066581
066582
066583
066584
066585
066586
066587
066588
066590
066592
066593
066594
066597
066598
066600
066601
066602
066604
066605
066606
066607
066608
066609
066611
066612
066613
066615
066616
066617
066619
066620
066625
066626
066627
066628
066629
066630
066631
066633
066635
066636
066638
066639
066640
066642
066644
066645
066647
066649
066650
066651
066652
066653
066654
066656
066657
066659
066660
066661
066662
066663
066664
066665
066667
066668
066669
066670
066671
066672
066673
066675
066676
066677
066678
066679
066680
066681
066684
066685
066686
066687
066688
066689
066690
066691
066693
066695
066696
066697
066698
066699
066700
066701
066702
066704
066705
066706
066707
066708
066709
066710
066711
066712
066714
066716
066717
066719
066720
066721
066722
066723
066724
066726
066730
066733
066734
066735
066736
066737
066738
066740
066741
066743
066744
066745
066747
066748
066749
066752
066753
066755
066756
066757
066758
066759
066760
066761
066762
066763
066764
066765
066767
066768
066769
066770
066772
066773
066774
066775
066776
066777
066778
066780
066781
066782
066783
066784
066786
066787
066788
066790
066791
066792
066793
066795
066796
066798
066799
066800
066801
066802
066803
066804
066805
066807
066808
066810
066811
066812
066813
066814
066816
066817
066818
066821
066822
066824
066826
066828
066829
066830
066831
066832
066834
066836
066837
066838
066839
066840
066841
066844
066845
066846
066847
066848
066849
066850
066851
066853
066854
066855
066856
066857
066858
066859
066860
066861
066863
066864
066865
066866
066867
066868
066869
066870
066871
066872
066873
066874
066875
066876
066877
066878
066880
066881
066882
066883
066884
066885
066886
066887
066888
066889
066890
066892
066893
066894
066895
066896
066897
066898
066899
066900
066902
066903
066904
066905
066909
066910
066911
066912
066913
066914
066916
066917
066919
066920
066921
066924
066926
066927
066928
066929
066930
066931
066932
066933
066934
066935
066936
066938
066939
066940
066941
066942
066943
066944
066945
066946
066947
066948
066949
066950
066951
066952
066953
066954
066955
066956
066957
066958
066959
066961
066962
066966
066967
066968
066969
066970
066971
066972
066974
066975
066976
066977
066978
066979
066981
066982
066983
066984
066986
066987
066989
066991
066992
066993
066994
066996
066997
066998
067000
067001
067003
067004
067005
067008
067009
067010
067011
067012
067013
067014
067015
067016
067017
067018
067019
067020
067021
067022
067024
067025
067026
067028
067029
067030
067031
067032
067033
067034
067035
067036
067037
067041
067042
067043
067045
067046
067047
067048
067049
067050
067051
067052
067055
067056
067057
067058
067059
067060
067061
067065
067066
067067
067068
067069
067070
067071
067072
067073
067076
067077
067078
067079
067081
067083
067084
067085
067087
067090
067091
067092
067094
067095
067097
067099
067100
067101
067102
067105
067106
067107
067108
067110
067111
067112
067113
067115
067116
067117
067118
067120
067121
067122
067123
067124
067125
067129
067130
067132
067133
067134
067135
067136
067138
067139
067140
067142
067143
067144
067145
067148
067149
067150
067151
067152
067154
067155
067156
067158
067159
067160
067161
067162
067163
067164
067165
067168
067169
067170
067171
067172
067175
067176
067177
067178
067179
067180
067181
067182
067184
067185
067186
067187
067188
067189
067190
067191
067192
067193
067194
067195
067196
067197
067198
067199
067202
067203
067205
067206
067207
067208
067209
067210
067211
067212
067213
067214
067215
067216
067218
067221
067223
067224
067226
067228
067229
067230
067232
067234
067236
067237
067238
067239
067240
067241
067242
067243
067244
067245
067246
067247
067248
067249
067250
067252
067253
067255
067258
067259
067260
067261
067262
067263
067264
067265
067267
067268
067269
067270
067271
067273
067274
067276
067277
067278
067279
067280
067282
067283
067284
067285
067286
067287
067288
067289
067291
067292
067293
067294
067295
067296
067298
067299
067301
067302
067304
067306
067307
067309
067310
067313
067314
067316
067317
067318
067320
067321
067322
067323
067324
067325
067326
067327
067328
067329
067330
067331
067332
067333
067334
067335
067336
067337
067338
067339
067341
067343
067344
067347
067349
067351
067352
067353
067354
067355
067356
067357
067358
067359
067360
067361
067362
067363
067365
067366
067367
067368
067369
067370
067371
067372
067373
067375
067376
067377
067378
067379
067380
067381
067384
067385
067387
067388
067389
067390
067391
067392
067394
067396
067397
067398
067399
067400
067402
067403
067404
067405
067406
067407
067408
067410
067411
067412
067413
067414
067417
067418
067419
067420
067421
067423
067424
067425
067426
067429
067430
067431
067432
067433
067434
067435
067437
067438
067440
067441
067442
067443
067444
067445
067446
067447
067448
067449
067450
067452
067453
067454
067455
067456
067460
067463
067464
067466
067467
067470
067472
067474
067475
067476
067477
067478
067479
067480
067481
067482
067483
067484
067485
067487
067488
067489
067491
067496
067497
067498
067500
067501
067502
067503
067504
067505
067508
067509
067510
067513
067514
067515
067517
067518
067519
067520
067521
067522
067523
067524
067525
067527
067529
067531
067532
067535
067536
067537
067538
067539
067540
067541
067543
067544
067545
067546
067547
067548
067549
067551
067552
067553
067554
067555
067556
067558
067559
067560
067561
067563
067565
067566
067567
067568
067569
067570
067571
067573
067574
067576
067577
067578
067579
067580
067581
067582
067583
067584
067585
067586
067588
067589
067590
067591
067592
067593
067594
067595
067596
067598
067599
067600
067601
067602
067603
067604
067605
067606
067607
067609
067610
067611
067612
067613
067614
067615
067617
067618
067619
067620
067621
067622
067623
067624
067625
067626
067628
067631
067632
067633
067634
067635
067636
067637
067638
067639
067640
067642
067643
067644
067645
067647
067648
067649
067650
067651
067653
067655
067657
067658
067659
067660
067661
067662
067663
067664
067665
067666
067667
067669
067671
067672
067673
067674
067675
067677
067679
067680
067681
067683
067687
067688
067689
067690
067692
067693
067695
067696
067697
067698
067699
067700
067701
067702
067703
067705
067706
067707
067708
067709
067710
067711
067713
067714
067715
067716
067717
067720
067721
067722
067724
067725
067726
067727
067728
067729
067730
067731
067732
067733
067734
067735
067736
067737
067738
067739
067740
067741
067742
067743
067745
067746
067747
067748
067749
067750
067751
067752
067753
067755
067757
067759
067760
067761
067762
067763
067765
067766
067768
067769
067770
067771
067772
067773
067774
067776
067777
067778
067779
067780
067782
067783
067784
067786
067787
067788
067789
067790
067791
067792
067794
067795
067796
067798
067799
067802
067803
067804
067805
067806
067808
067809
067810
067811
067812
067813
067814
067815
067816
067817
067818
067819
067820
067821
067822
067823
067824
067825
067826
067827
067828
067829
067830
067832
067833
067834
067835
067837
067838
067840
067841
067842
067843
067844
067845
067846
067847
067848
067849
067851
067852
067854
067855
067856
067857
067858
067860
067862
067863
067864
067865
067867
067868
067869
067870
067871
067872
067873
067874
067875
067876
067879
067880
067882
067885
067886
067887
067888
067891
067892
067893
067894
067895
067897
067899
067901
067902
067903
067904
067905
067906
067907
067908
067912
067913
067914
067915
067916
067919
067920
067921
067922
067923
067924
067925
067926
067929
067930
067932
067933
067934
067935
067938
067939
067940
067941
067942
067943
067945
067946
067947
067949
067951
067952
067953
067954
067956
067957
067958
067959
067961
067962
067966
067967
067968
067969
067970
067971
067972
067973
067974
067975
067976
067977
067978
067979
067980
067981
067982
067984
067985
067986
067987
067988
067989
067990
067991
067992
067993
067994
067996
067997
067999
068000
068002
068003
068004
068005
068006
068007
068009
068010
068011
068012
068013
068014
068015
068016
068017
068018
068019
068020
068021
068022
068023
068024
068025
068026
068027
068028
068029
068030
068031
068032
068033
068034
068035
068037
068040
068042
068043
068044
068045
068046
068047
068048
068049
068050
068051
068053
068054
068055
068056
068058
068059
068061
068062
068063
068064
068065
068066
068067
068068
068069
068071
068072
068075
068076
068078
068080
068081
068082
068083
068084
068085
068086
068087
068088
068089
068090
068091
068092
068094
068095
068096
068098
068099
068101
068102
068103
068104
068105
068107
068108
068109
068110
068111
068112
068113
068114
068115
068116
068118
068119
068120
068121
068122
068124
068125
068126
068127
068128
068129
068130
068131
068132
068134
068136
068137
068139
068140
068141
068142
068144
068146
068147
068148
068149
068150
068151
068152
068153
068154
068156
068157
068158
068160
068161
068163
068164
068165
068166
068167
068169
068170
068171
068172
068174
068175
068176
068177
068178
068179
068180
068182
068183
068185
068186
068187
068189
068190
068191
068192
068193
068194
068195
068196
068197
068198
068199
068200
068201
068203
068204
068205
068206
068207
068208
068211
068212
068213
068214
068215
068216
068218
068219
068220
068222
068223
068225
068227
068228
068231
068233
068234
068235
068236
068237
068238
068239
068240
068241
068242
068244
068245
068246
068247
068248
068249
068250
068251
068253
068255
068256
068257
068259
068260
068263
068264
068265
068266
068267
068268
068269
068270
068271
068273
068274
068275
068276
068277
068278
068280
068283
068284
068285
068286
068287
068288
068289
068290
068291
068292
068296
068298
068299
068300
068301
068302
068304
068305
068306
068307
068308
068309
068310
068311
068312
068313
068314
068315
068316
068317
068318
068320
068321
068323
068324
068325
068327
068329
068332
068333
068335
068336
068338
068339
068343
068346
068347
068348
068349
068350
068352
068354
068355
068356
068357
068358
068360
068362
068363
068365
068366
068367
068368
068369
068370
068371
068372
068373
068374
068375
068376
068377
068378
068379
068382
068383
068384
068385
068386
068387
068390
068393
068394
068395
068396
068397
068398
068399
068401
068402
068403
068404
068405
068406
068407
068408
068409
068410
068411
068412
068413
068414
068415
068416
068418
068419
068420
068421
068423
068424
068425
068426
068427
068428
068429
068430
068431
068432
068433
068434
068435
068436
068437
068438
068439
068440
068441
068442
068443
068444
068446
068447
068448
068449
068451
068452
068453
068454
068455
068456
068457
068458
068459
068460
068463
068464
068466
068467
068468
068469
068470
068472
068473
068474
068475
068476
068477
068478
068479
068480
068481
068482
068485
068486
068487
068488
068489
068490
068492
068493
068495
068496
068498
068499
068502
068504
068506
068507
068508
068509
068510
068512
068514
068516
068518
068519
068521
068524
068526
068527
068528
068531
068532
068533
068534
068536
068537
068538
068539
068540
068541
068542
068543
068544
068545
068546
068547
068548
068549
068550
068552
068553
068554
068555
068556
068557
068559
068560
068562
068563
068564
068565
068566
068567
068569
068571
068573
068574
068575
068578
068579
068580
068581
068582
068583
068586
068587
068588
068589
068590
068591
068592
068593
068596
068597
068598
068599
068600
068601
068602
068604
068605
068606
068607
068608
068609
068610
068612
068614
068616
068617
068618
068619
068620
068622
068623
068624
068625
068626
068628
068630
068631
068632
068633
068634
068635
068636
068637
068638
068640
068641
068642
068643
068644
068646
068647
068648
068649
068650
068651
068652
068653
068654
068656
068658
068660
068661
068662
068663
068664
068666
068667
068668
068670
068671
068672
068673
068674
068675
068676
068677
068678
068679
068680
068681
068682
068683
068684
068685
068686
068687
068689
068690
068691
068693
068698
068699
068702
068704
068705
068706
068707
068711
068713
068714
068715
068717
068718
068719
068720
068721
068722
068723
068724
068725
068728
068729
068731
068733
068735
068737
068738
068739
068740
068741
068742
068743
068744
068745
068746
068747
068748
068749
068750
068752
068754
068756
068757
068758
068759
068760
068762
068764
068765
068766
068767
068768
068769
068771
068772
068773
068775
068777
068779
068780
068781
068782
068783
068784
068785
068786
068787
068788
068789
068790
068791
068792
068793
068794
068795
068796
068797
068798
068799
068800
068801
068802
068804
068805
068806
068807
068808
068809
068810
068811
068812
068813
068814
068815
068816
068817
068818
068819
068820
068821
068822
068823
068824
068825
068827
068828
068829
068830
068831
068832
068833
068836
068837
068838
068839
068840
068841
068842
068843
068845
068846
068847
068848
068849
068850
068851
068852
068854
068855
068857
068858
068861
068862
068863
068864
068865
068866
068867
068868
068869
068870
068871
068873
068874
068875
068876
068877
068878
068880
068881
068884
068885
068886
068887
068888
068889
068890
068891
068892
068893
068894
068895
068896
068897
068898
068899
068900
068901
068902
068904
068905
068906
068907
068908
068909
068910
068911
068913
068916
068918
068919
068921
068923
068924
068925
068926
068927
068929
068931
068932
068933
068935
068936
068937
068938
068939
068941
068942
068943
068944
068945
068946
068947
068948
068950
068951
068952
068953
068954
068955
068956
068957
068958
068959
068960
068961
068962
068963
068965
068966
068967
068968
068969
068970
068972
068973
068975
068977
068978
068980
068981
068982
068983
068984
068985
068987
068988
068990
068991
068992
068993
068994
068995
068997
068998
068999
069000
069001
069003
069006
069008
069009
069010
069011
069012
069013
069014
069015
069016
069017
069019
069020
069022
069023
069024
069025
069026
069028
069029
069030
069031
069032
069033
069034
069035
069036
069037
069039
069040
069041
069042
069043
069044
069045
069048
069049
069050
069051
069052
069053
069054
069055
069056
069058
069059
069060
069062
069063
069066
069067
069068
069069
069070
069071
069072
069073
069074
069075
069076
069077
069078
069079
069080
069081
069083
069084
069085
069087
069088
069090
069091
069093
069095
069096
069098
069099
069100
069101
069102
069103
069106
069107
069108
069109
069110
069112
069113
069114
069116
069117
069118
069119
069120
069122
069124
069125
069126
069127
069128
069129
069130
069131
069132
069133
069134
069135
069137
069138
069139
069140
069141
069142
069143
069144
069146
069147
069148
069149
069150
069151
069153
069154
069155
069156
069157
069158
069159
069160
069162
069164
069165
069166
069168
069169
069170
069171
069172
069173
069174
069176
069178
069180
069181
069182
069183
069184
069185
069186
069187
069189
069190
069191
069192
069193
069194
069196
069197
069198
069199
069200
069201
069202
069203
069204
069205
069206
069207
069208
069209
069210
069211
069212
069213
069214
069215
069217
069219
069220
069221
069222
069223
069224
069225
069226
069227
069229
069230
069231
069232
069234
069235
069236
069237
069238
069239
069240
069241
069242
069243
069244
069245
069246
069248
069249
069250
069251
069252
069253
069255
069256
069258
069260
069262
069263
069264
069266
069268
069269
069271
069272
069273
069274
069275
069276
069277
069280
069281
069282
069283
069284
069285
069286
069287
069288
069289
069290
069291
069292
069294
069296
069297
069298
069299
069300
069303
069304
069305
069306
069307
069308
069310
069311
069312
069313
069314
069315
069316
069317
069318
069319
069320
069321
069322
069323
069324
069325
069327
069328
069329
069330
069332
069333
069334
069335
069337
069338
069339
069340
069341
069342
069343
069344
069346
069348
069350
069351
069353
069354
069355
069356
069357
069358
069359
069360
069361
069362
069363
069364
069366
069367
069368
069369
069370
069372
069373
069374
069375
069376
069377
069378
069380
069381
069382
069384
069385
069386
069387
069388
069390
069392
069393
069394
069396
069398
069399
069401
069402
069404
069408
069409
069411
069412
069414
069415
069417
069419
069420
069421
069422
069423
069425
069427
069429
069431
069432
069433
069435
069436
069437
069438
069439
069440
069441
069443
069444
069445
069446
069447
069448
069449
069450
069451
069452
069453
069454
069455
069456
069457
069458
069459
069461
069463
069465
069466
069467
069471
069472
069473
069474
069475
069476
069477
069478
069479
069480
069481
069482
069483
069484
069485
069486
069487
069488
069489
069491
069492
069493
069494
069495
069496
069497
069498
069499
069500
069501
069503
069504
069506
069507
069508
069510
069511
069512
069513
069514
069518
069520
069521
069522
069523
069524
069525
069526
069527
069528
069529
069530
069532
069533
069536
069537
069541
069542
069543
069545
069546
069547
069549
069550
069551
069552
069553
069554
069555
069556
069557
069558
069561
069562
069563
069564
069565
069566
069568
069569
069570
069571
069572
069574
069577
069578
069579
069580
069582
069585
069586
069588
069589
069590
069591
069592
069593
069595
069597
069599
069600
069601
069602
069604
069606
069608
069609
069610
069612
069613
069614
069615
069616
069617
069618
069619
069620
069621
069622
069623
069625
069626
069628
069629
069630
069631
069632
069634
069635
069636
069637
069638
069639
069640
069641
069643
069644
069645
069646
069647
069648
069649
069650
069651
069653
069654
069656
069657
069658
069659
069660
069661
069662
069663
069664
069665
069666
069667
069670
069675
069676
069678
069680
069681
069682
069683
069684
069685
069686
069687
069689
069690
069691
069692
069693
069694
069695
069697
069698
069700
069701
069703
069705
069706
069707
069708
069709
069710
069712
069714
069715
069716
069717
069718
069719
069720
069721
069722
069723
069724
069725
069726
069727
069728
069730
069731
069732
069734
069737
069738
069739
069741
069742
069743
069744
069745
069746
069748
069749
069750
069751
069752
069753
069754
069755
069756
069757
069758
069759
069760
069762
069763
069765
069766
069767
069768
069772
069773
069774
069775
069776
069777
069778
069779
069780
069781
069784
069785
069786
069788
069789
069790
069791
069792
069794
069795
069796
069799
069802
069803
069804
069805
069806
069807
069808
069809
069810
069811
069812
069814
069815
069816
069817
069818
069819
069822
069823
069824
069825
069826
069827
069828
069829
069830
069832
069833
069834
069835
069836
069837
069839
069840
069842
069843
069845
069846
069847
069849
069850
069851
069852
069853
069854
069855
069857
069859
069860
069861
069863
069864
069865
069866
069867
069868
069869
069870
069871
069873
069874
069875
069876
069879
069880
069881
069882
069883
069884
069885
069886
069887
069888
069889
069890
069893
069894
069895
069896
069898
069900
069901
069902
069903
069906
069907
069908
069909
069911
069912
069913
069916
069917
069918
069923
069924
069925
069926
069927
069929
069930
069931
069932
069933
069934
069935
069936
069937
069940
069941
069942
069943
069944
069945
069947
069948
069949
069950
069951
069952
069953
069955
069956
069957
069958
069959
069960
069962
069963
069964
069965
069966
069967
069968
069969
069970
069971
069972
069973
069974
069975
069976
069978
069979
069980
069981
069983
069984
069986
069988
069989
069993
069994
069996
069997
069998
069999
070000
070001
070002
070003
070005
070007
070009
070010
070011
070012
070013
070014
070015
070016
070017
070019
070021
070022
070023
070024
070025
070027
070028
070030
070031
070032
070033
070034
070036
070037
070038
070039
070041
070042
070043
070044
070045
070046
070047
070048
070049
070050
070051
070052
070053
070054
070055
070057
070059
070060
070061
070062
070063
070064
070065
070066
070067
070068
070070
070071
070072
070073
070074
070075
070076
070077
070079
070080
070081
070082
070083
070084
070086
070087
070089
070090
070091
070092
070093
070096
070098
070099
070100
070102
070103
070104
070105
070106
070107
070109
070110
070111
070112
070113
070114
070116
070118
070119
070120
070121
070122
070123
070124
070125
070126
070127
070128
070129
070131
070132
070133
070134
070135
070137
070139
070141
070142
070143
070144
070145
070147
070150
070153
070154
070155
070156
070157
070158
070160
070161
070162
070163
070164
070166
070168
070169
070170
070171
070172
070173
070174
070175
070176
070177
070178
070179
070180
070181
070184
070185
070186
070187
070193
070194
070198
070199
070200
070202
070203
070204
070206
070207
070208
070211
070212
070213
070215
070216
070217
070218
070219
070220
070221
070222
070224
070225
070226
070227
070228
070229
070230
070231
070232
070233
070234
070235
070236
070237
070238
070239
070240
070242
070243
070244
070246
070247
070248
070250
070251
070252
070253
070254
070256
070257
070259
070260
070261
070262
070263
070266
070267
070268
070269
070270
070271
070273
070274
070275
070276
070277
070278
070279
070280
070281
070282
070283
070284
070285
070286
070287
070288
070289
070290
070291
070292
070293
070295
070296
070297
070298
070299
070302
070303
070305
070306
070309
070310
070312
070313
070314
070315
070316
070317
070318
070319
070321
070322
070324
070325
070326
070328
070329
070330
070332
070333
070334
070336
070337
070338
070339
070340
070341
070342
070343
070344
070345
070346
070347
070348
070349
070350
070351
070353
070354
070355
070356
070357
070358
070359
070360
070361
070362
070363
070364
070365
070366
070367
070368
070369
070370
070371
070373
070374
070377
070378
070380
070382
070383
070384
070387
070388
070389
070390
070391
070392
070393
070394
070395
070396
070397
070398
070399
070400
070401
070402
070403
070405
070407
070408
070409
070410
070411
070413
070414
070415
070416
070417
070418
070419
070420
070421
070422
070423
070425
070426
070427
070428
070429
070430
070431
070432
070433
070434
070435
070436
070437
070438
070439
070440
070441
070442
070443
070444
070445
070446
070447
070449
070450
070451
070452
070453
070455
070456
070457
070458
070459
070460
070461
070462
070463
070464
070465
070466
070469
070470
070471
070472
070473
070474
070475
070476
070477
070478
070479
070480
070482
070483
070484
070485
070486
070487
070488
070489
070490
070491
070492
070493
070494
070495
070496
070497
070499
070500
070501
070502
070503
070504
070505
070506
070507
070508
070509
070510
070512
070515
070516
070517
070518
070519
070520
070522
070523
070524
070525
070526
070527
070528
070529
070530
070532
070534
070535
070536
070537
070539
070540
070541
070542
070543
070544
070545
070546
070547
070548
070549
070550
070551
070552
070553
070554
070556
070557
070558
070559
070560
070561
070562
070564
070565
070566
070567
070570
070571
070574
070577
070578
070579
070580
070581
070582
070583
070584
070585
070586
070587
070588
070589
070591
070593
070594
070595
070596
070597
070598
070599
070600
070602
070605
070606
070607
070608
070611
070612
070613
070614
070615
070616
070617
070619
070620
070621
070622
070623
070624
070625
070626
070627
070628
070629
070630
070631
070633
070635
070637
070639
070640
070641
070642
070643
070644
070645
070646
070647
070648
070649
070650
070651
070652
070653
070654
070655
070656
070657
070658
070659
070660
070661
070662
070663
070664
070665
070666
070667
070668
070669
070671
070672
070673
070674
070675
070676
070677
070678
070679
070680
070682
070683
070684
070685
070686
070689
070690
070691
070692
070694
070695
070696
070697
070698
070699
070700
070701
070702
070703
070704
070705
070706
070707
070709
070710
070711
070712
070714
070715
070716
070717
070718
070719
070720
070721
070722
070724
070725
070726
070727
070728
070729
070731
070732
070733
070734
070735
070736
070737
070738
070739
070740
070741
070742
070743
070744
070745
070746
070747
070748
070749
070750
070751
070752
070753
070755
070756
070757
070758
070759
070760
070761
070763
070764
070766
070767
070768
070769
070770
070772
070773
070774
070775
070776
070777
070779
070781
070783
070784
070787
070788
070789
070790
070791
070793
070795
070796
070797
070798
070799
070800
070801
070802
070803
070804
070805
070806
070807
070808
070809
070812
070814
070815
070816
070817
070819
070820
070821
070822
070823
070824
070825
070826
070827
070828
070830
070831
070832
070834
070836
070837
070838
070840
070841
070843
070844
070845
070849
070850
070853
070854
070855
070856
070857
070858
070859
070860
070861
070862
070864
070865
070866
070870
070872
070873
070874
070875
070876
070877
070878
070879
070880
070881
070882
070888
070889
070890
070891
070892
070893
070894
070895
070896
070898
070900
070901
070902
070903
070904
070905
070906
070907
070908
070909
070910
070911
070912
070913
070914
070916
070919
070920
070921
070922
070923
070924
070925
070927
070928
070929
070931
070932
070933
070936
070937
070940
070944
070945
070946
070947
070948
070949
070950
070951
070953
070954
070955
070956
070959
070960
070961
070962
070963
070964
070965
070966
070967
070968
070969
070971
070972
070973
070974
070977
070978
070980
070982
070983
070985
070986
070987
070990
070991
070992
070993
070995
070996
070998
071000
071001
071002
071003
071005
071007
071008
071009
071010
071011
071012
071013
071014
071015
071016
071017
071018
071019
071022
071023
071024
071025
071026
071027
071028
071029
071031
071032
071033
071035
071036
071037
071038
071039
071040
071041
071042
071044
071045
071046
071048
071049
071050
071051
071052
071053
071054
071055
071058
071059
071060
071061
071062
071063
071064
071065
071066
071067
071068
071069
071070
071071
071072
071073
071075
071076
071077
071078
071079
071081
071083
071085
071086
071087
071088
071089
071090
071092
071093
071094
071097
071098
071099
071100
071101
071102
071103
071105
071106
071109
071110
071111
071112
071114
071115
071116
071119
071121
071122
071123
071124
071125
071126
071127
071128
071129
071131
071132
071133
071134
071135
071136
071137
071139
071140
071141
071143
071144
071145
071146
071147
071148
071149
071150
071151
071153
071154
071155
071156
071157
071158
071159
071160
071161
071162
071163
071164
071166
071167
071168
071169
071170
071171
071172
071173
071174
071175
071176
071177
071178
071179
071180
071181
071182
071183
071184
071186
071187
071188
071189
071191
071192
071193
071194
071195
071197
071200
071202
071204
071205
071206
071207
071208
071209
071210
071212
071213
071214
071215
071216
071218
071220
071221
071222
071223
071224
071225
071226
071227
071228
071229
071230
071232
071233
071234
071235
071236
071237
071238
071239
071241
071242
071244
071246
071247
071249
071250
071252
071254
071257
071258
071259
071260
071261
071262
071264
071265
071267
071268
071269
071270
071271
071272
071273
071274
071275
071276
071277
071278
071279
071280
071281
071282
071283
071284
071286
071289
071290
071291
071292
071293
071294
071295
071296
071298
071299
071300
071301
071302
071303
071304
071305
071306
071307
071308
071309
071310
071313
071316
071317
071318
071319
071320
071321
071322
071323
071324
071325
071326
071327
071329
071330
071332
071333
071334
071337
071339
071340
071341
071342
071343
071345
071346
071347
071348
071349
071350
071351
071354
071357
071358
071360
071362
071363
071364
071365
071366
071368
071369
071371
071372
071374
071375
071376
071377
071379
071380
071382
071383
071384
071385
071387
071388
071389
071390
071392
071393
071394
071395
071398
071399
071400
071401
071403
071405
071407
071408
071411
071412
071414
071415
071416
071418
071419
071420
071421
071422
071423
071424
071425
071426
071430
071432
071434
071435
071436
071437
071438
071440
071441
071442
071443
071444
071445
071446
071447
071448
071451
071453
071454
071455
071456
071457
071458
071459
071460
071461
071462
071463
071464
071465
071468
071469
071470
071471
071472
071473
071474
071475
071477
071478
071480
071481
071482
071483
071486
071487
071489
071490
071492
071493
071494
071495
071496
071497
071498
071499
071501
071502
071503
071504
071505
071506
071507
071508
071509
071510
071511
071514
071515
071516
071517
071518
071522
071524
071525
071526
071527
071528
071529
071530
071531
071533
071535
071536
071537
071538
071540
071541
071542
071543
071544
071545
071546
071547
071548
071549
071550
071551
071552
071553
071554
071555
071556
071557
071561
071562
071563
071564
071565
071566
071567
071568
071570
071571
071573
071574
071576
071578
071579
071580
071582
071583
071585
071586
071588
071589
071590
071591
071592
071593
071594
071595
071596
071597
071599
071600
071601
071603
071604
071605
071606
071608
071609
071610
071613
071614
071615
071616
071617
071619
071620
071621
071622
071623
071624
071625
071626
071628
071629
071630
071631
071632
071633
071634
071635
071636
071637
071639
071640
071641
071642
071643
071644
071645
071648
071649
071650
071652
071654
071656
071657
071659
071660
071661
071662
071664
071665
071667
071668
071671
071672
071673
071674
071675
071676
071677
071678
071679
071681
071682
071683
071684
071686
071687
071688
071689
071690
071691
071692
071694
071695
071696
071697
071698
071699
071700
071701
071702
071703
071705
071707
071708
071709
071711
071713
071714
071715
071716
071717
071718
071719
071720
071723
071724
071725
071726
071727
071729
071730
071731
071734
071735
071736
071737
071738
071739
071740
071741
071742
071743
071744
071745
071746
071747
071749
071750
071751
071753
071754
071757
071758
071759
071760
071761
071762
071764
071765
071766
071767
071769
071770
071772
071774
071775
071776
071777
071778
071780
071781
071783
071784
071785
071786
071787
071788
071789
071790
071792
071793
071794
071798
071799
071800
071801
071802
071803
071804
071805
071806
071807
071808
071809
071811
071812
071813
071814
071815
071816
071817
071818
071820
071821
071822
071823
071825
071826
071828
071829
071830
071831
071832
071833
071834
071836
071837
071838
071840
071843
071844
071845
071847
071849
071852
071853
071854
071855
071856
071857
071858
071861
071862
071863
071864
071865
071867
071868
071869
071870
071871
071873
071874
071876
071877
071878
071879
071880
071881
071882
071883
071884
071885
071886
071887
071888
071890
071892
071893
071894
071895
071896
071897
071899
071900
071901
071902
071903
071905
071906
071907
071908
071909
071910
071911
071912
071913
071914
071915
071917
071918
071919
071920
071921
071922
071923
071924
071925
071926
071927
071928
071931
071932
071933
071934
071936
071938
071939
071940
071941
071942
071943
071945
071946
071947
071950
071951
071952
071954
071955
071956
071957
071958
071959
071960
071961
071962
071964
071965
071966
071968
071969
071971
071972
071973
071974
071975
071976
071978
071979
071980
071981
071982
071983
071984
071985
071987
071988
071989
071990
071991
071993
071995
071997
071998
071999
072001
072002
072004
072005
072006
072007
072008
072009
072011
072012
072013
072014
072015
072016
072017
072020
072021
072022
072023
072025
072026
072027
072028
072029
072030
072031
072032
072033
072034
072035
072036
072037
072039
072040
072041
072042
072044
072046
072047
072048
072050
072051
072052
072053
072054
072055
072057
072058
072059
072061
072063
072064
072065
072066
072067
072068
072070
072071
072073
072077
072079
072081
072082
072083
072084
072085
072086
072087
072088
072089
072090
072091
072093
072095
072096
072097
072099
072100
072101
072102
072104
072105
072108
072109
072110
072112
072113
072115
072116
072117
072119
072120
072121
072122
072123
072124
072125
072126
072128
072129
072130
072131
072133
072134
072135
072136
072137
072139
072140
072141
072142
072143
072145
072146
072147
072149
072150
072151
072152
072153
072154
072155
072157
072158
072159
072160
072161
072162
072163
072164
072165
072166
072167
072170
072171
072172
072173
072174
072176
072177
072178
072179
072180
072181
072182
072183
072185
072186
072187
072188
072189
072190
072191
072192
072193
072194
072195
072196
072197
072198
072199
072200
072201
072202
072203
072204
072205
072206
072208
072210
072211
072212
072213
072214
072215
072216
072217
072218
072219
072221
072224
072225
072227
072228
072229
072230
072231
072233
072234
072235
072236
072237
072238
072239
072241
072242
072243
072244
072246
072247
072248
072250
072252
072253
072254
072255
072256
072257
072261
072264
072265
072269
072270
072271
072273
072274
072275
072276
072277
072278
072280
072281
072283
072284
072285
072286
072287
072289
072290
072291
072292
072293
072294
072295
072296
072297
072298
072300
072304
072305
072306
072308
072309
072311
072313
072314
072315
072316
072317
072318
072319
072320
072321
072322
072324
072325
072326
072327
072328
072329
072330
072331
072332
072333
072334
072335
072336
072338
072339
072340
072341
072342
072343
072344
072345
072346
072347
072348
072349
072350
072351
072352
072353
072354
072355
072356
072357
072358
072359
072360
072361
072362
072363
072364
072365
072367
072368
072370
072371
072372
072373
072374
072375
072376
072377
072378
072380
072381
072382
072383
072385
072386
072387
072389
072390
072391
072392
072393
072395
072396
072397
072398
072399
072400
072401
072402
072404
072405
072406
072407
072410
072411
072412
072413
072415
072416
072418
072419
072420
072421
072422
072423
072424
072425
072426
072428
072429
072430
072431
072433
072434
072435
072436
072437
072440
072445
072447
072449
072450
072451
072452
072453
072454
072455
072456
072457
072458
072459
072462
072463
072464
072465
072466
072467
072468
072469
072470
072471
072472
072473
072475
072476
072477
072478
072481
072482
072483
072484
072486
072487
072490
072491
072492
072494
072495
072496
072497
072498
072499
072500
072501
072502
072503
072504
072505
072506
072508
072511
072515
072516
072517
072520
072521
072522
072523
072524
072527
072528
072529
072530
072531
072532
072534
072535
072536
072537
072538
072539
072540
072542
072543
072544
072545
072546
072547
072548
072549
072550
072551
072552
072553
072554
072555
072556
072557
072558
072559
072560
072561
072562
072563
072565
072567
072568
072569
072570
072571
072572
072573
072574
072575
072576
072577
072579
072580
072581
072582
072583
072584
072585
072586
072587
072588
072589
072590
072591
072592
072593
072595
072597
072598
072599
072600
072601
072602
072603
072604
072605
072606
072607
072608
072609
072611
072612
072614
072615
072616
072618
072619
072621
072622
072623
072624
072625
072626
072627
072629
072630
072631
072633
072634
072635
072636
072637
072638
072639
072640
072642
072643
072644
072645
072646
072647
072648
072649
072650
072653
072654
072655
072657
072658
072659
072660
072661
072663
072664
072666
072668
072669
072670
072671
072673
072674
072676
072678
072679
072680
072681
072684
072685
072686
072687
072688
072689
072690
072691
072692
072693
072694
072695
072696
072697
072698
072699
072700
072701
072702
072703
072704
072705
072706
072707
072708
072709
072711
072712
072713
072714
072715
072716
072717
072718
072719
072720
072722
072723
072724
072726
072727
072729
072730
072731
072732
072733
072734
072735
072737
072738
072739
072740
072742
072743
072744
072746
072747
072749
072750
072751
072753
072754
072756
072757
072758
072759
072760
072761
072762
072763
072764
072766
072767
072768
072769
072770
072771
072772
072773
072774
072775
072776
072777
072778
072780
072781
072782
072783
072784
072785
072786
072787
072788
072789
072790
072792
072793
072795
072796
072799
072800
072801
072802
072803
072804
072806
072807
072808
072809
072810
072811
072812
072813
072814
072815
072817
072818
072819
072820
072821
072822
072823
072824
072825
072826
072827
072828
072829
072830
072831
072833
072834
072836
072838
072839
072840
072841
072842
072843
072844
072847
072848
072849
072850
072851
072852
072853
072856
072857
072858
072859
072860
072862
072863
072864
072865
072866
072868
072869
072872
072873
072874
072875
072876
072877
072878
072879
072880
072881
072882
072883
072884
072886
072887
072888
072889
072890
072891
072892
072893
072894
072895
072896
072897
072898
072899
072900
072901
072902
072903
072904
072905
072906
072907
072908
072909
072910
072911
072913
072914
072915
072917
072918
072920
072921
072922
072923
072924
072926
072927
072928
072930
072931
072932
072933
072934
072935
072936
072937
072938
072939
072940
072941
072942
072943
072944
072945
072946
072949
072953
072954
072955
072956
072957
072958
072959
072960
072961
072962
072963
072964
072966
072967
072970
072971
072972
072973
072974
072976
072977
072978
072979
072981
072982
072983
072984
072985
072986
072987
072988
072989
072990
072991
072993
072994
072996
072997
072998
072999
073000
073001
073002
073003
073004
073005
073006
073007
073008
073009
073010
073012
073013
073014
073016
073019
073020
073022
073023
073024
073025
073026
073027
073028
073029
073030
073031
073033
073034
073035
073036
073038
073039
073040
073041
073042
073043
073046
073047
073048
073049
073051
073052
073053
073055
073057
073058
073059
073061
073062
073064
073070
073071
073073
073075
073076
073077
073078
073080
073082
073083
073085
073086
073087
073088
073089
073090
073092
073093
073094
073095
073096
073097
073098
073100
073101
073102
073103
073104
073105
073106
073107
073108
073109
073110
073111
073113
073114
073115
073117
073118
073120
073121
073122
073125
073126
073127
073128
073129
073130
073131
073132
073134
073135
073136
073138
073139
073142
073143
073144
073145
073146
073147
073148
073150
073151
073152
073153
073154
073155
073156
073157
073158
073159
073160
073161
073162
073163
073165
073166
073167
073168
073170
073171
073173
073175
073177
073178
073179
073182
073183
073184
073185
073186
073187
073188
073189
073191
073192
073193
073194
073196
073197
073198
073199
073200
073201
073202
073203
073204
073205
073206
073208
073209
073210
073211
073212
073214
073215
073216
073219
073220
073221
073222
073223
073224
073227
073228
073230
073231
073232
073234
073235
073236
073237
073238
073239
073240
073241
073242
073243
073244
073245
073246
073247
073248
073250
073251
073252
073254
073255
073256
073258
073259
073260
073261
073262
073263
073264
073266
073267
073268
073269
073270
073271
073272
073273
073274
073275
073276
073277
073278
073279
073280
073281
073282
073283
073284
073286
073287
073288
073289
073290
073291
073292
073293
073294
073295
073296
073297
073298
073299
073300
073302
073303
073304
073305
073306
073307
073309
073310
073311
073312
073314
073315
073316
073317
073318
073322
073323
073324
073326
073327
073328
073329
073330
073331
073332
073333
073335
073336
073337
073338
073339
073340
073341
073342
073343
073344
073345
073346
073347
073348
073349
073350
073351
073352
073355
073356
073357
073358
073360
073361
073362
073363
073365
073366
073367
073368
073369
073370
073372
073374
073375
073376
073378
073379
073381
073382
073383
073385
073387
073388
073389
073392
073393
073394
073395
073396
073397
073398
073399
073400
073401
073402
073403
073404
073405
073406
073407
073408
073409
073410
073411
073412
073413
073414
073415
073416
073417
073418
073419
073420
073421
073422
073423
073424
073425
073426
073427
073428
073429
073431
073432
073433
073434
073435
073436
073437
073438
073440
073441
073442
073443
073445
073446
073447
073448
073449
073450
073451
073452
073453
073454
073455
073456
073457
073458
073459
073460
073461
073463
073464
073465
073467
073468
073469
073470
073472
073474
073475
073477
073478
073481
073482
073484
073486
073488
073490
073492
073493
073494
073495
073496
073497
073498
073499
073502
073503
073505
073506
073508
073510
073511
073512
073514
073515
073517
073519
073520
073521
073522
073523
073524
073525
073526
073527
073528
073530
073531
073533
073534
073535
073538
073539
073540
073542
073543
073544
073545
073546
073547
073548
073549
073551
073552
073553
073554
073555
073556
073558
073560
073561
073562
073564
073565
073566
073567
073568
073569
073570
073571
073572
073573
073574
073575
073576
073578
073579
073580
073581
073582
073583
073584
073585
073586
073587
073588
073589
073590
073591
073592
073593
073594
073597
073598
073599
073600
073601
073602
073603
073604
073605
073606
073608
073609
073610
073611
073612
073613
073614
073615
073616
073617
073618
073620
073621
073622
073624
073625
073626
073628
073629
073630
073633
073634
073636
073639
073640
073641
073643
073645
073646
073647
073648
073649
073652
073653
073654
073655
073658
073659
073660
073661
073663
073664
073665
073666
073667
073669
073670
073671
073672
073673
073674
073675
073676
073677
073678
073679
073680
073682
073683
073684
073685
073686
073687
073688
073690
073691
073692
073693
073696
073697
073698
073699
073700
073701
073702
073704
073705
073706
073707
073709
073710
073711
073712
073713
073715
073716
073717
073718
073720
073723
073726
073728
073729
073730
073731
073732
073733
073734
073735
073737
073739
073740
073741
073745
073746
073748
073750
073751
073752
073754
073755
073756
073757
073758
073759
073760
073761
073762
073763
073764
073765
073766
073767
073768
073769
073770
073771
073772
073773
073778
073779
073780
073781
073782
073783
073784
073786
073787
073788
073790
073793
073794
073795
073797
073798
073799
073800
073801
073802
073803
073804
073805
073806
073807
073809
073810
073811
073812
073813
073814
073815
073816
073817
073820
073821
073823
073824
073825
073827
073828
073830
073831
073832
073833
073834
073836
073837
073838
073839
073840
073841
073842
073847
073848
073849
073851
073852
073853
073854
073855
073857
073859
073860
073861
073862
073863
073864
073867
073868
073869
073870
073871
073872
073873
073875
073876
073877
073878
073879
073880
073881
073882
073883
073884
073885
073886
073887
073888
073889
073891
073892
073893
073895
073896
073897
073899
073900
073901
073902
073904
073906
073907
073908
073909
073910
073911
073912
073913
073914
073916
073918
073919
073920
073921
073922
073924
073925
073926
073927
073928
073930
073931
073932
073933
073934
073935
073936
073938
073939
073941
073942
073943
073945
073946
073947
073949
073950
073951
073953
073954
073956
073957
073958
073959
073960
073961
073962
073963
073964
073965
073966
073967
073969
073971
073973
073974
073975
073977
073978
073979
073980
073981
073982
073983
073984
073985
073987
073988
073989
073990
073991
073992
073993
073994
073996
073997
073998
073999
074000
074001
074002
074003
074004
074005
074006
074007
074008
074009
074011
074012
074014
074015
074016
074017
074018
074019
074021
074022
074023
074024
074025
074027
074028
074029
074031
074032
074034
074036
074037
074038
074039
074041
074042
074043
074045
074046
074047
074049
074050
074051
074052
074053
074054
074055
074057
074060
074062
074063
074064
074065
074066
074067
074069
074070
074071
074072
074073
074074
074075
074076
074078
074079
074080
074081
074083
074084
074085
074086
074087
074088
074090
074091
074094
074095
074096
074097
074098
074099
074101
074102
074104
074105
074106
074107
074109
074111
074112
074113
074115
074116
074117
074118
074119
074124
074125
074126
074127
074128
074129
074130
074131
074134
074135
074136
074137
074138
074139
074140
074141
074142
074143
074144
074145
074146
074147
074148
074149
074150
074151
074154
074155
074156
074157
074160
074161
074162
074163
074165
074166
074167
074169
074171
074172
074174
074175
074176
074177
074179
074180
074182
074183
074185
074186
074187
074188
074189
074190
074191
074192
074193
074194
074195
074196
074197
074199
074200
074201
074202
074204
074205
074207
074208
074209
074210
074211
074213
074214
074215
074216
074217
074218
074220
074221
074222
074223
074224
074225
074226
074227
074228
074229
074230
074231
074232
074233
074234
074235
074237
074239
074240
074241
074242
074243
074244
074245
074246
074247
074248
074249
074250
074251
074252
074253
074254
074255
074256
074257
074259
074260
074261
074262
074263
074264
074265
074268
074269
074270
074271
074272
074274
074275
074276
074277
074279
074280
074281
074282
074285
074286
074287
074288
074289
074291
074292
074294
074295
074296
074299
074300
074301
074303
074304
074305
074306
074307
074308
074309
074310
074312
074313
074314
074316
074317
074320
074321
074322
074324
074325
074326
074327
074328
074330
074332
074333
074334
074335
074336
074337
074338
074339
074340
074341
074342
074343
074344
074345
074346
074348
074349
074350
074352
074354
074355
074356
074357
074358
074359
074360
074363
074364
074365
074366
074367
074368
074369
074370
074372
074373
074374
074379
074380
074381
074382
074383
074384
074385
074386
074388
074389
074390
074391
074393
074394
074396
074397
074398
074399
074400
074403
074405
074406
074407
074408
074409
074410
074411
074412
074414
074415
074416
074417
074418
074419
074420
074421
074422
074423
074424
074425
074426
074427
074428
074429
074430
074431
074432
074433
074434
074435
074436
074437
074438
074439
074440
074442
074444
074445
074446
074447
074448
074450
074451
074452
074453
074455
074456
074457
074458
074460
074461
074462
074463
074464
074465
074466
074467
074468
074469
074471
074472
074473
074474
074475
074476
074477
074479
074480
074481
074482
074483
074484
074486
074487
074488
074489
074491
074492
074493
074494
074495
074496
074497
074498
074500
074501
074502
074503
074504
074505
074506
074507
074508
074509
074511
074512
074513
074514
074515
074517
074518
074519
074520
074522
074523
074524
074525
074526
074527
074528
074529
074530
074531
074532
074533
074534
074535
074536
074537
074538
074539
074540
074541
074542
074543
074544
074545
074546
074548
074549
074550
074551
074552
074553
074554
074556
074557
074558
074559
074560
074561
074562
074564
074565
074566
074567
074568
074569
074571
074572
074574
074576
074577
074578
074579
074583
074584
074585
074586
074587
074588
074589
074591
074592
074593
074594
074595
074596
074597
074598
074600
074601
074603
074606
074607
074608
074609
074610
074611
074612
074615
074616
074617
074620
074621
074622
074624
074625
074626
074627
074628
074630
074631
074632
074635
074636
074638
074639
074640
074641
074642
074643
074644
074645
074646
074647
074648
074649
074650
074651
074652
074654
074656
074657
074658
074659
074660
074661
074662
074663
074664
074665
074667
074668
074669
074670
074672
074673
074675
074677
074678
074679
074683
074684
074685
074687
074688
074689
074691
074692
074693
074694
074695
074696
074697
074698
074700
074701
074702
074703
074705
074706
074707
074708
074709
074710
074711
074712
074714
074715
074716
074719
074720
074722
074723
074724
074725
074726
074727
074728
074729
074730
074731
074732
074733
074734
074735
074736
074737
074738
074739
074741
074743
074744
074745
074746
074748
074750
074751
074753
074755
074756
074758
074759
074760
074761
074762
074765
074766
074768
074769
074770
074771
074772
074773
074774
074775
074777
074778
074779
074781
074782
074783
074785
074786
074787
074788
074789
074790
074791
074793
074794
074795
074796
074797
074798
074799
074801
074802
074803
074804
074807
074808
074809
074810
074811
074812
074813
074815
074816
074817
074819
074821
074822
074824
074825
074826
074827
074828
074829
074831
074832
074833
074834
074835
074836
074837
074838
074839
074840
074841
074842
074843
074844
074845
074846
074848
074851
074853
074854
074855
074856
074857
074858
074859
074860
074861
074862
074863
074865
074866
074867
074868
074869
074871
074872
074873
074878
074879
074880
074881
074882
074883
074886
074888
074889
074890
074891
074893
074894
074896
074897
074898
074901
074902
074904
074905
074907
074908
074909
074910
074911
074912
074913
074915
074916
074917
074918
074919
074921
074922
074924
074925
074927
074928
074932
074933
074934
074935
074938
074939
074942
074943
074944
074947
074948
074949
074950
074951
074952
074953
074954
074956
074957
074958
074961
074964
074965
074966
074967
074968
074969
074970
074973
074974
074975
074976
074977
074978
074979
074980
074981
074982
074983
074986
074987
074988
074989
074990
074991
074993
074995
074996
074997
074998
074999
075001
075002
075003
075004
075005
075006
075008
075009
075010
075011
075012
075014
075015
075016
075017
075018
075019
075020
075021
075023
075025
075026
075027
075028
075029
075030
075031
075032
075035
075037
075038
075039
075041
075042
075043
075044
075045
075046
075047
075049
075050
075051
075052
075053
075055
075056
075058
075059
075060
075061
075062
075063
075066
075067
075068
075069
075071
075072
075073
075075
075077
075078
075079
075082
075083
075084
075085
075086
075087
075088
075089
075090
075091
075092
075093
075095
075096
075097
075098
075100
075101
075102
075103
075104
075105
075106
075107
075108
075109
075110
075112
075113
075114
075115
075116
075117
075118
075119
075121
075122
075124
075125
075126
075127
075128
075129
075130
075131
075132
075134
075135
075136
075137
075138
075139
075140
075141
075142
075143
075144
075145
075146
075147
075149
075150
075151
075152
075154
075156
075157
075159
075160
075161
075162
075163
075164
075165
075167
075168
075169
075170
075171
075174
075175
075176
075177
075179
075181
075182
075183
075184
075185
075186
075187
075192
075193
075194
075195
075196
075197
075198
075200
075201
075202
075203
075204
075206
075207
075208
075209
075210
075211
075212
075213
075214
075215
075216
075218
075219
075220
075221
075223
075224
075225
075227
075228
075229
075230
075231
075234
075235
075236
075238
075241
075242
075243
075245
075246
075247
075248
075249
075250
075251
075252
075253
075254
075255
075256
075257
075258
075260
075261
075262
075263
075264
075265
075266
075267
075268
075269
075270
075271
075272
075273
075274
075275
075276
075277
075278
075279
075280
075281
075283
075284
075285
075286
075287
075288
075289
075290
075291
075292
075293
075294
075295
075297
075298
075299
075300
075301
075302
075303
075309
075310
075311
075312
075315
075316
075318
075319
075320
075322
075325
075326
075328
075329
075330
075331
075332
075333
075334
075335
075336
075337
075338
075339
075340
075341
075342
075344
075345
075347
075348
075349
075352
075353
075354
075355
075356
075357
075358
075359
075360
075361
075362
075364
075366
075367
075368
075369
075371
075374
075375
075376
075377
075378
075380
075381
075382
075383
075384
075385
075386
075388
075389
075390
075391
075392
075394
075396
075397
075398
075399
075400
075401
075402
075403
075406
075407
075408
075409
075410
075411
075412
075414
075415
075416
075417
075418
075420
075421
075422
075424
075425
075427
075428
075429
075430
075431
075432
075434
075435
075436
075437
075438
075440
075442
075443
075446
075447
075449
075450
075451
075456
075457
075458
075459
075461
075462
075463
075464
075465
075466
075467
075469
075470
075471
075472
075473
075474
075475
075476
075477
075478
075479
075480
075483
075484
075485
075486
075487
075489
075490
075491
075492
075493
075494
075495
075497
075498
075499
075500
075501
075502
075503
075504
075505
075507
075508
075509
075510
075512
075513
075517
075518
075520
075521
075523
075524
075525
075526
075527
075528
075529
075530
075532
075533
075535
075536
075537
075538
075539
075541
075542
075543
075545
075546
075547
075548
075549
075550
075551
075554
075555
075558
075559
075560
075561
075562
075563
075564
075566
075568
075569
075573
075574
075575
075576
075577
075578
075580
075581
075582
075583
075584
075585
075587
075589
075591
075592
075593
075594
075595
075596
075597
075598
075599
075600
075601
075603
075604
075605
075606
075607
075608
075609
075610
075611
075612
075614
075615
075617
075620
075621
075622
075624
075625
075627
075628
075629
075631
075632
075633
075634
075635
075636
075639
075640
075641
075642
075644
075645
075646
075647
075648
075649
075650
075651
075652
075653
075655
075657
075659
075660
075661
075662
075663
075664
075665
075666
075667
075669
075671
075672
075674
075675
075676
075678
075679
075680
075681
075682
075683
075684
075685
075686
075687
075688
075690
075691
075692
075693
075694
075695
075697
075698
075699
075700
075701
075703
075704
075705
075706
075707
075708
075709
075710
075711
075712
075713
075714
075715
075716
075718
075719
075720
075721
075723
075724
075727
075729
075730
075733
075735
075736
075737
075738
075739
075740
075741
075742
075743
075744
075745
075746
075747
075748
075749
075750
075751
075753
075754
075755
075757
075760
075761
075762
075763
075767
075768
075769
075770
075771
075772
075773
075774
075775
075777
075778
075779
075781
075785
075786
075787
075789
075790
075792
075793
075794
075795
075796
075797
075798
075799
075800
075801
075802
075803
075804
075805
075807
075809
075810
075811
075812
075813
075814
075815
075816
075817
075818
075819
075820
075822
075823
075824
075825
075826
075827
075828
075830
075831
075833
075835
075836
075837
075838
075839
075840
075841
075842
075843
075844
075845
075846
075847
075848
075849
075850
075851
075853
075854
075857
075859
075860
075861
075862
075865
075866
075867
075869
075870
075871
075872
075873
075874
075876
075877
075879
075882
075883
075884
075885
075886
075887
075888
075890
075892
075893
075894
075895
075896
075897
075899
075900
075901
075904
075905
075906
075907
075909
075910
075911
075912
075913
075914
075915
075916
075917
075918
075919
075921
075924
075925
075928
075929
075930
075931
075932
075933
075935
075936
075937
075938
075939
075940
075941
075942
075943
075944
075945
075946
075947
075948
075950
075951
075953
075954
075955
075956
075957
075960
075961
075962
075963
075964
075965
075966
075967
075968
075970
075971
075972
075974
075976
075977
075979
075980
075981
075982
075983
075984
075985
075987
075988
075989
075990
075992
075993
075995
075996
075998
075999
076000
076001
076002
076003
076004
076005
076006
076007
076008
076009
076010
076012
076013
076014
076015
076016
076017
076018
076019
076020
076021
076022
076023
076024
076025
076026
076027
076028
076030
076031
076033
076034
076035
076036
076037
076038
076039
076040
076041
076042
076043
076044
076045
076048
076049
076051
076053
076054
076056
076057
076059
076060
076061
076062
076063
076064
076065
076067
076068
076069
076071
076072
076073
076075
076076
076078
076079
076081
076082
076083
076084
076085
076086
076087
076088
076089
076090
076093
076095
076099
076100
076101
076102
076103
076104
076105
076106
076108
076110
076111
076112
076113
076114
076115
076116
076117
076118
076120
076121
076123
076124
076125
076126
076127
076128
076129
076130
076131
076133
076134
076135
076136
076137
076138
076139
076140
076142
076143
076144
076145
076147
076148
076149
076150
076151
076153
076154
076155
076156
076157
076158
076159
076161
076162
076164
076165
076166
076168
076169
076170
076171
076173
076174
076175
076176
076177
076178
076179
076180
076181
076182
076183
076184
076185
076186
076187
076189
076190
076191
076192
076193
076194
076195
076196
076197
076198
076199
076200
076201
076202
076203
076205
076206
076207
076208
076209
076210
076212
076213
076214
076215
076216
076217
076219
076220
076221
076222
076224
076225
076226
076227
076228
076229
076230
076232
076233
076234
076235
076236
076237
076238
076239
076240
076241
076244
076245
076246
076247
076248
076249
076250
076251
076253
076256
076258
076259
076261
076262
076263
076264
076266
076268
076269
076270
076272
076273
076274
076275
076276
076277
076278
076279
076280
076281
076282
076283
076285
076286
076287
076288
076289
076290
076291
076292
076294
076295
076296
076297
076298
076299
076300
076301
076302
076303
076304
076305
076307
076308
076309
076310
076312
076313
076314
076315
076316
076317
076318
076319
076320
076321
076322
076323
076325
076326
076327
076328
076329
076330
076332
076333
076334
076335
076336
076337
076338
076339
076341
076342
076344
076345
076347
076348
076349
076350
076351
076354
076356
076357
076358
076360
076361
076363
076364
076365
076366
076367
076368
076369
076370
076371
076372
076373
076374
076375
076376
076377
076378
076379
076380
076381
076382
076383
076384
076385
076386
076387
076388
076389
076390
076391
076392
076393
076394
076396
076397
076398
076399
076401
076402
076404
076405
076406
076407
076410
076411
076412
076414
076415
076416
076417
076418
076419
076420
076421
076422
076423
076424
076425
076426
076427
076430
076432
076433
076434
076435
076436
076439
076440
076441
076442
076444
076445
076446
076449
076452
076454
076455
076456
076457
076458
076459
076460
076461
076462
076464
076465
076466
076467
076469
076470
076471
076472
076473
076474
076475
076476
076478
076479
076480
076481
076482
076483
076484
076485
076486
076488
076489
076490
076491
076492
076493
076494
076496
076498
076499
076500
076501
076502
076503
076504
076505
076506
076508
076509
076510
076511
076512
076514
076515
076516
076518
076519
076520
076521
076522
076523
076526
076528
076529
076530
076531
076532
076533
076534
076535
076536
076537
076539
076541
076542
076543
076544
076545
076546
076547
076548
076549
076550
076551
076552
076553
076554
076555
076556
076558
076559
076560
076561
076562
076564
076565
076566
076569
076570
076571
076572
076578
076579
076580
076581
076582
076583
076586
076589
076591
076592
076593
076594
076595
076596
076597
076598
076599
076600
076602
076603
076604
076605
076607
076608
076609
076611
076612
076613
076614
076616
076617
076618
076619
076620
076621
076622
076624
076626
076627
076628
076629
076630
076631
076634
076635
076636
076637
076638
076640
076642
076643
076644
076645
076646
076647
076648
076649
076650
076651
076652
076653
076654
076655
076656
076658
076660
076661
076662
076663
076666
076667
076670
076671
076672
076673
076674
076675
076676
076677
076679
076680
076681
076683
076685
076686
076687
076688
076689
076690
076691
076692
076693
076695
076696
076697
076698
076699
076700
076701
076702
076703
076704
076705
076706
076707
076708
076709
076710
076711
076712
076713
076714
076715
076717
076719
076720
076721
076722
076724
076725
076726
076728
076729
076730
076731
076732
076733
076734
076736
076738
076739
076740
076741
076742
076743
076744
076745
076746
076747
076749
076750
076751
076752
076754
076755
076756
076757
076758
076759
076760
076761
076762
076763
076764
076765
076766
076769
076771
076772
076773
076774
076775
076776
076777
076778
076781
076782
076784
076785
076786
076787
076788
076789
076790
076791
076792
076793
076794
076795
076796
076799
076800
076801
076802
076803
076804
076805
076807
076808
076809
076810
076811
076812
076813
076814
076815
076816
076817
076818
076819
076820
076821
076822
076823
076827
076828
076829
076830
076831
076832
076833
076835
076836
076837
076838
076840
076842
076843
076844
076847
076848
076849
076850
076851
076852
076854
076855
076857
076858
076859
076860
076861
076862
076863
076864
076865
076866
076867
076868
076869
076870
076871
076872
076873
076874
076875
076876
076877
076879
076880
076881
076883
076884
076885
076886
076888
076889
076891
076892
076893
076894
076895
076896
076897
076898
076899
076900
076901
076902
076903
076904
076906
076907
076908
076909
076910
076911
076912
076913
076914
076916
076918
076919
076920
076921
076922
076923
076924
076925
076926
076927
076929
076930
076931
076932
076935
076936
076937
076938
076939
076940
076941
076942
076943
076944
076945
076946
076947
076948
076949
076951
076952
076953
076954
076955
076957
076958
076959
076960
076961
076962
076963
076964
076965
076966
076967
076968
076969
076970
076971
076973
076974
076975
076976
076977
076980
076981
076982
076984
076986
076987
076988
076989
076990
076991
076992
076993
076994
076995
076996
076997
076998
076999
077000
077001
077002
077004
077005
077007
077008
077009
077010
077011
077012
077013
077014
077016
077018
077019
077020
077022
077023
077025
077026
077027
077028
077030
077031
077032
077033
077034
077035
077036
077037
077038
077039
077040
077042
077044
077045
077046
077047
077048
077049
077052
077053
077054
077055
077056
077057
077058
077059
077060
077062
077063
077064
077065
077066
077067
077068
077069
077070
077071
077072
077074
077075
077076
077077
077078
077079
077080
077081
077082
077084
077085
077086
077088
077090
077091
077092
077093
077094
077095
077096
077097
077098
077099
077100
077101
077102
077103
077106
077108
077109
077110
077111
077112
077113
077114
077115
077116
077117
077120
077121
077122
077123
077124
077125
077126
077130
077131
077132
077133
077134
077135
077137
077139
077140
077141
077143
077144
077145
077146
077147
077148
077151
077152
077153
077154
077155
077156
077157
077158
077165
077166
077167
077168
077169
077170
077171
077172
077173
077174
077176
077177
077178
077179
077180
077181
077182
077183
077184
077185
077186
077187
077188
077189
077190
077191
077192
077193
077194
077196
077197
077198
077199
077200
077201
077202
077203
077204
077205
077206
077207
077208
077209
077210
077211
077212
077213
077214
077215
077216
077217
077218
077219
077220
077221
077222
077223
077224
077225
077227
077230
077231
077232
077233
077234
077237
077241
077242
077243
077244
077245
077246
077247
077248
077249
077250
077251
077252
077253
077254
077255
077256
077257
077258
077259
077260
077261
077262
077263
077264
077265
077266
077267
077268
077269
077270
077271
077275
077276
077277
077278
077279
077280
077281
077282
077283
077284
077286
077287
077288
077290
077292
077293
077294
077295
077297
077298
077299
077300
077301
077303
077304
077306
077307
077308
077309
077311
077313
077314
077315
077316
077317
077318
077319
077321
077322
077323
077324
077325
077327
077328
077329
077330
077331
077332
077333
077334
077336
077337
077338
077339
077340
077341
077342
077343
077344
077345
077346
077347
077349
077350
077351
077352
077353
077354
077355
077356
077357
077358
077360
077361
077363
077365
077366
077367
077369
077371
077373
077374
077375
077377
077378
077379
077380
077382
077383
077384
077385
077386
077387
077389
077390
077392
077393
077394
077395
077396
077398
077399
077400
077401
077402
077403
077405
077406
077407
077408
077409
077410
077411
077412
077413
077414
077415
077417
077418
077420
077421
077422
077423
077424
077426
077427
077428
077429
077430
077431
077432
077433
077435
077436
077437
077438
077439
077441
077442
077444
077445
077446
077447
077448
077449
077451
077452
077453
077454
077455
077456
077457
077458
077459
077460
077461
077463
077465
077466
077467
077468
077469
077470
077471
077472
077473
077474
077475
077477
077478
077479
077480
077484
077485
077487
077491
077492
077493
077494
077495
077496
077497
077498
077502
077503
077505
077506
077507
077508
077509
077512
077513
077514
077515
077516
077517
077518
077519
077520
077521
077522
077524
077525
077526
077529
077530
077531
077532
077533
077534
077536
077537
077538
077540
077541
077542
077543
077544
077549
077550
077551
077554
077555
077556
077557
077558
077559
077560
077561
077562
077563
077565
077566
077567
077568
077569
077571
077572
077574
077575
077576
077579
077580
077583
077584
077585
077587
077588
077589
077590
077591
077592
077595
077599
077600
077601
077602
077603
077604
077605
077606
077607
077608
077609
077610
077611
077612
077613
077615
077616
077619
077620
077621
077622
077623
077624
077625
077626
077627
077629
077630
077631
077632
077633
077634
077635
077636
077637
077638
077639
077640
077641
077642
077645
077647
077648
077649
077650
077651
077652
077654
077655
077656
077658
077659
077660
077661
077662
077663
077664
077665
077666
077668
077669
077671
077672
077673
077674
077676
077677
077679
077680
077682
077683
077684
077686
077687
077688
077689
077690
077691
077692
077693
077694
077695
077696
077697
077698
077699
077700
077701
077702
077704
077705
077706
077707
077708
077709
077710
077711
077712
077713
077715
077716
077717
077718
077719
077721
077722
077723
077724
077725
077726
077727
077728
077729
077731
077732
077733
077734
077735
077736
077738
077739
077741
077742
077744
077745
077747
077748
077749
077750
077751
077752
077753
077754
077755
077756
077758
077759
077762
077764
077765
077766
077768
077769
077770
077771
077773
077774
077775
077776
077777
077778
077781
077782
077783
077784
077785
077786
077787
077788
077789
077790
077791
077792
077793
077794
077795
077796
077797
077798
077799
077800
077802
077804
077805
077806
077807
077808
077809
077810
077811
077812
077813
077814
077815
077816
077817
077820
077821
077822
077823
077828
077829
077832
077833
077834
077835
077836
077837
077838
077839
077840
077841
077842
077844
077846
077847
077848
077849
077850
077851
077852
077853
077854
077855
077857
077858
077859
077861
077862
077863
077864
077866
077867
077868
077869
077871
077872
077873
077874
077875
077876
077877
077878
077879
077882
077883
077884
077885
077886
077887
077888
077889
077890
077891
077892
077893
077894
077895
077897
077898
077899
077901
077902
077903
077904
077905
077906
077907
077908
077909
077910
077911
077912
077913
077914
077915
077916
077917
077918
077921
077922
077923
077924
077925
077927
077929
077931
077932
077933
077934
077935
077936
077937
077938
077939
077940
077941
077943
077944
077945
077946
077948
077949
077950
077952
077953
077954
077955
077956
077957
077958
077959
077960
077961
077962
077963
077964
077965
077966
077967
077968
077969
077971
077972
077973
077974
077975
077979
077982
077983
077984
077986
077987
077988
077989
077991
077992
077993
077994
077995
077997
077998
078000
078001
078003
078004
078005
078006
078007
078008
078009
078010
078011
078012
078015
078019
078020
078021
078022
078023
078024
078025
078026
078028
078029
078030
078031
078032
078033
078034
078035
078036
078037
078038
078039
078040
078041
078042
078044
078045
078046
078047
078048
078049
078050
078051
078052
078053
078054
078055
078056
078057
078058
078059
078060
078061
078062
078063
078065
078068
078069
078071
078073
078074
078075
078076
078077
078078
078079
078080
078081
078082
078084
078085
078086
078087
078088
078091
078092
078093
078094
078095
078097
078098
078099
078100
078102
078103
078104
078105
078106
078107
078108
078109
078112
078113
078114
078115
078116
078117
078118
078119
078120
078121
078122
078123
078124
078125
078126
078128
078130
078131
078132
078134
078135
078136
078137
078138
078139
078140
078141
078142
078143
078144
078145
078146
078147
078148
078149
078151
078152
078153
078154
078155
078156
078157
078158
078160
078161
078163
078165
078166
078167
078168
078169
078170
078173
078175
078176
078177
078178
078179
078180
078181
078182
078183
078184
078186
078187
078188
078189
078190
078191
078192
078193
078194
078195
078196
078198
078200
078201
078204
078205
078206
078208
078209
078210
078211
078212
078213
078214
078215
078217
078219
078220
078221
078222
078223
078224
078225
078226
078227
078229
078230
078231
078232
078233
078234
078235
078236
078237
078239
078241
078242
078243
078244
078245
078247
078248
078249
078250
078251
078252
078253
078254
078256
078258
078260
078262
078263
078264
078265
078266
078267
078268
078269
078270
078271
078272
078273
078275
078276
078277
078278
078279
078280
078281
078282
078283
078284
078285
078286
078287
078288
078289
078290
078291
078292
078293
078294
078295
078296
078297
078298
078299
078300
078301
078302
078304
078305
078306
078307
078308
078309
078310
078312
078313
078314
078315
078316
078317
078318
078319
078320
078321
078322
078323
078324
078325
078326
078327
078328
078330
078331
078332
078333
078335
078336
078337
078338
078339
078340
078342
078343
078344
078346
078347
078349
078350
078351
078352
078353
078354
078356
078358
078359
078360
078362
078363
078364
078365
078366
078367
078369
078370
078371
078372
078373
078374
078376
078380
078381
078383
078385
078386
078388
078389
078391
078393
078394
078395
078397
078398
078399
078400
078401
078402
078403
078404
078405
078406
078407
078408
078409
078410
078412
078413
078417
078418
078419
078420
078421
078422
078424
078425
078426
078427
078428
078429
078430
078431
078432
078433
078435
078436
078437
078438
078439
078440
078442
078444
078445
078446
078447
078448
078450
078453
078454
078455
078456
078457
078458
078459
078460
078461
078462
078464
078465
078466
078468
078469
078470
078471
078472
078473
078476
078477
078478
078480
078481
078482
078483
078486
078487
078488
078489
078490
078491
078492
078493
078494
078499
078500
078501
078502
078503
078505
078506
078507
078508
078509
078510
078511
078513
078514
078515
078516
078517
078518
078519
078520
078521
078522
078523
078524
078525
078526
078527
078528
078529
078530
078531
078533
078535
078537
078539
078541
078543
078544
078545
078546
078547
078549
078550
078551
078552
078553
078554
078555
078557
078558
078559
078560
078561
078562
078563
078564
078565
078566
078567
078568
078569
078570
078572
078573
078574
078575
078577
078578
078579
078581
078582
078583
078585
078586
078587
078589
078590
078593
078594
078595
078596
078597
078598
078599
078601
078602
078603
078604
078607
078608
078609
078610
078611
078612
078613
078614
078615
078616
078618
078619
078620
078621
078623
078624
078625
078626
078627
078628
078629
078630
078631
078632
078634
078635
078636
078637
078638
078639
078640
078641
078642
078643
078644
078646
078647
078648
078649
078650
078652
078653
078654
078656
078657
078658
078659
078660
078662
078664
078665
078666
078667
078668
078670
078671
078672
078673
078674
078675
078676
078677
078678
078679
078680
078682
078683
078684
078685
078686
078687
078688
078689
078690
078691
078692
078693
078694
078695
078696
078697
078698
078699
078700
078701
078703
078704
078705
078706
078707
078708
078709
078710
078711
078712
078713
078714
078715
078717
078718
078719
078720
078721
078722
078724
078725
078726
078727
078728
078729
078732
078733
078734
078735
078736
078737
078739
078740
078741
078742
078743
078745
078746
078747
078749
078750
078751
078752
078753
078755
078756
078757
078758
078759
078760
078761
078762
078763
078764
078765
078766
078767
078768
078769
078770
078772
078773
078774
078775
078776
078777
078779
078780
078781
078783
078784
078787
078788
078789
078791
078793
078794
078796
078797
078798
078799
078800
078801
078803
078805
078806
078808
078809
078810
078811
078812
078813
078814
078815
078817
078819
078820
078821
078824
078825
078826
078828
078829
078830
078832
078833
078837
078839
078840
078841
078842
078843
078844
078846
078847
078848
078849
078850
078852
078854
078855
078856
078857
078858
078859
078860
078863
078864
078865
078866
078867
078868
078869
078870
078871
078872
078874
078875
078876
078877
078878
078879
078880
078882
078883
078885
078886
078888
078889
078891
078892
078893
078894
078896
078899
078901
078902
078903
078904
078905
078906
078907
078909
078912
078913
078914
078915
078916
078917
078920
078921
078922
078923
078924
078925
078926
078927
078928
078929
078930
078931
078932
078933
078934
078936
078937
078938
078939
078940
078942
078943
078944
078945
078946
078947
078948
078949
078950
078951
078952
078953
078954
078955
078956
078957
078958
078959
078960
078961
078963
078964
078966
078967
078968
078969
078970
078973
078974
078975
078977
078978
078979
078980
078981
078983
078984
078985
078986
078987
078988
078989
078990
078991
078992
078993
078994
078995
078998
078999
079000
079001
079002
079004
079005
079006
079007
079008
079009
079010
079014
079015
079016
079017
079019
079021
079022
079024
079026
079028
079029
079030
079031
079032
079033
079034
079035
079036
079037
079039
079040
079041
079044
079046
079047
079048
079051
079052
079053
079058
079059
079061
079062
079063
079066
079068
079069
079070
079072
079074
079075
079076
079078
079080
079083
079084
079085
079086
079087
079088
079091
079093
079094
079095
079096
079098
079099
079100
079101
079102
079103
079105
079106
079107
079109
079110
079111
079113
079114
079116
079117
079118
079119
079120
079122
079123
079125
079126
079127
079128
079129
079130
079131
079132
079133
079134
079135
079137
079141
079142
079145
079146
079147
079148
079149
079150
079151
079152
079153
079154
079156
079157
079158
079160
079161
079162
079163
079164
079166
079167
079168
079169
079170
079171
079172
079173
079174
079175
079176
079177
079178
079179
079180
079182
079183
079186
079188
079189
079190
079191
079192
079193
079194
079195
079199
079200
079201
079202
079203
079205
079208
079209
079210
079211
079212
079213
079214
079215
079216
079217
079218
079221
079225
079227
079228
079229
079231
079232
079233
079234
079235
079236
079237
079239
079240
079241
079242
079244
079245
079246
079247
079248
079249
079250
079253
079255
079257
079258
079260
079261
079262
079264
079266
079267
079268
079269
079271
079272
079274
079275
079276
079277
079278
079279
079280
079281
079282
079284
079285
079286
079288
079289
079290
079291
079292
079293
079294
079295
079299
079300
079301
079304
079305
079306
079307
079308
079310
079311
079314
079316
079318
079319
079320
079321
079322
079324
079325
079327
079328
079329
079330
079331
079335
079336
079337
079338
079339
079340
079341
079343
079346
079347
079348
079349
079350
079351
079352
079353
079354
079355
079358
079359
079360
079361
079362
079363
079364
079365
079366
079367
079369
079370
079371
079372
079373
079377
079379
079380
079381
079382
079383
079384
079385
079386
079387
079388
079389
079390
079391
079392
079393
079395
079396
079397
079399
079400
079401
079402
079403
079404
079405
079406
079407
079408
079409
079411
079412
079413
079414
079415
079416
079418
079419
079420
079421
079422
079423
079425
079426
079427
079428
079429
079431
079432
079433
079434
079435
079436
079437
079440
079441
079442
079443
079444
079445
079446
079447
079448
079449
079450
079451
079452
079453
079454
079455
079456
079457
079459
079460
079461
079465
079467
079468
079470
079471
079472
079473
079474
079475
079476
079477
079478
079479
079480
079481
079482
079483
079484
079485
079486
079487
079489
079492
079494
079495
079497
079498
079500
079504
079505
079506
079507
079508
079509
079512
079513
079514
079519
079520
079521
079523
079524
079526
079527
079528
079529
079530
079531
079532
079533
079534
079535
079537
079538
079539
079540
079541
079542
079544
079547
079548
079549
079550
079551
079552
079553
079554
079555
079556
079557
079560
079561
079562
079563
079564
079565
079566
079567
079568
079569
079570
079571
079572
079573
079574
079576
079577
079579
079580
079581
079582
079583
079584
079586
079587
079588
079589
079591
079592
079593
079594
079596
079597
079598
079599
079600
079602
079603
079604
079606
079607
079608
079609
079610
079611
079612
079613
079614
079615
079616
079617
079618
079619
079622
079623
079624
079626
079629
079630
079631
079632
079633
079634
079635
079637
079638
079641
079642
079643
079644
079646
079647
079649
079650
079651
079653
079654
079655
079657
079658
079659
079661
079662
079663
079664
079665
079666
079668
079670
079671
079672
079673
079674
079675
079676
079677
079678
079679
079680
079681
079683
079684
079685
079686
079689
079690
079691
079692
079693
079694
079695
079696
079697
079698
079700
079701
079702
079703
079705
079706
079707
079708
079709
079710
079711
079712
079714
079715
079716
079717
079718
079719
079720
079721
079722
079723
079724
079725
079729
079730
079731
079733
079734
079735
079736
079737
079738
079740
079741
079742
079743
079744
079746
079747
079748
079749
079751
079754
079755
079756
079757
079758
079759
079760
079761
079762
079764
079765
079766
079768
079769
079770
079771
079772
079773
079774
079775
079776
079777
079778
079779
079780
079781
079782
079783
079784
079785
079786
079787
079788
079789
079790
079792
079793
079794
079795
079797
079800
079801
079802
079803
079804
079805
079807
079808
079809
079810
079811
079812
079814
079815
079816
079817
079819
079820
079822
079823
079824
079825
079826
079827
079828
079829
079832
079833
079834
079836
079837
079838
079839
079840
079841
079843
079846
079847
079848
079849
079850
079852
079854
079855
079858
079859
079860
079861
079862
079865
079866
079867
079868
079869
079870
079873
079874
079875
079877
079878
079879
079881
079882
079883
079884
079886
079887
079888
079889
079890
079891
079892
079893
079896
079897
079898
079899
079900
079901
079902
079903
079906
079908
079909
079910
079912
079913
079914
079915
079916
079917
079918
079919
079922
079923
079924
079925
079926
079928
079929
079930
079931
079932
079934
079937
079938
079939
079940
079941
079942
079943
079944
079945
079946
079947
079949
079951
079952
079953
079954
079955
079956
079957
079958
079959
079960
079961
079962
079963
079964
079968
079969
079970
079971
079972
079975
079976
079978
079979
079980
079981
079982
079983
079984
079985
079987
079988
079989
079990
079992
079993
079994
079996
079997
079998
079999
080000
080001
080003
080005
080006
080008
080009
080010
080011
080012
080013
080015
080018
080020
080021
080022
080024
080025
080026
080028
080030
080031
080032
080033
080034
080035
080037
080038
080039
080040
080041
080042
080043
080045
080046
080047
080048
080049
080050
080051
080055
080058
080059
080060
080061
080063
080064
080065
080066
080067
080068
080070
080071
080072
080073
080074
080075
080076
080077
080078
080079
080082
080083
080084
080086
080087
080088
080089
080090
080092
080093
080094
080095
080096
080097
080099
080100
080102
080104
080105
080106
080108
080109
080110
080111
080112
080114
080115
080116
080117
080118
080119
080120
080121
080122
080123
080124
080125
080127
080128
080129
080130
080131
080132
080133
080136
080138
080139
080140
080141
080142
080143
080144
080145
080146
080147
080148
080149
080150
080151
080152
080153
080154
080156
080157
080158
080159
080160
080161
080162
080163
080164
080165
080166
080168
080169
080172
080173
080174
080176
080177
080178
080180
080181
080182
080185
080186
080187
080188
080190
080191
080192
080193
080194
080195
080197
080198
080199
080201
080202
080203
080204
080205
080206
080209
080210
080211
080212
080213
080214
080215
080216
080218
080220
080221
080222
080223
080224
080225
080227
080228
080229
080231
080232
080235
080237
080238
080239
080241
080242
080243
080244
080246
080247
080248
080249
080250
080252
080253
080254
080255
080256
080257
080259
080261
080262
080263
080264
080265
080266
080267
080268
080269
080270
080271
080272
080274
080275
080276
080278
080280
080281
080282
080283
080284
080285
080286
080287
080288
080289
080290
080291
080293
080294
080295
080296
080297
080298
080299
080301
080302
080303
080304
080305
080306
080310
080311
080312
080313
080314
080315
080316
080318
080319
080320
080321
080322
080323
080324
080327
080328
080329
080330
080331
080332
080333
080335
080336
080341
080342
080343
080344
080345
080346
080347
080349
080350
080352
080353
080355
080356
080357
080358
080360
080364
080365
080367
080368
080369
080370
080372
080373
080374
080375
080376
080378
080379
080380
080381
080382
080383
080384
080385
080388
080389
080390
080391
080392
080394
080395
080396
080397
080398
080399
080400
080401
080402
080403
080404
080406
080408
080409
080410
080411
080412
080413
080414
080415
080416
080417
080418
080420
080421
080423
080426
080427
080428
080429
080430
080431
080432
080433
080434
080436
080439
080441
080442
080443
080444
080448
080449
080450
080451
080453
080457
080458
080459
080460
080462
080463
080464
080465
080466
080467
080468
080469
080470
080471
080473
080474
080475
080476
080477
080478
080479
080480
080481
080482
080483
080484
080486
080487
080489
080490
080491
080494
080495
080496
080497
080498
080499
080500
080501
080502
080504
080505
080506
080508
080509
080510
080511
080514
080515
080516
080517
080518
080519
080520
080521
080523
080524
080526
080527
080529
080531
080532
080533
080534
080535
080536
080537
080541
080542
080546
080547
080549
080550
080551
080552
080553
080555
080556
080557
080558
080559
080561
080562
080563
080564
080565
080566
080567
080568
080569
080570
080571
080573
080574
080575
080576
080577
080578
080579
080580
080581
080582
080583
080584
080586
080587
080589
080590
080592
080593
080594
080595
080596
080598
080599
080600
080601
080603
080604
080606
080607
080608
080609
080610
080612
080613
080614
080616
080618
080619
080620
080621
080622
080624
080625
080627
080628
080630
080631
080632
080633
080634
080635
080637
080638
080639
080642
080643
080644
080645
080647
080648
080649
080650
080652
080653
080654
080655
080656
080657
080658
080659
080661
080662
080663
080664
080665
080666
080667
080668
080669
080670
080671
080672
080673
080674
080675
080676
080677
080678
080679
080680
080681
080682
080683
080684
080685
080687
080691
080692
080693
080695
080696
080697
080698
080700
080701
080702
080703
080704
080706
080707
080709
080710
080712
080713
080714
080715
080716
080718
080719
080720
080721
080722
080724
080725
080726
080727
080728
080729
080730
080731
080732
080733
080735
080737
080738
080739
080740
080741
080742
080743
080744
080745
080746
080747
080748
080749
080750
080751
080753
080754
080757
080758
080759
080760
080761
080762
080763
080764
080765
080766
080767
080768
080769
080770
080772
080773
080774
080775
080776
080777
080778
080779
080780
080781
080782
080784
080785
080786
080788
080790
080791
080793
080794
080795
080796
080797
080798
080799
080801
080803
080804
080805
080806
080807
080808
080810
080811
080812
080813
080814
080815
080816
080817
080819
080820
080822
080823
080824
080825
080826
080827
080828
080829
080830
080831
080832
080833
080835
080836
080837
080838
080839
080841
080842
080843
080844
080845
080846
080847
080849
080851
080852
080854
080856
080857
080858
080859
080861
080863
080865
080866
080867
080868
080869
080870
080871
080872
080874
080875
080876
080877
080878
080879
080880
080884
080885
080886
080888
080890
080891
080894
080895
080896
080897
080898
080899
080900
080901
080902
080903
080904
080905
080906
080907
080908
080909
080912
080913
080915
080916
080917
080918
080919
080920
080921
080922
080925
080926
080928
080929
080930
080934
080937
080939
080943
080944
080945
080947
080950
080951
080953
080954
080955
080956
080957
080958
080959
080962
080963
080964
080965
080966
080969
080970
080973
080974
080975
080978
080980
080981
080982
080984
080985
080986
080987
080988
080989
080990
080991
080992
080993
080994
080995
080996
080999
081001
081003
081004
081006
081007
081008
081009
081010
081011
081012
081014
081015
081016
081017
081020
081022
081023
081025
081026
081030
081031
081032
081033
081034
081035
081036
081038
081039
081040
081043
081044
081045
081047
081048
081049
081050
081051
081052
081053
081054
081055
081057
081058
081059
081062
081063
081064
081066
081067
081068
081070
081071
081072
081073
081074
081075
081076
081077
081078
081079
081080
081082
081083
081084
081085
081086
081087
081089
081090
081093
081094
081095
081097
081098
081100
081103
081104
081105
081106
081107
081108
081109
081110
081111
081112
081113
081115
081116
081118
081120
081122
081123
081124
081125
081126
081127
081128
081129
081130
081131
081133
081134
081135
081136
081137
081139
081140
081144
081145
081147
081149
081150
081151
081152
081153
081154
081156
081157
081158
081160
081161
081162
081163
081164
081165
081166
081167
081168
081169
081172
081173
081174
081175
081176
081177
081178
081179
081180
081182
081183
081184
081185
081187
081188
081189
081190
081191
081192
081193
081196
081197
081198
081199
081200
081201
081202
081206
081207
081208
081209
081210
081211
081212
081213
081214
081216
081218
081220
081221
081222
081223
081224
081225
081226
081227
081228
081229
081232
081233
081234
081235
081236
081237
081238
081241
081242
081243
081244
081246
081248
081250
081251
081252
081253
081254
081255
081256
081257
081261
081263
081264
081265
081267
081268
081269
081270
081271
081272
081273
081274
081275
081277
081278
081279
081281
081282
081284
081285
081287
081288
081289
081290
081291
081293
081295
081296
081297
081299
081300
081301
081302
081303
081304
081305
081307
081308
081309
081311
081312
081313
081314
081317
081319
081320
081321
081322
081323
081324
081325
081326
081327
081328
081329
081330
081331
081333
081334
081335
081336
081338
081339
081340
081341
081342
081343
081344
081345
081346
081349
081350
081351
081352
081353
081354
081355
081356
081357
081358
081359
081360
081361
081363
081364
081365
081366
081367
081368
081369
081370
081371
081372
081373
081374
081376
081377
081378
081379
081380
081381
081384
081385
081387
081389
081390
081391
081392
081393
081395
081397
081398
081399
081400
081401
081402
081403
081404
081406
081407
081408
081409
081410
081412
081413
081414
081416
081417
081418
081419
081420
081421
081423
081424
081425
081426
081427
081428
081429
081430
081431
081432
081433
081434
081435
081436
081438
081439
081440
081441
081443
081444
081445
081446
081448
081449
081450
081451
081452
081454
081456
081457
081458
081459
081460
081461
081462
081463
081464
081465
081467
081468
081470
081471
081472
081473
081474
081475
081477
081478
081479
081481
081482
081483
081484
081486
081488
081490
081491
081492
081493
081494
081496
081497
081498
081499
081500
081501
081502
081503
081504
081506
081507
081511
081512
081513
081514
081515
081516
081517
081520
081521
081522
081523
081524
081526
081527
081528
081529
081530
081531
081532
081533
081534
081535
081536
081537
081539
081540
081541
081543
081544
081547
081548
081550
081552
081553
081554
081555
081557
081558
081560
081561
081562
081563
081564
081565
081566
081567
081568
081570
081571
081572
081573
081575
081576
081577
081578
081580
081581
081582
081584
081585
081586
081587
081588
081590
081591
081592
081593
081594
081596
081597
081598
081600
081601
081602
081603
081604
081605
081606
081607
081608
081611
081612
081613
081614
081615
081619
081621
081622
081623
081624
081625
081626
081627
081628
081630
081631
081632
081633
081634
081635
081636
081637
081639
081640
081641
081642
081645
081646
081647
081648
081649
081650
081651
081653
081654
081655
081656
081658
081660
081661
081662
081663
081664
081666
081667
081668
081669
081670
081673
081674
081675
081676
081677
081679
081681
081682
081683
081684
081687
081689
081690
081691
081692
081695
081696
081698
081700
081701
081703
081704
081705
081706
081707
081709
081710
081711
081712
081713
081714
081715
081718
081719
081720
081722
081723
081724
081725
081726
081727
081728
081729
081730
081731
081732
081733
081735
081736
081737
081738
081739
081740
081741
081742
081743
081744
081745
081746
081748
081749
081750
081752
081753
081755
081756
081758
081760
081761
081763
081764
081765
081766
081769
081770
081771
081772
081773
081774
081775
081777
081780
081781
081782
081783
081784
081785
081786
081787
081788
081789
081790
081792
081793
081794
081795
081797
081799
081800
081802
081803
081805
081807
081808
081809
081810
081811
081813
081814
081816
081818
081819
081820
081821
081824
081825
081826
081827
081829
081830
081831
081832
081833
081834
081835
081836
081837
081839
081840
081842
081844
081845
081846
081847
081848
081849
081850
081851
081852
081854
081857
081858
081859
081861
081863
081864
081865
081866
081867
081869
081870
081871
081872
081873
081874
081875
081876
081877
081878
081879
081880
081881
081882
081884
081885
081886
081887
081888
081889
081891
081892
081893
081894
081895
081896
081897
081898
081899
081900
081901
081902
081903
081904
081905
081906
081907
081908
081909
081910
081911
081913
081914
081916
081918
081919
081920
081921
081922
081923
081924
081925
081926
081927
081928
081929
081930
081931
081932
081933
081934
081935
081936
081937
081939
081940
081943
081944
081945
081946
081947
081949
081950
081951
081952
081953
081954
081955
081957
081958
081959
081960
081962
081963
081964
081965
081966
081967
081968
081970
081971
081972
081973
081976
081977
081978
081980
081982
081983
081984
081985
081986
081987
081988
081989
081990
081991
081992
081993
081994
081995
081997
081998
081999
082000
082001
082002
082003
082004
082005
082006
082007
082008
082009
082010
082011
082012
082013
082014
082015
082016
082017
082019
082020
082021
082022
082023
082024
082025
082027
082028
082029
082030
082031
082032
082033
082034
082035
082036
082037
082038
082039
082040
082041
082042
082043
082044
082045
082046
082047
082048
082049
082050
082051
082052
082053
082055
082056
082057
082058
082059
082060
082061
082062
082064
082065
082066
082068
082069
082070
082071
082072
082073
082074
082075
082076
082077
082078
082079
082080
082081
082084
082085
082086
082087
082088
082091
082092
082093
082094
082096
082097
082098
082099
082100
082101
082104
082108
082109
082110
082112
082113
082114
082115
082116
082117
082118
082119
082120
082121
082122
082123
082124
082126
082128
082129
082130
082131
082132
082133
082134
082135
082136
082137
082139
082140
082141
082142
082143
082146
082148
082149
082150
082151
082153
082157
082159
082160
082161
082162
082163
082164
082165
082166
082168
082170
082171
082172
082173
082174
082175
082177
082178
082179
082180
082181
082182
082183
082185
082187
082188
082189
082190
082191
082192
082193
082194
082196
082198
082199
082200
082201
082202
082203
082204
082206
082207
082208
082209
082210
082211
082212
082213
082214
082216
082218
082220
082221
082222
082223
082224
082225
082226
082227
082228
082229
082230
082231
082233
082234
082235
082236
082237
082239
082240
082241
082243
082244
082245
082246
082247
082250
082251
082252
082253
082254
082255
082256
082257
082258
082259
082260
082261
082262
082263
082264
082266
082267
082269
082272
082273
082275
082276
082277
082279
082280
082281
082282
082283
082284
082285
082286
082288
082290
082291
082292
082293
082294
082295
082296
082298
082299
082300
082301
082302
082303
082304
082305
082306
082307
082308
082309
082310
082311
082312
082313
082314
082315
082316
082317
082318
082320
082321
082322
082323
082324
082325
082326
082327
082328
082329
082330
082331
082332
082333
082335
082336
082337
082339
082341
082342
082344
082345
082347
082348
082350
082352
082353
082354
082355
082356
082357
082358
082360
082361
082362
082363
082364
082367
082368
082370
082371
082372
082373
082375
082376
082378
082379
082383
082384
082385
082386
082387
082388
082389
082390
082391
082392
082393
082394
082395
082397
082398
082399
082400
082402
082403
082404
082405
082406
082407
082409
082411
082412
082413
082414
082415
082416
082418
082419
082420
082421
082423
082425
082426
082427
082428
082429
082430
082431
082432
082433
082434
082435
082436
082437
082438
082439
082440
082441
082442
082443
082444
082445
082446
082447
082448
082449
082450
082451
082452
082453
082455
082456
082457
082459
082460
082462
082463
082465
082466
082467
082468
082470
082471
082472
082473
082474
082476
082477
082478
082479
082480
082481
082482
082483
082484
082485
082486
082487
082489
082490
082491
082492
082494
082495
082496
082497
082498
082499
082500
082501
082502
082505
082506
082507
082508
082509
082510
082511
082514
082515
082517
082518
082519
082521
082522
082523
082524
082525
082527
082528
082531
082532
082533
082536
082537
082539
082542
082543
082544
082545
082546
082547
082548
082549
082550
082551
082553
082554
082555
082556
082557
082559
082560
082561
082562
082563
082564
082565
082566
082568
082569
082570
082571
082572
082573
082574
082576
082577
082578
082580
082582
082583
082584
082585
082586
082587
082588
082589
082590
082591
082592
082593
082594
082595
082596
082597
082598
082599
082600
082601
082602
082603
082604
082605
082608
082609
082610
082611
082612
082613
082614
082615
082617
082618
082619
082620
082622
082623
082624
082625
082626
082627
082628
082629
082630
082631
082632
082635
082636
082637
082638
082640
082641
082643
082644
082645
082646
082647
082648
082649
082650
082651
082652
082653
082655
082656
082657
082658
082660
082661
082662
082663
082664
082667
082668
082669
082670
082672
082673
082674
082675
082677
082678
082679
082680
082681
082682
082683
082685
082686
082687
082688
082689
082690
082691
082692
082693
082695
082696
082698
082699
082700
082701
082702
082703
082704
082705
082707
082708
082711
082712
082715
082716
082717
082718
082719
082720
082721
082723
082726
082727
082728
082729
082730
082731
082732
082733
082734
082736
082738
082741
082743
082744
082745
082746
082747
082748
082750
082751
082753
082755
082758
082759
082760
082761
082764
082765
082766
082767
082768
082769
082770
082772
082773
082775
082776
082777
082779
082780
082781
082782
082783
082784
082785
082786
082787
082788
082789
082790
082793
082795
082796
082799
082800
082801
082802
082803
082804
082805
082806
082807
082809
082810
082812
082814
082816
082817
082818
082819
082820
082821
082823
082824
082825
082826
082827
082828
082829
082831
082832
082833
082835
082836
082837
082838
082839
082840
082841
082842
082843
082844
082847
082848
082849
082850
082851
082852
082853
082854
082855
082856
082859
082860
082861
082862
082863
082864
082865
082866
082867
082868
082869
082871
082872
082873
082875
082877
082878
082879
082880
082881
082882
082883
082884
082885
082886
082887
082888
082889
082890
082892
082893
082894
082895
082896
082898
082899
082900
082901
082902
082903
082904
082905
082906
082907
082908
082909
082910
082911
082912
082913
082914
082915
082916
082917
082918
082919
082920
082921
082923
082925
082926
082927
082928
082930
082931
082933
082934
082935
082936
082937
082939
082940
082941
082942
082943
082944
082946
082947
082950
082951
082952
082953
082955
082956
082957
082958
082959
082960
082965
082966
082967
082969
082970
082971
082973
082974
082975
082976
082977
082979
082980
082981
082983
082984
082985
082986
082987
082989
082991
082993
082994
082995
082996
082997
082998
082999
083001
083002
083003
083004
083005
083006
083007
083008
083009
083010
083012
083014
083015
083016
083017
083018
083020
083021
083022
083023
083024
083026
083027
083028
083029
083030
083031
083032
083033
083034
083035
083036
083039
083040
083041
083042
083043
083044
083045
083046
083047
083049
083050
083053
083054
083055
083056
083057
083058
083059
083060
083061
083063
083064
083065
083066
083067
083068
083069
083072
083073
083074
083075
083077
083078
083079
083081
083082
083083
083084
083085
083087
083088
083089
083090
083091
083093
083095
083096
083097
083098
083100
083101
083102
083103
083104
083105
083106
083108
083109
083110
083111
083112
083113
083114
083116
083117
083119
083120
083122
083123
083124
083125
083128
083129
083130
083132
083133
083134
083136
083137
083138
083139
083140
083141
083142
083143
083144
083146
083148
083149
083150
083151
083153
083154
083155
083156
083157
083158
083159
083160
083161
083162
083163
083164
083165
083166
083167
083168
083169
083170
083171
083172
083173
083175
083176
083177
083178
083179
083180
083181
083183
083184
083185
083186
083188
083189
083191
083192
083193
083194
083195
083197
083198
083199
083200
083201
083202
083203
083204
083206
083207
083208
083209
083210
083212
083213
083214
083215
083217
083218
083219
083221
083222
083223
083224
083226
083227
083228
083229
083230
083231
083232
083234
083235
083236
083237
083239
083240
083241
083242
083243
083244
083245
083246
083247
083248
083249
083250
083251
083252
083253
083255
083256
083258
083260
083261
083262
083263
083264
083265
083266
083267
083269
083270
083271
083274
083278
083279
083280
083281
083282
083284
083286
083288
083289
083290
083292
083293
083295
083296
083297
083298
083299
083301
083302
083303
083304
083306
083307
083308
083309
083310
083311
083312
083313
083314
083315
083317
083318
083320
083322
083323
083326
083327
083328
083329
083330
083331
083333
083334
083337
083338
083339
083340
083341
083342
083344
083346
083347
083348
083349
083350
083351
083352
083354
083355
083356
083358
083359
083360
083362
083363
083364
083365
083367
083368
083369
083370
083371
083372
083374
083376
083377
083378
083379
083380
083381
083382
083384
083385
083386
083388
083389
083392
083394
083395
083396
083397
083398
083399
083401
083406
083407
083409
083410
083411
083413
083415
083416
083418
083419
083420
083421
083424
083425
083426
083427
083428
083429
083430
083431
083432
083433
083434
083435
083436
083437
083438
083439
083440
083441
083442
083445
083448
083451
083452
083453
083454
083455
083456
083457
083458
083460
083461
083462
083463
083464
083465
083466
083467
083468
083469
083470
083471
083472
083474
083475
083476
083478
083480
083481
083482
083483
083484
083485
083486
083488
083489
083491
083492
083493
083494
083495
083496
083497
083498
083500
083501
083502
083503
083504
083505
083506
083507
083509
083510
083512
083514
083515
083516
083518
083520
083521
083523
083525
083526
083528
083530
083531
083532
083533
083534
083536
083538
083539
083540
083541
083542
083543
083544
083546
083548
083549
083550
083551
083552
083554
083556
083559
083560
083561
083562
083563
083564
083565
083566
083567
083568
083569
083570
083571
083572
083574
083576
083577
083579
083581
083582
083585
083586
083587
083588
083589
083590
083591
083592
083594
083595
083596
083597
083598
083599
083602
083604
083605
083606
083607
083609
083610
083611
083612
083613
083614
083615
083616
083617
083619
083620
083621
083622
083624
083625
083627
083628
083629
083630
083632
083633
083634
083636
083637
083638
083639
083640
083642
083643
083644
083646
083647
083648
083650
083651
083653
083654
083655
083656
083657
083658
083659
083660
083661
083662
083663
083666
083667
083668
083669
083670
083671
083673
083674
083675
083677
083678
083679
083680
083681
083682
083683
083686
083687
083688
083689
083691
083693
083694
083696
083697
083698
083699
083700
083701
083702
083703
083705
083707
083708
083710
083711
083712
083714
083715
083716
083717
083719
083720
083721
083722
083723
083724
083725
083726
083727
083728
083729
083730
083731
083733
083735
083736
083737
083738
083739
083740
083742
083743
083745
083746
083747
083748
083749
083750
083752
083753
083754
083755
083756
083757
083759
083760
083761
083762
083763
083764
083765
083766
083768
083769
083770
083772
083773
083774
083775
083776
083777
083778
083779
083780
083781
083782
083783
083785
083786
083788
083789
083790
083791
083792
083793
083795
083797
083798
083799
083800
083801
083802
083803
083804
083806
083808
083810
083811
083812
083814
083816
083817
083818
083821
083822
083823
083825
083826
083827
083828
083829
083830
083831
083832
083833
083835
083836
083837
083838
083839
083840
083841
083842
083843
083844
083845
083846
083847
083848
083849
083850
083851
083852
083853
083854
083855
083858
083861
083862
083864
083866
083868
083869
083870
083871
083872
083873
083874
083876
083877
083878
083879
083880
083881
083882
083883
083884
083885
083886
083888
083889
083890
083891
083892
083893
083894
083895
083899
083900
083901
083902
083903
083904
083905
083906
083907
083908
083909
083910
083911
083913
083914
083915
083917
083918
083919
083920
083921
083922
083923
083924
083925
083926
083927
083928
083929
083930
083931
083934
083936
083937
083939
083941
083942
083943
083944
083945
083948
083949
083950
083951
083953
083954
083956
083957
083958
083959
083960
083962
083963
083964
083965
083966
083967
083968
083969
083970
083971
083972
083974
083975
083976
083977
083978
083979
083982
083984
083985
083986
083987
083988
083989
083991
083992
083993
083996
083997
083998
083999
084000
084001
084002
084005
084007
084008
084010
084011
084012
084013
084014
084015
084016
084017
084018
084019
084020
084023
084024
084026
084027
084028
084029
084030
084031
084033
084034
084035
084036
084038
084039
084041
084042
084044
084045
084046
084047
084048
084049
084050
084052
084053
084056
084057
084058
084060
084061
084062
084063
084064
084067
084068
084069
084072
084073
084074
084075
084076
084077
084079
084080
084081
084082
084084
084085
084087
084088
084089
084091
084093
084094
084095
084096
084097
084098
084099
084100
084101
084102
084103
084104
084105
084107
084108
084109
084110
084111
084112
084113
084115
084116
084117
084118
084119
084120
084121
084122
084123
084124
084125
084126
084127
084128
084129
084130
084131
084132
084133
084134
084135
084137
084138
084139
084141
084142
084143
084144
084145
084147
084148
084149
084150
084151
084152
084153
084155
084157
084158
084159
084160
084161
084162
084163
084164
084165
084167
084168
084169
084170
084171
084172
084177
084179
084180
084181
084182
084183
084184
084185
084187
084188
084189
084190
084191
084192
084193
084194
084195
084196
084197
084198
084199
084201
084202
084204
084205
084207
084210
084212
084213
084215
084216
084217
084218
084219
084220
084221
084222
084224
084228
084229
084230
084232
084233
084234
084236
084237
084239
084240
084241
084242
084243
084244
084245
084246
084247
084248
084249
084250
084251
084252
084254
084255
084256
084257
084259
084260
084261
084262
084263
084264
084265
084266
084267
084268
084269
084272
084273
084274
084276
084278
084280
084281
084282
084283
084284
084285
084286
084287
084289
084290
084292
084293
084294
084295
084296
084298
084299
084302
084303
084304
084305
084306
084309
084310
084311
084312
084313
084314
084315
084317
084319
084320
084321
084322
084324
084326
084327
084328
084329
084330
084333
084334
084336
084337
084339
084340
084341
084342
084343
084344
084345
084346
084347
084348
084349
084350
084351
084352
084353
084355
084356
084359
084360
084363
084364
084365
084366
084367
084368
084369
084370
084371
084372
084374
084375
084376
084377
084378
084379
084380
084383
084385
084387
084389
084390
084392
084393
084394
084395
084396
084397
084398
084399
084400
084401
084402
084403
084405
084406
084407
084408
084409
084410
084411
084415
084416
084417
084419
084420
084423
084427
084428
084429
084430
084431
084432
084433
084434
084435
084437
084438
084440
084442
084443
084444
084445
084446
084447
084449
084450
084451
084452
084453
084454
084456
084457
084458
084460
084462
084463
084464
084466
084467
084468
084469
084470
084471
084473
084475
084476
084477
084478
084479
084480
084481
084482
084483
084484
084486
084487
084488
084489
084490
084491
084492
084493
084494
084495
084497
084498
084499
084500
084501
084502
084503
084504
084505
084506
084508
084509
084510
084512
084513
084515
084517
084519
084520
084521
084522
084523
084525
084526
084527
084529
084530
084531
084532
084533
084534
084535
084536
084538
084539
084540
084541
084542
084545
084546
084547
084548
084549
084550
084551
084552
084553
084554
084556
084557
084558
084559
084560
084563
084564
084565
084566
084567
084568
084569
084570
084571
084572
084573
084574
084575
084576
084577
084578
084579
084580
084581
084582
084584
084587
084588
084589
084590
084591
084592
084593
084594
084596
084597
084598
084599
084601
084602
084603
084604
084607
084608
084609
084610
084611
084612
084613
084614
084615
084616
084617
084618
084619
084620
084621
084622
084626
084627
084628
084629
084631
084632
084633
084634
084636
084637
084638
084639
084640
084641
084644
084645
084646
084649
084650
084651
084652
084654
084655
084657
084658
084659
084660
084661
084662
084663
084664
084665
084666
084667
084668
084669
084670
084671
084673
084674
084675
084676
084677
084679
084681
084682
084683
084684
084685
084687
084689
084690
084691
084692
084693
084695
084696
084698
084700
084701
084702
084703
084705
084706
084707
084708
084710
084711
084712
084713
084714
084716
084717
084718
084720
084721
084723
084724
084726
084727
084728
084729
084730
084732
084733
084735
084736
084737
084738
084739
084740
084742
084744
084745
084746
084747
084748
084749
084750
084752
084754
084755
084756
084757
084759
084761
084762
084763
084764
084765
084766
084767
084768
084769
084770
084771
084772
084773
084774
084775
084776
084778
084779
084780
084781
084782
084783
084784
084785
084786
084787
084788
084789
084790
084791
084792
084793
084794
084795
084796
084797
084798
084799
084800
084801
084802
084804
084805
084806
084807
084808
084809
084810
084812
084813
084814
084815
084816
084817
084818
084819
084820
084821
084823
084824
084825
084826
084827
084828
084830
084831
084832
084833
084834
084835
084836
084837
084839
084840
084842
084845
084846
084848
084849
084850
084851
084852
084853
084854
084855
084856
084857
084858
084859
084860
084861
084863
084867
084868
084869
084870
084871
084872
084873
084874
084875
084876
084877
084881
084882
084883
084884
084885
084886
084887
084888
084891
084892
084893
084894
084896
084897
084898
084899
084900
084901
084902
084903
084904
084905
084906
084907
084909
084911
084912
084914
084915
084916
084917
084918
084919
084920
084921
084923
084924
084925
084926
084927
084930
084931
084933
084934
084936
084937
084939
084940
084941
084942
084943
084946
084949
084950
084951
084953
084954
084955
084956
084957
084959
084960
084961
084962
084963
084964
084967
084969
084971
084972
084973
084974
084976
084978
084980
084981
084983
084984
084985
084986
084987
084989
084990
084993
084994
084996
084998
084999
085000
085001
085003
085004
085006
085007
085009
085011
085012
085013
085014
085015
085016
085020
085021
085023
085024
085025
085027
085028
085029
085030
085031
085032
085033
085034
085035
085036
085037
085039
085040
085041
085042
085044
085045
085047
085048
085052
085053
085054
085055
085056
085058
085059
085060
085061
085062
085063
085064
085065
085066
085069
085070
085072
085075
085076
085077
085078
085079
085080
085081
085082
085083
085084
085085
085086
085087
085088
085089
085090
085093
085094
085095
085096
085097
085099
085100
085101
085102
085104
085105
085106
085107
085108
085109
085110
085111
085112
085113
085114
085115
085116
085117
085118
085121
085122
085123
085125
085126
085127
085130
085131
085132
085133
085136
085137
085138
085139
085142
085143
085144
085145
085146
085147
085148
085149
085150
085151
085153
085154
085155
085156
085157
085158
085160
085161
085162
085163
085164
085165
085166
085168
085169
085170
085171
085172
085173
085174
085176
085177
085178
085179
085180
085181
085182
085183
085185
085186
085188
085189
085190
085191
085192
085193
085195
085198
085199
085200
085201
085206
085208
085209
085210
085212
085214
085215
085216
085218
085220
085221
085223
085225
085226
085227
085228
085229
085230
085231
085232
085233
085234
085235
085236
085238
085240
085242
085244
085245
085246
085247
085252
085256
085257
085259
085260
085261
085262
085263
085265
085266
085267
085268
085269
085270
085272
085273
085275
085276
085277
085278
085279
085282
085283
085284
085285
085287
085288
085289
085290
085291
085292
085293
085294
085295
085296
085297
085298
085299
085300
085301
085302
085303
085304
085305
085307
085309
085312
085313
085314
085317
085319
085320
085323
085324
085325
085326
085327
085328
085329
085330
085331
085332
085333
085336
085337
085338
085340
085341
085342
085344
085345
085346
085347
085348
085349
085351
085352
085353
085354
085355
085356
085357
085358
085359
085360
085361
085362
085363
085364
085365
085366
085367
085368
085369
085370
085371
085372
085373
085376
085377
085378
085379
085380
085383
085386
085388
085389
085392
085393
085394
085395
085396
085397
085398
085400
085401
085402
085403
085404
085405
085407
085408
085409
085410
085411
085412
085413
085415
085416
085417
085418
085421
085422
085423
085424
085425
085426
085427
085428
085429
085430
085431
085432
085434
085435
085436
085437
085438
085439
085440
085441
085442
085443
085444
085445
085446
085447
085448
085449
085450
085452
085453
085454
085455
085456
085457
085458
085461
085462
085466
085467
085468
085469
085471
085472
085473
085474
085476
085477
085478
085479
085480
085482
085483
085484
085486
085488
085489
085490
085491
085492
085494
085495
085496
085498
085499
085500
085501
085503
085504
085506
085507
085508
085509
085510
085511
085512
085513
085514
085516
085517
085518
085519
085520
085521
085522
085523
085524
085526
085529
085530
085531
085532
085533
085534
085535
085538
085539
085540
085541
085542
085543
085544
085545
085548
085549
085550
085551
085552
085553
085554
085557
085558
085559
085560
085562
085563
085565
085568
085569
085570
085571
085572
085573
085574
085576
085578
085579
085580
085581
085582
085584
085585
085586
085587
085589
085590
085591
085592
085593
085594
085595
085596
085597
085598
085599
085600
085601
085602
085603
085604
085605
085606
085607
085608
085611
085612
085613
085615
085616
085617
085618
085620
085622
085624
085625
085626
085627
085629
085630
085631
085633
085634
085635
085636
085637
085638
085639
085640
085641
085642
085643
085644
085645
085647
085648
085649
085650
085651
085652
085654
085655
085656
085657
085658
085659
085660
085661
085663
085664
085666
085667
085668
085669
085670
085671
085673
085674
085675
085676
085677
085678
085679
085682
085683
085684
085685
085686
085689
085690
085691
085692
085693
085694
085695
085698
085699
085701
085702
085703
085704
085705
085706
085707
085708
085709
085710
085711
085713
085714
085715
085716
085717
085718
085720
085721
085722
085724
085727
085728
085729
085730
085732
085733
085734
085735
085736
085737
085738
085740
085741
085742
085743
085744
085745
085746
085747
085748
085749
085750
085751
085755
085756
085758
085759
085760
085761
085762
085764
085765
085766
085767
085768
085769
085770
085771
085772
085773
085774
085775
085777
085778
085780
085781
085784
085786
085787
085788
085789
085791
085792
085793
085794
085795
085796
085797
085800
085802
085803
085804
085808
085809
085811
085812
085813
085814
085815
085816
085817
085818
085819
085820
085821
085822
085823
085824
085825
085828
085829
085830
085831
085832
085833
085834
085835
085836
085837
085838
085839
085842
085843
085846
085847
085849
085850
085851
085852
085853
085854
085856
085857
085858
085859
085860
085861
085862
085864
085865
085866
085867
085868
085869
085870
085871
085872
085873
085874
085875
085876
085877
085878
085879
085880
085881
085882
085883
085884
085885
085887
085888
085889
085891
085893
085894
085895
085896
085897
085898
085902
085903
085904
085906
085907
085909
085911
085912
085914
085915
085916
085917
085918
085919
085920
085921
085923
085924
085925
085926
085928
085929
085931
085932
085933
085934
085935
085937
085938
085939
085940
085941
085942
085943
085944
085945
085946
085947
085950
085952
085953
085956
085957
085958
085959
085960
085962
085963
085965
085966
085967
085968
085969
085970
085971
085973
085974
085975
085976
085977
085978
085979
085980
085981
085984
085986
085987
085988
085989
085990
085991
085993
085995
085996
085997
085998
085999
086000
086001
086002
086003
086004
086005
086006
086007
086008
086009
086010
086011
086012
086013
086014
086015
086016
086017
086018
086019
086020
086021
086022
086024
086025
086026
086028
086029
086030
086031
086032
086033
086034
086035
086036
086037
086038
086039
086040
086041
086042
086043
086044
086045
086047
086051
086052
086053
086054
086056
086057
086060
086062
086063
086064
086065
086066
086068
086069
086070
086072
086073
086074
086076
086078
086080
086082
086083
086085
086086
086087
086088
086089
086090
086091
086092
086093
086094
086096
086098
086099
086100
086102
086103
086106
086107
086108
086109
086110
086112
086113
086114
086115
086119
086120
086121
086122
086124
086125
086126
086129
086130
086133
086135
086136
086138
086139
086140
086141
086142
086143
086144
086145
086146
086147
086148
086149
086150
086151
086152
086153
086154
086155
086156
086157
086158
086160
086161
086162
086164
086165
086166
086167
086168
086169
086170
086172
086174
086175
086176
086177
086179
086181
086182
086183
086185
086186
086187
086189
086190
086191
086193
086194
086195
086196
086197
086198
086199
086202
086203
086205
086206
086207
086208
086209
086211
086212
086213
086215
086216
086217
086218
086219
086220
086221
086222
086223
086225
086226
086228
086229
086231
086232
086234
086235
086236
086237
086238
086239
086240
086241
086242
086244
086245
086246
086247
086248
086250
086252
086254
086255
086256
086257
086258
086259
086260
086261
086262
086263
086264
086265
086267
086268
086269
086270
086271
086272
086273
086274
086275
086276
086279
086281
086282
086283
086284
086286
086287
086288
086292
086293
086294
086295
086297
086298
086299
086300
086301
086303
086304
086306
086308
086309
086311
086313
086314
086315
086318
086319
086320
086322
086323
086325
086327
086329
086330
086331
086332
086333
086334
086337
086338
086339
086340
086341
086342
086343
086344
086345
086346
086348
086349
086350
086351
086353
086355
086356
086357
086358
086359
086360
086361
086362
086363
086365
086366
086367
086368
086369
086371
086374
086375
086376
086377
086378
086379
086380
086381
086383
086384
086385
086386
086387
086388
086389
086390
086391
086393
086394
086395
086396
086397
086398
086399
086401
086402
086404
086405
086406
086407
086408
086409
086410
086411
086412
086414
086415
086416
086417
086418
086420
086421
086422
086424
086425
086426
086427
086429
086430
086431
086432
086434
086435
086436
086437
086438
086440
086441
086443
086444
086446
086448
086449
086450
086451
086452
086453
086454
086455
086456
086457
086459
086461
086462
086463
086464
086465
086466
086467
086469
086470
086471
086472
086473
086474
086475
086476
086477
086478
086480
086482
086483
086484
086485
086487
086488
086489
086490
086491
086492
086493
086494
086495
086496
086497
086498
086499
086500
086501
086502
086503
086504
086505
086506
086507
086509
086510
086512
086515
086516
086518
086519
086521
086522
086523
086525
086526
086527
086528
086529
086530
086531
086532
086533
086534
086536
086537
086539
086540
086541
086543
086545
086546
086547
086548
086549
086550
086551
086552
086553
086554
086555
086559
086560
086561
086562
086564
086566
086568
086570
086571
086572
086573
086574
086575
086579
086580
086582
086583
086585
086587
086589
086590
086592
086593
086594
086596
086597
086598
086600
086601
086602
086604
086606
086607
086609
086610
086611
086613
086614
086616
086619
086621
086622
086623
086624
086625
086627
086628
086629
086630
086631
086632
086633
086634
086636
086638
086639
086642
086643
086644
086647
086650
086651
086652
086656
086657
086658
086659
086661
086662
086663
086664
086666
086667
086668
086669
086670
086671
086672
086673
086674
086675
086676
086677
086678
086679
086681
086682
086683
086684
086685
086686
086687
086688
086689
086690
086691
086692
086693
086696
086697
086698
086699
086700
086701
086702
086703
086704
086706
086709
086710
086711
086712
086713
086715
086716
086717
086718
086719
086720
086721
086722
086723
086724
086726
086728
086729
086730
086731
086733
086734
086735
086736
086738
086739
086740
086741
086742
086743
086744
086745
086746
086747
086748
086749
086750
086751
086753
086754
086755
086756
086757
086758
086759
086760
086761
086765
086766
086768
086769
086770
086771
086772
086773
086776
086777
086778
086779
086780
086781
086782
086783
086784
086785
086786
086787
086788
086789
086790
086791
086793
086794
086795
086798
086799
086801
086802
086805
086806
086807
086808
086809
086810
086811
086812
086814
086816
086818
086819
086820
086821
086823
086824
086825
086826
086827
086828
086830
086831
086832
086834
086835
086836
086837
086838
086839
086840
086843
086844
086845
086846
086847
086848
086849
086850
086851
086852
086853
086854
086855
086856
086857
086858
086859
086860
086861
086862
086863
086864
086865
086866
086868
086869
086870
086871
086874
086876
086877
086878
086879
086880
086881
086882
086883
086884
086885
086886
086887
086888
086890
086892
086895
086898
086900
086901
086902
086903
086905
086906
086907
086908
086909
086910
086912
086913
086914
086915
086916
086917
086918
086919
086920
086921
086922
086923
086924
086925
086928
086929
086930
086932
086934
086935
086936
086937
086938
086939
086940
086941
086943
086944
086948
086950
086952
086953
086954
086955
086956
086957
086958
086962
086964
086965
086966
086967
086969
086970
086971
086973
086974
086975
086976
086977
086978
086979
086980
086981
086982
086984
086985
086986
086987
086989
086990
086991
086992
086993
086994
086995
086996
086997
086998
086999
087000
087001
087002
087003
087004
087005
087006
087007
087008
087009
087010
087011
087012
087014
087015
087016
087017
087018
087019
087022
087023
087024
087025
087027
087029
087030
087031
087032
087033
087034
087036
087038
087040
087041
087044
087046
087047
087048
087049
087050
087052
087054
087055
087057
087059
087062
087063
087064
087065
087066
087067
087069
087071
087073
087074
087076
087078
087079
087080
087081
087083
087084
087085
087086
087087
087089
087093
087094
087095
087096
087097
087098
087099
087100
087101
087103
087104
087105
087107
087108
087109
087110
087111
087112
087113
087114
087115
087116
087117
087118
087119
087120
087121
087122
087123
087124
087125
087126
087128
087129
087130
087131
087132
087133
087134
087135
087136
087137
087139
087140
087141
087143
087144
087146
087147
087148
087149
087150
087151
087152
087154
087155
087157
087158
087159
087160
087161
087163
087164
087165
087166
087168
087169
087170
087171
087172
087175
087176
087177
087178
087179
087181
087182
087183
087185
087186
087188
087189
087190
087191
087192
087193
087194
087195
087197
087198
087199
087200
087201
087202
087204
087205
087206
087207
087211
087212
087214
087215
087216
087217
087218
087219
087220
087221
087222
087223
087224
087225
087226
087227
087228
087229
087230
087233
087234
087235
087236
087237
087239
087240
087241
087242
087243
087244
087245
087246
087247
087248
087249
087250
087251
087252
087253
087254
087255
087256
087257
087258
087263
087264
087266
087267
087268
087269
087270
087271
087272
087273
087274
087275
087276
087277
087279
087280
087282
087283
087285
087286
087287
087288
087289
087290
087291
087292
087293
087295
087296
087297
087299
087300
087301
087302
087303
087305
087306
087307
087308
087309
087310
087311
087312
087313
087314
087315
087316
087317
087318
087319
087320
087321
087323
087324
087325
087326
087327
087328
087331
087332
087333
087334
087335
087336
087337
087338
087339
087340
087341
087342
087343
087344
087345
087347
087348
087349
087350
087351
087352
087353
087354
087355
087357
087358
087359
087360
087361
087363
087364
087365
087366
087368
087369
087371
087372
087373
087374
087375
087376
087377
087378
087380
087381
087382
087383
087384
087385
087386
087388
087390
087391
087392
087393
087396
087397
087399
087400
087402
087404
087405
087407
087409
087410
087411
087412
087413
087415
087417
087418
087419
087420
087421
087423
087424
087425
087426
087427
087428
087429
087430
087432
087433
087434
087435
087436
087438
087439
087440
087441
087442
087443
087444
087445
087446
087447
087448
087449
087450
087451
087453
087454
087455
087456
087458
087459
087460
087461
087462
087463
087464
087466
087468
087469
087470
087471
087472
087473
087474
087475
087476
087477
087478
087479
087480
087481
087482
087483
087484
087485
087486
087487
087488
087490
087491
087492
087493
087494
087495
087498
087499
087500
087501
087502
087503
087504
087505
087508
087509
087510
087511
087512
087513
087515
087516
087517
087518
087519
087520
087521
087522
087523
087524
087525
087526
087528
087529
087530
087531
087532
087534
087536
087537
087538
087539
087540
087541
087542
087545
087546
087547
087548
087550
087551
087552
087553
087554
087555
087556
087559
087560
087562
087564
087567
087568
087569
087571
087572
087573
087576
087577
087578
087579
087580
087581
087583
087584
087585
087586
087587
087588
087589
087590
087591
087592
087593
087596
087598
087599
087600
087603
087606
087608
087609
087610
087611
087612
087613
087614
087615
087616
087617
087618
087621
087622
087626
087627
087628
087629
087630
087631
087632
087633
087636
087637
087638
087639
087640
087641
087642
087643
087644
087645
087646
087647
087648
087649
087650
087652
087653
087654
087656
087657
087658
087661
087663
087665
087666
087667
087669
087670
087671
087672
087673
087675
087677
087678
087679
087680
087681
087682
087683
087684
087685
087687
087688
087689
087690
087691
087694
087695
087697
087698
087699
087700
087701
087702
087704
087705
087707
087708
087709
087710
087711
087712
087713
087714
087717
087718
087722
087723
087724
087725
087726
087728
087729
087730
087731
087732
087733
087734
087736
087737
087738
087739
087740
087741
087742
087743
087744
087746
087747
087748
087749
087750
087751
087752
087753
087754
087755
087757
087759
087761
087762
087763
087765
087766
087767
087768
087769
087770
087771
087772
087773
087774
087775
087776
087778
087779
087780
087781
087783
087784
087785
087786
087787
087788
087789
087790
087791
087792
087794
087795
087796
087799
087801
087802
087803
087804
087805
087806
087807
087809
087810
087811
087812
087813
087814
087815
087816
087817
087818
087819
087821
087822
087823
087827
087828
087829
087830
087831
087832
087833
087835
087836
087837
087838
087839
087840
087841
087842
087843
087844
087845
087846
087847
087848
087850
087853
087854
087855
087856
087857
087858
087859
087860
087861
087862
087863
087864
087865
087866
087867
087868
087869
087875
087876
087877
087878
087879
087880
087881
087882
087883
087885
087886
087887
087888
087889
087890
087892
087894
087895
087901
087902
087903
087904
087906
087907
087908
087910
087911
087912
087913
087914
087915
087916
087917
087918
087920
087923
087925
087927
087928
087929
087930
087932
087933
087934
087936
087937
087939
087940
087941
087942
087943
087945
087946
087947
087948
087949
087950
087951
087952
087953
087954
087955
087958
087960
087961
087962
087963
087965
087966
087968
087970
087971
087972
087973
087974
087975
087976
087977
087978
087979
087980
087981
087982
087983
087984
087985
087988
087989
087991
087994
087995
087996
087997
087998
088000
088002
088004
088005
088006
088008
088009
088010
088011
088012
088013
088015
088016
088017
088019
088021
088022
088023
088024
088025
088026
088027
088028
088029
088031
088033
088034
088035
088036
088037
088038
088039
088040
088041
088042
088043
088044
088045
088047
088049
088050
088051
088053
088054
088055
088056
088057
088058
088059
088061
088063
088064
088065
088066
088067
088068
088069
088070
088072
088074
088075
088076
088077
088079
088080
088081
088082
088083
088084
088085
088086
088087
088089
088090
088091
088092
088093
088094
088095
088096
088097
088098
088100
088105
088106
088107
088109
088110
088112
088113
088115
088117
088118
088120
088121
088122
088123
088124
088125
088126
088128
088129
088131
088132
088133
088136
088137
088138
088141
088142
088143
088144
088146
088147
088148
088149
088150
088152
088154
088155
088156
088157
088158
088159
088160
088161
088162
088163
088164
088165
088167
088169
088171
088172
088173
088174
088176
088177
088178
088179
088181
088182
088183
088184
088185
088186
088187
088188
088189
088191
088193
088194
088195
088196
088197
088200
088201
088202
088203
088204
088205
088206
088207
088208
088209
088210
088211
088212
088213
088215
088216
088218
088219
088221
088222
088223
088225
088226
088227
088228
088229
088230
088232
088234
088235
088236
088237
088238
088239
088241
088242
088243
088245
088246
088247
088248
088250
088251
088252
088254
088255
088256
088257
088261
088262
088263
088264
088265
088266
088267
088268
088269
088270
088271
088272
088273
088274
088275
088276
088277
088278
088279
088280
088281
088282
088284
088285
088288
088289
088291
088294
088295
088296
088297
088298
088299
088301
088302
088303
088305
088306
088307
088308
088310
088311
088312
088313
088314
088315
088316
088317
088318
088321
088324
088325
088326
088329
088330
088331
088332
088333
088334
088335
088336
088337
088338
088339
088340
088341
088342
088343
088345
088346
088347
088348
088349
088350
088351
088353
088354
088355
088356
088357
088358
088359
088360
088361
088362
088363
088365
088366
088367
088368
088369
088372
088374
088375
088377
088378
088379
088380
088381
088382
088383
088384
088385
088386
088387
088388
088389
088390
088391
088392
088393
088394
088395
088396
088397
088398
088399
088400
088401
088402
088403
088404
088405
088406
088407
088408
088409
088410
088411
088413
088414
088415
088416
088417
088418
088419
088420
088421
088422
088424
088425
088427
088428
088429
088430
088431
088432
088433
088435
088437
088438
088439
088440
088441
088442
088443
088445
088447
088448
088449
088450
088451
088452
088453
088455
088456
088457
088458
088459
088460
088461
088462
088463
088464
088465
088467
088468
088470
088471
088472
088473
088475
088476
088477
088478
088479
088480
088481
088482
088483
088484
088485
088486
088487
088489
088490
088491
088492
088493
088494
088495
088496
088497
088498
088499
088500
088501
088502
088503
088504
088505
088507
088508
088510
088511
088512
088513
088515
088517
088518
088519
088520
088521
088522
088523
088524
088526
088529
088530
088531
088533
088534
088535
088536
088537
088538
088539
088541
088542
088543
088544
088545
088546
088547
088548
088549
088550
088552
088553
088555
088556
088557
088558
088559
088560
088561
088563
088565
088566
088567
088568
088569
088570
088571
088573
088575
088576
088578
088579
088580
088581
088582
088583
088585
088586
088587
088588
088590
088591
088592
088593
088594
088595
088596
088597
088598
088599
088600
088601
088603
088604
088605
088607
088609
088610
088611
088612
088614
088615
088617
088618
088619
088620
088621
088622
088623
088625
088626
088627
088628
088629
088630
088631
088632
088633
088635
088638
088639
088640
088641
088642
088644
088645
088646
088647
088648
088649
088650
088651
088652
088653
088654
088656
088657
088659
088660
088661
088662
088663
088666
088667
088668
088669
088670
088671
088673
088674
088676
088678
088679
088680
088681
088682
088683
088684
088686
088687
088690
088691
088692
088693
088695
088696
088698
088699
088700
088701
088702
088703
088704
088706
088707
088708
088709
088711
088712
088713
088714
088715
088717
088719
088720
088721
088722
088723
088724
088725
088726
088727
088728
088729
088730
088731
088732
088733
088735
088736
088737
088738
088739
088740
088742
088743
088744
088745
088746
088748
088749
088750
088751
088752
088753
088754
088755
088757
088758
088759
088760
088761
088762
088763
088764
088766
088767
088768
088769
088770
088772
088773
088775
088776
088780
088783
088784
088786
088787
088788
088789
088790
088791
088792
088793
088794
088795
088796
088798
088799
088801
088802
088803
088804
088805
088807
088808
088809
088810
088811
088812
088813
088814
088815
088817
088818
088819
088821
088822
088823
088825
088826
088827
088828
088831
088832
088833
088834
088835
088836
088837
088838
088839
088841
088842
088843
088844
088845
088846
088847
088848
088850
088851
088852
088853
088856
088857
088858
088859
088860
088862
088863
088864
088866
088867
088868
088869
088870
088871
088872
088873
088874
088876
088877
088879
088880
088882
088883
088884
088885
088887
088888
088889
088890
088891
088893
088895
088897
088898
088899
088900
088901
088902
088904
088906
088907
088908
088909
088910
088911
088915
088916
088917
088918
088919
088920
088921
088923
088928
088929
088930
088931
088933
088936
088937
088938
088939
088940
088941
088943
088945
088946
088947
088950
088952
088955
088956
088957
088958
088961
088962
088966
088967
088968
088970
088971
088972
088973
088974
088975
088976
088977
088978
088979
088980
088981
088982
088984
088985
088986
088987
088988
088990
088991
088992
088993
088994
088998
089000
089001
089002
089003
089004
089005
089006
089007
089008
089009
089010
089011
089012
089013
089014
089015
089016
089019
089021
089023
089027
089028
089030
089032
089033
089034
089035
089036
089037
089039
089040
089041
089042
089043
089044
089045
089046
089047
089048
089049
089050
089051
089052
089053
089054
089055
089056
089057
089058
089060
089061
089062
089063
089064
089065
089066
089067
089068
089069
089071
089072
089073
089074
089076
089077
089078
089080
089081
089082
089083
089084
089085
089086
089087
089088
089089
089090
089094
089095
089097
089099
089100
089101
089102
089104
089105
089106
089108
089110
089112
089114
089118
089120
089121
089122
089123
089124
089125
089126
089127
089128
089129
089130
089131
089132
089133
089134
089135
089136
089137
089138
089140
089141
089142
089143
089144
089146
089148
089149
089150
089151
089153
089154
089156
089157
089158
089159
089160
089162
089163
089164
089165
089166
089167
089168
089169
089170
089171
089172
089175
089176
089177
089178
089181
089182
089184
089186
089187
089188
089189
089190
089191
089192
089193
089194
089195
089196
089197
089198
089200
089201
089202
089203
089204
089205
089206
089208
089209
089210
089211
089212
089213
089214
089216
089217
089218
089219
089221
089222
089223
089225
089229
089231
089233
089234
089235
089236
089238
089239
089240
089241
089243
089244
089245
089246
089247
089248
089249
089250
089252
089254
089255
089256
089257
089258
089259
089260
089261
089262
089263
089264
089266
089267
089268
089269
089270
089271
089272
089273
089274
089275
089276
089277
089278
089279
089281
089282
089283
089284
089285
089287
089289
089291
089292
089293
089294
089295
089296
089297
089298
089300
089301
089302
089303
089304
089306
089308
089309
089310
089314
089315
089317
089318
089319
089320
089321
089322
089323
089324
089325
089327
089328
089329
089330
089331
089332
089333
089334
089335
089336
089337
089338
089339
089341
089342
089343
089344
089345
089346
089348
089349
089350
089351
089352
089353
089354
089355
089356
089358
089359
089360
089362
089366
089367
089368
089369
089370
089371
089372
089373
089374
089376
089378
089379
089380
089381
089382
089383
089384
089385
089387
089389
089390
089391
089392
089393
089394
089397
089398
089399
089400
089401
089402
089403
089404
089405
089408
089409
089410
089413
089414
089415
089416
089417
089418
089419
089420
089421
089422
089423
089424
089425
089426
089427
089428
089429
089430
089431
089432
089433
089436
089437
089438
089440
089441
089443
089444
089445
089446
089447
089448
089449
089450
089451
089452
089454
089455
089456
089457
089458
089459
089460
089461
089462
089463
089465
089466
089467
089468
089470
089471
089472
089473
089474
089475
089476
089477
089478
089479
089480
089483
089484
089485
089487
089488
089489
089490
089492
089493
089494
089495
089496
089499
089500
089501
089502
089505
089506
089507
089508
089509
089510
089511
089512
089513
089514
089515
089516
089517
089518
089519
089521
089522
089523
089524
089527
089528
089529
089530
089532
089533
089534
089535
089536
089537
089538
089539
089540
089541
089542
089543
089544
089545
089546
089547
089548
089549
089550
089551
089552
089553
089554
089555
089556
089557
089558
089559
089560
089561
089562
089563
089564
089566
089568
089572
089573
089574
089575
089576
089577
089579
089580
089581
089582
089583
089585
089587
089589
089590
089591
089592
089593
089594
089595
089596
089598
089599
089600
089601
089602
089603
089605
089606
089607
089608
089609
089610
089611
089612
089613
089614
089615
089616
089618
089619
089620
089622
089623
089624
089625
089626
089627
089628
089629
089630
089631
089632
089633
089634
089636
089638
089639
089640
089641
089642
089643
089644
089645
089648
089650
089653
089654
089656
089657
089659
089660
089665
089666
089667
089668
089669
089670
089671
089672
089673
089674
089675
089676
089677
089678
089679
089680
089681
089682
089683
089684
089685
089686
089687
089688
089690
089691
089692
089694
089695
089699
089700
089701
089704
089706
089707
089708
089709
089711
089712
089713
089714
089715
089716
089717
089718
089719
089721
089722
089723
089724
089725
089726
089727
089729
089730
089731
089733
089734
089735
089736
089737
089739
089741
089742
089743
089745
089746
089747
089749
089750
089751
089752
089753
089755
089756
089757
089759
089760
089761
089762
089763
089765
089766
089767
089768
089769
089770
089771
089772
089773
089774
089775
089777
089780
089781
089782
089783
089785
089786
089787
089788
089790
089791
089792
089793
089794
089795
089796
089797
089798
089802
089804
089805
089806
089809
089811
089812
089813
089814
089816
089817
089818
089820
089821
089822
089823
089824
089826
089827
089828
089829
089830
089831
089832
089833
089834
089835
089836
089837
089839
089841
089842
089843
089844
089845
089846
089847
089849
089850
089851
089852
089853
089854
089855
089856
089857
089858
089860
089861
089862
089863
089867
089868
089869
089870
089872
089875
089876
089877
089878
089879
089880
089881
089883
089884
089885
089886
089888
089890
089891
089893
089894
089895
089897
089898
089899
089902
089903
089905
089906
089909
089910
089911
089912
089913
089914
089915
089916
089917
089918
089920
089921
089923
089924
089925
089926
089927
089928
089929
089930
089931
089932
089933
089934
089935
089936
089938
089939
089940
089942
089943
089944
089945
089946
089947
089948
089949
089950
089951
089952
089953
089954
089955
089956
089957
089958
089960
089961
089963
089964
089965
089966
089968
089969
089971
089972
089973
089975
089976
089978
089979
089980
089981
089983
089985
089986
089988
089989
089991
089992
089993
089994
089995
089996
089997
089998
089999
090001
090002
090004
090005
090007
090008
090009
090010
090012
090013
090014
090015
090016
090018
090019
090020
090021
090022
090023
090024
090025
090026
090027
090028
090029
090030
090031
090033
090035
090037
090039
090041
090042
090043
090044
090045
090046
090047
090048
090050
090051
090052
090054
090056
090057
090058
090059
090060
090061
090062
090063
090065
090068
090070
090071
090072
090074
090075
090078
090080
090081
090082
090083
090085
090086
090088
090089
090090
090091
090094
090095
090096
090097
090098
090101
090102
090103
090104
090105
090106
090107
090108
090109
090110
090111
090112
090113
090114
090115
090116
090117
090119
090120
090122
090123
090124
090125
090127
090128
090129
090130
090132
090133
090134
090135
090137
090139
090140
090141
090142
090143
090145
090146
090147
090148
090149
090150
090151
090153
090155
090157
090159
090160
090161
090162
090163
090164
090165
090166
090167
090168
090169
090171
090172
090173
090174
090175
090176
090178
090179
090180
090181
090183
090184
090186
090187
090188
090189
090191
090193
090194
090196
090197
090199
090200
090201
090202
090203
090204
090205
090206
090207
090208
090209
090210
090211
090212
090214
090215
090217
090218
090219
090220
090221
090222
090223
090224
090225
090226
090228
090229
090230
090231
090232
090233
090234
090236
090237
090238
090239
090240
090241
090242
090243
090244
090246
090247
090248
090249
090250
090251
090252
090253
090255
090257
090258
090259
090260
090261
090263
090265
090266
090267
090268
090269
090270
090271
090273
090275
090276
090277
090278
090279
090280
090281
090282
090284
090286
090287
090288
090289
090290
090291
090292
090293
090294
090295
090296
090297
090298
090299
090300
090301
090302
090303
090304
090305
090306
090307
090308
090309
090310
090311
090313
090314
090316
090317
090318
090319
090320
090321
090322
090323
090324
090325
090328
090329
090331
090332
090333
090334
090335
090336
090337
090339
090340
090341
090343
090346
090347
090348
090349
090350
090351
090352
090353
090354
090355
090356
090357
090358
090359
090360
090361
090362
090363
090364
090369
090371
090372
090375
090376
090377
090378
090379
090381
090382
090383
090384
090386
090387
090389
090390
090391
090393
090394
090395
090396
090398
090399
090400
090401
090402
090403
090404
090405
090407
090408
090409
090410
090411
090413
090414
090415
090416
090418
090419
090420
090421
090422
090423
090424
090425
090426
090427
090428
090429
090430
090431
090432
090433
090434
090435
090436
090438
090440
090441
090442
090444
090446
090447
090448
090449
090453
090454
090456
090457
090458
090460
090461
090462
090463
090464
090466
090467
090468
090469
090470
090471
090472
090473
090475
090476
090477
090478
090480
090482
090483
090485
090486
090487
090489
090490
090491
090492
090493
090495
090496
090497
090498
090499
090501
090502
090503
090504
090505
090507
090509
090511
090512
090513
090514
090515
090516
090517
090518
090519
090520
090521
090522
090523
090524
090525
090526
090527
090528
090529
090530
090531
090533
090534
090535
090537
090538
090539
090540
090541
090542
090543
090544
090545
090546
090548
090549
090550
090552
090554
090555
090556
090557
090558
090560
090561
090562
090563
090564
090565
090566
090567
090569
090571
090572
090573
090575
090576
090577
090579
090580
090581
090582
090583
090584
090585
090586
090588
090589
090590
090591
090592
090593
090594
090595
090596
090597
090598
090600
090601
090602
090604
090606
090607
090608
090609
090612
090613
090614
090615
090616
090617
090618
090620
090621
090622
090624
090626
090627
090629
090630
090631
090632
090634
090635
090636
090637
090639
090641
090642
090644
090645
090646
090647
090650
090651
090652
090653
090654
090656
090657
090658
090660
090661
090663
090665
090666
090667
090668
090669
090670
090671
090673
090674
090675
090677
090678
090679
090680
090681
090682
090683
090684
090685
090687
090688
090689
090690
090691
090692
090694
090695
090696
090697
090698
090699
090700
090701
090702
090703
090705
090707
090708
090709
090710
090712
090713
090714
090716
090719
090720
090721
090722
090723
090724
090726
090727
090729
090730
090732
090733
090734
090737
090739
090740
090741
090742
090743
090744
090745
090747
090749
090750
090751
090753
090754
090755
090757
090758
090760
090761
090762
090763
090764
090765
090766
090767
090769
090770
090771
090772
090773
090774
090775
090776
090777
090778
090779
090781
090782
090785
090787
090788
090789
090790
090791
090794
090795
090796
090797
090798
090799
090800
090801
090802
090803
090804
090805
090807
090809
090810
090812
090813
090815
090816
090817
090819
090820
090821
090822
090823
090826
090828
090829
090830
090832
090833
090834
090835
090837
090838
090839
090840
090842
090843
090844
090848
090849
090850
090853
090854
090855
090856
090857
090859
090860
090861
090863
090864
090865
090866
090867
090868
090869
090871
090872
090873
090874
090875
090876
090877
090878
090879
090880
090881
090882
090883
090884
090886
090887
090889
090890
090891
090893
090894
090895
090898
090899
090902
090903
090904
090905
090906
090907
090908
090909
090910
090911
090912
090913
090914
090915
090918
090919
090921
090922
090923
090924
090926
090927
090928
090929
090930
090931
090932
090934
090935
090936
090937
090938
090939
090942
090943
090944
090945
090946
090947
090949
090950
090951
090953
090956
090957
090958
090960
090961
090964
090965
090966
090969
090970
090971
090972
090973
090974
090975
090976
090977
090978
090979
090980
090981
090983
090984
090986
090987
090988
090989
090990
090991
090992
090993
090994
090995
090997
090998
090999
091000
091001
091002
091003
091004
091005
091006
091007
091008
091010
091012
091013
091015
091016
091018
091019
091020
091021
091022
091023
091024
091025
091026
091028
091029
091030
091031
091032
091033
091034
091035
091036
091037
091038
091039
091040
091041
091043
091044
091045
091046
091047
091048
091049
091050
091053
091054
091056
091057
091058
091060
091061
091062
091063
091064
091065
091066
091068
091069
091071
091074
091075
091077
091078
091079
091080
091081
091082
091083
091084
091085
091086
091087
091088
091089
091090
091091
091092
091094
091095
091096
091097
091099
091100
091102
091103
091105
091106
091107
091109
091110
091111
091112
091114
091115
091116
091117
091119
091120
091121
091122
091123
091125
091126
091127
091128
091129
091131
091133
091134
091135
091136
091138
091139
091142
091144
091146
091147
091148
091149
091150
091151
091152
091153
091154
091155
091156
091158
091159
091162
091163
091164
091165
091166
091167
091168
091169
091171
091172
091173
091174
091175
091176
091177
091178
091179
091181
091182
091183
091184
091185
091186
091187
091188
091189
091190
091192
091193
091194
091195
091196
091197
091198
091199
091200
091201
091202
091203
091204
091207
091209
091210
091211
091213
091215
091216
091219
091220
091221
091222
091223
091225
091226
091227
091228
091229
091230
091232
091233
091234
091235
091236
091237
091238
091239
091241
091242
091243
091245
091246
091248
091250
091253
091254
091255
091256
091257
091258
091259
091260
091261
091262
091264
091265
091266
091267
091268
091269
091270
091271
091272
091273
091275
091276
091277
091280
091281
091282
091283
091284
091288
091289
091291
091292
091293
091297
091298
091299
091301
091302
091303
091304
091305
091307
091308
091309
091310
091311
091313
091316
091317
091318
091319
091321
091322
091323
091324
091325
091326
091328
091334
091336
091337
091338
091339
091340
091342
091343
091344
091345
091346
091347
091348
091349
091350
091351
091352
091353
091355
091356
091357
091358
091360
091361
091362
091363
091364
091365
091366
091369
091370
091372
091373
091374
091375
091377
091378
091379
091380
091381
091382
091383
091384
091386
091387
091388
091389
091390
091391
091392
091396
091397
091398
091399
091400
091402
091403
091404
091405
091406
091408
091409
091410
091411
091413
091414
091415
091416
091417
091418
091419
091421
091422
091423
091424
091427
091431
091435
091436
091437
091439
091440
091441
091442
091443
091444
091445
091446
091447
091448
091449
091450
091451
091452
091453
091454
091456
091457
091458
091459
091460
091463
091464
091465
091466
091467
091468
091469
091470
091472
091473
091474
091475
091476
091477
091479
091481
091484
091485
091487
091489
091490
091491
091492
091493
091494
091496
091498
091499
091501
091503
091504
091505
091506
091508
091509
091510
091511
091512
091513
091514
091515
091516
091517
091518
091519
091520
091521
091522
091523
091524
091525
091526
091527
091528
091529
091530
091531
091532
091533
091534
091535
091536
091537
091539
091540
091541
091542
091543
091544
091547
091549
091550
091551
091552
091553
091554
091555
091556
091558
091559
091560
091561
091562
091563
091564
091565
091566
091567
091569
091571
091573
091574
091575
091576
091578
091579
091581
091582
091583
091584
091585
091588
091589
091592
091593
091594
091595
091596
091598
091599
091600
091601
091602
091603
091604
091605
091608
091609
091610
091612
091613
091614
091616
091617
091619
091620
091621
091623
091625
091626
091627
091628
091629
091630
091631
091632
091633
091635
091636
091638
091639
091640
091641
091642
091643
091644
091646
091648
091649
091650
091651
091652
091653
091654
091655
091656
091657
091658
091660
091662
091663
091664
091665
091666
091667
091668
091669
091670
091671
091672
091673
091674
091675
091676
091677
091678
091679
091680
091681
091682
091683
091684
091685
091687
091688
091689
091691
091692
091694
091695
091696
091697
091698
091699
091700
091701
091702
091703
091704
091708
091709
091710
091711
091712
091713
091714
091715
091716
091718
091720
091721
091723
091724
091725
091727
091728
091730
091731
091732
091733
091734
091735
091736
091737
091739
091740
091741
091743
091744
091745
091746
091747
091748
091750
091751
091752
091753
091754
091756
091758
091759
091760
091761
091762
091763
091764
091766
091767
091768
091769
091770
091772
091773
091774
091776
091777
091778
091779
091781
091782
091783
091784
091785
091786
091787
091788
091789
091790
091791
091792
091793
091794
091795
091796
091797
091798
091799
091800
091801
091802
091803
091804
091805
091806
091807
091808
091809
091810
091811
091812
091813
091815
091816
091817
091818
091819
091820
091821
091822
091823
091824
091825
091826
091828
091829
091830
091831
091832
091833
091834
091835
091836
091838
091839
091840
091841
091842
091843
091844
091845
091846
091847
091848
091850
091851
091852
091853
091854
091855
091856
091857
091858
091859
091860
091861
091862
091863
091864
091865
091866
091867
091868
091869
091870
091871
091872
091873
091875
091876
091878
091879
091881
091882
091883
091885
091886
091887
091889
091890
091891
091892
091894
091896
091897
091898
091899
091900
091901
091902
091903
091904
091905
091906
091907
091908
091910
091912
091913
091915
091916
091917
091918
091919
091921
091923
091924
091926
091927
091928
091929
091930
091932
091933
091934
091935
091936
091937
091938
091939
091940
091941
091942
091943
091944
091945
091946
091947
091948
091949
091950
091951
091952
091954
091955
091956
091958
091959
091960
091961
091962
091963
091964
091965
091967
091969
091970
091971
091974
091975
091976
091977
091978
091979
091980
091981
091984
091985
091986
091987
091988
091989
091990
091991
091992
091993
091994
091995
091996
091998
091999
092000
092001
092002
092005
092006
092007
092008
092009
092011
092012
092013
092015
092016
092019
092021
092022
092023
092024
092025
092027
092029
092031
092032
092033
092034
092036
092037
092038
092040
092041
092042
092043
092044
092045
092048
092050
092053
092054
092055
092056
092058
092059
092060
092061
092062
092063
092065
092067
092068
092072
092074
092075
092076
092077
092080
092081
092082
092083
092085
092087
092089
092090
092091
092094
092096
092098
092099
092100
092102
092103
092104
092105
092106
092107
092109
092110
092111
092113
092114
092115
092116
092117
092118
092119
092120
092121
092122
092123
092124
092125
092126
092127
092128
092132
092133
092134
092135
092136
092137
092138
092140
092141
092143
092144
092146
092149
092150
092151
092152
092153
092155
092157
092159
092160
092161
092162
092163
092164
092165
092166
092168
092169
092170
092171
092172
092173
092175
092176
092177
092178
092179
092180
092181
092182
092183
092184
092185
092186
092187
092189
092191
092192
092193
092194
092195
092196
092197
092198
092199
092200
092201
092202
092203
092204
092206
092207
092208
092209
092210
092211
092212
092214
092215
092216
092217
092219
092221
092222
092223
092224
092225
092228
092229
092230
092231
092232
092233
092234
092235
092236
092237
092238
092240
092241
092242
092243
092244
092245
092246
092248
092250
092251
092252
092253
092254
092255
092256
092257
092258
092260
092262
092263
092264
092265
092266
092267
092268
092269
092270
092271
092272
092273
092274
092275
092276
092277
092278
092279
092280
092281
092282
092283
092284
092285
092286
092287
092288
092289
092290
092291
092292
092293
092294
092295
092296
092297
092298
092299
092300
092301
092303
092305
092307
092308
092312
092314
092316
092317
092318
092319
092320
092321
092324
092325
092326
092330
092331
092333
092334
092335
092337
092338
092339
092340
092341
092342
092343
092344
092345
092346
092349
092350
092351
092352
092353
092354
092356
092357
092358
092359
092360
092361
092362
092363
092365
092366
092367
092369
092371
092372
092373
092375
092376
092377
092378
092380
092381
092382
092383
092384
092385
092386
092387
092388
092389
092390
092392
092393
092395
092396
092397
092399
092400
092401
092402
092403
092404
092405
092406
092407
092408
092410
092411
092413
092414
092415
092416
092417
092419
092420
092421
092422
092423
092424
092425
092426
092427
092428
092429
092430
092431
092432
092433
092435
092436
092437
092438
092439
092440
092441
092444
092445
092446
092447
092449
092450
092453
092454
092456
092457
092459
092460
092461
092462
092463
092464
092465
092466
092467
092469
092470
092472
092473
092474
092475
092476
092477
092479
092480
092482
092483
092485
092486
092487
092488
092489
092490
092491
092494
092495
092496
092497
092500
092501
092502
092503
092504
092507
092508
092510
092511
092512
092513
092515
092516
092518
092519
092520
092521
092522
092524
092525
092526
092527
092529
092530
092531
092532
092533
092534
092535
092536
092537
092538
092539
092540
092541
092544
092546
092547
092548
092549
092550
092551
092552
092554
092556
092557
092558
092559
092560
092561
092562
092563
092564
092565
092566
092567
092568
092569
092571
092572
092573
092574
092575
092576
092578
092581
092582
092583
092584
092585
092586
092588
092590
092591
092592
092595
092596
092597
092598
092599
092600
092601
092602
092603
092604
092605
092606
092607
092608
092609
092610
092611
092612
092613
092614
092615
092616
092617
092618
092619
092620
092621
092622
092623
092624
092626
092628
092629
092630
092631
092632
092633
092634
092635
092636
092637
092638
092639
092640
092641
092642
092643
092644
092645
092646
092647
092650
092651
092652
092653
092654
092655
092656
092657
092658
092659
092660
092661
092662
092664
092665
092666
092667
092669
092670
092671
092674
092675
092676
092677
092678
092681
092682
092683
092684
092687
092689
092690
092691
092692
092693
092694
092695
092697
092698
092701
092702
092703
092704
092705
092706
092708
092709
092710
092712
092713
092715
092716
092718
092720
092721
092722
092723
092726
092729
092730
092731
092732
092735
092736
092737
092738
092739
092741
092746
092747
092748
092750
092751
092753
092754
092755
092756
092757
092758
092760
092761
092762
092763
092765
092766
092767
092769
092771
092772
092773
092774
092775
092776
092778
092780
092781
092782
092783
092784
092785
092786
092787
092788
092789
092790
092791
092793
092794
092795
092796
092797
092798
092799
092800
092803
092804
092805
092806
092808
092809
092810
092811
092812
092813
092814
092815
092816
092818
092819
092820
092822
092823
092828
092829
092830
092831
092832
092833
092834
092835
092836
092838
092840
092841
092842
092844
092846
092848
092849
092850
092851
092852
092853
092855
092856
092857
092859
092860
092861
092862
092864
092866
092867
092868
092869
092870
092871
092872
092874
092875
092876
092878
092880
092881
092882
092883
092884
092885
092886
092887
092888
092890
092891
092892
092894
092895
092896
092898
092900
092902
092903
092904
092905
092906
092908
092909
092910
092911
092912
092915
092916
092917
092918
092919
092920
092921
092922
092923
092924
092925
092926
092927
092928
092929
092930
092933
092934
092935
092937
092939
092940
092941
092943
092944
092945
092947
092948
092949
092950
092951
092952
092953
092954
092955
092956
092958
092960
092963
092964
092966
092968
092969
092970
092972
092973
092974
092977
092978
092980
092981
092982
092983
092984
092985
092986
092987
092989
092990
092991
092992
092993
092996
092997
092998
092999
093000
093001
093003
093004
093005
093006
093007
093009
093011
093012
093013
093015
093017
093019
093020
093021
093022
093023
093024
093025
093026
093027
093028
093030
093031
093033
093034
093035
093036
093037
093038
093039
093040
093041
093042
093043
093044
093045
093046
093048
093049
093050
093051
093053
093054
093055
093056
093057
093058
093059
093060
093061
093062
093063
093066
093067
093068
093069
093070
093071
093073
093074
093076
093077
093078
093080
093083
093084
093086
093087
093089
093090
093091
093092
093093
093094
093095
093096
093097
093098
093099
093100
093101
093102
093103
093105
093106
093107
093108
093109
093111
093113
093114
093115
093117
093119
093120
093121
093122
093123
093124
093126
093128
093129
093130
093131
093132
093133
093135
093136
093137
093138
093139
093140
093141
093142
093143
093144
093145
093146
093149
093150
093151
093152
093154
093155
093156
093158
093159
093160
093162
093163
093164
093165
093166
093167
093168
093169
093170
093171
093172
093173
093174
093175
093177
093178
093180
093181
093182
093183
093184
093185
093186
093187
093188
093189
093192
093193
093196
093197
093198
093199
093200
093201
093202
093203
093204
093205
093206
093207
093208
093209
093210
093212
093213
093214
093215
093217
093218
093219
093220
093221
093222
093223
093224
093225
093226
093228
093229
093230
093231
093232
093233
093235
093236
093237
093238
093239
093240
093241
093242
093245
093246
093247
093248
093250
093251
093252
093253
093254
093255
093257
093258
093259
093260
093261
093262
093263
093264
093265
093266
093268
093269
093270
093272
093273
093274
093275
093277
093278
093279
093280
093282
093284
093285
093286
093288
093289
093290
093291
093292
093293
093294
093295
093296
093297
093298
093299
093302
093303
093304
093305
093307
093308
093310
093311
093312
093313
093314
093315
093316
093317
093319
093320
093321
093323
093325
093326
093327
093328
093329
093330
093331
093332
093333
093334
093335
093336
093337
093339
093340
093341
093342
093343
093344
093346
093350
093351
093352
093353
093354
093355
093356
093357
093359
093360
093361
093364
093365
093366
093367
093368
093369
093370
093371
093373
093376
093377
093378
093379
093381
093382
093383
093384
093385
093387
093388
093389
093392
093393
093394
093395
093396
093397
093399
093400
093401
093402
093403
093404
093405
093407
093409
093410
093411
093412
093413
093414
093415
093416
093417
093418
093419
093420
093421
093422
093423
093425
093426
093428
093430
093432
093433
093434
093435
093436
093438
093439
093442
093443
093444
093445
093446
093447
093448
093449
093450
093451
093452
093453
093454
093455
093457
093458
093460
093462
093463
093465
093466
093467
093468
093469
093470
093471
093472
093473
093474
093475
093476
093477
093478
093480
093481
093482
093483
093484
093485
093487
093488
093491
093492
093493
093494
093495
093496
093498
093499
093500
093502
093503
093504
093505
093506
093508
093510
093511
093512
093513
093514
093515
093516
093517
093519
093520
093521
093522
093523
093524
093525
093526
093529
093531
093533
093534
093535
093537
093538
093540
093544
093546
093548
093549
093553
093554
093555
093556
093557
093558
093559
093560
093562
093563
093565
093566
093567
093569
093570
093571
093572
093573
093575
093576
093578
093579
093580
093581
093582
093585
093586
093587
093588
093589
093590
093591
093593
093594
093595
093596
093597
093598
093599
093600
093602
093603
093604
093605
093606
093607
093608
093610
093612
093613
093615
093616
093617
093622
093623
093625
093626
093627
093628
093630
093631
093632
093633
093634
093635
093636
093637
093638
093639
093640
093641
093642
093643
093644
093645
093646
093647
093648
093649
093651
093652
093653
093654
093655
093656
093657
093658
093659
093661
093662
093663
093664
093665
093668
093669
093670
093671
093672
093673
093674
093675
093676
093677
093679
093680
093681
093682
093683
093685
093686
093687
093688
093690
093691
093692
093693
093694
093695
093696
093698
093699
093700
093701
093702
093703
093704
093705
093706
093708
093709
093710
093712
093713
093714
093715
093717
093718
093719
093720
093721
093722
093723
093724
093726
093727
093728
093729
093730
093732
093733
093734
093735
093736
093737
093738
093739
093740
093741
093742
093743
093744
093745
093746
093747
093749
093750
093751
093752
093753
093754
093755
093756
093758
093759
093760
093761
093762
093763
093765
093766
093767
093770
093771
093773
093774
093776
093777
093779
093780
093781
093782
093783
093784
093786
093787
093788
093789
093790
093791
093792
093793
093795
093796
093797
093799
093800
093801
093802
093803
093804
093805
093806
093807
093808
093810
093811
093812
093813
093814
093815
093817
093818
093819
093821
093822
093823
093824
093825
093826
093827
093828
093829
093830
093831
093832
093833
093834
093836
093837
093838
093840
093841
093842
093843
093845
093846
093848
093849
093850
093851
093852
093853
093854
093855
093856
093857
093858
093859
093860
093861
093862
093864
093865
093866
093867
093869
093870
093873
093874
093875
093876
093877
093878
093880
093881
093882
093883
093884
093885
093886
093888
093889
093891
093892
093893
093894
093895
093896
093897
093898
093900
093901
093902
093903
093904
093905
093906
093907
093908
093909
093910
093911
093913
093914
093915
093916
093917
093918
093920
093922
093923
093924
093925
093926
093929
093930
093931
093933
093934
093936
093937
093938
093939
093941
093942
093944
093945
093947
093948
093949
093950
093951
093952
093953
093954
093956
093957
093958
093959
093960
093961
093962
093963
093964
093965
093967
093968
093969
093970
093971
093974
093975
093976
093977
093978
093979
093983
093985
093988
093989
093990
093992
093993
093994
093995
093996
093997
093998
094000
094001
094002
094003
094004
094005
094007
094008
094010
094011
094012
094013
094015
094016
094017
094018
094019
094020
094022
094023
094024
094025
094026
094029
094031
094032
094034
094036
094037
094038
094040
094043
094044
094045
094047
094048
094050
094051
094052
094053
094054
094055
094056
094057
094058
094059
094061
094062
094063
094064
094065
094066
094067
094069
094070
094072
094074
094075
094076
094077
094078
094080
094081
094082
094089
094090
094091
094092
094093
094094
094095
094096
094099
094101
094103
094104
094106
094107
094108
094109
094111
094112
094113
094115
094117
094118
094119
094121
094122
094123
094124
094125
094126
094127
094128
094129
094130
094132
094133
094134
094135
094136
094138
094139
094140
094141
094142
094143
094145
094146
094147
094148
094150
094151
094152
094153
094154
094155
094156
094157
094159
094161
094163
094165
094166
094168
094169
094170
094171
094172
094173
094174
094175
094176
094177
094178
094179
094181
094182
094184
094185
094186
094187
094188
094189
094190
094192
094193
094194
094195
094197
094198
094199
094201
094202
094204
094205
094206
094207
094210
094211
094212
094213
094214
094215
094216
094217
094219
094221
094222
094223
094224
094225
094226
094227
094228
094229
094230
094232
094233
094234
094235
094236
094237
094239
094240
094241
094243
094244
094245
094246
094247
094248
094250
094251
094252
094253
094254
094255
094256
094257
094258
094259
094260
094261
094262
094263
094264
094266
094268
094269
094270
094271
094272
094273
094275
094276
094277
094279
094281
094282
094283
094284
094285
094286
094287
094288
094289
094290
094291
094292
094293
094294
094295
094296
094299
094301
094302
094303
094304
094305
094306
094307
094308
094309
094310
094311
094313
094315
094317
094318
094319
094320
094321
094322
094323
094326
094327
094328
094329
094330
094331
094332
094334
094336
094337
094338
094339
094340
094341
094342
094343
094344
094345
094346
094347
094348
094349
094350
094351
094352
094354
094355
094356
094357
094358
094360
094361
094363
094364
094365
094366
094368
094369
094370
094373
094374
094375
094376
094377
094378
094379
094380
094383
094386
094387
094388
094389
094390
094392
094396
094397
094398
094399
094400
094401
094402
094403
094404
094405
094406
094408
094409
094410
094411
094413
094414
094415
094416
094417
094418
094419
094420
094421
094422
094423
094425
094426
094427
094428
094429
094430
094431
094432
094433
094434
094435
094436
094437
094439
094440
094441
094442
094443
094444
094446
094447
094448
094449
094450
094451
094452
094453
094454
094455
094456
094457
094458
094460
094461
094462
094463
094464
094466
094467
094468
094469
094470
094472
094473
094474
094475
094476
094477
094478
094479
094480
094481
094483
094484
094485
094486
094487
094489
094491
094493
094494
094495
094496
094497
094498
094499
094500
094501
094504
094505
094508
094509
094510
094511
094512
094513
094514
094515
094516
094517
094518
094519
094520
094521
094522
094524
094525
094527
094528
094529
094530
094531
094532
094533
094535
094536
094537
094538
094539
094541
094543
094544
094545
094547
094548
094549
094550
094555
094556
094557
094559
094560
094561
094562
094563
094566
094568
094570
094571
094572
094574
094575
094576
094577
094579
094580
094581
094582
094583
094584
094587
094588
094589
094590
094591
094592
094593
094594
094595
094597
094598
094599
094601
094603
094604
094605
094606
094607
094608
094609
094610
094611
094612
094613
094615
094616
094617
094618
094619
094620
094621
094622
094623
094625
094626
094627
094628
094629
094630
094631
094633
094634
094635
094636
094637
094638
094639
094640
094642
094643
094644
094645
094646
094647
094648
094650
094652
094653
094654
094655
094657
094658
094659
094660
094661
094663
094665
094667
094668
094669
094670
094671
094672
094673
094674
094675
094677
094678
094679
094680
094681
094682
094683
094684
094685
094686
094688
094689
094690
094691
094692
094694
094695
094696
094697
094698
094699
094700
094702
094705
094706
094707
094708
094709
094710
094711
094712
094713
094714
094715
094716
094717
094718
094720
094723
094724
094725
094726
094727
094728
094729
094731
094733
094735
094736
094737
094738
094739
094740
094742
094744
094745
094747
094748
094749
094750
094751
094752
094754
094756
094758
094759
094760
094761
094762
094764
094765
094766
094767
094768
094769
094770
094771
094772
094773
094774
094780
094781
094782
094783
094784
094786
094787
094788
094789
094791
094792
094793
094796
094797
094798
094799
094800
094801
094802
094803
094804
094805
094806
094807
094808
094809
094810
094811
094812
094813
094814
094815
094816
094821
094824
094825
094826
094829
094831
094832
094833
094834
094835
094836
094837
094838
094839
094840
094841
094843
094844
094845
094847
094848
094849
094851
094852
094853
094854
094855
094856
094857
094858
094859
094860
094861
094862
094863
094864
094866
094868
094869
094870
094871
094872
094873
094875
094877
094878
094879
094882
094883
094885
094886
094887
094888
094889
094890
094891
094892
094893
094894
094895
094896
094897
094898
094899
094900
094901
094903
094904
094905
094906
094907
094908
094910
094911
094912
094915
094917
094918
094919
094920
094922
094923
094924
094925
094926
094927
094928
094929
094931
094932
094933
094935
094936
094937
094939
094940
094941
094942
094943
094944
094945
094946
094947
094948
094950
094951
094952
094953
094954
094955
094956
094957
094958
094959
094960
094961
094962
094963
094965
094967
094968
094970
094971
094973
094974
094975
094976
094977
094978
094979
094981
094982
094983
094984
094985
094987
094988
094989
094990
094991
094992
094993
094994
094996
094997
094998
094999
095000
095002
095004
095005
095008
095009
095010
095011
095012
095013
095014
095015
095017
095018
095019
095020
095021
095022
095023
095024
095025
095026
095027
095028
095030
095031
095032
095033
095034
095036
095037
095038
095039
095041
095042
095043
095044
095045
095046
095047
095048
095049
095050
095051
095052
095053
095054
095056
095058
095060
095061
095062
095063
095064
095065
095066
095068
095069
095071
095072
095075
095076
095077
095078
095080
095082
095085
095086
095087
095088
095091
095092
095093
095094
095095
095096
095097
095098
095099
095100
095101
095102
095103
095105
095106
095107
095108
095109
095111
095112
095113
095114
095115
095116
095117
095118
095119
095120
095121
095122
095123
095124
095125
095126
095127
095128
095129
095130
095131
095132
095133
095134
095136
095137
095138
095140
095141
095142
095143
095144
095145
095146
095147
095148
095149
095150
095151
095152
095153
095156
095157
095158
095159
095161
095162
095163
095164
095165
095168
095169
095170
095171
095172
095174
095175
095177
095178
095180
095182
095184
095185
095186
095189
095190
095191
095192
095193
095195
095196
095197
095198
095199
095200
095201
095202
095203
095204
095205
095206
095207
095208
095210
095211
095212
095215
095216
095217
095218
095219
095220
095221
095223
095225
095226
095227
095228
095229
095230
095231
095232
095234
095235
095236
095237
095238
095240
095243
095244
095245
095246
095247
095249
095251
095253
095254
095255
095257
095259
095261
095262
095263
095264
095265
095267
095268
095269
095271
095272
095273
095274
095275
095279
095281
095282
095283
095284
095285
095287
095288
095289
095292
095293
095295
095296
095297
095298
095299
095300
095301
095303
095304
095306
095307
095308
095311
095313
095314
095315
095316
095317
095318
095319
095320
095322
095323
095324
095326
095327
095328
095329
095330
095331
095334
095335
095337
095339
095340
095341
095343
095344
095345
095346
095348
095349
095351
095352
095353
095357
095358
095360
095361
095363
095364
095365
095367
095368
095369
095370
095371
095372
095373
095374
095375
095376
095377
095378
095379
095381
095382
095383
095384
095386
095387
095388
095389
095390
095391
095392
095393
095394
095395
095396
095398
095399
095400
095401
095402
095403
095404
095405
095407
095408
095409
095410
095411
095412
095414
095415
095416
095417
095418
095419
095420
095421
095422
095423
095425
095426
095427
095429
095430
095431
095432
095433
095435
095436
095437
095438
095439
095441
095442
095443
095444
095445
095446
095448
095449
095450
095451
095452
095453
095454
095455
095457
095458
095459
095460
095461
095462
095463
095464
095465
095466
095467
095468
095469
095471
095472
095473
095475
095476
095478
095479
095480
095482
095483
095484
095485
095486
095487
095488
095489
095490
095491
095492
095493
095494
095495
095496
095497
095498
095499
095500
095503
095505
095506
095507
095508
095509
095511
095512
095513
095514
095516
095517
095518
095519
095521
095523
095524
095525
095527
095529
095530
095531
095532
095534
095535
095536
095537
095538
095539
095542
095543
095544
095545
095547
095548
095549
095550
095551
095552
095554
095555
095556
095557
095558
095559
095560
095561
095562
095564
095565
095566
095567
095568
095569
095571
095572
095573
095575
095577
095579
095581
095582
095583
095585
095586
095587
095588
095589
095590
095591
095592
095595
095597
095598
095599
095600
095602
095603
095604
095606
095607
095608
095609
095610
095611
095612
095614
095615
095616
095617
095618
095619
095620
095621
095622
095623
095624
095627
095628
095629
095630
095631
095632
095633
095634
095635
095636
095637
095638
095639
095640
095641
095642
095643
095644
095645
095646
095647
095648
095649
095650
095651
095652
095653
095654
095655
095656
095657
095658
095659
095660
095661
095662
095663
095665
095666
095667
095668
095669
095670
095671
095672
095673
095674
095675
095677
095678
095679
095680
095681
095682
095684
095685
095687
095688
095689
095692
095693
095694
095695
095698
095699
095700
095701
095702
095703
095704
095706
095707
095709
095710
095711
095713
095714
095715
095716
095717
095719
095720
095723
095724
095725
095726
095727
095728
095729
095730
095732
095733
095734
095735
095736
095737
095738
095739
095740
095741
095742
095743
095744
095745
095746
095747
095748
095749
095750
095751
095753
095754
095755
095756
095757
095758
095759
095761
095763
095764
095765
095769
095771
095773
095774
095775
095776
095777
095778
095779
095781
095784
095785
095786
095787
095788
095789
095791
095792
095793
095794
095795
095796
095798
095799
095800
095801
095802
095803
095804
095805
095806
095807
095808
095809
095810
095811
095812
095815
095816
095817
095818
095819
095821
095822
095823
095824
095825
095826
095827
095828
095829
095830
095831
095832
095833
095834
095836
095837
095838
095839
095840
095841
095843
095844
095845
095846
095847
095848
095850
095852
095853
095854
095855
095856
095857
095858
095859
095860
095861
095863
095864
095867
095868
095869
095870
095871
095872
095873
095874
095875
095876
095877
095878
095879
095880
095881
095882
095883
095884
095885
095886
095887
095888
095890
095893
095894
095895
095896
095898
095899
095900
095901
095903
095904
095905
095907
095908
095911
095912
095913
095915
095916
095919
095921
095923
095924
095925
095927
095928
095929
095930
095931
095932
095933
095935
095936
095937
095938
095939
095940
095942
095943
095944
095945
095946
095947
095948
095949
095950
095951
095953
095954
095955
095956
095958
095959
095960
095961
095962
095963
095964
095965
095967
095968
095969
095970
095971
095972
095973
095974
095975
095976
095977
095979
095980
095981
095982
095983
095984
095985
095987
095988
095990
095992
095993
095994
095997
096000
096001
096002
096004
096005
096006
096007
096008
096009
096010
096011
096012
096014
096015
096016
096017
096018
096019
096020
096022
096023
096024
096025
096026
096029
096030
096031
096034
096035
096036
096037
096038
096040
096041
096042
096043
096044
096045
096046
096047
096048
096049
096050
096052
096053
096057
096058
096059
096060
096061
096062
096063
096064
096065
096066
096067
096068
096069
096070
096072
096073
096074
096075
096077
096078
096081
096082
096083
096085
096086
096089
096090
096091
096092
096094
096097
096098
096100
096101
096102
096103
096104
096105
096106
096108
096111
096112
096113
096114
096115
096116
096118
096119
096120
096121
096122
096123
096126
096127
096128
096129
096130
096131
096132
096133
096134
096136
096137
096138
096139
096140
096141
096142
096143
096144
096146
096147
096148
096150
096151
096153
096155
096157
096158
096159
096160
096161
096163
096164
096165
096166
096167
096168
096169
096171
096172
096173
096174
096175
096176
096177
096178
096179
096180
096181
096182
096183
096184
096185
096186
096187
096188
096189
096190
096191
096192
096193
096194
096195
096196
096197
096198
096199
096200
096201
096203
096205
096206
096207
096208
096209
096210
096211
096212
096213
096214
096215
096216
096217
096218
096219
096221
096222
096223
096224
096226
096227
096229
096230
096231
096232
096233
096236
096237
096238
096239
096240
096241
096242
096245
096246
096247
096248
096249
096250
096251
096252
096253
096254
096255
096257
096258
096259
096260
096261
096262
096263
096264
096265
096266
096267
096269
096270
096271
096272
096273
096274
096275
096276
096277
096278
096279
096280
096281
096282
096283
096284
096288
096289
096290
096292
096293
096294
096296
096298
096299
096300
096302
096303
096304
096305
096306
096307
096308
096309
096311
096312
096313
096314
096315
096316
096317
096319
096320
096321
096322
096324
096325
096326
096328
096329
096330
096331
096332
096333
096334
096335
096336
096339
096340
096342
096343
096344
096345
096346
096347
096349
096350
096351
096352
096353
096354
096356
096357
096359
096360
096361
096362
096363
096364
096365
096367
096368
096369
096370
096372
096375
096376
096377
096378
096379
096380
096381
096382
096384
096385
096386
096387
096388
096390
096391
096393
096394
096395
096396
096397
096398
096399
096400
096401
096402
096403
096404
096405
096406
096407
096409
096410
096411
096413
096415
096416
096417
096418
096419
096420
096421
096422
096423
096425
096426
096427
096429
096430
096432
096433
096434
096435
096436
096437
096438
096440
096441
096442
096443
096444
096445
096446
096447
096448
096449
096451
096452
096453
096455
096456
096457
096458
096459
096460
096461
096462
096463
096464
096466
096467
096468
096470
096471
096473
096475
096476
096477
096478
096479
096480
096481
096483
096484
096485
096486
096487
096489
096490
096493
096494
096495
096496
096497
096498
096500
096503
096504
096505
096506
096507
096508
096509
096510
096512
096514
096515
096516
096518
096522
096523
096524
096525
096527
096528
096529
096530
096534
096538
096539
096540
096541
096542
096544
096545
096546
096547
096548
096549
096550
096551
096552
096553
096554
096555
096557
096558
096559
096561
096562
096563
096564
096565
096568
096569
096570
096571
096572
096573
096574
096576
096577
096579
096580
096581
096583
096584
096585
096586
096587
096588
096589
096590
096591
096593
096594
096595
096596
096599
096600
096601
096602
096604
096605
096607
096609
096610
096613
096614
096615
096616
096619
096620
096621
096623
096624
096627
096628
096629
096630
096632
096633
096634
096636
096637
096638
096640
096641
096642
096644
096645
096646
096647
096649
096650
096653
096654
096655
096656
096657
096659
096660
096661
096662
096663
096664
096665
096667
096669
096670
096671
096672
096673
096674
096675
096676
096677
096678
096679
096680
096681
096683
096684
096685
096687
096688
096689
096690
096691
096692
096693
096694
096695
096696
096697
096698
096699
096700
096701
096702
096703
096704
096705
096706
096709
096710
096711
096712
096713
096714
096716
096717
096718
096719
096720
096721
096722
096723
096724
096725
096726
096727
096728
096729
096732
096733
096734
096737
096738
096739
096740
096741
096742
096743
096744
096745
096746
096748
096749
096750
096751
096753
096754
096755
096756
096757
096758
096759
096760
096762
096763
096765
096766
096768
096769
096770
096772
096773
096774
096775
096776
096777
096779
096780
096781
096782
096783
096784
096785
096786
096788
096789
096790
096791
096792
096793
096795
096796
096798
096799
096800
096802
096804
096805
096806
096807
096808
096809
096810
096811
096812
096813
096815
096817
096818
096820
096822
096825
096827
096828
096829
096830
096831
096832
096833
096834
096836
096837
096838
096839
096842
096843
096844
096845
096846
096847
096848
096849
096850
096852
096853
096855
096856
096857
096858
096859
096861
096862
096863
096865
096866
096868
096870
096871
096874
096875
096876
096877
096878
096879
096880
096881
096882
096884
096885
096887
096888
096890
096891
096892
096893
096894
096896
096898
096899
096900
096902
096903
096904
096906
096907
096908
096909
096910
096912
096913
096914
096915
096916
096917
096919
096920
096921
096922
096923
096924
096925
096926
096927
096928
096930
096931
096932
096933
096934
096935
096937
096938
096939
096940
096941
096942
096943
096945
096946
096947
096949
096950
096951
096952
096953
096955
096956
096957
096958
096962
096963
096964
096966
096967
096968
096969
096970
096971
096972
096973
096974
096975
096976
096977
096978
096979
096980
096981
096982
096983
096984
096985
096986
096988
096989
096990
096992
096993
096994
096995
096996
096998
096999
097000
097001
097002
097003
097004
097005
097006
097007
097008
097009
097010
097011
097013
097015
097017
097018
097019
097020
097021
097022
097023
097024
097025
097028
097029
097030
097031
097033
097034
097035
097036
097037
097041
097042
097043
097045
097046
097047
097050
097052
097053
097055
097056
097057
097058
097059
097060
097062
097063
097064
097065
097066
097068
097069
097070
097071
097072
097073
097074
097075
097076
097077
097078
097080
097081
097083
097085
097086
097089
097090
097091
097094
097095
097096
097098
097100
097101
097102
097103
097104
097105
097106
097107
097108
097110
097112
097113
097114
097115
097116
097117
097118
097120
097121
097122
097123
097124
097125
097127
097129
097130
097131
097132
097133
097135
097137
097138
097139
097140
097141
097142
097143
097144
097145
097146
097147
097148
097149
097151
097152
097153
097154
097156
097157
097158
097160
097161
097162
097163
097164
097165
097166
097167
097168
097170
097172
097173
097174
097175
097176
097177
097178
097179
097180
097181
097182
097183
097184
097185
097186
097187
097188
097189
097190
097191
097192
097194
097195
097196
097197
097198
097200
097201
097202
097203
097204
097206
097207
097208
097209
097210
097213
097217
097218
097219
097221
097223
097224
097225
097226
097227
097231
097232
097233
097234
097235
097236
097237
097238
097239
097240
097241
097244
097245
097246
097250
097251
097252
097253
097255
097256
097257
097258
097260
097261
097262
097264
097265
097267
097268
097269
097270
097271
097272
097274
097275
097276
097279
097280
097281
097283
097284
097285
097287
097288
097290
097292
097294
097295
097296
097297
097298
097299
097300
097301
097302
097304
097305
097307
097308
097309
097311
097312
097313
097314
097315
097317
097318
097319
097320
097321
097322
097324
097326
097327
097328
097330
097331
097332
097334
097338
097339
097342
097343
097345
097346
097348
097349
097350
097352
097353
097354
097355
097357
097358
097360
097362
097363
097364
097365
097366
097368
097369
097370
097372
097373
097374
097375
097376
097377
097378
097379
097380
097383
097384
097385
097386
097387
097388
097389
097391
097392
097393
097394
097395
097397
097398
097399
097401
097402
097403
097404
097405
097406
097407
097409
097410
097411
097412
097413
097414
097416
097417
097418
097419
097420
097421
097422
097423
097424
097425
097426
097427
097428
097429
097430
097431
097432
097434
097435
097436
097437
097439
097441
097442
097446
097448
097449
097450
097453
097454
097455
097456
097458
097459
097461
097463
097465
097466
097467
097468
097469
097470
097471
097472
097474
097475
097476
097477
097478
097479
097480
097481
097483
097484
097485
097486
097489
097490
097492
097493
097494
097495
097496
097497
097498
097499
097500
097502
097503
097504
097505
097506
097508
097509
097512
097513
097515
097516
097518
097519
097521
097522
097523
097524
097526
097527
097528
097529
097531
097533
097534
097535
097536
097537
097538
097539
097540
097541
097542
097543
097544
097546
097547
097549
097550
097551
097552
097553
097554
097557
097558
097559
097562
097563
097566
097567
097568
097569
097570
097571
097572
097573
097574
097575
097576
097578
097580
097581
097582
097584
097585
097586
097587
097588
097590
097592
097593
097595
097596
097597
097598
097599
097600
097601
097602
097603
097604
097605
097606
097607
097608
097609
097611
097614
097616
097617
097619
097621
097622
097623
097624
097625
097626
097628
097629
097630
097631
097633
097634
097635
097636
097637
097639
097640
097641
097642
097645
097646
097647
097648
097649
097650
097651
097652
097653
097654
097656
097658
097659
097660
097661
097662
097663
097664
097665
097666
097667
097668
097670
097671
097672
097674
097675
097679
097680
097681
097682
097684
097685
097687
097688
097689
097690
097692
097693
097694
097695
097696
097697
097698
097699
097700
097701
097703
097704
097706
097707
097710
097711
097713
097714
097715
097717
097719
097720
097722
097723
097724
097725
097726
097727
097729
097730
097731
097732
097733
097734
097736
097737
097738
097739
097742
097743
097746
097748
097749
097750
097751
097754
097755
097756
097757
097758
097759
097760
097762
097764
097765
097766
097768
097770
097771
097772
097773
097775
097776
097777
097778
097779
097780
097781
097782
097783
097784
097785
097786
097788
097789
097790
097793
097794
097795
097796
097797
097798
097799
097802
097803
097804
097805
097806
097807
097808
097809
097810
097811
097812
097813
097815
097816
097817
097818
097819
097820
097821
097822
097824
097825
097826
097827
097829
097830
097831
097832
097833
097834
097835
097836
097837
097838
097839
097840
097841
097842
097843
097844
097846
097847
097848
097849
097850
097851
097852
097853
097854
097855
097856
097857
097858
097860
097864
097865
097866
097867
097868
097869
097870
097871
097872
097873
097874
097875
097876
097877
097879
097882
097883
097885
097886
097887
097888
097889
097890
097891
097893
097895
097896
097899
097901
097903
097905
097906
097907
097908
097910
097911
097912
097913
097914
097915
097916
097917
097918
097919
097920
097921
097922
097923
097924
097926
097928
097929
097930
097932
097934
097936
097937
097939
097940
097941
097942
097943
097944
097945
097946
097947
097948
097949
097950
097951
097953
097954
097955
097956
097957
097960
097961
097962
097963
097964
097965
097966
097968
097969
097970
097971
097973
097974
097975
097976
097977
097978
097979
097980
097981
097982
097983
097984
097985
097988
097989
097990
097991
097992
097993
097994
097995
097997
097998
098000
098001
098002
098003
098004
098005
098006
098007
098008
098009
098010
098011
098012
098013
098014
098015
098016
098017
098018
098019
098020
098022
098024
098025
098026
098027
098028
098029
098031
098032
098034
098035
098036
098038
098039
098040
098041
098043
098044
098045
098046
098047
098048
098049
098050
098052
098053
098054
098055
098056
098058
098059
098061
098062
098066
098067
098068
098069
098070
098072
098073
098074
098075
098076
098077
098078
098079
098080
098081
098082
098083
098084
098085
098086
098087
098089
098090
098091
098092
098093
098094
098095
098096
098097
098098
098099
098100
098101
098102
098103
098104
098105
098106
098107
098108
098109
098111
098113
098114
098115
098116
098118
098119
098120
098121
098122
098123
098127
098128
098129
098131
098132
098133
098135
098136
098137
098138
098139
098140
098141
098142
098144
098145
098146
098147
098148
098149
098150
098151
098152
098153
098155
098156
098157
098160
098162
098163
098164
098165
098166
098168
098169
098170
098171
098172
098173
098174
098175
098176
098177
098178
098179
098181
098182
098183
098184
098185
098186
098187
098188
098189
098191
098194
098197
098198
098199
098200
098201
098202
098203
098204
098205
098206
098207
098208
098209
098210
098212
098213
098214
098215
098219
098220
098221
098222
098223
098224
098225
098228
098229
098231
098232
098233
098235
098236
098238
098239
098240
098241
098244
098245
098246
098247
098248
098250
098251
098252
098253
098254
098255
098256
098257
098259
098260
098261
098262
098263
098264
098265
098267
098268
098269
098270
098271
098272
098274
098275
098276
098278
098280
098281
098282
098284
098285
098286
098287
098288
098289
098290
098291
098293
098295
098296
098297
098298
098300
098302
098303
098304
098305
098306
098310
098311
098312
098313
098314
098320
098321
098322
098324
098326
098327
098328
098329
098330
098331
098332
098333
098334
098335
098336
098337
098339
098341
098342
098343
098344
098345
098346
098347
098348
098349
098350
098352
098353
098355
098356
098357
098358
098360
098362
098363
098364
098365
098367
098368
098369
098370
098371
098372
098373
098374
098377
098378
098380
098381
098383
098384
098385
098386
098387
098388
098389
098390
098391
098392
098393
098394
098395
098396
098397
098399
098401
098402
098403
098404
098405
098406
098408
098409
098410
098411
098412
098414
098415
098416
098417
098418
098419
098420
098421
098422
098423
098424
098427
098428
098429
098430
098431
098432
098434
098435
098436
098437
098438
098439
098442
098443
098444
098445
098446
098448
098449
098450
098454
098455
098456
098457
098461
098464
098465
098466
098467
098468
098469
098470
098471
098472
098473
098474
098475
098476
098477
098479
098480
098483
098484
098485
098486
098488
098489
098490
098491
098492
098493
098496
098497
098498
098499
098500
098501
098502
098503
098504
098505
098506
098507
098508
098509
098510
098511
098512
098514
098515
098516
098517
098518
098519
098520
098521
098522
098523
098524
098526
098527
098529
098530
098531
098532
098533
098534
098535
098536
098537
098538
098540
098541
098543
098544
098545
098546
098547
098548
098549
098550
098551
098552
098553
098554
098555
098556
098557
098559
098560
098561
098562
098565
098566
098567
098569
098571
098572
098573
098574
098575
098578
098579
098581
098583
098585
098586
098587
098588
098590
098591
098592
098593
098594
098595
098596
098597
098598
098600
098601
098602
098605
098609
098611
098612
098614
098617
098618
098620
098622
098623
098625
098626
098627
098628
098629
098630
098631
098632
098634
098636
098637
098638
098639
098640
098642
098643
098644
098645
098646
098647
098648
098649
098652
098654
098656
098657
098658
098660
098661
098662
098663
098664
098665
098666
098667
098668
098669
098670
098671
098672
098673
098674
098675
098676
098678
098679
098682
098684
098685
098686
098687
098688
098689
098692
098693
098695
098697
098698
098699
098700
098701
098702
098703
098704
098705
098706
098707
098708
098709
098711
098712
098713
098714
098715
098717
098718
098719
098720
098721
098722
098723
098725
098726
098728
098730
098731
098733
098734
098736
098737
098739
098740
098741
098742
098743
098744
098746
098748
098749
098750
098751
098752
098753
098754
098755
098756
098757
098758
098759
098761
098762
098763
098764
098765
098769
098770
098771
098772
098773
098775
098776
098777
098779
098780
098781
098783
098784
098785
098786
098789
098791
098792
098793
098794
098795
098796
098797
098798
098799
098800
098801
098802
098803
098804
098805
098806
098807
098808
098809
098810
098813
098814
098815
098817
098818
098819
098820
098821
098822
098823
098824
098825
098826
098827
098828
098829
098830
098831
098833
098834
098835
098836
098837
098838
098839
098840
098841
098842
098843
098844
098845
098846
098847
098848
098849
098850
098851
098852
098853
098854
098855
098856
098857
098858
098859
098861
098862
098864
098865
098867
098868
098869
098870
098871
098872
098873
098874
098875
098877
098878
098879
098880
098881
098882
098883
098884
098885
098887
098888
098889
098890
098891
098893
098894
098895
098896
098897
098898
098899
098900
098901
098902
098903
098904
098905
098906
098907
098908
098910
098911
098912
098913
098914
098915
098916
098917
098918
098919
098920
098921
098922
098924
098925
098927
098928
098929
098931
098932
098933
098935
098936
098937
098938
098940
098941
098942
098943
098944
098945
098946
098947
098949
098950
098951
098952
098954
098955
098956
098958
098959
098961
098962
098963
098964
098968
098969
098973
098974
098975
098976
098977
098978
098979
098980
098981
098984
098985
098987
098988
098989
098990
098991
098992
098993
098994
098996
098997
098998
098999
099000
099001
099002
099003
099004
099007
099008
099010
099011
099012
099014
099015
099016
099018
099019
099020
099022
099023
099024
099025
099026
099027
099028
099029
099031
099034
099035
099037
099039
099040
099041
099042
099044
099045
099046
099048
099049
099051
099052
099054
099056
099057
099058
099059
099062
099063
099064
099065
099067
099069
099070
099072
099073
099074
099075
099076
099077
099078
099079
099080
099082
099083
099084
099085
099086
099087
099088
099089
099090
099091
099092
099093
099095
099096
099097
099098
099099
099101
099102
099104
099105
099108
099109
099110
099111
099113
099114
099115
099116
099118
099119
099120
099121
099122
099123
099124
099125
099126
099127
099128
099129
099130
099131
099132
099133
099134
099135
099136
099137
099138
099140
099141
099143
099144
099145
099146
099147
099148
099149
099150
099151
099152
099153
099154
099156
099157
099158
099159
099160
099161
099162
099163
099164
099165
099166
099168
099170
099171
099172
099173
099174
099177
099178
099179
099181
099183
099184
099185
099186
099187
099188
099189
099190
099191
099192
099194
099195
099196
099197
099199
099201
099203
099204
099205
099206
099207
099208
099209
099210
099211
099212
099213
099215
099217
099220
099221
099222
099223
099224
099225
099227
099228
099231
099232
099234
099235
099236
099238
099239
099240
099242
099243
099247
099248
099249
099250
099251
099252
099253
099254
099256
099257
099258
099259
099260
099261
099262
099263
099266
099268
099270
099271
099273
099274
099275
099278
099279
099280
099281
099284
099285
099286
099287
099288
099289
099291
099292
099293
099294
099295
099296
099297
099298
099299
099300
099301
099303
099304
099305
099306
099307
099308
099309
099310
099311
099312
099313
099314
099315
099317
099318
099319
099320
099321
099322
099323
099325
099326
099327
099329
099330
099332
099334
099336
099339
099340
099341
099342
099343
099344
099345
099346
099349
099350
099351
099352
099353
099354
099355
099356
099358
099359
099360
099361
099362
099363
099364
099366
099369
099370
099371
099372
099373
099374
099375
099376
099377
099378
099379
099381
099382
099383
099384
099385
099386
099387
099389
099390
099392
099393
099394
099395
099396
099397
099398
099400
099401
099402
099403
099406
099407
099408
099409
099410
099411
099412
099413
099414
099415
099416
099417
099418
099419
099421
099422
099424
099425
099426
099427
099429
099430
099431
099432
099433
099434
099436
099437
099439
099440
099441
099443
099444
099445
099446
099447
099448
099449
099450
099451
099452
099453
099454
099455
099457
099458
099460
099461
099462
099463
099465
099466
099467
099468
099470
099471
099472
099473
099474
099477
099478
099479
099481
099482
099483
099484
099485
099488
099489
099490
099491
099492
099495
099496
099497
099498
099499
099500
099502
099503
099504
099506
099507
099509
099510
099511
099513
099515
099516
099517
099519
099520
099521
099522
099523
099525
099526
099527
099528
099529
099530
099531
099532
099534
099535
099536
099537
099538
099540
099541
099542
099543
099544
099545
099546
099547
099548
099549
099550
099551
099552
099553
099554
099556
099557
099558
099559
099560
099562
099564
099565
099566
099568
099569
099570
099571
099572
099573
099574
099575
099576
099577
099578
099579
099580
099581
099583
099584
099585
099586
099587
099588
099591
099592
099593
099594
099595
099596
099597
099598
099599
099600
099601
099603
099604
099606
099607
099609
099611
099612
099613
099614
099615
099616
099617
099618
099619
099620
099622
099623
099624
099625
099626
099630
099631
099632
099633
099634
099635
099636
099637
099638
099639
099640
099641
099642
099643
099644
099645
099646
099647
099648
099649
099650
099651
099653
099654
099655
099656
099657
099658
099660
099661
099663
099665
099666
099667
099668
099669
099670
099671
099672
099673
099674
099675
099677
099678
099679
099680
099681
099682
099684
099685
099686
099687
099688
099689
099691
099693
099694
099695
099696
099697
099698
099699
099702
099703
099704
099705
099707
099708
099709
099710
099711
099712
099713
099714
099716
099717
099718
099719
099720
099722
099725
099726
099728
099729
099730
099731
099732
099733
099734
099739
099740
099741
099742
099743
099746
099747
099748
099749
099750
099752
099754
099755
099757
099758
099759
099760
099761
099763
099765
099766
099767
099769
099770
099771
099772
099773
099774
099775
099776
099777
099778
099779
099780
099781
099782
099783
099784
099785
099786
099787
099788
099789
099790
099791
099796
099798
099799
099800
099802
099804
099805
099807
099810
099812
099813
099814
099815
099816
099817
099819
099820
099821
099824
099826
099827
099829
099830
099832
099833
099834
099835
099836
099837
099838
099842
099844
099846
099847
099848
099849
099850
099852
099853
099854
099855
099856
099857
099858
099859
099860
099861
099862
099864
099867
099868
099870
099871
099873
099875
099877
099878
099879
099881
099882
099883
099884
099885
099886
099887
099888
099889
099890
099891
099892
099893
099894
099896
099897
099898
099899
099901
099902
099905
099906
099907
099908
099909
099910
099911
099912
099913
099914
099915
099916
099917
099918
099919
099920
099921
099924
099925
099927
099929
099930
099931
099932
099933
099934
099935
099936
099937
099938
099939
099941
099942
099943
099944
099945
099946
099949
099950
099951
099953
099954
099955
099956
099958
099959
099960
099962
099963
099965
099966
099969
099970
099971
099973
099974
099975
099976
099977
099978
099979
099980
099981
099982
099983
099984
099985
099986
099987
099988
099989
099990
099991
099992
099993
099994
099995
099996
099997
099998
099999
