2026/05/05 16:19:34 - mmengine - INFO - 
------------------------------------------------------------
System environment:
    sys.platform: linux
    Python: 3.10.20 | packaged by conda-forge | (main, Mar  5 2026, 16:42:22) [GCC 14.3.0]
    CUDA available: True
    MUSA available: False
    numpy_random_seed: 1865520343
    GPU 0: NVIDIA A100-SXM4-40GB
    CUDA_HOME: None
    GCC: gcc (GCC) 8.5.0 20210514 (Red Hat 8.5.0-28)
    PyTorch: 2.4.0+cu121
    PyTorch compiling details: PyTorch built with:
  - GCC 9.3
  - C++ Version: 201703
  - Intel(R) oneAPI Math Kernel Library Version 2022.2-Product Build 20220804 for Intel(R) 64 architecture applications
  - Intel(R) MKL-DNN v3.4.2 (Git Hash 1137e04ec0b5251ca2b4400a4fd3c667ce843d67)
  - OpenMP 201511 (a.k.a. OpenMP 4.5)
  - LAPACK is enabled (usually provided by MKL)
  - NNPACK is enabled
  - CPU capability usage: AVX2
  - CUDA Runtime 12.1
  - NVCC architecture flags: -gencode;arch=compute_50,code=sm_50;-gencode;arch=compute_60,code=sm_60;-gencode;arch=compute_70,code=sm_70;-gencode;arch=compute_75,code=sm_75;-gencode;arch=compute_80,code=sm_80;-gencode;arch=compute_86,code=sm_86;-gencode;arch=compute_90,code=sm_90
  - CuDNN 90.1  (built against CUDA 12.4)
  - Magma 2.6.1
  - Build settings: BLAS_INFO=mkl, BUILD_TYPE=Release, CUDA_VERSION=12.1, CUDNN_VERSION=9.1.0, CXX_COMPILER=/opt/rh/devtoolset-9/root/usr/bin/c++, CXX_FLAGS= -D_GLIBCXX_USE_CXX11_ABI=0 -fabi-version=11 -fvisibility-inlines-hidden -DUSE_PTHREADPOOL -DNDEBUG -DUSE_KINETO -DLIBKINETO_NOROCTRACER -DUSE_FBGEMM -DUSE_PYTORCH_QNNPACK -DUSE_XNNPACK -DSYMBOLICATE_MOBILE_DEBUG_HANDLE -O2 -fPIC -Wall -Wextra -Werror=return-type -Werror=non-virtual-dtor -Werror=bool-operation -Wnarrowing -Wno-missing-field-initializers -Wno-type-limits -Wno-array-bounds -Wno-unknown-pragmas -Wno-unused-parameter -Wno-unused-function -Wno-unused-result -Wno-strict-overflow -Wno-strict-aliasing -Wno-stringop-overflow -Wsuggest-override -Wno-psabi -Wno-error=pedantic -Wno-error=old-style-cast -Wno-missing-braces -fdiagnostics-color=always -faligned-new -Wno-unused-but-set-variable -Wno-maybe-uninitialized -fno-math-errno -fno-trapping-math -Werror=format -Wno-stringop-overflow, LAPACK_INFO=mkl, PERF_WITH_AVX=1, PERF_WITH_AVX2=1, PERF_WITH_AVX512=1, TORCH_VERSION=2.4.0, USE_CUDA=ON, USE_CUDNN=ON, USE_CUSPARSELT=1, USE_EXCEPTION_PTR=1, USE_GFLAGS=OFF, USE_GLOG=OFF, USE_GLOO=ON, USE_MKL=ON, USE_MKLDNN=ON, USE_MPI=OFF, USE_NCCL=1, USE_NNPACK=ON, USE_OPENMP=ON, USE_ROCM=OFF, USE_ROCM_KERNEL_ASSERT=OFF, 

    TorchVision: 0.19.0+cu121
    OpenCV: 4.9.0
    MMEngine: 0.10.7

Runtime environment:
    cudnn_benchmark: False
    mp_cfg: {'mp_start_method': 'fork', 'opencv_num_threads': 0}
    dist_cfg: {'backend': 'nccl'}
    seed: 1865520343
    Distributed launcher: slurm
    Distributed training: True
    GPU number: 4
------------------------------------------------------------

2026/05/05 16:19:35 - mmengine - INFO - Config:
_VIS_EPOCHS = (
    1,
    3,
    5,
    7,
    10,
    12,
)
auto_scale_lr = dict(enable=False)
backend_args = None
class_names = [
    'pedestrian',
]
custom_hooks = [
    dict(
        camera_ckpt=
        '/home/users/u103958/projects/multimodal-MoE/outputs/runs/zod_camera_only/zod-cam-only_4469392/best_mAP_0.50_epoch_11.pth',
        camera_modules=[
            'img_backbone',
            'img_neck',
            'view_transform',
        ],
        lidar_ckpt=
        '/home/users/u103958/projects/multimodal-MoE/outputs/runs/zod_lidar_only/zod-lidar-only_4454825/best_mAP_0.50_epoch_18.pth',
        lidar_modules=[
            'pts_middle_encoder',
            'pts_backbone',
            'pts_neck',
            'bbox_head',
        ],
        type='DualCheckpointInitHook'),
    dict(
        type='BEVFeatureVisualizationHook', vis_epochs=(
            1,
            3,
            5,
            7,
            10,
            12,
        )),
    dict(
        score_thr=0.15,
        type='BEVPredictionVisualizationHook',
        vis_epochs=(
            1,
            3,
            5,
            7,
            10,
            12,
        )),
    dict(
        score_thr=0.15,
        type='BEVValPredictionVisualizationHook',
        vis_epochs=(
            1,
            3,
            5,
            7,
            10,
            12,
        )),
    dict(
        type='BEVCameraFeatureVisualizationHook',
        vis_epochs=(
            1,
            3,
            5,
            7,
            10,
            12,
        )),
    dict(
        type='DepthTransformDiagnosticHook', vis_epochs=(
            1,
            3,
            5,
            7,
            10,
            12,
        )),
    dict(type='TrainingEfficiencyHook'),
    dict(type='RunSummaryHook'),
    dict(type='DepthProjectionDebugHook', vis_epochs=(
        1,
        3,
        5,
        7,
        10,
        12,
    )),
    dict(
        filename='val_curve_ap_0_50_0_5m',
        metric_keys=(
            'mAP_0.50',
            'mAP_0.5m',
        ),
        type='ValidationCurveHook'),
]
custom_imports = dict(
    allow_failed_imports=False, imports=[
        'projects.BEVFusion.bevfusion',
    ])
data_prefix = dict(CAM_FRONT='', pts='')
data_root = '/mnt/tier2/project/p201222/u103958/zod_moe/zod_nuscenes/'
dataset_type = 'ZODDataset'
default_hooks = dict(
    checkpoint=dict(
        interval=2,
        rule='greater',
        save_best='mAP_0.50',
        type='CheckpointHook'),
    logger=dict(interval=50, type='LoggerHook'),
    param_scheduler=dict(type='ParamSchedulerHook'),
    sampler_seed=dict(type='DistSamplerSeedHook'),
    timer=dict(type='IterTimerHook'),
    visualization=dict(type='Det3DVisualizationHook'))
default_scope = 'mmdet3d'
env_cfg = dict(
    cudnn_benchmark=False,
    dist_cfg=dict(backend='nccl'),
    mp_cfg=dict(mp_start_method='fork', opencv_num_threads=0))
grid_size = [
    1440,
    1440,
    40,
]
input_modality = dict(use_camera=True, use_lidar=True)
launcher = 'slurm'
load_from = None
log_level = 'INFO'
log_processor = dict(by_epoch=True, type='LogProcessor', window_size=50)
lr = 5e-05
metainfo = dict(
    box_type_3d='LiDAR', classes=[
        'pedestrian',
    ])
model = dict(
    bbox_head=dict(
        auxiliary=True,
        bbox_coder=dict(
            code_size=8,
            out_size_factor=8,
            pc_range=[
                0.0,
                -54.0,
            ],
            post_center_range=[
                0.0,
                -54.0,
                -10.0,
                108.0,
                54.0,
                10.0,
            ],
            score_threshold=0.0,
            type='TransFusionBBoxCoder',
            voxel_size=[
                0.075,
                0.075,
            ]),
        bn_momentum=0.1,
        common_heads=dict(
            center=[
                2,
                2,
            ], dim=[
                3,
                2,
            ], height=[
                1,
                2,
            ], rot=[
                2,
                2,
            ]),
        decoder_layer=dict(
            cross_attn_cfg=dict(dropout=0.1, embed_dims=128, num_heads=8),
            ffn_cfg=dict(
                act_cfg=dict(inplace=True, type='ReLU'),
                embed_dims=128,
                feedforward_channels=256,
                ffn_drop=0.1,
                num_fcs=2),
            norm_cfg=dict(type='LN'),
            pos_encoding_cfg=dict(input_channel=2, num_pos_feats=128),
            self_attn_cfg=dict(dropout=0.1, embed_dims=128, num_heads=8),
            type='TransformerDecoderLayer'),
        hidden_channel=128,
        in_channels=512,
        loss_bbox=dict(
            loss_weight=0.25, reduction='mean', type='mmdet.L1Loss'),
        loss_cls=dict(
            alpha=0.25,
            gamma=2.0,
            loss_weight=1.0,
            reduction='mean',
            type='mmdet.FocalLoss',
            use_sigmoid=True),
        loss_heatmap=dict(
            loss_weight=1.0, reduction='mean', type='mmdet.GaussianFocalLoss'),
        nms_kernel_size=3,
        num_classes=1,
        num_decoder_layers=1,
        num_proposals=500,
        test_cfg=dict(
            dataset='custom_zod',
            grid_size=[
                1440,
                1440,
                40,
            ],
            nms_type='circle',
            out_size_factor=8,
            pc_range=[
                0.0,
                -54.0,
            ],
            voxel_size=[
                0.075,
                0.075,
            ]),
        train_cfg=dict(
            assigner=dict(
                cls_cost=dict(
                    alpha=0.25,
                    gamma=2.0,
                    type='mmdet.FocalLossCost',
                    weight=0.15),
                iou_calculator=dict(coordinate='lidar', type='BboxOverlaps3D'),
                iou_cost=dict(type='IoU3DCost', weight=0.25),
                reg_cost=dict(type='BBoxBEVL1Cost', weight=0.25),
                type='HungarianAssigner3D'),
            code_weights=[
                1.0,
                1.0,
                1.0,
                1.0,
                1.0,
                1.0,
                1.0,
                1.0,
            ],
            dataset='custom_zod',
            gaussian_overlap=0.1,
            grid_size=[
                1440,
                1440,
                40,
            ],
            min_radius=2,
            out_size_factor=8,
            point_cloud_range=[
                0.0,
                -54.0,
                -5.0,
                108.0,
                54.0,
                3.0,
            ],
            pos_weight=-1,
            voxel_size=[
                0.075,
                0.075,
                0.2,
            ]),
        type='TransFusionHead'),
    data_preprocessor=dict(
        bgr_to_rgb=False,
        mean=[
            123.675,
            116.28,
            103.53,
        ],
        pad_size_divisor=32,
        std=[
            58.395,
            57.12,
            57.375,
        ],
        type='Det3DDataPreprocessor',
        voxelize_cfg=dict(
            max_num_points=10,
            max_voxels=[
                200000,
                240000,
            ],
            point_cloud_range=[
                0.0,
                -54.0,
                -5.0,
                108.0,
                54.0,
                3.0,
            ],
            voxel_size=[
                0.075,
                0.075,
                0.2,
            ],
            voxelize_reduce=True)),
    fusion_layer=dict(
        in_channels=[
            80,
            256,
        ], out_channels=256, type='ConvFuser'),
    img_backbone=dict(
        attn_drop_rate=0.0,
        convert_weights=True,
        depths=[
            2,
            2,
            6,
            2,
        ],
        drop_path_rate=0.2,
        drop_rate=0.0,
        embed_dims=96,
        init_cfg=dict(
            checkpoint=
            '/mnt/tier2/project/p201222/u103958/checkpoints/swin_tiny_patch4_window7_224.pth',
            type='Pretrained'),
        mlp_ratio=4,
        num_heads=[
            3,
            6,
            12,
            24,
        ],
        out_indices=[
            1,
            2,
            3,
        ],
        patch_norm=True,
        qk_scale=None,
        qkv_bias=True,
        type='mmdet.SwinTransformer',
        window_size=7,
        with_cp=False),
    img_neck=dict(
        act_cfg=dict(inplace=True, type='ReLU'),
        in_channels=[
            192,
            384,
            768,
        ],
        norm_cfg=dict(requires_grad=True, type='BN2d'),
        num_outs=3,
        out_channels=256,
        start_level=0,
        type='GeneralizedLSSFPN',
        upsample_cfg=dict(align_corners=False, mode='bilinear')),
    pts_backbone=dict(
        conv_cfg=dict(bias=False, type='Conv2d'),
        in_channels=256,
        layer_nums=[
            5,
            5,
        ],
        layer_strides=[
            1,
            2,
        ],
        norm_cfg=dict(eps=0.001, momentum=0.01, type='BN'),
        out_channels=[
            128,
            256,
        ],
        type='SECOND'),
    pts_middle_encoder=dict(
        block_type='basicblock',
        encoder_channels=(
            (
                16,
                16,
                32,
            ),
            (
                32,
                32,
                64,
            ),
            (
                64,
                64,
                128,
            ),
            (
                128,
                128,
            ),
        ),
        encoder_paddings=(
            (
                0,
                0,
                1,
            ),
            (
                0,
                0,
                1,
            ),
            (
                0,
                0,
                (
                    1,
                    1,
                    0,
                ),
            ),
            (
                0,
                0,
            ),
        ),
        in_channels=4,
        norm_cfg=dict(eps=0.001, momentum=0.01, type='BN1d'),
        order=(
            'conv',
            'norm',
            'act',
        ),
        sparse_shape=[
            1440,
            1440,
            41,
        ],
        type='BEVFusionSparseEncoder'),
    pts_neck=dict(
        in_channels=[
            128,
            256,
        ],
        norm_cfg=dict(eps=0.001, momentum=0.01, type='BN'),
        out_channels=[
            256,
            256,
        ],
        type='SECONDFPN',
        upsample_cfg=dict(bias=False, type='deconv'),
        upsample_strides=[
            1,
            2,
        ],
        use_conv_for_no_stride=True),
    pts_voxel_encoder=dict(num_features=4, type='HardSimpleVFE'),
    type='BEVFusion',
    view_transform=dict(
        aux_depth_loss_weight=0.5,
        dbound=[
            1.0,
            90.0,
            0.5,
        ],
        downsample=2,
        feature_size=[
            88,
            156,
        ],
        image_size=[
            704,
            1248,
        ],
        in_channels=256,
        out_channels=80,
        splat_radius=1,
        type='DepthLSSTransform',
        xbound=[
            0.0,
            108.0,
            0.3,
        ],
        ybound=[
            -54.0,
            54.0,
            0.3,
        ],
        zbound=[
            -10.0,
            10.0,
            20.0,
        ]))
optim_wrapper = dict(
    clip_grad=dict(max_norm=10, norm_type=2),
    loss_scale='dynamic',
    optimizer=dict(lr=5e-05, type='AdamW', weight_decay=0.01),
    type='AmpOptimWrapper')
out_size_factor = 8
param_scheduler = [
    dict(
        begin=0,
        by_epoch=False,
        end=500,
        start_factor=0.33333333,
        type='LinearLR'),
    dict(
        T_max=4,
        begin=0,
        by_epoch=True,
        convert_to_iter_based=True,
        end=4,
        eta_min=0.0005,
        type='CosineAnnealingLR'),
    dict(
        T_max=8,
        begin=4,
        by_epoch=True,
        convert_to_iter_based=True,
        end=12,
        eta_min=5e-09,
        type='CosineAnnealingLR'),
    dict(
        T_max=4,
        begin=0,
        by_epoch=True,
        convert_to_iter_based=True,
        end=4,
        eta_min=0.8947368421052632,
        type='CosineAnnealingMomentum'),
    dict(
        T_max=8,
        begin=4,
        by_epoch=True,
        convert_to_iter_based=True,
        end=12,
        eta_min=1,
        type='CosineAnnealingMomentum'),
]
point_cloud_range = [
    0.0,
    -54.0,
    -5.0,
    108.0,
    54.0,
    3.0,
]
resume = False
sparse_shape = [
    1440,
    1440,
    41,
]
test_cfg = dict()
test_dataloader = dict(
    batch_size=2,
    dataset=dict(
        ann_file='infos/zod_nuscenes_infos_test.pkl',
        backend_args=None,
        box_type_3d='LiDAR',
        data_prefix=dict(CAM_FRONT='', pts=''),
        data_root='/mnt/tier2/project/p201222/u103958/zod_moe/zod_nuscenes/',
        metainfo=dict(box_type_3d='LiDAR', classes=[
            'pedestrian',
        ]),
        modality=dict(use_camera=True, use_lidar=True),
        pipeline=[
            dict(
                backend_args=None,
                color_type='color',
                num_views=1,
                to_float32=True,
                type='BEVLoadMultiViewImageFromFiles'),
            dict(
                backend_args=None,
                coord_type='LIDAR',
                load_dim=4,
                type='LoadPointsFromFile',
                use_dim=4),
            dict(
                bot_pct_lim=[
                    0.0,
                    0.0,
                ],
                final_dim=[
                    704,
                    1248,
                ],
                is_train=False,
                rand_flip=False,
                resize_lim=[
                    1.0,
                    1.0,
                ],
                rot_lim=[
                    0.0,
                    0.0,
                ],
                type='ImageAug3D'),
            dict(
                point_cloud_range=[
                    0.0,
                    -54.0,
                    -5.0,
                    108.0,
                    54.0,
                    3.0,
                ],
                type='PointsRangeFilter'),
            dict(
                keys=[
                    'img',
                    'points',
                    'gt_bboxes_3d',
                    'gt_labels_3d',
                ],
                meta_keys=[
                    'cam2img',
                    'ori_cam2img',
                    'lidar2cam',
                    'lidar2img',
                    'cam2lidar',
                    'img_aug_matrix',
                    'box_type_3d',
                    'sample_idx',
                    'lidar_path',
                    'img_path',
                    'num_pts_feats',
                ],
                type='Pack3DDetInputs'),
        ],
        test_mode=True,
        type='ZODDataset',
        use_valid_flag=False,
        with_velocity=False),
    drop_last=False,
    num_workers=4,
    persistent_workers=True,
    sampler=dict(shuffle=False, type='DefaultSampler'))
test_evaluator = [
    dict(iou_thr=[
        0.25,
        0.5,
    ], type='IndoorMetric'),
    dict(dist_thr=[
        0.5,
        1.0,
        2.0,
        4.0,
    ], type='CenterDistanceMetric'),
]
test_pipeline = [
    dict(
        backend_args=None,
        color_type='color',
        num_views=1,
        to_float32=True,
        type='BEVLoadMultiViewImageFromFiles'),
    dict(
        backend_args=None,
        coord_type='LIDAR',
        load_dim=4,
        type='LoadPointsFromFile',
        use_dim=4),
    dict(
        bot_pct_lim=[
            0.0,
            0.0,
        ],
        final_dim=[
            704,
            1248,
        ],
        is_train=False,
        rand_flip=False,
        resize_lim=[
            1.0,
            1.0,
        ],
        rot_lim=[
            0.0,
            0.0,
        ],
        type='ImageAug3D'),
    dict(
        point_cloud_range=[
            0.0,
            -54.0,
            -5.0,
            108.0,
            54.0,
            3.0,
        ],
        type='PointsRangeFilter'),
    dict(
        keys=[
            'img',
            'points',
            'gt_bboxes_3d',
            'gt_labels_3d',
        ],
        meta_keys=[
            'cam2img',
            'ori_cam2img',
            'lidar2cam',
            'lidar2img',
            'cam2lidar',
            'img_aug_matrix',
            'box_type_3d',
            'sample_idx',
            'lidar_path',
            'img_path',
            'num_pts_feats',
        ],
        type='Pack3DDetInputs'),
]
train_cfg = dict(by_epoch=True, max_epochs=12, val_interval=1)
train_dataloader = dict(
    batch_size=4,
    dataset=dict(
        ann_file='infos/zod_nuscenes_infos_train.pkl',
        box_type_3d='LiDAR',
        data_prefix=dict(CAM_FRONT='', pts=''),
        data_root='/mnt/tier2/project/p201222/u103958/zod_moe/zod_nuscenes/',
        filter_empty_gt=False,
        metainfo=dict(box_type_3d='LiDAR', classes=[
            'pedestrian',
        ]),
        modality=dict(use_camera=True, use_lidar=True),
        pipeline=[
            dict(
                backend_args=None,
                color_type='color',
                num_views=1,
                to_float32=True,
                type='BEVLoadMultiViewImageFromFiles'),
            dict(
                backend_args=None,
                coord_type='LIDAR',
                load_dim=4,
                type='LoadPointsFromFile',
                use_dim=4),
            dict(
                type='LoadAnnotations3D',
                with_attr_label=False,
                with_bbox_3d=True,
                with_label_3d=True),
            dict(
                bot_pct_lim=[
                    0.0,
                    0.0,
                ],
                final_dim=[
                    704,
                    1248,
                ],
                is_train=True,
                rand_flip=False,
                resize_lim=[
                    1.0,
                    1.0,
                ],
                rot_lim=[
                    0.0,
                    0.0,
                ],
                type='ImageAug3D'),
            dict(
                rot_range=[
                    0,
                    0,
                ],
                scale_ratio_range=[
                    0.9,
                    1.1,
                ],
                translation_std=0.5,
                type='BEVFusionGlobalRotScaleTrans'),
            dict(
                point_cloud_range=[
                    0.0,
                    -54.0,
                    -5.0,
                    108.0,
                    54.0,
                    3.0,
                ],
                type='PointsRangeFilter'),
            dict(
                point_cloud_range=[
                    0.0,
                    -54.0,
                    -5.0,
                    108.0,
                    54.0,
                    3.0,
                ],
                type='ObjectRangeFilter'),
            dict(classes=[
                'pedestrian',
            ], type='ObjectNameFilter'),
            dict(
                fixed_prob=True,
                max_epoch=10,
                mode=1,
                offset=False,
                prob=0.0,
                ratio=0.5,
                rotate=1,
                type='GridMask',
                use_h=True,
                use_w=True),
            dict(type='PointShuffle'),
            dict(
                keys=[
                    'points',
                    'img',
                    'gt_bboxes_3d',
                    'gt_labels_3d',
                ],
                meta_keys=[
                    'cam2img',
                    'ori_cam2img',
                    'lidar2cam',
                    'lidar2img',
                    'cam2lidar',
                    'img_aug_matrix',
                    'box_type_3d',
                    'sample_idx',
                    'lidar_path',
                    'img_path',
                    'transformation_3d_flow',
                    'pcd_rotation',
                    'pcd_scale_factor',
                    'pcd_trans',
                    'lidar_aug_matrix',
                    'num_pts_feats',
                ],
                type='Pack3DDetInputs'),
        ],
        test_mode=False,
        type='ZODDataset',
        use_valid_flag=False,
        with_velocity=False),
    num_workers=4,
    persistent_workers=True,
    sampler=dict(shuffle=True, type='DefaultSampler'))
train_pipeline = [
    dict(
        backend_args=None,
        color_type='color',
        num_views=1,
        to_float32=True,
        type='BEVLoadMultiViewImageFromFiles'),
    dict(
        backend_args=None,
        coord_type='LIDAR',
        load_dim=4,
        type='LoadPointsFromFile',
        use_dim=4),
    dict(
        type='LoadAnnotations3D',
        with_attr_label=False,
        with_bbox_3d=True,
        with_label_3d=True),
    dict(
        bot_pct_lim=[
            0.0,
            0.0,
        ],
        final_dim=[
            704,
            1248,
        ],
        is_train=True,
        rand_flip=False,
        resize_lim=[
            1.0,
            1.0,
        ],
        rot_lim=[
            0.0,
            0.0,
        ],
        type='ImageAug3D'),
    dict(
        rot_range=[
            0,
            0,
        ],
        scale_ratio_range=[
            0.9,
            1.1,
        ],
        translation_std=0.5,
        type='BEVFusionGlobalRotScaleTrans'),
    dict(
        point_cloud_range=[
            0.0,
            -54.0,
            -5.0,
            108.0,
            54.0,
            3.0,
        ],
        type='PointsRangeFilter'),
    dict(
        point_cloud_range=[
            0.0,
            -54.0,
            -5.0,
            108.0,
            54.0,
            3.0,
        ],
        type='ObjectRangeFilter'),
    dict(classes=[
        'pedestrian',
    ], type='ObjectNameFilter'),
    dict(
        fixed_prob=True,
        max_epoch=10,
        mode=1,
        offset=False,
        prob=0.0,
        ratio=0.5,
        rotate=1,
        type='GridMask',
        use_h=True,
        use_w=True),
    dict(type='PointShuffle'),
    dict(
        keys=[
            'points',
            'img',
            'gt_bboxes_3d',
            'gt_labels_3d',
        ],
        meta_keys=[
            'cam2img',
            'ori_cam2img',
            'lidar2cam',
            'lidar2img',
            'cam2lidar',
            'img_aug_matrix',
            'box_type_3d',
            'sample_idx',
            'lidar_path',
            'img_path',
            'transformation_3d_flow',
            'pcd_rotation',
            'pcd_scale_factor',
            'pcd_trans',
            'lidar_aug_matrix',
            'num_pts_feats',
        ],
        type='Pack3DDetInputs'),
]
val_cfg = dict()
val_dataloader = dict(
    batch_size=2,
    dataset=dict(
        ann_file='infos/zod_nuscenes_infos_val.pkl',
        backend_args=None,
        box_type_3d='LiDAR',
        data_prefix=dict(CAM_FRONT='', pts=''),
        data_root='/mnt/tier2/project/p201222/u103958/zod_moe/zod_nuscenes/',
        metainfo=dict(box_type_3d='LiDAR', classes=[
            'pedestrian',
        ]),
        modality=dict(use_camera=True, use_lidar=True),
        pipeline=[
            dict(
                backend_args=None,
                color_type='color',
                num_views=1,
                to_float32=True,
                type='BEVLoadMultiViewImageFromFiles'),
            dict(
                backend_args=None,
                coord_type='LIDAR',
                load_dim=4,
                type='LoadPointsFromFile',
                use_dim=4),
            dict(
                bot_pct_lim=[
                    0.0,
                    0.0,
                ],
                final_dim=[
                    704,
                    1248,
                ],
                is_train=False,
                rand_flip=False,
                resize_lim=[
                    1.0,
                    1.0,
                ],
                rot_lim=[
                    0.0,
                    0.0,
                ],
                type='ImageAug3D'),
            dict(
                point_cloud_range=[
                    0.0,
                    -54.0,
                    -5.0,
                    108.0,
                    54.0,
                    3.0,
                ],
                type='PointsRangeFilter'),
            dict(
                keys=[
                    'img',
                    'points',
                    'gt_bboxes_3d',
                    'gt_labels_3d',
                ],
                meta_keys=[
                    'cam2img',
                    'ori_cam2img',
                    'lidar2cam',
                    'lidar2img',
                    'cam2lidar',
                    'img_aug_matrix',
                    'box_type_3d',
                    'sample_idx',
                    'lidar_path',
                    'img_path',
                    'num_pts_feats',
                ],
                type='Pack3DDetInputs'),
        ],
        test_mode=True,
        type='ZODDataset',
        use_valid_flag=False,
        with_velocity=False),
    drop_last=False,
    num_workers=4,
    persistent_workers=True,
    sampler=dict(shuffle=False, type='DefaultSampler'))
val_evaluator = [
    dict(iou_thr=[
        0.25,
        0.5,
    ], type='IndoorMetric'),
    dict(dist_thr=[
        0.5,
        1.0,
        2.0,
        4.0,
    ], type='CenterDistanceMetric'),
]
vis_backends = [
    dict(type='LocalVisBackend'),
]
visualizer = dict(
    name='visualizer',
    type='Det3DLocalVisualizer',
    vis_backends=[
        dict(type='LocalVisBackend'),
    ])
voxel_size = [
    0.075,
    0.075,
    0.2,
]
work_dir = '/home/users/u103958/projects/multimodal-MoE/outputs/runs/zod_bevfusion_dualinit/bevfusion-dualinit_4543552'

2026/05/05 16:20:02 - mmengine - INFO - Loads checkpoint by local backend from path: /mnt/tier2/project/p201222/u103958/checkpoints/swin_tiny_patch4_window7_224.pth
2026/05/05 16:20:02 - mmengine - INFO - Hooks will be executed in the following order:
before_run:
(VERY_HIGH   ) RuntimeInfoHook                    
(VERY_HIGH   ) DualCheckpointInitHook             
(BELOW_NORMAL) LoggerHook                         
(LOW         ) ValidationCurveHook                
 -------------------- 
before_train:
(VERY_HIGH   ) RuntimeInfoHook                    
(NORMAL      ) IterTimerHook                      
(BELOW_NORMAL) TrainingEfficiencyHook             
(VERY_LOW    ) CheckpointHook                     
(VERY_LOW    ) RunSummaryHook                     
 -------------------- 
before_train_epoch:
(VERY_HIGH   ) RuntimeInfoHook                    
(NORMAL      ) IterTimerHook                      
(NORMAL      ) DistSamplerSeedHook                
(BELOW_NORMAL) TrainingEfficiencyHook             
 -------------------- 
before_train_iter:
(VERY_HIGH   ) RuntimeInfoHook                    
(NORMAL      ) IterTimerHook                      
 -------------------- 
after_train_iter:
(VERY_HIGH   ) RuntimeInfoHook                    
(NORMAL      ) IterTimerHook                      
(BELOW_NORMAL) LoggerHook                         
(BELOW_NORMAL) TrainingEfficiencyHook             
(LOW         ) ParamSchedulerHook                 
(VERY_LOW    ) CheckpointHook                     
(VERY_LOW    ) RunSummaryHook                     
 -------------------- 
after_train_epoch:
(NORMAL      ) IterTimerHook                      
(BELOW_NORMAL) TrainingEfficiencyHook             
(LOW         ) ParamSchedulerHook                 
(LOW         ) BEVFeatureVisualizationHook        
(LOW         ) BEVPredictionVisualizationHook     
(LOW         ) BEVValPredictionVisualizationHook  
(LOW         ) BEVCameraFeatureVisualizationHook  
(LOW         ) DepthTransformDiagnosticHook       
(LOW         ) DepthProjectionDebugHook           
(VERY_LOW    ) CheckpointHook                     
 -------------------- 
before_val:
(VERY_HIGH   ) RuntimeInfoHook                    
 -------------------- 
before_val_epoch:
(NORMAL      ) IterTimerHook                      
 -------------------- 
before_val_iter:
(NORMAL      ) IterTimerHook                      
 -------------------- 
after_val_iter:
(NORMAL      ) IterTimerHook                      
(NORMAL      ) Det3DVisualizationHook             
(BELOW_NORMAL) LoggerHook                         
 -------------------- 
after_val_epoch:
(VERY_HIGH   ) RuntimeInfoHook                    
(NORMAL      ) IterTimerHook                      
(BELOW_NORMAL) LoggerHook                         
(LOW         ) ParamSchedulerHook                 
(LOW         ) ValidationCurveHook                
(VERY_LOW    ) CheckpointHook                     
(VERY_LOW    ) RunSummaryHook                     
 -------------------- 
after_val:
(VERY_HIGH   ) RuntimeInfoHook                    
 -------------------- 
after_train:
(VERY_HIGH   ) RuntimeInfoHook                    
(VERY_LOW    ) CheckpointHook                     
(VERY_LOW    ) RunSummaryHook                     
 -------------------- 
before_test:
(VERY_HIGH   ) RuntimeInfoHook                    
 -------------------- 
before_test_epoch:
(NORMAL      ) IterTimerHook                      
 -------------------- 
before_test_iter:
(NORMAL      ) IterTimerHook                      
 -------------------- 
after_test_iter:
(NORMAL      ) IterTimerHook                      
(NORMAL      ) Det3DVisualizationHook             
(BELOW_NORMAL) LoggerHook                         
 -------------------- 
after_test_epoch:
(VERY_HIGH   ) RuntimeInfoHook                    
(NORMAL      ) IterTimerHook                      
(BELOW_NORMAL) LoggerHook                         
 -------------------- 
after_test:
(VERY_HIGH   ) RuntimeInfoHook                    
 -------------------- 
after_run:
(BELOW_NORMAL) LoggerHook                         
 -------------------- 
2026/05/05 16:20:03 - mmengine - WARNING - LiDAR is not a meta file, simply parsed as meta information
2026/05/05 16:20:16 - mmengine - INFO - ------------------------------
2026/05/05 16:20:16 - mmengine - INFO - The length of training dataset: 79999
2026/05/05 16:20:16 - mmengine - INFO - The number of instances per category in the dataset:
+------------+--------+
| category   | number |
+------------+--------+
| pedestrian | 182784 |
+------------+--------+
2026/05/05 16:20:18 - mmengine - INFO - ------------------------------
2026/05/05 16:20:18 - mmengine - INFO - The length of test dataset: 10000
2026/05/05 16:20:18 - mmengine - INFO - The number of instances per category in the dataset:
+------------+--------+
| category   | number |
+------------+--------+
| pedestrian | 23478  |
+------------+--------+
2026/05/05 16:20:18 - mmengine - WARNING - The prefix is not set in metric class IndoorMetric.
2026/05/05 16:20:18 - mmengine - WARNING - The prefix is not set in metric class CenterDistanceMetric.
2026/05/05 16:20:18 - mmengine - INFO - DualCheckpointInitHook: starting dual-checkpoint init …
  LiDAR ckpt  : /home/users/u103958/projects/multimodal-MoE/outputs/runs/zod_lidar_only/zod-lidar-only_4454825/best_mAP_0.50_epoch_18.pth
  Camera ckpt : /home/users/u103958/projects/multimodal-MoE/outputs/runs/zod_camera_only/zod-cam-only_4469392/best_mAP_0.50_epoch_11.pth
2026/05/05 16:20:18 - mmengine - INFO - DualCheckpointInitHook [LiDAR]: loading checkpoint /home/users/u103958/projects/multimodal-MoE/outputs/runs/zod_lidar_only/zod-lidar-only_4454825/best_mAP_0.50_epoch_18.pth
2026/05/05 16:20:19 - mmengine - INFO - DualCheckpointInitHook [LiDAR]: "pts_middle_encoder" ← 126 tensors; missing=0, unexpected=0
2026/05/05 16:20:19 - mmengine - INFO - DualCheckpointInitHook [LiDAR]: "pts_backbone" ← 72 tensors; missing=0, unexpected=0
2026/05/05 16:20:19 - mmengine - INFO - DualCheckpointInitHook [LiDAR]: "pts_neck" ← 12 tensors; missing=0, unexpected=0
2026/05/05 16:20:19 - mmengine - INFO - DualCheckpointInitHook [LiDAR]: "bbox_head" ← 88 tensors; missing=0, unexpected=0
2026/05/05 16:20:19 - mmengine - INFO - DualCheckpointInitHook [Camera]: loading checkpoint /home/users/u103958/projects/multimodal-MoE/outputs/runs/zod_camera_only/zod-cam-only_4469392/best_mAP_0.50_epoch_11.pth
2026/05/05 16:20:20 - mmengine - INFO - DualCheckpointInitHook [Camera]: "img_backbone" ← 187 tensors; missing=0, unexpected=0
2026/05/05 16:20:20 - mmengine - INFO - DualCheckpointInitHook [Camera]: "img_neck" ← 24 tensors; missing=0, unexpected=0
2026/05/05 16:20:20 - mmengine - INFO - DualCheckpointInitHook [Camera]: "view_transform" ← 59 tensors; missing=0, unexpected=0
2026/05/05 16:20:20 - mmengine - INFO - DualCheckpointInitHook: dual-checkpoint init complete.
  Loaded from LiDAR-only ckpt  : pts_middle_encoder, pts_backbone, pts_neck, bbox_head
  Loaded from Camera-only ckpt : img_backbone, img_neck, view_transform
  Default init (not loaded)    : fusion_layer, bbox_head
2026/05/05 16:20:20 - mmengine - INFO - Loads checkpoint by local backend from path: /mnt/tier2/project/p201222/u103958/checkpoints/swin_tiny_patch4_window7_224.pth
2026/05/05 16:20:21 - mmengine - WARNING - "FileClient" will be deprecated in future. Please use io functions in https://mmengine.readthedocs.io/en/latest/api/fileio.html#file-io
2026/05/05 16:20:21 - mmengine - WARNING - "HardDiskBackend" is the alias of "LocalBackend" and the former will be deprecated in future.
2026/05/05 16:20:21 - mmengine - INFO - Checkpoints will be saved to /home/users/u103958/projects/multimodal-MoE/outputs/runs/zod_bevfusion_dualinit/bevfusion-dualinit_4543552.
2026/05/05 16:21:23 - mmengine - INFO - Epoch(train)  [1][  50/5000]  lr: 1.9947e-05  eta: 20:49:43  time: 1.2508  data_time: 0.0750  memory: 17826  grad_norm: nan  loss: 5.4898  loss_heatmap: 1.9259  layer_-1_loss_cls: 0.3730  layer_-1_loss_bbox: 2.4256  matched_ious: 0.0727  aux_depth_loss: 0.7653
2026/05/05 16:22:04 - mmengine - INFO - Epoch(train)  [1][ 100/5000]  lr: 2.3312e-05  eta: 17:14:37  time: 0.8219  data_time: 0.0104  memory: 17887  grad_norm: 33.4797  loss: 2.7872  loss_heatmap: 0.9982  layer_-1_loss_cls: 0.2676  layer_-1_loss_bbox: 0.9660  matched_ious: 0.2523  aux_depth_loss: 0.5554  sec_per_iter: 1.2512  iters_per_sec: 0.8000  samples_per_sec: 12.7900  samples_per_sec_per_gpu: 3.2000  max_mem_allocated_mb: 666.3000  max_mem_reserved_mb: 22012.0000
2026/05/05 16:22:45 - mmengine - INFO - Epoch(train)  [1][ 150/5000]  lr: 2.6695e-05  eta: 15:57:56  time: 0.8083  data_time: 0.0123  memory: 17814  grad_norm: 24.8120  loss: 2.0805  loss_heatmap: 0.6712  layer_-1_loss_cls: 0.1846  layer_-1_loss_bbox: 0.6751  matched_ious: 0.1998  aux_depth_loss: 0.5496  sec_per_iter: 1.0368  iters_per_sec: 0.9600  samples_per_sec: 15.4300  samples_per_sec_per_gpu: 3.8600  max_mem_allocated_mb: 666.3000  max_mem_reserved_mb: 22012.0000
2026/05/05 16:23:25 - mmengine - INFO - Epoch(train)  [1][ 200/5000]  lr: 3.0098e-05  eta: 15:19:26  time: 0.8091  data_time: 0.0117  memory: 17675  grad_norm: 21.9938  loss: 1.8973  loss_heatmap: 0.6337  layer_-1_loss_cls: 0.1616  layer_-1_loss_bbox: 0.5610  matched_ious: 0.1168  aux_depth_loss: 0.5410  sec_per_iter: 0.9606  iters_per_sec: 1.0400  samples_per_sec: 16.6600  samples_per_sec_per_gpu: 4.1600  max_mem_allocated_mb: 666.3000  max_mem_reserved_mb: 22012.0000
2026/05/05 16:24:06 - mmengine - INFO - Epoch(train)  [1][ 250/5000]  lr: 3.3522e-05  eta: 14:56:02  time: 0.8089  data_time: 0.0122  memory: 17790  grad_norm: 18.1901  loss: 1.6328  loss_heatmap: 0.5352  layer_-1_loss_cls: 0.1433  layer_-1_loss_bbox: 0.4414  matched_ious: 0.3013  aux_depth_loss: 0.5130  sec_per_iter: 0.9227  iters_per_sec: 1.0800  samples_per_sec: 17.3400  samples_per_sec_per_gpu: 4.3400  max_mem_allocated_mb: 666.3000  max_mem_reserved_mb: 22012.0000
2026/05/05 16:24:46 - mmengine - INFO - Epoch(train)  [1][ 300/5000]  lr: 3.6966e-05  eta: 14:40:11  time: 0.8088  data_time: 0.0120  memory: 17764  grad_norm: 17.8724  loss: 1.5929  loss_heatmap: 0.4846  layer_-1_loss_cls: 0.1274  layer_-1_loss_bbox: 0.4328  matched_ious: 0.2702  aux_depth_loss: 0.5481  sec_per_iter: 0.9000  iters_per_sec: 1.1100  samples_per_sec: 17.7800  samples_per_sec_per_gpu: 4.4400  max_mem_allocated_mb: 666.3000  max_mem_reserved_mb: 22012.0000
2026/05/05 16:25:28 - mmengine - INFO - Epoch(train)  [1][ 350/5000]  lr: 4.0432e-05  eta: 14:33:23  time: 0.8420  data_time: 0.0134  memory: 17860  grad_norm: 18.9188  loss: 1.7022  loss_heatmap: 0.5549  layer_-1_loss_cls: 0.1296  layer_-1_loss_bbox: 0.5116  matched_ious: 0.2824  aux_depth_loss: 0.5061  sec_per_iter: 0.8848  iters_per_sec: 1.1300  samples_per_sec: 18.0800  samples_per_sec_per_gpu: 4.5200  max_mem_allocated_mb: 666.3000  max_mem_reserved_mb: 22012.0000
2026/05/05 16:26:09 - mmengine - INFO - Epoch(train)  [1][ 400/5000]  lr: 4.3919e-05  eta: 14:25:49  time: 0.8234  data_time: 0.0117  memory: 17793  grad_norm: 18.2417  loss: 1.6940  loss_heatmap: 0.5283  layer_-1_loss_cls: 0.1384  layer_-1_loss_bbox: 0.5260  matched_ious: 0.2433  aux_depth_loss: 0.5012  sec_per_iter: 0.8787  iters_per_sec: 1.1400  samples_per_sec: 18.2100  samples_per_sec_per_gpu: 4.5500  max_mem_allocated_mb: 666.3000  max_mem_reserved_mb: 22012.0000
2026/05/05 16:26:50 - mmengine - INFO - Epoch(train)  [1][ 450/5000]  lr: 4.7429e-05  eta: 14:18:42  time: 0.8137  data_time: 0.0136  memory: 17796  grad_norm: 16.0062  loss: 1.4036  loss_heatmap: 0.4298  layer_-1_loss_cls: 0.1147  layer_-1_loss_bbox: 0.3539  matched_ious: 0.2459  aux_depth_loss: 0.5052  sec_per_iter: 0.8717  iters_per_sec: 1.1500  samples_per_sec: 18.3500  samples_per_sec_per_gpu: 4.5900  max_mem_allocated_mb: 666.3000  max_mem_reserved_mb: 22012.0000
2026/05/05 16:27:29 - mmengine - INFO - Epoch(train)  [1][ 500/5000]  lr: 5.0960e-05  eta: 14:10:04  time: 0.7854  data_time: 0.0146  memory: 18011  grad_norm: 15.2421  loss: 1.4106  loss_heatmap: 0.4218  layer_-1_loss_cls: 0.1104  layer_-1_loss_bbox: 0.3848  matched_ious: 0.3348  aux_depth_loss: 0.4936  sec_per_iter: 0.8653  iters_per_sec: 1.1600  samples_per_sec: 18.4900  samples_per_sec_per_gpu: 4.6200  max_mem_allocated_mb: 666.3000  max_mem_reserved_mb: 22012.0000
2026/05/05 16:28:09 - mmengine - INFO - Epoch(train)  [1][ 550/5000]  lr: 5.1105e-05  eta: 14:03:28  time: 0.7918  data_time: 0.0157  memory: 17843  grad_norm: 15.6748  loss: 1.3621  loss_heatmap: 0.4164  layer_-1_loss_cls: 0.1097  layer_-1_loss_bbox: 0.3333  matched_ious: 0.1378  aux_depth_loss: 0.5026  sec_per_iter: 0.8574  iters_per_sec: 1.1700  samples_per_sec: 18.6600  samples_per_sec_per_gpu: 4.6700  max_mem_allocated_mb: 666.3000  max_mem_reserved_mb: 22012.0000
2026/05/05 16:28:49 - mmengine - INFO - Epoch(train)  [1][ 600/5000]  lr: 5.1264e-05  eta: 13:58:11  time: 0.7959  data_time: 0.0124  memory: 17816  grad_norm: 14.1289  loss: 1.3501  loss_heatmap: 0.3940  layer_-1_loss_cls: 0.1043  layer_-1_loss_bbox: 0.3502  matched_ious: 0.2145  aux_depth_loss: 0.5016  sec_per_iter: 0.8513  iters_per_sec: 1.1700  samples_per_sec: 18.7900  samples_per_sec_per_gpu: 4.7000  max_mem_allocated_mb: 666.3000  max_mem_reserved_mb: 22012.0000
2026/05/05 16:29:28 - mmengine - INFO - Epoch(train)  [1][ 650/5000]  lr: 5.1437e-05  eta: 13:52:53  time: 0.7863  data_time: 0.0108  memory: 17826  grad_norm: 14.0760  loss: 1.5013  loss_heatmap: 0.5005  layer_-1_loss_cls: 0.1337  layer_-1_loss_bbox: 0.3826  matched_ious: 0.3859  aux_depth_loss: 0.4845  sec_per_iter: 0.8467  iters_per_sec: 1.1800  samples_per_sec: 18.9000  samples_per_sec_per_gpu: 4.7200  max_mem_allocated_mb: 666.3000  max_mem_reserved_mb: 22012.0000
2026/05/05 16:30:07 - mmengine - INFO - Epoch(train)  [1][ 700/5000]  lr: 5.1624e-05  eta: 13:47:45  time: 0.7792  data_time: 0.0128  memory: 17780  grad_norm: 13.9582  loss: 1.3655  loss_heatmap: 0.3928  layer_-1_loss_cls: 0.1003  layer_-1_loss_bbox: 0.3784  matched_ious: 0.2958  aux_depth_loss: 0.4940  sec_per_iter: 0.8421  iters_per_sec: 1.1900  samples_per_sec: 19.0000  samples_per_sec_per_gpu: 4.7500  max_mem_allocated_mb: 666.3000  max_mem_reserved_mb: 22012.0000
2026/05/05 16:30:48 - mmengine - INFO - Epoch(train)  [1][ 750/5000]  lr: 5.1824e-05  eta: 13:45:45  time: 0.8178  data_time: 0.0147  memory: 17901  grad_norm: 16.3889  loss: 1.3513  loss_heatmap: 0.4019  layer_-1_loss_cls: 0.1093  layer_-1_loss_bbox: 0.3480  matched_ious: 0.1707  aux_depth_loss: 0.4920  sec_per_iter: 0.8377  iters_per_sec: 1.1900  samples_per_sec: 19.1000  samples_per_sec_per_gpu: 4.7800  max_mem_allocated_mb: 666.3000  max_mem_reserved_mb: 22012.0000
2026/05/05 16:31:27 - mmengine - INFO - Epoch(train)  [1][ 800/5000]  lr: 5.2038e-05  eta: 13:42:16  time: 0.7909  data_time: 0.0133  memory: 17696  grad_norm: 13.6351  loss: 1.3330  loss_heatmap: 0.3957  layer_-1_loss_cls: 0.1017  layer_-1_loss_bbox: 0.3335  matched_ious: 0.3310  aux_depth_loss: 0.5021  sec_per_iter: 0.8363  iters_per_sec: 1.2000  samples_per_sec: 19.1300  samples_per_sec_per_gpu: 4.7800  max_mem_allocated_mb: 666.3000  max_mem_reserved_mb: 22012.0000
2026/05/05 16:32:08 - mmengine - INFO - Epoch(train)  [1][ 850/5000]  lr: 5.2266e-05  eta: 13:39:57  time: 0.8055  data_time: 0.0131  memory: 17871  grad_norm: 13.3182  loss: 1.3361  loss_heatmap: 0.4018  layer_-1_loss_cls: 0.1120  layer_-1_loss_bbox: 0.3355  matched_ious: 0.3713  aux_depth_loss: 0.4868  sec_per_iter: 0.8335  iters_per_sec: 1.2000  samples_per_sec: 19.2000  samples_per_sec_per_gpu: 4.8000  max_mem_allocated_mb: 666.3000  max_mem_reserved_mb: 22012.0000
2026/05/05 16:32:51 - mmengine - INFO - Epoch(train)  [1][ 900/5000]  lr: 5.2508e-05  eta: 13:41:26  time: 0.8715  data_time: 0.0146  memory: 17784  grad_norm: 14.1481  loss: 1.4322  loss_heatmap: 0.4529  layer_-1_loss_cls: 0.1203  layer_-1_loss_bbox: 0.3834  matched_ious: 0.3249  aux_depth_loss: 0.4756  sec_per_iter: 0.8318  iters_per_sec: 1.2000  samples_per_sec: 19.2400  samples_per_sec_per_gpu: 4.8100  max_mem_allocated_mb: 666.3000  max_mem_reserved_mb: 22012.0000
2026/05/05 16:33:31 - mmengine - INFO - Epoch(train)  [1][ 950/5000]  lr: 5.2763e-05  eta: 13:39:04  time: 0.8017  data_time: 0.0124  memory: 17782  grad_norm: 13.5165  loss: 1.4131  loss_heatmap: 0.4070  layer_-1_loss_cls: 0.1080  layer_-1_loss_bbox: 0.4099  matched_ious: 0.3656  aux_depth_loss: 0.4881  sec_per_iter: 0.8340  iters_per_sec: 1.2000  samples_per_sec: 19.1800  samples_per_sec_per_gpu: 4.8000  max_mem_allocated_mb: 666.3000  max_mem_reserved_mb: 22012.0000
2026/05/05 16:34:10 - mmengine - INFO - Exp name: zod_bevfusion_dualinit_20260505_161926
2026/05/05 16:34:10 - mmengine - INFO - Epoch(train)  [1][1000/5000]  lr: 5.3032e-05  eta: 13:35:33  time: 0.7749  data_time: 0.0124  memory: 17613  grad_norm: 14.1453  loss: 1.3868  loss_heatmap: 0.4185  layer_-1_loss_cls: 0.1084  layer_-1_loss_bbox: 0.3646  matched_ious: 0.2320  aux_depth_loss: 0.4952  sec_per_iter: 0.8323  iters_per_sec: 1.2000  samples_per_sec: 19.2200  samples_per_sec_per_gpu: 4.8100  max_mem_allocated_mb: 666.3000  max_mem_reserved_mb: 22012.0000
2026/05/05 16:34:53 - mmengine - INFO - Epoch(train)  [1][1050/5000]  lr: 5.3315e-05  eta: 13:35:51  time: 0.8506  data_time: 0.0129  memory: 17892  grad_norm: 15.9504  loss: 1.3444  loss_heatmap: 0.3963  layer_-1_loss_cls: 0.1012  layer_-1_loss_bbox: 0.3487  matched_ious: 0.1053  aux_depth_loss: 0.4983  sec_per_iter: 0.8294  iters_per_sec: 1.2100  samples_per_sec: 19.2900  samples_per_sec_per_gpu: 4.8200  max_mem_allocated_mb: 666.3000  max_mem_reserved_mb: 22012.0000
2026/05/05 16:35:40 - mmengine - INFO - Epoch(train)  [1][1100/5000]  lr: 5.3612e-05  eta: 13:40:17  time: 0.9451  data_time: 0.0142  memory: 17790  grad_norm: 13.3237  loss: 1.3682  loss_heatmap: 0.3989  layer_-1_loss_cls: 0.1141  layer_-1_loss_bbox: 0.3703  matched_ious: 0.2040  aux_depth_loss: 0.4849  sec_per_iter: 0.8304  iters_per_sec: 1.2000  samples_per_sec: 19.2700  samples_per_sec_per_gpu: 4.8200  max_mem_allocated_mb: 666.3000  max_mem_reserved_mb: 22012.0000
2026/05/05 16:36:21 - mmengine - INFO - Epoch(train)  [1][1150/5000]  lr: 5.3922e-05  eta: 13:39:05  time: 0.8239  data_time: 0.0211  memory: 17836  grad_norm: 12.0498  loss: 1.2798  loss_heatmap: 0.3681  layer_-1_loss_cls: 0.0990  layer_-1_loss_bbox: 0.3265  matched_ious: 0.1962  aux_depth_loss: 0.4863  sec_per_iter: 0.8357  iters_per_sec: 1.2000  samples_per_sec: 19.1500  samples_per_sec_per_gpu: 4.7900  max_mem_allocated_mb: 666.3000  max_mem_reserved_mb: 22012.0000
2026/05/05 16:37:00 - mmengine - INFO - Epoch(train)  [1][1200/5000]  lr: 5.4246e-05  eta: 13:36:24  time: 0.7863  data_time: 0.0121  memory: 17829  grad_norm: 11.9586  loss: 1.4008  loss_heatmap: 0.4429  layer_-1_loss_cls: 0.1153  layer_-1_loss_bbox: 0.3632  matched_ious: 0.3759  aux_depth_loss: 0.4794  sec_per_iter: 0.8351  iters_per_sec: 1.2000  samples_per_sec: 19.1600  samples_per_sec_per_gpu: 4.7900  max_mem_allocated_mb: 666.3000  max_mem_reserved_mb: 22012.0000
2026/05/05 16:37:40 - mmengine - INFO - Epoch(train)  [1][1250/5000]  lr: 5.4583e-05  eta: 13:34:20  time: 0.7979  data_time: 0.0128  memory: 17893  grad_norm: 14.9526  loss: 1.3986  loss_heatmap: 0.4018  layer_-1_loss_cls: 0.0996  layer_-1_loss_bbox: 0.3925  matched_ious: 0.1772  aux_depth_loss: 0.5047  sec_per_iter: 0.8331  iters_per_sec: 1.2000  samples_per_sec: 19.2100  samples_per_sec_per_gpu: 4.8000  max_mem_allocated_mb: 666.3000  max_mem_reserved_mb: 22012.0000
2026/05/05 16:38:22 - mmengine - INFO - Epoch(train)  [1][1300/5000]  lr: 5.4934e-05  eta: 13:33:45  time: 0.8349  data_time: 0.0162  memory: 17995  grad_norm: 12.7824  loss: 1.2272  loss_heatmap: 0.3389  layer_-1_loss_cls: 0.0922  layer_-1_loss_bbox: 0.3243  matched_ious: 0.3493  aux_depth_loss: 0.4718  sec_per_iter: 0.8317  iters_per_sec: 1.2000  samples_per_sec: 19.2400  samples_per_sec_per_gpu: 4.8100  max_mem_allocated_mb: 666.3000  max_mem_reserved_mb: 22012.0000
2026/05/05 16:39:01 - mmengine - INFO - Epoch(train)  [1][1350/5000]  lr: 5.5299e-05  eta: 13:31:33  time: 0.7898  data_time: 0.0124  memory: 17875  grad_norm: 15.4423  loss: 1.2868  loss_heatmap: 0.3688  layer_-1_loss_cls: 0.0974  layer_-1_loss_bbox: 0.3296  matched_ious: 0.3739  aux_depth_loss: 0.4911  sec_per_iter: 0.8318  iters_per_sec: 1.2000  samples_per_sec: 19.2400  samples_per_sec_per_gpu: 4.8100  max_mem_allocated_mb: 666.3000  max_mem_reserved_mb: 22012.0000
2026/05/05 16:39:42 - mmengine - INFO - Epoch(train)  [1][1400/5000]  lr: 5.5677e-05  eta: 13:30:27  time: 0.8188  data_time: 0.0134  memory: 17855  grad_norm: 13.3344  loss: 1.2864  loss_heatmap: 0.3687  layer_-1_loss_cls: 0.0968  layer_-1_loss_bbox: 0.3418  matched_ious: 0.3506  aux_depth_loss: 0.4792  sec_per_iter: 0.8303  iters_per_sec: 1.2000  samples_per_sec: 19.2700  samples_per_sec_per_gpu: 4.8200  max_mem_allocated_mb: 666.3000  max_mem_reserved_mb: 22012.0000
2026/05/05 16:40:21 - mmengine - INFO - Epoch(train)  [1][1450/5000]  lr: 5.6069e-05  eta: 13:27:53  time: 0.7740  data_time: 0.0129  memory: 18050  grad_norm: 14.4829  loss: 1.2767  loss_heatmap: 0.3626  layer_-1_loss_cls: 0.1019  layer_-1_loss_bbox: 0.3412  matched_ious: 0.2748  aux_depth_loss: 0.4710  sec_per_iter: 0.8299  iters_per_sec: 1.2100  samples_per_sec: 19.2800  samples_per_sec_per_gpu: 4.8200  max_mem_allocated_mb: 666.3000  max_mem_reserved_mb: 22012.0000
2026/05/05 16:41:02 - mmengine - INFO - Epoch(train)  [1][1500/5000]  lr: 5.6474e-05  eta: 13:26:56  time: 0.8201  data_time: 0.0148  memory: 17753  grad_norm: 16.5407  loss: 1.4019  loss_heatmap: 0.4289  layer_-1_loss_cls: 0.1105  layer_-1_loss_bbox: 0.3857  matched_ious: 0.2557  aux_depth_loss: 0.4768  sec_per_iter: 0.8279  iters_per_sec: 1.2100  samples_per_sec: 19.3300  samples_per_sec_per_gpu: 4.8300  max_mem_allocated_mb: 666.3000  max_mem_reserved_mb: 22012.0000
2026/05/05 16:41:43 - mmengine - INFO - Epoch(train)  [1][1550/5000]  lr: 5.6893e-05  eta: 13:25:40  time: 0.8093  data_time: 0.0129  memory: 17872  grad_norm: 17.4983  loss: 1.3027  loss_heatmap: 0.3650  layer_-1_loss_cls: 0.0987  layer_-1_loss_bbox: 0.3541  matched_ious: 0.2938  aux_depth_loss: 0.4848  sec_per_iter: 0.8277  iters_per_sec: 1.2100  samples_per_sec: 19.3300  samples_per_sec_per_gpu: 4.8300  max_mem_allocated_mb: 666.3000  max_mem_reserved_mb: 22012.0000
2026/05/05 16:42:25 - mmengine - INFO - Epoch(train)  [1][1600/5000]  lr: 5.7325e-05  eta: 13:25:37  time: 0.8479  data_time: 0.0145  memory: 17758  grad_norm: 14.7100  loss: 1.2657  loss_heatmap: 0.3505  layer_-1_loss_cls: 0.0916  layer_-1_loss_bbox: 0.3338  matched_ious: 0.3396  aux_depth_loss: 0.4898  sec_per_iter: 0.8271  iters_per_sec: 1.2100  samples_per_sec: 19.3500  samples_per_sec_per_gpu: 4.8400  max_mem_allocated_mb: 666.3000  max_mem_reserved_mb: 22012.0000
2026/05/05 16:43:06 - mmengine - INFO - Epoch(train)  [1][1650/5000]  lr: 5.7771e-05  eta: 13:24:57  time: 0.8285  data_time: 0.0129  memory: 17793  grad_norm: 14.3870  loss: 1.3622  loss_heatmap: 0.3891  layer_-1_loss_cls: 0.1043  layer_-1_loss_bbox: 0.3992  matched_ious: 0.3374  aux_depth_loss: 0.4696  sec_per_iter: 0.8277  iters_per_sec: 1.2100  samples_per_sec: 19.3300  samples_per_sec_per_gpu: 4.8300  max_mem_allocated_mb: 666.3000  max_mem_reserved_mb: 22012.0000
2026/05/05 16:43:47 - mmengine - INFO - Epoch(train)  [1][1700/5000]  lr: 5.8230e-05  eta: 13:24:03  time: 0.8204  data_time: 0.0159  memory: 17831  grad_norm: 22.2612  loss: 1.4133  loss_heatmap: 0.4274  layer_-1_loss_cls: 0.1193  layer_-1_loss_bbox: 0.4071  matched_ious: 0.3315  aux_depth_loss: 0.4595  sec_per_iter: 0.8277  iters_per_sec: 1.2100  samples_per_sec: 19.3300  samples_per_sec_per_gpu: 4.8300  max_mem_allocated_mb: 666.3000  max_mem_reserved_mb: 22012.0000
2026/05/05 16:44:27 - mmengine - INFO - Epoch(train)  [1][1750/5000]  lr: 5.8702e-05  eta: 13:22:26  time: 0.7938  data_time: 0.0130  memory: 17795  grad_norm: 20.2078  loss: 1.4196  loss_heatmap: 0.4047  layer_-1_loss_cls: 0.1056  layer_-1_loss_bbox: 0.4307  matched_ious: 0.2784  aux_depth_loss: 0.4786  sec_per_iter: 0.8275  iters_per_sec: 1.2100  samples_per_sec: 19.3300  samples_per_sec_per_gpu: 4.8300  max_mem_allocated_mb: 666.3000  max_mem_reserved_mb: 22012.0000
2026/05/05 16:45:09 - mmengine - INFO - Epoch(train)  [1][1800/5000]  lr: 5.9188e-05  eta: 13:21:51  time: 0.8305  data_time: 0.0130  memory: 17777  grad_norm: 13.4244  loss: 1.2645  loss_heatmap: 0.3345  layer_-1_loss_cls: 0.0884  layer_-1_loss_bbox: 0.3417  matched_ious: 0.3055  aux_depth_loss: 0.4999  sec_per_iter: 0.8266  iters_per_sec: 1.2100  samples_per_sec: 19.3600  samples_per_sec_per_gpu: 4.8400  max_mem_allocated_mb: 666.3000  max_mem_reserved_mb: 22012.0000
2026/05/05 16:45:49 - mmengine - INFO - Epoch(train)  [1][1850/5000]  lr: 5.9687e-05  eta: 13:20:37  time: 0.8058  data_time: 0.0136  memory: 17775  grad_norm: 14.1065  loss: 1.2930  loss_heatmap: 0.3849  layer_-1_loss_cls: 0.0827  layer_-1_loss_bbox: 0.3545  matched_ious: 0.2824  aux_depth_loss: 0.4709  sec_per_iter: 0.8267  iters_per_sec: 1.2100  samples_per_sec: 19.3500  samples_per_sec_per_gpu: 4.8400  max_mem_allocated_mb: 666.3000  max_mem_reserved_mb: 22012.0000
2026/05/05 16:46:28 - mmengine - INFO - Epoch(train)  [1][1900/5000]  lr: 6.0200e-05  eta: 13:18:55  time: 0.7869  data_time: 0.0117  memory: 17950  grad_norm: 25.1324  loss: 1.4006  loss_heatmap: 0.4368  layer_-1_loss_cls: 0.1277  layer_-1_loss_bbox: 0.3261  matched_ious: 0.1153  aux_depth_loss: 0.5100  sec_per_iter: 0.8261  iters_per_sec: 1.2100  samples_per_sec: 19.3700  samples_per_sec_per_gpu: 4.8400  max_mem_allocated_mb: 666.3000  max_mem_reserved_mb: 22012.0000
2026/05/05 16:47:08 - mmengine - INFO - Epoch(train)  [1][1950/5000]  lr: 6.0725e-05  eta: 13:17:44  time: 0.8050  data_time: 0.0157  memory: 17872  grad_norm: 12.1987  loss: 1.3055  loss_heatmap: 0.3926  layer_-1_loss_cls: 0.1006  layer_-1_loss_bbox: 0.3449  matched_ious: 0.2537  aux_depth_loss: 0.4674  sec_per_iter: 0.8251  iters_per_sec: 1.2100  samples_per_sec: 19.3900  samples_per_sec_per_gpu: 4.8500  max_mem_allocated_mb: 666.3000  max_mem_reserved_mb: 22012.0000
2026/05/05 16:47:48 - mmengine - INFO - Exp name: zod_bevfusion_dualinit_20260505_161926
2026/05/05 16:47:48 - mmengine - INFO - Epoch(train)  [1][2000/5000]  lr: 6.1264e-05  eta: 13:16:17  time: 0.7925  data_time: 0.0127  memory: 17758  grad_norm: 15.4950  loss: 1.4400  loss_heatmap: 0.4468  layer_-1_loss_cls: 0.1137  layer_-1_loss_bbox: 0.4044  matched_ious: 0.2413  aux_depth_loss: 0.4751  sec_per_iter: 0.8246  iters_per_sec: 1.2100  samples_per_sec: 19.4000  samples_per_sec_per_gpu: 4.8500  max_mem_allocated_mb: 666.3000  max_mem_reserved_mb: 22012.0000
2026/05/05 16:48:29 - mmengine - INFO - Epoch(train)  [1][2050/5000]  lr: 6.1816e-05  eta: 13:15:37  time: 0.8251  data_time: 0.0172  memory: 17806  grad_norm: 20.7991  loss: 1.4082  loss_heatmap: 0.4252  layer_-1_loss_cls: 0.1110  layer_-1_loss_bbox: 0.4085  matched_ious: 0.3094  aux_depth_loss: 0.4635  sec_per_iter: 0.8238  iters_per_sec: 1.2100  samples_per_sec: 19.4200  samples_per_sec_per_gpu: 4.8600  max_mem_allocated_mb: 666.3000  max_mem_reserved_mb: 22012.0000
2026/05/05 16:49:11 - mmengine - INFO - Epoch(train)  [1][2100/5000]  lr: 6.2382e-05  eta: 13:15:08  time: 0.8323  data_time: 0.0126  memory: 17725  grad_norm: 17.7373  loss: 1.4173  loss_heatmap: 0.3964  layer_-1_loss_cls: 0.1007  layer_-1_loss_bbox: 0.4326  matched_ious: 0.2678  aux_depth_loss: 0.4876  sec_per_iter: 0.8238  iters_per_sec: 1.2100  samples_per_sec: 19.4200  samples_per_sec_per_gpu: 4.8600  max_mem_allocated_mb: 666.3000  max_mem_reserved_mb: 22012.0000
2026/05/05 16:49:54 - mmengine - INFO - Epoch(train)  [1][2150/5000]  lr: 6.2960e-05  eta: 13:15:11  time: 0.8566  data_time: 0.0143  memory: 17818  grad_norm: 10.8095  loss: 1.3286  loss_heatmap: 0.4118  layer_-1_loss_cls: 0.1127  layer_-1_loss_bbox: 0.3308  matched_ious: 0.2335  aux_depth_loss: 0.4733  sec_per_iter: 0.8240  iters_per_sec: 1.2100  samples_per_sec: 19.4200  samples_per_sec_per_gpu: 4.8500  max_mem_allocated_mb: 666.3000  max_mem_reserved_mb: 22012.0000
2026/05/05 16:50:35 - mmengine - INFO - Epoch(train)  [1][2200/5000]  lr: 6.3551e-05  eta: 13:14:30  time: 0.8249  data_time: 0.0156  memory: 17871  grad_norm: 10.6067  loss: 1.3522  loss_heatmap: 0.3807  layer_-1_loss_cls: 0.0972  layer_-1_loss_bbox: 0.4084  matched_ious: 0.3151  aux_depth_loss: 0.4659  sec_per_iter: 0.8248  iters_per_sec: 1.2100  samples_per_sec: 19.4000  samples_per_sec_per_gpu: 4.8500  max_mem_allocated_mb: 666.3000  max_mem_reserved_mb: 22012.0000
2026/05/05 16:51:17 - mmengine - INFO - Epoch(train)  [1][2250/5000]  lr: 6.4156e-05  eta: 13:14:15  time: 0.8452  data_time: 0.0144  memory: 17900  grad_norm: 18.7320  loss: 1.2997  loss_heatmap: 0.3826  layer_-1_loss_cls: 0.1009  layer_-1_loss_bbox: 0.3397  matched_ious: 0.3397  aux_depth_loss: 0.4765  sec_per_iter: 0.8248  iters_per_sec: 1.2100  samples_per_sec: 19.4000  samples_per_sec_per_gpu: 4.8500  max_mem_allocated_mb: 666.3000  max_mem_reserved_mb: 22012.0000
2026/05/05 16:51:57 - mmengine - INFO - Epoch(train)  [1][2300/5000]  lr: 6.4773e-05  eta: 13:13:00  time: 0.7985  data_time: 0.0124  memory: 17770  grad_norm: 14.8808  loss: 1.3050  loss_heatmap: 0.3775  layer_-1_loss_cls: 0.1057  layer_-1_loss_bbox: 0.3416  matched_ious: 0.2488  aux_depth_loss: 0.4803  sec_per_iter: 0.8252  iters_per_sec: 1.2100  samples_per_sec: 19.3900  samples_per_sec_per_gpu: 4.8500  max_mem_allocated_mb: 666.3000  max_mem_reserved_mb: 22012.0000
2026/05/05 16:52:38 - mmengine - INFO - Epoch(train)  [1][2350/5000]  lr: 6.5404e-05  eta: 13:12:16  time: 0.8222  data_time: 0.0223  memory: 17773  grad_norm: 11.4618  loss: 1.4140  loss_heatmap: 0.4339  layer_-1_loss_cls: 0.1146  layer_-1_loss_bbox: 0.4073  matched_ious: 0.4415  aux_depth_loss: 0.4581  sec_per_iter: 0.8246  iters_per_sec: 1.2100  samples_per_sec: 19.4000  samples_per_sec_per_gpu: 4.8500  max_mem_allocated_mb: 666.3000  max_mem_reserved_mb: 22012.0000
2026/05/05 16:53:21 - mmengine - INFO - Epoch(train)  [1][2400/5000]  lr: 6.6047e-05  eta: 13:12:11  time: 0.8547  data_time: 0.0159  memory: 17725  grad_norm: 12.3575  loss: 1.2717  loss_heatmap: 0.3805  layer_-1_loss_cls: 0.0969  layer_-1_loss_bbox: 0.3392  matched_ious: 0.3560  aux_depth_loss: 0.4552  sec_per_iter: 0.8246  iters_per_sec: 1.2100  samples_per_sec: 19.4000  samples_per_sec_per_gpu: 4.8500  max_mem_allocated_mb: 666.3000  max_mem_reserved_mb: 22012.0000
2026/05/05 16:54:01 - mmengine - INFO - Epoch(train)  [1][2450/5000]  lr: 6.6704e-05  eta: 13:10:54  time: 0.7949  data_time: 0.0122  memory: 17882  grad_norm: 14.6087  loss: 1.3396  loss_heatmap: 0.4013  layer_-1_loss_cls: 0.1061  layer_-1_loss_bbox: 0.3619  matched_ious: 0.2526  aux_depth_loss: 0.4702  sec_per_iter: 0.8252  iters_per_sec: 1.2100  samples_per_sec: 19.3900  samples_per_sec_per_gpu: 4.8500  max_mem_allocated_mb: 666.3000  max_mem_reserved_mb: 22012.0000
2026/05/05 16:54:42 - mmengine - INFO - Epoch(train)  [1][2500/5000]  lr: 6.7373e-05  eta: 13:10:02  time: 0.8157  data_time: 0.0117  memory: 17865  grad_norm: 15.6250  loss: 1.2826  loss_heatmap: 0.3781  layer_-1_loss_cls: 0.1026  layer_-1_loss_bbox: 0.3348  matched_ious: 0.2733  aux_depth_loss: 0.4670  sec_per_iter: 0.8246  iters_per_sec: 1.2100  samples_per_sec: 19.4000  samples_per_sec_per_gpu: 4.8500  max_mem_allocated_mb: 666.3000  max_mem_reserved_mb: 22012.0000
2026/05/05 16:55:21 - mmengine - INFO - Epoch(train)  [1][2550/5000]  lr: 6.8055e-05  eta: 13:08:37  time: 0.7856  data_time: 0.0127  memory: 17847  grad_norm: 17.9209  loss: 1.3770  loss_heatmap: 0.4007  layer_-1_loss_cls: 0.0968  layer_-1_loss_bbox: 0.3990  matched_ious: 0.2958  aux_depth_loss: 0.4805  sec_per_iter: 0.8244  iters_per_sec: 1.2100  samples_per_sec: 19.4100  samples_per_sec_per_gpu: 4.8500  max_mem_allocated_mb: 666.3000  max_mem_reserved_mb: 22012.0000
2026/05/05 16:56:00 - mmengine - INFO - Epoch(train)  [1][2600/5000]  lr: 6.8750e-05  eta: 13:07:08  time: 0.7796  data_time: 0.0114  memory: 17762  grad_norm: 14.3690  loss: 1.3434  loss_heatmap: 0.3934  layer_-1_loss_cls: 0.1072  layer_-1_loss_bbox: 0.3716  matched_ious: 0.3703  aux_depth_loss: 0.4713  sec_per_iter: 0.8237  iters_per_sec: 1.2100  samples_per_sec: 19.4300  samples_per_sec_per_gpu: 4.8600  max_mem_allocated_mb: 666.3000  max_mem_reserved_mb: 22012.0000
2026/05/05 16:56:39 - mmengine - INFO - Epoch(train)  [1][2650/5000]  lr: 6.9457e-05  eta: 13:05:39  time: 0.7788  data_time: 0.0120  memory: 17902  grad_norm: 14.2908  loss: 1.3467  loss_heatmap: 0.4072  layer_-1_loss_cls: 0.1126  layer_-1_loss_bbox: 0.3608  matched_ious: 0.2604  aux_depth_loss: 0.4661  sec_per_iter: 0.8228  iters_per_sec: 1.2200  samples_per_sec: 19.4500  samples_per_sec_per_gpu: 4.8600  max_mem_allocated_mb: 666.3000  max_mem_reserved_mb: 22012.0000
2026/05/05 16:57:19 - mmengine - INFO - Epoch(train)  [1][2700/5000]  lr: 7.0177e-05  eta: 13:04:32  time: 0.7972  data_time: 0.0138  memory: 17981  grad_norm: 11.2422  loss: 1.3018  loss_heatmap: 0.3640  layer_-1_loss_cls: 0.0896  layer_-1_loss_bbox: 0.3754  matched_ious: 0.2198  aux_depth_loss: 0.4729  sec_per_iter: 0.8220  iters_per_sec: 1.2200  samples_per_sec: 19.4600  samples_per_sec_per_gpu: 4.8700  max_mem_allocated_mb: 666.3000  max_mem_reserved_mb: 22012.0000
2026/05/05 16:58:02 - mmengine - INFO - Epoch(train)  [1][2750/5000]  lr: 7.0910e-05  eta: 13:04:34  time: 0.8635  data_time: 0.0151  memory: 17950  grad_norm: 22.0685  loss: 1.2624  loss_heatmap: 0.3522  layer_-1_loss_cls: 0.1002  layer_-1_loss_bbox: 0.3404  matched_ious: 0.2305  aux_depth_loss: 0.4696  sec_per_iter: 0.8215  iters_per_sec: 1.2200  samples_per_sec: 19.4800  samples_per_sec_per_gpu: 4.8700  max_mem_allocated_mb: 666.3000  max_mem_reserved_mb: 22012.0000
2026/05/05 16:58:43 - mmengine - INFO - Epoch(train)  [1][2800/5000]  lr: 7.1656e-05  eta: 13:03:47  time: 0.8167  data_time: 0.0141  memory: 17845  grad_norm: 10.5474  loss: 1.3743  loss_heatmap: 0.4328  layer_-1_loss_cls: 0.1217  layer_-1_loss_bbox: 0.3483  matched_ious: 0.2394  aux_depth_loss: 0.4715  sec_per_iter: 0.8223  iters_per_sec: 1.2200  samples_per_sec: 19.4600  samples_per_sec_per_gpu: 4.8600  max_mem_allocated_mb: 666.3000  max_mem_reserved_mb: 22012.0000
2026/05/05 16:59:22 - mmengine - INFO - Epoch(train)  [1][2850/5000]  lr: 7.2414e-05  eta: 13:02:29  time: 0.7851  data_time: 0.0205  memory: 17900  grad_norm: 15.4163  loss: 1.2861  loss_heatmap: 0.3820  layer_-1_loss_cls: 0.0978  layer_-1_loss_bbox: 0.3347  matched_ious: 0.3375  aux_depth_loss: 0.4716  sec_per_iter: 0.8222  iters_per_sec: 1.2200  samples_per_sec: 19.4600  samples_per_sec_per_gpu: 4.8700  max_mem_allocated_mb: 666.3000  max_mem_reserved_mb: 22012.0000
2026/05/05 17:00:02 - mmengine - INFO - Epoch(train)  [1][2900/5000]  lr: 7.3184e-05  eta: 13:01:35  time: 0.8086  data_time: 0.0142  memory: 17986  grad_norm: 16.4956  loss: 1.3283  loss_heatmap: 0.4066  layer_-1_loss_cls: 0.1077  layer_-1_loss_bbox: 0.3531  matched_ious: 0.3122  aux_depth_loss: 0.4609  sec_per_iter: 0.8215  iters_per_sec: 1.2200  samples_per_sec: 19.4800  samples_per_sec_per_gpu: 4.8700  max_mem_allocated_mb: 666.3000  max_mem_reserved_mb: 22012.0000
2026/05/05 17:00:43 - mmengine - INFO - Epoch(train)  [1][2950/5000]  lr: 7.3967e-05  eta: 13:00:47  time: 0.8141  data_time: 0.0153  memory: 17813  grad_norm: 16.6859  loss: 1.3249  loss_heatmap: 0.3759  layer_-1_loss_cls: 0.1014  layer_-1_loss_bbox: 0.3790  matched_ious: 0.3290  aux_depth_loss: 0.4686  sec_per_iter: 0.8213  iters_per_sec: 1.2200  samples_per_sec: 19.4800  samples_per_sec_per_gpu: 4.8700  max_mem_allocated_mb: 666.3000  max_mem_reserved_mb: 22012.0000
2026/05/05 17:01:23 - mmengine - INFO - Exp name: zod_bevfusion_dualinit_20260505_161926
2026/05/05 17:01:23 - mmengine - INFO - Epoch(train)  [1][3000/5000]  lr: 7.4762e-05  eta: 12:59:51  time: 0.8056  data_time: 0.0139  memory: 17872  grad_norm: inf  loss: 1.4873  loss_heatmap: 0.4859  layer_-1_loss_cls: 0.1351  layer_-1_loss_bbox: 0.3983  matched_ious: 0.1971  aux_depth_loss: 0.4680  sec_per_iter: 0.8212  iters_per_sec: 1.2200  samples_per_sec: 19.4800  samples_per_sec_per_gpu: 4.8700  max_mem_allocated_mb: 666.3000  max_mem_reserved_mb: 22012.0000
2026/05/05 17:02:05 - mmengine - INFO - Epoch(train)  [1][3050/5000]  lr: 7.5570e-05  eta: 12:59:20  time: 0.8310  data_time: 0.0123  memory: 17950  grad_norm: 12.6822  loss: 1.2564  loss_heatmap: 0.3588  layer_-1_loss_cls: 0.0980  layer_-1_loss_bbox: 0.3499  matched_ious: 0.3232  aux_depth_loss: 0.4496  sec_per_iter: 0.8209  iters_per_sec: 1.2200  samples_per_sec: 19.4900  samples_per_sec_per_gpu: 4.8700  max_mem_allocated_mb: 666.3000  max_mem_reserved_mb: 22012.0000
2026/05/05 17:02:45 - mmengine - INFO - Epoch(train)  [1][3100/5000]  lr: 7.6390e-05  eta: 12:58:18  time: 0.7984  data_time: 0.0121  memory: 17743  grad_norm: 17.1760  loss: 1.3411  loss_heatmap: 0.4186  layer_-1_loss_cls: 0.1085  layer_-1_loss_bbox: 0.3415  matched_ious: 0.2620  aux_depth_loss: 0.4726  sec_per_iter: 0.8211  iters_per_sec: 1.2200  samples_per_sec: 19.4900  samples_per_sec_per_gpu: 4.8700  max_mem_allocated_mb: 666.3000  max_mem_reserved_mb: 22012.0000
2026/05/05 17:03:31 - mmengine - INFO - Epoch(train)  [1][3150/5000]  lr: 7.7222e-05  eta: 12:59:11  time: 0.9254  data_time: 0.0134  memory: 17936  grad_norm: 11.2624  loss: 1.3630  loss_heatmap: 0.3919  layer_-1_loss_cls: 0.0957  layer_-1_loss_bbox: 0.4131  matched_ious: 0.1983  aux_depth_loss: 0.4623  sec_per_iter: 0.8207  iters_per_sec: 1.2200  samples_per_sec: 19.4900  samples_per_sec_per_gpu: 4.8700  max_mem_allocated_mb: 666.3000  max_mem_reserved_mb: 22012.0000
2026/05/05 17:04:11 - mmengine - INFO - Epoch(train)  [1][3200/5000]  lr: 7.8067e-05  eta: 12:58:06  time: 0.7952  data_time: 0.0126  memory: 17896  grad_norm: 12.0190  loss: 1.3907  loss_heatmap: 0.4353  layer_-1_loss_cls: 0.1172  layer_-1_loss_bbox: 0.3642  matched_ious: 0.1938  aux_depth_loss: 0.4740  sec_per_iter: 0.8224  iters_per_sec: 1.2200  samples_per_sec: 19.4600  samples_per_sec_per_gpu: 4.8600  max_mem_allocated_mb: 666.3000  max_mem_reserved_mb: 22012.0000
2026/05/05 17:04:51 - mmengine - INFO - Epoch(train)  [1][3250/5000]  lr: 7.8923e-05  eta: 12:57:15  time: 0.8104  data_time: 0.0127  memory: 17944  grad_norm: 12.5289  loss: 1.3565  loss_heatmap: 0.4275  layer_-1_loss_cls: 0.1086  layer_-1_loss_bbox: 0.3604  matched_ious: 0.2886  aux_depth_loss: 0.4600  sec_per_iter: 0.8220  iters_per_sec: 1.2200  samples_per_sec: 19.4700  samples_per_sec_per_gpu: 4.8700  max_mem_allocated_mb: 666.3000  max_mem_reserved_mb: 22012.0000
2026/05/05 17:05:31 - mmengine - INFO - Epoch(train)  [1][3300/5000]  lr: 7.9792e-05  eta: 12:56:14  time: 0.7983  data_time: 0.0144  memory: 18036  grad_norm: 16.5802  loss: 1.2578  loss_heatmap: 0.3591  layer_-1_loss_cls: 0.0985  layer_-1_loss_bbox: 0.3260  matched_ious: 0.2739  aux_depth_loss: 0.4742  sec_per_iter: 0.8218  iters_per_sec: 1.2200  samples_per_sec: 19.4700  samples_per_sec_per_gpu: 4.8700  max_mem_allocated_mb: 666.3000  max_mem_reserved_mb: 22012.0000
2026/05/05 17:06:11 - mmengine - INFO - Epoch(train)  [1][3350/5000]  lr: 8.0673e-05  eta: 12:55:06  time: 0.7904  data_time: 0.0137  memory: 17806  grad_norm: 12.9372  loss: 1.3501  loss_heatmap: 0.4072  layer_-1_loss_cls: 0.1095  layer_-1_loss_bbox: 0.3553  matched_ious: 0.2348  aux_depth_loss: 0.4781  sec_per_iter: 0.8214  iters_per_sec: 1.2200  samples_per_sec: 19.4800  samples_per_sec_per_gpu: 4.8700  max_mem_allocated_mb: 666.3000  max_mem_reserved_mb: 22012.0000
2026/05/05 17:06:52 - mmengine - INFO - Epoch(train)  [1][3400/5000]  lr: 8.1566e-05  eta: 12:54:23  time: 0.8179  data_time: 0.0149  memory: 17875  grad_norm: 9.5381  loss: 1.2084  loss_heatmap: 0.3452  layer_-1_loss_cls: 0.0916  layer_-1_loss_bbox: 0.3129  matched_ious: 0.4323  aux_depth_loss: 0.4587  sec_per_iter: 0.8210  iters_per_sec: 1.2200  samples_per_sec: 19.4900  samples_per_sec_per_gpu: 4.8700  max_mem_allocated_mb: 666.3000  max_mem_reserved_mb: 22012.0000
2026/05/05 17:07:31 - mmengine - INFO - Epoch(train)  [1][3450/5000]  lr: 8.2471e-05  eta: 12:53:20  time: 0.7940  data_time: 0.0156  memory: 17840  grad_norm: 15.7723  loss: 1.3446  loss_heatmap: 0.4064  layer_-1_loss_cls: 0.1024  layer_-1_loss_bbox: 0.3601  matched_ious: 0.1636  aux_depth_loss: 0.4758  sec_per_iter: 0.8209  iters_per_sec: 1.2200  samples_per_sec: 19.4900  samples_per_sec_per_gpu: 4.8700  max_mem_allocated_mb: 666.3000  max_mem_reserved_mb: 22012.0000
2026/05/05 17:08:12 - mmengine - INFO - Epoch(train)  [1][3500/5000]  lr: 8.3387e-05  eta: 12:52:30  time: 0.8096  data_time: 0.0151  memory: 17900  grad_norm: 23.4158  loss: 1.3406  loss_heatmap: 0.3825  layer_-1_loss_cls: 0.1026  layer_-1_loss_bbox: 0.3759  matched_ious: 0.2420  aux_depth_loss: 0.4796  sec_per_iter: 0.8205  iters_per_sec: 1.2200  samples_per_sec: 19.5000  samples_per_sec_per_gpu: 4.8700  max_mem_allocated_mb: 666.3000  max_mem_reserved_mb: 22012.0000
2026/05/05 17:08:50 - mmengine - INFO - Epoch(train)  [1][3550/5000]  lr: 8.4316e-05  eta: 12:51:08  time: 0.7689  data_time: 0.0114  memory: 17826  grad_norm: 12.5632  loss: 1.2954  loss_heatmap: 0.3809  layer_-1_loss_cls: 0.1026  layer_-1_loss_bbox: 0.3364  matched_ious: 0.2508  aux_depth_loss: 0.4755  sec_per_iter: 0.8204  iters_per_sec: 1.2200  samples_per_sec: 19.5000  samples_per_sec_per_gpu: 4.8800  max_mem_allocated_mb: 666.3000  max_mem_reserved_mb: 22012.0000
2026/05/05 17:09:31 - mmengine - INFO - Epoch(train)  [1][3600/5000]  lr: 8.5256e-05  eta: 12:50:28  time: 0.8209  data_time: 0.0142  memory: 17682  grad_norm: 14.1929  loss: 1.3790  loss_heatmap: 0.4017  layer_-1_loss_cls: 0.0960  layer_-1_loss_bbox: 0.4019  matched_ious: 0.2508  aux_depth_loss: 0.4795  sec_per_iter: 0.8197  iters_per_sec: 1.2200  samples_per_sec: 19.5200  samples_per_sec_per_gpu: 4.8800  max_mem_allocated_mb: 666.3000  max_mem_reserved_mb: 22012.0000
2026/05/05 17:10:11 - mmengine - INFO - Epoch(train)  [1][3650/5000]  lr: 8.6208e-05  eta: 12:49:29  time: 0.7967  data_time: 0.0142  memory: 17816  grad_norm: 12.7497  loss: 1.4279  loss_heatmap: 0.4411  layer_-1_loss_cls: 0.1119  layer_-1_loss_bbox: 0.4138  matched_ious: 0.3583  aux_depth_loss: 0.4611  sec_per_iter: 0.8197  iters_per_sec: 1.2200  samples_per_sec: 19.5200  samples_per_sec_per_gpu: 4.8800  max_mem_allocated_mb: 666.3000  max_mem_reserved_mb: 22012.0000
2026/05/05 17:10:50 - mmengine - INFO - Epoch(train)  [1][3700/5000]  lr: 8.7171e-05  eta: 12:48:20  time: 0.7825  data_time: 0.0132  memory: 17801  grad_norm: 14.4742  loss: 1.2900  loss_heatmap: 0.3762  layer_-1_loss_cls: 0.0981  layer_-1_loss_bbox: 0.3433  matched_ious: 0.3763  aux_depth_loss: 0.4724  sec_per_iter: 0.8194  iters_per_sec: 1.2200  samples_per_sec: 19.5300  samples_per_sec_per_gpu: 4.8800  max_mem_allocated_mb: 666.3000  max_mem_reserved_mb: 22012.0000
2026/05/05 17:11:30 - mmengine - INFO - Epoch(train)  [1][3750/5000]  lr: 8.8147e-05  eta: 12:47:24  time: 0.7984  data_time: 0.0126  memory: 17714  grad_norm: 9.0865  loss: 1.3492  loss_heatmap: 0.4085  layer_-1_loss_cls: 0.1032  layer_-1_loss_bbox: 0.3719  matched_ious: 0.3720  aux_depth_loss: 0.4656  sec_per_iter: 0.8189  iters_per_sec: 1.2200  samples_per_sec: 19.5400  samples_per_sec_per_gpu: 4.8800  max_mem_allocated_mb: 666.3000  max_mem_reserved_mb: 22012.0000
2026/05/05 17:12:10 - mmengine - INFO - Epoch(train)  [1][3800/5000]  lr: 8.9133e-05  eta: 12:46:31  time: 0.8019  data_time: 0.0134  memory: 17719  grad_norm: 8.2015  loss: 1.3624  loss_heatmap: 0.4202  layer_-1_loss_cls: 0.1196  layer_-1_loss_bbox: 0.3576  matched_ious: 0.3242  aux_depth_loss: 0.4650  sec_per_iter: 0.8186  iters_per_sec: 1.2200  samples_per_sec: 19.5500  samples_per_sec_per_gpu: 4.8900  max_mem_allocated_mb: 666.3000  max_mem_reserved_mb: 22012.0000
2026/05/05 17:12:50 - mmengine - INFO - Epoch(train)  [1][3850/5000]  lr: 9.0131e-05  eta: 12:45:31  time: 0.7924  data_time: 0.0128  memory: 17844  grad_norm: 10.7213  loss: 1.3684  loss_heatmap: 0.4132  layer_-1_loss_cls: 0.1128  layer_-1_loss_bbox: 0.3809  matched_ious: 0.2533  aux_depth_loss: 0.4615  sec_per_iter: 0.8184  iters_per_sec: 1.2200  samples_per_sec: 19.5500  samples_per_sec_per_gpu: 4.8900  max_mem_allocated_mb: 666.3000  max_mem_reserved_mb: 22012.0000
2026/05/05 17:13:29 - mmengine - INFO - Epoch(train)  [1][3900/5000]  lr: 9.1141e-05  eta: 12:44:16  time: 0.7708  data_time: 0.0122  memory: 17775  grad_norm: 11.1269  loss: 1.2989  loss_heatmap: 0.3872  layer_-1_loss_cls: 0.1093  layer_-1_loss_bbox: 0.3409  matched_ious: 0.3202  aux_depth_loss: 0.4616  sec_per_iter: 0.8180  iters_per_sec: 1.2200  samples_per_sec: 19.5600  samples_per_sec_per_gpu: 4.8900  max_mem_allocated_mb: 666.3000  max_mem_reserved_mb: 22012.0000
2026/05/05 17:14:08 - mmengine - INFO - Epoch(train)  [1][3950/5000]  lr: 9.2162e-05  eta: 12:43:20  time: 0.7962  data_time: 0.0120  memory: 17956  grad_norm: 13.1360  loss: 1.3437  loss_heatmap: 0.3857  layer_-1_loss_cls: 0.1027  layer_-1_loss_bbox: 0.3626  matched_ious: 0.2999  aux_depth_loss: 0.4927  sec_per_iter: 0.8174  iters_per_sec: 1.2200  samples_per_sec: 19.5700  samples_per_sec_per_gpu: 4.8900  max_mem_allocated_mb: 666.3000  max_mem_reserved_mb: 22012.0000
2026/05/05 17:14:47 - mmengine - INFO - Exp name: zod_bevfusion_dualinit_20260505_161926
2026/05/05 17:14:47 - mmengine - INFO - Epoch(train)  [1][4000/5000]  lr: 9.3194e-05  eta: 12:42:14  time: 0.7808  data_time: 0.0135  memory: 17843  grad_norm: 10.2761  loss: 1.3624  loss_heatmap: 0.3898  layer_-1_loss_cls: 0.0989  layer_-1_loss_bbox: 0.4221  matched_ious: 0.2466  aux_depth_loss: 0.4516  sec_per_iter: 0.8172  iters_per_sec: 1.2200  samples_per_sec: 19.5800  samples_per_sec_per_gpu: 4.8900  max_mem_allocated_mb: 666.3000  max_mem_reserved_mb: 22012.0000
2026/05/05 17:15:26 - mmengine - INFO - Epoch(train)  [1][4050/5000]  lr: 9.4238e-05  eta: 12:41:09  time: 0.7815  data_time: 0.0130  memory: 17645  grad_norm: 14.1716  loss: 1.3307  loss_heatmap: 0.3975  layer_-1_loss_cls: 0.1046  layer_-1_loss_bbox: 0.3538  matched_ious: 0.3739  aux_depth_loss: 0.4750  sec_per_iter: 0.8167  iters_per_sec: 1.2200  samples_per_sec: 19.5900  samples_per_sec_per_gpu: 4.9000  max_mem_allocated_mb: 666.3000  max_mem_reserved_mb: 22012.0000
2026/05/05 17:16:06 - mmengine - INFO - Epoch(train)  [1][4100/5000]  lr: 9.5292e-05  eta: 12:40:11  time: 0.7919  data_time: 0.0139  memory: 17911  grad_norm: 22.5639  loss: 1.3481  loss_heatmap: 0.4165  layer_-1_loss_cls: 0.1122  layer_-1_loss_bbox: 0.3471  matched_ious: 0.2960  aux_depth_loss: 0.4724  sec_per_iter: 0.8163  iters_per_sec: 1.2300  samples_per_sec: 19.6000  samples_per_sec_per_gpu: 4.9000  max_mem_allocated_mb: 666.3000  max_mem_reserved_mb: 22012.0000
2026/05/05 17:16:45 - mmengine - INFO - Epoch(train)  [1][4150/5000]  lr: 9.6358e-05  eta: 12:39:06  time: 0.7801  data_time: 0.0146  memory: 17733  grad_norm: 13.6316  loss: 1.3021  loss_heatmap: 0.4057  layer_-1_loss_cls: 0.1104  layer_-1_loss_bbox: 0.3151  matched_ious: 0.2713  aux_depth_loss: 0.4709  sec_per_iter: 0.8160  iters_per_sec: 1.2300  samples_per_sec: 19.6100  samples_per_sec_per_gpu: 4.9000  max_mem_allocated_mb: 666.3000  max_mem_reserved_mb: 22012.0000
2026/05/05 17:17:28 - mmengine - INFO - Epoch(train)  [1][4200/5000]  lr: 9.7435e-05  eta: 12:38:55  time: 0.8604  data_time: 0.0134  memory: 17839  grad_norm: 12.4603  loss: 1.2970  loss_heatmap: 0.3934  layer_-1_loss_cls: 0.1120  layer_-1_loss_bbox: 0.3423  matched_ious: 0.2829  aux_depth_loss: 0.4493  sec_per_iter: 0.8155  iters_per_sec: 1.2300  samples_per_sec: 19.6200  samples_per_sec_per_gpu: 4.9000  max_mem_allocated_mb: 666.3000  max_mem_reserved_mb: 22012.0000
2026/05/05 17:18:10 - mmengine - INFO - Epoch(train)  [1][4250/5000]  lr: 9.8522e-05  eta: 12:38:24  time: 0.8304  data_time: 0.0128  memory: 18037  grad_norm: 17.5582  loss: 1.2965  loss_heatmap: 0.3815  layer_-1_loss_cls: 0.1017  layer_-1_loss_bbox: 0.3442  matched_ious: 0.4036  aux_depth_loss: 0.4692  sec_per_iter: 0.8161  iters_per_sec: 1.2300  samples_per_sec: 19.6100  samples_per_sec_per_gpu: 4.9000  max_mem_allocated_mb: 666.3000  max_mem_reserved_mb: 22012.0000
2026/05/05 17:18:49 - mmengine - INFO - Epoch(train)  [1][4300/5000]  lr: 9.9621e-05  eta: 12:37:24  time: 0.7867  data_time: 0.0121  memory: 17892  grad_norm: 12.9824  loss: 1.2971  loss_heatmap: 0.3784  layer_-1_loss_cls: 0.0994  layer_-1_loss_bbox: 0.3526  matched_ious: 0.4111  aux_depth_loss: 0.4667  sec_per_iter: 0.8162  iters_per_sec: 1.2300  samples_per_sec: 19.6000  samples_per_sec_per_gpu: 4.9000  max_mem_allocated_mb: 666.3000  max_mem_reserved_mb: 22012.0000
2026/05/05 17:19:27 - mmengine - INFO - Epoch(train)  [1][4350/5000]  lr: 1.0073e-04  eta: 12:36:11  time: 0.7660  data_time: 0.0130  memory: 17770  grad_norm: 11.0323  loss: 1.4127  loss_heatmap: 0.4100  layer_-1_loss_cls: 0.0976  layer_-1_loss_bbox: 0.4408  matched_ious: 0.2139  aux_depth_loss: 0.4643  sec_per_iter: 0.8159  iters_per_sec: 1.2300  samples_per_sec: 19.6100  samples_per_sec_per_gpu: 4.9000  max_mem_allocated_mb: 666.3000  max_mem_reserved_mb: 22012.0000
2026/05/05 17:20:07 - mmengine - INFO - Epoch(train)  [1][4400/5000]  lr: 1.0185e-04  eta: 12:35:19  time: 0.7974  data_time: 0.0140  memory: 17806  grad_norm: 11.7620  loss: 1.3583  loss_heatmap: 0.4105  layer_-1_loss_cls: 0.1000  layer_-1_loss_bbox: 0.3918  matched_ious: 0.4161  aux_depth_loss: 0.4560  sec_per_iter: 0.8153  iters_per_sec: 1.2300  samples_per_sec: 19.6200  samples_per_sec_per_gpu: 4.9100  max_mem_allocated_mb: 666.3000  max_mem_reserved_mb: 22012.0000
2026/05/05 17:20:46 - mmengine - INFO - Epoch(train)  [1][4450/5000]  lr: 1.0298e-04  eta: 12:34:15  time: 0.7766  data_time: 0.0127  memory: 17827  grad_norm: 13.7119  loss: 1.2935  loss_heatmap: 0.3676  layer_-1_loss_cls: 0.0986  layer_-1_loss_bbox: 0.3557  matched_ious: 0.4201  aux_depth_loss: 0.4716  sec_per_iter: 0.8151  iters_per_sec: 1.2300  samples_per_sec: 19.6300  samples_per_sec_per_gpu: 4.9100  max_mem_allocated_mb: 666.3000  max_mem_reserved_mb: 22012.0000
2026/05/05 17:21:25 - mmengine - INFO - Epoch(train)  [1][4500/5000]  lr: 1.0412e-04  eta: 12:33:12  time: 0.7799  data_time: 0.0123  memory: 17939  grad_norm: 13.2358  loss: 1.4061  loss_heatmap: 0.4296  layer_-1_loss_cls: 0.1182  layer_-1_loss_bbox: 0.3922  matched_ious: 0.1241  aux_depth_loss: 0.4661  sec_per_iter: 0.8147  iters_per_sec: 1.2300  samples_per_sec: 19.6400  samples_per_sec_per_gpu: 4.9100  max_mem_allocated_mb: 666.3000  max_mem_reserved_mb: 22012.0000
2026/05/05 17:22:03 - mmengine - INFO - Epoch(train)  [1][4550/5000]  lr: 1.0527e-04  eta: 12:31:58  time: 0.7597  data_time: 0.0126  memory: 17796  grad_norm: 11.7481  loss: 1.4397  loss_heatmap: 0.4206  layer_-1_loss_cls: 0.1082  layer_-1_loss_bbox: 0.4147  matched_ious: 0.3735  aux_depth_loss: 0.4962  sec_per_iter: 0.8143  iters_per_sec: 1.2300  samples_per_sec: 19.6500  samples_per_sec_per_gpu: 4.9100  max_mem_allocated_mb: 666.3000  max_mem_reserved_mb: 22012.0000
2026/05/05 17:22:42 - mmengine - INFO - Epoch(train)  [1][4600/5000]  lr: 1.0644e-04  eta: 12:30:56  time: 0.7784  data_time: 0.0134  memory: 17823  grad_norm: 13.5117  loss: 1.2912  loss_heatmap: 0.3826  layer_-1_loss_cls: 0.0997  layer_-1_loss_bbox: 0.3416  matched_ious: 0.1733  aux_depth_loss: 0.4673  sec_per_iter: 0.8137  iters_per_sec: 1.2300  samples_per_sec: 19.6600  samples_per_sec_per_gpu: 4.9200  max_mem_allocated_mb: 666.3000  max_mem_reserved_mb: 22012.0000
2026/05/05 17:23:20 - mmengine - INFO - Epoch(train)  [1][4650/5000]  lr: 1.0761e-04  eta: 12:29:50  time: 0.7707  data_time: 0.0119  memory: 17834  grad_norm: 13.5823  loss: 1.2989  loss_heatmap: 0.3934  layer_-1_loss_cls: 0.0987  layer_-1_loss_bbox: 0.3452  matched_ious: 0.2417  aux_depth_loss: 0.4616  sec_per_iter: 0.8133  iters_per_sec: 1.2300  samples_per_sec: 19.6700  samples_per_sec_per_gpu: 4.9200  max_mem_allocated_mb: 666.3000  max_mem_reserved_mb: 22012.0000
2026/05/05 17:24:01 - mmengine - INFO - Epoch(train)  [1][4700/5000]  lr: 1.0879e-04  eta: 12:29:04  time: 0.8034  data_time: 0.0150  memory: 17809  grad_norm: 9.6577  loss: 1.3373  loss_heatmap: 0.4045  layer_-1_loss_cls: 0.1074  layer_-1_loss_bbox: 0.3536  matched_ious: 0.2469  aux_depth_loss: 0.4718  sec_per_iter: 0.8129  iters_per_sec: 1.2300  samples_per_sec: 19.6800  samples_per_sec_per_gpu: 4.9200  max_mem_allocated_mb: 666.3000  max_mem_reserved_mb: 22012.0000
2026/05/05 17:24:42 - mmengine - INFO - Epoch(train)  [1][4750/5000]  lr: 1.0999e-04  eta: 12:28:27  time: 0.8192  data_time: 0.0169  memory: 17786  grad_norm: 10.9172  loss: 1.2940  loss_heatmap: 0.3970  layer_-1_loss_cls: 0.1059  layer_-1_loss_bbox: 0.3194  matched_ious: 0.3332  aux_depth_loss: 0.4717  sec_per_iter: 0.8128  iters_per_sec: 1.2300  samples_per_sec: 19.6900  samples_per_sec_per_gpu: 4.9200  max_mem_allocated_mb: 666.3000  max_mem_reserved_mb: 22012.0000
2026/05/05 17:25:21 - mmengine - INFO - Epoch(train)  [1][4800/5000]  lr: 1.1119e-04  eta: 12:27:37  time: 0.7960  data_time: 0.0136  memory: 17923  grad_norm: 14.1856  loss: 1.3322  loss_heatmap: 0.3928  layer_-1_loss_cls: 0.0987  layer_-1_loss_bbox: 0.3746  matched_ious: 0.4056  aux_depth_loss: 0.4662  sec_per_iter: 0.8128  iters_per_sec: 1.2300  samples_per_sec: 19.6800  samples_per_sec_per_gpu: 4.9200  max_mem_allocated_mb: 666.3000  max_mem_reserved_mb: 22012.0000
2026/05/05 17:26:02 - mmengine - INFO - Epoch(train)  [1][4850/5000]  lr: 1.1240e-04  eta: 12:27:00  time: 0.8183  data_time: 0.0182  memory: 17828  grad_norm: 18.2540  loss: 1.3494  loss_heatmap: 0.3834  layer_-1_loss_cls: 0.1036  layer_-1_loss_bbox: 0.3849  matched_ious: 0.3880  aux_depth_loss: 0.4775  sec_per_iter: 0.8127  iters_per_sec: 1.2300  samples_per_sec: 19.6900  samples_per_sec_per_gpu: 4.9200  max_mem_allocated_mb: 666.3000  max_mem_reserved_mb: 22012.0000
2026/05/05 17:26:41 - mmengine - INFO - Epoch(train)  [1][4900/5000]  lr: 1.1363e-04  eta: 12:25:57  time: 0.7744  data_time: 0.0139  memory: 17878  grad_norm: 11.9406  loss: 1.3548  loss_heatmap: 0.4134  layer_-1_loss_cls: 0.1191  layer_-1_loss_bbox: 0.3508  matched_ious: 0.3186  aux_depth_loss: 0.4714  sec_per_iter: 0.8127  iters_per_sec: 1.2300  samples_per_sec: 19.6900  samples_per_sec_per_gpu: 4.9200  max_mem_allocated_mb: 666.3000  max_mem_reserved_mb: 22012.0000
2026/05/05 17:27:21 - mmengine - INFO - Epoch(train)  [1][4950/5000]  lr: 1.1486e-04  eta: 12:25:07  time: 0.7952  data_time: 0.0174  memory: 17692  grad_norm: 17.0515  loss: 1.4090  loss_heatmap: 0.4397  layer_-1_loss_cls: 0.1119  layer_-1_loss_bbox: 0.3933  matched_ious: 0.2330  aux_depth_loss: 0.4641  sec_per_iter: 0.8123  iters_per_sec: 1.2300  samples_per_sec: 19.7000  samples_per_sec_per_gpu: 4.9200  max_mem_allocated_mb: 666.3000  max_mem_reserved_mb: 22012.0000
2026/05/05 17:28:01 - mmengine - INFO - Exp name: zod_bevfusion_dualinit_20260505_161926
2026/05/05 17:28:01 - mmengine - INFO - Epoch(train)  [1][5000/5000]  lr: 1.1611e-04  eta: 12:24:18  time: 0.7967  data_time: 0.0139  memory: 17919  grad_norm: 13.7105  loss: 1.3120  loss_heatmap: 0.3990  layer_-1_loss_cls: 0.1153  layer_-1_loss_bbox: 0.3320  matched_ious: 0.4275  aux_depth_loss: 0.4656  sec_per_iter: 0.8122  iters_per_sec: 1.2300  samples_per_sec: 19.7000  samples_per_sec_per_gpu: 4.9300  max_mem_allocated_mb: 666.3000  max_mem_reserved_mb: 22012.0000
2026/05/05 17:28:01 - mmengine - INFO - [Efficiency] Epoch 1: wall=4060.0s  iters=5000  sec/iter=0.812  mem_alloc=666MB  mem_rsv=22012MB
2026/05/05 17:28:16 - mmengine - INFO - Saved /home/users/u103958/projects/multimodal-MoE/outputs/runs/zod_bevfusion_dualinit/bevfusion-dualinit_4543552/visualizations/bev_before_backbone_epoch_1.png
2026/05/05 17:28:16 - mmengine - INFO - Saved /home/users/u103958/projects/multimodal-MoE/outputs/runs/zod_bevfusion_dualinit/bevfusion-dualinit_4543552/visualizations/bev_after_fpn_epoch_1.png
2026/05/05 17:28:18 - mmengine - INFO - Saved /home/users/u103958/projects/multimodal-MoE/outputs/runs/zod_bevfusion_dualinit/bevfusion-dualinit_4543552/visualizations/bev_pred_vs_gt_epoch_1.png  (GT=16, pred=14, max_score=0.580)
2026/05/05 17:28:18 - mmengine - INFO - Saved /home/users/u103958/projects/multimodal-MoE/outputs/runs/zod_bevfusion_dualinit/bevfusion-dualinit_4543552/visualizations/bev_val_pred_vs_gt_epoch_1.png  (GT=25, pred=21, max_score=0.715)
2026/05/05 17:28:19 - mmengine - INFO - Saved /home/users/u103958/projects/multimodal-MoE/outputs/runs/zod_bevfusion_dualinit/bevfusion-dualinit_4543552/visualizations/camera_bev_features_epoch_1.png
2026/05/05 17:28:19 - mmengine - INFO - Saved /home/users/u103958/projects/multimodal-MoE/outputs/runs/zod_bevfusion_dualinit/bevfusion-dualinit_4543552/visualizations/fused_bev_features_epoch_1.png
2026/05/05 17:28:20 - mmengine - INFO - Saved /home/users/u103958/projects/multimodal-MoE/outputs/runs/zod_bevfusion_dualinit/bevfusion-dualinit_4543552/visualizations/depth_transform_diagnostic_epoch_1.png
2026/05/05 17:28:20 - mmengine - INFO - ========================================================================
2026/05/05 17:28:20 - mmengine - INFO -   DEPTH PROJECTION DEBUG — Sparse depth analysis
2026/05/05 17:28:20 - mmengine - INFO - ========================================================================
2026/05/05 17:28:20 - mmengine - INFO -   lidar2img  shape=(1, 4, 4)
2026/05/05 17:28:20 - mmengine - INFO -     [  622.2576  -478.3849    -1.9513 -1257.4954]
2026/05/05 17:28:20 - mmengine - INFO -     [ 350.0951    7.6426 -478.2796 -167.8321]
2026/05/05 17:28:20 - mmengine - INFO -     [ 1.      0.003   0.0074 -2.0314]
2026/05/05 17:28:20 - mmengine - INFO -     [0. 0. 0. 1.]
2026/05/05 17:28:20 - mmengine - INFO -   cam2img  shape=(1, 4, 4)
2026/05/05 17:28:20 - mmengine - INFO -     [480.324    0.     620.7651   0.    ]
2026/05/05 17:28:20 - mmengine - INFO -     [  0.     480.9149 346.5506   0.    ]
2026/05/05 17:28:20 - mmengine - INFO -     [0. 0. 1. 0.]
2026/05/05 17:28:20 - mmengine - INFO -     [0. 0. 0. 1.]
2026/05/05 17:28:20 - mmengine - INFO -   img_aug_matrix  shape=(1, 4, 4)
2026/05/05 17:28:20 - mmengine - INFO -     [1. 0. 0. 0.]
2026/05/05 17:28:20 - mmengine - INFO -     [0. 1. 0. 0.]
2026/05/05 17:28:20 - mmengine - INFO -     [0. 0. 1. 0.]
2026/05/05 17:28:20 - mmengine - INFO -     [0. 0. 0. 1.]
2026/05/05 17:28:20 - mmengine - INFO -   lidar_aug_matrix  shape=(4, 4)
2026/05/05 17:28:20 - mmengine - INFO -     [1. 0. 0. 0.]
2026/05/05 17:28:20 - mmengine - INFO -     [0. 1. 0. 0.]
2026/05/05 17:28:20 - mmengine - INFO -     [0. 0. 1. 0.]
2026/05/05 17:28:20 - mmengine - INFO -     [0. 0. 0. 1.]
2026/05/05 17:28:20 - mmengine - INFO -   img tensor shape: (1, 1, 3, 704, 1248)
2026/05/05 17:28:20 - mmengine - INFO -   points[0] shape:  (50570, 4)
2026/05/05 17:28:20 - mmengine - INFO -   image_size=[704, 1248]  feature_size=[88, 156]  D=178
2026/05/05 17:28:20 - mmengine - INFO -   projected: 50570 / 50570 on image
2026/05/05 17:28:20 - mmengine - INFO -   row min/max/mean: 226.9 / 703.6 / 382.4
2026/05/05 17:28:20 - mmengine - INFO - ------------------------------------------------------------------------
2026/05/05 17:28:20 - mmengine - INFO -   MULTI-HIT / OVERWRITE ANALYSIS (full-res depth map)
2026/05/05 17:28:20 - mmengine - INFO -   total LiDAR hits on image:     50570
2026/05/05 17:28:20 - mmengine - INFO -   unique pixels occupied:         45944
2026/05/05 17:28:20 - mmengine - INFO -   pixels with >1 hit:             4354
2026/05/05 17:28:20 - mmengine - INFO -   overwritten points (lost):      4626  (9.1%)
2026/05/05 17:28:20 - mmengine - INFO -   multi-hit max/mean:             4 / 2.1
2026/05/05 17:28:20 - mmengine - INFO -   full-res occupancy:             45944 / 878592 = 5.229%
2026/05/05 17:28:20 - mmengine - INFO - ------------------------------------------------------------------------
2026/05/05 17:28:20 - mmengine - INFO -   OCCUPANCY THROUGH DEPTH PIPELINE
2026/05/05 17:28:20 - mmengine - INFO -   sparse_depth (full-res):  (1, 1, 704, 1248)
2026/05/05 17:28:20 - mmengine - INFO -     nonzero: 156662 / 878592  (17.831%)
2026/05/05 17:28:20 - mmengine - INFO -     active rows: 479/704  cols: 1248/1248
2026/05/05 17:28:20 - mmengine - INFO -   dtransform output:        (1, 64, 88, 156)
2026/05/05 17:28:20 - mmengine - INFO -     active cells (any ch>0): 13728 / 13728  (100.00%)
2026/05/05 17:28:20 - mmengine - INFO -   img_features:             (1, 1, 256, 88, 156)
2026/05/05 17:28:20 - mmengine - INFO -   depthnet output:          (1, 258, 88, 156)
2026/05/05 17:28:20 - mmengine - INFO -   camera BEV:               (1, 80, 180, 180)
2026/05/05 17:28:24 - mmengine - INFO -   Saved /home/users/u103958/projects/multimodal-MoE/outputs/runs/zod_bevfusion_dualinit/bevfusion-dualinit_4543552/debug/sparse_depth_pipeline.png
2026/05/05 17:28:25 - mmengine - INFO -   Saved /home/users/u103958/projects/multimodal-MoE/outputs/runs/zod_bevfusion_dualinit/bevfusion-dualinit_4543552/debug/lidar_projection_overlay.png
2026/05/05 17:28:25 - mmengine - INFO - ========================================================================
2026/05/05 17:28:40 - mmengine - INFO - Epoch(val)  [1][  50/1250]    eta: 0:05:50  time: 0.2918  data_time: 0.0257  memory: 4846  
2026/05/05 17:28:52 - mmengine - INFO - Epoch(val)  [1][ 100/1250]    eta: 0:05:02  time: 0.2335  data_time: 0.0065  memory: 4851  
2026/05/05 17:29:04 - mmengine - INFO - Epoch(val)  [1][ 150/1250]    eta: 0:04:39  time: 0.2380  data_time: 0.0049  memory: 4854  
2026/05/05 17:29:15 - mmengine - INFO - Epoch(val)  [1][ 200/1250]    eta: 0:04:20  time: 0.2305  data_time: 0.0044  memory: 4852  
2026/05/05 17:29:27 - mmengine - INFO - Epoch(val)  [1][ 250/1250]    eta: 0:04:06  time: 0.2410  data_time: 0.0055  memory: 4841  
2026/05/05 17:29:39 - mmengine - INFO - Epoch(val)  [1][ 300/1250]    eta: 0:03:51  time: 0.2304  data_time: 0.0047  memory: 4849  
2026/05/05 17:29:50 - mmengine - INFO - Epoch(val)  [1][ 350/1250]    eta: 0:03:38  time: 0.2337  data_time: 0.0047  memory: 4852  
2026/05/05 17:30:02 - mmengine - INFO - Epoch(val)  [1][ 400/1250]    eta: 0:03:25  time: 0.2397  data_time: 0.0045  memory: 4842  
2026/05/05 17:30:14 - mmengine - INFO - Epoch(val)  [1][ 450/1250]    eta: 0:03:13  time: 0.2403  data_time: 0.0052  memory: 4845  
2026/05/05 17:30:26 - mmengine - INFO - Epoch(val)  [1][ 500/1250]    eta: 0:03:01  time: 0.2379  data_time: 0.0059  memory: 4845  
2026/05/05 17:30:38 - mmengine - INFO - Epoch(val)  [1][ 550/1250]    eta: 0:02:48  time: 0.2355  data_time: 0.0047  memory: 4845  
2026/05/05 17:30:50 - mmengine - INFO - Epoch(val)  [1][ 600/1250]    eta: 0:02:37  time: 0.2469  data_time: 0.0051  memory: 4849  
2026/05/05 17:31:02 - mmengine - INFO - Epoch(val)  [1][ 650/1250]    eta: 0:02:24  time: 0.2369  data_time: 0.0050  memory: 4849  
2026/05/05 17:31:14 - mmengine - INFO - Epoch(val)  [1][ 700/1250]    eta: 0:02:12  time: 0.2344  data_time: 0.0053  memory: 4845  
2026/05/05 17:31:26 - mmengine - INFO - Epoch(val)  [1][ 750/1250]    eta: 0:02:00  time: 0.2424  data_time: 0.0067  memory: 4847  
2026/05/05 17:31:38 - mmengine - INFO - Epoch(val)  [1][ 800/1250]    eta: 0:01:48  time: 0.2353  data_time: 0.0052  memory: 4843  
2026/05/05 17:31:49 - mmengine - INFO - Epoch(val)  [1][ 850/1250]    eta: 0:01:35  time: 0.2313  data_time: 0.0047  memory: 4848  
2026/05/05 17:32:01 - mmengine - INFO - Epoch(val)  [1][ 900/1250]    eta: 0:01:23  time: 0.2355  data_time: 0.0046  memory: 4852  
2026/05/05 17:32:13 - mmengine - INFO - Epoch(val)  [1][ 950/1250]    eta: 0:01:11  time: 0.2374  data_time: 0.0068  memory: 4848  
2026/05/05 17:32:25 - mmengine - INFO - Epoch(val)  [1][1000/1250]    eta: 0:00:59  time: 0.2384  data_time: 0.0058  memory: 4851  
2026/05/05 17:32:37 - mmengine - INFO - Epoch(val)  [1][1050/1250]    eta: 0:00:47  time: 0.2402  data_time: 0.0049  memory: 4851  
2026/05/05 17:32:49 - mmengine - INFO - Epoch(val)  [1][1100/1250]    eta: 0:00:35  time: 0.2352  data_time: 0.0058  memory: 4851  
2026/05/05 17:33:01 - mmengine - INFO - Epoch(val)  [1][1150/1250]    eta: 0:00:23  time: 0.2413  data_time: 0.0050  memory: 4846  
2026/05/05 17:33:12 - mmengine - INFO - Epoch(val)  [1][1200/1250]    eta: 0:00:11  time: 0.2309  data_time: 0.0052  memory: 4844  
2026/05/05 17:33:25 - mmengine - INFO - Epoch(val)  [1][1250/1250]    eta: 0:00:00  time: 0.2539  data_time: 0.0048  memory: 4848  
2026/05/05 17:34:42 - mmengine - INFO - 
+------------+---------+---------+---------+---------+
| classes    | AP_0.25 | AR_0.25 | AP_0.50 | AR_0.50 |
+------------+---------+---------+---------+---------+
| pedestrian | 0.7842  | 0.9343  | 0.5375  | 0.6966  |
+------------+---------+---------+---------+---------+
| Overall    | 0.7842  | 0.9343  | 0.5375  | 0.6966  |
+------------+---------+---------+---------+---------+
2026/05/05 17:35:11 - mmengine - INFO - 
+------------+---------+---------+---------+---------+---------+---------+---------+---------+
| classes    | AP_0.5m | AR_0.5m | AP_1.0m | AR_1.0m | AP_2.0m | AR_2.0m | AP_4.0m | AR_4.0m |
+------------+---------+---------+---------+---------+---------+---------+---------+---------+
| pedestrian | 0.8044  | 0.9613  | 0.8123  | 0.9678  | 0.8173  | 0.9724  | 0.8240  | 0.9790  |
+------------+---------+---------+---------+---------+---------+---------+---------+---------+
| Overall    | 0.8044  | 0.9613  | 0.8123  | 0.9678  | 0.8173  | 0.9724  | 0.8240  | 0.9790  |
+------------+---------+---------+---------+---------+---------+---------+---------+---------+
2026/05/05 17:35:12 - mmengine - INFO - Epoch(val) [1][1250/1250]    pedestrian_AP_0.25: 0.7842  mAP_0.25: 0.7842  pedestrian_rec_0.25: 0.9343  mAR_0.25: 0.9343  pedestrian_AP_0.50: 0.5375  mAP_0.50: 0.5375  pedestrian_rec_0.50: 0.6966  mAR_0.50: 0.6966  pedestrian_AP_0.5m: 0.8044  pedestrian_rec_0.5m: 0.9613  pedestrian_AP_1.0m: 0.8123  pedestrian_rec_1.0m: 0.9678  pedestrian_AP_2.0m: 0.8173  pedestrian_rec_2.0m: 0.9724  pedestrian_AP_4.0m: 0.8240  pedestrian_rec_4.0m: 0.9790  mAP_0.5m: 0.8044  mAR_0.5m: 0.9613  mAP_1.0m: 0.8123  mAR_1.0m: 0.9678  mAP_2.0m: 0.8173  mAR_2.0m: 0.9724  mAP_4.0m: 0.8240  mAR_4.0m: 0.9790  data_time: 0.0061  time: 0.2397
2026/05/05 17:35:15 - mmengine - INFO - The best checkpoint with 0.5375 mAP_0.50 at 1 epoch is saved to best_mAP_0.50_epoch_1.pth.
2026/05/05 17:35:56 - mmengine - INFO - Epoch(train)  [2][  50/5000]  lr: 1.1736e-04  eta: 12:23:40  time: 0.8163  data_time: 0.0193  memory: 17707  grad_norm: 14.4249  loss: 1.3193  loss_heatmap: 0.3752  layer_-1_loss_cls: 0.1032  layer_-1_loss_bbox: 0.3503  matched_ious: 0.3802  aux_depth_loss: 0.4907  sec_per_iter: 0.8120  iters_per_sec: 1.2300  samples_per_sec: 19.7000  samples_per_sec_per_gpu: 4.9300  max_mem_allocated_mb: 666.3000  max_mem_reserved_mb: 22012.0000
2026/05/05 17:36:36 - mmengine - INFO - Epoch(train)  [2][ 100/5000]  lr: 1.1862e-04  eta: 12:22:57  time: 0.8076  data_time: 0.0121  memory: 17938  grad_norm: 8.4241  loss: 1.2654  loss_heatmap: 0.3664  layer_-1_loss_cls: 0.0981  layer_-1_loss_bbox: 0.3501  matched_ious: 0.2543  aux_depth_loss: 0.4508  sec_per_iter: 0.8171  iters_per_sec: 1.2200  samples_per_sec: 19.5800  samples_per_sec_per_gpu: 4.9000  max_mem_allocated_mb: 666.3000  max_mem_reserved_mb: 22012.0000
2026/05/05 17:37:18 - mmengine - INFO - Epoch(train)  [2][ 150/5000]  lr: 1.1990e-04  eta: 12:22:35  time: 0.8462  data_time: 0.0116  memory: 17781  grad_norm: 9.4818  loss: 1.3244  loss_heatmap: 0.3958  layer_-1_loss_cls: 0.0983  layer_-1_loss_bbox: 0.3587  matched_ious: 0.2602  aux_depth_loss: 0.4716  sec_per_iter: 0.8122  iters_per_sec: 1.2300  samples_per_sec: 19.7000  samples_per_sec_per_gpu: 4.9200  max_mem_allocated_mb: 666.3000  max_mem_reserved_mb: 22012.0000
2026/05/05 17:37:59 - mmengine - INFO - Epoch(train)  [2][ 200/5000]  lr: 1.2118e-04  eta: 12:21:54  time: 0.8128  data_time: 0.0150  memory: 17819  grad_norm: 8.6509  loss: 1.4644  loss_heatmap: 0.4493  layer_-1_loss_cls: 0.1074  layer_-1_loss_bbox: 0.4553  matched_ious: 0.3424  aux_depth_loss: 0.4524  sec_per_iter: 0.8235  iters_per_sec: 1.2100  samples_per_sec: 19.4300  samples_per_sec_per_gpu: 4.8600  max_mem_allocated_mb: 666.3000  max_mem_reserved_mb: 22012.0000
2026/05/05 17:38:39 - mmengine - INFO - Epoch(train)  [2][ 250/5000]  lr: 1.2247e-04  eta: 12:21:08  time: 0.8009  data_time: 0.0142  memory: 17828  grad_norm: 10.2872  loss: 1.3896  loss_heatmap: 0.4321  layer_-1_loss_cls: 0.1180  layer_-1_loss_bbox: 0.3395  matched_ious: 0.2491  aux_depth_loss: 0.5001  sec_per_iter: 0.8209  iters_per_sec: 1.2200  samples_per_sec: 19.4900  samples_per_sec_per_gpu: 4.8700  max_mem_allocated_mb: 666.3000  max_mem_reserved_mb: 22012.0000
2026/05/05 17:39:20 - mmengine - INFO - Epoch(train)  [2][ 300/5000]  lr: 1.2377e-04  eta: 12:20:30  time: 0.8185  data_time: 0.0146  memory: 17802  grad_norm: 8.4845  loss: 1.2683  loss_heatmap: 0.3650  layer_-1_loss_cls: 0.1018  layer_-1_loss_bbox: 0.3441  matched_ious: 0.3628  aux_depth_loss: 0.4574  sec_per_iter: 0.8169  iters_per_sec: 1.2200  samples_per_sec: 19.5900  samples_per_sec_per_gpu: 4.9000  max_mem_allocated_mb: 666.3000  max_mem_reserved_mb: 22012.0000
2026/05/05 17:40:00 - mmengine - INFO - Epoch(train)  [2][ 350/5000]  lr: 1.2508e-04  eta: 12:19:46  time: 0.8061  data_time: 0.0150  memory: 17697  grad_norm: 10.4211  loss: 1.2683  loss_heatmap: 0.3698  layer_-1_loss_cls: 0.1017  layer_-1_loss_bbox: 0.3266  matched_ious: 0.3670  aux_depth_loss: 0.4702  sec_per_iter: 0.8171  iters_per_sec: 1.2200  samples_per_sec: 19.5800  samples_per_sec_per_gpu: 4.9000  max_mem_allocated_mb: 666.3000  max_mem_reserved_mb: 22012.0000
2026/05/05 17:40:42 - mmengine - INFO - Epoch(train)  [2][ 400/5000]  lr: 1.2640e-04  eta: 12:19:21  time: 0.8416  data_time: 0.0174  memory: 18067  grad_norm: 11.4071  loss: 1.3640  loss_heatmap: 0.3977  layer_-1_loss_cls: 0.1123  layer_-1_loss_bbox: 0.3748  matched_ious: 0.2708  aux_depth_loss: 0.4792  sec_per_iter: 0.8156  iters_per_sec: 1.2300  samples_per_sec: 19.6200  samples_per_sec_per_gpu: 4.9000  max_mem_allocated_mb: 666.3000  max_mem_reserved_mb: 22012.0000
2026/05/05 17:41:25 - mmengine - INFO - Epoch(train)  [2][ 450/5000]  lr: 1.2773e-04  eta: 12:18:56  time: 0.8432  data_time: 0.0141  memory: 17756  grad_norm: 16.0136  loss: 1.3412  loss_heatmap: 0.4193  layer_-1_loss_cls: 0.1048  layer_-1_loss_bbox: 0.3389  matched_ious: 0.2846  aux_depth_loss: 0.4783  sec_per_iter: 0.8188  iters_per_sec: 1.2200  samples_per_sec: 19.5400  samples_per_sec_per_gpu: 4.8900  max_mem_allocated_mb: 666.3000  max_mem_reserved_mb: 22012.0000
2026/05/05 17:42:06 - mmengine - INFO - Epoch(train)  [2][ 500/5000]  lr: 1.2907e-04  eta: 12:18:19  time: 0.8220  data_time: 0.0168  memory: 17768  grad_norm: 17.2583  loss: 1.3568  loss_heatmap: 0.4033  layer_-1_loss_cls: 0.1040  layer_-1_loss_bbox: 0.3689  matched_ious: 0.2062  aux_depth_loss: 0.4806  sec_per_iter: 0.8215  iters_per_sec: 1.2200  samples_per_sec: 19.4800  samples_per_sec_per_gpu: 4.8700  max_mem_allocated_mb: 666.3000  max_mem_reserved_mb: 22012.0000
2026/05/05 17:42:47 - mmengine - INFO - Epoch(train)  [2][ 550/5000]  lr: 1.3042e-04  eta: 12:17:42  time: 0.8191  data_time: 0.0134  memory: 17876  grad_norm: 15.9917  loss: 1.2482  loss_heatmap: 0.3573  layer_-1_loss_cls: 0.1008  layer_-1_loss_bbox: 0.3403  matched_ious: 0.2629  aux_depth_loss: 0.4498  sec_per_iter: 0.8216  iters_per_sec: 1.2200  samples_per_sec: 19.4700  samples_per_sec_per_gpu: 4.8700  max_mem_allocated_mb: 666.3000  max_mem_reserved_mb: 22012.0000
2026/05/05 17:43:28 - mmengine - INFO - Epoch(train)  [2][ 600/5000]  lr: 1.3177e-04  eta: 12:17:06  time: 0.8223  data_time: 0.0125  memory: 17758  grad_norm: 14.3698  loss: 1.2780  loss_heatmap: 0.3589  layer_-1_loss_cls: 0.1003  layer_-1_loss_bbox: 0.3510  matched_ious: 0.3191  aux_depth_loss: 0.4678  sec_per_iter: 0.8214  iters_per_sec: 1.2200  samples_per_sec: 19.4800  samples_per_sec_per_gpu: 4.8700  max_mem_allocated_mb: 666.3000  max_mem_reserved_mb: 22012.0000
2026/05/05 17:44:08 - mmengine - INFO - Epoch(train)  [2][ 650/5000]  lr: 1.3314e-04  eta: 12:16:23  time: 0.8080  data_time: 0.0149  memory: 17822  grad_norm: 10.3655  loss: 1.4069  loss_heatmap: 0.4489  layer_-1_loss_cls: 0.1185  layer_-1_loss_bbox: 0.3741  matched_ious: 0.2850  aux_depth_loss: 0.4654  sec_per_iter: 0.8215  iters_per_sec: 1.2200  samples_per_sec: 19.4800  samples_per_sec_per_gpu: 4.8700  max_mem_allocated_mb: 666.3000  max_mem_reserved_mb: 22012.0000
2026/05/05 17:44:48 - mmengine - INFO - Epoch(train)  [2][ 700/5000]  lr: 1.3451e-04  eta: 12:15:36  time: 0.7999  data_time: 0.0129  memory: 18050  grad_norm: 13.7028  loss: 1.3489  loss_heatmap: 0.4059  layer_-1_loss_cls: 0.1083  layer_-1_loss_bbox: 0.3645  matched_ious: 0.2632  aux_depth_loss: 0.4701  sec_per_iter: 0.8204  iters_per_sec: 1.2200  samples_per_sec: 19.5000  samples_per_sec_per_gpu: 4.8800  max_mem_allocated_mb: 666.3000  max_mem_reserved_mb: 22012.0000
2026/05/05 17:45:28 - mmengine - INFO - Epoch(train)  [2][ 750/5000]  lr: 1.3589e-04  eta: 12:14:52  time: 0.8064  data_time: 0.0118  memory: 17621  grad_norm: 11.1765  loss: 1.3004  loss_heatmap: 0.3924  layer_-1_loss_cls: 0.1106  layer_-1_loss_bbox: 0.3363  matched_ious: 0.3459  aux_depth_loss: 0.4612  sec_per_iter: 0.8189  iters_per_sec: 1.2200  samples_per_sec: 19.5400  samples_per_sec_per_gpu: 4.8800  max_mem_allocated_mb: 666.3000  max_mem_reserved_mb: 22012.0000
2026/05/05 17:46:10 - mmengine - INFO - Epoch(train)  [2][ 800/5000]  lr: 1.3729e-04  eta: 12:14:20  time: 0.8312  data_time: 0.0164  memory: 17864  grad_norm: 13.0377  loss: 1.4386  loss_heatmap: 0.4334  layer_-1_loss_cls: 0.1216  layer_-1_loss_bbox: 0.4011  matched_ious: 0.2897  aux_depth_loss: 0.4825  sec_per_iter: 0.8181  iters_per_sec: 1.2200  samples_per_sec: 19.5600  samples_per_sec_per_gpu: 4.8900  max_mem_allocated_mb: 666.3000  max_mem_reserved_mb: 22012.0000
2026/05/05 17:46:50 - mmengine - INFO - Epoch(train)  [2][ 850/5000]  lr: 1.3868e-04  eta: 12:13:33  time: 0.7981  data_time: 0.0137  memory: 17737  grad_norm: 8.8348  loss: 1.3828  loss_heatmap: 0.3981  layer_-1_loss_cls: 0.1043  layer_-1_loss_bbox: 0.4048  matched_ious: 0.1743  aux_depth_loss: 0.4756  sec_per_iter: 0.8189  iters_per_sec: 1.2200  samples_per_sec: 19.5400  samples_per_sec_per_gpu: 4.8800  max_mem_allocated_mb: 666.3000  max_mem_reserved_mb: 22012.0000
2026/05/05 17:47:30 - mmengine - INFO - Epoch(train)  [2][ 900/5000]  lr: 1.4009e-04  eta: 12:12:46  time: 0.7987  data_time: 0.0139  memory: 17902  grad_norm: 11.0522  loss: 1.4011  loss_heatmap: 0.4258  layer_-1_loss_cls: 0.1124  layer_-1_loss_bbox: 0.3948  matched_ious: 0.3638  aux_depth_loss: 0.4682  sec_per_iter: 0.8177  iters_per_sec: 1.2200  samples_per_sec: 19.5700  samples_per_sec_per_gpu: 4.8900  max_mem_allocated_mb: 666.3000  max_mem_reserved_mb: 22012.0000
2026/05/05 17:48:13 - mmengine - INFO - Epoch(train)  [2][ 950/5000]  lr: 1.4151e-04  eta: 12:12:28  time: 0.8630  data_time: 0.0166  memory: 17784  grad_norm: 9.5078  loss: 1.4195  loss_heatmap: 0.4331  layer_-1_loss_cls: 0.1072  layer_-1_loss_bbox: 0.4022  matched_ious: 0.2877  aux_depth_loss: 0.4771  sec_per_iter: 0.8167  iters_per_sec: 1.2200  samples_per_sec: 19.5900  samples_per_sec_per_gpu: 4.9000  max_mem_allocated_mb: 666.3000  max_mem_reserved_mb: 22012.0000
2026/05/05 17:48:53 - mmengine - INFO - Exp name: zod_bevfusion_dualinit_20260505_161926
2026/05/05 17:48:53 - mmengine - INFO - Epoch(train)  [2][1000/5000]  lr: 1.4293e-04  eta: 12:11:39  time: 0.7944  data_time: 0.0142  memory: 17719  grad_norm: 11.9176  loss: 1.3953  loss_heatmap: 0.4323  layer_-1_loss_cls: 0.1150  layer_-1_loss_bbox: 0.3771  matched_ious: 0.2647  aux_depth_loss: 0.4709  sec_per_iter: 0.8191  iters_per_sec: 1.2200  samples_per_sec: 19.5300  samples_per_sec_per_gpu: 4.8800  max_mem_allocated_mb: 666.3000  max_mem_reserved_mb: 22012.0000
2026/05/05 17:49:32 - mmengine - INFO - Epoch(train)  [2][1050/5000]  lr: 1.4437e-04  eta: 12:10:48  time: 0.7895  data_time: 0.0124  memory: 17895  grad_norm: 7.7611  loss: 1.3009  loss_heatmap: 0.3925  layer_-1_loss_cls: 0.1066  layer_-1_loss_bbox: 0.3441  matched_ious: 0.3498  aux_depth_loss: 0.4577  sec_per_iter: 0.8179  iters_per_sec: 1.2200  samples_per_sec: 19.5600  samples_per_sec_per_gpu: 4.8900  max_mem_allocated_mb: 666.3000  max_mem_reserved_mb: 22012.0000
2026/05/05 17:50:12 - mmengine - INFO - Epoch(train)  [2][1100/5000]  lr: 1.4581e-04  eta: 12:10:01  time: 0.7987  data_time: 0.0136  memory: 17899  grad_norm: 8.5301  loss: 1.4671  loss_heatmap: 0.4822  layer_-1_loss_cls: 0.1262  layer_-1_loss_bbox: 0.3942  matched_ious: 0.4119  aux_depth_loss: 0.4645  sec_per_iter: 0.8165  iters_per_sec: 1.2200  samples_per_sec: 19.6000  samples_per_sec_per_gpu: 4.9000  max_mem_allocated_mb: 666.3000  max_mem_reserved_mb: 22012.0000
2026/05/05 17:50:52 - mmengine - INFO - Epoch(train)  [2][1150/5000]  lr: 1.4726e-04  eta: 12:09:11  time: 0.7915  data_time: 0.0135  memory: 17837  grad_norm: 7.8901  loss: 1.3654  loss_heatmap: 0.4222  layer_-1_loss_cls: 0.1119  layer_-1_loss_bbox: 0.3710  matched_ious: 0.2331  aux_depth_loss: 0.4603  sec_per_iter: 0.8157  iters_per_sec: 1.2300  samples_per_sec: 19.6200  samples_per_sec_per_gpu: 4.9000  max_mem_allocated_mb: 666.3000  max_mem_reserved_mb: 22012.0000
2026/05/05 17:51:36 - mmengine - INFO - Epoch(train)  [2][1200/5000]  lr: 1.4871e-04  eta: 12:09:03  time: 0.8889  data_time: 0.0121  memory: 17838  grad_norm: 7.8133  loss: 1.3112  loss_heatmap: 0.3695  layer_-1_loss_cls: 0.0991  layer_-1_loss_bbox: 0.3612  matched_ious: 0.1967  aux_depth_loss: 0.4814  sec_per_iter: 0.8146  iters_per_sec: 1.2300  samples_per_sec: 19.6400  samples_per_sec_per_gpu: 4.9100  max_mem_allocated_mb: 666.3000  max_mem_reserved_mb: 22012.0000
2026/05/05 17:52:18 - mmengine - INFO - Epoch(train)  [2][1250/5000]  lr: 1.5018e-04  eta: 12:08:30  time: 0.8295  data_time: 0.0137  memory: 17909  grad_norm: 5.9430  loss: 1.2924  loss_heatmap: 0.3881  layer_-1_loss_cls: 0.1032  layer_-1_loss_bbox: 0.3344  matched_ious: 0.1333  aux_depth_loss: 0.4666  sec_per_iter: 0.8177  iters_per_sec: 1.2200  samples_per_sec: 19.5700  samples_per_sec_per_gpu: 4.8900  max_mem_allocated_mb: 666.3000  max_mem_reserved_mb: 22012.0000
2026/05/05 17:52:57 - mmengine - INFO - Epoch(train)  [2][1300/5000]  lr: 1.5165e-04  eta: 12:07:40  time: 0.7909  data_time: 0.0137  memory: 17842  grad_norm: 8.8121  loss: 1.4132  loss_heatmap: 0.4505  layer_-1_loss_cls: 0.1134  layer_-1_loss_bbox: 0.3818  matched_ious: 0.2069  aux_depth_loss: 0.4676  sec_per_iter: 0.8182  iters_per_sec: 1.2200  samples_per_sec: 19.5500  samples_per_sec_per_gpu: 4.8900  max_mem_allocated_mb: 666.3000  max_mem_reserved_mb: 22012.0000
2026/05/05 17:53:37 - mmengine - INFO - Epoch(train)  [2][1350/5000]  lr: 1.5313e-04  eta: 12:06:56  time: 0.8048  data_time: 0.0127  memory: 17782  grad_norm: 7.3238  loss: 1.3576  loss_heatmap: 0.4028  layer_-1_loss_cls: 0.1105  layer_-1_loss_bbox: 0.3678  matched_ious: 0.1326  aux_depth_loss: 0.4765  sec_per_iter: 0.8172  iters_per_sec: 1.2200  samples_per_sec: 19.5800  samples_per_sec_per_gpu: 4.9000  max_mem_allocated_mb: 666.3000  max_mem_reserved_mb: 22012.0000
2026/05/05 17:54:18 - mmengine - INFO - Epoch(train)  [2][1400/5000]  lr: 1.5462e-04  eta: 12:06:15  time: 0.8135  data_time: 0.0129  memory: 17882  grad_norm: 8.3490  loss: 1.4160  loss_heatmap: 0.4419  layer_-1_loss_cls: 0.1179  layer_-1_loss_bbox: 0.3818  matched_ious: 0.2182  aux_depth_loss: 0.4744  sec_per_iter: 0.8167  iters_per_sec: 1.2200  samples_per_sec: 19.5900  samples_per_sec_per_gpu: 4.9000  max_mem_allocated_mb: 666.3000  max_mem_reserved_mb: 22012.0000
2026/05/05 17:54:59 - mmengine - INFO - Epoch(train)  [2][1450/5000]  lr: 1.5611e-04  eta: 12:05:38  time: 0.8219  data_time: 0.0137  memory: 17900  grad_norm: 6.2838  loss: 1.3925  loss_heatmap: 0.4480  layer_-1_loss_cls: 0.1166  layer_-1_loss_bbox: 0.3704  matched_ious: 0.3146  aux_depth_loss: 0.4574  sec_per_iter: 0.8166  iters_per_sec: 1.2200  samples_per_sec: 19.5900  samples_per_sec_per_gpu: 4.9000  max_mem_allocated_mb: 666.3000  max_mem_reserved_mb: 22012.0000
2026/05/05 17:55:39 - mmengine - INFO - Epoch(train)  [2][1500/5000]  lr: 1.5761e-04  eta: 12:04:52  time: 0.8002  data_time: 0.0138  memory: 17772  grad_norm: 6.9698  loss: 1.3245  loss_heatmap: 0.4028  layer_-1_loss_cls: 0.1071  layer_-1_loss_bbox: 0.3534  matched_ious: 0.2205  aux_depth_loss: 0.4612  sec_per_iter: 0.8168  iters_per_sec: 1.2200  samples_per_sec: 19.5900  samples_per_sec_per_gpu: 4.9000  max_mem_allocated_mb: 666.3000  max_mem_reserved_mb: 22012.0000
2026/05/05 17:56:19 - mmengine - INFO - Epoch(train)  [2][1550/5000]  lr: 1.5912e-04  eta: 12:04:07  time: 0.8016  data_time: 0.0128  memory: 17757  grad_norm: 7.7513  loss: 1.3776  loss_heatmap: 0.4144  layer_-1_loss_cls: 0.1158  layer_-1_loss_bbox: 0.3906  matched_ious: 0.3012  aux_depth_loss: 0.4569  sec_per_iter: 0.8162  iters_per_sec: 1.2300  samples_per_sec: 19.6000  samples_per_sec_per_gpu: 4.9000  max_mem_allocated_mb: 666.3000  max_mem_reserved_mb: 22012.0000
2026/05/05 17:57:01 - mmengine - INFO - Epoch(train)  [2][1600/5000]  lr: 1.6064e-04  eta: 12:03:31  time: 0.8246  data_time: 0.0149  memory: 17877  grad_norm: 8.7500  loss: 1.3761  loss_heatmap: 0.4259  layer_-1_loss_cls: 0.1190  layer_-1_loss_bbox: 0.3549  matched_ious: 0.2642  aux_depth_loss: 0.4763  sec_per_iter: 0.8158  iters_per_sec: 1.2300  samples_per_sec: 19.6100  samples_per_sec_per_gpu: 4.9000  max_mem_allocated_mb: 666.3000  max_mem_reserved_mb: 22012.0000
2026/05/05 17:57:41 - mmengine - INFO - Epoch(train)  [2][1650/5000]  lr: 1.6216e-04  eta: 12:02:51  time: 0.8146  data_time: 0.0125  memory: 18014  grad_norm: 8.5337  loss: 1.3149  loss_heatmap: 0.3903  layer_-1_loss_cls: 0.0981  layer_-1_loss_bbox: 0.3417  matched_ious: 0.2322  aux_depth_loss: 0.4847  sec_per_iter: 0.8160  iters_per_sec: 1.2300  samples_per_sec: 19.6100  samples_per_sec_per_gpu: 4.9000  max_mem_allocated_mb: 666.3000  max_mem_reserved_mb: 22012.0000
2026/05/05 17:58:21 - mmengine - INFO - Epoch(train)  [2][1700/5000]  lr: 1.6369e-04  eta: 12:02:01  time: 0.7883  data_time: 0.0125  memory: 17744  grad_norm: 8.9664  loss: 1.5399  loss_heatmap: 0.4675  layer_-1_loss_cls: 0.1231  layer_-1_loss_bbox: 0.4479  matched_ious: 0.3997  aux_depth_loss: 0.5014  sec_per_iter: 0.8160  iters_per_sec: 1.2300  samples_per_sec: 19.6100  samples_per_sec_per_gpu: 4.9000  max_mem_allocated_mb: 666.3000  max_mem_reserved_mb: 22012.0000
2026/05/05 17:59:01 - mmengine - INFO - Epoch(train)  [2][1750/5000]  lr: 1.6523e-04  eta: 12:01:21  time: 0.8156  data_time: 0.0143  memory: 17860  grad_norm: 8.2912  loss: 1.2286  loss_heatmap: 0.3550  layer_-1_loss_cls: 0.0950  layer_-1_loss_bbox: 0.3259  matched_ious: 0.3099  aux_depth_loss: 0.4527  sec_per_iter: 0.8152  iters_per_sec: 1.2300  samples_per_sec: 19.6300  samples_per_sec_per_gpu: 4.9100  max_mem_allocated_mb: 666.3000  max_mem_reserved_mb: 22012.0000
2026/05/05 17:59:43 - mmengine - INFO - Epoch(train)  [2][1800/5000]  lr: 1.6677e-04  eta: 12:00:44  time: 0.8229  data_time: 0.0129  memory: 17759  grad_norm: 9.7826  loss: 1.2938  loss_heatmap: 0.4009  layer_-1_loss_cls: 0.1047  layer_-1_loss_bbox: 0.3342  matched_ious: 0.2013  aux_depth_loss: 0.4540  sec_per_iter: 0.8152  iters_per_sec: 1.2300  samples_per_sec: 19.6300  samples_per_sec_per_gpu: 4.9100  max_mem_allocated_mb: 666.3000  max_mem_reserved_mb: 22012.0000
2026/05/05 18:00:23 - mmengine - INFO - Epoch(train)  [2][1850/5000]  lr: 1.6832e-04  eta: 12:00:02  time: 0.8085  data_time: 0.0139  memory: 17853  grad_norm: 8.1954  loss: 1.4361  loss_heatmap: 0.4503  layer_-1_loss_cls: 0.1217  layer_-1_loss_bbox: 0.3828  matched_ious: 0.2382  aux_depth_loss: 0.4814  sec_per_iter: 0.8154  iters_per_sec: 1.2300  samples_per_sec: 19.6200  samples_per_sec_per_gpu: 4.9100  max_mem_allocated_mb: 666.3000  max_mem_reserved_mb: 22012.0000
2026/05/05 18:01:03 - mmengine - INFO - Epoch(train)  [2][1900/5000]  lr: 1.6988e-04  eta: 11:59:14  time: 0.7936  data_time: 0.0131  memory: 17935  grad_norm: 7.6536  loss: 1.3858  loss_heatmap: 0.4240  layer_-1_loss_cls: 0.1125  layer_-1_loss_bbox: 0.3736  matched_ious: 0.1582  aux_depth_loss: 0.4757  sec_per_iter: 0.8152  iters_per_sec: 1.2300  samples_per_sec: 19.6300  samples_per_sec_per_gpu: 4.9100  max_mem_allocated_mb: 666.3000  max_mem_reserved_mb: 22012.0000
2026/05/05 18:01:43 - mmengine - INFO - Epoch(train)  [2][1950/5000]  lr: 1.7145e-04  eta: 11:58:27  time: 0.7954  data_time: 0.0163  memory: 17916  grad_norm: 7.7748  loss: 1.5556  loss_heatmap: 0.4827  layer_-1_loss_cls: 0.1318  layer_-1_loss_bbox: 0.4605  matched_ious: 0.2201  aux_depth_loss: 0.4806  sec_per_iter: 0.8147  iters_per_sec: 1.2300  samples_per_sec: 19.6400  samples_per_sec_per_gpu: 4.9100  max_mem_allocated_mb: 666.3000  max_mem_reserved_mb: 22012.0000
2026/05/05 18:02:23 - mmengine - INFO - Exp name: zod_bevfusion_dualinit_20260505_161926
2026/05/05 18:02:23 - mmengine - INFO - Epoch(train)  [2][2000/5000]  lr: 1.7302e-04  eta: 11:57:44  time: 0.8068  data_time: 0.0162  memory: 17890  grad_norm: 10.4712  loss: 1.3412  loss_heatmap: 0.4174  layer_-1_loss_cls: 0.1052  layer_-1_loss_bbox: 0.3592  matched_ious: 0.2369  aux_depth_loss: 0.4594  sec_per_iter: 0.8142  iters_per_sec: 1.2300  samples_per_sec: 19.6500  samples_per_sec_per_gpu: 4.9100  max_mem_allocated_mb: 666.3000  max_mem_reserved_mb: 22012.0000
2026/05/05 18:03:03 - mmengine - INFO - Epoch(train)  [2][2050/5000]  lr: 1.7459e-04  eta: 11:56:59  time: 0.8006  data_time: 0.0117  memory: 17830  grad_norm: 11.6867  loss: 1.3092  loss_heatmap: 0.3933  layer_-1_loss_cls: 0.1004  layer_-1_loss_bbox: 0.3288  matched_ious: 0.3291  aux_depth_loss: 0.4866  sec_per_iter: 0.8140  iters_per_sec: 1.2300  samples_per_sec: 19.6600  samples_per_sec_per_gpu: 4.9100  max_mem_allocated_mb: 666.3000  max_mem_reserved_mb: 22012.0000
2026/05/05 18:03:43 - mmengine - INFO - Epoch(train)  [2][2100/5000]  lr: 1.7618e-04  eta: 11:56:16  time: 0.8050  data_time: 0.0133  memory: 17787  grad_norm: 8.5725  loss: 1.5035  loss_heatmap: 0.4621  layer_-1_loss_cls: 0.1215  layer_-1_loss_bbox: 0.4330  matched_ious: 0.3841  aux_depth_loss: 0.4870  sec_per_iter: 0.8136  iters_per_sec: 1.2300  samples_per_sec: 19.6600  samples_per_sec_per_gpu: 4.9200  max_mem_allocated_mb: 666.3000  max_mem_reserved_mb: 22012.0000
2026/05/05 18:04:25 - mmengine - INFO - Epoch(train)  [2][2150/5000]  lr: 1.7776e-04  eta: 11:55:42  time: 0.8305  data_time: 0.0156  memory: 18017  grad_norm: 7.7254  loss: 1.4789  loss_heatmap: 0.4667  layer_-1_loss_cls: 0.1200  layer_-1_loss_bbox: 0.4093  matched_ious: 0.2705  aux_depth_loss: 0.4831  sec_per_iter: 0.8135  iters_per_sec: 1.2300  samples_per_sec: 19.6700  samples_per_sec_per_gpu: 4.9200  max_mem_allocated_mb: 666.3000  max_mem_reserved_mb: 22012.0000
2026/05/05 18:05:05 - mmengine - INFO - Epoch(train)  [2][2200/5000]  lr: 1.7936e-04  eta: 11:55:01  time: 0.8131  data_time: 0.0145  memory: 17821  grad_norm: 7.2188  loss: 1.3194  loss_heatmap: 0.3871  layer_-1_loss_cls: 0.0963  layer_-1_loss_bbox: 0.3709  matched_ious: 0.1056  aux_depth_loss: 0.4651  sec_per_iter: 0.8139  iters_per_sec: 1.2300  samples_per_sec: 19.6600  samples_per_sec_per_gpu: 4.9100  max_mem_allocated_mb: 666.3000  max_mem_reserved_mb: 22012.0000
2026/05/05 18:05:46 - mmengine - INFO - Epoch(train)  [2][2250/5000]  lr: 1.8096e-04  eta: 11:54:21  time: 0.8150  data_time: 0.0140  memory: 17696  grad_norm: 13.3835  loss: 1.2649  loss_heatmap: 0.3579  layer_-1_loss_cls: 0.0909  layer_-1_loss_bbox: 0.3491  matched_ious: 0.2378  aux_depth_loss: 0.4669  sec_per_iter: 0.8138  iters_per_sec: 1.2300  samples_per_sec: 19.6600  samples_per_sec_per_gpu: 4.9200  max_mem_allocated_mb: 666.3000  max_mem_reserved_mb: 22012.0000
2026/05/05 18:06:27 - mmengine - INFO - Epoch(train)  [2][2300/5000]  lr: 1.8257e-04  eta: 11:53:42  time: 0.8148  data_time: 0.0147  memory: 17773  grad_norm: 7.5705  loss: 1.3228  loss_heatmap: 0.4065  layer_-1_loss_cls: 0.1052  layer_-1_loss_bbox: 0.3465  matched_ious: 0.2795  aux_depth_loss: 0.4645  sec_per_iter: 0.8139  iters_per_sec: 1.2300  samples_per_sec: 19.6600  samples_per_sec_per_gpu: 4.9100  max_mem_allocated_mb: 666.3000  max_mem_reserved_mb: 22012.0000
2026/05/05 18:07:11 - mmengine - INFO - Epoch(train)  [2][2350/5000]  lr: 1.8418e-04  eta: 11:53:28  time: 0.8888  data_time: 0.0129  memory: 18009  grad_norm: 8.1489  loss: 1.3128  loss_heatmap: 0.3832  layer_-1_loss_cls: 0.0995  layer_-1_loss_bbox: 0.3731  matched_ious: 0.3310  aux_depth_loss: 0.4569  sec_per_iter: 0.8139  iters_per_sec: 1.2300  samples_per_sec: 19.6600  samples_per_sec_per_gpu: 4.9100  max_mem_allocated_mb: 666.3000  max_mem_reserved_mb: 22012.0000
2026/05/05 18:07:56 - mmengine - INFO - Epoch(train)  [2][2400/5000]  lr: 1.8580e-04  eta: 11:53:17  time: 0.8954  data_time: 0.0156  memory: 18055  grad_norm: 9.1012  loss: 1.3164  loss_heatmap: 0.3726  layer_-1_loss_cls: 0.0906  layer_-1_loss_bbox: 0.3854  matched_ious: 0.4158  aux_depth_loss: 0.4678  sec_per_iter: 0.8155  iters_per_sec: 1.2300  samples_per_sec: 19.6200  samples_per_sec_per_gpu: 4.9100  max_mem_allocated_mb: 666.3000  max_mem_reserved_mb: 22012.0000
2026/05/05 18:08:38 - mmengine - INFO - Epoch(train)  [2][2450/5000]  lr: 1.8742e-04  eta: 11:52:45  time: 0.8384  data_time: 0.0142  memory: 17762  grad_norm: 9.9007  loss: 1.3215  loss_heatmap: 0.3783  layer_-1_loss_cls: 0.0919  layer_-1_loss_bbox: 0.3716  matched_ious: 0.3431  aux_depth_loss: 0.4797  sec_per_iter: 0.8171  iters_per_sec: 1.2200  samples_per_sec: 19.5800  samples_per_sec_per_gpu: 4.9000  max_mem_allocated_mb: 666.3000  max_mem_reserved_mb: 22012.0000
2026/05/05 18:09:20 - mmengine - INFO - Epoch(train)  [2][2500/5000]  lr: 1.8905e-04  eta: 11:52:14  time: 0.8420  data_time: 0.0141  memory: 17864  grad_norm: 8.1754  loss: 1.3820  loss_heatmap: 0.4186  layer_-1_loss_cls: 0.1125  layer_-1_loss_bbox: 0.3882  matched_ious: 0.2856  aux_depth_loss: 0.4626  sec_per_iter: 0.8176  iters_per_sec: 1.2200  samples_per_sec: 19.5700  samples_per_sec_per_gpu: 4.8900  max_mem_allocated_mb: 666.3000  max_mem_reserved_mb: 22012.0000
2026/05/05 18:10:01 - mmengine - INFO - Epoch(train)  [2][2550/5000]  lr: 1.9068e-04  eta: 11:51:33  time: 0.8125  data_time: 0.0148  memory: 17709  grad_norm: 7.4320  loss: 1.3252  loss_heatmap: 0.3940  layer_-1_loss_cls: 0.1020  layer_-1_loss_bbox: 0.3479  matched_ious: 0.2304  aux_depth_loss: 0.4813  sec_per_iter: 0.8181  iters_per_sec: 1.2200  samples_per_sec: 19.5600  samples_per_sec_per_gpu: 4.8900  max_mem_allocated_mb: 666.3000  max_mem_reserved_mb: 22012.0000
2026/05/05 18:10:43 - mmengine - INFO - Epoch(train)  [2][2600/5000]  lr: 1.9232e-04  eta: 11:51:00  time: 0.8366  data_time: 0.0174  memory: 17779  grad_norm: 8.2338  loss: 1.3360  loss_heatmap: 0.3971  layer_-1_loss_cls: 0.0975  layer_-1_loss_bbox: 0.3533  matched_ious: 0.3503  aux_depth_loss: 0.4881  sec_per_iter: 0.8180  iters_per_sec: 1.2200  samples_per_sec: 19.5600  samples_per_sec_per_gpu: 4.8900  max_mem_allocated_mb: 666.3000  max_mem_reserved_mb: 22012.0000
2026/05/05 18:11:26 - mmengine - INFO - Epoch(train)  [2][2650/5000]  lr: 1.9397e-04  eta: 11:50:36  time: 0.8639  data_time: 0.0210  memory: 17976  grad_norm: 6.8885  loss: 1.3441  loss_heatmap: 0.3999  layer_-1_loss_cls: 0.1035  layer_-1_loss_bbox: 0.3532  matched_ious: 0.3000  aux_depth_loss: 0.4875  sec_per_iter: 0.8183  iters_per_sec: 1.2200  samples_per_sec: 19.5500  samples_per_sec_per_gpu: 4.8900  max_mem_allocated_mb: 666.3000  max_mem_reserved_mb: 22012.0000
2026/05/05 18:12:06 - mmengine - INFO - Epoch(train)  [2][2700/5000]  lr: 1.9562e-04  eta: 11:49:52  time: 0.8036  data_time: 0.0154  memory: 17809  grad_norm: 7.8807  loss: 1.3297  loss_heatmap: 0.3963  layer_-1_loss_cls: 0.1035  layer_-1_loss_bbox: 0.3545  matched_ious: 0.4094  aux_depth_loss: 0.4754  sec_per_iter: 0.8192  iters_per_sec: 1.2200  samples_per_sec: 19.5300  samples_per_sec_per_gpu: 4.8800  max_mem_allocated_mb: 666.3000  max_mem_reserved_mb: 22012.0000
2026/05/05 18:12:50 - mmengine - INFO - Epoch(train)  [2][2750/5000]  lr: 1.9727e-04  eta: 11:49:37  time: 0.8909  data_time: 0.0158  memory: 17828  grad_norm: 7.6799  loss: 1.4083  loss_heatmap: 0.4241  layer_-1_loss_cls: 0.1138  layer_-1_loss_bbox: 0.3971  matched_ious: 0.4226  aux_depth_loss: 0.4733  sec_per_iter: 0.8189  iters_per_sec: 1.2200  samples_per_sec: 19.5400  samples_per_sec_per_gpu: 4.8800  max_mem_allocated_mb: 666.3000  max_mem_reserved_mb: 22012.0000
2026/05/05 18:13:33 - mmengine - INFO - Epoch(train)  [2][2800/5000]  lr: 1.9893e-04  eta: 11:49:08  time: 0.8505  data_time: 0.0186  memory: 17740  grad_norm: inf  loss: 1.4423  loss_heatmap: 0.4547  layer_-1_loss_cls: 0.1198  layer_-1_loss_bbox: 0.3924  matched_ious: 0.2746  aux_depth_loss: 0.4754  sec_per_iter: 0.8202  iters_per_sec: 1.2200  samples_per_sec: 19.5100  samples_per_sec_per_gpu: 4.8800  max_mem_allocated_mb: 666.3000  max_mem_reserved_mb: 22012.0000
2026/05/05 18:14:14 - mmengine - INFO - Epoch(train)  [2][2850/5000]  lr: 2.0060e-04  eta: 11:48:26  time: 0.8123  data_time: 0.0124  memory: 17998  grad_norm: 7.0430  loss: 1.3700  loss_heatmap: 0.4136  layer_-1_loss_cls: 0.1175  layer_-1_loss_bbox: 0.3449  matched_ious: 0.4740  aux_depth_loss: 0.4941  sec_per_iter: 0.8207  iters_per_sec: 1.2200  samples_per_sec: 19.4900  samples_per_sec_per_gpu: 4.8700  max_mem_allocated_mb: 666.3000  max_mem_reserved_mb: 22012.0000
2026/05/05 18:14:54 - mmengine - INFO - Epoch(train)  [2][2900/5000]  lr: 2.0226e-04  eta: 11:47:45  time: 0.8140  data_time: 0.0132  memory: 17780  grad_norm: 7.0576  loss: 1.4504  loss_heatmap: 0.4794  layer_-1_loss_cls: 0.1262  layer_-1_loss_bbox: 0.3728  matched_ious: 0.1775  aux_depth_loss: 0.4720  sec_per_iter: 0.8206  iters_per_sec: 1.2200  samples_per_sec: 19.5000  samples_per_sec_per_gpu: 4.8700  max_mem_allocated_mb: 666.3000  max_mem_reserved_mb: 22012.0000
2026/05/05 18:15:38 - mmengine - INFO - Epoch(train)  [2][2950/5000]  lr: 2.0394e-04  eta: 11:47:24  time: 0.8739  data_time: 0.0150  memory: 18030  grad_norm: 13.0531  loss: 1.4266  loss_heatmap: 0.4169  layer_-1_loss_cls: 0.1100  layer_-1_loss_bbox: 0.4207  matched_ious: 0.3272  aux_depth_loss: 0.4790  sec_per_iter: 0.8205  iters_per_sec: 1.2200  samples_per_sec: 19.5000  samples_per_sec_per_gpu: 4.8800  max_mem_allocated_mb: 666.3000  max_mem_reserved_mb: 22012.0000
2026/05/05 18:16:23 - mmengine - INFO - Exp name: zod_bevfusion_dualinit_20260505_161926
2026/05/05 18:16:23 - mmengine - INFO - Epoch(train)  [2][3000/5000]  lr: 2.0561e-04  eta: 11:47:12  time: 0.9036  data_time: 0.0139  memory: 17769  grad_norm: 8.2931  loss: 1.4182  loss_heatmap: 0.4338  layer_-1_loss_cls: 0.1153  layer_-1_loss_bbox: 0.3769  matched_ious: 0.2325  aux_depth_loss: 0.4922  sec_per_iter: 0.8214  iters_per_sec: 1.2200  samples_per_sec: 19.4800  samples_per_sec_per_gpu: 4.8700  max_mem_allocated_mb: 666.3000  max_mem_reserved_mb: 22012.0000
2026/05/05 18:17:06 - mmengine - INFO - Epoch(train)  [2][3050/5000]  lr: 2.0730e-04  eta: 11:46:45  time: 0.8601  data_time: 0.0212  memory: 17980  grad_norm: 5.9811  loss: 1.3895  loss_heatmap: 0.4394  layer_-1_loss_cls: 0.1166  layer_-1_loss_bbox: 0.3586  matched_ious: 0.2607  aux_depth_loss: 0.4749  sec_per_iter: 0.8228  iters_per_sec: 1.2200  samples_per_sec: 19.4500  samples_per_sec_per_gpu: 4.8600  max_mem_allocated_mb: 666.3000  max_mem_reserved_mb: 22012.0000
2026/05/05 18:17:48 - mmengine - INFO - Epoch(train)  [2][3100/5000]  lr: 2.0898e-04  eta: 11:46:10  time: 0.8354  data_time: 0.0141  memory: 17758  grad_norm: 6.9055  loss: 1.4373  loss_heatmap: 0.4600  layer_-1_loss_cls: 0.1153  layer_-1_loss_bbox: 0.3796  matched_ious: 0.2833  aux_depth_loss: 0.4824  sec_per_iter: 0.8234  iters_per_sec: 1.2100  samples_per_sec: 19.4300  samples_per_sec_per_gpu: 4.8600  max_mem_allocated_mb: 666.3000  max_mem_reserved_mb: 22012.0000
2026/05/05 18:18:31 - mmengine - INFO - Epoch(train)  [2][3150/5000]  lr: 2.1067e-04  eta: 11:45:46  time: 0.8669  data_time: 0.0148  memory: 17897  grad_norm: 7.8708  loss: 1.4607  loss_heatmap: 0.4792  layer_-1_loss_cls: 0.1273  layer_-1_loss_bbox: 0.3702  matched_ious: 0.2287  aux_depth_loss: 0.4841  sec_per_iter: 0.8236  iters_per_sec: 1.2100  samples_per_sec: 19.4300  samples_per_sec_per_gpu: 4.8600  max_mem_allocated_mb: 666.3000  max_mem_reserved_mb: 22012.0000
2026/05/05 18:19:12 - mmengine - INFO - Epoch(train)  [2][3200/5000]  lr: 2.1237e-04  eta: 11:45:02  time: 0.8066  data_time: 0.0168  memory: 17783  grad_norm: 7.6620  loss: 1.4547  loss_heatmap: 0.4305  layer_-1_loss_cls: 0.1035  layer_-1_loss_bbox: 0.4357  matched_ious: 0.2800  aux_depth_loss: 0.4850  sec_per_iter: 0.8242  iters_per_sec: 1.2100  samples_per_sec: 19.4100  samples_per_sec_per_gpu: 4.8500  max_mem_allocated_mb: 666.3000  max_mem_reserved_mb: 22012.0000
2026/05/05 18:19:53 - mmengine - INFO - Epoch(train)  [2][3250/5000]  lr: 2.1406e-04  eta: 11:44:27  time: 0.8359  data_time: 0.0152  memory: 17937  grad_norm: 6.5990  loss: 1.4139  loss_heatmap: 0.4505  layer_-1_loss_cls: 0.1190  layer_-1_loss_bbox: 0.3606  matched_ious: 0.3746  aux_depth_loss: 0.4837  sec_per_iter: 0.8240  iters_per_sec: 1.2100  samples_per_sec: 19.4200  samples_per_sec_per_gpu: 4.8500  max_mem_allocated_mb: 666.3000  max_mem_reserved_mb: 22012.0000
2026/05/05 18:20:34 - mmengine - INFO - Epoch(train)  [2][3300/5000]  lr: 2.1576e-04  eta: 11:43:47  time: 0.8194  data_time: 0.0149  memory: 17790  grad_norm: 6.6539  loss: 1.4596  loss_heatmap: 0.4567  layer_-1_loss_cls: 0.1177  layer_-1_loss_bbox: 0.3991  matched_ious: 0.2852  aux_depth_loss: 0.4861  sec_per_iter: 0.8242  iters_per_sec: 1.2100  samples_per_sec: 19.4100  samples_per_sec_per_gpu: 4.8500  max_mem_allocated_mb: 666.3000  max_mem_reserved_mb: 22012.0000
2026/05/05 18:21:15 - mmengine - INFO - Epoch(train)  [2][3350/5000]  lr: 2.1747e-04  eta: 11:43:08  time: 0.8219  data_time: 0.0158  memory: 17886  grad_norm: 6.8545  loss: 1.3720  loss_heatmap: 0.4263  layer_-1_loss_cls: 0.1079  layer_-1_loss_bbox: 0.3582  matched_ious: 0.2078  aux_depth_loss: 0.4796  sec_per_iter: 0.8241  iters_per_sec: 1.2100  samples_per_sec: 19.4200  samples_per_sec_per_gpu: 4.8500  max_mem_allocated_mb: 666.3000  max_mem_reserved_mb: 22012.0000
2026/05/05 18:21:59 - mmengine - INFO - Epoch(train)  [2][3400/5000]  lr: 2.1918e-04  eta: 11:42:44  time: 0.8721  data_time: 0.0127  memory: 17680  grad_norm: 9.4621  loss: 1.4296  loss_heatmap: 0.4399  layer_-1_loss_cls: 0.1170  layer_-1_loss_bbox: 0.3619  matched_ious: 0.2283  aux_depth_loss: 0.5107  sec_per_iter: 0.8240  iters_per_sec: 1.2100  samples_per_sec: 19.4200  samples_per_sec_per_gpu: 4.8500  max_mem_allocated_mb: 666.3000  max_mem_reserved_mb: 22012.0000
2026/05/05 18:22:44 - mmengine - INFO - Epoch(train)  [2][3450/5000]  lr: 2.2089e-04  eta: 11:42:26  time: 0.8926  data_time: 0.0157  memory: 17926  grad_norm: 5.4862  loss: 1.3706  loss_heatmap: 0.4239  layer_-1_loss_cls: 0.1081  layer_-1_loss_bbox: 0.3678  matched_ious: 0.2731  aux_depth_loss: 0.4708  sec_per_iter: 0.8248  iters_per_sec: 1.2100  samples_per_sec: 19.4000  samples_per_sec_per_gpu: 4.8500  max_mem_allocated_mb: 666.3000  max_mem_reserved_mb: 22012.0000
2026/05/05 18:23:28 - mmengine - INFO - Epoch(train)  [2][3500/5000]  lr: 2.2261e-04  eta: 11:42:06  time: 0.8859  data_time: 0.0133  memory: 17879  grad_norm: 5.8862  loss: 1.4045  loss_heatmap: 0.4415  layer_-1_loss_cls: 0.1118  layer_-1_loss_bbox: 0.3799  matched_ious: 0.3617  aux_depth_loss: 0.4712  sec_per_iter: 0.8257  iters_per_sec: 1.2100  samples_per_sec: 19.3800  samples_per_sec_per_gpu: 4.8400  max_mem_allocated_mb: 666.3000  max_mem_reserved_mb: 22012.0000
2026/05/05 18:24:11 - mmengine - INFO - Epoch(train)  [2][3550/5000]  lr: 2.2433e-04  eta: 11:41:35  time: 0.8504  data_time: 0.0162  memory: 17968  grad_norm: 6.0825  loss: 1.4128  loss_heatmap: 0.4262  layer_-1_loss_cls: 0.1103  layer_-1_loss_bbox: 0.4127  matched_ious: 0.2986  aux_depth_loss: 0.4636  sec_per_iter: 0.8266  iters_per_sec: 1.2100  samples_per_sec: 19.3600  samples_per_sec_per_gpu: 4.8400  max_mem_allocated_mb: 666.3000  max_mem_reserved_mb: 22012.0000
2026/05/05 18:24:52 - mmengine - INFO - Epoch(train)  [2][3600/5000]  lr: 2.2605e-04  eta: 11:40:59  time: 0.8364  data_time: 0.0132  memory: 17855  grad_norm: 5.3439  loss: 1.3829  loss_heatmap: 0.4474  layer_-1_loss_cls: 0.1122  layer_-1_loss_bbox: 0.3572  matched_ious: 0.2483  aux_depth_loss: 0.4661  sec_per_iter: 0.8269  iters_per_sec: 1.2100  samples_per_sec: 19.3500  samples_per_sec_per_gpu: 4.8400  max_mem_allocated_mb: 666.3000  max_mem_reserved_mb: 22012.0000
2026/05/05 18:25:34 - mmengine - INFO - Epoch(train)  [2][3650/5000]  lr: 2.2777e-04  eta: 11:40:22  time: 0.8312  data_time: 0.0137  memory: 17716  grad_norm: 8.6381  loss: 1.5574  loss_heatmap: 0.4893  layer_-1_loss_cls: 0.1230  layer_-1_loss_bbox: 0.4594  matched_ious: 0.3380  aux_depth_loss: 0.4857  sec_per_iter: 0.8271  iters_per_sec: 1.2100  samples_per_sec: 19.3500  samples_per_sec_per_gpu: 4.8400  max_mem_allocated_mb: 666.3000  max_mem_reserved_mb: 22012.0000
2026/05/05 18:26:15 - mmengine - INFO - Epoch(train)  [2][3700/5000]  lr: 2.2950e-04  eta: 11:39:43  time: 0.8253  data_time: 0.0133  memory: 17950  grad_norm: 6.1360  loss: 1.5228  loss_heatmap: 0.4872  layer_-1_loss_cls: 0.1327  layer_-1_loss_bbox: 0.4154  matched_ious: 0.2247  aux_depth_loss: 0.4876  sec_per_iter: 0.8271  iters_per_sec: 1.2100  samples_per_sec: 19.3400  samples_per_sec_per_gpu: 4.8400  max_mem_allocated_mb: 666.3000  max_mem_reserved_mb: 22012.0000
2026/05/05 18:26:58 - mmengine - INFO - Epoch(train)  [2][3750/5000]  lr: 2.3123e-04  eta: 11:39:13  time: 0.8538  data_time: 0.0166  memory: 17823  grad_norm: 6.0640  loss: 1.4524  loss_heatmap: 0.4640  layer_-1_loss_cls: 0.1180  layer_-1_loss_bbox: 0.3856  matched_ious: 0.4019  aux_depth_loss: 0.4848  sec_per_iter: 0.8271  iters_per_sec: 1.2100  samples_per_sec: 19.3400  samples_per_sec_per_gpu: 4.8400  max_mem_allocated_mb: 666.3000  max_mem_reserved_mb: 22012.0000
2026/05/05 18:27:42 - mmengine - INFO - Epoch(train)  [2][3800/5000]  lr: 2.3296e-04  eta: 11:38:52  time: 0.8898  data_time: 0.0287  memory: 17813  grad_norm: 12.5718  loss: 1.4668  loss_heatmap: 0.4372  layer_-1_loss_cls: 0.1084  layer_-1_loss_bbox: 0.4502  matched_ious: 0.3334  aux_depth_loss: 0.4710  sec_per_iter: 0.8274  iters_per_sec: 1.2100  samples_per_sec: 19.3400  samples_per_sec_per_gpu: 4.8300  max_mem_allocated_mb: 666.3000  max_mem_reserved_mb: 22012.0000
2026/05/05 18:28:26 - mmengine - INFO - Epoch(train)  [2][3850/5000]  lr: 2.3470e-04  eta: 11:38:26  time: 0.8679  data_time: 0.0158  memory: 17758  grad_norm: 5.9736  loss: 1.4405  loss_heatmap: 0.4685  layer_-1_loss_cls: 0.1218  layer_-1_loss_bbox: 0.3740  matched_ious: 0.2286  aux_depth_loss: 0.4763  sec_per_iter: 0.8283  iters_per_sec: 1.2100  samples_per_sec: 19.3200  samples_per_sec_per_gpu: 4.8300  max_mem_allocated_mb: 666.3000  max_mem_reserved_mb: 22012.0000
2026/05/05 18:29:09 - mmengine - INFO - Epoch(train)  [2][3900/5000]  lr: 2.3644e-04  eta: 11:37:56  time: 0.8591  data_time: 0.0134  memory: 17787  grad_norm: 7.4502  loss: 1.5502  loss_heatmap: 0.4850  layer_-1_loss_cls: 0.1270  layer_-1_loss_bbox: 0.4271  matched_ious: 0.2261  aux_depth_loss: 0.5111  sec_per_iter: 0.8288  iters_per_sec: 1.2100  samples_per_sec: 19.3100  samples_per_sec_per_gpu: 4.8300  max_mem_allocated_mb: 666.3000  max_mem_reserved_mb: 22012.0000
2026/05/05 18:29:52 - mmengine - INFO - Epoch(train)  [2][3950/5000]  lr: 2.3818e-04  eta: 11:37:29  time: 0.8688  data_time: 0.0128  memory: 17988  grad_norm: 6.1594  loss: 1.4571  loss_heatmap: 0.4446  layer_-1_loss_cls: 0.1131  layer_-1_loss_bbox: 0.4056  matched_ious: 0.2867  aux_depth_loss: 0.4938  sec_per_iter: 0.8292  iters_per_sec: 1.2100  samples_per_sec: 19.3000  samples_per_sec_per_gpu: 4.8200  max_mem_allocated_mb: 666.3000  max_mem_reserved_mb: 22012.0000
2026/05/05 18:30:34 - mmengine - INFO - Exp name: zod_bevfusion_dualinit_20260505_161926
2026/05/05 18:30:34 - mmengine - INFO - Epoch(train)  [2][4000/5000]  lr: 2.3992e-04  eta: 11:36:51  time: 0.8300  data_time: 0.0156  memory: 17856  grad_norm: 7.6569  loss: 1.5962  loss_heatmap: 0.4867  layer_-1_loss_cls: 0.1249  layer_-1_loss_bbox: 0.4739  matched_ious: 0.1838  aux_depth_loss: 0.5107  sec_per_iter: 0.8297  iters_per_sec: 1.2100  samples_per_sec: 19.2800  samples_per_sec_per_gpu: 4.8200  max_mem_allocated_mb: 666.3000  max_mem_reserved_mb: 22012.0000
2026/05/05 18:31:14 - mmengine - INFO - Epoch(train)  [2][4050/5000]  lr: 2.4167e-04  eta: 11:36:09  time: 0.8166  data_time: 0.0125  memory: 17826  grad_norm: 5.9374  loss: 1.5248  loss_heatmap: 0.5002  layer_-1_loss_cls: 0.1254  layer_-1_loss_bbox: 0.4097  matched_ious: 0.3446  aux_depth_loss: 0.4895  sec_per_iter: 0.8297  iters_per_sec: 1.2100  samples_per_sec: 19.2800  samples_per_sec_per_gpu: 4.8200  max_mem_allocated_mb: 666.3000  max_mem_reserved_mb: 22012.0000
2026/05/05 18:31:56 - mmengine - INFO - Epoch(train)  [2][4100/5000]  lr: 2.4342e-04  eta: 11:35:34  time: 0.8393  data_time: 0.0137  memory: 17879  grad_norm: 5.3051  loss: 1.4708  loss_heatmap: 0.4779  layer_-1_loss_cls: 0.1237  layer_-1_loss_bbox: 0.3945  matched_ious: 0.3005  aux_depth_loss: 0.4746  sec_per_iter: 0.8295  iters_per_sec: 1.2100  samples_per_sec: 19.2900  samples_per_sec_per_gpu: 4.8200  max_mem_allocated_mb: 666.3000  max_mem_reserved_mb: 22012.0000
2026/05/05 18:32:38 - mmengine - INFO - Epoch(train)  [2][4150/5000]  lr: 2.4517e-04  eta: 11:34:53  time: 0.8222  data_time: 0.0164  memory: 17886  grad_norm: 5.5485  loss: 1.3967  loss_heatmap: 0.4273  layer_-1_loss_cls: 0.1177  layer_-1_loss_bbox: 0.3811  matched_ious: 0.2291  aux_depth_loss: 0.4707  sec_per_iter: 0.8296  iters_per_sec: 1.2100  samples_per_sec: 19.2900  samples_per_sec_per_gpu: 4.8200  max_mem_allocated_mb: 666.3000  max_mem_reserved_mb: 22012.0000
2026/05/05 18:33:24 - mmengine - INFO - Epoch(train)  [2][4200/5000]  lr: 2.4692e-04  eta: 11:34:41  time: 0.9250  data_time: 0.0184  memory: 17779  grad_norm: 8.3470  loss: 1.5084  loss_heatmap: 0.4959  layer_-1_loss_cls: 0.1270  layer_-1_loss_bbox: 0.4116  matched_ious: 0.3289  aux_depth_loss: 0.4739  sec_per_iter: 0.8296  iters_per_sec: 1.2100  samples_per_sec: 19.2900  samples_per_sec_per_gpu: 4.8200  max_mem_allocated_mb: 666.3000  max_mem_reserved_mb: 22012.0000
2026/05/05 18:34:06 - mmengine - INFO - Epoch(train)  [2][4250/5000]  lr: 2.4867e-04  eta: 11:34:08  time: 0.8491  data_time: 0.0160  memory: 17737  grad_norm: 6.1025  loss: 1.4231  loss_heatmap: 0.4310  layer_-1_loss_cls: 0.1124  layer_-1_loss_bbox: 0.4150  matched_ious: 0.3272  aux_depth_loss: 0.4647  sec_per_iter: 0.8307  iters_per_sec: 1.2000  samples_per_sec: 19.2600  samples_per_sec_per_gpu: 4.8200  max_mem_allocated_mb: 666.3000  max_mem_reserved_mb: 22012.0000
2026/05/05 18:34:46 - mmengine - INFO - Epoch(train)  [2][4300/5000]  lr: 2.5042e-04  eta: 11:33:21  time: 0.7999  data_time: 0.0137  memory: 17949  grad_norm: 6.9137  loss: 1.3817  loss_heatmap: 0.4267  layer_-1_loss_cls: 0.1148  layer_-1_loss_bbox: 0.3640  matched_ious: 0.2640  aux_depth_loss: 0.4762  sec_per_iter: 0.8309  iters_per_sec: 1.2000  samples_per_sec: 19.2600  samples_per_sec_per_gpu: 4.8100  max_mem_allocated_mb: 666.3000  max_mem_reserved_mb: 22012.0000
2026/05/05 18:35:28 - mmengine - INFO - Epoch(train)  [2][4350/5000]  lr: 2.5218e-04  eta: 11:32:45  time: 0.8376  data_time: 0.0130  memory: 17909  grad_norm: 6.7682  loss: 1.4645  loss_heatmap: 0.4578  layer_-1_loss_cls: 0.1175  layer_-1_loss_bbox: 0.3884  matched_ious: 0.1693  aux_depth_loss: 0.5008  sec_per_iter: 0.8305  iters_per_sec: 1.2000  samples_per_sec: 19.2600  samples_per_sec_per_gpu: 4.8200  max_mem_allocated_mb: 666.3000  max_mem_reserved_mb: 22012.0000
2026/05/05 18:36:14 - mmengine - INFO - Epoch(train)  [2][4400/5000]  lr: 2.5394e-04  eta: 11:32:28  time: 0.9087  data_time: 0.0139  memory: 17784  grad_norm: 5.1021  loss: 1.5266  loss_heatmap: 0.4833  layer_-1_loss_cls: 0.1265  layer_-1_loss_bbox: 0.4341  matched_ious: 0.1906  aux_depth_loss: 0.4826  sec_per_iter: 0.8306  iters_per_sec: 1.2000  samples_per_sec: 19.2600  samples_per_sec_per_gpu: 4.8200  max_mem_allocated_mb: 666.3000  max_mem_reserved_mb: 22012.0000
2026/05/05 18:36:57 - mmengine - INFO - Epoch(train)  [2][4450/5000]  lr: 2.5570e-04  eta: 11:32:02  time: 0.8775  data_time: 0.0126  memory: 17887  grad_norm: 9.4290  loss: 1.5592  loss_heatmap: 0.5031  layer_-1_loss_cls: 0.1320  layer_-1_loss_bbox: 0.4401  matched_ious: 0.2616  aux_depth_loss: 0.4840  sec_per_iter: 0.8315  iters_per_sec: 1.2000  samples_per_sec: 19.2400  samples_per_sec_per_gpu: 4.8100  max_mem_allocated_mb: 666.3000  max_mem_reserved_mb: 22012.0000
2026/05/05 18:37:41 - mmengine - INFO - Epoch(train)  [2][4500/5000]  lr: 2.5746e-04  eta: 11:31:33  time: 0.8686  data_time: 0.0154  memory: 18008  grad_norm: 5.1548  loss: 1.4116  loss_heatmap: 0.4303  layer_-1_loss_cls: 0.1190  layer_-1_loss_bbox: 0.3930  matched_ious: 0.3515  aux_depth_loss: 0.4694  sec_per_iter: 0.8320  iters_per_sec: 1.2000  samples_per_sec: 19.2300  samples_per_sec_per_gpu: 4.8100  max_mem_allocated_mb: 666.3000  max_mem_reserved_mb: 22012.0000
2026/05/05 18:38:23 - mmengine - INFO - Epoch(train)  [2][4550/5000]  lr: 2.5922e-04  eta: 11:30:57  time: 0.8415  data_time: 0.0135  memory: 17770  grad_norm: 5.7655  loss: 1.4745  loss_heatmap: 0.4941  layer_-1_loss_cls: 0.1301  layer_-1_loss_bbox: 0.3622  matched_ious: 0.2160  aux_depth_loss: 0.4881  sec_per_iter: 0.8324  iters_per_sec: 1.2000  samples_per_sec: 19.2200  samples_per_sec_per_gpu: 4.8100  max_mem_allocated_mb: 666.3000  max_mem_reserved_mb: 22012.0000
2026/05/05 18:39:10 - mmengine - INFO - Epoch(train)  [2][4600/5000]  lr: 2.6098e-04  eta: 11:30:50  time: 0.9502  data_time: 0.0181  memory: 17876  grad_norm: 5.0619  loss: 1.4616  loss_heatmap: 0.4523  layer_-1_loss_cls: 0.1176  layer_-1_loss_bbox: 0.4086  matched_ious: 0.3709  aux_depth_loss: 0.4831  sec_per_iter: 0.8325  iters_per_sec: 1.2000  samples_per_sec: 19.2200  samples_per_sec_per_gpu: 4.8000  max_mem_allocated_mb: 666.3000  max_mem_reserved_mb: 22012.0000
2026/05/05 18:39:52 - mmengine - INFO - Epoch(train)  [2][4650/5000]  lr: 2.6274e-04  eta: 11:30:10  time: 0.8289  data_time: 0.0139  memory: 17968  grad_norm: 7.3552  loss: 1.4907  loss_heatmap: 0.4563  layer_-1_loss_cls: 0.1237  layer_-1_loss_bbox: 0.4227  matched_ious: 0.1985  aux_depth_loss: 0.4880  sec_per_iter: 0.8338  iters_per_sec: 1.2000  samples_per_sec: 19.1900  samples_per_sec_per_gpu: 4.8000  max_mem_allocated_mb: 666.3000  max_mem_reserved_mb: 22012.0000
2026/05/05 18:40:37 - mmengine - INFO - Epoch(train)  [2][4700/5000]  lr: 2.6451e-04  eta: 11:29:52  time: 0.9107  data_time: 0.0140  memory: 17922  grad_norm: 6.0234  loss: 1.5273  loss_heatmap: 0.5140  layer_-1_loss_cls: 0.1331  layer_-1_loss_bbox: 0.3878  matched_ious: 0.3109  aux_depth_loss: 0.4923  sec_per_iter: 0.8338  iters_per_sec: 1.2000  samples_per_sec: 19.1900  samples_per_sec_per_gpu: 4.8000  max_mem_allocated_mb: 666.3000  max_mem_reserved_mb: 22012.0000
2026/05/05 18:41:19 - mmengine - INFO - Epoch(train)  [2][4750/5000]  lr: 2.6627e-04  eta: 11:29:14  time: 0.8332  data_time: 0.0134  memory: 17900  grad_norm: 5.2001  loss: 1.4573  loss_heatmap: 0.4971  layer_-1_loss_cls: 0.1272  layer_-1_loss_bbox: 0.3440  matched_ious: 0.1767  aux_depth_loss: 0.4890  sec_per_iter: 0.8346  iters_per_sec: 1.2000  samples_per_sec: 19.1700  samples_per_sec_per_gpu: 4.7900  max_mem_allocated_mb: 666.3000  max_mem_reserved_mb: 22012.0000
2026/05/05 18:42:02 - mmengine - INFO - Epoch(train)  [2][4800/5000]  lr: 2.6804e-04  eta: 11:28:41  time: 0.8561  data_time: 0.0135  memory: 17698  grad_norm: 5.8745  loss: 1.4695  loss_heatmap: 0.4819  layer_-1_loss_cls: 0.1275  layer_-1_loss_bbox: 0.3795  matched_ious: 0.1599  aux_depth_loss: 0.4807  sec_per_iter: 0.8346  iters_per_sec: 1.2000  samples_per_sec: 19.1700  samples_per_sec_per_gpu: 4.7900  max_mem_allocated_mb: 666.3000  max_mem_reserved_mb: 22012.0000
2026/05/05 18:42:47 - mmengine - INFO - Epoch(train)  [2][4850/5000]  lr: 2.6980e-04  eta: 11:28:19  time: 0.8988  data_time: 0.0154  memory: 17742  grad_norm: 4.6771  loss: 1.3677  loss_heatmap: 0.4287  layer_-1_loss_cls: 0.1143  layer_-1_loss_bbox: 0.3538  matched_ious: 0.2842  aux_depth_loss: 0.4709  sec_per_iter: 0.8348  iters_per_sec: 1.2000  samples_per_sec: 19.1700  samples_per_sec_per_gpu: 4.7900  max_mem_allocated_mb: 666.3000  max_mem_reserved_mb: 22012.0000
2026/05/05 18:43:30 - mmengine - INFO - Epoch(train)  [2][4900/5000]  lr: 2.7157e-04  eta: 11:27:49  time: 0.8660  data_time: 0.0148  memory: 17983  grad_norm: 5.6674  loss: 1.4114  loss_heatmap: 0.4589  layer_-1_loss_cls: 0.1217  layer_-1_loss_bbox: 0.3438  matched_ious: 0.3422  aux_depth_loss: 0.4871  sec_per_iter: 0.8355  iters_per_sec: 1.2000  samples_per_sec: 19.1500  samples_per_sec_per_gpu: 4.7900  max_mem_allocated_mb: 666.3000  max_mem_reserved_mb: 22012.0000
2026/05/05 18:44:11 - mmengine - INFO - Epoch(train)  [2][4950/5000]  lr: 2.7333e-04  eta: 11:27:07  time: 0.8231  data_time: 0.0186  memory: 17894  grad_norm: 5.4178  loss: 1.5009  loss_heatmap: 0.4939  layer_-1_loss_cls: 0.1253  layer_-1_loss_bbox: 0.4058  matched_ious: 0.3102  aux_depth_loss: 0.4759  sec_per_iter: 0.8358  iters_per_sec: 1.2000  samples_per_sec: 19.1400  samples_per_sec_per_gpu: 4.7900  max_mem_allocated_mb: 666.3000  max_mem_reserved_mb: 22012.0000
2026/05/05 18:44:51 - mmengine - INFO - Exp name: zod_bevfusion_dualinit_20260505_161926
2026/05/05 18:44:51 - mmengine - INFO - Epoch(train)  [2][5000/5000]  lr: 2.7510e-04  eta: 11:26:21  time: 0.8021  data_time: 0.0175  memory: 17736  grad_norm: 6.0047  loss: 1.4719  loss_heatmap: 0.4580  layer_-1_loss_cls: 0.1148  layer_-1_loss_bbox: 0.4061  matched_ious: 0.2590  aux_depth_loss: 0.4930  sec_per_iter: 0.8356  iters_per_sec: 1.2000  samples_per_sec: 19.1500  samples_per_sec_per_gpu: 4.7900  max_mem_allocated_mb: 666.3000  max_mem_reserved_mb: 22012.0000
2026/05/05 18:44:51 - mmengine - INFO - [Efficiency] Epoch 2: wall=4176.5s  iters=5000  sec/iter=0.835  mem_alloc=666MB  mem_rsv=22012MB
2026/05/05 18:44:51 - mmengine - INFO - Saving checkpoint at 2 epochs
2026/05/05 18:45:09 - mmengine - INFO - Epoch(val)  [2][  50/1250]    eta: 0:05:36  time: 0.2801  data_time: 0.0091  memory: 4781  
2026/05/05 18:45:22 - mmengine - INFO - Epoch(val)  [2][ 100/1250]    eta: 0:05:03  time: 0.2478  data_time: 0.0056  memory: 4786  
2026/05/05 18:45:34 - mmengine - INFO - Epoch(val)  [2][ 150/1250]    eta: 0:04:43  time: 0.2458  data_time: 0.0059  memory: 4789  
2026/05/05 18:45:46 - mmengine - INFO - Epoch(val)  [2][ 200/1250]    eta: 0:04:28  time: 0.2501  data_time: 0.0071  memory: 4787  
2026/05/05 18:45:59 - mmengine - INFO - Epoch(val)  [2][ 250/1250]    eta: 0:04:12  time: 0.2406  data_time: 0.0054  memory: 4776  
2026/05/05 18:46:12 - mmengine - INFO - Epoch(val)  [2][ 300/1250]    eta: 0:04:03  time: 0.2705  data_time: 0.0085  memory: 4784  
2026/05/05 18:46:24 - mmengine - INFO - Epoch(val)  [2][ 350/1250]    eta: 0:03:48  time: 0.2405  data_time: 0.0059  memory: 4787  
2026/05/05 18:46:36 - mmengine - INFO - Epoch(val)  [2][ 400/1250]    eta: 0:03:33  time: 0.2347  data_time: 0.0058  memory: 4777  
2026/05/05 18:46:48 - mmengine - INFO - Epoch(val)  [2][ 450/1250]    eta: 0:03:20  time: 0.2451  data_time: 0.0054  memory: 4780  
2026/05/05 18:47:00 - mmengine - INFO - Epoch(val)  [2][ 500/1250]    eta: 0:03:07  time: 0.2462  data_time: 0.0058  memory: 4780  
2026/05/05 18:47:13 - mmengine - INFO - Epoch(val)  [2][ 550/1250]    eta: 0:02:54  time: 0.2463  data_time: 0.0059  memory: 4780  
2026/05/05 18:47:25 - mmengine - INFO - Epoch(val)  [2][ 600/1250]    eta: 0:02:41  time: 0.2422  data_time: 0.0056  memory: 4784  
2026/05/05 18:47:37 - mmengine - INFO - Epoch(val)  [2][ 650/1250]    eta: 0:02:29  time: 0.2399  data_time: 0.0060  memory: 4784  
2026/05/05 18:47:48 - mmengine - INFO - Epoch(val)  [2][ 700/1250]    eta: 0:02:15  time: 0.2301  data_time: 0.0052  memory: 4781  
2026/05/05 18:48:00 - mmengine - INFO - Epoch(val)  [2][ 750/1250]    eta: 0:02:03  time: 0.2347  data_time: 0.0055  memory: 4783  
2026/05/05 18:48:12 - mmengine - INFO - Epoch(val)  [2][ 800/1250]    eta: 0:01:50  time: 0.2352  data_time: 0.0054  memory: 4778  
2026/05/05 18:48:24 - mmengine - INFO - Epoch(val)  [2][ 850/1250]    eta: 0:01:38  time: 0.2498  data_time: 0.0053  memory: 4783  
2026/05/05 18:48:36 - mmengine - INFO - Epoch(val)  [2][ 900/1250]    eta: 0:01:25  time: 0.2379  data_time: 0.0053  memory: 4787  
2026/05/05 18:48:48 - mmengine - INFO - Epoch(val)  [2][ 950/1250]    eta: 0:01:13  time: 0.2388  data_time: 0.0058  memory: 4783  
2026/05/05 18:49:00 - mmengine - INFO - Epoch(val)  [2][1000/1250]    eta: 0:01:01  time: 0.2331  data_time: 0.0054  memory: 4786  
2026/05/05 18:49:12 - mmengine - INFO - Epoch(val)  [2][1050/1250]    eta: 0:00:48  time: 0.2353  data_time: 0.0052  memory: 4786  
2026/05/05 18:49:23 - mmengine - INFO - Epoch(val)  [2][1100/1250]    eta: 0:00:36  time: 0.2347  data_time: 0.0058  memory: 4787  
2026/05/05 18:49:35 - mmengine - INFO - Epoch(val)  [2][1150/1250]    eta: 0:00:24  time: 0.2376  data_time: 0.0058  memory: 4781  
2026/05/05 18:49:47 - mmengine - INFO - Epoch(val)  [2][1200/1250]    eta: 0:00:12  time: 0.2385  data_time: 0.0055  memory: 4779  
2026/05/05 18:49:59 - mmengine - INFO - Epoch(val)  [2][1250/1250]    eta: 0:00:00  time: 0.2325  data_time: 0.0060  memory: 4783  
2026/05/05 18:51:14 - mmengine - INFO - 
+------------+---------+---------+---------+---------+
| classes    | AP_0.25 | AR_0.25 | AP_0.50 | AR_0.50 |
+------------+---------+---------+---------+---------+
| pedestrian | 0.7742  | 0.9296  | 0.4986  | 0.6672  |
+------------+---------+---------+---------+---------+
| Overall    | 0.7742  | 0.9296  | 0.4986  | 0.6672  |
+------------+---------+---------+---------+---------+
2026/05/05 18:51:46 - mmengine - INFO - 
+------------+---------+---------+---------+---------+---------+---------+---------+---------+
| classes    | AP_0.5m | AR_0.5m | AP_1.0m | AR_1.0m | AP_2.0m | AR_2.0m | AP_4.0m | AR_4.0m |
+------------+---------+---------+---------+---------+---------+---------+---------+---------+
| pedestrian | 0.7966  | 0.9588  | 0.8047  | 0.9661  | 0.8098  | 0.9707  | 0.8168  | 0.9784  |
+------------+---------+---------+---------+---------+---------+---------+---------+---------+
| Overall    | 0.7966  | 0.9588  | 0.8047  | 0.9661  | 0.8098  | 0.9707  | 0.8168  | 0.9784  |
+------------+---------+---------+---------+---------+---------+---------+---------+---------+
2026/05/05 18:51:47 - mmengine - INFO - Epoch(val) [2][1250/1250]    pedestrian_AP_0.25: 0.7742  mAP_0.25: 0.7742  pedestrian_rec_0.25: 0.9296  mAR_0.25: 0.9296  pedestrian_AP_0.50: 0.4986  mAP_0.50: 0.4986  pedestrian_rec_0.50: 0.6672  mAR_0.50: 0.6672  pedestrian_AP_0.5m: 0.7966  pedestrian_rec_0.5m: 0.9588  pedestrian_AP_1.0m: 0.8047  pedestrian_rec_1.0m: 0.9661  pedestrian_AP_2.0m: 0.8098  pedestrian_rec_2.0m: 0.9707  pedestrian_AP_4.0m: 0.8168  pedestrian_rec_4.0m: 0.9784  mAP_0.5m: 0.7966  mAR_0.5m: 0.9588  mAP_1.0m: 0.8047  mAR_1.0m: 0.9661  mAP_2.0m: 0.8098  mAR_2.0m: 0.9707  mAP_4.0m: 0.8168  mAR_4.0m: 0.9784  data_time: 0.0059  time: 0.2427
2026/05/05 18:52:33 - mmengine - INFO - Epoch(train)  [3][  50/5000]  lr: 2.7687e-04  eta: 11:26:02  time: 0.9148  data_time: 0.0272  memory: 17788  grad_norm: 5.5784  loss: 1.5460  loss_heatmap: 0.5089  layer_-1_loss_cls: 0.1324  layer_-1_loss_bbox: 0.4089  matched_ious: 0.2987  aux_depth_loss: 0.4958  sec_per_iter: 0.8353  iters_per_sec: 1.2000  samples_per_sec: 19.1500  samples_per_sec_per_gpu: 4.7900  max_mem_allocated_mb: 666.3000  max_mem_reserved_mb: 22012.0000
2026/05/05 18:53:16 - mmengine - INFO - Epoch(train)  [3][ 100/5000]  lr: 2.7863e-04  eta: 11:25:31  time: 0.8630  data_time: 0.0167  memory: 17683  grad_norm: 6.6021  loss: 1.4141  loss_heatmap: 0.4551  layer_-1_loss_cls: 0.1274  layer_-1_loss_bbox: 0.3419  matched_ious: 0.2951  aux_depth_loss: 0.4897  sec_per_iter: 0.9152  iters_per_sec: 1.0900  samples_per_sec: 17.4800  samples_per_sec_per_gpu: 4.3700  max_mem_allocated_mb: 666.3000  max_mem_reserved_mb: 22012.0000
2026/05/05 18:53:57 - mmengine - INFO - Epoch(train)  [3][ 150/5000]  lr: 2.8040e-04  eta: 11:24:49  time: 0.8209  data_time: 0.0127  memory: 17725  grad_norm: 6.6678  loss: 1.6123  loss_heatmap: 0.5144  layer_-1_loss_cls: 0.1294  layer_-1_loss_bbox: 0.4314  matched_ious: 0.2376  aux_depth_loss: 0.5371  sec_per_iter: 0.8892  iters_per_sec: 1.1200  samples_per_sec: 17.9900  samples_per_sec_per_gpu: 4.5000  max_mem_allocated_mb: 666.3000  max_mem_reserved_mb: 22012.0000
2026/05/05 18:54:39 - mmengine - INFO - Epoch(train)  [3][ 200/5000]  lr: 2.8216e-04  eta: 11:24:10  time: 0.8337  data_time: 0.0129  memory: 17898  grad_norm: 4.6255  loss: 1.3742  loss_heatmap: 0.4103  layer_-1_loss_cls: 0.1124  layer_-1_loss_bbox: 0.3591  matched_ious: 0.3383  aux_depth_loss: 0.4923  sec_per_iter: 0.8665  iters_per_sec: 1.1500  samples_per_sec: 18.4600  samples_per_sec_per_gpu: 4.6200  max_mem_allocated_mb: 666.3000  max_mem_reserved_mb: 22012.0000
2026/05/05 18:55:21 - mmengine - INFO - Epoch(train)  [3][ 250/5000]  lr: 2.8393e-04  eta: 11:23:32  time: 0.8406  data_time: 0.0145  memory: 17902  grad_norm: 5.1892  loss: 1.3609  loss_heatmap: 0.4045  layer_-1_loss_cls: 0.1125  layer_-1_loss_bbox: 0.3676  matched_ious: 0.2868  aux_depth_loss: 0.4762  sec_per_iter: 0.8584  iters_per_sec: 1.1600  samples_per_sec: 18.6400  samples_per_sec_per_gpu: 4.6600  max_mem_allocated_mb: 666.3000  max_mem_reserved_mb: 22012.0000
2026/05/05 18:56:04 - mmengine - INFO - Epoch(train)  [3][ 300/5000]  lr: 2.8569e-04  eta: 11:23:00  time: 0.8596  data_time: 0.0132  memory: 17878  grad_norm: 5.8868  loss: 1.4627  loss_heatmap: 0.4673  layer_-1_loss_cls: 0.1206  layer_-1_loss_bbox: 0.3878  matched_ious: 0.1757  aux_depth_loss: 0.4869  sec_per_iter: 0.8547  iters_per_sec: 1.1700  samples_per_sec: 18.7200  samples_per_sec_per_gpu: 4.6800  max_mem_allocated_mb: 666.3000  max_mem_reserved_mb: 22012.0000
2026/05/05 18:56:47 - mmengine - INFO - Epoch(train)  [3][ 350/5000]  lr: 2.8746e-04  eta: 11:22:26  time: 0.8552  data_time: 0.0162  memory: 17797  grad_norm: 4.6336  loss: 1.4628  loss_heatmap: 0.4458  layer_-1_loss_cls: 0.1189  layer_-1_loss_bbox: 0.4225  matched_ious: 0.4112  aux_depth_loss: 0.4756  sec_per_iter: 0.8556  iters_per_sec: 1.1700  samples_per_sec: 18.7000  samples_per_sec_per_gpu: 4.6800  max_mem_allocated_mb: 666.3000  max_mem_reserved_mb: 22012.0000
2026/05/05 18:57:28 - mmengine - INFO - Epoch(train)  [3][ 400/5000]  lr: 2.8922e-04  eta: 11:21:44  time: 0.8206  data_time: 0.0162  memory: 17746  grad_norm: 6.4997  loss: 1.5318  loss_heatmap: 0.4614  layer_-1_loss_cls: 0.1184  layer_-1_loss_bbox: 0.4414  matched_ious: 0.1794  aux_depth_loss: 0.5106  sec_per_iter: 0.8555  iters_per_sec: 1.1700  samples_per_sec: 18.7000  samples_per_sec_per_gpu: 4.6800  max_mem_allocated_mb: 666.3000  max_mem_reserved_mb: 22012.0000
2026/05/05 18:58:08 - mmengine - INFO - Epoch(train)  [3][ 450/5000]  lr: 2.9098e-04  eta: 11:20:59  time: 0.8091  data_time: 0.0147  memory: 17839  grad_norm: 5.4118  loss: 1.3439  loss_heatmap: 0.4005  layer_-1_loss_cls: 0.1041  layer_-1_loss_bbox: 0.3618  matched_ious: 0.3272  aux_depth_loss: 0.4775  sec_per_iter: 0.8511  iters_per_sec: 1.1700  samples_per_sec: 18.8000  samples_per_sec_per_gpu: 4.7000  max_mem_allocated_mb: 666.3000  max_mem_reserved_mb: 22012.0000
2026/05/05 18:58:50 - mmengine - INFO - Epoch(train)  [3][ 500/5000]  lr: 2.9274e-04  eta: 11:20:19  time: 0.8329  data_time: 0.0137  memory: 17824  grad_norm: 5.1329  loss: 1.4272  loss_heatmap: 0.4565  layer_-1_loss_cls: 0.1148  layer_-1_loss_bbox: 0.3872  matched_ious: 0.2693  aux_depth_loss: 0.4687  sec_per_iter: 0.8465  iters_per_sec: 1.1800  samples_per_sec: 18.9000  samples_per_sec_per_gpu: 4.7300  max_mem_allocated_mb: 666.3000  max_mem_reserved_mb: 22012.0000
2026/05/05 18:59:34 - mmengine - INFO - Epoch(train)  [3][ 550/5000]  lr: 2.9450e-04  eta: 11:19:50  time: 0.8728  data_time: 0.0264  memory: 17907  grad_norm: 7.2974  loss: 1.4719  loss_heatmap: 0.4489  layer_-1_loss_cls: 0.1156  layer_-1_loss_bbox: 0.4173  matched_ious: 0.2403  aux_depth_loss: 0.4901  sec_per_iter: 0.8451  iters_per_sec: 1.1800  samples_per_sec: 18.9300  samples_per_sec_per_gpu: 4.7300  max_mem_allocated_mb: 666.3000  max_mem_reserved_mb: 22012.0000
2026/05/05 19:00:16 - mmengine - INFO - Epoch(train)  [3][ 600/5000]  lr: 2.9626e-04  eta: 11:19:15  time: 0.8533  data_time: 0.0202  memory: 17884  grad_norm: 5.3145  loss: 1.3077  loss_heatmap: 0.3665  layer_-1_loss_cls: 0.0988  layer_-1_loss_bbox: 0.3402  matched_ious: 0.1979  aux_depth_loss: 0.5022  sec_per_iter: 0.8476  iters_per_sec: 1.1800  samples_per_sec: 18.8800  samples_per_sec_per_gpu: 4.7200  max_mem_allocated_mb: 666.3000  max_mem_reserved_mb: 22012.0000
2026/05/05 19:00:59 - mmengine - INFO - Epoch(train)  [3][ 650/5000]  lr: 2.9802e-04  eta: 11:18:38  time: 0.8431  data_time: 0.0179  memory: 17824  grad_norm: 5.3098  loss: 1.4350  loss_heatmap: 0.4705  layer_-1_loss_cls: 0.1188  layer_-1_loss_bbox: 0.3619  matched_ious: 0.2710  aux_depth_loss: 0.4837  sec_per_iter: 0.8481  iters_per_sec: 1.1800  samples_per_sec: 18.8700  samples_per_sec_per_gpu: 4.7200  max_mem_allocated_mb: 666.3000  max_mem_reserved_mb: 22012.0000
2026/05/05 19:01:44 - mmengine - INFO - Epoch(train)  [3][ 700/5000]  lr: 2.9978e-04  eta: 11:18:16  time: 0.9074  data_time: 0.0170  memory: 17743  grad_norm: inf  loss: 1.5180  loss_heatmap: 0.4850  layer_-1_loss_cls: 0.1303  layer_-1_loss_bbox: 0.3999  matched_ious: 0.1590  aux_depth_loss: 0.5027  sec_per_iter: 0.8477  iters_per_sec: 1.1800  samples_per_sec: 18.8700  samples_per_sec_per_gpu: 4.7200  max_mem_allocated_mb: 666.3000  max_mem_reserved_mb: 22012.0000
2026/05/05 19:02:27 - mmengine - INFO - Epoch(train)  [3][ 750/5000]  lr: 3.0153e-04  eta: 11:17:42  time: 0.8609  data_time: 0.0151  memory: 17939  grad_norm: 5.8614  loss: 1.4997  loss_heatmap: 0.4699  layer_-1_loss_cls: 0.1239  layer_-1_loss_bbox: 0.4185  matched_ious: 0.2898  aux_depth_loss: 0.4875  sec_per_iter: 0.8520  iters_per_sec: 1.1700  samples_per_sec: 18.7800  samples_per_sec_per_gpu: 4.6900  max_mem_allocated_mb: 666.3000  max_mem_reserved_mb: 22012.0000
2026/05/05 19:03:12 - mmengine - INFO - Epoch(train)  [3][ 800/5000]  lr: 3.0328e-04  eta: 11:17:18  time: 0.8993  data_time: 0.0169  memory: 17831  grad_norm: 4.9081  loss: 1.4449  loss_heatmap: 0.4623  layer_-1_loss_cls: 0.1204  layer_-1_loss_bbox: 0.3926  matched_ious: 0.2574  aux_depth_loss: 0.4696  sec_per_iter: 0.8526  iters_per_sec: 1.1700  samples_per_sec: 18.7700  samples_per_sec_per_gpu: 4.6900  max_mem_allocated_mb: 666.3000  max_mem_reserved_mb: 22012.0000
2026/05/05 19:03:59 - mmengine - INFO - Epoch(train)  [3][ 850/5000]  lr: 3.0503e-04  eta: 11:17:01  time: 0.9342  data_time: 0.0257  memory: 17863  grad_norm: 5.2012  loss: 1.4033  loss_heatmap: 0.4163  layer_-1_loss_cls: 0.1128  layer_-1_loss_bbox: 0.3915  matched_ious: 0.4401  aux_depth_loss: 0.4827  sec_per_iter: 0.8555  iters_per_sec: 1.1700  samples_per_sec: 18.7000  samples_per_sec_per_gpu: 4.6800  max_mem_allocated_mb: 666.3000  max_mem_reserved_mb: 22012.0000
2026/05/05 19:04:46 - mmengine - INFO - Epoch(train)  [3][ 900/5000]  lr: 3.0678e-04  eta: 11:16:45  time: 0.9406  data_time: 0.0291  memory: 18070  grad_norm: 6.1741  loss: 1.4341  loss_heatmap: 0.4336  layer_-1_loss_cls: 0.1101  layer_-1_loss_bbox: 0.4052  matched_ious: 0.2861  aux_depth_loss: 0.4852  sec_per_iter: 0.8603  iters_per_sec: 1.1600  samples_per_sec: 18.6000  samples_per_sec_per_gpu: 4.6500  max_mem_allocated_mb: 666.3000  max_mem_reserved_mb: 22012.0000
2026/05/05 19:05:27 - mmengine - INFO - Epoch(train)  [3][ 950/5000]  lr: 3.0853e-04  eta: 11:16:05  time: 0.8289  data_time: 0.0158  memory: 18011  grad_norm: 5.8354  loss: 1.3771  loss_heatmap: 0.4274  layer_-1_loss_cls: 0.1141  layer_-1_loss_bbox: 0.3307  matched_ious: 0.3514  aux_depth_loss: 0.5048  sec_per_iter: 0.8646  iters_per_sec: 1.1600  samples_per_sec: 18.5100  samples_per_sec_per_gpu: 4.6300  max_mem_allocated_mb: 666.3000  max_mem_reserved_mb: 22012.0000
2026/05/05 19:06:08 - mmengine - INFO - Exp name: zod_bevfusion_dualinit_20260505_161926
2026/05/05 19:06:08 - mmengine - INFO - Epoch(train)  [3][1000/5000]  lr: 3.1028e-04  eta: 11:15:23  time: 0.8273  data_time: 0.0155  memory: 17813  grad_norm: 4.7260  loss: 1.4517  loss_heatmap: 0.4479  layer_-1_loss_cls: 0.1192  layer_-1_loss_bbox: 0.4057  matched_ious: 0.2054  aux_depth_loss: 0.4789  sec_per_iter: 0.8627  iters_per_sec: 1.1600  samples_per_sec: 18.5500  samples_per_sec_per_gpu: 4.6400  max_mem_allocated_mb: 666.3000  max_mem_reserved_mb: 22012.0000
2026/05/05 19:06:52 - mmengine - INFO - Epoch(train)  [3][1050/5000]  lr: 3.1202e-04  eta: 11:14:50  time: 0.8615  data_time: 0.0174  memory: 17755  grad_norm: 5.6001  loss: 1.4127  loss_heatmap: 0.4320  layer_-1_loss_cls: 0.1138  layer_-1_loss_bbox: 0.3841  matched_ious: 0.2708  aux_depth_loss: 0.4828  sec_per_iter: 0.8610  iters_per_sec: 1.1600  samples_per_sec: 18.5800  samples_per_sec_per_gpu: 4.6500  max_mem_allocated_mb: 666.3000  max_mem_reserved_mb: 22012.0000
2026/05/05 19:07:40 - mmengine - INFO - Epoch(train)  [3][1100/5000]  lr: 3.1376e-04  eta: 11:14:38  time: 0.9634  data_time: 0.0162  memory: 17891  grad_norm: 5.7750  loss: 1.5576  loss_heatmap: 0.5150  layer_-1_loss_cls: 0.1275  layer_-1_loss_bbox: 0.4105  matched_ious: 0.2759  aux_depth_loss: 0.5047  sec_per_iter: 0.8610  iters_per_sec: 1.1600  samples_per_sec: 18.5800  samples_per_sec_per_gpu: 4.6500  max_mem_allocated_mb: 666.3000  max_mem_reserved_mb: 22012.0000
2026/05/05 19:08:29 - mmengine - INFO - Epoch(train)  [3][1150/5000]  lr: 3.1550e-04  eta: 11:14:30  time: 0.9787  data_time: 0.0213  memory: 17837  grad_norm: 4.9188  loss: 1.5103  loss_heatmap: 0.4984  layer_-1_loss_cls: 0.1388  layer_-1_loss_bbox: 0.3966  matched_ious: 0.3340  aux_depth_loss: 0.4766  sec_per_iter: 0.8658  iters_per_sec: 1.1600  samples_per_sec: 18.4800  samples_per_sec_per_gpu: 4.6200  max_mem_allocated_mb: 666.3000  max_mem_reserved_mb: 22012.0000
2026/05/05 19:09:16 - mmengine - INFO - Epoch(train)  [3][1200/5000]  lr: 3.1724e-04  eta: 11:14:15  time: 0.9525  data_time: 0.0174  memory: 17963  grad_norm: 5.3513  loss: 1.3915  loss_heatmap: 0.4605  layer_-1_loss_cls: 0.1249  layer_-1_loss_bbox: 0.3355  matched_ious: 0.1715  aux_depth_loss: 0.4706  sec_per_iter: 0.8706  iters_per_sec: 1.1500  samples_per_sec: 18.3800  samples_per_sec_per_gpu: 4.5900  max_mem_allocated_mb: 666.3000  max_mem_reserved_mb: 22012.0000
2026/05/05 19:10:00 - mmengine - INFO - Epoch(train)  [3][1250/5000]  lr: 3.1897e-04  eta: 11:13:44  time: 0.8753  data_time: 0.0181  memory: 17750  grad_norm: 5.8038  loss: 1.4572  loss_heatmap: 0.4579  layer_-1_loss_cls: 0.1180  layer_-1_loss_bbox: 0.3825  matched_ious: 0.2882  aux_depth_loss: 0.4988  sec_per_iter: 0.8740  iters_per_sec: 1.1400  samples_per_sec: 18.3100  samples_per_sec_per_gpu: 4.5800  max_mem_allocated_mb: 666.3000  max_mem_reserved_mb: 22012.0000
2026/05/05 19:10:42 - mmengine - INFO - Epoch(train)  [3][1300/5000]  lr: 3.2070e-04  eta: 11:13:06  time: 0.8436  data_time: 0.0174  memory: 17672  grad_norm: 5.1078  loss: 1.4121  loss_heatmap: 0.4413  layer_-1_loss_cls: 0.1166  layer_-1_loss_bbox: 0.3760  matched_ious: 0.3105  aux_depth_loss: 0.4782  sec_per_iter: 0.8741  iters_per_sec: 1.1400  samples_per_sec: 18.3100  samples_per_sec_per_gpu: 4.5800  max_mem_allocated_mb: 666.3000  max_mem_reserved_mb: 22012.0000
2026/05/05 19:11:26 - mmengine - INFO - Epoch(train)  [3][1350/5000]  lr: 3.2243e-04  eta: 11:12:33  time: 0.8687  data_time: 0.0150  memory: 17758  grad_norm: 5.0115  loss: 1.3591  loss_heatmap: 0.4156  layer_-1_loss_cls: 0.1147  layer_-1_loss_bbox: 0.3550  matched_ious: 0.1449  aux_depth_loss: 0.4738  sec_per_iter: 0.8729  iters_per_sec: 1.1500  samples_per_sec: 18.3300  samples_per_sec_per_gpu: 4.5800  max_mem_allocated_mb: 666.3000  max_mem_reserved_mb: 22012.0000
2026/05/05 19:12:09 - mmengine - INFO - Epoch(train)  [3][1400/5000]  lr: 3.2415e-04  eta: 11:11:57  time: 0.8583  data_time: 0.0136  memory: 17723  grad_norm: 6.3515  loss: 1.5355  loss_heatmap: 0.4748  layer_-1_loss_cls: 0.1172  layer_-1_loss_bbox: 0.4512  matched_ious: 0.3379  aux_depth_loss: 0.4924  sec_per_iter: 0.8727  iters_per_sec: 1.1500  samples_per_sec: 18.3300  samples_per_sec_per_gpu: 4.5800  max_mem_allocated_mb: 666.3000  max_mem_reserved_mb: 22012.0000
2026/05/05 19:12:52 - mmengine - INFO - Epoch(train)  [3][1450/5000]  lr: 3.2588e-04  eta: 11:11:25  time: 0.8748  data_time: 0.0157  memory: 17776  grad_norm: 5.2734  loss: 1.4994  loss_heatmap: 0.4842  layer_-1_loss_cls: 0.1321  layer_-1_loss_bbox: 0.3924  matched_ious: 0.2142  aux_depth_loss: 0.4907  sec_per_iter: 0.8722  iters_per_sec: 1.1500  samples_per_sec: 18.3400  samples_per_sec_per_gpu: 4.5900  max_mem_allocated_mb: 666.3000  max_mem_reserved_mb: 22012.0000
2026/05/05 19:13:36 - mmengine - INFO - Epoch(train)  [3][1500/5000]  lr: 3.2759e-04  eta: 11:10:54  time: 0.8762  data_time: 0.0131  memory: 17837  grad_norm: 5.1114  loss: 1.4171  loss_heatmap: 0.4416  layer_-1_loss_cls: 0.1160  layer_-1_loss_bbox: 0.3732  matched_ious: 0.3963  aux_depth_loss: 0.4863  sec_per_iter: 0.8723  iters_per_sec: 1.1500  samples_per_sec: 18.3400  samples_per_sec_per_gpu: 4.5900  max_mem_allocated_mb: 666.3000  max_mem_reserved_mb: 22012.0000
2026/05/05 19:14:18 - mmengine - INFO - Epoch(train)  [3][1550/5000]  lr: 3.2931e-04  eta: 11:10:13  time: 0.8335  data_time: 0.0135  memory: 17938  grad_norm: 4.6445  loss: 1.4737  loss_heatmap: 0.4700  layer_-1_loss_cls: 0.1196  layer_-1_loss_bbox: 0.4063  matched_ious: 0.2087  aux_depth_loss: 0.4777  sec_per_iter: 0.8724  iters_per_sec: 1.1500  samples_per_sec: 18.3400  samples_per_sec_per_gpu: 4.5800  max_mem_allocated_mb: 666.3000  max_mem_reserved_mb: 22012.0000
2026/05/05 19:15:03 - mmengine - INFO - Epoch(train)  [3][1600/5000]  lr: 3.3102e-04  eta: 11:09:48  time: 0.9095  data_time: 0.0140  memory: 17769  grad_norm: 5.1958  loss: 1.5057  loss_heatmap: 0.5032  layer_-1_loss_cls: 0.1253  layer_-1_loss_bbox: 0.4037  matched_ious: 0.2669  aux_depth_loss: 0.4736  sec_per_iter: 0.8712  iters_per_sec: 1.1500  samples_per_sec: 18.3700  samples_per_sec_per_gpu: 4.5900  max_mem_allocated_mb: 666.3000  max_mem_reserved_mb: 22012.0000
2026/05/05 19:15:46 - mmengine - INFO - Epoch(train)  [3][1650/5000]  lr: 3.3273e-04  eta: 11:09:10  time: 0.8474  data_time: 0.0143  memory: 18038  grad_norm: 5.8340  loss: 1.5270  loss_heatmap: 0.4950  layer_-1_loss_cls: 0.1212  layer_-1_loss_bbox: 0.4135  matched_ious: 0.3770  aux_depth_loss: 0.4973  sec_per_iter: 0.8724  iters_per_sec: 1.1500  samples_per_sec: 18.3400  samples_per_sec_per_gpu: 4.5900  max_mem_allocated_mb: 666.3000  max_mem_reserved_mb: 22012.0000
2026/05/05 19:16:32 - mmengine - INFO - Epoch(train)  [3][1700/5000]  lr: 3.3444e-04  eta: 11:08:48  time: 0.9258  data_time: 0.0126  memory: 17874  grad_norm: 4.8622  loss: 1.5474  loss_heatmap: 0.4817  layer_-1_loss_cls: 0.1234  layer_-1_loss_bbox: 0.4543  matched_ious: 0.3312  aux_depth_loss: 0.4880  sec_per_iter: 0.8716  iters_per_sec: 1.1500  samples_per_sec: 18.3600  samples_per_sec_per_gpu: 4.5900  max_mem_allocated_mb: 666.3000  max_mem_reserved_mb: 22012.0000
2026/05/05 19:17:16 - mmengine - INFO - Epoch(train)  [3][1750/5000]  lr: 3.3614e-04  eta: 11:08:16  time: 0.8768  data_time: 0.0158  memory: 17835  grad_norm: 4.8644  loss: 1.4523  loss_heatmap: 0.4721  layer_-1_loss_cls: 0.1258  layer_-1_loss_bbox: 0.3698  matched_ious: 0.2619  aux_depth_loss: 0.4845  sec_per_iter: 0.8732  iters_per_sec: 1.1500  samples_per_sec: 18.3200  samples_per_sec_per_gpu: 4.5800  max_mem_allocated_mb: 666.3000  max_mem_reserved_mb: 22012.0000
2026/05/05 19:17:58 - mmengine - INFO - Epoch(train)  [3][1800/5000]  lr: 3.3784e-04  eta: 11:07:39  time: 0.8507  data_time: 0.0188  memory: 18104  grad_norm: 5.3810  loss: 1.3939  loss_heatmap: 0.4351  layer_-1_loss_cls: 0.1143  layer_-1_loss_bbox: 0.3663  matched_ious: 0.1493  aux_depth_loss: 0.4782  sec_per_iter: 0.8733  iters_per_sec: 1.1500  samples_per_sec: 18.3200  samples_per_sec_per_gpu: 4.5800  max_mem_allocated_mb: 666.3000  max_mem_reserved_mb: 22012.0000
2026/05/05 19:18:42 - mmengine - INFO - Epoch(train)  [3][1850/5000]  lr: 3.3953e-04  eta: 11:07:07  time: 0.8784  data_time: 0.0173  memory: 17965  grad_norm: 5.2207  loss: 1.5205  loss_heatmap: 0.4934  layer_-1_loss_cls: 0.1300  layer_-1_loss_bbox: 0.4170  matched_ious: 0.2662  aux_depth_loss: 0.4801  sec_per_iter: 0.8727  iters_per_sec: 1.1500  samples_per_sec: 18.3300  samples_per_sec_per_gpu: 4.5800  max_mem_allocated_mb: 666.3000  max_mem_reserved_mb: 22012.0000
2026/05/05 19:19:28 - mmengine - INFO - Epoch(train)  [3][1900/5000]  lr: 3.4122e-04  eta: 11:06:43  time: 0.9200  data_time: 0.0130  memory: 17899  grad_norm: 5.0564  loss: 1.4972  loss_heatmap: 0.4867  layer_-1_loss_cls: 0.1242  layer_-1_loss_bbox: 0.3988  matched_ious: 0.2534  aux_depth_loss: 0.4875  sec_per_iter: 0.8728  iters_per_sec: 1.1500  samples_per_sec: 18.3300  samples_per_sec_per_gpu: 4.5800  max_mem_allocated_mb: 666.3000  max_mem_reserved_mb: 22012.0000
2026/05/05 19:20:13 - mmengine - INFO - Epoch(train)  [3][1950/5000]  lr: 3.4291e-04  eta: 11:06:14  time: 0.8963  data_time: 0.0161  memory: 17834  grad_norm: 5.9819  loss: 1.6492  loss_heatmap: 0.5185  layer_-1_loss_cls: 0.1280  layer_-1_loss_bbox: 0.4889  matched_ious: 0.2410  aux_depth_loss: 0.5137  sec_per_iter: 0.8741  iters_per_sec: 1.1400  samples_per_sec: 18.3000  samples_per_sec_per_gpu: 4.5800  max_mem_allocated_mb: 666.3000  max_mem_reserved_mb: 22012.0000
2026/05/05 19:20:55 - mmengine - INFO - Exp name: zod_bevfusion_dualinit_20260505_161926
2026/05/05 19:20:55 - mmengine - INFO - Epoch(train)  [3][2000/5000]  lr: 3.4459e-04  eta: 11:05:34  time: 0.8390  data_time: 0.0137  memory: 17881  grad_norm: 4.9253  loss: 1.5055  loss_heatmap: 0.4900  layer_-1_loss_cls: 0.1255  layer_-1_loss_bbox: 0.4023  matched_ious: 0.3536  aux_depth_loss: 0.4876  sec_per_iter: 0.8746  iters_per_sec: 1.1400  samples_per_sec: 18.2900  samples_per_sec_per_gpu: 4.5700  max_mem_allocated_mb: 666.3000  max_mem_reserved_mb: 22012.0000
2026/05/05 19:21:37 - mmengine - INFO - Epoch(train)  [3][2050/5000]  lr: 3.4627e-04  eta: 11:04:54  time: 0.8365  data_time: 0.0137  memory: 17829  grad_norm: 4.8065  loss: 1.4524  loss_heatmap: 0.4652  layer_-1_loss_cls: 0.1248  layer_-1_loss_bbox: 0.3831  matched_ious: 0.3518  aux_depth_loss: 0.4794  sec_per_iter: 0.8737  iters_per_sec: 1.1400  samples_per_sec: 18.3100  samples_per_sec_per_gpu: 4.5800  max_mem_allocated_mb: 666.3000  max_mem_reserved_mb: 22012.0000
2026/05/05 19:22:22 - mmengine - INFO - Epoch(train)  [3][2100/5000]  lr: 3.4794e-04  eta: 11:04:27  time: 0.9061  data_time: 0.0147  memory: 17809  grad_norm: 5.0080  loss: 1.5182  loss_heatmap: 0.4977  layer_-1_loss_cls: 0.1258  layer_-1_loss_bbox: 0.4184  matched_ious: 0.3484  aux_depth_loss: 0.4762  sec_per_iter: 0.8728  iters_per_sec: 1.1500  samples_per_sec: 18.3300  samples_per_sec_per_gpu: 4.5800  max_mem_allocated_mb: 666.3000  max_mem_reserved_mb: 22012.0000
2026/05/05 19:23:06 - mmengine - INFO - Epoch(train)  [3][2150/5000]  lr: 3.4961e-04  eta: 11:03:54  time: 0.8776  data_time: 0.0147  memory: 17839  grad_norm: 5.7218  loss: 1.7240  loss_heatmap: 0.5717  layer_-1_loss_cls: 0.1357  layer_-1_loss_bbox: 0.5141  matched_ious: 0.2676  aux_depth_loss: 0.5024  sec_per_iter: 0.8736  iters_per_sec: 1.1400  samples_per_sec: 18.3100  samples_per_sec_per_gpu: 4.5800  max_mem_allocated_mb: 666.3000  max_mem_reserved_mb: 22012.0000
2026/05/05 19:23:50 - mmengine - INFO - Epoch(train)  [3][2200/5000]  lr: 3.5127e-04  eta: 11:03:23  time: 0.8873  data_time: 0.0157  memory: 17956  grad_norm: 6.0225  loss: 1.4673  loss_heatmap: 0.4497  layer_-1_loss_cls: 0.1189  layer_-1_loss_bbox: 0.3883  matched_ious: 0.2733  aux_depth_loss: 0.5103  sec_per_iter: 0.8737  iters_per_sec: 1.1400  samples_per_sec: 18.3100  samples_per_sec_per_gpu: 4.5800  max_mem_allocated_mb: 666.3000  max_mem_reserved_mb: 22012.0000
2026/05/05 19:24:33 - mmengine - INFO - Epoch(train)  [3][2250/5000]  lr: 3.5293e-04  eta: 11:02:46  time: 0.8566  data_time: 0.0136  memory: 17910  grad_norm: 4.9502  loss: 1.5780  loss_heatmap: 0.5478  layer_-1_loss_cls: 0.1365  layer_-1_loss_bbox: 0.4156  matched_ious: 0.3612  aux_depth_loss: 0.4781  sec_per_iter: 0.8740  iters_per_sec: 1.1400  samples_per_sec: 18.3100  samples_per_sec_per_gpu: 4.5800  max_mem_allocated_mb: 666.3000  max_mem_reserved_mb: 22012.0000
2026/05/05 19:25:23 - mmengine - INFO - Epoch(train)  [3][2300/5000]  lr: 3.5459e-04  eta: 11:02:35  time: 0.9930  data_time: 0.0177  memory: 17875  grad_norm: 4.6083  loss: 1.4794  loss_heatmap: 0.4925  layer_-1_loss_cls: 0.1279  layer_-1_loss_bbox: 0.3709  matched_ious: 0.4039  aux_depth_loss: 0.4881  sec_per_iter: 0.8736  iters_per_sec: 1.1400  samples_per_sec: 18.3100  samples_per_sec_per_gpu: 4.5800  max_mem_allocated_mb: 666.3000  max_mem_reserved_mb: 22012.0000
2026/05/05 19:26:04 - mmengine - INFO - Epoch(train)  [3][2350/5000]  lr: 3.5624e-04  eta: 11:01:51  time: 0.8194  data_time: 0.0128  memory: 17760  grad_norm: 5.6926  loss: 1.4825  loss_heatmap: 0.4844  layer_-1_loss_cls: 0.1265  layer_-1_loss_bbox: 0.3746  matched_ious: 0.1467  aux_depth_loss: 0.4970  sec_per_iter: 0.8762  iters_per_sec: 1.1400  samples_per_sec: 18.2600  samples_per_sec_per_gpu: 4.5600  max_mem_allocated_mb: 666.3000  max_mem_reserved_mb: 22012.0000
2026/05/05 19:26:46 - mmengine - INFO - Epoch(train)  [3][2400/5000]  lr: 3.5788e-04  eta: 11:01:10  time: 0.8388  data_time: 0.0146  memory: 17795  grad_norm: 5.6181  loss: 1.4955  loss_heatmap: 0.4835  layer_-1_loss_cls: 0.1156  layer_-1_loss_bbox: 0.3953  matched_ious: 0.1313  aux_depth_loss: 0.5011  sec_per_iter: 0.8750  iters_per_sec: 1.1400  samples_per_sec: 18.2900  samples_per_sec_per_gpu: 4.5700  max_mem_allocated_mb: 666.3000  max_mem_reserved_mb: 22012.0000
2026/05/05 19:27:28 - mmengine - INFO - Epoch(train)  [3][2450/5000]  lr: 3.5952e-04  eta: 11:00:33  time: 0.8529  data_time: 0.0127  memory: 17935  grad_norm: 4.3669  loss: 1.4409  loss_heatmap: 0.4799  layer_-1_loss_cls: 0.1173  layer_-1_loss_bbox: 0.3620  matched_ious: 0.2367  aux_depth_loss: 0.4818  sec_per_iter: 0.8743  iters_per_sec: 1.1400  samples_per_sec: 18.3000  samples_per_sec_per_gpu: 4.5800  max_mem_allocated_mb: 666.3000  max_mem_reserved_mb: 22012.0000
2026/05/05 19:28:12 - mmengine - INFO - Epoch(train)  [3][2500/5000]  lr: 3.6115e-04  eta: 10:59:59  time: 0.8777  data_time: 0.0132  memory: 17842  grad_norm: 4.5600  loss: 1.4575  loss_heatmap: 0.4715  layer_-1_loss_cls: 0.1181  layer_-1_loss_bbox: 0.3868  matched_ious: 0.2555  aux_depth_loss: 0.4811  sec_per_iter: 0.8739  iters_per_sec: 1.1400  samples_per_sec: 18.3100  samples_per_sec_per_gpu: 4.5800  max_mem_allocated_mb: 666.3000  max_mem_reserved_mb: 22012.0000
2026/05/05 19:28:55 - mmengine - INFO - Epoch(train)  [3][2550/5000]  lr: 3.6278e-04  eta: 10:59:21  time: 0.8521  data_time: 0.0131  memory: 17829  grad_norm: 4.2869  loss: 1.4840  loss_heatmap: 0.4605  layer_-1_loss_cls: 0.1128  layer_-1_loss_bbox: 0.4403  matched_ious: 0.1417  aux_depth_loss: 0.4703  sec_per_iter: 0.8739  iters_per_sec: 1.1400  samples_per_sec: 18.3100  samples_per_sec_per_gpu: 4.5800  max_mem_allocated_mb: 666.3000  max_mem_reserved_mb: 22012.0000
2026/05/05 19:29:39 - mmengine - INFO - Epoch(train)  [3][2600/5000]  lr: 3.6441e-04  eta: 10:58:50  time: 0.8890  data_time: 0.0200  memory: 17813  grad_norm: 6.3172  loss: 1.4879  loss_heatmap: 0.4675  layer_-1_loss_cls: 0.1126  layer_-1_loss_bbox: 0.3912  matched_ious: 0.3076  aux_depth_loss: 0.5166  sec_per_iter: 0.8736  iters_per_sec: 1.1400  samples_per_sec: 18.3200  samples_per_sec_per_gpu: 4.5800  max_mem_allocated_mb: 666.3000  max_mem_reserved_mb: 22012.0000
2026/05/05 19:30:23 - mmengine - INFO - Epoch(train)  [3][2650/5000]  lr: 3.6603e-04  eta: 10:58:16  time: 0.8789  data_time: 0.0182  memory: 17931  grad_norm: 4.9841  loss: 1.5643  loss_heatmap: 0.5009  layer_-1_loss_cls: 0.1305  layer_-1_loss_bbox: 0.4236  matched_ious: 0.2656  aux_depth_loss: 0.5094  sec_per_iter: 0.8738  iters_per_sec: 1.1400  samples_per_sec: 18.3100  samples_per_sec_per_gpu: 4.5800  max_mem_allocated_mb: 666.3000  max_mem_reserved_mb: 22012.0000
2026/05/05 19:31:05 - mmengine - INFO - Epoch(train)  [3][2700/5000]  lr: 3.6764e-04  eta: 10:57:36  time: 0.8385  data_time: 0.0146  memory: 17904  grad_norm: 5.6764  loss: 1.7228  loss_heatmap: 0.5612  layer_-1_loss_cls: 0.1322  layer_-1_loss_bbox: 0.5343  matched_ious: 0.3188  aux_depth_loss: 0.4951  sec_per_iter: 0.8739  iters_per_sec: 1.1400  samples_per_sec: 18.3100  samples_per_sec_per_gpu: 4.5800  max_mem_allocated_mb: 666.3000  max_mem_reserved_mb: 22012.0000
2026/05/05 19:31:48 - mmengine - INFO - Epoch(train)  [3][2750/5000]  lr: 3.6924e-04  eta: 10:56:57  time: 0.8515  data_time: 0.0159  memory: 17757  grad_norm: 4.6865  loss: 1.4752  loss_heatmap: 0.4790  layer_-1_loss_cls: 0.1181  layer_-1_loss_bbox: 0.3855  matched_ious: 0.4125  aux_depth_loss: 0.4926  sec_per_iter: 0.8732  iters_per_sec: 1.1500  samples_per_sec: 18.3200  samples_per_sec_per_gpu: 4.5800  max_mem_allocated_mb: 666.3000  max_mem_reserved_mb: 22012.0000
2026/05/05 19:32:36 - mmengine - INFO - Epoch(train)  [3][2800/5000]  lr: 3.7085e-04  eta: 10:56:39  time: 0.9605  data_time: 0.0258  memory: 17780  grad_norm: 4.9085  loss: 1.5844  loss_heatmap: 0.5266  layer_-1_loss_cls: 0.1345  layer_-1_loss_bbox: 0.4224  matched_ious: 0.3046  aux_depth_loss: 0.5009  sec_per_iter: 0.8728  iters_per_sec: 1.1500  samples_per_sec: 18.3300  samples_per_sec_per_gpu: 4.5800  max_mem_allocated_mb: 666.3000  max_mem_reserved_mb: 22012.0000
2026/05/05 19:33:18 - mmengine - INFO - Epoch(train)  [3][2850/5000]  lr: 3.7244e-04  eta: 10:56:00  time: 0.8509  data_time: 0.0143  memory: 17863  grad_norm: 5.4280  loss: 1.5349  loss_heatmap: 0.5013  layer_-1_loss_cls: 0.1305  layer_-1_loss_bbox: 0.3883  matched_ious: 0.1467  aux_depth_loss: 0.5149  sec_per_iter: 0.8744  iters_per_sec: 1.1400  samples_per_sec: 18.3000  samples_per_sec_per_gpu: 4.5700  max_mem_allocated_mb: 666.3000  max_mem_reserved_mb: 22012.0000
2026/05/05 19:34:06 - mmengine - INFO - Epoch(train)  [3][2900/5000]  lr: 3.7403e-04  eta: 10:55:40  time: 0.9527  data_time: 0.0153  memory: 17866  grad_norm: 4.3733  loss: 1.5062  loss_heatmap: 0.4874  layer_-1_loss_cls: 0.1242  layer_-1_loss_bbox: 0.4079  matched_ious: 0.3242  aux_depth_loss: 0.4866  sec_per_iter: 0.8740  iters_per_sec: 1.1400  samples_per_sec: 18.3100  samples_per_sec_per_gpu: 4.5800  max_mem_allocated_mb: 666.3000  max_mem_reserved_mb: 22012.0000
2026/05/05 19:34:49 - mmengine - INFO - Epoch(train)  [3][2950/5000]  lr: 3.7561e-04  eta: 10:55:04  time: 0.8684  data_time: 0.0141  memory: 17686  grad_norm: nan  loss: 1.5578  loss_heatmap: 0.4974  layer_-1_loss_cls: 0.1263  layer_-1_loss_bbox: 0.4535  matched_ious: 0.2722  aux_depth_loss: 0.4807  sec_per_iter: 0.8753  iters_per_sec: 1.1400  samples_per_sec: 18.2800  samples_per_sec_per_gpu: 4.5700  max_mem_allocated_mb: 666.3000  max_mem_reserved_mb: 22012.0000
2026/05/05 19:35:31 - mmengine - INFO - Exp name: zod_bevfusion_dualinit_20260505_161926
2026/05/05 19:35:31 - mmengine - INFO - Epoch(train)  [3][3000/5000]  lr: 3.7719e-04  eta: 10:54:21  time: 0.8307  data_time: 0.0140  memory: 17866  grad_norm: 5.6251  loss: 1.5451  loss_heatmap: 0.5049  layer_-1_loss_cls: 0.1233  layer_-1_loss_bbox: 0.4014  matched_ious: 0.2406  aux_depth_loss: 0.5156  sec_per_iter: 0.8752  iters_per_sec: 1.1400  samples_per_sec: 18.2800  samples_per_sec_per_gpu: 4.5700  max_mem_allocated_mb: 666.3000  max_mem_reserved_mb: 22012.0000
2026/05/05 19:36:17 - mmengine - INFO - Epoch(train)  [3][3050/5000]  lr: 3.7876e-04  eta: 10:53:55  time: 0.9207  data_time: 0.0159  memory: 17832  grad_norm: 5.0771  loss: 1.6091  loss_heatmap: 0.5031  layer_-1_loss_cls: 0.1264  layer_-1_loss_bbox: 0.4443  matched_ious: 0.2624  aux_depth_loss: 0.5353  sec_per_iter: 0.8745  iters_per_sec: 1.1400  samples_per_sec: 18.3000  samples_per_sec_per_gpu: 4.5700  max_mem_allocated_mb: 666.3000  max_mem_reserved_mb: 22012.0000
2026/05/05 19:37:00 - mmengine - INFO - Epoch(train)  [3][3100/5000]  lr: 3.8032e-04  eta: 10:53:18  time: 0.8609  data_time: 0.0163  memory: 17907  grad_norm: 4.2255  loss: 1.4882  loss_heatmap: 0.4840  layer_-1_loss_cls: 0.1227  layer_-1_loss_bbox: 0.3955  matched_ious: 0.3311  aux_depth_loss: 0.4861  sec_per_iter: 0.8753  iters_per_sec: 1.1400  samples_per_sec: 18.2800  samples_per_sec_per_gpu: 4.5700  max_mem_allocated_mb: 666.3000  max_mem_reserved_mb: 22012.0000
2026/05/05 19:37:43 - mmengine - INFO - Epoch(train)  [3][3150/5000]  lr: 3.8188e-04  eta: 10:52:40  time: 0.8578  data_time: 0.0148  memory: 17753  grad_norm: 4.3781  loss: 1.5518  loss_heatmap: 0.5326  layer_-1_loss_cls: 0.1349  layer_-1_loss_bbox: 0.4020  matched_ious: 0.3517  aux_depth_loss: 0.4823  sec_per_iter: 0.8750  iters_per_sec: 1.1400  samples_per_sec: 18.2900  samples_per_sec_per_gpu: 4.5700  max_mem_allocated_mb: 666.3000  max_mem_reserved_mb: 22012.0000
2026/05/05 19:38:28 - mmengine - INFO - Epoch(train)  [3][3200/5000]  lr: 3.8343e-04  eta: 10:52:09  time: 0.8974  data_time: 0.0177  memory: 17906  grad_norm: 6.0357  loss: 1.7699  loss_heatmap: 0.6143  layer_-1_loss_cls: 0.1578  layer_-1_loss_bbox: 0.4725  matched_ious: 0.4110  aux_depth_loss: 0.5254  sec_per_iter: 0.8747  iters_per_sec: 1.1400  samples_per_sec: 18.2900  samples_per_sec_per_gpu: 4.5700  max_mem_allocated_mb: 666.3000  max_mem_reserved_mb: 22012.0000
2026/05/05 19:39:12 - mmengine - INFO - Epoch(train)  [3][3250/5000]  lr: 3.8498e-04  eta: 10:51:37  time: 0.8914  data_time: 0.0155  memory: 17908  grad_norm: 4.2353  loss: 1.5354  loss_heatmap: 0.4936  layer_-1_loss_cls: 0.1261  layer_-1_loss_bbox: 0.4169  matched_ious: 0.2604  aux_depth_loss: 0.4988  sec_per_iter: 0.8751  iters_per_sec: 1.1400  samples_per_sec: 18.2800  samples_per_sec_per_gpu: 4.5700  max_mem_allocated_mb: 666.3000  max_mem_reserved_mb: 22012.0000
2026/05/05 19:39:57 - mmengine - INFO - Epoch(train)  [3][3300/5000]  lr: 3.8652e-04  eta: 10:51:05  time: 0.8921  data_time: 0.0158  memory: 17805  grad_norm: 5.0224  loss: 1.5178  loss_heatmap: 0.4849  layer_-1_loss_cls: 0.1281  layer_-1_loss_bbox: 0.3943  matched_ious: 0.3207  aux_depth_loss: 0.5104  sec_per_iter: 0.8753  iters_per_sec: 1.1400  samples_per_sec: 18.2800  samples_per_sec_per_gpu: 4.5700  max_mem_allocated_mb: 666.3000  max_mem_reserved_mb: 22012.0000
2026/05/05 19:40:39 - mmengine - INFO - Epoch(train)  [3][3350/5000]  lr: 3.8805e-04  eta: 10:50:24  time: 0.8442  data_time: 0.0135  memory: 17837  grad_norm: 4.6870  loss: 1.5885  loss_heatmap: 0.5036  layer_-1_loss_cls: 0.1251  layer_-1_loss_bbox: 0.4586  matched_ious: 0.1720  aux_depth_loss: 0.5011  sec_per_iter: 0.8756  iters_per_sec: 1.1400  samples_per_sec: 18.2700  samples_per_sec_per_gpu: 4.5700  max_mem_allocated_mb: 666.3000  max_mem_reserved_mb: 22012.0000
2026/05/05 19:41:23 - mmengine - INFO - Epoch(train)  [3][3400/5000]  lr: 3.8957e-04  eta: 10:49:49  time: 0.8729  data_time: 0.0153  memory: 17756  grad_norm: 5.2110  loss: 1.5808  loss_heatmap: 0.5444  layer_-1_loss_cls: 0.1407  layer_-1_loss_bbox: 0.3933  matched_ious: 0.2683  aux_depth_loss: 0.5023  sec_per_iter: 0.8751  iters_per_sec: 1.1400  samples_per_sec: 18.2800  samples_per_sec_per_gpu: 4.5700  max_mem_allocated_mb: 666.3000  max_mem_reserved_mb: 22012.0000
2026/05/05 19:42:05 - mmengine - INFO - Epoch(train)  [3][3450/5000]  lr: 3.9109e-04  eta: 10:49:08  time: 0.8451  data_time: 0.0134  memory: 17775  grad_norm: 4.6702  loss: 1.5784  loss_heatmap: 0.5265  layer_-1_loss_cls: 0.1374  layer_-1_loss_bbox: 0.4008  matched_ious: 0.2704  aux_depth_loss: 0.5138  sec_per_iter: 0.8751  iters_per_sec: 1.1400  samples_per_sec: 18.2800  samples_per_sec_per_gpu: 4.5700  max_mem_allocated_mb: 666.3000  max_mem_reserved_mb: 22012.0000
2026/05/05 19:42:51 - mmengine - INFO - Epoch(train)  [3][3500/5000]  lr: 3.9260e-04  eta: 10:48:39  time: 0.9115  data_time: 0.0140  memory: 17851  grad_norm: 4.8527  loss: 1.5226  loss_heatmap: 0.4916  layer_-1_loss_cls: 0.1278  layer_-1_loss_bbox: 0.3882  matched_ious: 0.2078  aux_depth_loss: 0.5151  sec_per_iter: 0.8747  iters_per_sec: 1.1400  samples_per_sec: 18.2900  samples_per_sec_per_gpu: 4.5700  max_mem_allocated_mb: 666.3000  max_mem_reserved_mb: 22012.0000
2026/05/05 19:43:32 - mmengine - INFO - Epoch(train)  [3][3550/5000]  lr: 3.9410e-04  eta: 10:47:56  time: 0.8297  data_time: 0.0138  memory: 17802  grad_norm: 4.6536  loss: 1.4964  loss_heatmap: 0.4799  layer_-1_loss_cls: 0.1267  layer_-1_loss_bbox: 0.3999  matched_ious: 0.2404  aux_depth_loss: 0.4900  sec_per_iter: 0.8752  iters_per_sec: 1.1400  samples_per_sec: 18.2800  samples_per_sec_per_gpu: 4.5700  max_mem_allocated_mb: 666.3000  max_mem_reserved_mb: 22012.0000
2026/05/05 19:44:16 - mmengine - INFO - Epoch(train)  [3][3600/5000]  lr: 3.9559e-04  eta: 10:47:21  time: 0.8754  data_time: 0.0141  memory: 17976  grad_norm: 5.0141  loss: 1.4698  loss_heatmap: 0.4593  layer_-1_loss_cls: 0.1205  layer_-1_loss_bbox: 0.3766  matched_ious: 0.3717  aux_depth_loss: 0.5134  sec_per_iter: 0.8746  iters_per_sec: 1.1400  samples_per_sec: 18.3000  samples_per_sec_per_gpu: 4.5700  max_mem_allocated_mb: 666.3000  max_mem_reserved_mb: 22012.0000
2026/05/05 19:44:58 - mmengine - INFO - Epoch(train)  [3][3650/5000]  lr: 3.9708e-04  eta: 10:46:39  time: 0.8347  data_time: 0.0144  memory: 17879  grad_norm: 4.8617  loss: 1.4704  loss_heatmap: 0.4567  layer_-1_loss_cls: 0.1151  layer_-1_loss_bbox: 0.4053  matched_ious: 0.2765  aux_depth_loss: 0.4933  sec_per_iter: 0.8746  iters_per_sec: 1.1400  samples_per_sec: 18.2900  samples_per_sec_per_gpu: 4.5700  max_mem_allocated_mb: 666.3000  max_mem_reserved_mb: 22012.0000
2026/05/05 19:45:44 - mmengine - INFO - Epoch(train)  [3][3700/5000]  lr: 3.9856e-04  eta: 10:46:10  time: 0.9166  data_time: 0.0145  memory: 17762  grad_norm: 4.5128  loss: 1.5755  loss_heatmap: 0.5389  layer_-1_loss_cls: 0.1449  layer_-1_loss_bbox: 0.3939  matched_ious: 0.2777  aux_depth_loss: 0.4978  sec_per_iter: 0.8740  iters_per_sec: 1.1400  samples_per_sec: 18.3100  samples_per_sec_per_gpu: 4.5800  max_mem_allocated_mb: 666.3000  max_mem_reserved_mb: 22012.0000
2026/05/05 19:46:28 - mmengine - INFO - Epoch(train)  [3][3750/5000]  lr: 4.0003e-04  eta: 10:45:39  time: 0.8992  data_time: 0.0179  memory: 18219  grad_norm: 5.4061  loss: 1.6599  loss_heatmap: 0.5523  layer_-1_loss_cls: 0.1397  layer_-1_loss_bbox: 0.4407  matched_ious: 0.2503  aux_depth_loss: 0.5273  sec_per_iter: 0.8746  iters_per_sec: 1.1400  samples_per_sec: 18.2900  samples_per_sec_per_gpu: 4.5700  max_mem_allocated_mb: 666.3000  max_mem_reserved_mb: 22012.0000
2026/05/05 19:47:14 - mmengine - INFO - Epoch(train)  [3][3800/5000]  lr: 4.0150e-04  eta: 10:45:09  time: 0.9075  data_time: 0.0178  memory: 17876  grad_norm: 4.6999  loss: 1.6293  loss_heatmap: 0.5158  layer_-1_loss_cls: 0.1328  layer_-1_loss_bbox: 0.4868  matched_ious: 0.3917  aux_depth_loss: 0.4939  sec_per_iter: 0.8749  iters_per_sec: 1.1400  samples_per_sec: 18.2900  samples_per_sec_per_gpu: 4.5700  max_mem_allocated_mb: 666.3000  max_mem_reserved_mb: 22012.0000
2026/05/05 19:47:59 - mmengine - INFO - Epoch(train)  [3][3850/5000]  lr: 4.0296e-04  eta: 10:44:38  time: 0.9078  data_time: 0.0163  memory: 17865  grad_norm: 4.5816  loss: 1.5166  loss_heatmap: 0.5074  layer_-1_loss_cls: 0.1315  layer_-1_loss_bbox: 0.3867  matched_ious: 0.2481  aux_depth_loss: 0.4910  sec_per_iter: 0.8754  iters_per_sec: 1.1400  samples_per_sec: 18.2800  samples_per_sec_per_gpu: 4.5700  max_mem_allocated_mb: 666.3000  max_mem_reserved_mb: 22012.0000
2026/05/05 19:48:42 - mmengine - INFO - Epoch(train)  [3][3900/5000]  lr: 4.0440e-04  eta: 10:43:58  time: 0.8482  data_time: 0.0197  memory: 17712  grad_norm: 4.7153  loss: 1.6338  loss_heatmap: 0.5908  layer_-1_loss_cls: 0.1510  layer_-1_loss_bbox: 0.4075  matched_ious: 0.2156  aux_depth_loss: 0.4845  sec_per_iter: 0.8758  iters_per_sec: 1.1400  samples_per_sec: 18.2700  samples_per_sec_per_gpu: 4.5700  max_mem_allocated_mb: 666.3000  max_mem_reserved_mb: 22012.0000
2026/05/05 19:49:25 - mmengine - INFO - Epoch(train)  [3][3950/5000]  lr: 4.0585e-04  eta: 10:43:21  time: 0.8679  data_time: 0.0179  memory: 17900  grad_norm: 5.9064  loss: 1.7993  loss_heatmap: 0.6171  layer_-1_loss_cls: 0.1464  layer_-1_loss_bbox: 0.4891  matched_ious: 0.3204  aux_depth_loss: 0.5466  sec_per_iter: 0.8754  iters_per_sec: 1.1400  samples_per_sec: 18.2800  samples_per_sec_per_gpu: 4.5700  max_mem_allocated_mb: 666.3000  max_mem_reserved_mb: 22012.0000
2026/05/05 19:50:09 - mmengine - INFO - Exp name: zod_bevfusion_dualinit_20260505_161926
2026/05/05 19:50:09 - mmengine - INFO - Epoch(train)  [3][4000/5000]  lr: 4.0728e-04  eta: 10:42:45  time: 0.8706  data_time: 0.0122  memory: 17844  grad_norm: 4.6885  loss: 1.6706  loss_heatmap: 0.5566  layer_-1_loss_cls: 0.1339  layer_-1_loss_bbox: 0.4515  matched_ious: 0.3533  aux_depth_loss: 0.5285  sec_per_iter: 0.8753  iters_per_sec: 1.1400  samples_per_sec: 18.2800  samples_per_sec_per_gpu: 4.5700  max_mem_allocated_mb: 666.3000  max_mem_reserved_mb: 22012.0000
2026/05/05 19:50:56 - mmengine - INFO - Epoch(train)  [3][4050/5000]  lr: 4.0870e-04  eta: 10:42:20  time: 0.9450  data_time: 0.0149  memory: 17835  grad_norm: 4.0072  loss: 1.4840  loss_heatmap: 0.4859  layer_-1_loss_cls: 0.1280  layer_-1_loss_bbox: 0.3792  matched_ious: 0.1887  aux_depth_loss: 0.4909  sec_per_iter: 0.8753  iters_per_sec: 1.1400  samples_per_sec: 18.2800  samples_per_sec_per_gpu: 4.5700  max_mem_allocated_mb: 666.3000  max_mem_reserved_mb: 22012.0000
2026/05/05 19:51:37 - mmengine - INFO - Epoch(train)  [3][4100/5000]  lr: 4.1012e-04  eta: 10:41:37  time: 0.8318  data_time: 0.0166  memory: 17735  grad_norm: 4.6646  loss: 1.5954  loss_heatmap: 0.5686  layer_-1_loss_cls: 0.1429  layer_-1_loss_bbox: 0.4057  matched_ious: 0.3942  aux_depth_loss: 0.4782  sec_per_iter: 0.8761  iters_per_sec: 1.1400  samples_per_sec: 18.2600  samples_per_sec_per_gpu: 4.5700  max_mem_allocated_mb: 666.3000  max_mem_reserved_mb: 22012.0000
2026/05/05 19:52:19 - mmengine - INFO - Epoch(train)  [3][4150/5000]  lr: 4.1153e-04  eta: 10:40:54  time: 0.8314  data_time: 0.0163  memory: 17889  grad_norm: 4.8632  loss: 1.4973  loss_heatmap: 0.4951  layer_-1_loss_cls: 0.1319  layer_-1_loss_bbox: 0.3791  matched_ious: 0.1512  aux_depth_loss: 0.4912  sec_per_iter: 0.8756  iters_per_sec: 1.1400  samples_per_sec: 18.2700  samples_per_sec_per_gpu: 4.5700  max_mem_allocated_mb: 666.3000  max_mem_reserved_mb: 22012.0000
2026/05/05 19:53:05 - mmengine - INFO - Epoch(train)  [3][4200/5000]  lr: 4.1293e-04  eta: 10:40:26  time: 0.9244  data_time: 0.0156  memory: 17962  grad_norm: 4.4176  loss: 1.5238  loss_heatmap: 0.5045  layer_-1_loss_cls: 0.1294  layer_-1_loss_bbox: 0.4047  matched_ious: 0.2568  aux_depth_loss: 0.4852  sec_per_iter: 0.8751  iters_per_sec: 1.1400  samples_per_sec: 18.2800  samples_per_sec_per_gpu: 4.5700  max_mem_allocated_mb: 666.3000  max_mem_reserved_mb: 22012.0000
2026/05/05 19:53:48 - mmengine - INFO - Epoch(train)  [3][4250/5000]  lr: 4.1432e-04  eta: 10:39:47  time: 0.8591  data_time: 0.0163  memory: 17895  grad_norm: 4.5322  loss: 1.4261  loss_heatmap: 0.4393  layer_-1_loss_cls: 0.1122  layer_-1_loss_bbox: 0.3715  matched_ious: 0.2349  aux_depth_loss: 0.5031  sec_per_iter: 0.8756  iters_per_sec: 1.1400  samples_per_sec: 18.2700  samples_per_sec_per_gpu: 4.5700  max_mem_allocated_mb: 666.3000  max_mem_reserved_mb: 22012.0000
2026/05/05 19:54:33 - mmengine - INFO - Epoch(train)  [3][4300/5000]  lr: 4.1570e-04  eta: 10:39:14  time: 0.8911  data_time: 0.0150  memory: 17881  grad_norm: 4.9538  loss: 1.5281  loss_heatmap: 0.5013  layer_-1_loss_cls: 0.1271  layer_-1_loss_bbox: 0.3991  matched_ious: 0.2754  aux_depth_loss: 0.5006  sec_per_iter: 0.8755  iters_per_sec: 1.1400  samples_per_sec: 18.2800  samples_per_sec_per_gpu: 4.5700  max_mem_allocated_mb: 666.3000  max_mem_reserved_mb: 22012.0000
2026/05/05 19:55:14 - mmengine - INFO - Epoch(train)  [3][4350/5000]  lr: 4.1708e-04  eta: 10:38:28  time: 0.8162  data_time: 0.0136  memory: 17807  grad_norm: 5.3143  loss: 1.6708  loss_heatmap: 0.5473  layer_-1_loss_cls: 0.1419  layer_-1_loss_bbox: 0.4826  matched_ious: 0.3474  aux_depth_loss: 0.4990  sec_per_iter: 0.8756  iters_per_sec: 1.1400  samples_per_sec: 18.2700  samples_per_sec_per_gpu: 4.5700  max_mem_allocated_mb: 666.3000  max_mem_reserved_mb: 22012.0000
2026/05/05 19:55:55 - mmengine - INFO - Epoch(train)  [3][4400/5000]  lr: 4.1844e-04  eta: 10:37:45  time: 0.8365  data_time: 0.0156  memory: 17823  grad_norm: 4.4453  loss: 1.5504  loss_heatmap: 0.5081  layer_-1_loss_cls: 0.1262  layer_-1_loss_bbox: 0.4207  matched_ious: 0.3261  aux_depth_loss: 0.4955  sec_per_iter: 0.8750  iters_per_sec: 1.1400  samples_per_sec: 18.2900  samples_per_sec_per_gpu: 4.5700  max_mem_allocated_mb: 666.3000  max_mem_reserved_mb: 22012.0000
2026/05/05 19:56:41 - mmengine - INFO - Epoch(train)  [3][4450/5000]  lr: 4.1980e-04  eta: 10:37:15  time: 0.9147  data_time: 0.0175  memory: 17899  grad_norm: 4.9430  loss: 1.8382  loss_heatmap: 0.6284  layer_-1_loss_cls: 0.1520  layer_-1_loss_bbox: 0.5371  matched_ious: 0.2339  aux_depth_loss: 0.5208  sec_per_iter: 0.8745  iters_per_sec: 1.1400  samples_per_sec: 18.3000  samples_per_sec_per_gpu: 4.5700  max_mem_allocated_mb: 666.3000  max_mem_reserved_mb: 22012.0000
2026/05/05 19:57:23 - mmengine - INFO - Epoch(train)  [3][4500/5000]  lr: 4.2115e-04  eta: 10:36:33  time: 0.8332  data_time: 0.0137  memory: 17764  grad_norm: 4.8141  loss: 1.6131  loss_heatmap: 0.5226  layer_-1_loss_cls: 0.1292  layer_-1_loss_bbox: 0.4299  matched_ious: 0.3852  aux_depth_loss: 0.5313  sec_per_iter: 0.8750  iters_per_sec: 1.1400  samples_per_sec: 18.2900  samples_per_sec_per_gpu: 4.5700  max_mem_allocated_mb: 666.3000  max_mem_reserved_mb: 22012.0000
2026/05/05 19:58:08 - mmengine - INFO - Epoch(train)  [3][4550/5000]  lr: 4.2248e-04  eta: 10:36:01  time: 0.9076  data_time: 0.0209  memory: 18020  grad_norm: 5.0760  loss: 1.5400  loss_heatmap: 0.5032  layer_-1_loss_cls: 0.1354  layer_-1_loss_bbox: 0.3704  matched_ious: 0.3364  aux_depth_loss: 0.5310  sec_per_iter: 0.8745  iters_per_sec: 1.1400  samples_per_sec: 18.3000  samples_per_sec_per_gpu: 4.5700  max_mem_allocated_mb: 666.3000  max_mem_reserved_mb: 22012.0000
2026/05/05 19:58:55 - mmengine - INFO - Epoch(train)  [3][4600/5000]  lr: 4.2381e-04  eta: 10:35:35  time: 0.9413  data_time: 0.0218  memory: 17818  grad_norm: 4.2472  loss: 1.6091  loss_heatmap: 0.5384  layer_-1_loss_cls: 0.1283  layer_-1_loss_bbox: 0.4527  matched_ious: 0.2894  aux_depth_loss: 0.4897  sec_per_iter: 0.8749  iters_per_sec: 1.1400  samples_per_sec: 18.2900  samples_per_sec_per_gpu: 4.5700  max_mem_allocated_mb: 666.3000  max_mem_reserved_mb: 22012.0000
2026/05/05 19:59:38 - mmengine - INFO - Epoch(train)  [3][4650/5000]  lr: 4.2513e-04  eta: 10:34:55  time: 0.8541  data_time: 0.0196  memory: 17838  grad_norm: 4.3343  loss: 1.6172  loss_heatmap: 0.5322  layer_-1_loss_cls: 0.1325  layer_-1_loss_bbox: 0.4656  matched_ious: 0.2663  aux_depth_loss: 0.4868  sec_per_iter: 0.8756  iters_per_sec: 1.1400  samples_per_sec: 18.2700  samples_per_sec_per_gpu: 4.5700  max_mem_allocated_mb: 666.3000  max_mem_reserved_mb: 22012.0000
2026/05/05 20:00:21 - mmengine - INFO - Epoch(train)  [3][4700/5000]  lr: 4.2645e-04  eta: 10:34:18  time: 0.8702  data_time: 0.0133  memory: 17731  grad_norm: 5.1134  loss: 1.6248  loss_heatmap: 0.5443  layer_-1_loss_cls: 0.1340  layer_-1_loss_bbox: 0.4212  matched_ious: 0.1985  aux_depth_loss: 0.5253  sec_per_iter: 0.8754  iters_per_sec: 1.1400  samples_per_sec: 18.2800  samples_per_sec_per_gpu: 4.5700  max_mem_allocated_mb: 666.3000  max_mem_reserved_mb: 22012.0000
2026/05/05 20:01:06 - mmengine - INFO - Epoch(train)  [3][4750/5000]  lr: 4.2775e-04  eta: 10:33:45  time: 0.9001  data_time: 0.0154  memory: 17709  grad_norm: 4.1554  loss: 1.5571  loss_heatmap: 0.4971  layer_-1_loss_cls: 0.1281  layer_-1_loss_bbox: 0.4104  matched_ious: 0.2478  aux_depth_loss: 0.5215  sec_per_iter: 0.8753  iters_per_sec: 1.1400  samples_per_sec: 18.2800  samples_per_sec_per_gpu: 4.5700  max_mem_allocated_mb: 666.3000  max_mem_reserved_mb: 22012.0000
2026/05/05 20:01:52 - mmengine - INFO - Epoch(train)  [3][4800/5000]  lr: 4.2904e-04  eta: 10:33:14  time: 0.9097  data_time: 0.0144  memory: 17689  grad_norm: 4.0106  loss: 1.5617  loss_heatmap: 0.5192  layer_-1_loss_cls: 0.1327  layer_-1_loss_bbox: 0.4126  matched_ious: 0.3642  aux_depth_loss: 0.4972  sec_per_iter: 0.8756  iters_per_sec: 1.1400  samples_per_sec: 18.2700  samples_per_sec_per_gpu: 4.5700  max_mem_allocated_mb: 666.3000  max_mem_reserved_mb: 22012.0000
2026/05/05 20:02:37 - mmengine - INFO - Epoch(train)  [3][4850/5000]  lr: 4.3032e-04  eta: 10:32:41  time: 0.9046  data_time: 0.0158  memory: 18042  grad_norm: 5.0923  loss: 1.6882  loss_heatmap: 0.5513  layer_-1_loss_cls: 0.1319  layer_-1_loss_bbox: 0.4863  matched_ious: 0.2894  aux_depth_loss: 0.5186  sec_per_iter: 0.8759  iters_per_sec: 1.1400  samples_per_sec: 18.2700  samples_per_sec_per_gpu: 4.5700  max_mem_allocated_mb: 666.3000  max_mem_reserved_mb: 22012.0000
2026/05/05 20:03:21 - mmengine - INFO - Epoch(train)  [3][4900/5000]  lr: 4.3160e-04  eta: 10:32:04  time: 0.8711  data_time: 0.0150  memory: 17851  grad_norm: 5.0599  loss: 1.7483  loss_heatmap: 0.6143  layer_-1_loss_cls: 0.1481  layer_-1_loss_bbox: 0.4802  matched_ious: 0.2162  aux_depth_loss: 0.5058  sec_per_iter: 0.8762  iters_per_sec: 1.1400  samples_per_sec: 18.2600  samples_per_sec_per_gpu: 4.5700  max_mem_allocated_mb: 666.3000  max_mem_reserved_mb: 22012.0000
2026/05/05 20:04:03 - mmengine - INFO - Epoch(train)  [3][4950/5000]  lr: 4.3286e-04  eta: 10:31:23  time: 0.8482  data_time: 0.0155  memory: 17906  grad_norm: 4.9178  loss: 1.6217  loss_heatmap: 0.5376  layer_-1_loss_cls: 0.1307  layer_-1_loss_bbox: 0.4454  matched_ious: 0.3058  aux_depth_loss: 0.5081  sec_per_iter: 0.8762  iters_per_sec: 1.1400  samples_per_sec: 18.2600  samples_per_sec_per_gpu: 4.5700  max_mem_allocated_mb: 666.3000  max_mem_reserved_mb: 22012.0000
2026/05/05 20:04:44 - mmengine - INFO - Exp name: zod_bevfusion_dualinit_20260505_161926
2026/05/05 20:04:45 - mmengine - INFO - Epoch(train)  [3][5000/5000]  lr: 4.3411e-04  eta: 10:30:39  time: 0.8259  data_time: 0.0137  memory: 17870  grad_norm: 4.5665  loss: 1.8188  loss_heatmap: 0.6546  layer_-1_loss_cls: 0.1508  layer_-1_loss_bbox: 0.5098  matched_ious: 0.1670  aux_depth_loss: 0.5036  sec_per_iter: 0.8759  iters_per_sec: 1.1400  samples_per_sec: 18.2700  samples_per_sec_per_gpu: 4.5700  max_mem_allocated_mb: 666.3000  max_mem_reserved_mb: 22012.0000
2026/05/05 20:04:45 - mmengine - INFO - [Efficiency] Epoch 3: wall=4377.2s  iters=5000  sec/iter=0.875  mem_alloc=666MB  mem_rsv=22012MB
2026/05/05 20:04:47 - mmengine - INFO - Saved /home/users/u103958/projects/multimodal-MoE/outputs/runs/zod_bevfusion_dualinit/bevfusion-dualinit_4543552/visualizations/bev_before_backbone_epoch_3.png
2026/05/05 20:04:47 - mmengine - INFO - Saved /home/users/u103958/projects/multimodal-MoE/outputs/runs/zod_bevfusion_dualinit/bevfusion-dualinit_4543552/visualizations/bev_after_fpn_epoch_3.png
2026/05/05 20:04:48 - mmengine - INFO - Saved /home/users/u103958/projects/multimodal-MoE/outputs/runs/zod_bevfusion_dualinit/bevfusion-dualinit_4543552/visualizations/bev_pred_vs_gt_epoch_3.png  (GT=16, pred=14, max_score=0.704)
2026/05/05 20:04:49 - mmengine - INFO - Saved /home/users/u103958/projects/multimodal-MoE/outputs/runs/zod_bevfusion_dualinit/bevfusion-dualinit_4543552/visualizations/bev_val_pred_vs_gt_epoch_3.png  (GT=25, pred=21, max_score=0.679)
2026/05/05 20:04:49 - mmengine - INFO - Saved /home/users/u103958/projects/multimodal-MoE/outputs/runs/zod_bevfusion_dualinit/bevfusion-dualinit_4543552/visualizations/camera_bev_features_epoch_3.png
2026/05/05 20:04:49 - mmengine - INFO - Saved /home/users/u103958/projects/multimodal-MoE/outputs/runs/zod_bevfusion_dualinit/bevfusion-dualinit_4543552/visualizations/fused_bev_features_epoch_3.png
2026/05/05 20:04:50 - mmengine - INFO - Saved /home/users/u103958/projects/multimodal-MoE/outputs/runs/zod_bevfusion_dualinit/bevfusion-dualinit_4543552/visualizations/depth_transform_diagnostic_epoch_3.png
2026/05/05 20:04:50 - mmengine - INFO - ========================================================================
2026/05/05 20:04:50 - mmengine - INFO -   DEPTH PROJECTION DEBUG — Sparse depth analysis
2026/05/05 20:04:50 - mmengine - INFO - ========================================================================
2026/05/05 20:04:50 - mmengine - INFO -   lidar2img  shape=(1, 4, 4)
2026/05/05 20:04:50 - mmengine - INFO -     [  622.2576  -478.3849    -1.9513 -1257.4954]
2026/05/05 20:04:50 - mmengine - INFO -     [ 350.0951    7.6426 -478.2796 -167.8321]
2026/05/05 20:04:50 - mmengine - INFO -     [ 1.      0.003   0.0074 -2.0314]
2026/05/05 20:04:50 - mmengine - INFO -     [0. 0. 0. 1.]
2026/05/05 20:04:50 - mmengine - INFO -   cam2img  shape=(1, 4, 4)
2026/05/05 20:04:50 - mmengine - INFO -     [480.324    0.     620.7651   0.    ]
2026/05/05 20:04:50 - mmengine - INFO -     [  0.     480.9149 346.5506   0.    ]
2026/05/05 20:04:50 - mmengine - INFO -     [0. 0. 1. 0.]
2026/05/05 20:04:50 - mmengine - INFO -     [0. 0. 0. 1.]
2026/05/05 20:04:50 - mmengine - INFO -   img_aug_matrix  shape=(1, 4, 4)
2026/05/05 20:04:50 - mmengine - INFO -     [1. 0. 0. 0.]
2026/05/05 20:04:50 - mmengine - INFO -     [0. 1. 0. 0.]
2026/05/05 20:04:50 - mmengine - INFO -     [0. 0. 1. 0.]
2026/05/05 20:04:50 - mmengine - INFO -     [0. 0. 0. 1.]
2026/05/05 20:04:50 - mmengine - INFO -   lidar_aug_matrix  shape=(4, 4)
2026/05/05 20:04:50 - mmengine - INFO -     [1. 0. 0. 0.]
2026/05/05 20:04:50 - mmengine - INFO -     [0. 1. 0. 0.]
2026/05/05 20:04:50 - mmengine - INFO -     [0. 0. 1. 0.]
2026/05/05 20:04:50 - mmengine - INFO -     [0. 0. 0. 1.]
2026/05/05 20:04:50 - mmengine - INFO -   img tensor shape: (1, 1, 3, 704, 1248)
2026/05/05 20:04:50 - mmengine - INFO -   points[0] shape:  (50570, 4)
2026/05/05 20:04:50 - mmengine - INFO -   image_size=[704, 1248]  feature_size=[88, 156]  D=178
2026/05/05 20:04:50 - mmengine - INFO -   projected: 50570 / 50570 on image
2026/05/05 20:04:50 - mmengine - INFO -   row min/max/mean: 226.9 / 703.6 / 382.4
2026/05/05 20:04:50 - mmengine - INFO - ------------------------------------------------------------------------
2026/05/05 20:04:50 - mmengine - INFO -   MULTI-HIT / OVERWRITE ANALYSIS (full-res depth map)
2026/05/05 20:04:50 - mmengine - INFO -   total LiDAR hits on image:     50570
2026/05/05 20:04:50 - mmengine - INFO -   unique pixels occupied:         45944
2026/05/05 20:04:50 - mmengine - INFO -   pixels with >1 hit:             4354
2026/05/05 20:04:50 - mmengine - INFO -   overwritten points (lost):      4626  (9.1%)
2026/05/05 20:04:50 - mmengine - INFO -   multi-hit max/mean:             4 / 2.1
2026/05/05 20:04:50 - mmengine - INFO -   full-res occupancy:             45944 / 878592 = 5.229%
2026/05/05 20:04:51 - mmengine - INFO - ------------------------------------------------------------------------
2026/05/05 20:04:51 - mmengine - INFO -   OCCUPANCY THROUGH DEPTH PIPELINE
2026/05/05 20:04:51 - mmengine - INFO -   sparse_depth (full-res):  (1, 1, 704, 1248)
2026/05/05 20:04:51 - mmengine - INFO -     nonzero: 156662 / 878592  (17.831%)
2026/05/05 20:04:51 - mmengine - INFO -     active rows: 479/704  cols: 1248/1248
2026/05/05 20:04:51 - mmengine - INFO -   dtransform output:        (1, 64, 88, 156)
2026/05/05 20:04:51 - mmengine - INFO -     active cells (any ch>0): 13728 / 13728  (100.00%)
2026/05/05 20:04:51 - mmengine - INFO -   img_features:             (1, 1, 256, 88, 156)
2026/05/05 20:04:51 - mmengine - INFO -   depthnet output:          (1, 258, 88, 156)
2026/05/05 20:04:51 - mmengine - INFO -   camera BEV:               (1, 80, 180, 180)
2026/05/05 20:04:54 - mmengine - INFO -   Saved /home/users/u103958/projects/multimodal-MoE/outputs/runs/zod_bevfusion_dualinit/bevfusion-dualinit_4543552/debug/sparse_depth_pipeline.png
2026/05/05 20:04:55 - mmengine - INFO -   Saved /home/users/u103958/projects/multimodal-MoE/outputs/runs/zod_bevfusion_dualinit/bevfusion-dualinit_4543552/debug/lidar_projection_overlay.png
2026/05/05 20:04:55 - mmengine - INFO - ========================================================================
2026/05/05 20:05:09 - mmengine - INFO - Epoch(val)  [3][  50/1250]    eta: 0:05:14  time: 0.2625  data_time: 0.0156  memory: 4846  
2026/05/05 20:05:21 - mmengine - INFO - Epoch(val)  [3][ 100/1250]    eta: 0:04:52  time: 0.2460  data_time: 0.0059  memory: 4851  
2026/05/05 20:05:33 - mmengine - INFO - Epoch(val)  [3][ 150/1250]    eta: 0:04:34  time: 0.2406  data_time: 0.0057  memory: 4854  
2026/05/05 20:05:45 - mmengine - INFO - Epoch(val)  [3][ 200/1250]    eta: 0:04:18  time: 0.2375  data_time: 0.0057  memory: 4852  
2026/05/05 20:05:57 - mmengine - INFO - Epoch(val)  [3][ 250/1250]    eta: 0:04:05  time: 0.2432  data_time: 0.0058  memory: 4841  
2026/05/05 20:06:09 - mmengine - INFO - Epoch(val)  [3][ 300/1250]    eta: 0:03:52  time: 0.2359  data_time: 0.0052  memory: 4849  
2026/05/05 20:06:21 - mmengine - INFO - Epoch(val)  [3][ 350/1250]    eta: 0:03:40  time: 0.2466  data_time: 0.0057  memory: 4852  
2026/05/05 20:06:34 - mmengine - INFO - Epoch(val)  [3][ 400/1250]    eta: 0:03:28  time: 0.2519  data_time: 0.0059  memory: 4842  
2026/05/05 20:06:48 - mmengine - INFO - Epoch(val)  [3][ 450/1250]    eta: 0:03:20  time: 0.2944  data_time: 0.0058  memory: 4830  
2026/05/05 20:07:00 - mmengine - INFO - Epoch(val)  [3][ 500/1250]    eta: 0:03:07  time: 0.2402  data_time: 0.0057  memory: 4780  
2026/05/05 20:07:13 - mmengine - INFO - Epoch(val)  [3][ 550/1250]    eta: 0:02:54  time: 0.2475  data_time: 0.0053  memory: 4780  
2026/05/05 20:07:25 - mmengine - INFO - Epoch(val)  [3][ 600/1250]    eta: 0:02:41  time: 0.2409  data_time: 0.0060  memory: 4784  
2026/05/05 20:07:37 - mmengine - INFO - Epoch(val)  [3][ 650/1250]    eta: 0:02:29  time: 0.2523  data_time: 0.0060  memory: 4784  
2026/05/05 20:07:50 - mmengine - INFO - Epoch(val)  [3][ 700/1250]    eta: 0:02:16  time: 0.2429  data_time: 0.0061  memory: 4781  
2026/05/05 20:08:02 - mmengine - INFO - Epoch(val)  [3][ 750/1250]    eta: 0:02:04  time: 0.2512  data_time: 0.0068  memory: 4783  
2026/05/05 20:08:14 - mmengine - INFO - Epoch(val)  [3][ 800/1250]    eta: 0:01:51  time: 0.2407  data_time: 0.0059  memory: 4778  
2026/05/05 20:08:26 - mmengine - INFO - Epoch(val)  [3][ 850/1250]    eta: 0:01:39  time: 0.2450  data_time: 0.0060  memory: 4783  
2026/05/05 20:08:39 - mmengine - INFO - Epoch(val)  [3][ 900/1250]    eta: 0:01:26  time: 0.2544  data_time: 0.0061  memory: 4787  
2026/05/05 20:08:51 - mmengine - INFO - Epoch(val)  [3][ 950/1250]    eta: 0:01:14  time: 0.2362  data_time: 0.0055  memory: 4783  
2026/05/05 20:09:03 - mmengine - INFO - Epoch(val)  [3][1000/1250]    eta: 0:01:01  time: 0.2383  data_time: 0.0052  memory: 4786  
2026/05/05 20:09:15 - mmengine - INFO - Epoch(val)  [3][1050/1250]    eta: 0:00:49  time: 0.2403  data_time: 0.0051  memory: 4786  
2026/05/05 20:09:27 - mmengine - INFO - Epoch(val)  [3][1100/1250]    eta: 0:00:36  time: 0.2339  data_time: 0.0054  memory: 4787  
2026/05/05 20:09:39 - mmengine - INFO - Epoch(val)  [3][1150/1250]    eta: 0:00:24  time: 0.2446  data_time: 0.0063  memory: 4781  
2026/05/05 20:09:51 - mmengine - INFO - Epoch(val)  [3][1200/1250]    eta: 0:00:12  time: 0.2431  data_time: 0.0067  memory: 4779  
2026/05/05 20:10:03 - mmengine - INFO - Epoch(val)  [3][1250/1250]    eta: 0:00:00  time: 0.2348  data_time: 0.0053  memory: 4783  
2026/05/05 20:11:22 - mmengine - INFO - 
+------------+---------+---------+---------+---------+
| classes    | AP_0.25 | AR_0.25 | AP_0.50 | AR_0.50 |
+------------+---------+---------+---------+---------+
| pedestrian | 0.7742  | 0.9228  | 0.4419  | 0.6099  |
+------------+---------+---------+---------+---------+
| Overall    | 0.7742  | 0.9228  | 0.4419  | 0.6099  |
+------------+---------+---------+---------+---------+
2026/05/05 20:11:50 - mmengine - INFO - 
+------------+---------+---------+---------+---------+---------+---------+---------+---------+
| classes    | AP_0.5m | AR_0.5m | AP_1.0m | AR_1.0m | AP_2.0m | AR_2.0m | AP_4.0m | AR_4.0m |
+------------+---------+---------+---------+---------+---------+---------+---------+---------+
| pedestrian | 0.8024  | 0.9589  | 0.8106  | 0.9681  | 0.8148  | 0.9733  | 0.8209  | 0.9794  |
+------------+---------+---------+---------+---------+---------+---------+---------+---------+
| Overall    | 0.8024  | 0.9589  | 0.8106  | 0.9681  | 0.8148  | 0.9733  | 0.8209  | 0.9794  |
+------------+---------+---------+---------+---------+---------+---------+---------+---------+
2026/05/05 20:11:51 - mmengine - INFO - Epoch(val) [3][1250/1250]    pedestrian_AP_0.25: 0.7742  mAP_0.25: 0.7742  pedestrian_rec_0.25: 0.9228  mAR_0.25: 0.9228  pedestrian_AP_0.50: 0.4419  mAP_0.50: 0.4419  pedestrian_rec_0.50: 0.6099  mAR_0.50: 0.6099  pedestrian_AP_0.5m: 0.8024  pedestrian_rec_0.5m: 0.9589  pedestrian_AP_1.0m: 0.8106  pedestrian_rec_1.0m: 0.9681  pedestrian_AP_2.0m: 0.8148  pedestrian_rec_2.0m: 0.9733  pedestrian_AP_4.0m: 0.8209  pedestrian_rec_4.0m: 0.9794  mAP_0.5m: 0.8024  mAR_0.5m: 0.9589  mAP_1.0m: 0.8106  mAR_1.0m: 0.9681  mAP_2.0m: 0.8148  mAR_2.0m: 0.9733  mAP_4.0m: 0.8209  mAR_4.0m: 0.9794  data_time: 0.0062  time: 0.2458
2026/05/05 20:12:38 - mmengine - INFO - Epoch(train)  [4][  50/5000]  lr: 4.3536e-04  eta: 10:30:10  time: 0.9303  data_time: 0.0280  memory: 17827  grad_norm: 4.8055  loss: 1.6355  loss_heatmap: 0.5636  layer_-1_loss_cls: 0.1541  layer_-1_loss_bbox: 0.4066  matched_ious: 0.2380  aux_depth_loss: 0.5112  sec_per_iter: 0.8754  iters_per_sec: 1.1400  samples_per_sec: 18.2800  samples_per_sec_per_gpu: 4.5700  max_mem_allocated_mb: 666.3000  max_mem_reserved_mb: 22012.0000
2026/05/05 20:13:21 - mmengine - INFO - Epoch(train)  [4][ 100/5000]  lr: 4.3659e-04  eta: 10:29:31  time: 0.8622  data_time: 0.0168  memory: 17822  grad_norm: 4.9596  loss: 1.5561  loss_heatmap: 0.5152  layer_-1_loss_cls: 0.1394  layer_-1_loss_bbox: 0.3807  matched_ious: 0.2632  aux_depth_loss: 0.5207  sec_per_iter: 0.9308  iters_per_sec: 1.0700  samples_per_sec: 17.1900  samples_per_sec_per_gpu: 4.3000  max_mem_allocated_mb: 666.3000  max_mem_reserved_mb: 22012.0000
2026/05/05 20:14:07 - mmengine - INFO - Epoch(train)  [4][ 150/5000]  lr: 4.3782e-04  eta: 10:28:59  time: 0.9109  data_time: 0.0149  memory: 17770  grad_norm: 3.9155  loss: 1.5685  loss_heatmap: 0.5203  layer_-1_loss_cls: 0.1301  layer_-1_loss_bbox: 0.4432  matched_ious: 0.1328  aux_depth_loss: 0.4748  sec_per_iter: 0.8968  iters_per_sec: 1.1200  samples_per_sec: 17.8400  samples_per_sec_per_gpu: 4.4600  max_mem_allocated_mb: 666.3000  max_mem_reserved_mb: 22012.0000
2026/05/05 20:14:51 - mmengine - INFO - Epoch(train)  [4][ 200/5000]  lr: 4.3903e-04  eta: 10:28:23  time: 0.8821  data_time: 0.0122  memory: 17878  grad_norm: 4.7560  loss: 1.5394  loss_heatmap: 0.5054  layer_-1_loss_cls: 0.1303  layer_-1_loss_bbox: 0.3890  matched_ious: 0.2588  aux_depth_loss: 0.5148  sec_per_iter: 0.9013  iters_per_sec: 1.1100  samples_per_sec: 17.7500  samples_per_sec_per_gpu: 4.4400  max_mem_allocated_mb: 666.3000  max_mem_reserved_mb: 22012.0000
2026/05/05 20:15:33 - mmengine - INFO - Epoch(train)  [4][ 250/5000]  lr: 4.4023e-04  eta: 10:27:41  time: 0.8423  data_time: 0.0136  memory: 17789  grad_norm: 4.6238  loss: 1.5681  loss_heatmap: 0.4901  layer_-1_loss_cls: 0.1282  layer_-1_loss_bbox: 0.4287  matched_ious: 0.2465  aux_depth_loss: 0.5211  sec_per_iter: 0.8965  iters_per_sec: 1.1200  samples_per_sec: 17.8500  samples_per_sec_per_gpu: 4.4600  max_mem_allocated_mb: 666.3000  max_mem_reserved_mb: 22012.0000
2026/05/05 20:16:17 - mmengine - INFO - Epoch(train)  [4][ 300/5000]  lr: 4.4143e-04  eta: 10:27:05  time: 0.8838  data_time: 0.0143  memory: 17899  grad_norm: 4.1009  loss: 1.6702  loss_heatmap: 0.5623  layer_-1_loss_cls: 0.1495  layer_-1_loss_bbox: 0.4583  matched_ious: 0.2028  aux_depth_loss: 0.5002  sec_per_iter: 0.8857  iters_per_sec: 1.1300  samples_per_sec: 18.0700  samples_per_sec_per_gpu: 4.5200  max_mem_allocated_mb: 666.3000  max_mem_reserved_mb: 22012.0000
2026/05/05 20:17:00 - mmengine - INFO - Epoch(train)  [4][ 350/5000]  lr: 4.4261e-04  eta: 10:26:26  time: 0.8612  data_time: 0.0198  memory: 17751  grad_norm: 4.9377  loss: 1.5708  loss_heatmap: 0.5115  layer_-1_loss_cls: 0.1302  layer_-1_loss_bbox: 0.4195  matched_ious: 0.2532  aux_depth_loss: 0.5097  sec_per_iter: 0.8854  iters_per_sec: 1.1300  samples_per_sec: 18.0700  samples_per_sec_per_gpu: 4.5200  max_mem_allocated_mb: 666.3000  max_mem_reserved_mb: 22012.0000
2026/05/05 20:17:42 - mmengine - INFO - Epoch(train)  [4][ 400/5000]  lr: 4.4379e-04  eta: 10:25:45  time: 0.8466  data_time: 0.0133  memory: 18012  grad_norm: 5.1781  loss: 1.5877  loss_heatmap: 0.5235  layer_-1_loss_cls: 0.1266  layer_-1_loss_bbox: 0.4298  matched_ious: 0.2635  aux_depth_loss: 0.5078  sec_per_iter: 0.8819  iters_per_sec: 1.1300  samples_per_sec: 18.1400  samples_per_sec_per_gpu: 4.5400  max_mem_allocated_mb: 666.3000  max_mem_reserved_mb: 22012.0000
2026/05/05 20:18:25 - mmengine - INFO - Epoch(train)  [4][ 450/5000]  lr: 4.4495e-04  eta: 10:25:03  time: 0.8475  data_time: 0.0144  memory: 17896  grad_norm: 4.9786  loss: 1.5875  loss_heatmap: 0.5196  layer_-1_loss_cls: 0.1304  layer_-1_loss_bbox: 0.4375  matched_ious: 0.2710  aux_depth_loss: 0.5000  sec_per_iter: 0.8775  iters_per_sec: 1.1400  samples_per_sec: 18.2300  samples_per_sec_per_gpu: 4.5600  max_mem_allocated_mb: 666.3000  max_mem_reserved_mb: 22012.0000
2026/05/05 20:19:05 - mmengine - INFO - Epoch(train)  [4][ 500/5000]  lr: 4.4610e-04  eta: 10:24:17  time: 0.8130  data_time: 0.0162  memory: 17944  grad_norm: 3.9784  loss: 1.5003  loss_heatmap: 0.5107  layer_-1_loss_cls: 0.1251  layer_-1_loss_bbox: 0.3876  matched_ious: 0.1072  aux_depth_loss: 0.4769  sec_per_iter: 0.8742  iters_per_sec: 1.1400  samples_per_sec: 18.3000  samples_per_sec_per_gpu: 4.5800  max_mem_allocated_mb: 666.3000  max_mem_reserved_mb: 22012.0000
2026/05/05 20:19:48 - mmengine - INFO - Epoch(train)  [4][ 550/5000]  lr: 4.4724e-04  eta: 10:23:35  time: 0.8449  data_time: 0.0133  memory: 17762  grad_norm: 5.3374  loss: 1.6499  loss_heatmap: 0.5380  layer_-1_loss_cls: 0.1415  layer_-1_loss_bbox: 0.4362  matched_ious: 0.2269  aux_depth_loss: 0.5343  sec_per_iter: 0.8680  iters_per_sec: 1.1500  samples_per_sec: 18.4300  samples_per_sec_per_gpu: 4.6100  max_mem_allocated_mb: 666.3000  max_mem_reserved_mb: 22012.0000
2026/05/05 20:20:32 - mmengine - INFO - Epoch(train)  [4][ 600/5000]  lr: 4.4837e-04  eta: 10:23:00  time: 0.8891  data_time: 0.0129  memory: 17760  grad_norm: 4.8045  loss: 1.5356  loss_heatmap: 0.5129  layer_-1_loss_cls: 0.1351  layer_-1_loss_bbox: 0.3773  matched_ious: 0.1872  aux_depth_loss: 0.5103  sec_per_iter: 0.8660  iters_per_sec: 1.1500  samples_per_sec: 18.4800  samples_per_sec_per_gpu: 4.6200  max_mem_allocated_mb: 666.3000  max_mem_reserved_mb: 22012.0000
2026/05/05 20:21:14 - mmengine - INFO - Epoch(train)  [4][ 650/5000]  lr: 4.4949e-04  eta: 10:22:17  time: 0.8363  data_time: 0.0127  memory: 17804  grad_norm: 4.5359  loss: 1.4821  loss_heatmap: 0.4772  layer_-1_loss_cls: 0.1187  layer_-1_loss_bbox: 0.3860  matched_ious: 0.1798  aux_depth_loss: 0.5002  sec_per_iter: 0.8679  iters_per_sec: 1.1500  samples_per_sec: 18.4400  samples_per_sec_per_gpu: 4.6100  max_mem_allocated_mb: 666.3000  max_mem_reserved_mb: 22012.0000
2026/05/05 20:21:57 - mmengine - INFO - Epoch(train)  [4][ 700/5000]  lr: 4.5060e-04  eta: 10:21:37  time: 0.8531  data_time: 0.0135  memory: 17638  grad_norm: 4.6576  loss: 1.6015  loss_heatmap: 0.5134  layer_-1_loss_cls: 0.1282  layer_-1_loss_bbox: 0.4405  matched_ious: 0.2422  aux_depth_loss: 0.5194  sec_per_iter: 0.8654  iters_per_sec: 1.1600  samples_per_sec: 18.4900  samples_per_sec_per_gpu: 4.6200  max_mem_allocated_mb: 666.3000  max_mem_reserved_mb: 22012.0000
2026/05/05 20:22:38 - mmengine - INFO - Epoch(train)  [4][ 750/5000]  lr: 4.5170e-04  eta: 10:20:54  time: 0.8350  data_time: 0.0165  memory: 17875  grad_norm: 4.2169  loss: 1.6612  loss_heatmap: 0.5754  layer_-1_loss_cls: 0.1448  layer_-1_loss_bbox: 0.4462  matched_ious: 0.2839  aux_depth_loss: 0.4948  sec_per_iter: 0.8646  iters_per_sec: 1.1600  samples_per_sec: 18.5000  samples_per_sec_per_gpu: 4.6300  max_mem_allocated_mb: 666.3000  max_mem_reserved_mb: 22012.0000
2026/05/05 20:23:20 - mmengine - INFO - Epoch(train)  [4][ 800/5000]  lr: 4.5279e-04  eta: 10:20:10  time: 0.8303  data_time: 0.0142  memory: 17797  grad_norm: 4.6855  loss: 1.5517  loss_heatmap: 0.4855  layer_-1_loss_cls: 0.1273  layer_-1_loss_bbox: 0.4263  matched_ious: 0.2852  aux_depth_loss: 0.5125  sec_per_iter: 0.8626  iters_per_sec: 1.1600  samples_per_sec: 18.5500  samples_per_sec_per_gpu: 4.6400  max_mem_allocated_mb: 666.3000  max_mem_reserved_mb: 22012.0000
2026/05/05 20:24:03 - mmengine - INFO - Epoch(train)  [4][ 850/5000]  lr: 4.5387e-04  eta: 10:19:30  time: 0.8560  data_time: 0.0165  memory: 17922  grad_norm: 4.8072  loss: 1.6310  loss_heatmap: 0.5360  layer_-1_loss_cls: 0.1399  layer_-1_loss_bbox: 0.4480  matched_ious: 0.2395  aux_depth_loss: 0.5070  sec_per_iter: 0.8607  iters_per_sec: 1.1600  samples_per_sec: 18.5900  samples_per_sec_per_gpu: 4.6500  max_mem_allocated_mb: 666.3000  max_mem_reserved_mb: 22012.0000
2026/05/05 20:24:45 - mmengine - INFO - Epoch(train)  [4][ 900/5000]  lr: 4.5493e-04  eta: 10:18:49  time: 0.8537  data_time: 0.0156  memory: 17910  grad_norm: inf  loss: 1.7147  loss_heatmap: 0.6277  layer_-1_loss_cls: 0.1656  layer_-1_loss_bbox: 0.4113  matched_ious: 0.3449  aux_depth_loss: 0.5101  sec_per_iter: 0.8603  iters_per_sec: 1.1600  samples_per_sec: 18.6000  samples_per_sec_per_gpu: 4.6500  max_mem_allocated_mb: 666.3000  max_mem_reserved_mb: 22012.0000
2026/05/05 20:25:29 - mmengine - INFO - Epoch(train)  [4][ 950/5000]  lr: 4.5599e-04  eta: 10:18:11  time: 0.8695  data_time: 0.0188  memory: 17817  grad_norm: 4.8860  loss: 1.5821  loss_heatmap: 0.5198  layer_-1_loss_cls: 0.1320  layer_-1_loss_bbox: 0.4294  matched_ious: 0.1893  aux_depth_loss: 0.5008  sec_per_iter: 0.8599  iters_per_sec: 1.1600  samples_per_sec: 18.6100  samples_per_sec_per_gpu: 4.6500  max_mem_allocated_mb: 666.3000  max_mem_reserved_mb: 22012.0000
2026/05/05 20:26:12 - mmengine - INFO - Exp name: zod_bevfusion_dualinit_20260505_161926
2026/05/05 20:26:12 - mmengine - INFO - Epoch(train)  [4][1000/5000]  lr: 4.5703e-04  eta: 10:17:33  time: 0.8726  data_time: 0.0166  memory: 17900  grad_norm: 4.4038  loss: 1.4781  loss_heatmap: 0.4957  layer_-1_loss_cls: 0.1336  layer_-1_loss_bbox: 0.3693  matched_ious: 0.1749  aux_depth_loss: 0.4794  sec_per_iter: 0.8604  iters_per_sec: 1.1600  samples_per_sec: 18.5900  samples_per_sec_per_gpu: 4.6500  max_mem_allocated_mb: 666.3000  max_mem_reserved_mb: 22012.0000
2026/05/05 20:26:55 - mmengine - INFO - Epoch(train)  [4][1050/5000]  lr: 4.5807e-04  eta: 10:16:52  time: 0.8525  data_time: 0.0145  memory: 17904  grad_norm: 4.7807  loss: 1.7196  loss_heatmap: 0.5729  layer_-1_loss_cls: 0.1361  layer_-1_loss_bbox: 0.4998  matched_ious: 0.1952  aux_depth_loss: 0.5108  sec_per_iter: 0.8611  iters_per_sec: 1.1600  samples_per_sec: 18.5800  samples_per_sec_per_gpu: 4.6500  max_mem_allocated_mb: 666.3000  max_mem_reserved_mb: 22012.0000
2026/05/05 20:27:38 - mmengine - INFO - Epoch(train)  [4][1100/5000]  lr: 4.5909e-04  eta: 10:16:11  time: 0.8463  data_time: 0.0149  memory: 17966  grad_norm: 3.9615  loss: 1.5420  loss_heatmap: 0.4834  layer_-1_loss_cls: 0.1294  layer_-1_loss_bbox: 0.4315  matched_ious: 0.2926  aux_depth_loss: 0.4978  sec_per_iter: 0.8607  iters_per_sec: 1.1600  samples_per_sec: 18.5900  samples_per_sec_per_gpu: 4.6500  max_mem_allocated_mb: 666.3000  max_mem_reserved_mb: 22012.0000
2026/05/05 20:28:21 - mmengine - INFO - Epoch(train)  [4][1150/5000]  lr: 4.6010e-04  eta: 10:15:32  time: 0.8644  data_time: 0.0236  memory: 17730  grad_norm: 4.2651  loss: 1.6229  loss_heatmap: 0.5394  layer_-1_loss_cls: 0.1310  layer_-1_loss_bbox: 0.4572  matched_ious: 0.2898  aux_depth_loss: 0.4953  sec_per_iter: 0.8602  iters_per_sec: 1.1600  samples_per_sec: 18.6000  samples_per_sec_per_gpu: 4.6500  max_mem_allocated_mb: 666.3000  max_mem_reserved_mb: 22012.0000
2026/05/05 20:29:03 - mmengine - INFO - Epoch(train)  [4][1200/5000]  lr: 4.6110e-04  eta: 10:14:52  time: 0.8573  data_time: 0.0176  memory: 17741  grad_norm: 4.5040  loss: 1.5515  loss_heatmap: 0.4958  layer_-1_loss_cls: 0.1367  layer_-1_loss_bbox: 0.4112  matched_ious: 0.2918  aux_depth_loss: 0.5078  sec_per_iter: 0.8602  iters_per_sec: 1.1600  samples_per_sec: 18.6000  samples_per_sec_per_gpu: 4.6500  max_mem_allocated_mb: 666.3000  max_mem_reserved_mb: 22014.0000
2026/05/05 20:29:49 - mmengine - INFO - Epoch(train)  [4][1250/5000]  lr: 4.6208e-04  eta: 10:14:18  time: 0.9067  data_time: 0.0166  memory: 17797  grad_norm: 5.6176  loss: 1.6652  loss_heatmap: 0.5332  layer_-1_loss_cls: 0.1352  layer_-1_loss_bbox: 0.4437  matched_ious: 0.2796  aux_depth_loss: 0.5531  sec_per_iter: 0.8601  iters_per_sec: 1.1600  samples_per_sec: 18.6000  samples_per_sec_per_gpu: 4.6500  max_mem_allocated_mb: 666.3000  max_mem_reserved_mb: 22014.0000
2026/05/05 20:30:32 - mmengine - INFO - Epoch(train)  [4][1300/5000]  lr: 4.6306e-04  eta: 10:13:38  time: 0.8582  data_time: 0.0190  memory: 17883  grad_norm: 3.7168  loss: 1.5451  loss_heatmap: 0.5163  layer_-1_loss_cls: 0.1350  layer_-1_loss_bbox: 0.3996  matched_ious: 0.2789  aux_depth_loss: 0.4942  sec_per_iter: 0.8620  iters_per_sec: 1.1600  samples_per_sec: 18.5600  samples_per_sec_per_gpu: 4.6400  max_mem_allocated_mb: 666.3000  max_mem_reserved_mb: 22014.0000
2026/05/05 20:31:16 - mmengine - INFO - Epoch(train)  [4][1350/5000]  lr: 4.6402e-04  eta: 10:13:02  time: 0.8885  data_time: 0.0133  memory: 17876  grad_norm: 4.2214  loss: 1.5477  loss_heatmap: 0.5031  layer_-1_loss_cls: 0.1300  layer_-1_loss_bbox: 0.4275  matched_ious: 0.3139  aux_depth_loss: 0.4871  sec_per_iter: 0.8618  iters_per_sec: 1.1600  samples_per_sec: 18.5700  samples_per_sec_per_gpu: 4.6400  max_mem_allocated_mb: 666.3000  max_mem_reserved_mb: 22014.0000
2026/05/05 20:31:58 - mmengine - INFO - Epoch(train)  [4][1400/5000]  lr: 4.6498e-04  eta: 10:12:19  time: 0.8318  data_time: 0.0127  memory: 17920  grad_norm: 3.8429  loss: 1.5696  loss_heatmap: 0.5412  layer_-1_loss_cls: 0.1318  layer_-1_loss_bbox: 0.4194  matched_ious: 0.2008  aux_depth_loss: 0.4772  sec_per_iter: 0.8628  iters_per_sec: 1.1600  samples_per_sec: 18.5400  samples_per_sec_per_gpu: 4.6400  max_mem_allocated_mb: 666.3000  max_mem_reserved_mb: 22014.0000
2026/05/05 20:32:39 - mmengine - INFO - Epoch(train)  [4][1450/5000]  lr: 4.6592e-04  eta: 10:11:33  time: 0.8176  data_time: 0.0130  memory: 17803  grad_norm: 4.3806  loss: 1.5118  loss_heatmap: 0.4962  layer_-1_loss_cls: 0.1302  layer_-1_loss_bbox: 0.3698  matched_ious: 0.2385  aux_depth_loss: 0.5156  sec_per_iter: 0.8617  iters_per_sec: 1.1600  samples_per_sec: 18.5700  samples_per_sec_per_gpu: 4.6400  max_mem_allocated_mb: 666.3000  max_mem_reserved_mb: 22014.0000
2026/05/05 20:33:19 - mmengine - INFO - Epoch(train)  [4][1500/5000]  lr: 4.6685e-04  eta: 10:10:46  time: 0.8022  data_time: 0.0127  memory: 17861  grad_norm: 4.8815  loss: 1.5094  loss_heatmap: 0.4778  layer_-1_loss_cls: 0.1286  layer_-1_loss_bbox: 0.3839  matched_ious: 0.2206  aux_depth_loss: 0.5191  sec_per_iter: 0.8602  iters_per_sec: 1.1600  samples_per_sec: 18.6000  samples_per_sec_per_gpu: 4.6500  max_mem_allocated_mb: 666.3000  max_mem_reserved_mb: 22014.0000
2026/05/05 20:34:02 - mmengine - INFO - Epoch(train)  [4][1550/5000]  lr: 4.6776e-04  eta: 10:10:07  time: 0.8700  data_time: 0.0180  memory: 17931  grad_norm: 4.1391  loss: 1.5369  loss_heatmap: 0.4934  layer_-1_loss_cls: 0.1315  layer_-1_loss_bbox: 0.4248  matched_ious: 0.2086  aux_depth_loss: 0.4873  sec_per_iter: 0.8583  iters_per_sec: 1.1700  samples_per_sec: 18.6400  samples_per_sec_per_gpu: 4.6600  max_mem_allocated_mb: 666.3000  max_mem_reserved_mb: 22014.0000
2026/05/05 20:34:46 - mmengine - INFO - Epoch(train)  [4][1600/5000]  lr: 4.6867e-04  eta: 10:09:29  time: 0.8686  data_time: 0.0216  memory: 17833  grad_norm: 4.8894  loss: 1.5631  loss_heatmap: 0.5000  layer_-1_loss_cls: 0.1249  layer_-1_loss_bbox: 0.4172  matched_ious: 0.2599  aux_depth_loss: 0.5209  sec_per_iter: 0.8586  iters_per_sec: 1.1600  samples_per_sec: 18.6300  samples_per_sec_per_gpu: 4.6600  max_mem_allocated_mb: 666.3000  max_mem_reserved_mb: 22014.0000
2026/05/05 20:35:27 - mmengine - INFO - Epoch(train)  [4][1650/5000]  lr: 4.6956e-04  eta: 10:08:43  time: 0.8187  data_time: 0.0153  memory: 17808  grad_norm: 4.5315  loss: 1.4655  loss_heatmap: 0.4658  layer_-1_loss_cls: 0.1233  layer_-1_loss_bbox: 0.3596  matched_ious: 0.2168  aux_depth_loss: 0.5167  sec_per_iter: 0.8589  iters_per_sec: 1.1600  samples_per_sec: 18.6300  samples_per_sec_per_gpu: 4.6600  max_mem_allocated_mb: 666.3000  max_mem_reserved_mb: 22014.0000
2026/05/05 20:36:09 - mmengine - INFO - Epoch(train)  [4][1700/5000]  lr: 4.7044e-04  eta: 10:08:01  time: 0.8396  data_time: 0.0171  memory: 17805  grad_norm: 3.7324  loss: 1.4811  loss_heatmap: 0.4868  layer_-1_loss_cls: 0.1237  layer_-1_loss_bbox: 0.3816  matched_ious: 0.3629  aux_depth_loss: 0.4890  sec_per_iter: 0.8577  iters_per_sec: 1.1700  samples_per_sec: 18.6500  samples_per_sec_per_gpu: 4.6600  max_mem_allocated_mb: 666.3000  max_mem_reserved_mb: 22014.0000
2026/05/05 20:36:50 - mmengine - INFO - Epoch(train)  [4][1750/5000]  lr: 4.7131e-04  eta: 10:07:16  time: 0.8211  data_time: 0.0155  memory: 17818  grad_norm: 4.2491  loss: 1.7256  loss_heatmap: 0.6063  layer_-1_loss_cls: 0.1501  layer_-1_loss_bbox: 0.4778  matched_ious: 0.2022  aux_depth_loss: 0.4915  sec_per_iter: 0.8572  iters_per_sec: 1.1700  samples_per_sec: 18.6700  samples_per_sec_per_gpu: 4.6700  max_mem_allocated_mb: 666.3000  max_mem_reserved_mb: 22014.0000
2026/05/05 20:37:33 - mmengine - INFO - Epoch(train)  [4][1800/5000]  lr: 4.7217e-04  eta: 10:06:36  time: 0.8631  data_time: 0.0178  memory: 17688  grad_norm: 4.4969  loss: 1.6735  loss_heatmap: 0.5532  layer_-1_loss_cls: 0.1441  layer_-1_loss_bbox: 0.4784  matched_ious: 0.2068  aux_depth_loss: 0.4979  sec_per_iter: 0.8561  iters_per_sec: 1.1700  samples_per_sec: 18.6900  samples_per_sec_per_gpu: 4.6700  max_mem_allocated_mb: 666.3000  max_mem_reserved_mb: 22014.0000
2026/05/05 20:38:13 - mmengine - INFO - Epoch(train)  [4][1850/5000]  lr: 4.7301e-04  eta: 10:05:49  time: 0.8010  data_time: 0.0119  memory: 17760  grad_norm: 4.5289  loss: 1.6016  loss_heatmap: 0.5507  layer_-1_loss_cls: 0.1532  layer_-1_loss_bbox: 0.3956  matched_ious: 0.2218  aux_depth_loss: 0.5021  sec_per_iter: 0.8563  iters_per_sec: 1.1700  samples_per_sec: 18.6800  samples_per_sec_per_gpu: 4.6700  max_mem_allocated_mb: 666.3000  max_mem_reserved_mb: 22014.0000
2026/05/05 20:38:56 - mmengine - INFO - Epoch(train)  [4][1900/5000]  lr: 4.7385e-04  eta: 10:05:08  time: 0.8545  data_time: 0.0125  memory: 17808  grad_norm: 4.6371  loss: 1.5536  loss_heatmap: 0.4882  layer_-1_loss_cls: 0.1283  layer_-1_loss_bbox: 0.4088  matched_ious: 0.4126  aux_depth_loss: 0.5283  sec_per_iter: 0.8548  iters_per_sec: 1.1700  samples_per_sec: 18.7200  samples_per_sec_per_gpu: 4.6800  max_mem_allocated_mb: 666.3000  max_mem_reserved_mb: 22014.0000
2026/05/05 20:39:37 - mmengine - INFO - Epoch(train)  [4][1950/5000]  lr: 4.7467e-04  eta: 10:04:24  time: 0.8240  data_time: 0.0117  memory: 17813  grad_norm: 4.6197  loss: 1.7566  loss_heatmap: 0.6036  layer_-1_loss_cls: 0.1434  layer_-1_loss_bbox: 0.5003  matched_ious: 0.2853  aux_depth_loss: 0.5094  sec_per_iter: 0.8548  iters_per_sec: 1.1700  samples_per_sec: 18.7200  samples_per_sec_per_gpu: 4.6800  max_mem_allocated_mb: 666.3000  max_mem_reserved_mb: 22014.0000
2026/05/05 20:40:20 - mmengine - INFO - Exp name: zod_bevfusion_dualinit_20260505_161926
2026/05/05 20:40:20 - mmengine - INFO - Epoch(train)  [4][2000/5000]  lr: 4.7548e-04  eta: 10:03:45  time: 0.8688  data_time: 0.0144  memory: 18024  grad_norm: 3.7562  loss: 1.6586  loss_heatmap: 0.5695  layer_-1_loss_cls: 0.1422  layer_-1_loss_bbox: 0.4679  matched_ious: 0.2179  aux_depth_loss: 0.4791  sec_per_iter: 0.8540  iters_per_sec: 1.1700  samples_per_sec: 18.7300  samples_per_sec_per_gpu: 4.6800  max_mem_allocated_mb: 666.3000  max_mem_reserved_mb: 22014.0000
2026/05/05 20:41:03 - mmengine - INFO - Epoch(train)  [4][2050/5000]  lr: 4.7627e-04  eta: 10:03:04  time: 0.8469  data_time: 0.0120  memory: 17878  grad_norm: 4.4432  loss: 1.6114  loss_heatmap: 0.5512  layer_-1_loss_cls: 0.1371  layer_-1_loss_bbox: 0.4246  matched_ious: 0.2336  aux_depth_loss: 0.4985  sec_per_iter: 0.8544  iters_per_sec: 1.1700  samples_per_sec: 18.7300  samples_per_sec_per_gpu: 4.6800  max_mem_allocated_mb: 666.3000  max_mem_reserved_mb: 22014.0000
2026/05/05 20:41:47 - mmengine - INFO - Epoch(train)  [4][2100/5000]  lr: 4.7705e-04  eta: 10:02:28  time: 0.8944  data_time: 0.0193  memory: 17784  grad_norm: 3.8341  loss: 1.5731  loss_heatmap: 0.5427  layer_-1_loss_cls: 0.1385  layer_-1_loss_bbox: 0.4132  matched_ious: 0.3688  aux_depth_loss: 0.4787  sec_per_iter: 0.8542  iters_per_sec: 1.1700  samples_per_sec: 18.7300  samples_per_sec_per_gpu: 4.6800  max_mem_allocated_mb: 666.3000  max_mem_reserved_mb: 22014.0000
2026/05/05 20:42:28 - mmengine - INFO - Epoch(train)  [4][2150/5000]  lr: 4.7783e-04  eta: 10:01:42  time: 0.8140  data_time: 0.0142  memory: 17859  grad_norm: 4.4306  loss: 1.6743  loss_heatmap: 0.5648  layer_-1_loss_cls: 0.1403  layer_-1_loss_bbox: 0.4617  matched_ious: 0.2463  aux_depth_loss: 0.5075  sec_per_iter: 0.8552  iters_per_sec: 1.1700  samples_per_sec: 18.7100  samples_per_sec_per_gpu: 4.6800  max_mem_allocated_mb: 666.3000  max_mem_reserved_mb: 22014.0000
2026/05/05 20:43:14 - mmengine - INFO - Epoch(train)  [4][2200/5000]  lr: 4.7858e-04  eta: 10:01:11  time: 0.9298  data_time: 0.0138  memory: 17938  grad_norm: 4.9209  loss: 1.7019  loss_heatmap: 0.5418  layer_-1_loss_cls: 0.1331  layer_-1_loss_bbox: 0.5060  matched_ious: 0.3750  aux_depth_loss: 0.5210  sec_per_iter: 0.8542  iters_per_sec: 1.1700  samples_per_sec: 18.7300  samples_per_sec_per_gpu: 4.6800  max_mem_allocated_mb: 666.3000  max_mem_reserved_mb: 22014.0000
2026/05/05 20:43:58 - mmengine - INFO - Epoch(train)  [4][2250/5000]  lr: 4.7933e-04  eta: 10:00:32  time: 0.8717  data_time: 0.0160  memory: 17929  grad_norm: 4.4509  loss: 1.7252  loss_heatmap: 0.6032  layer_-1_loss_cls: 0.1451  layer_-1_loss_bbox: 0.4596  matched_ious: 0.1687  aux_depth_loss: 0.5173  sec_per_iter: 0.8560  iters_per_sec: 1.1700  samples_per_sec: 18.6900  samples_per_sec_per_gpu: 4.6700  max_mem_allocated_mb: 666.3000  max_mem_reserved_mb: 22014.0000
2026/05/05 20:44:40 - mmengine - INFO - Epoch(train)  [4][2300/5000]  lr: 4.8006e-04  eta: 9:59:50  time: 0.8411  data_time: 0.0128  memory: 17770  grad_norm: 5.0701  loss: 1.5976  loss_heatmap: 0.5157  layer_-1_loss_cls: 0.1326  layer_-1_loss_bbox: 0.4111  matched_ious: 0.1842  aux_depth_loss: 0.5382  sec_per_iter: 0.8563  iters_per_sec: 1.1700  samples_per_sec: 18.6900  samples_per_sec_per_gpu: 4.6700  max_mem_allocated_mb: 666.3000  max_mem_reserved_mb: 22014.0000
2026/05/05 20:45:23 - mmengine - INFO - Epoch(train)  [4][2350/5000]  lr: 4.8078e-04  eta: 9:59:09  time: 0.8520  data_time: 0.0155  memory: 17901  grad_norm: 3.7954  loss: 1.5754  loss_heatmap: 0.5132  layer_-1_loss_cls: 0.1303  layer_-1_loss_bbox: 0.4471  matched_ious: 0.3415  aux_depth_loss: 0.4849  sec_per_iter: 0.8560  iters_per_sec: 1.1700  samples_per_sec: 18.6900  samples_per_sec_per_gpu: 4.6700  max_mem_allocated_mb: 666.3000  max_mem_reserved_mb: 22014.0000
2026/05/05 20:46:06 - mmengine - INFO - Epoch(train)  [4][2400/5000]  lr: 4.8149e-04  eta: 9:58:30  time: 0.8644  data_time: 0.0121  memory: 17835  grad_norm: 4.0560  loss: 1.5125  loss_heatmap: 0.5030  layer_-1_loss_cls: 0.1338  layer_-1_loss_bbox: 0.3702  matched_ious: 0.3338  aux_depth_loss: 0.5056  sec_per_iter: 0.8559  iters_per_sec: 1.1700  samples_per_sec: 18.6900  samples_per_sec_per_gpu: 4.6700  max_mem_allocated_mb: 666.3000  max_mem_reserved_mb: 22014.0000
2026/05/05 20:46:48 - mmengine - INFO - Epoch(train)  [4][2450/5000]  lr: 4.8219e-04  eta: 9:57:46  time: 0.8309  data_time: 0.0128  memory: 17860  grad_norm: 4.5653  loss: 1.6508  loss_heatmap: 0.5406  layer_-1_loss_cls: 0.1328  layer_-1_loss_bbox: 0.4726  matched_ious: 0.2904  aux_depth_loss: 0.5048  sec_per_iter: 0.8561  iters_per_sec: 1.1700  samples_per_sec: 18.6900  samples_per_sec_per_gpu: 4.6700  max_mem_allocated_mb: 666.3000  max_mem_reserved_mb: 22014.0000
2026/05/05 20:47:32 - mmengine - INFO - Epoch(train)  [4][2500/5000]  lr: 4.8287e-04  eta: 9:57:08  time: 0.8806  data_time: 0.0142  memory: 17762  grad_norm: 3.8310  loss: 1.6746  loss_heatmap: 0.5688  layer_-1_loss_cls: 0.1399  layer_-1_loss_bbox: 0.4691  matched_ious: 0.2995  aux_depth_loss: 0.4968  sec_per_iter: 0.8556  iters_per_sec: 1.1700  samples_per_sec: 18.7000  samples_per_sec_per_gpu: 4.6800  max_mem_allocated_mb: 666.3000  max_mem_reserved_mb: 22014.0000
2026/05/05 20:48:13 - mmengine - INFO - Epoch(train)  [4][2550/5000]  lr: 4.8354e-04  eta: 9:56:25  time: 0.8354  data_time: 0.0126  memory: 17900  grad_norm: 4.4799  loss: 1.5563  loss_heatmap: 0.5119  layer_-1_loss_cls: 0.1331  layer_-1_loss_bbox: 0.4094  matched_ious: 0.3364  aux_depth_loss: 0.5019  sec_per_iter: 0.8561  iters_per_sec: 1.1700  samples_per_sec: 18.6900  samples_per_sec_per_gpu: 4.6700  max_mem_allocated_mb: 666.3000  max_mem_reserved_mb: 22014.0000
2026/05/05 20:48:55 - mmengine - INFO - Epoch(train)  [4][2600/5000]  lr: 4.8420e-04  eta: 9:55:43  time: 0.8424  data_time: 0.0157  memory: 17823  grad_norm: 4.0808  loss: 1.5825  loss_heatmap: 0.5422  layer_-1_loss_cls: 0.1429  layer_-1_loss_bbox: 0.3999  matched_ious: 0.2661  aux_depth_loss: 0.4974  sec_per_iter: 0.8557  iters_per_sec: 1.1700  samples_per_sec: 18.7000  samples_per_sec_per_gpu: 4.6700  max_mem_allocated_mb: 666.3000  max_mem_reserved_mb: 22014.0000
2026/05/05 20:49:37 - mmengine - INFO - Epoch(train)  [4][2650/5000]  lr: 4.8484e-04  eta: 9:54:59  time: 0.8282  data_time: 0.0161  memory: 18035  grad_norm: 4.0659  loss: 1.6606  loss_heatmap: 0.5752  layer_-1_loss_cls: 0.1377  layer_-1_loss_bbox: 0.4596  matched_ious: 0.3616  aux_depth_loss: 0.4880  sec_per_iter: 0.8554  iters_per_sec: 1.1700  samples_per_sec: 18.7000  samples_per_sec_per_gpu: 4.6800  max_mem_allocated_mb: 666.3000  max_mem_reserved_mb: 22014.0000
2026/05/05 20:50:17 - mmengine - INFO - Epoch(train)  [4][2700/5000]  lr: 4.8547e-04  eta: 9:54:11  time: 0.7959  data_time: 0.0153  memory: 17905  grad_norm: 4.0625  loss: 1.6806  loss_heatmap: 0.5889  layer_-1_loss_cls: 0.1489  layer_-1_loss_bbox: 0.4361  matched_ious: 0.3162  aux_depth_loss: 0.5066  sec_per_iter: 0.8549  iters_per_sec: 1.1700  samples_per_sec: 18.7200  samples_per_sec_per_gpu: 4.6800  max_mem_allocated_mb: 666.3000  max_mem_reserved_mb: 22014.0000
2026/05/05 20:50:58 - mmengine - INFO - Epoch(train)  [4][2750/5000]  lr: 4.8609e-04  eta: 9:53:27  time: 0.8244  data_time: 0.0151  memory: 17810  grad_norm: 4.7667  loss: 1.5540  loss_heatmap: 0.5097  layer_-1_loss_cls: 0.1299  layer_-1_loss_bbox: 0.3887  matched_ious: 0.2931  aux_depth_loss: 0.5257  sec_per_iter: 0.8538  iters_per_sec: 1.1700  samples_per_sec: 18.7400  samples_per_sec_per_gpu: 4.6800  max_mem_allocated_mb: 666.3000  max_mem_reserved_mb: 22014.0000
2026/05/05 20:51:39 - mmengine - INFO - Epoch(train)  [4][2800/5000]  lr: 4.8669e-04  eta: 9:52:42  time: 0.8168  data_time: 0.0130  memory: 17764  grad_norm: 4.5268  loss: 1.6427  loss_heatmap: 0.5315  layer_-1_loss_cls: 0.1373  layer_-1_loss_bbox: 0.4787  matched_ious: 0.2380  aux_depth_loss: 0.4952  sec_per_iter: 0.8533  iters_per_sec: 1.1700  samples_per_sec: 18.7500  samples_per_sec_per_gpu: 4.6900  max_mem_allocated_mb: 666.3000  max_mem_reserved_mb: 22014.0000
2026/05/05 20:52:19 - mmengine - INFO - Epoch(train)  [4][2850/5000]  lr: 4.8729e-04  eta: 9:51:56  time: 0.8156  data_time: 0.0125  memory: 17945  grad_norm: 4.1783  loss: 1.5912  loss_heatmap: 0.5156  layer_-1_loss_cls: 0.1291  layer_-1_loss_bbox: 0.4531  matched_ious: 0.2770  aux_depth_loss: 0.4933  sec_per_iter: 0.8526  iters_per_sec: 1.1700  samples_per_sec: 18.7700  samples_per_sec_per_gpu: 4.6900  max_mem_allocated_mb: 666.3000  max_mem_reserved_mb: 22014.0000
2026/05/05 20:53:00 - mmengine - INFO - Epoch(train)  [4][2900/5000]  lr: 4.8787e-04  eta: 9:51:10  time: 0.8098  data_time: 0.0128  memory: 17993  grad_norm: 4.4524  loss: 1.4865  loss_heatmap: 0.4727  layer_-1_loss_cls: 0.1200  layer_-1_loss_bbox: 0.4033  matched_ious: 0.3552  aux_depth_loss: 0.4906  sec_per_iter: 0.8520  iters_per_sec: 1.1700  samples_per_sec: 18.7800  samples_per_sec_per_gpu: 4.7000  max_mem_allocated_mb: 666.3000  max_mem_reserved_mb: 22014.0000
2026/05/05 20:53:40 - mmengine - INFO - Epoch(train)  [4][2950/5000]  lr: 4.8843e-04  eta: 9:50:23  time: 0.8000  data_time: 0.0124  memory: 17800  grad_norm: 4.2638  loss: 1.5851  loss_heatmap: 0.5276  layer_-1_loss_cls: 0.1354  layer_-1_loss_bbox: 0.4292  matched_ious: 0.2400  aux_depth_loss: 0.4928  sec_per_iter: 0.8512  iters_per_sec: 1.1700  samples_per_sec: 18.8000  samples_per_sec_per_gpu: 4.7000  max_mem_allocated_mb: 666.3000  max_mem_reserved_mb: 22014.0000
2026/05/05 20:54:21 - mmengine - INFO - Exp name: zod_bevfusion_dualinit_20260505_161926
2026/05/05 20:54:21 - mmengine - INFO - Epoch(train)  [4][3000/5000]  lr: 4.8898e-04  eta: 9:49:38  time: 0.8158  data_time: 0.0121  memory: 17686  grad_norm: 4.1695  loss: 1.7278  loss_heatmap: 0.6059  layer_-1_loss_cls: 0.1399  layer_-1_loss_bbox: 0.4890  matched_ious: 0.3610  aux_depth_loss: 0.4931  sec_per_iter: 0.8504  iters_per_sec: 1.1800  samples_per_sec: 18.8200  samples_per_sec_per_gpu: 4.7000  max_mem_allocated_mb: 666.3000  max_mem_reserved_mb: 22014.0000
2026/05/05 20:55:03 - mmengine - INFO - Epoch(train)  [4][3050/5000]  lr: 4.8952e-04  eta: 9:48:56  time: 0.8410  data_time: 0.0142  memory: 17879  grad_norm: 3.9718  loss: 1.7385  loss_heatmap: 0.6162  layer_-1_loss_cls: 0.1479  layer_-1_loss_bbox: 0.4828  matched_ious: 0.1290  aux_depth_loss: 0.4916  sec_per_iter: 0.8498  iters_per_sec: 1.1800  samples_per_sec: 18.8300  samples_per_sec_per_gpu: 4.7100  max_mem_allocated_mb: 666.3000  max_mem_reserved_mb: 22014.0000
2026/05/05 20:55:44 - mmengine - INFO - Epoch(train)  [4][3100/5000]  lr: 4.9005e-04  eta: 9:48:12  time: 0.8287  data_time: 0.0137  memory: 17916  grad_norm: 4.1342  loss: 1.6530  loss_heatmap: 0.5625  layer_-1_loss_cls: 0.1424  layer_-1_loss_bbox: 0.4469  matched_ious: 0.3977  aux_depth_loss: 0.5012  sec_per_iter: 0.8496  iters_per_sec: 1.1800  samples_per_sec: 18.8300  samples_per_sec_per_gpu: 4.7100  max_mem_allocated_mb: 666.3000  max_mem_reserved_mb: 22014.0000
2026/05/05 20:56:26 - mmengine - INFO - Epoch(train)  [4][3150/5000]  lr: 4.9056e-04  eta: 9:47:29  time: 0.8337  data_time: 0.0149  memory: 17835  grad_norm: 5.0045  loss: 1.5617  loss_heatmap: 0.5260  layer_-1_loss_cls: 0.1410  layer_-1_loss_bbox: 0.3782  matched_ious: 0.2935  aux_depth_loss: 0.5165  sec_per_iter: 0.8493  iters_per_sec: 1.1800  samples_per_sec: 18.8400  samples_per_sec_per_gpu: 4.7100  max_mem_allocated_mb: 666.3000  max_mem_reserved_mb: 22014.0000
2026/05/05 20:57:09 - mmengine - INFO - Epoch(train)  [4][3200/5000]  lr: 4.9106e-04  eta: 9:46:48  time: 0.8548  data_time: 0.0134  memory: 17811  grad_norm: 4.5814  loss: 1.6192  loss_heatmap: 0.5587  layer_-1_loss_cls: 0.1458  layer_-1_loss_bbox: 0.4046  matched_ious: 0.3165  aux_depth_loss: 0.5101  sec_per_iter: 0.8491  iters_per_sec: 1.1800  samples_per_sec: 18.8400  samples_per_sec_per_gpu: 4.7100  max_mem_allocated_mb: 666.3000  max_mem_reserved_mb: 22014.0000
2026/05/05 20:57:50 - mmengine - INFO - Epoch(train)  [4][3250/5000]  lr: 4.9155e-04  eta: 9:46:05  time: 0.8278  data_time: 0.0131  memory: 17808  grad_norm: 4.5806  loss: 1.5177  loss_heatmap: 0.4895  layer_-1_loss_cls: 0.1248  layer_-1_loss_bbox: 0.3953  matched_ious: 0.3063  aux_depth_loss: 0.5081  sec_per_iter: 0.8491  iters_per_sec: 1.1800  samples_per_sec: 18.8400  samples_per_sec_per_gpu: 4.7100  max_mem_allocated_mb: 666.3000  max_mem_reserved_mb: 22014.0000
2026/05/05 20:58:34 - mmengine - INFO - Epoch(train)  [4][3300/5000]  lr: 4.9202e-04  eta: 9:45:26  time: 0.8764  data_time: 0.0128  memory: 17665  grad_norm: 4.2071  loss: 1.5899  loss_heatmap: 0.5213  layer_-1_loss_cls: 0.1344  layer_-1_loss_bbox: 0.4227  matched_ious: 0.3100  aux_depth_loss: 0.5116  sec_per_iter: 0.8488  iters_per_sec: 1.1800  samples_per_sec: 18.8500  samples_per_sec_per_gpu: 4.7100  max_mem_allocated_mb: 666.3000  max_mem_reserved_mb: 22014.0000
2026/05/05 20:59:16 - mmengine - INFO - Epoch(train)  [4][3350/5000]  lr: 4.9248e-04  eta: 9:44:45  time: 0.8460  data_time: 0.0136  memory: 17799  grad_norm: 3.8791  loss: 1.6750  loss_heatmap: 0.5700  layer_-1_loss_cls: 0.1426  layer_-1_loss_bbox: 0.4659  matched_ious: 0.2419  aux_depth_loss: 0.4965  sec_per_iter: 0.8492  iters_per_sec: 1.1800  samples_per_sec: 18.8400  samples_per_sec_per_gpu: 4.7100  max_mem_allocated_mb: 666.3000  max_mem_reserved_mb: 22014.0000
2026/05/05 21:00:04 - mmengine - INFO - Epoch(train)  [4][3400/5000]  lr: 4.9293e-04  eta: 9:44:15  time: 0.9507  data_time: 0.0152  memory: 17847  grad_norm: 4.2188  loss: 1.5669  loss_heatmap: 0.5263  layer_-1_loss_cls: 0.1319  layer_-1_loss_bbox: 0.4130  matched_ious: 0.2099  aux_depth_loss: 0.4957  sec_per_iter: 0.8492  iters_per_sec: 1.1800  samples_per_sec: 18.8400  samples_per_sec_per_gpu: 4.7100  max_mem_allocated_mb: 666.3000  max_mem_reserved_mb: 22014.0000
2026/05/05 21:00:45 - mmengine - INFO - Epoch(train)  [4][3450/5000]  lr: 4.9336e-04  eta: 9:43:31  time: 0.8260  data_time: 0.0126  memory: 17738  grad_norm: 4.2575  loss: 1.6235  loss_heatmap: 0.5527  layer_-1_loss_cls: 0.1324  layer_-1_loss_bbox: 0.4455  matched_ious: 0.2123  aux_depth_loss: 0.4929  sec_per_iter: 0.8507  iters_per_sec: 1.1800  samples_per_sec: 18.8100  samples_per_sec_per_gpu: 4.7000  max_mem_allocated_mb: 666.3000  max_mem_reserved_mb: 22014.0000
2026/05/05 21:01:29 - mmengine - INFO - Epoch(train)  [4][3500/5000]  lr: 4.9378e-04  eta: 9:42:52  time: 0.8700  data_time: 0.0156  memory: 17802  grad_norm: 4.3307  loss: 1.5711  loss_heatmap: 0.5035  layer_-1_loss_cls: 0.1256  layer_-1_loss_bbox: 0.4274  matched_ious: 0.2252  aux_depth_loss: 0.5146  sec_per_iter: 0.8503  iters_per_sec: 1.1800  samples_per_sec: 18.8200  samples_per_sec_per_gpu: 4.7000  max_mem_allocated_mb: 666.3000  max_mem_reserved_mb: 22014.0000
2026/05/05 21:02:14 - mmengine - INFO - Epoch(train)  [4][3550/5000]  lr: 4.9418e-04  eta: 9:42:16  time: 0.9020  data_time: 0.0192  memory: 17831  grad_norm: 3.8772  loss: 1.6531  loss_heatmap: 0.5306  layer_-1_loss_cls: 0.1344  layer_-1_loss_bbox: 0.4876  matched_ious: 0.2099  aux_depth_loss: 0.5006  sec_per_iter: 0.8506  iters_per_sec: 1.1800  samples_per_sec: 18.8100  samples_per_sec_per_gpu: 4.7000  max_mem_allocated_mb: 666.3000  max_mem_reserved_mb: 22014.0000
2026/05/05 21:02:56 - mmengine - INFO - Epoch(train)  [4][3600/5000]  lr: 4.9458e-04  eta: 9:41:35  time: 0.8484  data_time: 0.0184  memory: 17752  grad_norm: 4.6287  loss: 1.6451  loss_heatmap: 0.5758  layer_-1_loss_cls: 0.1456  layer_-1_loss_bbox: 0.4106  matched_ious: 0.3593  aux_depth_loss: 0.5131  sec_per_iter: 0.8513  iters_per_sec: 1.1700  samples_per_sec: 18.7900  samples_per_sec_per_gpu: 4.7000  max_mem_allocated_mb: 666.3000  max_mem_reserved_mb: 22014.0000
2026/05/05 21:03:45 - mmengine - INFO - Epoch(train)  [4][3650/5000]  lr: 4.9496e-04  eta: 9:41:07  time: 0.9705  data_time: 0.0189  memory: 17666  grad_norm: 4.5957  loss: 1.5389  loss_heatmap: 0.5051  layer_-1_loss_cls: 0.1269  layer_-1_loss_bbox: 0.3957  matched_ious: 0.2074  aux_depth_loss: 0.5111  sec_per_iter: 0.8513  iters_per_sec: 1.1700  samples_per_sec: 18.7900  samples_per_sec_per_gpu: 4.7000  max_mem_allocated_mb: 666.3000  max_mem_reserved_mb: 22014.0000
2026/05/05 21:04:27 - mmengine - INFO - Epoch(train)  [4][3700/5000]  lr: 4.9532e-04  eta: 9:40:26  time: 0.8520  data_time: 0.0151  memory: 17987  grad_norm: 4.6845  loss: 1.8048  loss_heatmap: 0.6317  layer_-1_loss_cls: 0.1532  layer_-1_loss_bbox: 0.5080  matched_ious: 0.2115  aux_depth_loss: 0.5119  sec_per_iter: 0.8529  iters_per_sec: 1.1700  samples_per_sec: 18.7600  samples_per_sec_per_gpu: 4.6900  max_mem_allocated_mb: 666.3000  max_mem_reserved_mb: 22014.0000
2026/05/05 21:05:11 - mmengine - INFO - Epoch(train)  [4][3750/5000]  lr: 4.9567e-04  eta: 9:39:47  time: 0.8776  data_time: 0.0169  memory: 18027  grad_norm: 3.9263  loss: 1.6413  loss_heatmap: 0.5611  layer_-1_loss_cls: 0.1409  layer_-1_loss_bbox: 0.4489  matched_ious: 0.1417  aux_depth_loss: 0.4903  sec_per_iter: 0.8529  iters_per_sec: 1.1700  samples_per_sec: 18.7600  samples_per_sec_per_gpu: 4.6900  max_mem_allocated_mb: 666.3000  max_mem_reserved_mb: 22014.0000
2026/05/05 21:05:54 - mmengine - INFO - Epoch(train)  [4][3800/5000]  lr: 4.9601e-04  eta: 9:39:07  time: 0.8629  data_time: 0.0131  memory: 17842  grad_norm: 4.1508  loss: 1.5996  loss_heatmap: 0.5488  layer_-1_loss_cls: 0.1335  layer_-1_loss_bbox: 0.4204  matched_ious: 0.2669  aux_depth_loss: 0.4969  sec_per_iter: 0.8532  iters_per_sec: 1.1700  samples_per_sec: 18.7500  samples_per_sec_per_gpu: 4.6900  max_mem_allocated_mb: 666.3000  max_mem_reserved_mb: 22014.0000
2026/05/05 21:06:37 - mmengine - INFO - Epoch(train)  [4][3850/5000]  lr: 4.9633e-04  eta: 9:38:25  time: 0.8480  data_time: 0.0124  memory: 17920  grad_norm: 3.9384  loss: 1.6163  loss_heatmap: 0.5278  layer_-1_loss_cls: 0.1303  layer_-1_loss_bbox: 0.4464  matched_ious: 0.2476  aux_depth_loss: 0.5118  sec_per_iter: 0.8534  iters_per_sec: 1.1700  samples_per_sec: 18.7500  samples_per_sec_per_gpu: 4.6900  max_mem_allocated_mb: 666.3000  max_mem_reserved_mb: 22014.0000
2026/05/05 21:07:19 - mmengine - INFO - Epoch(train)  [4][3900/5000]  lr: 4.9665e-04  eta: 9:37:44  time: 0.8465  data_time: 0.0125  memory: 17947  grad_norm: 4.3707  loss: 1.5594  loss_heatmap: 0.5016  layer_-1_loss_cls: 0.1286  layer_-1_loss_bbox: 0.4209  matched_ious: 0.2820  aux_depth_loss: 0.5084  sec_per_iter: 0.8533  iters_per_sec: 1.1700  samples_per_sec: 18.7500  samples_per_sec_per_gpu: 4.6900  max_mem_allocated_mb: 666.3000  max_mem_reserved_mb: 22014.0000
2026/05/05 21:08:01 - mmengine - INFO - Epoch(train)  [4][3950/5000]  lr: 4.9694e-04  eta: 9:37:01  time: 0.8431  data_time: 0.0164  memory: 17843  grad_norm: 3.9705  loss: 1.6015  loss_heatmap: 0.5552  layer_-1_loss_cls: 0.1393  layer_-1_loss_bbox: 0.4019  matched_ious: 0.2565  aux_depth_loss: 0.5051  sec_per_iter: 0.8532  iters_per_sec: 1.1700  samples_per_sec: 18.7500  samples_per_sec_per_gpu: 4.6900  max_mem_allocated_mb: 666.3000  max_mem_reserved_mb: 22014.0000
2026/05/05 21:08:43 - mmengine - INFO - Exp name: zod_bevfusion_dualinit_20260505_161926
2026/05/05 21:08:43 - mmengine - INFO - Epoch(train)  [4][4000/5000]  lr: 4.9723e-04  eta: 9:36:20  time: 0.8468  data_time: 0.0121  memory: 17818  grad_norm: 4.0315  loss: 1.7164  loss_heatmap: 0.5953  layer_-1_loss_cls: 0.1453  layer_-1_loss_bbox: 0.4845  matched_ious: 0.2469  aux_depth_loss: 0.4914  sec_per_iter: 0.8531  iters_per_sec: 1.1700  samples_per_sec: 18.7600  samples_per_sec_per_gpu: 4.6900  max_mem_allocated_mb: 666.3000  max_mem_reserved_mb: 22014.0000
2026/05/05 21:09:26 - mmengine - INFO - Epoch(train)  [4][4050/5000]  lr: 4.9750e-04  eta: 9:35:39  time: 0.8548  data_time: 0.0169  memory: 17944  grad_norm: 3.9898  loss: 1.5870  loss_heatmap: 0.5155  layer_-1_loss_cls: 0.1350  layer_-1_loss_bbox: 0.4434  matched_ious: 0.2474  aux_depth_loss: 0.4932  sec_per_iter: 0.8530  iters_per_sec: 1.1700  samples_per_sec: 18.7600  samples_per_sec_per_gpu: 4.6900  max_mem_allocated_mb: 666.3000  max_mem_reserved_mb: 22014.0000
2026/05/05 21:10:08 - mmengine - INFO - Epoch(train)  [4][4100/5000]  lr: 4.9775e-04  eta: 9:34:56  time: 0.8381  data_time: 0.0118  memory: 17844  grad_norm: 4.5616  loss: 1.7276  loss_heatmap: 0.6109  layer_-1_loss_cls: 0.1509  layer_-1_loss_bbox: 0.4588  matched_ious: 0.3106  aux_depth_loss: 0.5070  sec_per_iter: 0.8530  iters_per_sec: 1.1700  samples_per_sec: 18.7600  samples_per_sec_per_gpu: 4.6900  max_mem_allocated_mb: 666.3000  max_mem_reserved_mb: 22014.0000
2026/05/05 21:10:50 - mmengine - INFO - Epoch(train)  [4][4150/5000]  lr: 4.9799e-04  eta: 9:34:14  time: 0.8424  data_time: 0.0145  memory: 17837  grad_norm: 3.8291  loss: 1.6395  loss_heatmap: 0.5741  layer_-1_loss_cls: 0.1419  layer_-1_loss_bbox: 0.4380  matched_ious: 0.2297  aux_depth_loss: 0.4855  sec_per_iter: 0.8528  iters_per_sec: 1.1700  samples_per_sec: 18.7600  samples_per_sec_per_gpu: 4.6900  max_mem_allocated_mb: 666.3000  max_mem_reserved_mb: 22014.0000
2026/05/05 21:11:32 - mmengine - INFO - Epoch(train)  [4][4200/5000]  lr: 4.9822e-04  eta: 9:33:30  time: 0.8294  data_time: 0.0137  memory: 17844  grad_norm: 5.0988  loss: 1.6090  loss_heatmap: 0.5295  layer_-1_loss_cls: 0.1387  layer_-1_loss_bbox: 0.4080  matched_ious: 0.2020  aux_depth_loss: 0.5328  sec_per_iter: 0.8527  iters_per_sec: 1.1700  samples_per_sec: 18.7600  samples_per_sec_per_gpu: 4.6900  max_mem_allocated_mb: 666.3000  max_mem_reserved_mb: 22014.0000
2026/05/05 21:12:16 - mmengine - INFO - Epoch(train)  [4][4250/5000]  lr: 4.9844e-04  eta: 9:32:53  time: 0.8921  data_time: 0.0149  memory: 17876  grad_norm: 3.8719  loss: 1.6549  loss_heatmap: 0.5692  layer_-1_loss_cls: 0.1364  layer_-1_loss_bbox: 0.4421  matched_ious: 0.2703  aux_depth_loss: 0.5072  sec_per_iter: 0.8525  iters_per_sec: 1.1700  samples_per_sec: 18.7700  samples_per_sec_per_gpu: 4.6900  max_mem_allocated_mb: 666.3000  max_mem_reserved_mb: 22014.0000
2026/05/05 21:13:00 - mmengine - INFO - Epoch(train)  [4][4300/5000]  lr: 4.9864e-04  eta: 9:32:14  time: 0.8702  data_time: 0.0115  memory: 17831  grad_norm: 4.0639  loss: 1.7111  loss_heatmap: 0.5721  layer_-1_loss_cls: 0.1375  layer_-1_loss_bbox: 0.4974  matched_ious: 0.2904  aux_depth_loss: 0.5041  sec_per_iter: 0.8529  iters_per_sec: 1.1700  samples_per_sec: 18.7600  samples_per_sec_per_gpu: 4.6900  max_mem_allocated_mb: 666.3000  max_mem_reserved_mb: 22014.0000
2026/05/05 21:13:42 - mmengine - INFO - Epoch(train)  [4][4350/5000]  lr: 4.9883e-04  eta: 9:31:32  time: 0.8473  data_time: 0.0122  memory: 17879  grad_norm: 4.0294  loss: 1.7341  loss_heatmap: 0.5965  layer_-1_loss_cls: 0.1447  layer_-1_loss_bbox: 0.4936  matched_ious: 0.2756  aux_depth_loss: 0.4993  sec_per_iter: 0.8531  iters_per_sec: 1.1700  samples_per_sec: 18.7500  samples_per_sec_per_gpu: 4.6900  max_mem_allocated_mb: 666.3000  max_mem_reserved_mb: 22014.0000
2026/05/05 21:14:24 - mmengine - INFO - Epoch(train)  [4][4400/5000]  lr: 4.9900e-04  eta: 9:30:49  time: 0.8336  data_time: 0.0173  memory: 17912  grad_norm: 4.4122  loss: 1.7060  loss_heatmap: 0.5718  layer_-1_loss_cls: 0.1409  layer_-1_loss_bbox: 0.4878  matched_ious: 0.3245  aux_depth_loss: 0.5056  sec_per_iter: 0.8531  iters_per_sec: 1.1700  samples_per_sec: 18.7500  samples_per_sec_per_gpu: 4.6900  max_mem_allocated_mb: 666.3000  max_mem_reserved_mb: 22014.0000
2026/05/05 21:15:06 - mmengine - INFO - Epoch(train)  [4][4450/5000]  lr: 4.9916e-04  eta: 9:30:07  time: 0.8495  data_time: 0.0172  memory: 17962  grad_norm: 4.5607  loss: 1.7532  loss_heatmap: 0.6079  layer_-1_loss_cls: 0.1537  layer_-1_loss_bbox: 0.4797  matched_ious: 0.3074  aux_depth_loss: 0.5120  sec_per_iter: 0.8528  iters_per_sec: 1.1700  samples_per_sec: 18.7600  samples_per_sec_per_gpu: 4.6900  max_mem_allocated_mb: 666.3000  max_mem_reserved_mb: 22014.0000
2026/05/05 21:15:47 - mmengine - INFO - Epoch(train)  [4][4500/5000]  lr: 4.9930e-04  eta: 9:29:22  time: 0.8145  data_time: 0.0171  memory: 17803  grad_norm: 4.0163  loss: 1.9111  loss_heatmap: 0.6722  layer_-1_loss_cls: 0.1579  layer_-1_loss_bbox: 0.5923  matched_ious: 0.1664  aux_depth_loss: 0.4887  sec_per_iter: 0.8528  iters_per_sec: 1.1700  samples_per_sec: 18.7600  samples_per_sec_per_gpu: 4.6900  max_mem_allocated_mb: 666.3000  max_mem_reserved_mb: 22014.0000
2026/05/05 21:16:30 - mmengine - INFO - Epoch(train)  [4][4550/5000]  lr: 4.9944e-04  eta: 9:28:42  time: 0.8622  data_time: 0.0181  memory: 18000  grad_norm: 3.9977  loss: 1.7599  loss_heatmap: 0.5852  layer_-1_loss_cls: 0.1498  layer_-1_loss_bbox: 0.5249  matched_ious: 0.2740  aux_depth_loss: 0.5000  sec_per_iter: 0.8524  iters_per_sec: 1.1700  samples_per_sec: 18.7700  samples_per_sec_per_gpu: 4.6900  max_mem_allocated_mb: 666.3000  max_mem_reserved_mb: 22014.0000
2026/05/05 21:17:11 - mmengine - INFO - Epoch(train)  [4][4600/5000]  lr: 4.9955e-04  eta: 9:27:57  time: 0.8221  data_time: 0.0121  memory: 17835  grad_norm: 5.2615  loss: 1.8149  loss_heatmap: 0.6110  layer_-1_loss_cls: 0.1469  layer_-1_loss_bbox: 0.5311  matched_ious: 0.2986  aux_depth_loss: 0.5258  sec_per_iter: 0.8525  iters_per_sec: 1.1700  samples_per_sec: 18.7700  samples_per_sec_per_gpu: 4.6900  max_mem_allocated_mb: 666.3000  max_mem_reserved_mb: 22014.0000
2026/05/05 21:17:54 - mmengine - INFO - Epoch(train)  [4][4650/5000]  lr: 4.9966e-04  eta: 9:27:16  time: 0.8554  data_time: 0.0123  memory: 17830  grad_norm: 4.3936  loss: 1.5509  loss_heatmap: 0.5365  layer_-1_loss_cls: 0.1384  layer_-1_loss_bbox: 0.3687  matched_ious: 0.2411  aux_depth_loss: 0.5073  sec_per_iter: 0.8522  iters_per_sec: 1.1700  samples_per_sec: 18.7800  samples_per_sec_per_gpu: 4.6900  max_mem_allocated_mb: 666.3000  max_mem_reserved_mb: 22014.0000
2026/05/05 21:18:39 - mmengine - INFO - Epoch(train)  [4][4700/5000]  lr: 4.9975e-04  eta: 9:26:39  time: 0.8941  data_time: 0.0137  memory: 17917  grad_norm: 4.0291  loss: 1.6554  loss_heatmap: 0.5754  layer_-1_loss_cls: 0.1440  layer_-1_loss_bbox: 0.4359  matched_ious: 0.2062  aux_depth_loss: 0.5000  sec_per_iter: 0.8522  iters_per_sec: 1.1700  samples_per_sec: 18.7800  samples_per_sec_per_gpu: 4.6900  max_mem_allocated_mb: 666.3000  max_mem_reserved_mb: 22014.0000
2026/05/05 21:19:22 - mmengine - INFO - Epoch(train)  [4][4750/5000]  lr: 4.9983e-04  eta: 9:25:59  time: 0.8604  data_time: 0.0126  memory: 17939  grad_norm: 3.9808  loss: 1.7416  loss_heatmap: 0.6031  layer_-1_loss_cls: 0.1479  layer_-1_loss_bbox: 0.5044  matched_ious: 0.2964  aux_depth_loss: 0.4862  sec_per_iter: 0.8526  iters_per_sec: 1.1700  samples_per_sec: 18.7700  samples_per_sec_per_gpu: 4.6900  max_mem_allocated_mb: 666.3000  max_mem_reserved_mb: 22014.0000
2026/05/05 21:20:05 - mmengine - INFO - Epoch(train)  [4][4800/5000]  lr: 4.9989e-04  eta: 9:25:18  time: 0.8616  data_time: 0.0157  memory: 17847  grad_norm: 4.0427  loss: 1.5888  loss_heatmap: 0.5462  layer_-1_loss_cls: 0.1393  layer_-1_loss_bbox: 0.3985  matched_ious: 0.2630  aux_depth_loss: 0.5047  sec_per_iter: 0.8527  iters_per_sec: 1.1700  samples_per_sec: 18.7600  samples_per_sec_per_gpu: 4.6900  max_mem_allocated_mb: 666.3000  max_mem_reserved_mb: 22014.0000
2026/05/05 21:20:47 - mmengine - INFO - Epoch(train)  [4][4850/5000]  lr: 4.9994e-04  eta: 9:24:35  time: 0.8341  data_time: 0.0161  memory: 18014  grad_norm: 3.2684  loss: 1.5759  loss_heatmap: 0.5261  layer_-1_loss_cls: 0.1345  layer_-1_loss_bbox: 0.4385  matched_ious: 0.2222  aux_depth_loss: 0.4768  sec_per_iter: 0.8528  iters_per_sec: 1.1700  samples_per_sec: 18.7600  samples_per_sec_per_gpu: 4.6900  max_mem_allocated_mb: 666.3000  max_mem_reserved_mb: 22014.0000
2026/05/05 21:21:29 - mmengine - INFO - Epoch(train)  [4][4900/5000]  lr: 4.9997e-04  eta: 9:23:54  time: 0.8498  data_time: 0.0134  memory: 17701  grad_norm: 4.5952  loss: 1.7290  loss_heatmap: 0.6273  layer_-1_loss_cls: 0.1539  layer_-1_loss_bbox: 0.4519  matched_ious: 0.3261  aux_depth_loss: 0.4960  sec_per_iter: 0.8526  iters_per_sec: 1.1700  samples_per_sec: 18.7700  samples_per_sec_per_gpu: 4.6900  max_mem_allocated_mb: 666.3000  max_mem_reserved_mb: 22014.0000
2026/05/05 21:22:12 - mmengine - INFO - Epoch(train)  [4][4950/5000]  lr: 4.9999e-04  eta: 9:23:12  time: 0.8513  data_time: 0.0111  memory: 17834  grad_norm: 3.4481  loss: 1.5518  loss_heatmap: 0.5110  layer_-1_loss_cls: 0.1314  layer_-1_loss_bbox: 0.4219  matched_ious: 0.0991  aux_depth_loss: 0.4875  sec_per_iter: 0.8526  iters_per_sec: 1.1700  samples_per_sec: 18.7700  samples_per_sec_per_gpu: 4.6900  max_mem_allocated_mb: 666.3000  max_mem_reserved_mb: 22014.0000
2026/05/05 21:22:53 - mmengine - INFO - Exp name: zod_bevfusion_dualinit_20260505_161926
2026/05/05 21:22:53 - mmengine - INFO - Epoch(train)  [4][5000/5000]  lr: 5.0000e-04  eta: 9:22:29  time: 0.8325  data_time: 0.0118  memory: 17781  grad_norm: 4.4637  loss: 1.7988  loss_heatmap: 0.6003  layer_-1_loss_cls: 0.1460  layer_-1_loss_bbox: 0.5285  matched_ious: 0.2345  aux_depth_loss: 0.5240  sec_per_iter: 0.8526  iters_per_sec: 1.1700  samples_per_sec: 18.7700  samples_per_sec_per_gpu: 4.6900  max_mem_allocated_mb: 666.3000  max_mem_reserved_mb: 22014.0000
2026/05/05 21:22:54 - mmengine - INFO - [Efficiency] Epoch 4: wall=4262.1s  iters=5000  sec/iter=0.852  mem_alloc=666MB  mem_rsv=22014MB
2026/05/05 21:22:54 - mmengine - INFO - Saving checkpoint at 4 epochs
2026/05/05 21:23:10 - mmengine - INFO - Epoch(val)  [4][  50/1250]    eta: 0:05:06  time: 0.2552  data_time: 0.0087  memory: 4781  
2026/05/05 21:23:22 - mmengine - INFO - Epoch(val)  [4][ 100/1250]    eta: 0:04:46  time: 0.2432  data_time: 0.0050  memory: 4786  
2026/05/05 21:23:35 - mmengine - INFO - Epoch(val)  [4][ 150/1250]    eta: 0:04:36  time: 0.2556  data_time: 0.0055  memory: 4789  
2026/05/05 21:23:48 - mmengine - INFO - Epoch(val)  [4][ 200/1250]    eta: 0:04:25  time: 0.2577  data_time: 0.0052  memory: 4787  
2026/05/05 21:24:00 - mmengine - INFO - Epoch(val)  [4][ 250/1250]    eta: 0:04:12  time: 0.2523  data_time: 0.0053  memory: 4776  
2026/05/05 21:24:12 - mmengine - INFO - Epoch(val)  [4][ 300/1250]    eta: 0:03:58  time: 0.2395  data_time: 0.0055  memory: 4784  
2026/05/05 21:24:25 - mmengine - INFO - Epoch(val)  [4][ 350/1250]    eta: 0:03:44  time: 0.2459  data_time: 0.0052  memory: 4787  
2026/05/05 21:24:37 - mmengine - INFO - Epoch(val)  [4][ 400/1250]    eta: 0:03:32  time: 0.2547  data_time: 0.0054  memory: 4777  
2026/05/05 21:24:50 - mmengine - INFO - Epoch(val)  [4][ 450/1250]    eta: 0:03:19  time: 0.2412  data_time: 0.0054  memory: 4780  
2026/05/05 21:25:02 - mmengine - INFO - Epoch(val)  [4][ 500/1250]    eta: 0:03:07  time: 0.2543  data_time: 0.0056  memory: 4780  
2026/05/05 21:25:14 - mmengine - INFO - Epoch(val)  [4][ 550/1250]    eta: 0:02:54  time: 0.2397  data_time: 0.0057  memory: 4780  
2026/05/05 21:25:27 - mmengine - INFO - Epoch(val)  [4][ 600/1250]    eta: 0:02:42  time: 0.2567  data_time: 0.0054  memory: 4784  
2026/05/05 21:25:40 - mmengine - INFO - Epoch(val)  [4][ 650/1250]    eta: 0:02:29  time: 0.2522  data_time: 0.0053  memory: 4784  
2026/05/05 21:25:52 - mmengine - INFO - Epoch(val)  [4][ 700/1250]    eta: 0:02:16  time: 0.2389  data_time: 0.0057  memory: 4781  
2026/05/05 21:26:04 - mmengine - INFO - Epoch(val)  [4][ 750/1250]    eta: 0:02:04  time: 0.2423  data_time: 0.0054  memory: 4783  
2026/05/05 21:26:16 - mmengine - INFO - Epoch(val)  [4][ 800/1250]    eta: 0:01:51  time: 0.2409  data_time: 0.0055  memory: 4778  
2026/05/05 21:26:29 - mmengine - INFO - Epoch(val)  [4][ 850/1250]    eta: 0:01:39  time: 0.2665  data_time: 0.0052  memory: 4783  
2026/05/05 21:26:42 - mmengine - INFO - Epoch(val)  [4][ 900/1250]    eta: 0:01:27  time: 0.2539  data_time: 0.0055  memory: 4787  
2026/05/05 21:26:54 - mmengine - INFO - Epoch(val)  [4][ 950/1250]    eta: 0:01:14  time: 0.2514  data_time: 0.0061  memory: 4783  
2026/05/05 21:27:06 - mmengine - INFO - Epoch(val)  [4][1000/1250]    eta: 0:01:02  time: 0.2369  data_time: 0.0060  memory: 4786  
2026/05/05 21:27:18 - mmengine - INFO - Epoch(val)  [4][1050/1250]    eta: 0:00:49  time: 0.2385  data_time: 0.0053  memory: 4786  
2026/05/05 21:27:30 - mmengine - INFO - Epoch(val)  [4][1100/1250]    eta: 0:00:37  time: 0.2424  data_time: 0.0050  memory: 4787  
2026/05/05 21:27:43 - mmengine - INFO - Epoch(val)  [4][1150/1250]    eta: 0:00:24  time: 0.2447  data_time: 0.0062  memory: 4781  
2026/05/05 21:27:54 - mmengine - INFO - Epoch(val)  [4][1200/1250]    eta: 0:00:12  time: 0.2372  data_time: 0.0052  memory: 4779  
2026/05/05 21:28:06 - mmengine - INFO - Epoch(val)  [4][1250/1250]    eta: 0:00:00  time: 0.2333  data_time: 0.0050  memory: 4783  
2026/05/05 21:29:22 - mmengine - INFO - 
+------------+---------+---------+---------+---------+
| classes    | AP_0.25 | AR_0.25 | AP_0.50 | AR_0.50 |
+------------+---------+---------+---------+---------+
| pedestrian | 0.7830  | 0.9249  | 0.4517  | 0.6164  |
+------------+---------+---------+---------+---------+
| Overall    | 0.7830  | 0.9249  | 0.4517  | 0.6164  |
+------------+---------+---------+---------+---------+
2026/05/05 21:29:53 - mmengine - INFO - 
+------------+---------+---------+---------+---------+---------+---------+---------+---------+
| classes    | AP_0.5m | AR_0.5m | AP_1.0m | AR_1.0m | AP_2.0m | AR_2.0m | AP_4.0m | AR_4.0m |
+------------+---------+---------+---------+---------+---------+---------+---------+---------+
| pedestrian | 0.8128  | 0.9609  | 0.8230  | 0.9698  | 0.8272  | 0.9740  | 0.8330  | 0.9804  |
+------------+---------+---------+---------+---------+---------+---------+---------+---------+
| Overall    | 0.8128  | 0.9609  | 0.8230  | 0.9698  | 0.8272  | 0.9740  | 0.8330  | 0.9804  |
+------------+---------+---------+---------+---------+---------+---------+---------+---------+
2026/05/05 21:29:54 - mmengine - INFO - Epoch(val) [4][1250/1250]    pedestrian_AP_0.25: 0.7830  mAP_0.25: 0.7830  pedestrian_rec_0.25: 0.9249  mAR_0.25: 0.9249  pedestrian_AP_0.50: 0.4517  mAP_0.50: 0.4517  pedestrian_rec_0.50: 0.6164  mAR_0.50: 0.6164  pedestrian_AP_0.5m: 0.8128  pedestrian_rec_0.5m: 0.9609  pedestrian_AP_1.0m: 0.8230  pedestrian_rec_1.0m: 0.9698  pedestrian_AP_2.0m: 0.8272  pedestrian_rec_2.0m: 0.9740  pedestrian_AP_4.0m: 0.8330  pedestrian_rec_4.0m: 0.9804  mAP_0.5m: 0.8128  mAR_0.5m: 0.9609  mAP_1.0m: 0.8230  mAR_1.0m: 0.9698  mAP_2.0m: 0.8272  mAR_2.0m: 0.9740  mAP_4.0m: 0.8330  mAR_4.0m: 0.9804  data_time: 0.0056  time: 0.2470
2026/05/05 21:30:39 - mmengine - INFO - Epoch(train)  [5][  50/5000]  lr: 5.0000e-04  eta: 9:21:52  time: 0.8928  data_time: 0.0277  memory: 17790  grad_norm: 4.1911  loss: 1.5923  loss_heatmap: 0.5342  layer_-1_loss_cls: 0.1413  layer_-1_loss_bbox: 0.4286  matched_ious: 0.2860  aux_depth_loss: 0.4882  sec_per_iter: 0.8524  iters_per_sec: 1.1700  samples_per_sec: 18.7700  samples_per_sec_per_gpu: 4.6900  max_mem_allocated_mb: 666.3000  max_mem_reserved_mb: 22014.0000
2026/05/05 21:31:21 - mmengine - INFO - Epoch(train)  [5][ 100/5000]  lr: 4.9999e-04  eta: 9:21:09  time: 0.8422  data_time: 0.0127  memory: 17776  grad_norm: inf  loss: 1.5998  loss_heatmap: 0.5459  layer_-1_loss_cls: 0.1331  layer_-1_loss_bbox: 0.4172  matched_ious: 0.3099  aux_depth_loss: 0.5036  sec_per_iter: 0.8940  iters_per_sec: 1.1200  samples_per_sec: 17.9000  samples_per_sec_per_gpu: 4.4700  max_mem_allocated_mb: 666.3000  max_mem_reserved_mb: 22014.0000
2026/05/05 21:32:04 - mmengine - INFO - Epoch(train)  [5][ 150/5000]  lr: 4.9998e-04  eta: 9:20:27  time: 0.8473  data_time: 0.0144  memory: 17821  grad_norm: 4.6218  loss: 1.5756  loss_heatmap: 0.4965  layer_-1_loss_cls: 0.1245  layer_-1_loss_bbox: 0.4323  matched_ious: 0.3291  aux_depth_loss: 0.5224  sec_per_iter: 0.8687  iters_per_sec: 1.1500  samples_per_sec: 18.4200  samples_per_sec_per_gpu: 4.6000  max_mem_allocated_mb: 666.3000  max_mem_reserved_mb: 22014.0000
2026/05/05 21:32:48 - mmengine - INFO - Epoch(train)  [5][ 200/5000]  lr: 4.9997e-04  eta: 9:19:49  time: 0.8853  data_time: 0.0134  memory: 17812  grad_norm: 4.1560  loss: 1.6203  loss_heatmap: 0.5493  layer_-1_loss_cls: 0.1461  layer_-1_loss_bbox: 0.4152  matched_ious: 0.2018  aux_depth_loss: 0.5096  sec_per_iter: 0.8613  iters_per_sec: 1.1600  samples_per_sec: 18.5800  samples_per_sec_per_gpu: 4.6400  max_mem_allocated_mb: 666.3000  max_mem_reserved_mb: 22014.0000
2026/05/05 21:33:34 - mmengine - INFO - Epoch(train)  [5][ 250/5000]  lr: 4.9995e-04  eta: 9:19:16  time: 0.9298  data_time: 0.0175  memory: 17984  grad_norm: 4.3164  loss: 1.6686  loss_heatmap: 0.5979  layer_-1_loss_cls: 0.1491  layer_-1_loss_bbox: 0.4258  matched_ious: 0.3893  aux_depth_loss: 0.4958  sec_per_iter: 0.8672  iters_per_sec: 1.1500  samples_per_sec: 18.4500  samples_per_sec_per_gpu: 4.6100  max_mem_allocated_mb: 666.3000  max_mem_reserved_mb: 22014.0000
2026/05/05 21:34:18 - mmengine - INFO - Epoch(train)  [5][ 300/5000]  lr: 4.9993e-04  eta: 9:18:37  time: 0.8815  data_time: 0.0166  memory: 17721  grad_norm: 4.4786  loss: 1.5719  loss_heatmap: 0.4954  layer_-1_loss_cls: 0.1238  layer_-1_loss_bbox: 0.4222  matched_ious: 0.3066  aux_depth_loss: 0.5305  sec_per_iter: 0.8796  iters_per_sec: 1.1400  samples_per_sec: 18.1900  samples_per_sec_per_gpu: 4.5500  max_mem_allocated_mb: 666.3000  max_mem_reserved_mb: 22014.0000
2026/05/05 21:35:01 - mmengine - INFO - Epoch(train)  [5][ 350/5000]  lr: 4.9991e-04  eta: 9:17:55  time: 0.8514  data_time: 0.0144  memory: 17851  grad_norm: 4.3531  loss: 1.5189  loss_heatmap: 0.4841  layer_-1_loss_cls: 0.1207  layer_-1_loss_bbox: 0.3826  matched_ious: 0.2309  aux_depth_loss: 0.5315  sec_per_iter: 0.8800  iters_per_sec: 1.1400  samples_per_sec: 18.1800  samples_per_sec_per_gpu: 4.5500  max_mem_allocated_mb: 666.3000  max_mem_reserved_mb: 22014.0000
2026/05/05 21:35:45 - mmengine - INFO - Epoch(train)  [5][ 400/5000]  lr: 4.9988e-04  eta: 9:17:17  time: 0.8796  data_time: 0.0143  memory: 17822  grad_norm: 3.5301  loss: 1.5911  loss_heatmap: 0.5322  layer_-1_loss_cls: 0.1277  layer_-1_loss_bbox: 0.4289  matched_ious: 0.2135  aux_depth_loss: 0.5022  sec_per_iter: 0.8759  iters_per_sec: 1.1400  samples_per_sec: 18.2700  samples_per_sec_per_gpu: 4.5700  max_mem_allocated_mb: 666.3000  max_mem_reserved_mb: 22014.0000
2026/05/05 21:36:29 - mmengine - INFO - Epoch(train)  [5][ 450/5000]  lr: 4.9984e-04  eta: 9:16:37  time: 0.8758  data_time: 0.0157  memory: 17917  grad_norm: 3.9731  loss: 1.5005  loss_heatmap: 0.4868  layer_-1_loss_cls: 0.1227  layer_-1_loss_bbox: 0.4002  matched_ious: 0.3149  aux_depth_loss: 0.4908  sec_per_iter: 0.8765  iters_per_sec: 1.1400  samples_per_sec: 18.2500  samples_per_sec_per_gpu: 4.5600  max_mem_allocated_mb: 666.3000  max_mem_reserved_mb: 22014.0000
2026/05/05 21:37:10 - mmengine - INFO - Epoch(train)  [5][ 500/5000]  lr: 4.9981e-04  eta: 9:15:54  time: 0.8288  data_time: 0.0142  memory: 17822  grad_norm: 3.7825  loss: 1.5724  loss_heatmap: 0.5444  layer_-1_loss_cls: 0.1409  layer_-1_loss_bbox: 0.3962  matched_ious: 0.2354  aux_depth_loss: 0.4910  sec_per_iter: 0.8764  iters_per_sec: 1.1400  samples_per_sec: 18.2600  samples_per_sec_per_gpu: 4.5600  max_mem_allocated_mb: 666.3000  max_mem_reserved_mb: 22014.0000
2026/05/05 21:37:52 - mmengine - INFO - Epoch(train)  [5][ 550/5000]  lr: 4.9977e-04  eta: 9:15:10  time: 0.8283  data_time: 0.0133  memory: 17860  grad_norm: 4.3013  loss: 1.6256  loss_heatmap: 0.5527  layer_-1_loss_cls: 0.1358  layer_-1_loss_bbox: 0.4386  matched_ious: 0.2343  aux_depth_loss: 0.4986  sec_per_iter: 0.8716  iters_per_sec: 1.1500  samples_per_sec: 18.3600  samples_per_sec_per_gpu: 4.5900  max_mem_allocated_mb: 666.3000  max_mem_reserved_mb: 22014.0000
2026/05/05 21:38:37 - mmengine - INFO - Epoch(train)  [5][ 600/5000]  lr: 4.9972e-04  eta: 9:14:33  time: 0.8980  data_time: 0.0127  memory: 18028  grad_norm: 4.6346  loss: 1.6013  loss_heatmap: 0.4999  layer_-1_loss_cls: 0.1212  layer_-1_loss_bbox: 0.4607  matched_ious: 0.2386  aux_depth_loss: 0.5194  sec_per_iter: 0.8676  iters_per_sec: 1.1500  samples_per_sec: 18.4400  samples_per_sec_per_gpu: 4.6100  max_mem_allocated_mb: 666.3000  max_mem_reserved_mb: 22014.0000
2026/05/05 21:39:22 - mmengine - INFO - Epoch(train)  [5][ 650/5000]  lr: 4.9968e-04  eta: 9:13:56  time: 0.9043  data_time: 0.0166  memory: 17921  grad_norm: 4.3097  loss: 1.6661  loss_heatmap: 0.5482  layer_-1_loss_cls: 0.1402  layer_-1_loss_bbox: 0.4543  matched_ious: 0.3030  aux_depth_loss: 0.5234  sec_per_iter: 0.8702  iters_per_sec: 1.1500  samples_per_sec: 18.3900  samples_per_sec_per_gpu: 4.6000  max_mem_allocated_mb: 666.3000  max_mem_reserved_mb: 22014.0000
2026/05/05 21:40:06 - mmengine - INFO - Epoch(train)  [5][ 700/5000]  lr: 4.9962e-04  eta: 9:13:18  time: 0.8834  data_time: 0.0162  memory: 17922  grad_norm: 4.1512  loss: 1.5255  loss_heatmap: 0.5059  layer_-1_loss_cls: 0.1331  layer_-1_loss_bbox: 0.3898  matched_ious: 0.1930  aux_depth_loss: 0.4967  sec_per_iter: 0.8728  iters_per_sec: 1.1500  samples_per_sec: 18.3300  samples_per_sec_per_gpu: 4.5800  max_mem_allocated_mb: 666.3000  max_mem_reserved_mb: 22014.0000
2026/05/05 21:40:48 - mmengine - INFO - Epoch(train)  [5][ 750/5000]  lr: 4.9957e-04  eta: 9:12:36  time: 0.8449  data_time: 0.0173  memory: 17884  grad_norm: 4.6309  loss: 1.7867  loss_heatmap: 0.6092  layer_-1_loss_cls: 0.1474  layer_-1_loss_bbox: 0.5176  matched_ious: 0.2832  aux_depth_loss: 0.5125  sec_per_iter: 0.8735  iters_per_sec: 1.1400  samples_per_sec: 18.3200  samples_per_sec_per_gpu: 4.5800  max_mem_allocated_mb: 666.3000  max_mem_reserved_mb: 22014.0000
2026/05/05 21:41:31 - mmengine - INFO - Epoch(train)  [5][ 800/5000]  lr: 4.9951e-04  eta: 9:11:55  time: 0.8615  data_time: 0.0134  memory: 17860  grad_norm: 4.0878  loss: 1.7438  loss_heatmap: 0.5692  layer_-1_loss_cls: 0.1414  layer_-1_loss_bbox: 0.5266  matched_ious: 0.3167  aux_depth_loss: 0.5067  sec_per_iter: 0.8717  iters_per_sec: 1.1500  samples_per_sec: 18.3600  samples_per_sec_per_gpu: 4.5900  max_mem_allocated_mb: 666.3000  max_mem_reserved_mb: 22014.0000
2026/05/05 21:42:15 - mmengine - INFO - Epoch(train)  [5][ 850/5000]  lr: 4.9944e-04  eta: 9:11:15  time: 0.8739  data_time: 0.0141  memory: 17814  grad_norm: 4.3001  loss: 1.6869  loss_heatmap: 0.5701  layer_-1_loss_cls: 0.1395  layer_-1_loss_bbox: 0.4726  matched_ious: 0.1670  aux_depth_loss: 0.5048  sec_per_iter: 0.8710  iters_per_sec: 1.1500  samples_per_sec: 18.3700  samples_per_sec_per_gpu: 4.5900  max_mem_allocated_mb: 666.3000  max_mem_reserved_mb: 22014.0000
2026/05/05 21:42:56 - mmengine - INFO - Epoch(train)  [5][ 900/5000]  lr: 4.9938e-04  eta: 9:10:32  time: 0.8272  data_time: 0.0116  memory: 17863  grad_norm: 4.1156  loss: 1.6960  loss_heatmap: 0.5606  layer_-1_loss_cls: 0.1392  layer_-1_loss_bbox: 0.4889  matched_ious: 0.1589  aux_depth_loss: 0.5073  sec_per_iter: 0.8712  iters_per_sec: 1.1500  samples_per_sec: 18.3700  samples_per_sec_per_gpu: 4.5900  max_mem_allocated_mb: 666.3000  max_mem_reserved_mb: 22014.0000
2026/05/05 21:43:41 - mmengine - INFO - Epoch(train)  [5][ 950/5000]  lr: 4.9931e-04  eta: 9:09:53  time: 0.8893  data_time: 0.0183  memory: 17801  grad_norm: 3.5850  loss: 1.5733  loss_heatmap: 0.5385  layer_-1_loss_cls: 0.1381  layer_-1_loss_bbox: 0.4097  matched_ious: 0.2875  aux_depth_loss: 0.4870  sec_per_iter: 0.8688  iters_per_sec: 1.1500  samples_per_sec: 18.4200  samples_per_sec_per_gpu: 4.6000  max_mem_allocated_mb: 666.3000  max_mem_reserved_mb: 22014.0000
2026/05/05 21:44:22 - mmengine - INFO - Exp name: zod_bevfusion_dualinit_20260505_161926
2026/05/05 21:44:22 - mmengine - INFO - Epoch(train)  [5][1000/5000]  lr: 4.9923e-04  eta: 9:09:10  time: 0.8277  data_time: 0.0137  memory: 17923  grad_norm: 4.2584  loss: 1.5828  loss_heatmap: 0.5165  layer_-1_loss_cls: 0.1408  layer_-1_loss_bbox: 0.4120  matched_ious: 0.3401  aux_depth_loss: 0.5135  sec_per_iter: 0.8698  iters_per_sec: 1.1500  samples_per_sec: 18.3900  samples_per_sec_per_gpu: 4.6000  max_mem_allocated_mb: 666.3000  max_mem_reserved_mb: 22014.0000
2026/05/05 21:45:03 - mmengine - INFO - Epoch(train)  [5][1050/5000]  lr: 4.9915e-04  eta: 9:08:24  time: 0.8113  data_time: 0.0141  memory: 17852  grad_norm: 3.8157  loss: 1.6775  loss_heatmap: 0.5667  layer_-1_loss_cls: 0.1445  layer_-1_loss_bbox: 0.4778  matched_ious: 0.2747  aux_depth_loss: 0.4885  sec_per_iter: 0.8677  iters_per_sec: 1.1500  samples_per_sec: 18.4400  samples_per_sec_per_gpu: 4.6100  max_mem_allocated_mb: 666.3000  max_mem_reserved_mb: 22014.0000
2026/05/05 21:45:47 - mmengine - INFO - Epoch(train)  [5][1100/5000]  lr: 4.9907e-04  eta: 9:07:45  time: 0.8763  data_time: 0.0141  memory: 17888  grad_norm: 4.1951  loss: 1.5638  loss_heatmap: 0.5306  layer_-1_loss_cls: 0.1434  layer_-1_loss_bbox: 0.4017  matched_ious: 0.3168  aux_depth_loss: 0.4881  sec_per_iter: 0.8650  iters_per_sec: 1.1600  samples_per_sec: 18.5000  samples_per_sec_per_gpu: 4.6200  max_mem_allocated_mb: 666.3000  max_mem_reserved_mb: 22014.0000
2026/05/05 21:46:29 - mmengine - INFO - Epoch(train)  [5][1150/5000]  lr: 4.9898e-04  eta: 9:07:03  time: 0.8499  data_time: 0.0144  memory: 17898  grad_norm: 4.2756  loss: 1.4993  loss_heatmap: 0.4938  layer_-1_loss_cls: 0.1310  layer_-1_loss_bbox: 0.3750  matched_ious: 0.3216  aux_depth_loss: 0.4994  sec_per_iter: 0.8655  iters_per_sec: 1.1600  samples_per_sec: 18.4900  samples_per_sec_per_gpu: 4.6200  max_mem_allocated_mb: 666.3000  max_mem_reserved_mb: 22014.0000
2026/05/05 21:47:11 - mmengine - INFO - Epoch(train)  [5][1200/5000]  lr: 4.9889e-04  eta: 9:06:21  time: 0.8450  data_time: 0.0124  memory: 17770  grad_norm: 3.9915  loss: 1.6558  loss_heatmap: 0.5357  layer_-1_loss_cls: 0.1291  layer_-1_loss_bbox: 0.5042  matched_ious: 0.2715  aux_depth_loss: 0.4869  sec_per_iter: 0.8649  iters_per_sec: 1.1600  samples_per_sec: 18.5000  samples_per_sec_per_gpu: 4.6300  max_mem_allocated_mb: 666.3000  max_mem_reserved_mb: 22014.0000
2026/05/05 21:47:56 - mmengine - INFO - Epoch(train)  [5][1250/5000]  lr: 4.9880e-04  eta: 9:05:43  time: 0.8880  data_time: 0.0138  memory: 17802  grad_norm: 3.9265  loss: 1.5946  loss_heatmap: 0.5237  layer_-1_loss_cls: 0.1335  layer_-1_loss_bbox: 0.4469  matched_ious: 0.3115  aux_depth_loss: 0.4904  sec_per_iter: 0.8640  iters_per_sec: 1.1600  samples_per_sec: 18.5200  samples_per_sec_per_gpu: 4.6300  max_mem_allocated_mb: 666.3000  max_mem_reserved_mb: 22014.0000
2026/05/05 21:48:37 - mmengine - INFO - Epoch(train)  [5][1300/5000]  lr: 4.9870e-04  eta: 9:04:58  time: 0.8218  data_time: 0.0144  memory: 18004  grad_norm: 3.3678  loss: 1.7485  loss_heatmap: 0.6113  layer_-1_loss_cls: 0.1439  layer_-1_loss_bbox: 0.4990  matched_ious: 0.3289  aux_depth_loss: 0.4942  sec_per_iter: 0.8650  iters_per_sec: 1.1600  samples_per_sec: 18.5000  samples_per_sec_per_gpu: 4.6200  max_mem_allocated_mb: 666.3000  max_mem_reserved_mb: 22014.0000
2026/05/05 21:49:18 - mmengine - INFO - Epoch(train)  [5][1350/5000]  lr: 4.9860e-04  eta: 9:04:13  time: 0.8176  data_time: 0.0128  memory: 18053  grad_norm: 4.9172  loss: 1.6700  loss_heatmap: 0.5984  layer_-1_loss_cls: 0.1520  layer_-1_loss_bbox: 0.4334  matched_ious: 0.1889  aux_depth_loss: 0.4863  sec_per_iter: 0.8634  iters_per_sec: 1.1600  samples_per_sec: 18.5300  samples_per_sec_per_gpu: 4.6300  max_mem_allocated_mb: 666.3000  max_mem_reserved_mb: 22014.0000
2026/05/05 21:50:01 - mmengine - INFO - Epoch(train)  [5][1400/5000]  lr: 4.9849e-04  eta: 9:03:34  time: 0.8717  data_time: 0.0162  memory: 17883  grad_norm: 4.3392  loss: 1.6581  loss_heatmap: 0.5415  layer_-1_loss_cls: 0.1380  layer_-1_loss_bbox: 0.4559  matched_ious: 0.2412  aux_depth_loss: 0.5227  sec_per_iter: 0.8617  iters_per_sec: 1.1600  samples_per_sec: 18.5700  samples_per_sec_per_gpu: 4.6400  max_mem_allocated_mb: 666.3000  max_mem_reserved_mb: 22014.0000
2026/05/05 21:50:43 - mmengine - INFO - Epoch(train)  [5][1450/5000]  lr: 4.9838e-04  eta: 9:02:50  time: 0.8273  data_time: 0.0120  memory: 17749  grad_norm: 4.7854  loss: 1.8657  loss_heatmap: 0.6189  layer_-1_loss_cls: 0.1581  layer_-1_loss_bbox: 0.5738  matched_ious: 0.1656  aux_depth_loss: 0.5149  sec_per_iter: 0.8620  iters_per_sec: 1.1600  samples_per_sec: 18.5600  samples_per_sec_per_gpu: 4.6400  max_mem_allocated_mb: 666.3000  max_mem_reserved_mb: 22014.0000
2026/05/05 21:51:26 - mmengine - INFO - Epoch(train)  [5][1500/5000]  lr: 4.9827e-04  eta: 9:02:10  time: 0.8682  data_time: 0.0118  memory: 17662  grad_norm: 4.4696  loss: 1.7383  loss_heatmap: 0.5720  layer_-1_loss_cls: 0.1490  layer_-1_loss_bbox: 0.4895  matched_ious: 0.3004  aux_depth_loss: 0.5278  sec_per_iter: 0.8608  iters_per_sec: 1.1600  samples_per_sec: 18.5900  samples_per_sec_per_gpu: 4.6500  max_mem_allocated_mb: 666.3000  max_mem_reserved_mb: 22014.0000
2026/05/05 21:52:07 - mmengine - INFO - Epoch(train)  [5][1550/5000]  lr: 4.9815e-04  eta: 9:01:26  time: 0.8294  data_time: 0.0118  memory: 17761  grad_norm: 3.8627  loss: 1.7496  loss_heatmap: 0.6046  layer_-1_loss_cls: 0.1467  layer_-1_loss_bbox: 0.5099  matched_ious: 0.3441  aux_depth_loss: 0.4884  sec_per_iter: 0.8611  iters_per_sec: 1.1600  samples_per_sec: 18.5800  samples_per_sec_per_gpu: 4.6500  max_mem_allocated_mb: 666.3000  max_mem_reserved_mb: 22014.0000
2026/05/05 21:52:48 - mmengine - INFO - Epoch(train)  [5][1600/5000]  lr: 4.9803e-04  eta: 9:00:41  time: 0.8124  data_time: 0.0121  memory: 17757  grad_norm: 4.0017  loss: 1.6065  loss_heatmap: 0.5577  layer_-1_loss_cls: 0.1405  layer_-1_loss_bbox: 0.4057  matched_ious: 0.1249  aux_depth_loss: 0.5026  sec_per_iter: 0.8600  iters_per_sec: 1.1600  samples_per_sec: 18.6000  samples_per_sec_per_gpu: 4.6500  max_mem_allocated_mb: 666.3000  max_mem_reserved_mb: 22014.0000
2026/05/05 21:53:29 - mmengine - INFO - Epoch(train)  [5][1650/5000]  lr: 4.9791e-04  eta: 8:59:56  time: 0.8091  data_time: 0.0134  memory: 17739  grad_norm: 3.7735  loss: 1.6080  loss_heatmap: 0.5420  layer_-1_loss_cls: 0.1356  layer_-1_loss_bbox: 0.4429  matched_ious: 0.2433  aux_depth_loss: 0.4875  sec_per_iter: 0.8586  iters_per_sec: 1.1600  samples_per_sec: 18.6400  samples_per_sec_per_gpu: 4.6600  max_mem_allocated_mb: 666.3000  max_mem_reserved_mb: 22014.0000
2026/05/05 21:54:10 - mmengine - INFO - Epoch(train)  [5][1700/5000]  lr: 4.9778e-04  eta: 8:59:12  time: 0.8321  data_time: 0.0128  memory: 17877  grad_norm: 3.9449  loss: 1.6468  loss_heatmap: 0.5809  layer_-1_loss_cls: 0.1474  layer_-1_loss_bbox: 0.4298  matched_ious: 0.2820  aux_depth_loss: 0.4887  sec_per_iter: 0.8571  iters_per_sec: 1.1700  samples_per_sec: 18.6700  samples_per_sec_per_gpu: 4.6700  max_mem_allocated_mb: 666.3000  max_mem_reserved_mb: 22014.0000
2026/05/05 21:54:54 - mmengine - INFO - Epoch(train)  [5][1750/5000]  lr: 4.9765e-04  eta: 8:58:32  time: 0.8662  data_time: 0.0155  memory: 17928  grad_norm: 3.9870  loss: 1.6648  loss_heatmap: 0.5706  layer_-1_loss_cls: 0.1481  layer_-1_loss_bbox: 0.4597  matched_ious: 0.2703  aux_depth_loss: 0.4863  sec_per_iter: 0.8563  iters_per_sec: 1.1700  samples_per_sec: 18.6800  samples_per_sec_per_gpu: 4.6700  max_mem_allocated_mb: 666.3000  max_mem_reserved_mb: 22014.0000
2026/05/05 21:55:36 - mmengine - INFO - Epoch(train)  [5][1800/5000]  lr: 4.9751e-04  eta: 8:57:50  time: 0.8473  data_time: 0.0133  memory: 17853  grad_norm: 4.1543  loss: 1.6588  loss_heatmap: 0.5507  layer_-1_loss_cls: 0.1318  layer_-1_loss_bbox: 0.4643  matched_ious: 0.2752  aux_depth_loss: 0.5120  sec_per_iter: 0.8566  iters_per_sec: 1.1700  samples_per_sec: 18.6800  samples_per_sec_per_gpu: 4.6700  max_mem_allocated_mb: 666.3000  max_mem_reserved_mb: 22014.0000
2026/05/05 21:56:20 - mmengine - INFO - Epoch(train)  [5][1850/5000]  lr: 4.9737e-04  eta: 8:57:12  time: 0.8917  data_time: 0.0139  memory: 18053  grad_norm: 4.0867  loss: 1.6445  loss_heatmap: 0.5579  layer_-1_loss_cls: 0.1444  layer_-1_loss_bbox: 0.4500  matched_ious: 0.3818  aux_depth_loss: 0.4922  sec_per_iter: 0.8564  iters_per_sec: 1.1700  samples_per_sec: 18.6800  samples_per_sec_per_gpu: 4.6700  max_mem_allocated_mb: 666.3000  max_mem_reserved_mb: 22014.0000
2026/05/05 21:57:01 - mmengine - INFO - Epoch(train)  [5][1900/5000]  lr: 4.9722e-04  eta: 8:56:27  time: 0.8123  data_time: 0.0127  memory: 17752  grad_norm: 5.0220  loss: 1.5985  loss_heatmap: 0.5100  layer_-1_loss_cls: 0.1379  layer_-1_loss_bbox: 0.4304  matched_ious: 0.2506  aux_depth_loss: 0.5202  sec_per_iter: 0.8573  iters_per_sec: 1.1700  samples_per_sec: 18.6600  samples_per_sec_per_gpu: 4.6700  max_mem_allocated_mb: 666.3000  max_mem_reserved_mb: 22014.0000
2026/05/05 21:57:43 - mmengine - INFO - Epoch(train)  [5][1950/5000]  lr: 4.9708e-04  eta: 8:55:44  time: 0.8407  data_time: 0.0118  memory: 17795  grad_norm: 4.2303  loss: 1.6190  loss_heatmap: 0.5620  layer_-1_loss_cls: 0.1555  layer_-1_loss_bbox: 0.4022  matched_ious: 0.2593  aux_depth_loss: 0.4994  sec_per_iter: 0.8561  iters_per_sec: 1.1700  samples_per_sec: 18.6900  samples_per_sec_per_gpu: 4.6700  max_mem_allocated_mb: 666.3000  max_mem_reserved_mb: 22014.0000
2026/05/05 21:58:25 - mmengine - INFO - Exp name: zod_bevfusion_dualinit_20260505_161926
2026/05/05 21:58:25 - mmengine - INFO - Epoch(train)  [5][2000/5000]  lr: 4.9693e-04  eta: 8:55:01  time: 0.8335  data_time: 0.0149  memory: 17856  grad_norm: 4.1355  loss: 1.6047  loss_heatmap: 0.5552  layer_-1_loss_cls: 0.1451  layer_-1_loss_bbox: 0.4118  matched_ious: 0.4597  aux_depth_loss: 0.4925  sec_per_iter: 0.8557  iters_per_sec: 1.1700  samples_per_sec: 18.7000  samples_per_sec_per_gpu: 4.6700  max_mem_allocated_mb: 666.3000  max_mem_reserved_mb: 22014.0000
2026/05/05 21:59:07 - mmengine - INFO - Epoch(train)  [5][2050/5000]  lr: 4.9677e-04  eta: 8:54:18  time: 0.8439  data_time: 0.0123  memory: 17756  grad_norm: 3.8806  loss: 1.5955  loss_heatmap: 0.5478  layer_-1_loss_cls: 0.1316  layer_-1_loss_bbox: 0.4260  matched_ious: 0.2269  aux_depth_loss: 0.4901  sec_per_iter: 0.8552  iters_per_sec: 1.1700  samples_per_sec: 18.7100  samples_per_sec_per_gpu: 4.6800  max_mem_allocated_mb: 666.3000  max_mem_reserved_mb: 22014.0000
2026/05/05 21:59:50 - mmengine - INFO - Epoch(train)  [5][2100/5000]  lr: 4.9661e-04  eta: 8:53:38  time: 0.8620  data_time: 0.0142  memory: 17785  grad_norm: 4.5856  loss: 1.6567  loss_heatmap: 0.5471  layer_-1_loss_cls: 0.1391  layer_-1_loss_bbox: 0.4621  matched_ious: 0.2880  aux_depth_loss: 0.5084  sec_per_iter: 0.8549  iters_per_sec: 1.1700  samples_per_sec: 18.7200  samples_per_sec_per_gpu: 4.6800  max_mem_allocated_mb: 666.3000  max_mem_reserved_mb: 22014.0000
2026/05/05 22:00:31 - mmengine - INFO - Epoch(train)  [5][2150/5000]  lr: 4.9645e-04  eta: 8:52:53  time: 0.8115  data_time: 0.0124  memory: 17900  grad_norm: 3.9164  loss: 1.5395  loss_heatmap: 0.5149  layer_-1_loss_cls: 0.1371  layer_-1_loss_bbox: 0.3909  matched_ious: 0.2574  aux_depth_loss: 0.4967  sec_per_iter: 0.8551  iters_per_sec: 1.1700  samples_per_sec: 18.7100  samples_per_sec_per_gpu: 4.6800  max_mem_allocated_mb: 666.3000  max_mem_reserved_mb: 22014.0000
2026/05/05 22:01:11 - mmengine - INFO - Epoch(train)  [5][2200/5000]  lr: 4.9628e-04  eta: 8:52:08  time: 0.8130  data_time: 0.0133  memory: 18029  grad_norm: 4.1561  loss: 1.6525  loss_heatmap: 0.5492  layer_-1_loss_cls: 0.1417  layer_-1_loss_bbox: 0.4739  matched_ious: 0.2873  aux_depth_loss: 0.4877  sec_per_iter: 0.8541  iters_per_sec: 1.1700  samples_per_sec: 18.7300  samples_per_sec_per_gpu: 4.6800  max_mem_allocated_mb: 666.3000  max_mem_reserved_mb: 22014.0000
2026/05/05 22:01:56 - mmengine - INFO - Epoch(train)  [5][2250/5000]  lr: 4.9611e-04  eta: 8:51:30  time: 0.8964  data_time: 0.0138  memory: 17841  grad_norm: 4.7729  loss: 1.6155  loss_heatmap: 0.5314  layer_-1_loss_cls: 0.1339  layer_-1_loss_bbox: 0.4327  matched_ious: 0.1990  aux_depth_loss: 0.5175  sec_per_iter: 0.8531  iters_per_sec: 1.1700  samples_per_sec: 18.7500  samples_per_sec_per_gpu: 4.6900  max_mem_allocated_mb: 666.3000  max_mem_reserved_mb: 22014.0000
2026/05/05 22:02:37 - mmengine - INFO - Epoch(train)  [5][2300/5000]  lr: 4.9594e-04  eta: 8:50:45  time: 0.8144  data_time: 0.0158  memory: 17741  grad_norm: 3.8750  loss: 1.6169  loss_heatmap: 0.5501  layer_-1_loss_cls: 0.1430  layer_-1_loss_bbox: 0.4326  matched_ious: 0.3782  aux_depth_loss: 0.4912  sec_per_iter: 0.8542  iters_per_sec: 1.1700  samples_per_sec: 18.7300  samples_per_sec_per_gpu: 4.6800  max_mem_allocated_mb: 666.3000  max_mem_reserved_mb: 22014.0000
2026/05/05 22:03:19 - mmengine - INFO - Epoch(train)  [5][2350/5000]  lr: 4.9576e-04  eta: 8:50:02  time: 0.8393  data_time: 0.0145  memory: 17861  grad_norm: 3.8554  loss: 1.4984  loss_heatmap: 0.5040  layer_-1_loss_cls: 0.1314  layer_-1_loss_bbox: 0.3816  matched_ious: 0.1940  aux_depth_loss: 0.4814  sec_per_iter: 0.8532  iters_per_sec: 1.1700  samples_per_sec: 18.7500  samples_per_sec_per_gpu: 4.6900  max_mem_allocated_mb: 666.3000  max_mem_reserved_mb: 22014.0000
2026/05/05 22:04:02 - mmengine - INFO - Epoch(train)  [5][2400/5000]  lr: 4.9558e-04  eta: 8:49:22  time: 0.8625  data_time: 0.0132  memory: 17822  grad_norm: 4.4339  loss: 1.4967  loss_heatmap: 0.4796  layer_-1_loss_cls: 0.1293  layer_-1_loss_bbox: 0.3980  matched_ious: 0.2776  aux_depth_loss: 0.4898  sec_per_iter: 0.8529  iters_per_sec: 1.1700  samples_per_sec: 18.7600  samples_per_sec_per_gpu: 4.6900  max_mem_allocated_mb: 666.3000  max_mem_reserved_mb: 22014.0000
2026/05/05 22:04:46 - mmengine - INFO - Epoch(train)  [5][2450/5000]  lr: 4.9539e-04  eta: 8:48:42  time: 0.8771  data_time: 0.0131  memory: 17806  grad_norm: 4.5785  loss: 1.6151  loss_heatmap: 0.5324  layer_-1_loss_cls: 0.1339  layer_-1_loss_bbox: 0.4523  matched_ious: 0.2638  aux_depth_loss: 0.4965  sec_per_iter: 0.8531  iters_per_sec: 1.1700  samples_per_sec: 18.7500  samples_per_sec_per_gpu: 4.6900  max_mem_allocated_mb: 666.3000  max_mem_reserved_mb: 22014.0000
2026/05/05 22:05:32 - mmengine - INFO - Epoch(train)  [5][2500/5000]  lr: 4.9520e-04  eta: 8:48:07  time: 0.9289  data_time: 0.0118  memory: 17870  grad_norm: inf  loss: 1.6228  loss_heatmap: 0.5453  layer_-1_loss_cls: 0.1443  layer_-1_loss_bbox: 0.4465  matched_ious: 0.2418  aux_depth_loss: 0.4867  sec_per_iter: 0.8536  iters_per_sec: 1.1700  samples_per_sec: 18.7400  samples_per_sec_per_gpu: 4.6900  max_mem_allocated_mb: 666.3000  max_mem_reserved_mb: 22014.0000
2026/05/05 22:06:13 - mmengine - INFO - Epoch(train)  [5][2550/5000]  lr: 4.9501e-04  eta: 8:47:23  time: 0.8209  data_time: 0.0116  memory: 17744  grad_norm: 4.3476  loss: 1.6154  loss_heatmap: 0.5329  layer_-1_loss_cls: 0.1324  layer_-1_loss_bbox: 0.4454  matched_ious: 0.3237  aux_depth_loss: 0.5047  sec_per_iter: 0.8551  iters_per_sec: 1.1700  samples_per_sec: 18.7100  samples_per_sec_per_gpu: 4.6800  max_mem_allocated_mb: 666.3000  max_mem_reserved_mb: 22014.0000
2026/05/05 22:06:54 - mmengine - INFO - Epoch(train)  [5][2600/5000]  lr: 4.9481e-04  eta: 8:46:38  time: 0.8115  data_time: 0.0173  memory: 17910  grad_norm: 4.1820  loss: 1.5343  loss_heatmap: 0.5081  layer_-1_loss_cls: 0.1321  layer_-1_loss_bbox: 0.3984  matched_ious: 0.2222  aux_depth_loss: 0.4957  sec_per_iter: 0.8545  iters_per_sec: 1.1700  samples_per_sec: 18.7300  samples_per_sec_per_gpu: 4.6800  max_mem_allocated_mb: 666.3000  max_mem_reserved_mb: 22014.0000
2026/05/05 22:07:36 - mmengine - INFO - Epoch(train)  [5][2650/5000]  lr: 4.9461e-04  eta: 8:45:56  time: 0.8485  data_time: 0.0155  memory: 17893  grad_norm: 3.8665  loss: 1.6202  loss_heatmap: 0.5437  layer_-1_loss_cls: 0.1389  layer_-1_loss_bbox: 0.4424  matched_ious: 0.2569  aux_depth_loss: 0.4952  sec_per_iter: 0.8536  iters_per_sec: 1.1700  samples_per_sec: 18.7400  samples_per_sec_per_gpu: 4.6900  max_mem_allocated_mb: 666.3000  max_mem_reserved_mb: 22014.0000
2026/05/05 22:08:16 - mmengine - INFO - Epoch(train)  [5][2700/5000]  lr: 4.9440e-04  eta: 8:45:10  time: 0.7995  data_time: 0.0141  memory: 17841  grad_norm: 3.9798  loss: 1.4811  loss_heatmap: 0.5009  layer_-1_loss_cls: 0.1357  layer_-1_loss_bbox: 0.3483  matched_ious: 0.3136  aux_depth_loss: 0.4962  sec_per_iter: 0.8535  iters_per_sec: 1.1700  samples_per_sec: 18.7500  samples_per_sec_per_gpu: 4.6900  max_mem_allocated_mb: 666.3000  max_mem_reserved_mb: 22014.0000
2026/05/05 22:09:00 - mmengine - INFO - Epoch(train)  [5][2750/5000]  lr: 4.9420e-04  eta: 8:44:30  time: 0.8775  data_time: 0.0116  memory: 17749  grad_norm: 3.5993  loss: 1.6225  loss_heatmap: 0.5336  layer_-1_loss_cls: 0.1347  layer_-1_loss_bbox: 0.4654  matched_ious: 0.4090  aux_depth_loss: 0.4889  sec_per_iter: 0.8525  iters_per_sec: 1.1700  samples_per_sec: 18.7700  samples_per_sec_per_gpu: 4.6900  max_mem_allocated_mb: 666.3000  max_mem_reserved_mb: 22014.0000
2026/05/05 22:09:42 - mmengine - INFO - Epoch(train)  [5][2800/5000]  lr: 4.9398e-04  eta: 8:43:48  time: 0.8466  data_time: 0.0134  memory: 17801  grad_norm: 3.9277  loss: 1.6029  loss_heatmap: 0.5416  layer_-1_loss_cls: 0.1449  layer_-1_loss_bbox: 0.4157  matched_ious: 0.3430  aux_depth_loss: 0.5006  sec_per_iter: 0.8530  iters_per_sec: 1.1700  samples_per_sec: 18.7600  samples_per_sec_per_gpu: 4.6900  max_mem_allocated_mb: 666.3000  max_mem_reserved_mb: 22014.0000
2026/05/05 22:10:24 - mmengine - INFO - Epoch(train)  [5][2850/5000]  lr: 4.9377e-04  eta: 8:43:05  time: 0.8333  data_time: 0.0126  memory: 17935  grad_norm: 4.0093  loss: 1.6536  loss_heatmap: 0.5813  layer_-1_loss_cls: 0.1489  layer_-1_loss_bbox: 0.4349  matched_ious: 0.1586  aux_depth_loss: 0.4885  sec_per_iter: 0.8529  iters_per_sec: 1.1700  samples_per_sec: 18.7600  samples_per_sec_per_gpu: 4.6900  max_mem_allocated_mb: 666.3000  max_mem_reserved_mb: 22014.0000
2026/05/05 22:11:07 - mmengine - INFO - Epoch(train)  [5][2900/5000]  lr: 4.9355e-04  eta: 8:42:23  time: 0.8485  data_time: 0.0150  memory: 17851  grad_norm: 4.3486  loss: 1.6833  loss_heatmap: 0.5746  layer_-1_loss_cls: 0.1450  layer_-1_loss_bbox: 0.4596  matched_ious: 0.3429  aux_depth_loss: 0.5041  sec_per_iter: 0.8525  iters_per_sec: 1.1700  samples_per_sec: 18.7700  samples_per_sec_per_gpu: 4.6900  max_mem_allocated_mb: 666.3000  max_mem_reserved_mb: 22014.0000
2026/05/05 22:11:50 - mmengine - INFO - Epoch(train)  [5][2950/5000]  lr: 4.9332e-04  eta: 8:41:43  time: 0.8703  data_time: 0.0138  memory: 17764  grad_norm: 4.2870  loss: 1.7373  loss_heatmap: 0.5912  layer_-1_loss_cls: 0.1403  layer_-1_loss_bbox: 0.5104  matched_ious: 0.1904  aux_depth_loss: 0.4954  sec_per_iter: 0.8525  iters_per_sec: 1.1700  samples_per_sec: 18.7700  samples_per_sec_per_gpu: 4.6900  max_mem_allocated_mb: 666.3000  max_mem_reserved_mb: 22014.0000
2026/05/05 22:12:33 - mmengine - INFO - Exp name: zod_bevfusion_dualinit_20260505_161926
2026/05/05 22:12:33 - mmengine - INFO - Epoch(train)  [5][3000/5000]  lr: 4.9310e-04  eta: 8:41:02  time: 0.8644  data_time: 0.0131  memory: 18042  grad_norm: 3.7623  loss: 1.6207  loss_heatmap: 0.5703  layer_-1_loss_cls: 0.1452  layer_-1_loss_bbox: 0.4221  matched_ious: 0.1943  aux_depth_loss: 0.4832  sec_per_iter: 0.8528  iters_per_sec: 1.1700  samples_per_sec: 18.7600  samples_per_sec_per_gpu: 4.6900  max_mem_allocated_mb: 666.3000  max_mem_reserved_mb: 22014.0000
2026/05/05 22:13:18 - mmengine - INFO - Epoch(train)  [5][3050/5000]  lr: 4.9287e-04  eta: 8:40:24  time: 0.9024  data_time: 0.0125  memory: 18149  grad_norm: 4.1596  loss: 1.7046  loss_heatmap: 0.5896  layer_-1_loss_cls: 0.1528  layer_-1_loss_bbox: 0.4680  matched_ious: 0.2556  aux_depth_loss: 0.4942  sec_per_iter: 0.8530  iters_per_sec: 1.1700  samples_per_sec: 18.7600  samples_per_sec_per_gpu: 4.6900  max_mem_allocated_mb: 666.3000  max_mem_reserved_mb: 22014.0000
2026/05/05 22:14:00 - mmengine - INFO - Epoch(train)  [5][3100/5000]  lr: 4.9263e-04  eta: 8:39:41  time: 0.8277  data_time: 0.0131  memory: 17798  grad_norm: 4.4593  loss: 1.7968  loss_heatmap: 0.6230  layer_-1_loss_cls: 0.1510  layer_-1_loss_bbox: 0.5267  matched_ious: 0.2100  aux_depth_loss: 0.4961  sec_per_iter: 0.8538  iters_per_sec: 1.1700  samples_per_sec: 18.7400  samples_per_sec_per_gpu: 4.6900  max_mem_allocated_mb: 666.3000  max_mem_reserved_mb: 22014.0000
2026/05/05 22:14:40 - mmengine - INFO - Epoch(train)  [5][3150/5000]  lr: 4.9239e-04  eta: 8:38:55  time: 0.8055  data_time: 0.0120  memory: 17779  grad_norm: 3.7350  loss: 1.6806  loss_heatmap: 0.5582  layer_-1_loss_cls: 0.1300  layer_-1_loss_bbox: 0.5109  matched_ious: 0.2441  aux_depth_loss: 0.4815  sec_per_iter: 0.8533  iters_per_sec: 1.1700  samples_per_sec: 18.7500  samples_per_sec_per_gpu: 4.6900  max_mem_allocated_mb: 666.3000  max_mem_reserved_mb: 22014.0000
2026/05/05 22:15:24 - mmengine - INFO - Epoch(train)  [5][3200/5000]  lr: 4.9215e-04  eta: 8:38:15  time: 0.8729  data_time: 0.0145  memory: 17743  grad_norm: 4.8485  loss: 1.7634  loss_heatmap: 0.6255  layer_-1_loss_cls: 0.1522  layer_-1_loss_bbox: 0.4753  matched_ious: 0.1785  aux_depth_loss: 0.5104  sec_per_iter: 0.8526  iters_per_sec: 1.1700  samples_per_sec: 18.7700  samples_per_sec_per_gpu: 4.6900  max_mem_allocated_mb: 666.3000  max_mem_reserved_mb: 22014.0000
2026/05/05 22:16:05 - mmengine - INFO - Epoch(train)  [5][3250/5000]  lr: 4.9190e-04  eta: 8:37:31  time: 0.8167  data_time: 0.0136  memory: 17808  grad_norm: 4.6710  loss: 1.7535  loss_heatmap: 0.5837  layer_-1_loss_cls: 0.1434  layer_-1_loss_bbox: 0.5145  matched_ious: 0.3142  aux_depth_loss: 0.5119  sec_per_iter: 0.8529  iters_per_sec: 1.1700  samples_per_sec: 18.7600  samples_per_sec_per_gpu: 4.6900  max_mem_allocated_mb: 666.3000  max_mem_reserved_mb: 22014.0000
2026/05/05 22:16:48 - mmengine - INFO - Epoch(train)  [5][3300/5000]  lr: 4.9166e-04  eta: 8:36:51  time: 0.8701  data_time: 0.0160  memory: 17948  grad_norm: 4.1231  loss: 1.6846  loss_heatmap: 0.5510  layer_-1_loss_cls: 0.1383  layer_-1_loss_bbox: 0.4924  matched_ious: 0.1448  aux_depth_loss: 0.5029  sec_per_iter: 0.8524  iters_per_sec: 1.1700  samples_per_sec: 18.7700  samples_per_sec_per_gpu: 4.6900  max_mem_allocated_mb: 666.3000  max_mem_reserved_mb: 22014.0000
2026/05/05 22:17:32 - mmengine - INFO - Epoch(train)  [5][3350/5000]  lr: 4.9140e-04  eta: 8:36:11  time: 0.8756  data_time: 0.0134  memory: 17751  grad_norm: 4.0331  loss: 1.7761  loss_heatmap: 0.5937  layer_-1_loss_cls: 0.1481  layer_-1_loss_bbox: 0.5356  matched_ious: 0.2951  aux_depth_loss: 0.4986  sec_per_iter: 0.8526  iters_per_sec: 1.1700  samples_per_sec: 18.7700  samples_per_sec_per_gpu: 4.6900  max_mem_allocated_mb: 666.3000  max_mem_reserved_mb: 22014.0000
2026/05/05 22:18:16 - mmengine - INFO - Epoch(train)  [5][3400/5000]  lr: 4.9114e-04  eta: 8:35:32  time: 0.8922  data_time: 0.0141  memory: 17921  grad_norm: 4.4330  loss: 1.6506  loss_heatmap: 0.5444  layer_-1_loss_cls: 0.1399  layer_-1_loss_bbox: 0.4717  matched_ious: 0.3126  aux_depth_loss: 0.4946  sec_per_iter: 0.8530  iters_per_sec: 1.1700  samples_per_sec: 18.7600  samples_per_sec_per_gpu: 4.6900  max_mem_allocated_mb: 666.3000  max_mem_reserved_mb: 22014.0000
2026/05/05 22:18:59 - mmengine - INFO - Epoch(train)  [5][3450/5000]  lr: 4.9088e-04  eta: 8:34:50  time: 0.8500  data_time: 0.0156  memory: 17809  grad_norm: 3.7943  loss: 1.6843  loss_heatmap: 0.5837  layer_-1_loss_cls: 0.1374  layer_-1_loss_bbox: 0.4719  matched_ious: 0.2324  aux_depth_loss: 0.4912  sec_per_iter: 0.8535  iters_per_sec: 1.1700  samples_per_sec: 18.7500  samples_per_sec_per_gpu: 4.6900  max_mem_allocated_mb: 666.3000  max_mem_reserved_mb: 22014.0000
2026/05/05 22:19:40 - mmengine - INFO - Epoch(train)  [5][3500/5000]  lr: 4.9062e-04  eta: 8:34:06  time: 0.8243  data_time: 0.0134  memory: 17749  grad_norm: 4.3444  loss: 1.6452  loss_heatmap: 0.5592  layer_-1_loss_cls: 0.1350  layer_-1_loss_bbox: 0.4560  matched_ious: 0.3085  aux_depth_loss: 0.4950  sec_per_iter: 0.8535  iters_per_sec: 1.1700  samples_per_sec: 18.7500  samples_per_sec_per_gpu: 4.6900  max_mem_allocated_mb: 666.3000  max_mem_reserved_mb: 22014.0000
2026/05/05 22:20:24 - mmengine - INFO - Epoch(train)  [5][3550/5000]  lr: 4.9035e-04  eta: 8:33:27  time: 0.8853  data_time: 0.0127  memory: 17866  grad_norm: 3.7319  loss: 1.6249  loss_heatmap: 0.5304  layer_-1_loss_cls: 0.1293  layer_-1_loss_bbox: 0.4804  matched_ious: 0.2846  aux_depth_loss: 0.4848  sec_per_iter: 0.8531  iters_per_sec: 1.1700  samples_per_sec: 18.7600  samples_per_sec_per_gpu: 4.6900  max_mem_allocated_mb: 666.3000  max_mem_reserved_mb: 22014.0000
2026/05/05 22:21:06 - mmengine - INFO - Epoch(train)  [5][3600/5000]  lr: 4.9008e-04  eta: 8:32:43  time: 0.8242  data_time: 0.0120  memory: 17887  grad_norm: 3.4969  loss: 1.5590  loss_heatmap: 0.5179  layer_-1_loss_cls: 0.1324  layer_-1_loss_bbox: 0.4165  matched_ious: 0.3720  aux_depth_loss: 0.4923  sec_per_iter: 0.8535  iters_per_sec: 1.1700  samples_per_sec: 18.7500  samples_per_sec_per_gpu: 4.6900  max_mem_allocated_mb: 666.3000  max_mem_reserved_mb: 22014.0000
2026/05/05 22:21:48 - mmengine - INFO - Epoch(train)  [5][3650/5000]  lr: 4.8980e-04  eta: 8:32:01  time: 0.8439  data_time: 0.0121  memory: 17753  grad_norm: 3.6865  loss: 1.6333  loss_heatmap: 0.5694  layer_-1_loss_cls: 0.1433  layer_-1_loss_bbox: 0.4261  matched_ious: 0.3067  aux_depth_loss: 0.4945  sec_per_iter: 0.8531  iters_per_sec: 1.1700  samples_per_sec: 18.7500  samples_per_sec_per_gpu: 4.6900  max_mem_allocated_mb: 666.3000  max_mem_reserved_mb: 22014.0000
2026/05/05 22:22:30 - mmengine - INFO - Epoch(train)  [5][3700/5000]  lr: 4.8952e-04  eta: 8:31:19  time: 0.8453  data_time: 0.0165  memory: 18001  grad_norm: 4.5594  loss: 1.6785  loss_heatmap: 0.5575  layer_-1_loss_cls: 0.1430  layer_-1_loss_bbox: 0.4613  matched_ious: 0.2544  aux_depth_loss: 0.5168  sec_per_iter: 0.8530  iters_per_sec: 1.1700  samples_per_sec: 18.7600  samples_per_sec_per_gpu: 4.6900  max_mem_allocated_mb: 666.3000  max_mem_reserved_mb: 22014.0000
2026/05/05 22:23:10 - mmengine - INFO - Epoch(train)  [5][3750/5000]  lr: 4.8924e-04  eta: 8:30:33  time: 0.8027  data_time: 0.0128  memory: 17846  grad_norm: 3.4962  loss: 1.6861  loss_heatmap: 0.5813  layer_-1_loss_cls: 0.1423  layer_-1_loss_bbox: 0.4742  matched_ious: 0.4099  aux_depth_loss: 0.4883  sec_per_iter: 0.8529  iters_per_sec: 1.1700  samples_per_sec: 18.7600  samples_per_sec_per_gpu: 4.6900  max_mem_allocated_mb: 666.3000  max_mem_reserved_mb: 22014.0000
2026/05/05 22:23:53 - mmengine - INFO - Epoch(train)  [5][3800/5000]  lr: 4.8895e-04  eta: 8:29:52  time: 0.8553  data_time: 0.0126  memory: 17784  grad_norm: 5.4533  loss: 1.8230  loss_heatmap: 0.6126  layer_-1_loss_cls: 0.1505  layer_-1_loss_bbox: 0.5537  matched_ious: 0.1921  aux_depth_loss: 0.5061  sec_per_iter: 0.8522  iters_per_sec: 1.1700  samples_per_sec: 18.7700  samples_per_sec_per_gpu: 4.6900  max_mem_allocated_mb: 666.3000  max_mem_reserved_mb: 22014.0000
2026/05/05 22:24:37 - mmengine - INFO - Epoch(train)  [5][3850/5000]  lr: 4.8866e-04  eta: 8:29:12  time: 0.8844  data_time: 0.0168  memory: 17792  grad_norm: 3.9923  loss: 1.7916  loss_heatmap: 0.6187  layer_-1_loss_cls: 0.1534  layer_-1_loss_bbox: 0.5161  matched_ious: 0.1716  aux_depth_loss: 0.5033  sec_per_iter: 0.8523  iters_per_sec: 1.1700  samples_per_sec: 18.7700  samples_per_sec_per_gpu: 4.6900  max_mem_allocated_mb: 666.3000  max_mem_reserved_mb: 22014.0000
2026/05/05 22:25:19 - mmengine - INFO - Epoch(train)  [5][3900/5000]  lr: 4.8837e-04  eta: 8:28:30  time: 0.8387  data_time: 0.0145  memory: 17765  grad_norm: 4.0617  loss: 1.5993  loss_heatmap: 0.5396  layer_-1_loss_cls: 0.1329  layer_-1_loss_bbox: 0.4404  matched_ious: 0.3080  aux_depth_loss: 0.4864  sec_per_iter: 0.8527  iters_per_sec: 1.1700  samples_per_sec: 18.7600  samples_per_sec_per_gpu: 4.6900  max_mem_allocated_mb: 666.3000  max_mem_reserved_mb: 22014.0000
2026/05/05 22:25:59 - mmengine - INFO - Epoch(train)  [5][3950/5000]  lr: 4.8807e-04  eta: 8:27:44  time: 0.7982  data_time: 0.0137  memory: 17822  grad_norm: nan  loss: 1.7396  loss_heatmap: 0.5941  layer_-1_loss_cls: 0.1362  layer_-1_loss_bbox: 0.4902  matched_ious: 0.3290  aux_depth_loss: 0.5192  sec_per_iter: 0.8525  iters_per_sec: 1.1700  samples_per_sec: 18.7700  samples_per_sec_per_gpu: 4.6900  max_mem_allocated_mb: 666.3000  max_mem_reserved_mb: 22014.0000
2026/05/05 22:26:42 - mmengine - INFO - Exp name: zod_bevfusion_dualinit_20260505_161926
2026/05/05 22:26:42 - mmengine - INFO - Epoch(train)  [5][4000/5000]  lr: 4.8777e-04  eta: 8:27:02  time: 0.8503  data_time: 0.0147  memory: 17787  grad_norm: 3.9707  loss: 1.5775  loss_heatmap: 0.5273  layer_-1_loss_cls: 0.1325  layer_-1_loss_bbox: 0.4138  matched_ious: 0.2493  aux_depth_loss: 0.5039  sec_per_iter: 0.8518  iters_per_sec: 1.1700  samples_per_sec: 18.7800  samples_per_sec_per_gpu: 4.7000  max_mem_allocated_mb: 666.3000  max_mem_reserved_mb: 22014.0000
2026/05/05 22:27:22 - mmengine - INFO - Epoch(train)  [5][4050/5000]  lr: 4.8747e-04  eta: 8:26:17  time: 0.8048  data_time: 0.0126  memory: 17815  grad_norm: 3.8290  loss: 1.6225  loss_heatmap: 0.5494  layer_-1_loss_cls: 0.1346  layer_-1_loss_bbox: 0.4397  matched_ious: 0.2897  aux_depth_loss: 0.4988  sec_per_iter: 0.8518  iters_per_sec: 1.1700  samples_per_sec: 18.7800  samples_per_sec_per_gpu: 4.7000  max_mem_allocated_mb: 666.3000  max_mem_reserved_mb: 22014.0000
2026/05/05 22:28:03 - mmengine - INFO - Epoch(train)  [5][4100/5000]  lr: 4.8716e-04  eta: 8:25:33  time: 0.8220  data_time: 0.0121  memory: 17818  grad_norm: 4.4996  loss: 1.7287  loss_heatmap: 0.5888  layer_-1_loss_cls: 0.1420  layer_-1_loss_bbox: 0.4954  matched_ious: 0.3431  aux_depth_loss: 0.5024  sec_per_iter: 0.8512  iters_per_sec: 1.1700  samples_per_sec: 18.8000  samples_per_sec_per_gpu: 4.7000  max_mem_allocated_mb: 666.3000  max_mem_reserved_mb: 22014.0000
2026/05/05 22:28:45 - mmengine - INFO - Epoch(train)  [5][4150/5000]  lr: 4.8684e-04  eta: 8:24:50  time: 0.8400  data_time: 0.0134  memory: 17836  grad_norm: 4.2187  loss: 1.6418  loss_heatmap: 0.5400  layer_-1_loss_cls: 0.1378  layer_-1_loss_bbox: 0.4637  matched_ious: 0.1729  aux_depth_loss: 0.5003  sec_per_iter: 0.8509  iters_per_sec: 1.1800  samples_per_sec: 18.8000  samples_per_sec_per_gpu: 4.7000  max_mem_allocated_mb: 666.3000  max_mem_reserved_mb: 22014.0000
2026/05/05 22:29:26 - mmengine - INFO - Epoch(train)  [5][4200/5000]  lr: 4.8653e-04  eta: 8:24:06  time: 0.8214  data_time: 0.0135  memory: 18091  grad_norm: 4.7021  loss: 1.6726  loss_heatmap: 0.5637  layer_-1_loss_cls: 0.1427  layer_-1_loss_bbox: 0.4533  matched_ious: 0.3337  aux_depth_loss: 0.5130  sec_per_iter: 0.8507  iters_per_sec: 1.1800  samples_per_sec: 18.8100  samples_per_sec_per_gpu: 4.7000  max_mem_allocated_mb: 666.3000  max_mem_reserved_mb: 22014.0000
2026/05/05 22:30:08 - mmengine - INFO - Epoch(train)  [5][4250/5000]  lr: 4.8621e-04  eta: 8:23:23  time: 0.8329  data_time: 0.0136  memory: 18029  grad_norm: 4.2701  loss: 1.8053  loss_heatmap: 0.6456  layer_-1_loss_cls: 0.1488  layer_-1_loss_bbox: 0.5138  matched_ious: 0.2882  aux_depth_loss: 0.4970  sec_per_iter: 0.8504  iters_per_sec: 1.1800  samples_per_sec: 18.8200  samples_per_sec_per_gpu: 4.7000  max_mem_allocated_mb: 666.3000  max_mem_reserved_mb: 22014.0000
2026/05/05 22:30:49 - mmengine - INFO - Epoch(train)  [5][4300/5000]  lr: 4.8588e-04  eta: 8:22:40  time: 0.8320  data_time: 0.0149  memory: 17723  grad_norm: 4.1797  loss: 1.6619  loss_heatmap: 0.5507  layer_-1_loss_cls: 0.1332  layer_-1_loss_bbox: 0.4743  matched_ious: 0.3732  aux_depth_loss: 0.5037  sec_per_iter: 0.8502  iters_per_sec: 1.1800  samples_per_sec: 18.8200  samples_per_sec_per_gpu: 4.7000  max_mem_allocated_mb: 666.3000  max_mem_reserved_mb: 22014.0000
2026/05/05 22:31:30 - mmengine - INFO - Epoch(train)  [5][4350/5000]  lr: 4.8556e-04  eta: 8:21:56  time: 0.8172  data_time: 0.0186  memory: 17853  grad_norm: 4.1727  loss: 1.6081  loss_heatmap: 0.5754  layer_-1_loss_cls: 0.1496  layer_-1_loss_bbox: 0.3940  matched_ious: 0.2462  aux_depth_loss: 0.4891  sec_per_iter: 0.8500  iters_per_sec: 1.1800  samples_per_sec: 18.8200  samples_per_sec_per_gpu: 4.7100  max_mem_allocated_mb: 666.3000  max_mem_reserved_mb: 22014.0000
2026/05/05 22:32:12 - mmengine - INFO - Epoch(train)  [5][4400/5000]  lr: 4.8523e-04  eta: 8:21:13  time: 0.8355  data_time: 0.0165  memory: 17765  grad_norm: 3.7086  loss: 1.5883  loss_heatmap: 0.5522  layer_-1_loss_cls: 0.1384  layer_-1_loss_bbox: 0.4264  matched_ious: 0.1069  aux_depth_loss: 0.4713  sec_per_iter: 0.8496  iters_per_sec: 1.1800  samples_per_sec: 18.8300  samples_per_sec_per_gpu: 4.7100  max_mem_allocated_mb: 666.3000  max_mem_reserved_mb: 22014.0000
2026/05/05 22:32:54 - mmengine - INFO - Epoch(train)  [5][4450/5000]  lr: 4.8489e-04  eta: 8:20:31  time: 0.8487  data_time: 0.0126  memory: 17807  grad_norm: 4.0556  loss: 1.6043  loss_heatmap: 0.5360  layer_-1_loss_cls: 0.1342  layer_-1_loss_bbox: 0.4426  matched_ious: 0.3974  aux_depth_loss: 0.4915  sec_per_iter: 0.8494  iters_per_sec: 1.1800  samples_per_sec: 18.8400  samples_per_sec_per_gpu: 4.7100  max_mem_allocated_mb: 666.3000  max_mem_reserved_mb: 22014.0000
2026/05/05 22:33:36 - mmengine - INFO - Epoch(train)  [5][4500/5000]  lr: 4.8455e-04  eta: 8:19:48  time: 0.8309  data_time: 0.0132  memory: 17780  grad_norm: 3.7099  loss: 1.7316  loss_heatmap: 0.5904  layer_-1_loss_cls: 0.1499  layer_-1_loss_bbox: 0.4974  matched_ious: 0.3465  aux_depth_loss: 0.4940  sec_per_iter: 0.8494  iters_per_sec: 1.1800  samples_per_sec: 18.8400  samples_per_sec_per_gpu: 4.7100  max_mem_allocated_mb: 666.3000  max_mem_reserved_mb: 22014.0000
2026/05/05 22:34:17 - mmengine - INFO - Epoch(train)  [5][4550/5000]  lr: 4.8421e-04  eta: 8:19:04  time: 0.8247  data_time: 0.0148  memory: 17869  grad_norm: 4.0040  loss: 1.6518  loss_heatmap: 0.5719  layer_-1_loss_cls: 0.1463  layer_-1_loss_bbox: 0.4534  matched_ious: 0.2144  aux_depth_loss: 0.4802  sec_per_iter: 0.8492  iters_per_sec: 1.1800  samples_per_sec: 18.8400  samples_per_sec_per_gpu: 4.7100  max_mem_allocated_mb: 666.3000  max_mem_reserved_mb: 22014.0000
2026/05/05 22:35:00 - mmengine - INFO - Epoch(train)  [5][4600/5000]  lr: 4.8387e-04  eta: 8:18:22  time: 0.8535  data_time: 0.0145  memory: 17998  grad_norm: 4.5397  loss: 1.5399  loss_heatmap: 0.5071  layer_-1_loss_cls: 0.1280  layer_-1_loss_bbox: 0.3967  matched_ious: 0.1460  aux_depth_loss: 0.5081  sec_per_iter: 0.8490  iters_per_sec: 1.1800  samples_per_sec: 18.8500  samples_per_sec_per_gpu: 4.7100  max_mem_allocated_mb: 666.3000  max_mem_reserved_mb: 22014.0000
2026/05/05 22:35:41 - mmengine - INFO - Epoch(train)  [5][4650/5000]  lr: 4.8352e-04  eta: 8:17:38  time: 0.8213  data_time: 0.0131  memory: 17842  grad_norm: 4.2155  loss: 1.6572  loss_heatmap: 0.5338  layer_-1_loss_cls: 0.1281  layer_-1_loss_bbox: 0.4828  matched_ious: 0.3437  aux_depth_loss: 0.5125  sec_per_iter: 0.8490  iters_per_sec: 1.1800  samples_per_sec: 18.8500  samples_per_sec_per_gpu: 4.7100  max_mem_allocated_mb: 666.3000  max_mem_reserved_mb: 22014.0000
2026/05/05 22:36:26 - mmengine - INFO - Epoch(train)  [5][4700/5000]  lr: 4.8317e-04  eta: 8:17:00  time: 0.8961  data_time: 0.0134  memory: 17936  grad_norm: 4.3291  loss: 1.5632  loss_heatmap: 0.5164  layer_-1_loss_cls: 0.1293  layer_-1_loss_bbox: 0.4138  matched_ious: 0.2960  aux_depth_loss: 0.5037  sec_per_iter: 0.8487  iters_per_sec: 1.1800  samples_per_sec: 18.8500  samples_per_sec_per_gpu: 4.7100  max_mem_allocated_mb: 666.3000  max_mem_reserved_mb: 22014.0000
2026/05/05 22:37:10 - mmengine - INFO - Epoch(train)  [5][4750/5000]  lr: 4.8281e-04  eta: 8:16:20  time: 0.8850  data_time: 0.0145  memory: 17822  grad_norm: 4.4344  loss: 1.7238  loss_heatmap: 0.5795  layer_-1_loss_cls: 0.1453  layer_-1_loss_bbox: 0.4931  matched_ious: 0.3034  aux_depth_loss: 0.5058  sec_per_iter: 0.8492  iters_per_sec: 1.1800  samples_per_sec: 18.8400  samples_per_sec_per_gpu: 4.7100  max_mem_allocated_mb: 666.3000  max_mem_reserved_mb: 22014.0000
2026/05/05 22:37:53 - mmengine - INFO - Epoch(train)  [5][4800/5000]  lr: 4.8245e-04  eta: 8:15:40  time: 0.8637  data_time: 0.0240  memory: 17975  grad_norm: 4.1065  loss: 1.6952  loss_heatmap: 0.6057  layer_-1_loss_cls: 0.1596  layer_-1_loss_bbox: 0.4272  matched_ious: 0.2224  aux_depth_loss: 0.5026  sec_per_iter: 0.8496  iters_per_sec: 1.1800  samples_per_sec: 18.8300  samples_per_sec_per_gpu: 4.7100  max_mem_allocated_mb: 666.3000  max_mem_reserved_mb: 22014.0000
2026/05/05 22:38:35 - mmengine - INFO - Epoch(train)  [5][4850/5000]  lr: 4.8209e-04  eta: 8:14:57  time: 0.8399  data_time: 0.0134  memory: 17760  grad_norm: 3.6204  loss: 1.6348  loss_heatmap: 0.5533  layer_-1_loss_cls: 0.1375  layer_-1_loss_bbox: 0.4683  matched_ious: 0.3139  aux_depth_loss: 0.4757  sec_per_iter: 0.8497  iters_per_sec: 1.1800  samples_per_sec: 18.8300  samples_per_sec_per_gpu: 4.7100  max_mem_allocated_mb: 666.3000  max_mem_reserved_mb: 22014.0000
2026/05/05 22:39:19 - mmengine - INFO - Epoch(train)  [5][4900/5000]  lr: 4.8172e-04  eta: 8:14:17  time: 0.8709  data_time: 0.0144  memory: 17856  grad_norm: 3.7115  loss: 1.6748  loss_heatmap: 0.5481  layer_-1_loss_cls: 0.1348  layer_-1_loss_bbox: 0.4990  matched_ious: 0.3477  aux_depth_loss: 0.4928  sec_per_iter: 0.8496  iters_per_sec: 1.1800  samples_per_sec: 18.8300  samples_per_sec_per_gpu: 4.7100  max_mem_allocated_mb: 666.3000  max_mem_reserved_mb: 22014.0000
2026/05/05 22:40:01 - mmengine - INFO - Epoch(train)  [5][4950/5000]  lr: 4.8135e-04  eta: 8:13:34  time: 0.8435  data_time: 0.0150  memory: 17784  grad_norm: 3.9817  loss: 1.5937  loss_heatmap: 0.5508  layer_-1_loss_cls: 0.1287  layer_-1_loss_bbox: 0.4258  matched_ious: 0.3026  aux_depth_loss: 0.4884  sec_per_iter: 0.8498  iters_per_sec: 1.1800  samples_per_sec: 18.8300  samples_per_sec_per_gpu: 4.7100  max_mem_allocated_mb: 666.3000  max_mem_reserved_mb: 22014.0000
2026/05/05 22:40:42 - mmengine - INFO - Exp name: zod_bevfusion_dualinit_20260505_161926
2026/05/05 22:40:42 - mmengine - INFO - Epoch(train)  [5][5000/5000]  lr: 4.8098e-04  eta: 8:12:50  time: 0.8129  data_time: 0.0141  memory: 17884  grad_norm: 4.2267  loss: 1.5731  loss_heatmap: 0.5424  layer_-1_loss_cls: 0.1350  layer_-1_loss_bbox: 0.4066  matched_ious: 0.1748  aux_depth_loss: 0.4891  sec_per_iter: 0.8498  iters_per_sec: 1.1800  samples_per_sec: 18.8300  samples_per_sec_per_gpu: 4.7100  max_mem_allocated_mb: 666.3000  max_mem_reserved_mb: 22014.0000
2026/05/05 22:40:42 - mmengine - INFO - [Efficiency] Epoch 5: wall=4247.2s  iters=5000  sec/iter=0.849  mem_alloc=666MB  mem_rsv=22014MB
2026/05/05 22:40:43 - mmengine - INFO - Saved /home/users/u103958/projects/multimodal-MoE/outputs/runs/zod_bevfusion_dualinit/bevfusion-dualinit_4543552/visualizations/bev_before_backbone_epoch_5.png
2026/05/05 22:40:43 - mmengine - INFO - Saved /home/users/u103958/projects/multimodal-MoE/outputs/runs/zod_bevfusion_dualinit/bevfusion-dualinit_4543552/visualizations/bev_after_fpn_epoch_5.png
2026/05/05 22:40:44 - mmengine - INFO - Saved /home/users/u103958/projects/multimodal-MoE/outputs/runs/zod_bevfusion_dualinit/bevfusion-dualinit_4543552/visualizations/bev_pred_vs_gt_epoch_5.png  (GT=16, pred=13, max_score=0.445)
2026/05/05 22:40:44 - mmengine - INFO - Saved /home/users/u103958/projects/multimodal-MoE/outputs/runs/zod_bevfusion_dualinit/bevfusion-dualinit_4543552/visualizations/bev_val_pred_vs_gt_epoch_5.png  (GT=25, pred=18, max_score=0.576)
2026/05/05 22:40:45 - mmengine - INFO - Saved /home/users/u103958/projects/multimodal-MoE/outputs/runs/zod_bevfusion_dualinit/bevfusion-dualinit_4543552/visualizations/camera_bev_features_epoch_5.png
2026/05/05 22:40:45 - mmengine - INFO - Saved /home/users/u103958/projects/multimodal-MoE/outputs/runs/zod_bevfusion_dualinit/bevfusion-dualinit_4543552/visualizations/fused_bev_features_epoch_5.png
2026/05/05 22:40:46 - mmengine - INFO - Saved /home/users/u103958/projects/multimodal-MoE/outputs/runs/zod_bevfusion_dualinit/bevfusion-dualinit_4543552/visualizations/depth_transform_diagnostic_epoch_5.png
2026/05/05 22:40:46 - mmengine - INFO - ========================================================================
2026/05/05 22:40:46 - mmengine - INFO -   DEPTH PROJECTION DEBUG — Sparse depth analysis
2026/05/05 22:40:46 - mmengine - INFO - ========================================================================
2026/05/05 22:40:46 - mmengine - INFO -   lidar2img  shape=(1, 4, 4)
2026/05/05 22:40:46 - mmengine - INFO -     [  622.2576  -478.3849    -1.9513 -1257.4954]
2026/05/05 22:40:46 - mmengine - INFO -     [ 350.0951    7.6426 -478.2796 -167.8321]
2026/05/05 22:40:46 - mmengine - INFO -     [ 1.      0.003   0.0074 -2.0314]
2026/05/05 22:40:46 - mmengine - INFO -     [0. 0. 0. 1.]
2026/05/05 22:40:46 - mmengine - INFO -   cam2img  shape=(1, 4, 4)
2026/05/05 22:40:46 - mmengine - INFO -     [480.324    0.     620.7651   0.    ]
2026/05/05 22:40:46 - mmengine - INFO -     [  0.     480.9149 346.5506   0.    ]
2026/05/05 22:40:46 - mmengine - INFO -     [0. 0. 1. 0.]
2026/05/05 22:40:46 - mmengine - INFO -     [0. 0. 0. 1.]
2026/05/05 22:40:46 - mmengine - INFO -   img_aug_matrix  shape=(1, 4, 4)
2026/05/05 22:40:46 - mmengine - INFO -     [1. 0. 0. 0.]
2026/05/05 22:40:46 - mmengine - INFO -     [0. 1. 0. 0.]
2026/05/05 22:40:46 - mmengine - INFO -     [0. 0. 1. 0.]
2026/05/05 22:40:46 - mmengine - INFO -     [0. 0. 0. 1.]
2026/05/05 22:40:46 - mmengine - INFO -   lidar_aug_matrix  shape=(4, 4)
2026/05/05 22:40:46 - mmengine - INFO -     [1. 0. 0. 0.]
2026/05/05 22:40:46 - mmengine - INFO -     [0. 1. 0. 0.]
2026/05/05 22:40:46 - mmengine - INFO -     [0. 0. 1. 0.]
2026/05/05 22:40:46 - mmengine - INFO -     [0. 0. 0. 1.]
2026/05/05 22:40:46 - mmengine - INFO -   img tensor shape: (1, 1, 3, 704, 1248)
2026/05/05 22:40:46 - mmengine - INFO -   points[0] shape:  (50570, 4)
2026/05/05 22:40:46 - mmengine - INFO -   image_size=[704, 1248]  feature_size=[88, 156]  D=178
2026/05/05 22:40:46 - mmengine - INFO -   projected: 50570 / 50570 on image
2026/05/05 22:40:46 - mmengine - INFO -   row min/max/mean: 226.9 / 703.6 / 382.4
2026/05/05 22:40:46 - mmengine - INFO - ------------------------------------------------------------------------
2026/05/05 22:40:46 - mmengine - INFO -   MULTI-HIT / OVERWRITE ANALYSIS (full-res depth map)
2026/05/05 22:40:46 - mmengine - INFO -   total LiDAR hits on image:     50570
2026/05/05 22:40:46 - mmengine - INFO -   unique pixels occupied:         45944
2026/05/05 22:40:46 - mmengine - INFO -   pixels with >1 hit:             4354
2026/05/05 22:40:46 - mmengine - INFO -   overwritten points (lost):      4626  (9.1%)
2026/05/05 22:40:46 - mmengine - INFO -   multi-hit max/mean:             4 / 2.1
2026/05/05 22:40:46 - mmengine - INFO -   full-res occupancy:             45944 / 878592 = 5.229%
2026/05/05 22:40:47 - mmengine - INFO - ------------------------------------------------------------------------
2026/05/05 22:40:47 - mmengine - INFO -   OCCUPANCY THROUGH DEPTH PIPELINE
2026/05/05 22:40:47 - mmengine - INFO -   sparse_depth (full-res):  (1, 1, 704, 1248)
2026/05/05 22:40:47 - mmengine - INFO -     nonzero: 156662 / 878592  (17.831%)
2026/05/05 22:40:47 - mmengine - INFO -     active rows: 479/704  cols: 1248/1248
2026/05/05 22:40:47 - mmengine - INFO -   dtransform output:        (1, 64, 88, 156)
2026/05/05 22:40:47 - mmengine - INFO -     active cells (any ch>0): 13728 / 13728  (100.00%)
2026/05/05 22:40:47 - mmengine - INFO -   img_features:             (1, 1, 256, 88, 156)
2026/05/05 22:40:47 - mmengine - INFO -   depthnet output:          (1, 258, 88, 156)
2026/05/05 22:40:47 - mmengine - INFO -   camera BEV:               (1, 80, 180, 180)
2026/05/05 22:40:51 - mmengine - INFO -   Saved /home/users/u103958/projects/multimodal-MoE/outputs/runs/zod_bevfusion_dualinit/bevfusion-dualinit_4543552/debug/sparse_depth_pipeline.png
2026/05/05 22:40:53 - mmengine - INFO -   Saved /home/users/u103958/projects/multimodal-MoE/outputs/runs/zod_bevfusion_dualinit/bevfusion-dualinit_4543552/debug/lidar_projection_overlay.png
2026/05/05 22:40:53 - mmengine - INFO - ========================================================================
2026/05/05 22:41:05 - mmengine - INFO - Epoch(val)  [5][  50/1250]    eta: 0:04:59  time: 0.2498  data_time: 0.0080  memory: 4846  
2026/05/05 22:41:17 - mmengine - INFO - Epoch(val)  [5][ 100/1250]    eta: 0:04:39  time: 0.2372  data_time: 0.0050  memory: 4851  
2026/05/05 22:41:30 - mmengine - INFO - Epoch(val)  [5][ 150/1250]    eta: 0:04:29  time: 0.2488  data_time: 0.0052  memory: 4854  
2026/05/05 22:41:43 - mmengine - INFO - Epoch(val)  [5][ 200/1250]    eta: 0:04:21  time: 0.2608  data_time: 0.0066  memory: 4852  
2026/05/05 22:41:55 - mmengine - INFO - Epoch(val)  [5][ 250/1250]    eta: 0:04:09  time: 0.2506  data_time: 0.0053  memory: 4841  
2026/05/05 22:42:08 - mmengine - INFO - Epoch(val)  [5][ 300/1250]    eta: 0:03:56  time: 0.2454  data_time: 0.0056  memory: 4849  
2026/05/05 22:42:20 - mmengine - INFO - Epoch(val)  [5][ 350/1250]    eta: 0:03:42  time: 0.2406  data_time: 0.0057  memory: 4852  
2026/05/05 22:42:32 - mmengine - INFO - Epoch(val)  [5][ 400/1250]    eta: 0:03:30  time: 0.2490  data_time: 0.0061  memory: 4842  
2026/05/05 22:42:45 - mmengine - INFO - Epoch(val)  [5][ 450/1250]    eta: 0:03:19  time: 0.2619  data_time: 0.0052  memory: 4845  
2026/05/05 22:42:57 - mmengine - INFO - Epoch(val)  [5][ 500/1250]    eta: 0:03:06  time: 0.2371  data_time: 0.0053  memory: 4845  
2026/05/05 22:43:09 - mmengine - INFO - Epoch(val)  [5][ 550/1250]    eta: 0:02:53  time: 0.2416  data_time: 0.0056  memory: 4845  
2026/05/05 22:43:21 - mmengine - INFO - Epoch(val)  [5][ 600/1250]    eta: 0:02:40  time: 0.2419  data_time: 0.0054  memory: 4849  
2026/05/05 22:43:34 - mmengine - INFO - Epoch(val)  [5][ 650/1250]    eta: 0:02:28  time: 0.2463  data_time: 0.0058  memory: 4849  
2026/05/05 22:43:46 - mmengine - INFO - Epoch(val)  [5][ 700/1250]    eta: 0:02:15  time: 0.2445  data_time: 0.0058  memory: 4846  
2026/05/05 22:43:58 - mmengine - INFO - Epoch(val)  [5][ 750/1250]    eta: 0:02:03  time: 0.2352  data_time: 0.0057  memory: 4848  
2026/05/05 22:44:09 - mmengine - INFO - Epoch(val)  [5][ 800/1250]    eta: 0:01:50  time: 0.2331  data_time: 0.0056  memory: 4843  
2026/05/05 22:44:21 - mmengine - INFO - Epoch(val)  [5][ 850/1250]    eta: 0:01:37  time: 0.2367  data_time: 0.0060  memory: 4848  
2026/05/05 22:44:33 - mmengine - INFO - Epoch(val)  [5][ 900/1250]    eta: 0:01:25  time: 0.2439  data_time: 0.0058  memory: 4852  
2026/05/05 22:44:46 - mmengine - INFO - Epoch(val)  [5][ 950/1250]    eta: 0:01:13  time: 0.2516  data_time: 0.0054  memory: 4848  
2026/05/05 22:44:58 - mmengine - INFO - Epoch(val)  [5][1000/1250]    eta: 0:01:01  time: 0.2414  data_time: 0.0082  memory: 4851  
2026/05/05 22:45:10 - mmengine - INFO - Epoch(val)  [5][1050/1250]    eta: 0:00:48  time: 0.2375  data_time: 0.0052  memory: 4851  
2026/05/05 22:45:22 - mmengine - INFO - Epoch(val)  [5][1100/1250]    eta: 0:00:36  time: 0.2347  data_time: 0.0053  memory: 4852  
2026/05/05 22:45:34 - mmengine - INFO - Epoch(val)  [5][1150/1250]    eta: 0:00:24  time: 0.2509  data_time: 0.0056  memory: 4846  
2026/05/05 22:45:47 - mmengine - INFO - Epoch(val)  [5][1200/1250]    eta: 0:00:12  time: 0.2541  data_time: 0.0058  memory: 4844  
2026/05/05 22:45:59 - mmengine - INFO - Epoch(val)  [5][1250/1250]    eta: 0:00:00  time: 0.2408  data_time: 0.0051  memory: 4848  
2026/05/05 22:47:15 - mmengine - INFO - 
+------------+---------+---------+---------+---------+
| classes    | AP_0.25 | AR_0.25 | AP_0.50 | AR_0.50 |
+------------+---------+---------+---------+---------+
| pedestrian | 0.7816  | 0.9264  | 0.4293  | 0.6071  |
+------------+---------+---------+---------+---------+
| Overall    | 0.7816  | 0.9264  | 0.4293  | 0.6071  |
+------------+---------+---------+---------+---------+
2026/05/05 22:47:46 - mmengine - INFO - 
+------------+---------+---------+---------+---------+---------+---------+---------+---------+
| classes    | AP_0.5m | AR_0.5m | AP_1.0m | AR_1.0m | AP_2.0m | AR_2.0m | AP_4.0m | AR_4.0m |
+------------+---------+---------+---------+---------+---------+---------+---------+---------+
| pedestrian | 0.8136  | 0.9649  | 0.8224  | 0.9723  | 0.8268  | 0.9764  | 0.8328  | 0.9827  |
+------------+---------+---------+---------+---------+---------+---------+---------+---------+
| Overall    | 0.8136  | 0.9649  | 0.8224  | 0.9723  | 0.8268  | 0.9764  | 0.8328  | 0.9827  |
+------------+---------+---------+---------+---------+---------+---------+---------+---------+
2026/05/05 22:47:46 - mmengine - INFO - Epoch(val) [5][1250/1250]    pedestrian_AP_0.25: 0.7816  mAP_0.25: 0.7816  pedestrian_rec_0.25: 0.9264  mAR_0.25: 0.9264  pedestrian_AP_0.50: 0.4293  mAP_0.50: 0.4293  pedestrian_rec_0.50: 0.6071  mAR_0.50: 0.6071  pedestrian_AP_0.5m: 0.8136  pedestrian_rec_0.5m: 0.9649  pedestrian_AP_1.0m: 0.8224  pedestrian_rec_1.0m: 0.9723  pedestrian_AP_2.0m: 0.8268  pedestrian_rec_2.0m: 0.9764  pedestrian_AP_4.0m: 0.8328  pedestrian_rec_4.0m: 0.9827  mAP_0.5m: 0.8136  mAR_0.5m: 0.9649  mAP_1.0m: 0.8224  mAR_1.0m: 0.9723  mAP_2.0m: 0.8268  mAR_2.0m: 0.9764  mAP_4.0m: 0.8328  mAR_4.0m: 0.9827  data_time: 0.0058  time: 0.2446
2026/05/05 22:48:32 - mmengine - INFO - Epoch(train)  [6][  50/5000]  lr: 4.8060e-04  eta: 8:12:12  time: 0.9051  data_time: 0.0294  memory: 17960  grad_norm: 4.8031  loss: 1.5498  loss_heatmap: 0.5169  layer_-1_loss_cls: 0.1281  layer_-1_loss_bbox: 0.4103  matched_ious: 0.2554  aux_depth_loss: 0.4945  sec_per_iter: 0.8494  iters_per_sec: 1.1800  samples_per_sec: 18.8400  samples_per_sec_per_gpu: 4.7100  max_mem_allocated_mb: 666.3000  max_mem_reserved_mb: 22014.0000
2026/05/05 22:49:17 - mmengine - INFO - Epoch(train)  [6][ 100/5000]  lr: 4.8022e-04  eta: 8:11:33  time: 0.8982  data_time: 0.0142  memory: 17910  grad_norm: 4.6170  loss: 1.6919  loss_heatmap: 0.5614  layer_-1_loss_cls: 0.1424  layer_-1_loss_bbox: 0.4963  matched_ious: 0.1478  aux_depth_loss: 0.4917  sec_per_iter: 0.9058  iters_per_sec: 1.1000  samples_per_sec: 17.6600  samples_per_sec_per_gpu: 4.4200  max_mem_allocated_mb: 666.3000  max_mem_reserved_mb: 22014.0000
2026/05/05 22:49:59 - mmengine - INFO - Epoch(train)  [6][ 150/5000]  lr: 4.7983e-04  eta: 8:10:51  time: 0.8469  data_time: 0.0155  memory: 17919  grad_norm: 3.8159  loss: 1.5437  loss_heatmap: 0.4964  layer_-1_loss_cls: 0.1265  layer_-1_loss_bbox: 0.4232  matched_ious: 0.2950  aux_depth_loss: 0.4977  sec_per_iter: 0.9024  iters_per_sec: 1.1100  samples_per_sec: 17.7300  samples_per_sec_per_gpu: 4.4300  max_mem_allocated_mb: 666.3000  max_mem_reserved_mb: 22014.0000
2026/05/05 22:50:46 - mmengine - INFO - Epoch(train)  [6][ 200/5000]  lr: 4.7945e-04  eta: 8:10:15  time: 0.9355  data_time: 0.0158  memory: 17864  grad_norm: 3.9682  loss: 1.6284  loss_heatmap: 0.5779  layer_-1_loss_cls: 0.1534  layer_-1_loss_bbox: 0.3929  matched_ious: 0.2406  aux_depth_loss: 0.5042  sec_per_iter: 0.8840  iters_per_sec: 1.1300  samples_per_sec: 18.1000  samples_per_sec_per_gpu: 4.5200  max_mem_allocated_mb: 666.3000  max_mem_reserved_mb: 22014.0000
2026/05/05 22:51:29 - mmengine - INFO - Epoch(train)  [6][ 250/5000]  lr: 4.7906e-04  eta: 8:09:33  time: 0.8476  data_time: 0.0124  memory: 17717  grad_norm: 3.6471  loss: 1.6465  loss_heatmap: 0.5859  layer_-1_loss_cls: 0.1468  layer_-1_loss_bbox: 0.4379  matched_ious: 0.3621  aux_depth_loss: 0.4760  sec_per_iter: 0.8966  iters_per_sec: 1.1200  samples_per_sec: 17.8500  samples_per_sec_per_gpu: 4.4600  max_mem_allocated_mb: 666.3000  max_mem_reserved_mb: 22014.0000
2026/05/05 22:52:15 - mmengine - INFO - Epoch(train)  [6][ 300/5000]  lr: 4.7866e-04  eta: 8:08:57  time: 0.9351  data_time: 0.0174  memory: 17846  grad_norm: 4.3407  loss: 1.6302  loss_heatmap: 0.5622  layer_-1_loss_cls: 0.1484  layer_-1_loss_bbox: 0.4125  matched_ious: 0.3184  aux_depth_loss: 0.5071  sec_per_iter: 0.8868  iters_per_sec: 1.1300  samples_per_sec: 18.0400  samples_per_sec_per_gpu: 4.5100  max_mem_allocated_mb: 666.3000  max_mem_reserved_mb: 22014.0000
2026/05/05 22:52:59 - mmengine - INFO - Epoch(train)  [6][ 350/5000]  lr: 4.7826e-04  eta: 8:08:17  time: 0.8750  data_time: 0.0164  memory: 17806  grad_norm: 3.8330  loss: 1.5814  loss_heatmap: 0.5326  layer_-1_loss_cls: 0.1416  layer_-1_loss_bbox: 0.4199  matched_ious: 0.2876  aux_depth_loss: 0.4872  sec_per_iter: 0.8951  iters_per_sec: 1.1200  samples_per_sec: 17.8700  samples_per_sec_per_gpu: 4.4700  max_mem_allocated_mb: 666.3000  max_mem_reserved_mb: 22014.0000
2026/05/05 22:53:41 - mmengine - INFO - Epoch(train)  [6][ 400/5000]  lr: 4.7786e-04  eta: 8:07:34  time: 0.8396  data_time: 0.0136  memory: 17789  grad_norm: 3.6163  loss: 1.6205  loss_heatmap: 0.5569  layer_-1_loss_cls: 0.1373  layer_-1_loss_bbox: 0.4540  matched_ious: 0.3328  aux_depth_loss: 0.4722  sec_per_iter: 0.8920  iters_per_sec: 1.1200  samples_per_sec: 17.9400  samples_per_sec_per_gpu: 4.4800  max_mem_allocated_mb: 666.3000  max_mem_reserved_mb: 22014.0000
2026/05/05 22:54:24 - mmengine - INFO - Epoch(train)  [6][ 450/5000]  lr: 4.7745e-04  eta: 8:06:53  time: 0.8598  data_time: 0.0146  memory: 17859  grad_norm: 3.5628  loss: 1.5066  loss_heatmap: 0.5039  layer_-1_loss_cls: 0.1321  layer_-1_loss_bbox: 0.3937  matched_ious: 0.2420  aux_depth_loss: 0.4768  sec_per_iter: 0.8855  iters_per_sec: 1.1300  samples_per_sec: 18.0700  samples_per_sec_per_gpu: 4.5200  max_mem_allocated_mb: 666.3000  max_mem_reserved_mb: 22014.0000
2026/05/05 22:55:05 - mmengine - INFO - Epoch(train)  [6][ 500/5000]  lr: 4.7704e-04  eta: 8:06:09  time: 0.8197  data_time: 0.0136  memory: 17738  grad_norm: 3.7622  loss: 1.6118  loss_heatmap: 0.5362  layer_-1_loss_cls: 0.1353  layer_-1_loss_bbox: 0.4580  matched_ious: 0.1473  aux_depth_loss: 0.4823  sec_per_iter: 0.8826  iters_per_sec: 1.1300  samples_per_sec: 18.1300  samples_per_sec_per_gpu: 4.5300  max_mem_allocated_mb: 666.3000  max_mem_reserved_mb: 22014.0000
2026/05/05 22:55:47 - mmengine - INFO - Epoch(train)  [6][ 550/5000]  lr: 4.7663e-04  eta: 8:05:26  time: 0.8417  data_time: 0.0176  memory: 17810  grad_norm: 3.9453  loss: 1.5188  loss_heatmap: 0.4732  layer_-1_loss_cls: 0.1220  layer_-1_loss_bbox: 0.4324  matched_ious: 0.2368  aux_depth_loss: 0.4912  sec_per_iter: 0.8764  iters_per_sec: 1.1400  samples_per_sec: 18.2600  samples_per_sec_per_gpu: 4.5600  max_mem_allocated_mb: 666.3000  max_mem_reserved_mb: 22014.0000
2026/05/05 22:56:30 - mmengine - INFO - Epoch(train)  [6][ 600/5000]  lr: 4.7622e-04  eta: 8:04:44  time: 0.8527  data_time: 0.0130  memory: 17803  grad_norm: 3.8280  loss: 1.5926  loss_heatmap: 0.5343  layer_-1_loss_cls: 0.1327  layer_-1_loss_bbox: 0.4423  matched_ious: 0.3141  aux_depth_loss: 0.4833  sec_per_iter: 0.8732  iters_per_sec: 1.1500  samples_per_sec: 18.3200  samples_per_sec_per_gpu: 4.5800  max_mem_allocated_mb: 666.3000  max_mem_reserved_mb: 22014.0000
2026/05/05 22:57:11 - mmengine - INFO - Epoch(train)  [6][ 650/5000]  lr: 4.7580e-04  eta: 8:04:01  time: 0.8320  data_time: 0.0136  memory: 17986  grad_norm: 3.8012  loss: 1.6276  loss_heatmap: 0.5631  layer_-1_loss_cls: 0.1415  layer_-1_loss_bbox: 0.4449  matched_ious: 0.2082  aux_depth_loss: 0.4782  sec_per_iter: 0.8715  iters_per_sec: 1.1500  samples_per_sec: 18.3600  samples_per_sec_per_gpu: 4.5900  max_mem_allocated_mb: 666.3000  max_mem_reserved_mb: 22014.0000
2026/05/05 22:57:53 - mmengine - INFO - Epoch(train)  [6][ 700/5000]  lr: 4.7537e-04  eta: 8:03:18  time: 0.8319  data_time: 0.0153  memory: 17842  grad_norm: 4.1059  loss: 1.5975  loss_heatmap: 0.5304  layer_-1_loss_cls: 0.1304  layer_-1_loss_bbox: 0.4437  matched_ious: 0.3362  aux_depth_loss: 0.4929  sec_per_iter: 0.8684  iters_per_sec: 1.1500  samples_per_sec: 18.4200  samples_per_sec_per_gpu: 4.6100  max_mem_allocated_mb: 666.3000  max_mem_reserved_mb: 22014.0000
2026/05/05 22:58:35 - mmengine - INFO - Epoch(train)  [6][ 750/5000]  lr: 4.7495e-04  eta: 8:02:35  time: 0.8397  data_time: 0.0149  memory: 17827  grad_norm: 3.7471  loss: 1.3665  loss_heatmap: 0.3962  layer_-1_loss_cls: 0.1089  layer_-1_loss_bbox: 0.3883  matched_ious: 0.3913  aux_depth_loss: 0.4732  sec_per_iter: 0.8658  iters_per_sec: 1.1500  samples_per_sec: 18.4800  samples_per_sec_per_gpu: 4.6200  max_mem_allocated_mb: 666.3000  max_mem_reserved_mb: 22014.0000
2026/05/05 22:59:20 - mmengine - INFO - Epoch(train)  [6][ 800/5000]  lr: 4.7452e-04  eta: 8:01:57  time: 0.9002  data_time: 0.0147  memory: 17778  grad_norm: 4.3422  loss: 1.5636  loss_heatmap: 0.5016  layer_-1_loss_cls: 0.1343  layer_-1_loss_bbox: 0.4414  matched_ious: 0.1784  aux_depth_loss: 0.4863  sec_per_iter: 0.8641  iters_per_sec: 1.1600  samples_per_sec: 18.5200  samples_per_sec_per_gpu: 4.6300  max_mem_allocated_mb: 666.3000  max_mem_reserved_mb: 22014.0000
2026/05/05 23:00:07 - mmengine - INFO - Epoch(train)  [6][ 850/5000]  lr: 4.7408e-04  eta: 8:01:20  time: 0.9377  data_time: 0.0173  memory: 17878  grad_norm: 4.2026  loss: 1.5381  loss_heatmap: 0.5067  layer_-1_loss_cls: 0.1302  layer_-1_loss_bbox: 0.3954  matched_ious: 0.2339  aux_depth_loss: 0.5058  sec_per_iter: 0.8664  iters_per_sec: 1.1500  samples_per_sec: 18.4700  samples_per_sec_per_gpu: 4.6200  max_mem_allocated_mb: 666.3000  max_mem_reserved_mb: 22014.0000
2026/05/05 23:00:48 - mmengine - INFO - Epoch(train)  [6][ 900/5000]  lr: 4.7365e-04  eta: 8:00:37  time: 0.8330  data_time: 0.0133  memory: 17873  grad_norm: 3.9808  loss: 1.4896  loss_heatmap: 0.4651  layer_-1_loss_cls: 0.1174  layer_-1_loss_bbox: 0.3977  matched_ious: 0.1963  aux_depth_loss: 0.5094  sec_per_iter: 0.8706  iters_per_sec: 1.1500  samples_per_sec: 18.3800  samples_per_sec_per_gpu: 4.5900  max_mem_allocated_mb: 666.3000  max_mem_reserved_mb: 22014.0000
2026/05/05 23:01:28 - mmengine - INFO - Epoch(train)  [6][ 950/5000]  lr: 4.7320e-04  eta: 7:59:51  time: 0.7862  data_time: 0.0135  memory: 17708  grad_norm: 3.5603  loss: 1.6342  loss_heatmap: 0.5413  layer_-1_loss_cls: 0.1303  layer_-1_loss_bbox: 0.4874  matched_ious: 0.1949  aux_depth_loss: 0.4752  sec_per_iter: 0.8685  iters_per_sec: 1.1500  samples_per_sec: 18.4200  samples_per_sec_per_gpu: 4.6100  max_mem_allocated_mb: 666.3000  max_mem_reserved_mb: 22014.0000
2026/05/05 23:02:12 - mmengine - INFO - Exp name: zod_bevfusion_dualinit_20260505_161926
2026/05/05 23:02:12 - mmengine - INFO - Epoch(train)  [6][1000/5000]  lr: 4.7276e-04  eta: 7:59:12  time: 0.8880  data_time: 0.0127  memory: 17979  grad_norm: 5.5216  loss: 1.5754  loss_heatmap: 0.5329  layer_-1_loss_cls: 0.1366  layer_-1_loss_bbox: 0.3980  matched_ious: 0.3250  aux_depth_loss: 0.5079  sec_per_iter: 0.8641  iters_per_sec: 1.1600  samples_per_sec: 18.5200  samples_per_sec_per_gpu: 4.6300  max_mem_allocated_mb: 666.3000  max_mem_reserved_mb: 22014.0000
2026/05/05 23:02:54 - mmengine - INFO - Epoch(train)  [6][1050/5000]  lr: 4.7231e-04  eta: 7:58:29  time: 0.8398  data_time: 0.0145  memory: 17862  grad_norm: 3.2454  loss: 1.5929  loss_heatmap: 0.5017  layer_-1_loss_cls: 0.1232  layer_-1_loss_bbox: 0.4903  matched_ious: 0.2166  aux_depth_loss: 0.4777  sec_per_iter: 0.8654  iters_per_sec: 1.1600  samples_per_sec: 18.4900  samples_per_sec_per_gpu: 4.6200  max_mem_allocated_mb: 666.3000  max_mem_reserved_mb: 22014.0000
2026/05/05 23:03:35 - mmengine - INFO - Epoch(train)  [6][1100/5000]  lr: 4.7186e-04  eta: 7:57:45  time: 0.8154  data_time: 0.0164  memory: 17866  grad_norm: 3.7161  loss: 1.6791  loss_heatmap: 0.5684  layer_-1_loss_cls: 0.1457  layer_-1_loss_bbox: 0.4733  matched_ious: 0.3208  aux_depth_loss: 0.4917  sec_per_iter: 0.8641  iters_per_sec: 1.1600  samples_per_sec: 18.5200  samples_per_sec_per_gpu: 4.6300  max_mem_allocated_mb: 666.3000  max_mem_reserved_mb: 22014.0000
2026/05/05 23:04:16 - mmengine - INFO - Epoch(train)  [6][1150/5000]  lr: 4.7141e-04  eta: 7:57:01  time: 0.8249  data_time: 0.0127  memory: 17888  grad_norm: 4.1878  loss: 1.5301  loss_heatmap: 0.4924  layer_-1_loss_cls: 0.1318  layer_-1_loss_bbox: 0.4194  matched_ious: 0.2851  aux_depth_loss: 0.4864  sec_per_iter: 0.8619  iters_per_sec: 1.1600  samples_per_sec: 18.5600  samples_per_sec_per_gpu: 4.6400  max_mem_allocated_mb: 666.3000  max_mem_reserved_mb: 22014.0000
2026/05/05 23:04:59 - mmengine - INFO - Epoch(train)  [6][1200/5000]  lr: 4.7095e-04  eta: 7:56:19  time: 0.8543  data_time: 0.0144  memory: 17798  grad_norm: 3.4965  loss: 1.5410  loss_heatmap: 0.4981  layer_-1_loss_cls: 0.1377  layer_-1_loss_bbox: 0.4256  matched_ious: 0.3427  aux_depth_loss: 0.4796  sec_per_iter: 0.8603  iters_per_sec: 1.1600  samples_per_sec: 18.6000  samples_per_sec_per_gpu: 4.6500  max_mem_allocated_mb: 666.3000  max_mem_reserved_mb: 22014.0000
2026/05/05 23:05:43 - mmengine - INFO - Epoch(train)  [6][1250/5000]  lr: 4.7049e-04  eta: 7:55:39  time: 0.8747  data_time: 0.0130  memory: 17945  grad_norm: 3.9956  loss: 1.6579  loss_heatmap: 0.5647  layer_-1_loss_cls: 0.1399  layer_-1_loss_bbox: 0.4614  matched_ious: 0.2339  aux_depth_loss: 0.4919  sec_per_iter: 0.8601  iters_per_sec: 1.1600  samples_per_sec: 18.6000  samples_per_sec_per_gpu: 4.6500  max_mem_allocated_mb: 666.3000  max_mem_reserved_mb: 22014.0000
2026/05/05 23:06:25 - mmengine - INFO - Epoch(train)  [6][1300/5000]  lr: 4.7003e-04  eta: 7:54:56  time: 0.8421  data_time: 0.0145  memory: 17784  grad_norm: inf  loss: 1.6782  loss_heatmap: 0.6314  layer_-1_loss_cls: 0.1794  layer_-1_loss_bbox: 0.3858  matched_ious: 0.2830  aux_depth_loss: 0.4816  sec_per_iter: 0.8606  iters_per_sec: 1.1600  samples_per_sec: 18.5900  samples_per_sec_per_gpu: 4.6500  max_mem_allocated_mb: 666.3000  max_mem_reserved_mb: 22014.0000
2026/05/05 23:07:12 - mmengine - INFO - Epoch(train)  [6][1350/5000]  lr: 4.6956e-04  eta: 7:54:20  time: 0.9403  data_time: 0.0126  memory: 17767  grad_norm: 4.5856  loss: 1.6526  loss_heatmap: 0.5547  layer_-1_loss_cls: 0.1368  layer_-1_loss_bbox: 0.4476  matched_ious: 0.2083  aux_depth_loss: 0.5135  sec_per_iter: 0.8599  iters_per_sec: 1.1600  samples_per_sec: 18.6100  samples_per_sec_per_gpu: 4.6500  max_mem_allocated_mb: 666.3000  max_mem_reserved_mb: 22014.0000
2026/05/05 23:07:57 - mmengine - INFO - Epoch(train)  [6][1400/5000]  lr: 4.6909e-04  eta: 7:53:42  time: 0.9139  data_time: 0.0194  memory: 17841  grad_norm: 3.7245  loss: 1.5167  loss_heatmap: 0.4963  layer_-1_loss_cls: 0.1320  layer_-1_loss_bbox: 0.4084  matched_ious: 0.2424  aux_depth_loss: 0.4800  sec_per_iter: 0.8629  iters_per_sec: 1.1600  samples_per_sec: 18.5400  samples_per_sec_per_gpu: 4.6400  max_mem_allocated_mb: 666.3000  max_mem_reserved_mb: 22014.0000
2026/05/05 23:08:42 - mmengine - INFO - Epoch(train)  [6][1450/5000]  lr: 4.6861e-04  eta: 7:53:03  time: 0.8890  data_time: 0.0157  memory: 17849  grad_norm: 4.1033  loss: 1.6179  loss_heatmap: 0.5570  layer_-1_loss_cls: 0.1388  layer_-1_loss_bbox: 0.4256  matched_ious: 0.1596  aux_depth_loss: 0.4965  sec_per_iter: 0.8648  iters_per_sec: 1.1600  samples_per_sec: 18.5000  samples_per_sec_per_gpu: 4.6300  max_mem_allocated_mb: 666.3000  max_mem_reserved_mb: 22014.0000
2026/05/05 23:09:24 - mmengine - INFO - Epoch(train)  [6][1500/5000]  lr: 4.6813e-04  eta: 7:52:20  time: 0.8433  data_time: 0.0137  memory: 17996  grad_norm: 4.9592  loss: 1.8354  loss_heatmap: 0.6247  layer_-1_loss_cls: 0.1536  layer_-1_loss_bbox: 0.5405  matched_ious: 0.1817  aux_depth_loss: 0.5166  sec_per_iter: 0.8656  iters_per_sec: 1.1600  samples_per_sec: 18.4900  samples_per_sec_per_gpu: 4.6200  max_mem_allocated_mb: 666.3000  max_mem_reserved_mb: 22014.0000
2026/05/05 23:10:08 - mmengine - INFO - Epoch(train)  [6][1550/5000]  lr: 4.6765e-04  eta: 7:51:41  time: 0.8881  data_time: 0.0129  memory: 17826  grad_norm: 3.7368  loss: 1.5308  loss_heatmap: 0.5126  layer_-1_loss_cls: 0.1346  layer_-1_loss_bbox: 0.3991  matched_ious: 0.2828  aux_depth_loss: 0.4845  sec_per_iter: 0.8648  iters_per_sec: 1.1600  samples_per_sec: 18.5000  samples_per_sec_per_gpu: 4.6300  max_mem_allocated_mb: 666.3000  max_mem_reserved_mb: 22014.0000
2026/05/05 23:10:50 - mmengine - INFO - Epoch(train)  [6][1600/5000]  lr: 4.6717e-04  eta: 7:50:57  time: 0.8206  data_time: 0.0121  memory: 17783  grad_norm: 4.6774  loss: 1.5514  loss_heatmap: 0.5175  layer_-1_loss_cls: 0.1329  layer_-1_loss_bbox: 0.4024  matched_ious: 0.2376  aux_depth_loss: 0.4986  sec_per_iter: 0.8656  iters_per_sec: 1.1600  samples_per_sec: 18.4800  samples_per_sec_per_gpu: 4.6200  max_mem_allocated_mb: 666.3000  max_mem_reserved_mb: 22014.0000
2026/05/05 23:11:35 - mmengine - INFO - Epoch(train)  [6][1650/5000]  lr: 4.6668e-04  eta: 7:50:18  time: 0.9124  data_time: 0.0138  memory: 17840  grad_norm: 3.9094  loss: 1.8121  loss_heatmap: 0.6183  layer_-1_loss_cls: 0.1421  layer_-1_loss_bbox: 0.5475  matched_ious: 0.2520  aux_depth_loss: 0.5042  sec_per_iter: 0.8642  iters_per_sec: 1.1600  samples_per_sec: 18.5100  samples_per_sec_per_gpu: 4.6300  max_mem_allocated_mb: 666.3000  max_mem_reserved_mb: 22014.0000
2026/05/05 23:12:17 - mmengine - INFO - Epoch(train)  [6][1700/5000]  lr: 4.6619e-04  eta: 7:49:36  time: 0.8432  data_time: 0.0144  memory: 17728  grad_norm: 4.2278  loss: 1.6894  loss_heatmap: 0.5867  layer_-1_loss_cls: 0.1451  layer_-1_loss_bbox: 0.4614  matched_ious: 0.1922  aux_depth_loss: 0.4962  sec_per_iter: 0.8657  iters_per_sec: 1.1600  samples_per_sec: 18.4800  samples_per_sec_per_gpu: 4.6200  max_mem_allocated_mb: 666.3000  max_mem_reserved_mb: 22014.0000
2026/05/05 23:13:02 - mmengine - INFO - Epoch(train)  [6][1750/5000]  lr: 4.6569e-04  eta: 7:48:56  time: 0.8911  data_time: 0.0162  memory: 18006  grad_norm: 3.7040  loss: 1.5761  loss_heatmap: 0.5527  layer_-1_loss_cls: 0.1425  layer_-1_loss_bbox: 0.3904  matched_ious: 0.2859  aux_depth_loss: 0.4905  sec_per_iter: 0.8650  iters_per_sec: 1.1600  samples_per_sec: 18.5000  samples_per_sec_per_gpu: 4.6200  max_mem_allocated_mb: 666.3000  max_mem_reserved_mb: 22014.0000
2026/05/05 23:13:46 - mmengine - INFO - Epoch(train)  [6][1800/5000]  lr: 4.6520e-04  eta: 7:48:16  time: 0.8804  data_time: 0.0128  memory: 17673  grad_norm: 4.1992  loss: 1.5593  loss_heatmap: 0.5150  layer_-1_loss_cls: 0.1299  layer_-1_loss_bbox: 0.3994  matched_ious: 0.2432  aux_depth_loss: 0.5150  sec_per_iter: 0.8657  iters_per_sec: 1.1600  samples_per_sec: 18.4800  samples_per_sec_per_gpu: 4.6200  max_mem_allocated_mb: 666.3000  max_mem_reserved_mb: 22014.0000
2026/05/05 23:14:30 - mmengine - INFO - Epoch(train)  [6][1850/5000]  lr: 4.6469e-04  eta: 7:47:36  time: 0.8794  data_time: 0.0149  memory: 17733  grad_norm: 3.7367  loss: 1.6802  loss_heatmap: 0.5593  layer_-1_loss_cls: 0.1284  layer_-1_loss_bbox: 0.5009  matched_ious: 0.3529  aux_depth_loss: 0.4915  sec_per_iter: 0.8661  iters_per_sec: 1.1500  samples_per_sec: 18.4700  samples_per_sec_per_gpu: 4.6200  max_mem_allocated_mb: 666.3000  max_mem_reserved_mb: 22014.0000
2026/05/05 23:15:14 - mmengine - INFO - Epoch(train)  [6][1900/5000]  lr: 4.6419e-04  eta: 7:46:56  time: 0.8874  data_time: 0.0165  memory: 17926  grad_norm: 4.4403  loss: 1.8125  loss_heatmap: 0.6650  layer_-1_loss_cls: 0.1669  layer_-1_loss_bbox: 0.4713  matched_ious: 0.3352  aux_depth_loss: 0.5093  sec_per_iter: 0.8665  iters_per_sec: 1.1500  samples_per_sec: 18.4600  samples_per_sec_per_gpu: 4.6200  max_mem_allocated_mb: 666.3000  max_mem_reserved_mb: 22014.0000
2026/05/05 23:15:57 - mmengine - INFO - Epoch(train)  [6][1950/5000]  lr: 4.6368e-04  eta: 7:46:14  time: 0.8480  data_time: 0.0153  memory: 17752  grad_norm: 3.9912  loss: 1.6962  loss_heatmap: 0.5764  layer_-1_loss_cls: 0.1349  layer_-1_loss_bbox: 0.4993  matched_ious: 0.3194  aux_depth_loss: 0.4856  sec_per_iter: 0.8670  iters_per_sec: 1.1500  samples_per_sec: 18.4500  samples_per_sec_per_gpu: 4.6100  max_mem_allocated_mb: 666.3000  max_mem_reserved_mb: 22014.0000
2026/05/05 23:16:41 - mmengine - INFO - Exp name: zod_bevfusion_dualinit_20260505_161926
2026/05/05 23:16:41 - mmengine - INFO - Epoch(train)  [6][2000/5000]  lr: 4.6317e-04  eta: 7:45:35  time: 0.8935  data_time: 0.0171  memory: 18165  grad_norm: 4.1394  loss: 1.5950  loss_heatmap: 0.5459  layer_-1_loss_cls: 0.1387  layer_-1_loss_bbox: 0.4135  matched_ious: 0.2806  aux_depth_loss: 0.4969  sec_per_iter: 0.8666  iters_per_sec: 1.1500  samples_per_sec: 18.4600  samples_per_sec_per_gpu: 4.6200  max_mem_allocated_mb: 666.3000  max_mem_reserved_mb: 22014.0000
2026/05/05 23:17:25 - mmengine - INFO - Epoch(train)  [6][2050/5000]  lr: 4.6266e-04  eta: 7:44:54  time: 0.8693  data_time: 0.0133  memory: 17754  grad_norm: 3.8672  loss: 1.6008  loss_heatmap: 0.5479  layer_-1_loss_cls: 0.1351  layer_-1_loss_bbox: 0.4342  matched_ious: 0.2964  aux_depth_loss: 0.4836  sec_per_iter: 0.8672  iters_per_sec: 1.1500  samples_per_sec: 18.4500  samples_per_sec_per_gpu: 4.6100  max_mem_allocated_mb: 666.3000  max_mem_reserved_mb: 22014.0000
2026/05/05 23:18:07 - mmengine - INFO - Epoch(train)  [6][2100/5000]  lr: 4.6214e-04  eta: 7:44:11  time: 0.8364  data_time: 0.0127  memory: 18035  grad_norm: 3.7197  loss: 1.4918  loss_heatmap: 0.5019  layer_-1_loss_cls: 0.1314  layer_-1_loss_bbox: 0.3745  matched_ious: 0.3454  aux_depth_loss: 0.4840  sec_per_iter: 0.8673  iters_per_sec: 1.1500  samples_per_sec: 18.4500  samples_per_sec_per_gpu: 4.6100  max_mem_allocated_mb: 666.3000  max_mem_reserved_mb: 22014.0000
2026/05/05 23:18:51 - mmengine - INFO - Epoch(train)  [6][2150/5000]  lr: 4.6162e-04  eta: 7:43:30  time: 0.8787  data_time: 0.0127  memory: 17955  grad_norm: 3.5615  loss: 1.5116  loss_heatmap: 0.5025  layer_-1_loss_cls: 0.1263  layer_-1_loss_bbox: 0.4076  matched_ious: 0.1707  aux_depth_loss: 0.4753  sec_per_iter: 0.8665  iters_per_sec: 1.1500  samples_per_sec: 18.4600  samples_per_sec_per_gpu: 4.6200  max_mem_allocated_mb: 666.3000  max_mem_reserved_mb: 22014.0000
2026/05/05 23:19:36 - mmengine - INFO - Epoch(train)  [6][2200/5000]  lr: 4.6109e-04  eta: 7:42:52  time: 0.9167  data_time: 0.0141  memory: 17807  grad_norm: 3.2029  loss: 1.4626  loss_heatmap: 0.4960  layer_-1_loss_cls: 0.1292  layer_-1_loss_bbox: 0.3723  matched_ious: 0.3120  aux_depth_loss: 0.4651  sec_per_iter: 0.8668  iters_per_sec: 1.1500  samples_per_sec: 18.4600  samples_per_sec_per_gpu: 4.6100  max_mem_allocated_mb: 666.3000  max_mem_reserved_mb: 22014.0000
2026/05/05 23:20:19 - mmengine - INFO - Epoch(train)  [6][2250/5000]  lr: 4.6057e-04  eta: 7:42:10  time: 0.8467  data_time: 0.0147  memory: 17770  grad_norm: 4.4427  loss: 1.5894  loss_heatmap: 0.5314  layer_-1_loss_cls: 0.1418  layer_-1_loss_bbox: 0.4196  matched_ious: 0.1809  aux_depth_loss: 0.4967  sec_per_iter: 0.8680  iters_per_sec: 1.1500  samples_per_sec: 18.4300  samples_per_sec_per_gpu: 4.6100  max_mem_allocated_mb: 666.3000  max_mem_reserved_mb: 22014.0000
2026/05/05 23:21:01 - mmengine - INFO - Epoch(train)  [6][2300/5000]  lr: 4.6003e-04  eta: 7:41:27  time: 0.8414  data_time: 0.0134  memory: 17726  grad_norm: 3.5494  loss: 1.6599  loss_heatmap: 0.5603  layer_-1_loss_cls: 0.1422  layer_-1_loss_bbox: 0.4834  matched_ious: 0.3951  aux_depth_loss: 0.4740  sec_per_iter: 0.8675  iters_per_sec: 1.1500  samples_per_sec: 18.4400  samples_per_sec_per_gpu: 4.6100  max_mem_allocated_mb: 666.3000  max_mem_reserved_mb: 22014.0000
2026/05/05 23:21:44 - mmengine - INFO - Epoch(train)  [6][2350/5000]  lr: 4.5950e-04  eta: 7:40:47  time: 0.8747  data_time: 0.0154  memory: 17870  grad_norm: 3.9945  loss: 1.5936  loss_heatmap: 0.5066  layer_-1_loss_cls: 0.1265  layer_-1_loss_bbox: 0.4850  matched_ious: 0.3944  aux_depth_loss: 0.4755  sec_per_iter: 0.8669  iters_per_sec: 1.1500  samples_per_sec: 18.4600  samples_per_sec_per_gpu: 4.6100  max_mem_allocated_mb: 666.3000  max_mem_reserved_mb: 22014.0000
2026/05/05 23:22:25 - mmengine - INFO - Epoch(train)  [6][2400/5000]  lr: 4.5896e-04  eta: 7:40:02  time: 0.8174  data_time: 0.0129  memory: 17783  grad_norm: 4.0422  loss: 1.5855  loss_heatmap: 0.5379  layer_-1_loss_cls: 0.1478  layer_-1_loss_bbox: 0.4073  matched_ious: 0.2319  aux_depth_loss: 0.4925  sec_per_iter: 0.8671  iters_per_sec: 1.1500  samples_per_sec: 18.4500  samples_per_sec_per_gpu: 4.6100  max_mem_allocated_mb: 666.3000  max_mem_reserved_mb: 22014.0000
2026/05/05 23:23:13 - mmengine - INFO - Epoch(train)  [6][2450/5000]  lr: 4.5842e-04  eta: 7:39:27  time: 0.9552  data_time: 0.0129  memory: 17997  grad_norm: 3.7669  loss: 1.5815  loss_heatmap: 0.5150  layer_-1_loss_cls: 0.1318  layer_-1_loss_bbox: 0.4488  matched_ious: 0.3384  aux_depth_loss: 0.4859  sec_per_iter: 0.8661  iters_per_sec: 1.1500  samples_per_sec: 18.4700  samples_per_sec_per_gpu: 4.6200  max_mem_allocated_mb: 666.3000  max_mem_reserved_mb: 22014.0000
2026/05/05 23:24:00 - mmengine - INFO - Epoch(train)  [6][2500/5000]  lr: 4.5788e-04  eta: 7:38:49  time: 0.9359  data_time: 0.0126  memory: 17880  grad_norm: 3.7029  loss: 1.5074  loss_heatmap: 0.5193  layer_-1_loss_cls: 0.1367  layer_-1_loss_bbox: 0.3820  matched_ious: 0.3135  aux_depth_loss: 0.4695  sec_per_iter: 0.8679  iters_per_sec: 1.1500  samples_per_sec: 18.4400  samples_per_sec_per_gpu: 4.6100  max_mem_allocated_mb: 666.3000  max_mem_reserved_mb: 22014.0000
2026/05/05 23:24:41 - mmengine - INFO - Epoch(train)  [6][2550/5000]  lr: 4.5733e-04  eta: 7:38:06  time: 0.8264  data_time: 0.0147  memory: 17838  grad_norm: 3.7331  loss: 1.5848  loss_heatmap: 0.5501  layer_-1_loss_cls: 0.1387  layer_-1_loss_bbox: 0.4283  matched_ious: 0.1655  aux_depth_loss: 0.4677  sec_per_iter: 0.8692  iters_per_sec: 1.1500  samples_per_sec: 18.4100  samples_per_sec_per_gpu: 4.6000  max_mem_allocated_mb: 666.3000  max_mem_reserved_mb: 22014.0000
2026/05/05 23:25:23 - mmengine - INFO - Epoch(train)  [6][2600/5000]  lr: 4.5678e-04  eta: 7:37:23  time: 0.8449  data_time: 0.0117  memory: 17779  grad_norm: 4.0127  loss: 1.8061  loss_heatmap: 0.6295  layer_-1_loss_cls: 0.1524  layer_-1_loss_bbox: 0.5383  matched_ious: 0.2658  aux_depth_loss: 0.4859  sec_per_iter: 0.8684  iters_per_sec: 1.1500  samples_per_sec: 18.4200  samples_per_sec_per_gpu: 4.6100  max_mem_allocated_mb: 666.3000  max_mem_reserved_mb: 22014.0000
2026/05/05 23:26:06 - mmengine - INFO - Epoch(train)  [6][2650/5000]  lr: 4.5623e-04  eta: 7:36:41  time: 0.8540  data_time: 0.0147  memory: 17814  grad_norm: 4.2398  loss: 1.6103  loss_heatmap: 0.5537  layer_-1_loss_cls: 0.1461  layer_-1_loss_bbox: 0.4309  matched_ious: 0.2584  aux_depth_loss: 0.4796  sec_per_iter: 0.8680  iters_per_sec: 1.1500  samples_per_sec: 18.4300  samples_per_sec_per_gpu: 4.6100  max_mem_allocated_mb: 666.3000  max_mem_reserved_mb: 22014.0000
2026/05/05 23:26:51 - mmengine - INFO - Epoch(train)  [6][2700/5000]  lr: 4.5567e-04  eta: 7:36:01  time: 0.8865  data_time: 0.0127  memory: 17822  grad_norm: 3.9037  loss: 1.6174  loss_heatmap: 0.5290  layer_-1_loss_cls: 0.1313  layer_-1_loss_bbox: 0.4767  matched_ious: 0.4388  aux_depth_loss: 0.4805  sec_per_iter: 0.8677  iters_per_sec: 1.1500  samples_per_sec: 18.4400  samples_per_sec_per_gpu: 4.6100  max_mem_allocated_mb: 666.3000  max_mem_reserved_mb: 22014.0000
2026/05/05 23:27:37 - mmengine - INFO - Epoch(train)  [6][2750/5000]  lr: 4.5511e-04  eta: 7:35:24  time: 0.9263  data_time: 0.0204  memory: 17870  grad_norm: 4.4937  loss: 1.6736  loss_heatmap: 0.5746  layer_-1_loss_cls: 0.1413  layer_-1_loss_bbox: 0.4678  matched_ious: 0.1799  aux_depth_loss: 0.4899  sec_per_iter: 0.8680  iters_per_sec: 1.1500  samples_per_sec: 18.4300  samples_per_sec_per_gpu: 4.6100  max_mem_allocated_mb: 666.3000  max_mem_reserved_mb: 22014.0000
2026/05/05 23:28:21 - mmengine - INFO - Epoch(train)  [6][2800/5000]  lr: 4.5455e-04  eta: 7:34:43  time: 0.8805  data_time: 0.0152  memory: 17762  grad_norm: 3.7520  loss: 1.6404  loss_heatmap: 0.5763  layer_-1_loss_cls: 0.1403  layer_-1_loss_bbox: 0.4381  matched_ious: 0.2202  aux_depth_loss: 0.4857  sec_per_iter: 0.8691  iters_per_sec: 1.1500  samples_per_sec: 18.4100  samples_per_sec_per_gpu: 4.6000  max_mem_allocated_mb: 666.3000  max_mem_reserved_mb: 22014.0000
2026/05/05 23:29:04 - mmengine - INFO - Epoch(train)  [6][2850/5000]  lr: 4.5398e-04  eta: 7:34:02  time: 0.8697  data_time: 0.0150  memory: 17888  grad_norm: 4.0337  loss: 1.7307  loss_heatmap: 0.6014  layer_-1_loss_cls: 0.1464  layer_-1_loss_bbox: 0.4981  matched_ious: 0.2506  aux_depth_loss: 0.4848  sec_per_iter: 0.8693  iters_per_sec: 1.1500  samples_per_sec: 18.4100  samples_per_sec_per_gpu: 4.6000  max_mem_allocated_mb: 666.3000  max_mem_reserved_mb: 22014.0000
2026/05/05 23:29:47 - mmengine - INFO - Epoch(train)  [6][2900/5000]  lr: 4.5341e-04  eta: 7:33:20  time: 0.8548  data_time: 0.0153  memory: 17830  grad_norm: 3.7655  loss: 1.6077  loss_heatmap: 0.5382  layer_-1_loss_cls: 0.1267  layer_-1_loss_bbox: 0.4583  matched_ious: 0.3032  aux_depth_loss: 0.4844  sec_per_iter: 0.8693  iters_per_sec: 1.1500  samples_per_sec: 18.4100  samples_per_sec_per_gpu: 4.6000  max_mem_allocated_mb: 666.3000  max_mem_reserved_mb: 22014.0000
2026/05/05 23:30:31 - mmengine - INFO - Epoch(train)  [6][2950/5000]  lr: 4.5284e-04  eta: 7:32:39  time: 0.8730  data_time: 0.0166  memory: 18185  grad_norm: 3.8566  loss: 1.5407  loss_heatmap: 0.5280  layer_-1_loss_cls: 0.1374  layer_-1_loss_bbox: 0.3911  matched_ious: 0.3209  aux_depth_loss: 0.4841  sec_per_iter: 0.8691  iters_per_sec: 1.1500  samples_per_sec: 18.4100  samples_per_sec_per_gpu: 4.6000  max_mem_allocated_mb: 666.3000  max_mem_reserved_mb: 22014.0000
2026/05/05 23:31:16 - mmengine - INFO - Exp name: zod_bevfusion_dualinit_20260505_161926
2026/05/05 23:31:16 - mmengine - INFO - Epoch(train)  [6][3000/5000]  lr: 4.5227e-04  eta: 7:32:00  time: 0.9056  data_time: 0.0202  memory: 18042  grad_norm: 4.2345  loss: 1.5974  loss_heatmap: 0.5472  layer_-1_loss_cls: 0.1413  layer_-1_loss_bbox: 0.4172  matched_ious: 0.2752  aux_depth_loss: 0.4917  sec_per_iter: 0.8691  iters_per_sec: 1.1500  samples_per_sec: 18.4100  samples_per_sec_per_gpu: 4.6000  max_mem_allocated_mb: 666.3000  max_mem_reserved_mb: 22014.0000
2026/05/05 23:32:00 - mmengine - INFO - Epoch(train)  [6][3050/5000]  lr: 4.5169e-04  eta: 7:31:20  time: 0.8813  data_time: 0.0129  memory: 17806  grad_norm: 3.9338  loss: 1.7861  loss_heatmap: 0.6133  layer_-1_loss_cls: 0.1463  layer_-1_loss_bbox: 0.5359  matched_ious: 0.2543  aux_depth_loss: 0.4906  sec_per_iter: 0.8697  iters_per_sec: 1.1500  samples_per_sec: 18.4000  samples_per_sec_per_gpu: 4.6000  max_mem_allocated_mb: 666.3000  max_mem_reserved_mb: 22014.0000
2026/05/05 23:32:43 - mmengine - INFO - Epoch(train)  [6][3100/5000]  lr: 4.5111e-04  eta: 7:30:38  time: 0.8535  data_time: 0.0137  memory: 17891  grad_norm: 4.4414  loss: 1.6190  loss_heatmap: 0.5605  layer_-1_loss_cls: 0.1482  layer_-1_loss_bbox: 0.4176  matched_ious: 0.3831  aux_depth_loss: 0.4927  sec_per_iter: 0.8699  iters_per_sec: 1.1500  samples_per_sec: 18.3900  samples_per_sec_per_gpu: 4.6000  max_mem_allocated_mb: 666.3000  max_mem_reserved_mb: 22014.0000
2026/05/05 23:33:24 - mmengine - INFO - Epoch(train)  [6][3150/5000]  lr: 4.5052e-04  eta: 7:29:54  time: 0.8168  data_time: 0.0128  memory: 17790  grad_norm: 3.8585  loss: 1.6787  loss_heatmap: 0.5652  layer_-1_loss_cls: 0.1359  layer_-1_loss_bbox: 0.4848  matched_ious: 0.2070  aux_depth_loss: 0.4927  sec_per_iter: 0.8697  iters_per_sec: 1.1500  samples_per_sec: 18.4000  samples_per_sec_per_gpu: 4.6000  max_mem_allocated_mb: 666.3000  max_mem_reserved_mb: 22014.0000
2026/05/05 23:34:07 - mmengine - INFO - Epoch(train)  [6][3200/5000]  lr: 4.4993e-04  eta: 7:29:12  time: 0.8660  data_time: 0.0124  memory: 18028  grad_norm: 4.0134  loss: 1.4543  loss_heatmap: 0.4572  layer_-1_loss_cls: 0.1219  layer_-1_loss_bbox: 0.3754  matched_ious: 0.3105  aux_depth_loss: 0.4998  sec_per_iter: 0.8688  iters_per_sec: 1.1500  samples_per_sec: 18.4200  samples_per_sec_per_gpu: 4.6000  max_mem_allocated_mb: 666.3000  max_mem_reserved_mb: 22014.0000
2026/05/05 23:34:54 - mmengine - INFO - Epoch(train)  [6][3250/5000]  lr: 4.4934e-04  eta: 7:28:35  time: 0.9382  data_time: 0.0158  memory: 17715  grad_norm: 3.9962  loss: 1.6253  loss_heatmap: 0.5461  layer_-1_loss_cls: 0.1439  layer_-1_loss_bbox: 0.4587  matched_ious: 0.3121  aux_depth_loss: 0.4765  sec_per_iter: 0.8688  iters_per_sec: 1.1500  samples_per_sec: 18.4200  samples_per_sec_per_gpu: 4.6000  max_mem_allocated_mb: 666.3000  max_mem_reserved_mb: 22014.0000
2026/05/05 23:35:37 - mmengine - INFO - Epoch(train)  [6][3300/5000]  lr: 4.4875e-04  eta: 7:27:54  time: 0.8650  data_time: 0.0149  memory: 17774  grad_norm: 4.4502  loss: 1.5821  loss_heatmap: 0.5431  layer_-1_loss_cls: 0.1397  layer_-1_loss_bbox: 0.4114  matched_ious: 0.2919  aux_depth_loss: 0.4878  sec_per_iter: 0.8699  iters_per_sec: 1.1500  samples_per_sec: 18.3900  samples_per_sec_per_gpu: 4.6000  max_mem_allocated_mb: 666.3000  max_mem_reserved_mb: 22014.0000
2026/05/05 23:36:18 - mmengine - INFO - Epoch(train)  [6][3350/5000]  lr: 4.4815e-04  eta: 7:27:09  time: 0.8156  data_time: 0.0141  memory: 17934  grad_norm: 3.8500  loss: 1.5672  loss_heatmap: 0.5378  layer_-1_loss_cls: 0.1396  layer_-1_loss_bbox: 0.3987  matched_ious: 0.2838  aux_depth_loss: 0.4911  sec_per_iter: 0.8698  iters_per_sec: 1.1500  samples_per_sec: 18.4000  samples_per_sec_per_gpu: 4.6000  max_mem_allocated_mb: 666.3000  max_mem_reserved_mb: 22014.0000
2026/05/05 23:37:01 - mmengine - INFO - Epoch(train)  [6][3400/5000]  lr: 4.4755e-04  eta: 7:26:28  time: 0.8675  data_time: 0.0153  memory: 17838  grad_norm: 3.9910  loss: 1.6178  loss_heatmap: 0.5465  layer_-1_loss_cls: 0.1424  layer_-1_loss_bbox: 0.4471  matched_ious: 0.1472  aux_depth_loss: 0.4819  sec_per_iter: 0.8690  iters_per_sec: 1.1500  samples_per_sec: 18.4100  samples_per_sec_per_gpu: 4.6000  max_mem_allocated_mb: 666.3000  max_mem_reserved_mb: 22014.0000
2026/05/05 23:37:42 - mmengine - INFO - Epoch(train)  [6][3450/5000]  lr: 4.4695e-04  eta: 7:25:44  time: 0.8238  data_time: 0.0148  memory: 17842  grad_norm: 3.8683  loss: 1.6657  loss_heatmap: 0.5824  layer_-1_loss_cls: 0.1455  layer_-1_loss_bbox: 0.4551  matched_ious: 0.4007  aux_depth_loss: 0.4826  sec_per_iter: 0.8689  iters_per_sec: 1.1500  samples_per_sec: 18.4100  samples_per_sec_per_gpu: 4.6000  max_mem_allocated_mb: 666.3000  max_mem_reserved_mb: 22014.0000
2026/05/05 23:38:27 - mmengine - INFO - Epoch(train)  [6][3500/5000]  lr: 4.4634e-04  eta: 7:25:04  time: 0.8837  data_time: 0.0149  memory: 17912  grad_norm: 3.9250  loss: 1.6138  loss_heatmap: 0.5420  layer_-1_loss_cls: 0.1319  layer_-1_loss_bbox: 0.4630  matched_ious: 0.2983  aux_depth_loss: 0.4769  sec_per_iter: 0.8683  iters_per_sec: 1.1500  samples_per_sec: 18.4300  samples_per_sec_per_gpu: 4.6100  max_mem_allocated_mb: 666.3000  max_mem_reserved_mb: 22014.0000
2026/05/05 23:39:08 - mmengine - INFO - Epoch(train)  [6][3550/5000]  lr: 4.4573e-04  eta: 7:24:20  time: 0.8205  data_time: 0.0137  memory: 17786  grad_norm: 3.9618  loss: 1.4675  loss_heatmap: 0.4852  layer_-1_loss_cls: 0.1299  layer_-1_loss_bbox: 0.3609  matched_ious: 0.2836  aux_depth_loss: 0.4915  sec_per_iter: 0.8685  iters_per_sec: 1.1500  samples_per_sec: 18.4200  samples_per_sec_per_gpu: 4.6100  max_mem_allocated_mb: 666.3000  max_mem_reserved_mb: 22014.0000
2026/05/05 23:39:52 - mmengine - INFO - Epoch(train)  [6][3600/5000]  lr: 4.4512e-04  eta: 7:23:40  time: 0.8883  data_time: 0.0154  memory: 17898  grad_norm: 4.4366  loss: 1.6222  loss_heatmap: 0.5479  layer_-1_loss_cls: 0.1328  layer_-1_loss_bbox: 0.4525  matched_ious: 0.1981  aux_depth_loss: 0.4890  sec_per_iter: 0.8678  iters_per_sec: 1.1500  samples_per_sec: 18.4400  samples_per_sec_per_gpu: 4.6100  max_mem_allocated_mb: 666.3000  max_mem_reserved_mb: 22014.0000
2026/05/05 23:40:38 - mmengine - INFO - Epoch(train)  [6][3650/5000]  lr: 4.4451e-04  eta: 7:23:02  time: 0.9235  data_time: 0.0145  memory: 17816  grad_norm: 3.4752  loss: 1.6417  loss_heatmap: 0.5656  layer_-1_loss_cls: 0.1342  layer_-1_loss_bbox: 0.4628  matched_ious: 0.2401  aux_depth_loss: 0.4792  sec_per_iter: 0.8681  iters_per_sec: 1.1500  samples_per_sec: 18.4300  samples_per_sec_per_gpu: 4.6100  max_mem_allocated_mb: 666.3000  max_mem_reserved_mb: 22014.0000
2026/05/05 23:41:24 - mmengine - INFO - Epoch(train)  [6][3700/5000]  lr: 4.4389e-04  eta: 7:22:23  time: 0.9143  data_time: 0.0140  memory: 17908  grad_norm: 4.4212  loss: 1.5396  loss_heatmap: 0.5012  layer_-1_loss_cls: 0.1260  layer_-1_loss_bbox: 0.4349  matched_ious: 0.2451  aux_depth_loss: 0.4775  sec_per_iter: 0.8689  iters_per_sec: 1.1500  samples_per_sec: 18.4100  samples_per_sec_per_gpu: 4.6000  max_mem_allocated_mb: 666.3000  max_mem_reserved_mb: 22014.0000
2026/05/05 23:42:06 - mmengine - INFO - Epoch(train)  [6][3750/5000]  lr: 4.4327e-04  eta: 7:21:40  time: 0.8338  data_time: 0.0141  memory: 17988  grad_norm: nan  loss: 1.6219  loss_heatmap: 0.5624  layer_-1_loss_cls: 0.1445  layer_-1_loss_bbox: 0.4346  matched_ious: 0.2076  aux_depth_loss: 0.4804  sec_per_iter: 0.8695  iters_per_sec: 1.1500  samples_per_sec: 18.4000  samples_per_sec_per_gpu: 4.6000  max_mem_allocated_mb: 666.3000  max_mem_reserved_mb: 22014.0000
2026/05/05 23:42:48 - mmengine - INFO - Epoch(train)  [6][3800/5000]  lr: 4.4264e-04  eta: 7:20:57  time: 0.8442  data_time: 0.0146  memory: 17907  grad_norm: 3.5387  loss: 1.5225  loss_heatmap: 0.4863  layer_-1_loss_cls: 0.1260  layer_-1_loss_bbox: 0.4333  matched_ious: 0.2078  aux_depth_loss: 0.4769  sec_per_iter: 0.8690  iters_per_sec: 1.1500  samples_per_sec: 18.4100  samples_per_sec_per_gpu: 4.6000  max_mem_allocated_mb: 666.3000  max_mem_reserved_mb: 22014.0000
2026/05/05 23:43:31 - mmengine - INFO - Epoch(train)  [6][3850/5000]  lr: 4.4201e-04  eta: 7:20:15  time: 0.8553  data_time: 0.0128  memory: 17718  grad_norm: 3.3831  loss: 1.6252  loss_heatmap: 0.5515  layer_-1_loss_cls: 0.1370  layer_-1_loss_bbox: 0.4650  matched_ious: 0.3167  aux_depth_loss: 0.4717  sec_per_iter: 0.8687  iters_per_sec: 1.1500  samples_per_sec: 18.4200  samples_per_sec_per_gpu: 4.6000  max_mem_allocated_mb: 666.3000  max_mem_reserved_mb: 22014.0000
2026/05/05 23:44:14 - mmengine - INFO - Epoch(train)  [6][3900/5000]  lr: 4.4138e-04  eta: 7:19:34  time: 0.8713  data_time: 0.0128  memory: 17887  grad_norm: 3.8375  loss: 1.5682  loss_heatmap: 0.5204  layer_-1_loss_cls: 0.1367  layer_-1_loss_bbox: 0.4362  matched_ious: 0.1466  aux_depth_loss: 0.4749  sec_per_iter: 0.8685  iters_per_sec: 1.1500  samples_per_sec: 18.4200  samples_per_sec_per_gpu: 4.6100  max_mem_allocated_mb: 666.3000  max_mem_reserved_mb: 22014.0000
2026/05/05 23:44:55 - mmengine - INFO - Epoch(train)  [6][3950/5000]  lr: 4.4075e-04  eta: 7:18:50  time: 0.8247  data_time: 0.0132  memory: 18004  grad_norm: 3.7904  loss: 1.5984  loss_heatmap: 0.5584  layer_-1_loss_cls: 0.1389  layer_-1_loss_bbox: 0.4221  matched_ious: 0.3322  aux_depth_loss: 0.4790  sec_per_iter: 0.8686  iters_per_sec: 1.1500  samples_per_sec: 18.4200  samples_per_sec_per_gpu: 4.6100  max_mem_allocated_mb: 666.3000  max_mem_reserved_mb: 22014.0000
2026/05/05 23:45:38 - mmengine - INFO - Exp name: zod_bevfusion_dualinit_20260505_161926
2026/05/05 23:45:38 - mmengine - INFO - Epoch(train)  [6][4000/5000]  lr: 4.4011e-04  eta: 7:18:08  time: 0.8447  data_time: 0.0128  memory: 17715  grad_norm: 3.8894  loss: 1.5854  loss_heatmap: 0.5351  layer_-1_loss_cls: 0.1327  layer_-1_loss_bbox: 0.4352  matched_ious: 0.1949  aux_depth_loss: 0.4825  sec_per_iter: 0.8680  iters_per_sec: 1.1500  samples_per_sec: 18.4300  samples_per_sec_per_gpu: 4.6100  max_mem_allocated_mb: 666.3000  max_mem_reserved_mb: 22014.0000
2026/05/05 23:46:18 - mmengine - INFO - Epoch(train)  [6][4050/5000]  lr: 4.3948e-04  eta: 7:17:23  time: 0.8061  data_time: 0.0135  memory: 17926  grad_norm: 4.2472  loss: 1.6296  loss_heatmap: 0.5403  layer_-1_loss_cls: 0.1432  layer_-1_loss_bbox: 0.4528  matched_ious: 0.1927  aux_depth_loss: 0.4933  sec_per_iter: 0.8677  iters_per_sec: 1.1500  samples_per_sec: 18.4400  samples_per_sec_per_gpu: 4.6100  max_mem_allocated_mb: 666.3000  max_mem_reserved_mb: 22014.0000
2026/05/05 23:47:09 - mmengine - INFO - Epoch(train)  [6][4100/5000]  lr: 4.3883e-04  eta: 7:16:50  time: 1.0287  data_time: 0.1738  memory: 17734  grad_norm: 5.0895  loss: 1.6247  loss_heatmap: 0.5406  layer_-1_loss_cls: 0.1425  layer_-1_loss_bbox: 0.4267  matched_ious: 0.2362  aux_depth_loss: 0.5150  sec_per_iter: 0.8670  iters_per_sec: 1.1500  samples_per_sec: 18.4600  samples_per_sec_per_gpu: 4.6100  max_mem_allocated_mb: 666.3000  max_mem_reserved_mb: 22014.0000
2026/05/05 23:47:51 - mmengine - INFO - Epoch(train)  [6][4150/5000]  lr: 4.3819e-04  eta: 7:16:08  time: 0.8414  data_time: 0.0121  memory: 17874  grad_norm: 4.0552  loss: 1.5681  loss_heatmap: 0.5029  layer_-1_loss_cls: 0.1259  layer_-1_loss_bbox: 0.4377  matched_ious: 0.2177  aux_depth_loss: 0.5015  sec_per_iter: 0.8689  iters_per_sec: 1.1500  samples_per_sec: 18.4100  samples_per_sec_per_gpu: 4.6000  max_mem_allocated_mb: 666.3000  max_mem_reserved_mb: 22014.0000
2026/05/05 23:48:34 - mmengine - INFO - Epoch(train)  [6][4200/5000]  lr: 4.3754e-04  eta: 7:15:25  time: 0.8473  data_time: 0.0144  memory: 17709  grad_norm: 3.4553  loss: 1.6254  loss_heatmap: 0.5642  layer_-1_loss_cls: 0.1498  layer_-1_loss_bbox: 0.4353  matched_ious: 0.2555  aux_depth_loss: 0.4761  sec_per_iter: 0.8686  iters_per_sec: 1.1500  samples_per_sec: 18.4200  samples_per_sec_per_gpu: 4.6100  max_mem_allocated_mb: 666.3000  max_mem_reserved_mb: 22014.0000
2026/05/05 23:49:15 - mmengine - INFO - Epoch(train)  [6][4250/5000]  lr: 4.3689e-04  eta: 7:14:41  time: 0.8189  data_time: 0.0124  memory: 18055  grad_norm: 4.4234  loss: 1.5628  loss_heatmap: 0.5043  layer_-1_loss_cls: 0.1247  layer_-1_loss_bbox: 0.4196  matched_ious: 0.1638  aux_depth_loss: 0.5143  sec_per_iter: 0.8683  iters_per_sec: 1.1500  samples_per_sec: 18.4300  samples_per_sec_per_gpu: 4.6100  max_mem_allocated_mb: 666.3000  max_mem_reserved_mb: 22014.0000
2026/05/05 23:49:57 - mmengine - INFO - Epoch(train)  [6][4300/5000]  lr: 4.3624e-04  eta: 7:13:59  time: 0.8443  data_time: 0.0141  memory: 17817  grad_norm: 4.0075  loss: 1.6656  loss_heatmap: 0.5805  layer_-1_loss_cls: 0.1458  layer_-1_loss_bbox: 0.4396  matched_ious: 0.1358  aux_depth_loss: 0.4998  sec_per_iter: 0.8678  iters_per_sec: 1.1500  samples_per_sec: 18.4400  samples_per_sec_per_gpu: 4.6100  max_mem_allocated_mb: 666.3000  max_mem_reserved_mb: 22014.0000
2026/05/05 23:50:41 - mmengine - INFO - Epoch(train)  [6][4350/5000]  lr: 4.3558e-04  eta: 7:13:18  time: 0.8771  data_time: 0.0130  memory: 17908  grad_norm: 3.9589  loss: 1.5775  loss_heatmap: 0.5307  layer_-1_loss_cls: 0.1331  layer_-1_loss_bbox: 0.4306  matched_ious: 0.2531  aux_depth_loss: 0.4831  sec_per_iter: 0.8675  iters_per_sec: 1.1500  samples_per_sec: 18.4400  samples_per_sec_per_gpu: 4.6100  max_mem_allocated_mb: 666.3000  max_mem_reserved_mb: 22014.0000
2026/05/05 23:51:24 - mmengine - INFO - Epoch(train)  [6][4400/5000]  lr: 4.3492e-04  eta: 7:12:36  time: 0.8680  data_time: 0.0156  memory: 17864  grad_norm: 3.8071  loss: 1.7399  loss_heatmap: 0.5722  layer_-1_loss_cls: 0.1444  layer_-1_loss_bbox: 0.5352  matched_ious: 0.3363  aux_depth_loss: 0.4881  sec_per_iter: 0.8676  iters_per_sec: 1.1500  samples_per_sec: 18.4400  samples_per_sec_per_gpu: 4.6100  max_mem_allocated_mb: 666.3000  max_mem_reserved_mb: 22014.0000
2026/05/05 23:52:10 - mmengine - INFO - Epoch(train)  [6][4450/5000]  lr: 4.3426e-04  eta: 7:11:57  time: 0.9163  data_time: 0.0125  memory: 17906  grad_norm: 3.6232  loss: 1.7788  loss_heatmap: 0.5948  layer_-1_loss_cls: 0.1387  layer_-1_loss_bbox: 0.5604  matched_ious: 0.3651  aux_depth_loss: 0.4849  sec_per_iter: 0.8676  iters_per_sec: 1.1500  samples_per_sec: 18.4400  samples_per_sec_per_gpu: 4.6100  max_mem_allocated_mb: 666.3000  max_mem_reserved_mb: 22014.0000
2026/05/05 23:52:51 - mmengine - INFO - Epoch(train)  [6][4500/5000]  lr: 4.3359e-04  eta: 7:11:13  time: 0.8155  data_time: 0.0141  memory: 17887  grad_norm: 3.2069  loss: 1.4673  loss_heatmap: 0.4798  layer_-1_loss_cls: 0.1236  layer_-1_loss_bbox: 0.4051  matched_ious: 0.1624  aux_depth_loss: 0.4588  sec_per_iter: 0.8682  iters_per_sec: 1.1500  samples_per_sec: 18.4300  samples_per_sec_per_gpu: 4.6100  max_mem_allocated_mb: 666.3000  max_mem_reserved_mb: 22014.0000
2026/05/05 23:53:32 - mmengine - INFO - Epoch(train)  [6][4550/5000]  lr: 4.3293e-04  eta: 7:10:30  time: 0.8321  data_time: 0.0128  memory: 17807  grad_norm: 3.4577  loss: 1.6249  loss_heatmap: 0.5644  layer_-1_loss_cls: 0.1403  layer_-1_loss_bbox: 0.4533  matched_ious: 0.2508  aux_depth_loss: 0.4669  sec_per_iter: 0.8676  iters_per_sec: 1.1500  samples_per_sec: 18.4400  samples_per_sec_per_gpu: 4.6100  max_mem_allocated_mb: 666.3000  max_mem_reserved_mb: 22014.0000
2026/05/05 23:54:14 - mmengine - INFO - Epoch(train)  [6][4600/5000]  lr: 4.3226e-04  eta: 7:09:46  time: 0.8242  data_time: 0.0125  memory: 17946  grad_norm: 3.7889  loss: 1.5554  loss_heatmap: 0.5226  layer_-1_loss_cls: 0.1362  layer_-1_loss_bbox: 0.4129  matched_ious: 0.2937  aux_depth_loss: 0.4838  sec_per_iter: 0.8672  iters_per_sec: 1.1500  samples_per_sec: 18.4500  samples_per_sec_per_gpu: 4.6100  max_mem_allocated_mb: 666.3000  max_mem_reserved_mb: 22014.0000
2026/05/05 23:54:55 - mmengine - INFO - Epoch(train)  [6][4650/5000]  lr: 4.3158e-04  eta: 7:09:03  time: 0.8257  data_time: 0.0146  memory: 17773  grad_norm: 3.9100  loss: 1.5271  loss_heatmap: 0.4857  layer_-1_loss_cls: 0.1208  layer_-1_loss_bbox: 0.4321  matched_ious: 0.2118  aux_depth_loss: 0.4885  sec_per_iter: 0.8667  iters_per_sec: 1.1500  samples_per_sec: 18.4600  samples_per_sec_per_gpu: 4.6200  max_mem_allocated_mb: 666.3000  max_mem_reserved_mb: 22014.0000
2026/05/05 23:55:37 - mmengine - INFO - Epoch(train)  [6][4700/5000]  lr: 4.3091e-04  eta: 7:08:20  time: 0.8363  data_time: 0.0133  memory: 17884  grad_norm: 3.7268  loss: 1.5642  loss_heatmap: 0.5253  layer_-1_loss_cls: 0.1350  layer_-1_loss_bbox: 0.4180  matched_ious: 0.3657  aux_depth_loss: 0.4859  sec_per_iter: 0.8663  iters_per_sec: 1.1500  samples_per_sec: 18.4700  samples_per_sec_per_gpu: 4.6200  max_mem_allocated_mb: 666.3000  max_mem_reserved_mb: 22014.0000
2026/05/05 23:56:22 - mmengine - INFO - Epoch(train)  [6][4750/5000]  lr: 4.3023e-04  eta: 7:07:40  time: 0.8995  data_time: 0.0122  memory: 17840  grad_norm: 3.9284  loss: 1.5346  loss_heatmap: 0.5125  layer_-1_loss_cls: 0.1327  layer_-1_loss_bbox: 0.4053  matched_ious: 0.3331  aux_depth_loss: 0.4841  sec_per_iter: 0.8660  iters_per_sec: 1.1500  samples_per_sec: 18.4800  samples_per_sec_per_gpu: 4.6200  max_mem_allocated_mb: 666.3000  max_mem_reserved_mb: 22014.0000
2026/05/05 23:57:06 - mmengine - INFO - Epoch(train)  [6][4800/5000]  lr: 4.2955e-04  eta: 7:07:00  time: 0.8894  data_time: 0.0128  memory: 17835  grad_norm: 3.5530  loss: 1.5812  loss_heatmap: 0.5212  layer_-1_loss_cls: 0.1346  layer_-1_loss_bbox: 0.4571  matched_ious: 0.3578  aux_depth_loss: 0.4684  sec_per_iter: 0.8663  iters_per_sec: 1.1500  samples_per_sec: 18.4700  samples_per_sec_per_gpu: 4.6200  max_mem_allocated_mb: 666.3000  max_mem_reserved_mb: 22014.0000
2026/05/05 23:57:46 - mmengine - INFO - Epoch(train)  [6][4850/5000]  lr: 4.2886e-04  eta: 7:06:15  time: 0.7999  data_time: 0.0140  memory: 17862  grad_norm: 3.8019  loss: 1.6331  loss_heatmap: 0.5590  layer_-1_loss_cls: 0.1359  layer_-1_loss_bbox: 0.4608  matched_ious: 0.2625  aux_depth_loss: 0.4773  sec_per_iter: 0.8665  iters_per_sec: 1.1500  samples_per_sec: 18.4600  samples_per_sec_per_gpu: 4.6200  max_mem_allocated_mb: 666.3000  max_mem_reserved_mb: 22014.0000
2026/05/05 23:58:31 - mmengine - INFO - Epoch(train)  [6][4900/5000]  lr: 4.2817e-04  eta: 7:05:34  time: 0.8894  data_time: 0.0143  memory: 17824  grad_norm: 3.6687  loss: 1.4481  loss_heatmap: 0.4596  layer_-1_loss_cls: 0.1191  layer_-1_loss_bbox: 0.4063  matched_ious: 0.2035  aux_depth_loss: 0.4632  sec_per_iter: 0.8659  iters_per_sec: 1.1500  samples_per_sec: 18.4800  samples_per_sec_per_gpu: 4.6200  max_mem_allocated_mb: 666.3000  max_mem_reserved_mb: 22014.0000
2026/05/05 23:59:14 - mmengine - INFO - Epoch(train)  [6][4950/5000]  lr: 4.2748e-04  eta: 7:04:53  time: 0.8592  data_time: 0.0167  memory: 17920  grad_norm: 4.3896  loss: 1.6183  loss_heatmap: 0.5696  layer_-1_loss_cls: 0.1455  layer_-1_loss_bbox: 0.4181  matched_ious: 0.1895  aux_depth_loss: 0.4850  sec_per_iter: 0.8661  iters_per_sec: 1.1500  samples_per_sec: 18.4700  samples_per_sec_per_gpu: 4.6200  max_mem_allocated_mb: 666.3000  max_mem_reserved_mb: 22014.0000
2026/05/05 23:59:57 - mmengine - INFO - Exp name: zod_bevfusion_dualinit_20260505_161926
2026/05/05 23:59:57 - mmengine - INFO - Epoch(train)  [6][5000/5000]  lr: 4.2679e-04  eta: 7:04:11  time: 0.8670  data_time: 0.0158  memory: 17946  grad_norm: 4.1763  loss: 1.6321  loss_heatmap: 0.5862  layer_-1_loss_cls: 0.1471  layer_-1_loss_bbox: 0.4164  matched_ious: 0.2757  aux_depth_loss: 0.4824  sec_per_iter: 0.8660  iters_per_sec: 1.1500  samples_per_sec: 18.4800  samples_per_sec_per_gpu: 4.6200  max_mem_allocated_mb: 666.3000  max_mem_reserved_mb: 22014.0000
2026/05/05 23:59:57 - mmengine - INFO - [Efficiency] Epoch 6: wall=4330.2s  iters=5000  sec/iter=0.866  mem_alloc=666MB  mem_rsv=22014MB
2026/05/05 23:59:57 - mmengine - INFO - Saving checkpoint at 6 epochs
2026/05/06 00:00:13 - mmengine - INFO - Epoch(val)  [6][  50/1250]    eta: 0:05:00  time: 0.2503  data_time: 0.0101  memory: 4781  
2026/05/06 00:00:25 - mmengine - INFO - Epoch(val)  [6][ 100/1250]    eta: 0:04:43  time: 0.2418  data_time: 0.0054  memory: 4786  
2026/05/06 00:00:37 - mmengine - INFO - Epoch(val)  [6][ 150/1250]    eta: 0:04:29  time: 0.2437  data_time: 0.0057  memory: 4789  
2026/05/06 00:00:49 - mmengine - INFO - Epoch(val)  [6][ 200/1250]    eta: 0:04:16  time: 0.2426  data_time: 0.0059  memory: 4787  
2026/05/06 00:01:02 - mmengine - INFO - Epoch(val)  [6][ 250/1250]    eta: 0:04:06  time: 0.2521  data_time: 0.0057  memory: 4776  
2026/05/06 00:01:14 - mmengine - INFO - Epoch(val)  [6][ 300/1250]    eta: 0:03:53  time: 0.2441  data_time: 0.0056  memory: 4784  
2026/05/06 00:01:27 - mmengine - INFO - Epoch(val)  [6][ 350/1250]    eta: 0:03:41  time: 0.2493  data_time: 0.0053  memory: 4787  
2026/05/06 00:01:39 - mmengine - INFO - Epoch(val)  [6][ 400/1250]    eta: 0:03:29  time: 0.2495  data_time: 0.0058  memory: 4777  
2026/05/06 00:01:53 - mmengine - INFO - Epoch(val)  [6][ 450/1250]    eta: 0:03:19  time: 0.2755  data_time: 0.0055  memory: 4780  
2026/05/06 00:02:05 - mmengine - INFO - Epoch(val)  [6][ 500/1250]    eta: 0:03:07  time: 0.2481  data_time: 0.0061  memory: 4780  
2026/05/06 00:02:18 - mmengine - INFO - Epoch(val)  [6][ 550/1250]    eta: 0:02:54  time: 0.2484  data_time: 0.0066  memory: 4780  
2026/05/06 00:02:30 - mmengine - INFO - Epoch(val)  [6][ 600/1250]    eta: 0:02:41  time: 0.2395  data_time: 0.0073  memory: 4784  
2026/05/06 00:02:42 - mmengine - INFO - Epoch(val)  [6][ 650/1250]    eta: 0:02:29  time: 0.2497  data_time: 0.0055  memory: 4784  
2026/05/06 00:02:54 - mmengine - INFO - Epoch(val)  [6][ 700/1250]    eta: 0:02:16  time: 0.2447  data_time: 0.0060  memory: 4781  
2026/05/06 00:03:07 - mmengine - INFO - Epoch(val)  [6][ 750/1250]    eta: 0:02:04  time: 0.2495  data_time: 0.0064  memory: 4783  
2026/05/06 00:03:19 - mmengine - INFO - Epoch(val)  [6][ 800/1250]    eta: 0:01:51  time: 0.2445  data_time: 0.0071  memory: 4778  
2026/05/06 00:03:31 - mmengine - INFO - Epoch(val)  [6][ 850/1250]    eta: 0:01:39  time: 0.2360  data_time: 0.0060  memory: 4783  
2026/05/06 00:03:43 - mmengine - INFO - Epoch(val)  [6][ 900/1250]    eta: 0:01:26  time: 0.2506  data_time: 0.0064  memory: 4787  
2026/05/06 00:03:55 - mmengine - INFO - Epoch(val)  [6][ 950/1250]    eta: 0:01:14  time: 0.2370  data_time: 0.0058  memory: 4783  
2026/05/06 00:04:09 - mmengine - INFO - Epoch(val)  [6][1000/1250]    eta: 0:01:02  time: 0.2799  data_time: 0.0059  memory: 4786  
2026/05/06 00:04:21 - mmengine - INFO - Epoch(val)  [6][1050/1250]    eta: 0:00:49  time: 0.2407  data_time: 0.0060  memory: 4786  
2026/05/06 00:04:33 - mmengine - INFO - Epoch(val)  [6][1100/1250]    eta: 0:00:37  time: 0.2395  data_time: 0.0061  memory: 4787  
2026/05/06 00:04:46 - mmengine - INFO - Epoch(val)  [6][1150/1250]    eta: 0:00:24  time: 0.2463  data_time: 0.0058  memory: 4781  
2026/05/06 00:04:58 - mmengine - INFO - Epoch(val)  [6][1200/1250]    eta: 0:00:12  time: 0.2389  data_time: 0.0062  memory: 4779  
2026/05/06 00:05:10 - mmengine - INFO - Epoch(val)  [6][1250/1250]    eta: 0:00:00  time: 0.2530  data_time: 0.0069  memory: 4783  
2026/05/06 00:06:28 - mmengine - INFO - 
+------------+---------+---------+---------+---------+
| classes    | AP_0.25 | AR_0.25 | AP_0.50 | AR_0.50 |
+------------+---------+---------+---------+---------+
| pedestrian | 0.7869  | 0.9226  | 0.3914  | 0.5610  |
+------------+---------+---------+---------+---------+
| Overall    | 0.7869  | 0.9226  | 0.3914  | 0.5610  |
+------------+---------+---------+---------+---------+
2026/05/06 00:06:58 - mmengine - INFO - 
+------------+---------+---------+---------+---------+---------+---------+---------+---------+
| classes    | AP_0.5m | AR_0.5m | AP_1.0m | AR_1.0m | AP_2.0m | AR_2.0m | AP_4.0m | AR_4.0m |
+------------+---------+---------+---------+---------+---------+---------+---------+---------+
| pedestrian | 0.8191  | 0.9644  | 0.8285  | 0.9730  | 0.8329  | 0.9768  | 0.8385  | 0.9824  |
+------------+---------+---------+---------+---------+---------+---------+---------+---------+
| Overall    | 0.8191  | 0.9644  | 0.8285  | 0.9730  | 0.8329  | 0.9768  | 0.8385  | 0.9824  |
+------------+---------+---------+---------+---------+---------+---------+---------+---------+
2026/05/06 00:06:59 - mmengine - INFO - Epoch(val) [6][1250/1250]    pedestrian_AP_0.25: 0.7869  mAP_0.25: 0.7869  pedestrian_rec_0.25: 0.9226  mAR_0.25: 0.9226  pedestrian_AP_0.50: 0.3914  mAP_0.50: 0.3914  pedestrian_rec_0.50: 0.5610  mAR_0.50: 0.5610  pedestrian_AP_0.5m: 0.8191  pedestrian_rec_0.5m: 0.9644  pedestrian_AP_1.0m: 0.8285  pedestrian_rec_1.0m: 0.9730  pedestrian_AP_2.0m: 0.8329  pedestrian_rec_2.0m: 0.9768  pedestrian_AP_4.0m: 0.8385  pedestrian_rec_4.0m: 0.9824  mAP_0.5m: 0.8191  mAR_0.5m: 0.9644  mAP_1.0m: 0.8285  mAR_1.0m: 0.9730  mAP_2.0m: 0.8329  mAR_2.0m: 0.9768  mAP_4.0m: 0.8385  mAR_4.0m: 0.9824  data_time: 0.0062  time: 0.2478
2026/05/06 00:07:45 - mmengine - INFO - Epoch(train)  [7][  50/5000]  lr: 4.2610e-04  eta: 7:03:31  time: 0.9059  data_time: 0.0283  memory: 17767  grad_norm: 3.9703  loss: 1.5276  loss_heatmap: 0.5216  layer_-1_loss_cls: 0.1383  layer_-1_loss_bbox: 0.3862  matched_ious: 0.3588  aux_depth_loss: 0.4816  sec_per_iter: 0.8660  iters_per_sec: 1.1500  samples_per_sec: 18.4700  samples_per_sec_per_gpu: 4.6200  max_mem_allocated_mb: 666.3000  max_mem_reserved_mb: 22014.0000
2026/05/06 00:08:29 - mmengine - INFO - Epoch(train)  [7][ 100/5000]  lr: 4.2540e-04  eta: 7:02:51  time: 0.8812  data_time: 0.0154  memory: 17849  grad_norm: 3.5949  loss: 1.5021  loss_heatmap: 0.4820  layer_-1_loss_cls: 0.1214  layer_-1_loss_bbox: 0.4304  matched_ious: 0.2901  aux_depth_loss: 0.4683  sec_per_iter: 0.9064  iters_per_sec: 1.1000  samples_per_sec: 17.6500  samples_per_sec_per_gpu: 4.4100  max_mem_allocated_mb: 666.3000  max_mem_reserved_mb: 22014.0000
2026/05/06 00:09:10 - mmengine - INFO - Epoch(train)  [7][ 150/5000]  lr: 4.2470e-04  eta: 7:02:07  time: 0.8185  data_time: 0.0128  memory: 17826  grad_norm: 3.9348  loss: 1.6453  loss_heatmap: 0.5474  layer_-1_loss_cls: 0.1356  layer_-1_loss_bbox: 0.4849  matched_ious: 0.2971  aux_depth_loss: 0.4774  sec_per_iter: 0.8939  iters_per_sec: 1.1200  samples_per_sec: 17.9000  samples_per_sec_per_gpu: 4.4700  max_mem_allocated_mb: 666.3000  max_mem_reserved_mb: 22014.0000
2026/05/06 00:09:51 - mmengine - INFO - Epoch(train)  [7][ 200/5000]  lr: 4.2399e-04  eta: 7:01:23  time: 0.8220  data_time: 0.0129  memory: 17765  grad_norm: 3.8065  loss: 1.6338  loss_heatmap: 0.5270  layer_-1_loss_cls: 0.1340  layer_-1_loss_bbox: 0.4994  matched_ious: 0.3660  aux_depth_loss: 0.4734  sec_per_iter: 0.8687  iters_per_sec: 1.1500  samples_per_sec: 18.4200  samples_per_sec_per_gpu: 4.6000  max_mem_allocated_mb: 666.3000  max_mem_reserved_mb: 22014.0000
2026/05/06 00:10:31 - mmengine - INFO - Epoch(train)  [7][ 250/5000]  lr: 4.2329e-04  eta: 7:00:39  time: 0.8066  data_time: 0.0129  memory: 17884  grad_norm: 4.2573  loss: 1.5476  loss_heatmap: 0.4982  layer_-1_loss_cls: 0.1235  layer_-1_loss_bbox: 0.4347  matched_ious: 0.4797  aux_depth_loss: 0.4912  sec_per_iter: 0.8571  iters_per_sec: 1.1700  samples_per_sec: 18.6700  samples_per_sec_per_gpu: 4.6700  max_mem_allocated_mb: 666.3000  max_mem_reserved_mb: 22014.0000
2026/05/06 00:11:11 - mmengine - INFO - Epoch(train)  [7][ 300/5000]  lr: 4.2258e-04  eta: 6:59:54  time: 0.8009  data_time: 0.0136  memory: 17746  grad_norm: 3.8902  loss: 1.5492  loss_heatmap: 0.5027  layer_-1_loss_cls: 0.1285  layer_-1_loss_bbox: 0.4365  matched_ious: 0.3448  aux_depth_loss: 0.4815  sec_per_iter: 0.8469  iters_per_sec: 1.1800  samples_per_sec: 18.8900  samples_per_sec_per_gpu: 4.7200  max_mem_allocated_mb: 666.3000  max_mem_reserved_mb: 22014.0000
2026/05/06 00:11:53 - mmengine - INFO - Epoch(train)  [7][ 350/5000]  lr: 4.2187e-04  eta: 6:59:11  time: 0.8315  data_time: 0.0133  memory: 17856  grad_norm: 3.7850  loss: 1.6404  loss_heatmap: 0.5485  layer_-1_loss_cls: 0.1408  layer_-1_loss_bbox: 0.4795  matched_ious: 0.2559  aux_depth_loss: 0.4717  sec_per_iter: 0.8393  iters_per_sec: 1.1900  samples_per_sec: 19.0600  samples_per_sec_per_gpu: 4.7700  max_mem_allocated_mb: 666.3000  max_mem_reserved_mb: 22014.0000
2026/05/06 00:12:34 - mmengine - INFO - Epoch(train)  [7][ 400/5000]  lr: 4.2115e-04  eta: 6:58:27  time: 0.8270  data_time: 0.0125  memory: 18014  grad_norm: 3.9590  loss: 1.5434  loss_heatmap: 0.5205  layer_-1_loss_cls: 0.1351  layer_-1_loss_bbox: 0.4070  matched_ious: 0.2462  aux_depth_loss: 0.4807  sec_per_iter: 0.8383  iters_per_sec: 1.1900  samples_per_sec: 19.0900  samples_per_sec_per_gpu: 4.7700  max_mem_allocated_mb: 666.3000  max_mem_reserved_mb: 22014.0000
2026/05/06 00:13:15 - mmengine - INFO - Epoch(train)  [7][ 450/5000]  lr: 4.2043e-04  eta: 6:57:43  time: 0.8218  data_time: 0.0138  memory: 17800  grad_norm: 3.5459  loss: 1.5187  loss_heatmap: 0.5126  layer_-1_loss_cls: 0.1376  layer_-1_loss_bbox: 0.3948  matched_ious: 0.2411  aux_depth_loss: 0.4736  sec_per_iter: 0.8368  iters_per_sec: 1.1900  samples_per_sec: 19.1200  samples_per_sec_per_gpu: 4.7800  max_mem_allocated_mb: 666.3000  max_mem_reserved_mb: 22014.0000
2026/05/06 00:13:56 - mmengine - INFO - Epoch(train)  [7][ 500/5000]  lr: 4.1972e-04  eta: 6:57:00  time: 0.8194  data_time: 0.0136  memory: 17848  grad_norm: 4.9560  loss: 1.6081  loss_heatmap: 0.5353  layer_-1_loss_cls: 0.1397  layer_-1_loss_bbox: 0.4577  matched_ious: 0.0705  aux_depth_loss: 0.4754  sec_per_iter: 0.8351  iters_per_sec: 1.2000  samples_per_sec: 19.1600  samples_per_sec_per_gpu: 4.7900  max_mem_allocated_mb: 666.3000  max_mem_reserved_mb: 22014.0000
2026/05/06 00:14:38 - mmengine - INFO - Epoch(train)  [7][ 550/5000]  lr: 4.1899e-04  eta: 6:56:17  time: 0.8336  data_time: 0.0127  memory: 17936  grad_norm: 3.5793  loss: 1.4712  loss_heatmap: 0.4728  layer_-1_loss_cls: 0.1239  layer_-1_loss_bbox: 0.4016  matched_ious: 0.2404  aux_depth_loss: 0.4728  sec_per_iter: 0.8336  iters_per_sec: 1.2000  samples_per_sec: 19.1900  samples_per_sec_per_gpu: 4.8000  max_mem_allocated_mb: 666.3000  max_mem_reserved_mb: 22014.0000
2026/05/06 00:15:20 - mmengine - INFO - Epoch(train)  [7][ 600/5000]  lr: 4.1827e-04  eta: 6:55:33  time: 0.8326  data_time: 0.0145  memory: 17788  grad_norm: 4.2503  loss: 1.6385  loss_heatmap: 0.5746  layer_-1_loss_cls: 0.1516  layer_-1_loss_bbox: 0.4355  matched_ious: 0.2419  aux_depth_loss: 0.4769  sec_per_iter: 0.8336  iters_per_sec: 1.2000  samples_per_sec: 19.1900  samples_per_sec_per_gpu: 4.8000  max_mem_allocated_mb: 666.3000  max_mem_reserved_mb: 22014.0000
2026/05/06 00:16:02 - mmengine - INFO - Epoch(train)  [7][ 650/5000]  lr: 4.1754e-04  eta: 6:54:51  time: 0.8402  data_time: 0.0139  memory: 17745  grad_norm: 3.8212  loss: 1.4400  loss_heatmap: 0.4460  layer_-1_loss_cls: 0.1099  layer_-1_loss_bbox: 0.4162  matched_ious: 0.4017  aux_depth_loss: 0.4680  sec_per_iter: 0.8335  iters_per_sec: 1.2000  samples_per_sec: 19.2000  samples_per_sec_per_gpu: 4.8000  max_mem_allocated_mb: 666.3000  max_mem_reserved_mb: 22014.0000
2026/05/06 00:16:44 - mmengine - INFO - Epoch(train)  [7][ 700/5000]  lr: 4.1681e-04  eta: 6:54:08  time: 0.8453  data_time: 0.0146  memory: 17833  grad_norm: 4.0389  loss: 1.6217  loss_heatmap: 0.5480  layer_-1_loss_cls: 0.1304  layer_-1_loss_bbox: 0.4722  matched_ious: 0.2073  aux_depth_loss: 0.4711  sec_per_iter: 0.8340  iters_per_sec: 1.2000  samples_per_sec: 19.1800  samples_per_sec_per_gpu: 4.8000  max_mem_allocated_mb: 666.3000  max_mem_reserved_mb: 22014.0000
2026/05/06 00:17:27 - mmengine - INFO - Epoch(train)  [7][ 750/5000]  lr: 4.1608e-04  eta: 6:53:27  time: 0.8690  data_time: 0.0147  memory: 17972  grad_norm: 3.8062  loss: 1.5590  loss_heatmap: 0.5052  layer_-1_loss_cls: 0.1191  layer_-1_loss_bbox: 0.4450  matched_ious: 0.2139  aux_depth_loss: 0.4897  sec_per_iter: 0.8348  iters_per_sec: 1.2000  samples_per_sec: 19.1700  samples_per_sec_per_gpu: 4.7900  max_mem_allocated_mb: 666.3000  max_mem_reserved_mb: 22014.0000
2026/05/06 00:18:07 - mmengine - INFO - Epoch(train)  [7][ 800/5000]  lr: 4.1534e-04  eta: 6:52:42  time: 0.7984  data_time: 0.0129  memory: 17764  grad_norm: 3.6602  loss: 1.5538  loss_heatmap: 0.5160  layer_-1_loss_cls: 0.1310  layer_-1_loss_bbox: 0.4273  matched_ious: 0.3626  aux_depth_loss: 0.4795  sec_per_iter: 0.8371  iters_per_sec: 1.1900  samples_per_sec: 19.1100  samples_per_sec_per_gpu: 4.7800  max_mem_allocated_mb: 666.3000  max_mem_reserved_mb: 22014.0000
2026/05/06 00:18:48 - mmengine - INFO - Epoch(train)  [7][ 850/5000]  lr: 4.1461e-04  eta: 6:51:58  time: 0.8174  data_time: 0.0158  memory: 17642  grad_norm: 4.0597  loss: 1.6327  loss_heatmap: 0.5399  layer_-1_loss_cls: 0.1291  layer_-1_loss_bbox: 0.4689  matched_ious: 0.2309  aux_depth_loss: 0.4948  sec_per_iter: 0.8347  iters_per_sec: 1.2000  samples_per_sec: 19.1700  samples_per_sec_per_gpu: 4.7900  max_mem_allocated_mb: 666.3000  max_mem_reserved_mb: 22014.0000
2026/05/06 00:19:30 - mmengine - INFO - Epoch(train)  [7][ 900/5000]  lr: 4.1387e-04  eta: 6:51:15  time: 0.8428  data_time: 0.0136  memory: 17722  grad_norm: 4.5358  loss: 1.4389  loss_heatmap: 0.4640  layer_-1_loss_cls: 0.1262  layer_-1_loss_bbox: 0.3639  matched_ious: 0.2512  aux_depth_loss: 0.4847  sec_per_iter: 0.8337  iters_per_sec: 1.2000  samples_per_sec: 19.1900  samples_per_sec_per_gpu: 4.8000  max_mem_allocated_mb: 666.3000  max_mem_reserved_mb: 22014.0000
2026/05/06 00:20:12 - mmengine - INFO - Epoch(train)  [7][ 950/5000]  lr: 4.1312e-04  eta: 6:50:33  time: 0.8376  data_time: 0.0154  memory: 17862  grad_norm: 3.9147  loss: 1.5671  loss_heatmap: 0.5321  layer_-1_loss_cls: 0.1407  layer_-1_loss_bbox: 0.4210  matched_ious: 0.3286  aux_depth_loss: 0.4733  sec_per_iter: 0.8342  iters_per_sec: 1.2000  samples_per_sec: 19.1800  samples_per_sec_per_gpu: 4.7900  max_mem_allocated_mb: 666.3000  max_mem_reserved_mb: 22014.0000
2026/05/06 00:20:53 - mmengine - INFO - Exp name: zod_bevfusion_dualinit_20260505_161926
2026/05/06 00:20:53 - mmengine - INFO - Epoch(train)  [7][1000/5000]  lr: 4.1238e-04  eta: 6:49:48  time: 0.8092  data_time: 0.0154  memory: 17818  grad_norm: 3.8189  loss: 1.5579  loss_heatmap: 0.5143  layer_-1_loss_cls: 0.1284  layer_-1_loss_bbox: 0.4503  matched_ious: 0.3345  aux_depth_loss: 0.4648  sec_per_iter: 0.8344  iters_per_sec: 1.2000  samples_per_sec: 19.1800  samples_per_sec_per_gpu: 4.7900  max_mem_allocated_mb: 666.3000  max_mem_reserved_mb: 22014.0000
2026/05/06 00:21:33 - mmengine - INFO - Epoch(train)  [7][1050/5000]  lr: 4.1163e-04  eta: 6:49:04  time: 0.8125  data_time: 0.0147  memory: 17933  grad_norm: inf  loss: 1.5939  loss_heatmap: 0.5932  layer_-1_loss_cls: 0.1484  layer_-1_loss_bbox: 0.3725  matched_ious: 0.2336  aux_depth_loss: 0.4798  sec_per_iter: 0.8331  iters_per_sec: 1.2000  samples_per_sec: 19.2000  samples_per_sec_per_gpu: 4.8000  max_mem_allocated_mb: 666.3000  max_mem_reserved_mb: 22014.0000
2026/05/06 00:22:16 - mmengine - INFO - Epoch(train)  [7][1100/5000]  lr: 4.1088e-04  eta: 6:48:22  time: 0.8493  data_time: 0.0150  memory: 17729  grad_norm: 3.7314  loss: 1.4848  loss_heatmap: 0.4660  layer_-1_loss_cls: 0.1195  layer_-1_loss_bbox: 0.4256  matched_ious: 0.2850  aux_depth_loss: 0.4737  sec_per_iter: 0.8321  iters_per_sec: 1.2000  samples_per_sec: 19.2300  samples_per_sec_per_gpu: 4.8100  max_mem_allocated_mb: 666.3000  max_mem_reserved_mb: 22014.0000
2026/05/06 00:22:58 - mmengine - INFO - Epoch(train)  [7][1150/5000]  lr: 4.1013e-04  eta: 6:47:40  time: 0.8468  data_time: 0.0133  memory: 17811  grad_norm: 3.8123  loss: 1.5577  loss_heatmap: 0.5459  layer_-1_loss_cls: 0.1356  layer_-1_loss_bbox: 0.4084  matched_ious: 0.2123  aux_depth_loss: 0.4677  sec_per_iter: 0.8329  iters_per_sec: 1.2000  samples_per_sec: 19.2100  samples_per_sec_per_gpu: 4.8000  max_mem_allocated_mb: 666.3000  max_mem_reserved_mb: 22014.0000
2026/05/06 00:23:41 - mmengine - INFO - Epoch(train)  [7][1200/5000]  lr: 4.0937e-04  eta: 6:46:57  time: 0.8483  data_time: 0.0129  memory: 17752  grad_norm: 3.6115  loss: 1.6062  loss_heatmap: 0.5704  layer_-1_loss_cls: 0.1451  layer_-1_loss_bbox: 0.4180  matched_ious: 0.2176  aux_depth_loss: 0.4727  sec_per_iter: 0.8335  iters_per_sec: 1.2000  samples_per_sec: 19.2000  samples_per_sec_per_gpu: 4.8000  max_mem_allocated_mb: 666.3000  max_mem_reserved_mb: 22014.0000
2026/05/06 00:24:23 - mmengine - INFO - Epoch(train)  [7][1250/5000]  lr: 4.0861e-04  eta: 6:46:15  time: 0.8457  data_time: 0.0138  memory: 17779  grad_norm: 4.3398  loss: 1.5886  loss_heatmap: 0.5704  layer_-1_loss_cls: 0.1416  layer_-1_loss_bbox: 0.4066  matched_ious: 0.2548  aux_depth_loss: 0.4700  sec_per_iter: 0.8341  iters_per_sec: 1.2000  samples_per_sec: 19.1800  samples_per_sec_per_gpu: 4.8000  max_mem_allocated_mb: 666.3000  max_mem_reserved_mb: 22014.0000
2026/05/06 00:25:03 - mmengine - INFO - Epoch(train)  [7][1300/5000]  lr: 4.0785e-04  eta: 6:45:31  time: 0.8107  data_time: 0.0117  memory: 17772  grad_norm: 4.0997  loss: 1.6267  loss_heatmap: 0.5420  layer_-1_loss_cls: 0.1320  layer_-1_loss_bbox: 0.4720  matched_ious: 0.2603  aux_depth_loss: 0.4807  sec_per_iter: 0.8346  iters_per_sec: 1.2000  samples_per_sec: 19.1700  samples_per_sec_per_gpu: 4.7900  max_mem_allocated_mb: 666.3000  max_mem_reserved_mb: 22014.0000
2026/05/06 00:25:44 - mmengine - INFO - Epoch(train)  [7][1350/5000]  lr: 4.0709e-04  eta: 6:44:47  time: 0.8141  data_time: 0.0138  memory: 17846  grad_norm: 3.8562  loss: 1.5595  loss_heatmap: 0.4977  layer_-1_loss_cls: 0.1189  layer_-1_loss_bbox: 0.4503  matched_ious: 0.2645  aux_depth_loss: 0.4925  sec_per_iter: 0.8337  iters_per_sec: 1.2000  samples_per_sec: 19.1900  samples_per_sec_per_gpu: 4.8000  max_mem_allocated_mb: 666.3000  max_mem_reserved_mb: 22014.0000
2026/05/06 00:26:25 - mmengine - INFO - Epoch(train)  [7][1400/5000]  lr: 4.0633e-04  eta: 6:44:03  time: 0.8196  data_time: 0.0138  memory: 17754  grad_norm: 3.8102  loss: 1.5567  loss_heatmap: 0.5234  layer_-1_loss_cls: 0.1379  layer_-1_loss_bbox: 0.4226  matched_ious: 0.1881  aux_depth_loss: 0.4728  sec_per_iter: 0.8330  iters_per_sec: 1.2000  samples_per_sec: 19.2100  samples_per_sec_per_gpu: 4.8000  max_mem_allocated_mb: 666.3000  max_mem_reserved_mb: 22014.0000
2026/05/06 00:27:08 - mmengine - INFO - Epoch(train)  [7][1450/5000]  lr: 4.0556e-04  eta: 6:43:21  time: 0.8679  data_time: 0.0136  memory: 17969  grad_norm: 3.7006  loss: 1.6333  loss_heatmap: 0.5749  layer_-1_loss_cls: 0.1361  layer_-1_loss_bbox: 0.4523  matched_ious: 0.3534  aux_depth_loss: 0.4700  sec_per_iter: 0.8325  iters_per_sec: 1.2000  samples_per_sec: 19.2200  samples_per_sec_per_gpu: 4.8000  max_mem_allocated_mb: 666.3000  max_mem_reserved_mb: 22014.0000
2026/05/06 00:27:52 - mmengine - INFO - Epoch(train)  [7][1500/5000]  lr: 4.0479e-04  eta: 6:42:40  time: 0.8626  data_time: 0.0142  memory: 17822  grad_norm: 3.9029  loss: 1.5041  loss_heatmap: 0.4998  layer_-1_loss_cls: 0.1284  layer_-1_loss_bbox: 0.3983  matched_ious: 0.2730  aux_depth_loss: 0.4776  sec_per_iter: 0.8337  iters_per_sec: 1.2000  samples_per_sec: 19.1900  samples_per_sec_per_gpu: 4.8000  max_mem_allocated_mb: 666.3000  max_mem_reserved_mb: 22014.0000
2026/05/06 00:28:36 - mmengine - INFO - Epoch(train)  [7][1550/5000]  lr: 4.0402e-04  eta: 6:41:59  time: 0.8829  data_time: 0.0230  memory: 17768  grad_norm: 3.4579  loss: 1.4189  loss_heatmap: 0.4395  layer_-1_loss_cls: 0.1223  layer_-1_loss_bbox: 0.3888  matched_ious: 0.3151  aux_depth_loss: 0.4683  sec_per_iter: 0.8347  iters_per_sec: 1.2000  samples_per_sec: 19.1700  samples_per_sec_per_gpu: 4.7900  max_mem_allocated_mb: 666.3000  max_mem_reserved_mb: 22014.0000
2026/05/06 00:29:18 - mmengine - INFO - Epoch(train)  [7][1600/5000]  lr: 4.0324e-04  eta: 6:41:17  time: 0.8471  data_time: 0.0128  memory: 17826  grad_norm: 3.9267  loss: 1.6086  loss_heatmap: 0.4997  layer_-1_loss_cls: 0.1153  layer_-1_loss_bbox: 0.5206  matched_ious: 0.2852  aux_depth_loss: 0.4731  sec_per_iter: 0.8362  iters_per_sec: 1.2000  samples_per_sec: 19.1300  samples_per_sec_per_gpu: 4.7800  max_mem_allocated_mb: 666.3000  max_mem_reserved_mb: 22014.0000
2026/05/06 00:30:00 - mmengine - INFO - Epoch(train)  [7][1650/5000]  lr: 4.0247e-04  eta: 6:40:34  time: 0.8377  data_time: 0.0172  memory: 17943  grad_norm: 3.3879  loss: 1.5022  loss_heatmap: 0.5032  layer_-1_loss_cls: 0.1270  layer_-1_loss_bbox: 0.3994  matched_ious: 0.2448  aux_depth_loss: 0.4727  sec_per_iter: 0.8367  iters_per_sec: 1.2000  samples_per_sec: 19.1200  samples_per_sec_per_gpu: 4.7800  max_mem_allocated_mb: 666.3000  max_mem_reserved_mb: 22014.0000
2026/05/06 00:30:44 - mmengine - INFO - Epoch(train)  [7][1700/5000]  lr: 4.0169e-04  eta: 6:39:53  time: 0.8797  data_time: 0.0138  memory: 17828  grad_norm: 3.3078  loss: 1.5012  loss_heatmap: 0.4793  layer_-1_loss_cls: 0.1186  layer_-1_loss_bbox: 0.4267  matched_ious: 0.2430  aux_depth_loss: 0.4766  sec_per_iter: 0.8366  iters_per_sec: 1.2000  samples_per_sec: 19.1200  samples_per_sec_per_gpu: 4.7800  max_mem_allocated_mb: 666.3000  max_mem_reserved_mb: 22014.0000
2026/05/06 00:31:31 - mmengine - INFO - Epoch(train)  [7][1750/5000]  lr: 4.0091e-04  eta: 6:39:15  time: 0.9435  data_time: 0.0153  memory: 17947  grad_norm: 4.2428  loss: 1.5977  loss_heatmap: 0.5305  layer_-1_loss_cls: 0.1294  layer_-1_loss_bbox: 0.4554  matched_ious: 0.2081  aux_depth_loss: 0.4825  sec_per_iter: 0.8379  iters_per_sec: 1.1900  samples_per_sec: 19.1000  samples_per_sec_per_gpu: 4.7700  max_mem_allocated_mb: 666.3000  max_mem_reserved_mb: 22014.0000
2026/05/06 00:32:17 - mmengine - INFO - Epoch(train)  [7][1800/5000]  lr: 4.0012e-04  eta: 6:38:35  time: 0.9117  data_time: 0.0193  memory: 17784  grad_norm: 3.8982  loss: 1.5296  loss_heatmap: 0.5194  layer_-1_loss_cls: 0.1325  layer_-1_loss_bbox: 0.4035  matched_ious: 0.2674  aux_depth_loss: 0.4742  sec_per_iter: 0.8409  iters_per_sec: 1.1900  samples_per_sec: 19.0300  samples_per_sec_per_gpu: 4.7600  max_mem_allocated_mb: 666.3000  max_mem_reserved_mb: 22014.0000
2026/05/06 00:32:59 - mmengine - INFO - Epoch(train)  [7][1850/5000]  lr: 3.9934e-04  eta: 6:37:53  time: 0.8550  data_time: 0.0207  memory: 17874  grad_norm: 3.1677  loss: 1.4495  loss_heatmap: 0.4832  layer_-1_loss_cls: 0.1291  layer_-1_loss_bbox: 0.3731  matched_ious: 0.2918  aux_depth_loss: 0.4640  sec_per_iter: 0.8429  iters_per_sec: 1.1900  samples_per_sec: 18.9800  samples_per_sec_per_gpu: 4.7500  max_mem_allocated_mb: 666.3000  max_mem_reserved_mb: 22014.0000
2026/05/06 00:33:42 - mmengine - INFO - Epoch(train)  [7][1900/5000]  lr: 3.9855e-04  eta: 6:37:11  time: 0.8493  data_time: 0.0123  memory: 17945  grad_norm: 3.9369  loss: 1.5469  loss_heatmap: 0.5040  layer_-1_loss_cls: 0.1202  layer_-1_loss_bbox: 0.4430  matched_ious: 0.1385  aux_depth_loss: 0.4797  sec_per_iter: 0.8432  iters_per_sec: 1.1900  samples_per_sec: 18.9800  samples_per_sec_per_gpu: 4.7400  max_mem_allocated_mb: 666.3000  max_mem_reserved_mb: 22014.0000
2026/05/06 00:34:29 - mmengine - INFO - Epoch(train)  [7][1950/5000]  lr: 3.9776e-04  eta: 6:36:32  time: 0.9352  data_time: 0.0189  memory: 17813  grad_norm: 3.8117  loss: 1.5769  loss_heatmap: 0.5273  layer_-1_loss_cls: 0.1336  layer_-1_loss_bbox: 0.4436  matched_ious: 0.3037  aux_depth_loss: 0.4725  sec_per_iter: 0.8434  iters_per_sec: 1.1900  samples_per_sec: 18.9700  samples_per_sec_per_gpu: 4.7400  max_mem_allocated_mb: 666.3000  max_mem_reserved_mb: 22014.0000
2026/05/06 00:35:12 - mmengine - INFO - Exp name: zod_bevfusion_dualinit_20260505_161926
2026/05/06 00:35:12 - mmengine - INFO - Epoch(train)  [7][2000/5000]  lr: 3.9696e-04  eta: 6:35:50  time: 0.8637  data_time: 0.0148  memory: 17730  grad_norm: 4.0770  loss: 1.5268  loss_heatmap: 0.5283  layer_-1_loss_cls: 0.1382  layer_-1_loss_bbox: 0.3902  matched_ious: 0.1202  aux_depth_loss: 0.4701  sec_per_iter: 0.8457  iters_per_sec: 1.1800  samples_per_sec: 18.9200  samples_per_sec_per_gpu: 4.7300  max_mem_allocated_mb: 666.3000  max_mem_reserved_mb: 22014.0000
2026/05/06 00:35:55 - mmengine - INFO - Epoch(train)  [7][2050/5000]  lr: 3.9617e-04  eta: 6:35:08  time: 0.8522  data_time: 0.0144  memory: 17844  grad_norm: 3.9950  loss: 1.5825  loss_heatmap: 0.5690  layer_-1_loss_cls: 0.1410  layer_-1_loss_bbox: 0.3974  matched_ious: 0.2655  aux_depth_loss: 0.4751  sec_per_iter: 0.8462  iters_per_sec: 1.1800  samples_per_sec: 18.9100  samples_per_sec_per_gpu: 4.7300  max_mem_allocated_mb: 666.3000  max_mem_reserved_mb: 22014.0000
2026/05/06 00:36:36 - mmengine - INFO - Epoch(train)  [7][2100/5000]  lr: 3.9537e-04  eta: 6:34:25  time: 0.8246  data_time: 0.0136  memory: 17821  grad_norm: 3.7688  loss: 1.5106  loss_heatmap: 0.5063  layer_-1_loss_cls: 0.1268  layer_-1_loss_bbox: 0.4108  matched_ious: 0.1427  aux_depth_loss: 0.4667  sec_per_iter: 0.8463  iters_per_sec: 1.1800  samples_per_sec: 18.9100  samples_per_sec_per_gpu: 4.7300  max_mem_allocated_mb: 666.3000  max_mem_reserved_mb: 22014.0000
2026/05/06 00:37:18 - mmengine - INFO - Epoch(train)  [7][2150/5000]  lr: 3.9457e-04  eta: 6:33:42  time: 0.8452  data_time: 0.0144  memory: 17787  grad_norm: 3.7071  loss: 1.5257  loss_heatmap: 0.4921  layer_-1_loss_cls: 0.1240  layer_-1_loss_bbox: 0.4454  matched_ious: 0.2676  aux_depth_loss: 0.4641  sec_per_iter: 0.8458  iters_per_sec: 1.1800  samples_per_sec: 18.9200  samples_per_sec_per_gpu: 4.7300  max_mem_allocated_mb: 666.3000  max_mem_reserved_mb: 22014.0000
2026/05/06 00:38:04 - mmengine - INFO - Epoch(train)  [7][2200/5000]  lr: 3.9377e-04  eta: 6:33:03  time: 0.9217  data_time: 0.0127  memory: 17948  grad_norm: 3.9520  loss: 1.4385  loss_heatmap: 0.4829  layer_-1_loss_cls: 0.1299  layer_-1_loss_bbox: 0.3521  matched_ious: 0.1993  aux_depth_loss: 0.4737  sec_per_iter: 0.8458  iters_per_sec: 1.1800  samples_per_sec: 18.9200  samples_per_sec_per_gpu: 4.7300  max_mem_allocated_mb: 666.3000  max_mem_reserved_mb: 22014.0000
2026/05/06 00:38:45 - mmengine - INFO - Epoch(train)  [7][2250/5000]  lr: 3.9296e-04  eta: 6:32:19  time: 0.8149  data_time: 0.0131  memory: 17755  grad_norm: 4.0747  loss: 1.5524  loss_heatmap: 0.5239  layer_-1_loss_cls: 0.1323  layer_-1_loss_bbox: 0.4206  matched_ious: 0.1976  aux_depth_loss: 0.4757  sec_per_iter: 0.8475  iters_per_sec: 1.1800  samples_per_sec: 18.8800  samples_per_sec_per_gpu: 4.7200  max_mem_allocated_mb: 666.3000  max_mem_reserved_mb: 22014.0000
2026/05/06 00:39:28 - mmengine - INFO - Epoch(train)  [7][2300/5000]  lr: 3.9216e-04  eta: 6:31:38  time: 0.8723  data_time: 0.0160  memory: 17776  grad_norm: 3.9650  loss: 1.5905  loss_heatmap: 0.5276  layer_-1_loss_cls: 0.1361  layer_-1_loss_bbox: 0.4412  matched_ious: 0.1702  aux_depth_loss: 0.4856  sec_per_iter: 0.8468  iters_per_sec: 1.1800  samples_per_sec: 18.8900  samples_per_sec_per_gpu: 4.7200  max_mem_allocated_mb: 666.3000  max_mem_reserved_mb: 22014.0000
2026/05/06 00:40:09 - mmengine - INFO - Epoch(train)  [7][2350/5000]  lr: 3.9135e-04  eta: 6:30:53  time: 0.8088  data_time: 0.0140  memory: 17961  grad_norm: 3.9301  loss: 1.5314  loss_heatmap: 0.4917  layer_-1_loss_cls: 0.1238  layer_-1_loss_bbox: 0.4228  matched_ious: 0.1812  aux_depth_loss: 0.4931  sec_per_iter: 0.8474  iters_per_sec: 1.1800  samples_per_sec: 18.8800  samples_per_sec_per_gpu: 4.7200  max_mem_allocated_mb: 666.3000  max_mem_reserved_mb: 22014.0000
2026/05/06 00:40:53 - mmengine - INFO - Epoch(train)  [7][2400/5000]  lr: 3.9054e-04  eta: 6:30:13  time: 0.8843  data_time: 0.0131  memory: 17810  grad_norm: 3.6806  loss: 1.5482  loss_heatmap: 0.5080  layer_-1_loss_cls: 0.1281  layer_-1_loss_bbox: 0.4440  matched_ious: 0.2989  aux_depth_loss: 0.4681  sec_per_iter: 0.8465  iters_per_sec: 1.1800  samples_per_sec: 18.9000  samples_per_sec_per_gpu: 4.7300  max_mem_allocated_mb: 666.3000  max_mem_reserved_mb: 22014.0000
2026/05/06 00:41:41 - mmengine - INFO - Epoch(train)  [7][2450/5000]  lr: 3.8973e-04  eta: 6:29:35  time: 0.9653  data_time: 0.0143  memory: 17859  grad_norm: 3.6100  loss: 1.6112  loss_heatmap: 0.5414  layer_-1_loss_cls: 0.1373  layer_-1_loss_bbox: 0.4674  matched_ious: 0.1271  aux_depth_loss: 0.4653  sec_per_iter: 0.8473  iters_per_sec: 1.1800  samples_per_sec: 18.8800  samples_per_sec_per_gpu: 4.7200  max_mem_allocated_mb: 666.3000  max_mem_reserved_mb: 22014.0000
2026/05/06 00:42:26 - mmengine - INFO - Epoch(train)  [7][2500/5000]  lr: 3.8891e-04  eta: 6:28:55  time: 0.8984  data_time: 0.0145  memory: 17863  grad_norm: 3.6493  loss: 1.6548  loss_heatmap: 0.5361  layer_-1_loss_cls: 0.1327  layer_-1_loss_bbox: 0.5213  matched_ious: 0.1964  aux_depth_loss: 0.4648  sec_per_iter: 0.8497  iters_per_sec: 1.1800  samples_per_sec: 18.8300  samples_per_sec_per_gpu: 4.7100  max_mem_allocated_mb: 666.3000  max_mem_reserved_mb: 22014.0000
2026/05/06 00:43:10 - mmengine - INFO - Epoch(train)  [7][2550/5000]  lr: 3.8809e-04  eta: 6:28:13  time: 0.8721  data_time: 0.0158  memory: 17944  grad_norm: 3.6195  loss: 1.4366  loss_heatmap: 0.4685  layer_-1_loss_cls: 0.1184  layer_-1_loss_bbox: 0.3911  matched_ious: 0.3354  aux_depth_loss: 0.4585  sec_per_iter: 0.8507  iters_per_sec: 1.1800  samples_per_sec: 18.8100  samples_per_sec_per_gpu: 4.7000  max_mem_allocated_mb: 666.3000  max_mem_reserved_mb: 22014.0000
2026/05/06 00:43:53 - mmengine - INFO - Epoch(train)  [7][2600/5000]  lr: 3.8727e-04  eta: 6:27:32  time: 0.8638  data_time: 0.0143  memory: 17870  grad_norm: 3.7173  loss: 1.5369  loss_heatmap: 0.5250  layer_-1_loss_cls: 0.1229  layer_-1_loss_bbox: 0.4378  matched_ious: 0.3724  aux_depth_loss: 0.4512  sec_per_iter: 0.8511  iters_per_sec: 1.1700  samples_per_sec: 18.8000  samples_per_sec_per_gpu: 4.7000  max_mem_allocated_mb: 666.3000  max_mem_reserved_mb: 22014.0000
2026/05/06 00:44:37 - mmengine - INFO - Epoch(train)  [7][2650/5000]  lr: 3.8645e-04  eta: 6:26:50  time: 0.8776  data_time: 0.0124  memory: 17845  grad_norm: 4.6550  loss: 1.6074  loss_heatmap: 0.5555  layer_-1_loss_cls: 0.1420  layer_-1_loss_bbox: 0.4167  matched_ious: 0.1800  aux_depth_loss: 0.4931  sec_per_iter: 0.8514  iters_per_sec: 1.1700  samples_per_sec: 18.7900  samples_per_sec_per_gpu: 4.7000  max_mem_allocated_mb: 666.3000  max_mem_reserved_mb: 22014.0000
2026/05/06 00:45:20 - mmengine - INFO - Epoch(train)  [7][2700/5000]  lr: 3.8563e-04  eta: 6:26:08  time: 0.8514  data_time: 0.0151  memory: 17807  grad_norm: 3.6172  loss: 1.5671  loss_heatmap: 0.5121  layer_-1_loss_cls: 0.1320  layer_-1_loss_bbox: 0.4501  matched_ious: 0.3476  aux_depth_loss: 0.4729  sec_per_iter: 0.8519  iters_per_sec: 1.1700  samples_per_sec: 18.7800  samples_per_sec_per_gpu: 4.7000  max_mem_allocated_mb: 666.3000  max_mem_reserved_mb: 22014.0000
2026/05/06 00:46:03 - mmengine - INFO - Epoch(train)  [7][2750/5000]  lr: 3.8480e-04  eta: 6:25:26  time: 0.8603  data_time: 0.0147  memory: 17866  grad_norm: 4.0292  loss: 1.5468  loss_heatmap: 0.5277  layer_-1_loss_cls: 0.1317  layer_-1_loss_bbox: 0.4095  matched_ious: 0.2308  aux_depth_loss: 0.4778  sec_per_iter: 0.8519  iters_per_sec: 1.1700  samples_per_sec: 18.7800  samples_per_sec_per_gpu: 4.7000  max_mem_allocated_mb: 666.3000  max_mem_reserved_mb: 22014.0000
2026/05/06 00:46:46 - mmengine - INFO - Epoch(train)  [7][2800/5000]  lr: 3.8397e-04  eta: 6:24:45  time: 0.8687  data_time: 0.0142  memory: 17942  grad_norm: 3.6642  loss: 1.5355  loss_heatmap: 0.5240  layer_-1_loss_cls: 0.1303  layer_-1_loss_bbox: 0.4159  matched_ious: 0.2650  aux_depth_loss: 0.4653  sec_per_iter: 0.8520  iters_per_sec: 1.1700  samples_per_sec: 18.7800  samples_per_sec_per_gpu: 4.6900  max_mem_allocated_mb: 666.3000  max_mem_reserved_mb: 22014.0000
2026/05/06 00:47:26 - mmengine - INFO - Epoch(train)  [7][2850/5000]  lr: 3.8314e-04  eta: 6:24:00  time: 0.7963  data_time: 0.0138  memory: 17790  grad_norm: 3.8766  loss: 1.5660  loss_heatmap: 0.5333  layer_-1_loss_cls: 0.1354  layer_-1_loss_bbox: 0.4308  matched_ious: 0.1673  aux_depth_loss: 0.4666  sec_per_iter: 0.8523  iters_per_sec: 1.1700  samples_per_sec: 18.7700  samples_per_sec_per_gpu: 4.6900  max_mem_allocated_mb: 666.3000  max_mem_reserved_mb: 22014.0000
2026/05/06 00:48:09 - mmengine - INFO - Epoch(train)  [7][2900/5000]  lr: 3.8231e-04  eta: 6:23:18  time: 0.8637  data_time: 0.0142  memory: 17810  grad_norm: 3.3992  loss: 1.4150  loss_heatmap: 0.4560  layer_-1_loss_cls: 0.1190  layer_-1_loss_bbox: 0.3755  matched_ious: 0.2641  aux_depth_loss: 0.4645  sec_per_iter: 0.8513  iters_per_sec: 1.1700  samples_per_sec: 18.7900  samples_per_sec_per_gpu: 4.7000  max_mem_allocated_mb: 666.3000  max_mem_reserved_mb: 22014.0000
2026/05/06 00:48:49 - mmengine - INFO - Epoch(train)  [7][2950/5000]  lr: 3.8148e-04  eta: 6:22:33  time: 0.7904  data_time: 0.0115  memory: 17883  grad_norm: 3.6915  loss: 1.5179  loss_heatmap: 0.5111  layer_-1_loss_cls: 0.1271  layer_-1_loss_bbox: 0.4132  matched_ious: 0.2903  aux_depth_loss: 0.4665  sec_per_iter: 0.8515  iters_per_sec: 1.1700  samples_per_sec: 18.7900  samples_per_sec_per_gpu: 4.7000  max_mem_allocated_mb: 666.3000  max_mem_reserved_mb: 22014.0000
2026/05/06 00:49:32 - mmengine - INFO - Exp name: zod_bevfusion_dualinit_20260505_161926
2026/05/06 00:49:32 - mmengine - INFO - Epoch(train)  [7][3000/5000]  lr: 3.8064e-04  eta: 6:21:52  time: 0.8758  data_time: 0.0186  memory: 17831  grad_norm: 3.6387  loss: 1.4603  loss_heatmap: 0.4749  layer_-1_loss_cls: 0.1283  layer_-1_loss_bbox: 0.3897  matched_ious: 0.3799  aux_depth_loss: 0.4674  sec_per_iter: 0.8505  iters_per_sec: 1.1800  samples_per_sec: 18.8100  samples_per_sec_per_gpu: 4.7000  max_mem_allocated_mb: 666.3000  max_mem_reserved_mb: 22014.0000
2026/05/06 00:50:14 - mmengine - INFO - Epoch(train)  [7][3050/5000]  lr: 3.7980e-04  eta: 6:21:09  time: 0.8424  data_time: 0.0133  memory: 18049  grad_norm: 4.3958  loss: 1.6046  loss_heatmap: 0.5029  layer_-1_loss_cls: 0.1139  layer_-1_loss_bbox: 0.5079  matched_ious: 0.2869  aux_depth_loss: 0.4799  sec_per_iter: 0.8509  iters_per_sec: 1.1800  samples_per_sec: 18.8000  samples_per_sec_per_gpu: 4.7000  max_mem_allocated_mb: 666.3000  max_mem_reserved_mb: 22014.0000
2026/05/06 00:50:55 - mmengine - INFO - Epoch(train)  [7][3100/5000]  lr: 3.7896e-04  eta: 6:20:25  time: 0.8135  data_time: 0.0178  memory: 17909  grad_norm: 3.5257  loss: 1.5871  loss_heatmap: 0.5189  layer_-1_loss_cls: 0.1305  layer_-1_loss_bbox: 0.4870  matched_ious: 0.2951  aux_depth_loss: 0.4507  sec_per_iter: 0.8508  iters_per_sec: 1.1800  samples_per_sec: 18.8100  samples_per_sec_per_gpu: 4.7000  max_mem_allocated_mb: 666.3000  max_mem_reserved_mb: 22014.0000
2026/05/06 00:51:35 - mmengine - INFO - Epoch(train)  [7][3150/5000]  lr: 3.7812e-04  eta: 6:19:41  time: 0.8015  data_time: 0.0121  memory: 17887  grad_norm: 4.1540  loss: 1.5349  loss_heatmap: 0.4882  layer_-1_loss_cls: 0.1257  layer_-1_loss_bbox: 0.4424  matched_ious: 0.1467  aux_depth_loss: 0.4786  sec_per_iter: 0.8502  iters_per_sec: 1.1800  samples_per_sec: 18.8200  samples_per_sec_per_gpu: 4.7000  max_mem_allocated_mb: 666.3000  max_mem_reserved_mb: 22014.0000
2026/05/06 00:52:17 - mmengine - INFO - Epoch(train)  [7][3200/5000]  lr: 3.7728e-04  eta: 6:18:58  time: 0.8435  data_time: 0.0152  memory: 17785  grad_norm: 4.1130  loss: 1.5464  loss_heatmap: 0.4996  layer_-1_loss_cls: 0.1300  layer_-1_loss_bbox: 0.4220  matched_ious: 0.2515  aux_depth_loss: 0.4948  sec_per_iter: 0.8495  iters_per_sec: 1.1800  samples_per_sec: 18.8400  samples_per_sec_per_gpu: 4.7100  max_mem_allocated_mb: 666.3000  max_mem_reserved_mb: 22014.0000
2026/05/06 00:52:59 - mmengine - INFO - Epoch(train)  [7][3250/5000]  lr: 3.7643e-04  eta: 6:18:15  time: 0.8248  data_time: 0.0160  memory: 17829  grad_norm: 3.8762  loss: 1.5065  loss_heatmap: 0.4977  layer_-1_loss_cls: 0.1272  layer_-1_loss_bbox: 0.4052  matched_ious: 0.1707  aux_depth_loss: 0.4765  sec_per_iter: 0.8493  iters_per_sec: 1.1800  samples_per_sec: 18.8400  samples_per_sec_per_gpu: 4.7100  max_mem_allocated_mb: 666.3000  max_mem_reserved_mb: 22014.0000
2026/05/06 00:53:38 - mmengine - INFO - Epoch(train)  [7][3300/5000]  lr: 3.7558e-04  eta: 6:17:30  time: 0.7924  data_time: 0.0134  memory: 17853  grad_norm: 4.0484  loss: 1.5079  loss_heatmap: 0.5047  layer_-1_loss_cls: 0.1327  layer_-1_loss_bbox: 0.4032  matched_ious: 0.2342  aux_depth_loss: 0.4673  sec_per_iter: 0.8489  iters_per_sec: 1.1800  samples_per_sec: 18.8500  samples_per_sec_per_gpu: 4.7100  max_mem_allocated_mb: 666.3000  max_mem_reserved_mb: 22014.0000
2026/05/06 00:54:21 - mmengine - INFO - Epoch(train)  [7][3350/5000]  lr: 3.7473e-04  eta: 6:16:48  time: 0.8528  data_time: 0.0156  memory: 17862  grad_norm: 3.6054  loss: 1.5626  loss_heatmap: 0.5085  layer_-1_loss_cls: 0.1210  layer_-1_loss_bbox: 0.4673  matched_ious: 0.1991  aux_depth_loss: 0.4658  sec_per_iter: 0.8481  iters_per_sec: 1.1800  samples_per_sec: 18.8700  samples_per_sec_per_gpu: 4.7200  max_mem_allocated_mb: 666.3000  max_mem_reserved_mb: 22014.0000
2026/05/06 00:55:03 - mmengine - INFO - Epoch(train)  [7][3400/5000]  lr: 3.7388e-04  eta: 6:16:05  time: 0.8320  data_time: 0.0125  memory: 17899  grad_norm: inf  loss: 1.5178  loss_heatmap: 0.5222  layer_-1_loss_cls: 0.1420  layer_-1_loss_bbox: 0.3881  matched_ious: 0.2831  aux_depth_loss: 0.4656  sec_per_iter: 0.8482  iters_per_sec: 1.1800  samples_per_sec: 18.8600  samples_per_sec_per_gpu: 4.7200  max_mem_allocated_mb: 666.3000  max_mem_reserved_mb: 22014.0000
2026/05/06 00:55:44 - mmengine - INFO - Epoch(train)  [7][3450/5000]  lr: 3.7303e-04  eta: 6:15:22  time: 0.8338  data_time: 0.0155  memory: 17832  grad_norm: 3.4346  loss: 1.3968  loss_heatmap: 0.4387  layer_-1_loss_cls: 0.1200  layer_-1_loss_bbox: 0.3779  matched_ious: 0.2402  aux_depth_loss: 0.4602  sec_per_iter: 0.8479  iters_per_sec: 1.1800  samples_per_sec: 18.8700  samples_per_sec_per_gpu: 4.7200  max_mem_allocated_mb: 666.3000  max_mem_reserved_mb: 22014.0000
2026/05/06 00:56:29 - mmengine - INFO - Epoch(train)  [7][3500/5000]  lr: 3.7217e-04  eta: 6:14:41  time: 0.8905  data_time: 0.0135  memory: 17648  grad_norm: 3.3157  loss: 1.5340  loss_heatmap: 0.4928  layer_-1_loss_cls: 0.1297  layer_-1_loss_bbox: 0.4556  matched_ious: 0.3413  aux_depth_loss: 0.4559  sec_per_iter: 0.8477  iters_per_sec: 1.1800  samples_per_sec: 18.8700  samples_per_sec_per_gpu: 4.7200  max_mem_allocated_mb: 666.3000  max_mem_reserved_mb: 22014.0000
2026/05/06 00:57:11 - mmengine - INFO - Epoch(train)  [7][3550/5000]  lr: 3.7132e-04  eta: 6:13:59  time: 0.8433  data_time: 0.0134  memory: 17921  grad_norm: 6.6312  loss: 1.4380  loss_heatmap: 0.4464  layer_-1_loss_cls: 0.1144  layer_-1_loss_bbox: 0.4091  matched_ious: 0.1683  aux_depth_loss: 0.4680  sec_per_iter: 0.8483  iters_per_sec: 1.1800  samples_per_sec: 18.8600  samples_per_sec_per_gpu: 4.7200  max_mem_allocated_mb: 666.3000  max_mem_reserved_mb: 22014.0000
2026/05/06 00:57:54 - mmengine - INFO - Epoch(train)  [7][3600/5000]  lr: 3.7046e-04  eta: 6:13:17  time: 0.8556  data_time: 0.0137  memory: 17977  grad_norm: 4.1933  loss: 1.5201  loss_heatmap: 0.4953  layer_-1_loss_cls: 0.1316  layer_-1_loss_bbox: 0.4285  matched_ious: 0.2286  aux_depth_loss: 0.4647  sec_per_iter: 0.8483  iters_per_sec: 1.1800  samples_per_sec: 18.8600  samples_per_sec_per_gpu: 4.7200  max_mem_allocated_mb: 666.3000  max_mem_reserved_mb: 22014.0000
2026/05/06 00:58:35 - mmengine - INFO - Epoch(train)  [7][3650/5000]  lr: 3.6960e-04  eta: 6:12:34  time: 0.8346  data_time: 0.0135  memory: 17712  grad_norm: 3.3093  loss: 1.4506  loss_heatmap: 0.4680  layer_-1_loss_cls: 0.1266  layer_-1_loss_bbox: 0.3996  matched_ious: 0.1762  aux_depth_loss: 0.4564  sec_per_iter: 0.8484  iters_per_sec: 1.1800  samples_per_sec: 18.8600  samples_per_sec_per_gpu: 4.7100  max_mem_allocated_mb: 666.3000  max_mem_reserved_mb: 22014.0000
2026/05/06 00:59:16 - mmengine - INFO - Epoch(train)  [7][3700/5000]  lr: 3.6873e-04  eta: 6:11:50  time: 0.8140  data_time: 0.0141  memory: 17863  grad_norm: 3.9079  loss: 1.4544  loss_heatmap: 0.4739  layer_-1_loss_cls: 0.1207  layer_-1_loss_bbox: 0.3834  matched_ious: 0.2257  aux_depth_loss: 0.4765  sec_per_iter: 0.8482  iters_per_sec: 1.1800  samples_per_sec: 18.8600  samples_per_sec_per_gpu: 4.7200  max_mem_allocated_mb: 666.3000  max_mem_reserved_mb: 22014.0000
2026/05/06 00:59:58 - mmengine - INFO - Epoch(train)  [7][3750/5000]  lr: 3.6787e-04  eta: 6:11:07  time: 0.8300  data_time: 0.0139  memory: 17863  grad_norm: 4.2747  loss: 1.5794  loss_heatmap: 0.5226  layer_-1_loss_cls: 0.1371  layer_-1_loss_bbox: 0.4590  matched_ious: 0.2142  aux_depth_loss: 0.4607  sec_per_iter: 0.8477  iters_per_sec: 1.1800  samples_per_sec: 18.8700  samples_per_sec_per_gpu: 4.7200  max_mem_allocated_mb: 666.3000  max_mem_reserved_mb: 22014.0000
2026/05/06 01:00:40 - mmengine - INFO - Epoch(train)  [7][3800/5000]  lr: 3.6700e-04  eta: 6:10:25  time: 0.8515  data_time: 0.0172  memory: 17829  grad_norm: 3.7443  loss: 1.5540  loss_heatmap: 0.5315  layer_-1_loss_cls: 0.1284  layer_-1_loss_bbox: 0.4342  matched_ious: 0.2762  aux_depth_loss: 0.4600  sec_per_iter: 0.8475  iters_per_sec: 1.1800  samples_per_sec: 18.8800  samples_per_sec_per_gpu: 4.7200  max_mem_allocated_mb: 666.3000  max_mem_reserved_mb: 22014.0000
2026/05/06 01:01:21 - mmengine - INFO - Epoch(train)  [7][3850/5000]  lr: 3.6613e-04  eta: 6:09:41  time: 0.8198  data_time: 0.0125  memory: 17824  grad_norm: 4.2021  loss: 1.5285  loss_heatmap: 0.5009  layer_-1_loss_cls: 0.1247  layer_-1_loss_bbox: 0.4289  matched_ious: 0.2357  aux_depth_loss: 0.4740  sec_per_iter: 0.8475  iters_per_sec: 1.1800  samples_per_sec: 18.8800  samples_per_sec_per_gpu: 4.7200  max_mem_allocated_mb: 666.3000  max_mem_reserved_mb: 22014.0000
2026/05/06 01:02:04 - mmengine - INFO - Epoch(train)  [7][3900/5000]  lr: 3.6526e-04  eta: 6:08:59  time: 0.8486  data_time: 0.0204  memory: 18034  grad_norm: 4.2306  loss: 1.5950  loss_heatmap: 0.5310  layer_-1_loss_cls: 0.1318  layer_-1_loss_bbox: 0.4387  matched_ious: 0.3913  aux_depth_loss: 0.4935  sec_per_iter: 0.8473  iters_per_sec: 1.1800  samples_per_sec: 18.8800  samples_per_sec_per_gpu: 4.7200  max_mem_allocated_mb: 666.3000  max_mem_reserved_mb: 22014.0000
2026/05/06 01:02:47 - mmengine - INFO - Epoch(train)  [7][3950/5000]  lr: 3.6439e-04  eta: 6:08:17  time: 0.8671  data_time: 0.0147  memory: 17883  grad_norm: 3.4061  loss: 1.5135  loss_heatmap: 0.5027  layer_-1_loss_cls: 0.1278  layer_-1_loss_bbox: 0.4148  matched_ious: 0.2093  aux_depth_loss: 0.4682  sec_per_iter: 0.8472  iters_per_sec: 1.1800  samples_per_sec: 18.8900  samples_per_sec_per_gpu: 4.7200  max_mem_allocated_mb: 666.3000  max_mem_reserved_mb: 22014.0000
2026/05/06 01:03:31 - mmengine - INFO - Exp name: zod_bevfusion_dualinit_20260505_161926
2026/05/06 01:03:31 - mmengine - INFO - Epoch(train)  [7][4000/5000]  lr: 3.6352e-04  eta: 6:07:36  time: 0.8874  data_time: 0.0141  memory: 17841  grad_norm: 3.5106  loss: 1.5179  loss_heatmap: 0.4885  layer_-1_loss_cls: 0.1262  layer_-1_loss_bbox: 0.4548  matched_ious: 0.1412  aux_depth_loss: 0.4483  sec_per_iter: 0.8474  iters_per_sec: 1.1800  samples_per_sec: 18.8800  samples_per_sec_per_gpu: 4.7200  max_mem_allocated_mb: 666.3000  max_mem_reserved_mb: 22014.0000
2026/05/06 01:04:16 - mmengine - INFO - Epoch(train)  [7][4050/5000]  lr: 3.6264e-04  eta: 6:06:55  time: 0.8897  data_time: 0.0147  memory: 17930  grad_norm: 5.4800  loss: 1.4808  loss_heatmap: 0.4824  layer_-1_loss_cls: 0.1230  layer_-1_loss_bbox: 0.3942  matched_ious: 0.1897  aux_depth_loss: 0.4812  sec_per_iter: 0.8479  iters_per_sec: 1.1800  samples_per_sec: 18.8700  samples_per_sec_per_gpu: 4.7200  max_mem_allocated_mb: 666.3000  max_mem_reserved_mb: 22014.0000
2026/05/06 01:04:58 - mmengine - INFO - Epoch(train)  [7][4100/5000]  lr: 3.6176e-04  eta: 6:06:12  time: 0.8365  data_time: 0.0155  memory: 17984  grad_norm: 3.7634  loss: 1.5220  loss_heatmap: 0.4865  layer_-1_loss_cls: 0.1244  layer_-1_loss_bbox: 0.4441  matched_ious: 0.3053  aux_depth_loss: 0.4670  sec_per_iter: 0.8485  iters_per_sec: 1.1800  samples_per_sec: 18.8600  samples_per_sec_per_gpu: 4.7100  max_mem_allocated_mb: 666.3000  max_mem_reserved_mb: 22014.0000
2026/05/06 01:05:41 - mmengine - INFO - Epoch(train)  [7][4150/5000]  lr: 3.6088e-04  eta: 6:05:30  time: 0.8612  data_time: 0.0203  memory: 17850  grad_norm: 3.2708  loss: 1.4650  loss_heatmap: 0.4829  layer_-1_loss_cls: 0.1184  layer_-1_loss_bbox: 0.4085  matched_ious: 0.2194  aux_depth_loss: 0.4553  sec_per_iter: 0.8483  iters_per_sec: 1.1800  samples_per_sec: 18.8600  samples_per_sec_per_gpu: 4.7200  max_mem_allocated_mb: 666.3000  max_mem_reserved_mb: 22014.0000
2026/05/06 01:06:23 - mmengine - INFO - Epoch(train)  [7][4200/5000]  lr: 3.6000e-04  eta: 6:04:48  time: 0.8481  data_time: 0.0140  memory: 17776  grad_norm: 5.3014  loss: 1.4654  loss_heatmap: 0.4831  layer_-1_loss_cls: 0.1329  layer_-1_loss_bbox: 0.3670  matched_ious: 0.2613  aux_depth_loss: 0.4824  sec_per_iter: 0.8485  iters_per_sec: 1.1800  samples_per_sec: 18.8600  samples_per_sec_per_gpu: 4.7100  max_mem_allocated_mb: 666.3000  max_mem_reserved_mb: 22014.0000
2026/05/06 01:07:04 - mmengine - INFO - Epoch(train)  [7][4250/5000]  lr: 3.5912e-04  eta: 6:04:04  time: 0.8185  data_time: 0.0217  memory: 17788  grad_norm: 4.1441  loss: 1.5705  loss_heatmap: 0.5278  layer_-1_loss_cls: 0.1325  layer_-1_loss_bbox: 0.4450  matched_ious: 0.3367  aux_depth_loss: 0.4653  sec_per_iter: 0.8485  iters_per_sec: 1.1800  samples_per_sec: 18.8600  samples_per_sec_per_gpu: 4.7100  max_mem_allocated_mb: 666.3000  max_mem_reserved_mb: 22014.0000
2026/05/06 01:07:45 - mmengine - INFO - Epoch(train)  [7][4300/5000]  lr: 3.5824e-04  eta: 6:03:21  time: 0.8240  data_time: 0.0128  memory: 17804  grad_norm: 4.4524  loss: 1.5000  loss_heatmap: 0.5024  layer_-1_loss_cls: 0.1288  layer_-1_loss_bbox: 0.3908  matched_ious: 0.3233  aux_depth_loss: 0.4781  sec_per_iter: 0.8481  iters_per_sec: 1.1800  samples_per_sec: 18.8700  samples_per_sec_per_gpu: 4.7200  max_mem_allocated_mb: 666.3000  max_mem_reserved_mb: 22014.0000
2026/05/06 01:08:30 - mmengine - INFO - Epoch(train)  [7][4350/5000]  lr: 3.5735e-04  eta: 6:02:40  time: 0.8938  data_time: 0.0237  memory: 17896  grad_norm: 3.6485  loss: 1.6242  loss_heatmap: 0.5324  layer_-1_loss_cls: 0.1293  layer_-1_loss_bbox: 0.4963  matched_ious: 0.3120  aux_depth_loss: 0.4662  sec_per_iter: 0.8478  iters_per_sec: 1.1800  samples_per_sec: 18.8700  samples_per_sec_per_gpu: 4.7200  max_mem_allocated_mb: 666.3000  max_mem_reserved_mb: 22014.0000
2026/05/06 01:09:13 - mmengine - INFO - Epoch(train)  [7][4400/5000]  lr: 3.5646e-04  eta: 6:01:59  time: 0.8669  data_time: 0.0161  memory: 17774  grad_norm: 3.8519  loss: 1.4218  loss_heatmap: 0.4617  layer_-1_loss_cls: 0.1165  layer_-1_loss_bbox: 0.3777  matched_ious: 0.1573  aux_depth_loss: 0.4659  sec_per_iter: 0.8484  iters_per_sec: 1.1800  samples_per_sec: 18.8600  samples_per_sec_per_gpu: 4.7100  max_mem_allocated_mb: 666.3000  max_mem_reserved_mb: 22014.0000
2026/05/06 01:09:58 - mmengine - INFO - Epoch(train)  [7][4450/5000]  lr: 3.5557e-04  eta: 6:01:17  time: 0.8834  data_time: 0.0131  memory: 17948  grad_norm: 4.5212  loss: 1.7514  loss_heatmap: 0.5921  layer_-1_loss_cls: 0.1425  layer_-1_loss_bbox: 0.5497  matched_ious: 0.2200  aux_depth_loss: 0.4671  sec_per_iter: 0.8486  iters_per_sec: 1.1800  samples_per_sec: 18.8500  samples_per_sec_per_gpu: 4.7100  max_mem_allocated_mb: 666.3000  max_mem_reserved_mb: 22014.0000
2026/05/06 01:10:45 - mmengine - INFO - Epoch(train)  [7][4500/5000]  lr: 3.5468e-04  eta: 6:00:39  time: 0.9455  data_time: 0.0150  memory: 17852  grad_norm: 4.7662  loss: 1.5807  loss_heatmap: 0.5384  layer_-1_loss_cls: 0.1359  layer_-1_loss_bbox: 0.4291  matched_ious: 0.1738  aux_depth_loss: 0.4773  sec_per_iter: 0.8490  iters_per_sec: 1.1800  samples_per_sec: 18.8500  samples_per_sec_per_gpu: 4.7100  max_mem_allocated_mb: 666.3000  max_mem_reserved_mb: 22014.0000
2026/05/06 01:11:28 - mmengine - INFO - Epoch(train)  [7][4550/5000]  lr: 3.5379e-04  eta: 5:59:57  time: 0.8656  data_time: 0.0141  memory: 17825  grad_norm: 3.7849  loss: 1.5526  loss_heatmap: 0.5219  layer_-1_loss_cls: 0.1348  layer_-1_loss_bbox: 0.4344  matched_ious: 0.2293  aux_depth_loss: 0.4616  sec_per_iter: 0.8501  iters_per_sec: 1.1800  samples_per_sec: 18.8200  samples_per_sec_per_gpu: 4.7100  max_mem_allocated_mb: 666.3000  max_mem_reserved_mb: 22014.0000
2026/05/06 01:12:09 - mmengine - INFO - Epoch(train)  [7][4600/5000]  lr: 3.5290e-04  eta: 5:59:13  time: 0.8207  data_time: 0.0130  memory: 17904  grad_norm: 4.1522  loss: 1.5433  loss_heatmap: 0.5469  layer_-1_loss_cls: 0.1392  layer_-1_loss_bbox: 0.3909  matched_ious: 0.1042  aux_depth_loss: 0.4663  sec_per_iter: 0.8502  iters_per_sec: 1.1800  samples_per_sec: 18.8200  samples_per_sec_per_gpu: 4.7000  max_mem_allocated_mb: 666.3000  max_mem_reserved_mb: 22014.0000
2026/05/06 01:12:53 - mmengine - INFO - Epoch(train)  [7][4650/5000]  lr: 3.5200e-04  eta: 5:58:32  time: 0.8773  data_time: 0.0152  memory: 17799  grad_norm: 3.7003  loss: 1.5984  loss_heatmap: 0.5480  layer_-1_loss_cls: 0.1324  layer_-1_loss_bbox: 0.4587  matched_ious: 0.3887  aux_depth_loss: 0.4593  sec_per_iter: 0.8499  iters_per_sec: 1.1800  samples_per_sec: 18.8300  samples_per_sec_per_gpu: 4.7100  max_mem_allocated_mb: 666.3000  max_mem_reserved_mb: 22014.0000
2026/05/06 01:13:38 - mmengine - INFO - Epoch(train)  [7][4700/5000]  lr: 3.5111e-04  eta: 5:57:52  time: 0.9109  data_time: 0.0167  memory: 17915  grad_norm: 3.4649  loss: 1.5503  loss_heatmap: 0.5378  layer_-1_loss_cls: 0.1366  layer_-1_loss_bbox: 0.4281  matched_ious: 0.2522  aux_depth_loss: 0.4479  sec_per_iter: 0.8502  iters_per_sec: 1.1800  samples_per_sec: 18.8200  samples_per_sec_per_gpu: 4.7000  max_mem_allocated_mb: 666.3000  max_mem_reserved_mb: 22014.0000
2026/05/06 01:14:22 - mmengine - INFO - Epoch(train)  [7][4750/5000]  lr: 3.5021e-04  eta: 5:57:10  time: 0.8652  data_time: 0.0130  memory: 17921  grad_norm: 3.9931  loss: 1.4597  loss_heatmap: 0.4836  layer_-1_loss_cls: 0.1236  layer_-1_loss_bbox: 0.3973  matched_ious: 0.2830  aux_depth_loss: 0.4552  sec_per_iter: 0.8508  iters_per_sec: 1.1800  samples_per_sec: 18.8100  samples_per_sec_per_gpu: 4.7000  max_mem_allocated_mb: 666.3000  max_mem_reserved_mb: 22014.0000
2026/05/06 01:15:09 - mmengine - INFO - Epoch(train)  [7][4800/5000]  lr: 3.4931e-04  eta: 5:56:31  time: 0.9411  data_time: 0.0136  memory: 17805  grad_norm: 4.3075  loss: 1.6051  loss_heatmap: 0.5359  layer_-1_loss_cls: 0.1357  layer_-1_loss_bbox: 0.4687  matched_ious: 0.1861  aux_depth_loss: 0.4648  sec_per_iter: 0.8510  iters_per_sec: 1.1800  samples_per_sec: 18.8000  samples_per_sec_per_gpu: 4.7000  max_mem_allocated_mb: 666.3000  max_mem_reserved_mb: 22014.0000
2026/05/06 01:15:50 - mmengine - INFO - Epoch(train)  [7][4850/5000]  lr: 3.4840e-04  eta: 5:55:48  time: 0.8313  data_time: 0.0165  memory: 17875  grad_norm: 3.9884  loss: 1.5703  loss_heatmap: 0.5350  layer_-1_loss_cls: 0.1396  layer_-1_loss_bbox: 0.4361  matched_ious: 0.3107  aux_depth_loss: 0.4595  sec_per_iter: 0.8520  iters_per_sec: 1.1700  samples_per_sec: 18.7800  samples_per_sec_per_gpu: 4.7000  max_mem_allocated_mb: 666.3000  max_mem_reserved_mb: 22014.0000
2026/05/06 01:16:33 - mmengine - INFO - Epoch(train)  [7][4900/5000]  lr: 3.4750e-04  eta: 5:55:05  time: 0.8514  data_time: 0.0155  memory: 17853  grad_norm: 4.0798  loss: 1.5417  loss_heatmap: 0.4812  layer_-1_loss_cls: 0.1203  layer_-1_loss_bbox: 0.4732  matched_ious: 0.2259  aux_depth_loss: 0.4672  sec_per_iter: 0.8517  iters_per_sec: 1.1700  samples_per_sec: 18.7900  samples_per_sec_per_gpu: 4.7000  max_mem_allocated_mb: 666.3000  max_mem_reserved_mb: 22014.0000
2026/05/06 01:17:13 - mmengine - INFO - Epoch(train)  [7][4950/5000]  lr: 3.4660e-04  eta: 5:54:21  time: 0.8000  data_time: 0.0139  memory: 17881  grad_norm: 3.6192  loss: 1.4919  loss_heatmap: 0.4727  layer_-1_loss_cls: 0.1203  layer_-1_loss_bbox: 0.4319  matched_ious: 0.3227  aux_depth_loss: 0.4670  sec_per_iter: 0.8517  iters_per_sec: 1.1700  samples_per_sec: 18.7900  samples_per_sec_per_gpu: 4.7000  max_mem_allocated_mb: 666.3000  max_mem_reserved_mb: 22014.0000
2026/05/06 01:17:54 - mmengine - INFO - Exp name: zod_bevfusion_dualinit_20260505_161926
2026/05/06 01:17:54 - mmengine - INFO - Epoch(train)  [7][5000/5000]  lr: 3.4569e-04  eta: 5:53:38  time: 0.8181  data_time: 0.0150  memory: 17901  grad_norm: 3.7958  loss: 1.4471  loss_heatmap: 0.4628  layer_-1_loss_cls: 0.1239  layer_-1_loss_bbox: 0.3982  matched_ious: 0.2712  aux_depth_loss: 0.4622  sec_per_iter: 0.8512  iters_per_sec: 1.1700  samples_per_sec: 18.8000  samples_per_sec_per_gpu: 4.7000  max_mem_allocated_mb: 666.3000  max_mem_reserved_mb: 22014.0000
2026/05/06 01:17:54 - mmengine - INFO - [Efficiency] Epoch 7: wall=4254.3s  iters=5000  sec/iter=0.851  mem_alloc=666MB  mem_rsv=22014MB
2026/05/06 01:17:55 - mmengine - INFO - Saved /home/users/u103958/projects/multimodal-MoE/outputs/runs/zod_bevfusion_dualinit/bevfusion-dualinit_4543552/visualizations/bev_before_backbone_epoch_7.png
2026/05/06 01:17:56 - mmengine - INFO - Saved /home/users/u103958/projects/multimodal-MoE/outputs/runs/zod_bevfusion_dualinit/bevfusion-dualinit_4543552/visualizations/bev_after_fpn_epoch_7.png
2026/05/06 01:17:57 - mmengine - INFO - Saved /home/users/u103958/projects/multimodal-MoE/outputs/runs/zod_bevfusion_dualinit/bevfusion-dualinit_4543552/visualizations/bev_pred_vs_gt_epoch_7.png  (GT=16, pred=14, max_score=0.657)
2026/05/06 01:17:58 - mmengine - INFO - Saved /home/users/u103958/projects/multimodal-MoE/outputs/runs/zod_bevfusion_dualinit/bevfusion-dualinit_4543552/visualizations/bev_val_pred_vs_gt_epoch_7.png  (GT=25, pred=19, max_score=0.674)
2026/05/06 01:17:58 - mmengine - INFO - Saved /home/users/u103958/projects/multimodal-MoE/outputs/runs/zod_bevfusion_dualinit/bevfusion-dualinit_4543552/visualizations/camera_bev_features_epoch_7.png
2026/05/06 01:17:58 - mmengine - INFO - Saved /home/users/u103958/projects/multimodal-MoE/outputs/runs/zod_bevfusion_dualinit/bevfusion-dualinit_4543552/visualizations/fused_bev_features_epoch_7.png
2026/05/06 01:17:59 - mmengine - INFO - Saved /home/users/u103958/projects/multimodal-MoE/outputs/runs/zod_bevfusion_dualinit/bevfusion-dualinit_4543552/visualizations/depth_transform_diagnostic_epoch_7.png
2026/05/06 01:17:59 - mmengine - INFO - ========================================================================
2026/05/06 01:17:59 - mmengine - INFO -   DEPTH PROJECTION DEBUG — Sparse depth analysis
2026/05/06 01:17:59 - mmengine - INFO - ========================================================================
2026/05/06 01:17:59 - mmengine - INFO -   lidar2img  shape=(1, 4, 4)
2026/05/06 01:17:59 - mmengine - INFO -     [  622.2576  -478.3849    -1.9513 -1257.4954]
2026/05/06 01:17:59 - mmengine - INFO -     [ 350.0951    7.6426 -478.2796 -167.8321]
2026/05/06 01:17:59 - mmengine - INFO -     [ 1.      0.003   0.0074 -2.0314]
2026/05/06 01:17:59 - mmengine - INFO -     [0. 0. 0. 1.]
2026/05/06 01:17:59 - mmengine - INFO -   cam2img  shape=(1, 4, 4)
2026/05/06 01:17:59 - mmengine - INFO -     [480.324    0.     620.7651   0.    ]
2026/05/06 01:17:59 - mmengine - INFO -     [  0.     480.9149 346.5506   0.    ]
2026/05/06 01:17:59 - mmengine - INFO -     [0. 0. 1. 0.]
2026/05/06 01:17:59 - mmengine - INFO -     [0. 0. 0. 1.]
2026/05/06 01:17:59 - mmengine - INFO -   img_aug_matrix  shape=(1, 4, 4)
2026/05/06 01:17:59 - mmengine - INFO -     [1. 0. 0. 0.]
2026/05/06 01:17:59 - mmengine - INFO -     [0. 1. 0. 0.]
2026/05/06 01:17:59 - mmengine - INFO -     [0. 0. 1. 0.]
2026/05/06 01:17:59 - mmengine - INFO -     [0. 0. 0. 1.]
2026/05/06 01:17:59 - mmengine - INFO -   lidar_aug_matrix  shape=(4, 4)
2026/05/06 01:17:59 - mmengine - INFO -     [1. 0. 0. 0.]
2026/05/06 01:17:59 - mmengine - INFO -     [0. 1. 0. 0.]
2026/05/06 01:17:59 - mmengine - INFO -     [0. 0. 1. 0.]
2026/05/06 01:17:59 - mmengine - INFO -     [0. 0. 0. 1.]
2026/05/06 01:17:59 - mmengine - INFO -   img tensor shape: (1, 1, 3, 704, 1248)
2026/05/06 01:17:59 - mmengine - INFO -   points[0] shape:  (50570, 4)
2026/05/06 01:17:59 - mmengine - INFO -   image_size=[704, 1248]  feature_size=[88, 156]  D=178
2026/05/06 01:17:59 - mmengine - INFO -   projected: 50570 / 50570 on image
2026/05/06 01:17:59 - mmengine - INFO -   row min/max/mean: 226.9 / 703.6 / 382.4
2026/05/06 01:17:59 - mmengine - INFO - ------------------------------------------------------------------------
2026/05/06 01:17:59 - mmengine - INFO -   MULTI-HIT / OVERWRITE ANALYSIS (full-res depth map)
2026/05/06 01:17:59 - mmengine - INFO -   total LiDAR hits on image:     50570
2026/05/06 01:17:59 - mmengine - INFO -   unique pixels occupied:         45944
2026/05/06 01:17:59 - mmengine - INFO -   pixels with >1 hit:             4354
2026/05/06 01:17:59 - mmengine - INFO -   overwritten points (lost):      4626  (9.1%)
2026/05/06 01:17:59 - mmengine - INFO -   multi-hit max/mean:             4 / 2.1
2026/05/06 01:17:59 - mmengine - INFO -   full-res occupancy:             45944 / 878592 = 5.229%
2026/05/06 01:18:00 - mmengine - INFO - ------------------------------------------------------------------------
2026/05/06 01:18:00 - mmengine - INFO -   OCCUPANCY THROUGH DEPTH PIPELINE
2026/05/06 01:18:00 - mmengine - INFO -   sparse_depth (full-res):  (1, 1, 704, 1248)
2026/05/06 01:18:00 - mmengine - INFO -     nonzero: 156662 / 878592  (17.831%)
2026/05/06 01:18:00 - mmengine - INFO -     active rows: 479/704  cols: 1248/1248
2026/05/06 01:18:00 - mmengine - INFO -   dtransform output:        (1, 64, 88, 156)
2026/05/06 01:18:00 - mmengine - INFO -     active cells (any ch>0): 13728 / 13728  (100.00%)
2026/05/06 01:18:00 - mmengine - INFO -   img_features:             (1, 1, 256, 88, 156)
2026/05/06 01:18:00 - mmengine - INFO -   depthnet output:          (1, 258, 88, 156)
2026/05/06 01:18:00 - mmengine - INFO -   camera BEV:               (1, 80, 180, 180)
2026/05/06 01:18:04 - mmengine - INFO -   Saved /home/users/u103958/projects/multimodal-MoE/outputs/runs/zod_bevfusion_dualinit/bevfusion-dualinit_4543552/debug/sparse_depth_pipeline.png
2026/05/06 01:18:06 - mmengine - INFO -   Saved /home/users/u103958/projects/multimodal-MoE/outputs/runs/zod_bevfusion_dualinit/bevfusion-dualinit_4543552/debug/lidar_projection_overlay.png
2026/05/06 01:18:06 - mmengine - INFO - ========================================================================
2026/05/06 01:18:19 - mmengine - INFO - Epoch(val)  [7][  50/1250]    eta: 0:05:11  time: 0.2592  data_time: 0.0083  memory: 4846  
2026/05/06 01:18:32 - mmengine - INFO - Epoch(val)  [7][ 100/1250]    eta: 0:04:53  time: 0.2511  data_time: 0.0055  memory: 4851  
2026/05/06 01:18:44 - mmengine - INFO - Epoch(val)  [7][ 150/1250]    eta: 0:04:40  time: 0.2539  data_time: 0.0067  memory: 4854  
2026/05/06 01:18:57 - mmengine - INFO - Epoch(val)  [7][ 200/1250]    eta: 0:04:28  time: 0.2584  data_time: 0.0074  memory: 4852  
2026/05/06 01:19:09 - mmengine - INFO - Epoch(val)  [7][ 250/1250]    eta: 0:04:13  time: 0.2448  data_time: 0.0054  memory: 4841  
2026/05/06 01:19:24 - mmengine - INFO - Epoch(val)  [7][ 300/1250]    eta: 0:04:05  time: 0.2812  data_time: 0.0058  memory: 4849  
2026/05/06 01:19:37 - mmengine - INFO - Epoch(val)  [7][ 350/1250]    eta: 0:03:53  time: 0.2659  data_time: 0.0069  memory: 4852  
2026/05/06 01:19:50 - mmengine - INFO - Epoch(val)  [7][ 400/1250]    eta: 0:03:40  time: 0.2578  data_time: 0.0070  memory: 4842  
2026/05/06 01:20:02 - mmengine - INFO - Epoch(val)  [7][ 450/1250]    eta: 0:03:26  time: 0.2511  data_time: 0.0054  memory: 4845  
2026/05/06 01:20:15 - mmengine - INFO - Epoch(val)  [7][ 500/1250]    eta: 0:03:13  time: 0.2542  data_time: 0.0062  memory: 4845  
2026/05/06 01:20:28 - mmengine - INFO - Epoch(val)  [7][ 550/1250]    eta: 0:03:00  time: 0.2536  data_time: 0.0055  memory: 4845  
2026/05/06 01:20:41 - mmengine - INFO - Epoch(val)  [7][ 600/1250]    eta: 0:02:47  time: 0.2603  data_time: 0.0062  memory: 4849  
2026/05/06 01:20:53 - mmengine - INFO - Epoch(val)  [7][ 650/1250]    eta: 0:02:34  time: 0.2521  data_time: 0.0054  memory: 4849  
2026/05/06 01:21:06 - mmengine - INFO - Epoch(val)  [7][ 700/1250]    eta: 0:02:21  time: 0.2571  data_time: 0.0069  memory: 4846  
2026/05/06 01:21:18 - mmengine - INFO - Epoch(val)  [7][ 750/1250]    eta: 0:02:08  time: 0.2446  data_time: 0.0060  memory: 4848  
2026/05/06 01:21:30 - mmengine - INFO - Epoch(val)  [7][ 800/1250]    eta: 0:01:54  time: 0.2340  data_time: 0.0064  memory: 4843  
2026/05/06 01:21:42 - mmengine - INFO - Epoch(val)  [7][ 850/1250]    eta: 0:01:41  time: 0.2449  data_time: 0.0059  memory: 4848  
2026/05/06 01:21:54 - mmengine - INFO - Epoch(val)  [7][ 900/1250]    eta: 0:01:28  time: 0.2423  data_time: 0.0056  memory: 4852  
2026/05/06 01:22:06 - mmengine - INFO - Epoch(val)  [7][ 950/1250]    eta: 0:01:15  time: 0.2356  data_time: 0.0058  memory: 4848  
2026/05/06 01:22:18 - mmengine - INFO - Epoch(val)  [7][1000/1250]    eta: 0:01:02  time: 0.2356  data_time: 0.0050  memory: 4851  
2026/05/06 01:22:31 - mmengine - INFO - Epoch(val)  [7][1050/1250]    eta: 0:00:50  time: 0.2494  data_time: 0.0062  memory: 4851  
2026/05/06 01:22:43 - mmengine - INFO - Epoch(val)  [7][1100/1250]    eta: 0:00:37  time: 0.2486  data_time: 0.0053  memory: 4852  
2026/05/06 01:22:55 - mmengine - INFO - Epoch(val)  [7][1150/1250]    eta: 0:00:25  time: 0.2377  data_time: 0.0053  memory: 4846  
2026/05/06 01:23:07 - mmengine - INFO - Epoch(val)  [7][1200/1250]    eta: 0:00:12  time: 0.2493  data_time: 0.0051  memory: 4844  
2026/05/06 01:23:19 - mmengine - INFO - Epoch(val)  [7][1250/1250]    eta: 0:00:00  time: 0.2384  data_time: 0.0058  memory: 4848  
2026/05/06 01:24:34 - mmengine - INFO - 
+------------+---------+---------+---------+---------+
| classes    | AP_0.25 | AR_0.25 | AP_0.50 | AR_0.50 |
+------------+---------+---------+---------+---------+
| pedestrian | 0.7930  | 0.9347  | 0.5053  | 0.6723  |
+------------+---------+---------+---------+---------+
| Overall    | 0.7930  | 0.9347  | 0.5053  | 0.6723  |
+------------+---------+---------+---------+---------+
2026/05/06 01:25:02 - mmengine - INFO - 
+------------+---------+---------+---------+---------+---------+---------+---------+---------+
| classes    | AP_0.5m | AR_0.5m | AP_1.0m | AR_1.0m | AP_2.0m | AR_2.0m | AP_4.0m | AR_4.0m |
+------------+---------+---------+---------+---------+---------+---------+---------+---------+
| pedestrian | 0.8180  | 0.9669  | 0.8267  | 0.9742  | 0.8316  | 0.9784  | 0.8377  | 0.9835  |
+------------+---------+---------+---------+---------+---------+---------+---------+---------+
| Overall    | 0.8180  | 0.9669  | 0.8267  | 0.9742  | 0.8316  | 0.9784  | 0.8377  | 0.9835  |
+------------+---------+---------+---------+---------+---------+---------+---------+---------+
2026/05/06 01:25:03 - mmengine - INFO - Epoch(val) [7][1250/1250]    pedestrian_AP_0.25: 0.7930  mAP_0.25: 0.7930  pedestrian_rec_0.25: 0.9347  mAR_0.25: 0.9347  pedestrian_AP_0.50: 0.5053  mAP_0.50: 0.5053  pedestrian_rec_0.50: 0.6723  mAR_0.50: 0.6723  pedestrian_AP_0.5m: 0.8180  pedestrian_rec_0.5m: 0.9669  pedestrian_AP_1.0m: 0.8267  pedestrian_rec_1.0m: 0.9742  pedestrian_AP_2.0m: 0.8316  pedestrian_rec_2.0m: 0.9784  pedestrian_AP_4.0m: 0.8377  pedestrian_rec_4.0m: 0.9835  mAP_0.5m: 0.8180  mAR_0.5m: 0.9669  mAP_1.0m: 0.8267  mAR_1.0m: 0.9742  mAP_2.0m: 0.8316  mAR_2.0m: 0.9784  mAP_4.0m: 0.8377  mAR_4.0m: 0.9835  data_time: 0.0060  time: 0.2504
2026/05/06 01:25:47 - mmengine - INFO - Epoch(train)  [8][  50/5000]  lr: 3.4478e-04  eta: 5:52:56  time: 0.8698  data_time: 0.0258  memory: 17777  grad_norm: 3.8374  loss: 1.4596  loss_heatmap: 0.4857  layer_-1_loss_cls: 0.1296  layer_-1_loss_bbox: 0.3836  matched_ious: 0.3882  aux_depth_loss: 0.4607  sec_per_iter: 0.8509  iters_per_sec: 1.1800  samples_per_sec: 18.8000  samples_per_sec_per_gpu: 4.7000  max_mem_allocated_mb: 666.3000  max_mem_reserved_mb: 22014.0000
2026/05/06 01:26:28 - mmengine - INFO - Epoch(train)  [8][ 100/5000]  lr: 3.4387e-04  eta: 5:52:12  time: 0.8116  data_time: 0.0139  memory: 17682  grad_norm: 4.0004  loss: 1.4147  loss_heatmap: 0.4485  layer_-1_loss_cls: 0.1133  layer_-1_loss_bbox: 0.3951  matched_ious: 0.3126  aux_depth_loss: 0.4578  sec_per_iter: 0.8701  iters_per_sec: 1.1500  samples_per_sec: 18.3900  samples_per_sec_per_gpu: 4.6000  max_mem_allocated_mb: 666.3000  max_mem_reserved_mb: 22014.0000
2026/05/06 01:27:11 - mmengine - INFO - Epoch(train)  [8][ 150/5000]  lr: 3.4296e-04  eta: 5:51:30  time: 0.8616  data_time: 0.0122  memory: 17793  grad_norm: 3.7886  loss: 1.5388  loss_heatmap: 0.4654  layer_-1_loss_cls: 0.1147  layer_-1_loss_bbox: 0.4906  matched_ious: 0.3313  aux_depth_loss: 0.4681  sec_per_iter: 0.8410  iters_per_sec: 1.1900  samples_per_sec: 19.0300  samples_per_sec_per_gpu: 4.7600  max_mem_allocated_mb: 666.3000  max_mem_reserved_mb: 22014.0000
2026/05/06 01:27:55 - mmengine - INFO - Epoch(train)  [8][ 200/5000]  lr: 3.4205e-04  eta: 5:50:49  time: 0.8823  data_time: 0.0132  memory: 17776  grad_norm: 3.9601  loss: 1.4159  loss_heatmap: 0.4361  layer_-1_loss_cls: 0.1110  layer_-1_loss_bbox: 0.3948  matched_ious: 0.1709  aux_depth_loss: 0.4740  sec_per_iter: 0.8479  iters_per_sec: 1.1800  samples_per_sec: 18.8700  samples_per_sec_per_gpu: 4.7200  max_mem_allocated_mb: 666.3000  max_mem_reserved_mb: 22014.0000
2026/05/06 01:28:43 - mmengine - INFO - Epoch(train)  [8][ 250/5000]  lr: 3.4114e-04  eta: 5:50:10  time: 0.9518  data_time: 0.0145  memory: 17848  grad_norm: 4.4362  loss: 1.4224  loss_heatmap: 0.4658  layer_-1_loss_cls: 0.1180  layer_-1_loss_bbox: 0.3832  matched_ious: 0.4038  aux_depth_loss: 0.4554  sec_per_iter: 0.8565  iters_per_sec: 1.1700  samples_per_sec: 18.6800  samples_per_sec_per_gpu: 4.6700  max_mem_allocated_mb: 666.3000  max_mem_reserved_mb: 22014.0000
2026/05/06 01:29:28 - mmengine - INFO - Epoch(train)  [8][ 300/5000]  lr: 3.4022e-04  eta: 5:49:30  time: 0.9001  data_time: 0.0146  memory: 17921  grad_norm: 3.8863  loss: 1.5179  loss_heatmap: 0.4945  layer_-1_loss_cls: 0.1255  layer_-1_loss_bbox: 0.4374  matched_ious: 0.3368  aux_depth_loss: 0.4605  sec_per_iter: 0.8756  iters_per_sec: 1.1400  samples_per_sec: 18.2700  samples_per_sec_per_gpu: 4.5700  max_mem_allocated_mb: 666.3000  max_mem_reserved_mb: 22014.0000
2026/05/06 01:30:09 - mmengine - INFO - Epoch(train)  [8][ 350/5000]  lr: 3.3931e-04  eta: 5:48:47  time: 0.8352  data_time: 0.0126  memory: 17896  grad_norm: 3.9684  loss: 1.5089  loss_heatmap: 0.4808  layer_-1_loss_cls: 0.1302  layer_-1_loss_bbox: 0.4342  matched_ious: 0.2968  aux_depth_loss: 0.4637  sec_per_iter: 0.8796  iters_per_sec: 1.1400  samples_per_sec: 18.1900  samples_per_sec_per_gpu: 4.5500  max_mem_allocated_mb: 666.3000  max_mem_reserved_mb: 22014.0000
2026/05/06 01:30:52 - mmengine - INFO - Epoch(train)  [8][ 400/5000]  lr: 3.3839e-04  eta: 5:48:05  time: 0.8585  data_time: 0.0144  memory: 17822  grad_norm: 4.3671  loss: 1.4472  loss_heatmap: 0.4661  layer_-1_loss_cls: 0.1219  layer_-1_loss_bbox: 0.3923  matched_ious: 0.2167  aux_depth_loss: 0.4669  sec_per_iter: 0.8733  iters_per_sec: 1.1500  samples_per_sec: 18.3200  samples_per_sec_per_gpu: 4.5800  max_mem_allocated_mb: 666.3000  max_mem_reserved_mb: 22014.0000
2026/05/06 01:31:33 - mmengine - INFO - Epoch(train)  [8][ 450/5000]  lr: 3.3747e-04  eta: 5:47:21  time: 0.8180  data_time: 0.0139  memory: 17939  grad_norm: 3.5719  loss: 1.5273  loss_heatmap: 0.5093  layer_-1_loss_cls: 0.1249  layer_-1_loss_bbox: 0.4340  matched_ious: 0.2882  aux_depth_loss: 0.4591  sec_per_iter: 0.8715  iters_per_sec: 1.1500  samples_per_sec: 18.3600  samples_per_sec_per_gpu: 4.5900  max_mem_allocated_mb: 666.3000  max_mem_reserved_mb: 22014.0000
2026/05/06 01:32:16 - mmengine - INFO - Epoch(train)  [8][ 500/5000]  lr: 3.3655e-04  eta: 5:46:39  time: 0.8596  data_time: 0.0119  memory: 17830  grad_norm: 4.1412  loss: 1.4858  loss_heatmap: 0.4806  layer_-1_loss_cls: 0.1263  layer_-1_loss_bbox: 0.4154  matched_ious: 0.3093  aux_depth_loss: 0.4636  sec_per_iter: 0.8655  iters_per_sec: 1.1600  samples_per_sec: 18.4900  samples_per_sec_per_gpu: 4.6200  max_mem_allocated_mb: 666.3000  max_mem_reserved_mb: 22014.0000
2026/05/06 01:32:57 - mmengine - INFO - Epoch(train)  [8][ 550/5000]  lr: 3.3563e-04  eta: 5:45:55  time: 0.8092  data_time: 0.0123  memory: 17818  grad_norm: 4.2010  loss: 1.4318  loss_heatmap: 0.4466  layer_-1_loss_cls: 0.1129  layer_-1_loss_bbox: 0.3991  matched_ious: 0.2290  aux_depth_loss: 0.4733  sec_per_iter: 0.8650  iters_per_sec: 1.1600  samples_per_sec: 18.5000  samples_per_sec_per_gpu: 4.6200  max_mem_allocated_mb: 666.3000  max_mem_reserved_mb: 22014.0000
2026/05/06 01:33:38 - mmengine - INFO - Epoch(train)  [8][ 600/5000]  lr: 3.3470e-04  eta: 5:45:12  time: 0.8347  data_time: 0.0142  memory: 17956  grad_norm: 3.5177  loss: 1.4677  loss_heatmap: 0.4913  layer_-1_loss_cls: 0.1237  layer_-1_loss_bbox: 0.4063  matched_ious: 0.1904  aux_depth_loss: 0.4464  sec_per_iter: 0.8599  iters_per_sec: 1.1600  samples_per_sec: 18.6100  samples_per_sec_per_gpu: 4.6500  max_mem_allocated_mb: 666.3000  max_mem_reserved_mb: 22014.0000
2026/05/06 01:34:20 - mmengine - INFO - Epoch(train)  [8][ 650/5000]  lr: 3.3378e-04  eta: 5:44:29  time: 0.8365  data_time: 0.0142  memory: 17964  grad_norm: 5.0653  loss: 1.5111  loss_heatmap: 0.4760  layer_-1_loss_cls: 0.1215  layer_-1_loss_bbox: 0.4380  matched_ious: 0.1748  aux_depth_loss: 0.4756  sec_per_iter: 0.8578  iters_per_sec: 1.1700  samples_per_sec: 18.6500  samples_per_sec_per_gpu: 4.6600  max_mem_allocated_mb: 666.3000  max_mem_reserved_mb: 22014.0000
2026/05/06 01:35:03 - mmengine - INFO - Epoch(train)  [8][ 700/5000]  lr: 3.3285e-04  eta: 5:43:47  time: 0.8491  data_time: 0.0130  memory: 17781  grad_norm: 4.5610  loss: 1.6123  loss_heatmap: 0.5486  layer_-1_loss_cls: 0.1291  layer_-1_loss_bbox: 0.4677  matched_ious: 0.2429  aux_depth_loss: 0.4669  sec_per_iter: 0.8561  iters_per_sec: 1.1700  samples_per_sec: 18.6900  samples_per_sec_per_gpu: 4.6700  max_mem_allocated_mb: 666.3000  max_mem_reserved_mb: 22014.0000
2026/05/06 01:35:44 - mmengine - INFO - Epoch(train)  [8][ 750/5000]  lr: 3.3193e-04  eta: 5:43:04  time: 0.8328  data_time: 0.0142  memory: 17941  grad_norm: 4.3976  loss: 1.4285  loss_heatmap: 0.4556  layer_-1_loss_cls: 0.1207  layer_-1_loss_bbox: 0.3836  matched_ious: 0.2641  aux_depth_loss: 0.4686  sec_per_iter: 0.8557  iters_per_sec: 1.1700  samples_per_sec: 18.7000  samples_per_sec_per_gpu: 4.6700  max_mem_allocated_mb: 666.3000  max_mem_reserved_mb: 22014.0000
2026/05/06 01:36:26 - mmengine - INFO - Epoch(train)  [8][ 800/5000]  lr: 3.3100e-04  eta: 5:42:21  time: 0.8270  data_time: 0.0161  memory: 17767  grad_norm: 4.9059  loss: 1.5392  loss_heatmap: 0.5085  layer_-1_loss_cls: 0.1270  layer_-1_loss_bbox: 0.4245  matched_ious: 0.3166  aux_depth_loss: 0.4792  sec_per_iter: 0.8541  iters_per_sec: 1.1700  samples_per_sec: 18.7300  samples_per_sec_per_gpu: 4.6800  max_mem_allocated_mb: 666.3000  max_mem_reserved_mb: 22014.0000
2026/05/06 01:37:10 - mmengine - INFO - Epoch(train)  [8][ 850/5000]  lr: 3.3007e-04  eta: 5:41:40  time: 0.8869  data_time: 0.0156  memory: 17702  grad_norm: 4.1077  loss: 1.4698  loss_heatmap: 0.4910  layer_-1_loss_cls: 0.1296  layer_-1_loss_bbox: 0.3803  matched_ious: 0.1234  aux_depth_loss: 0.4689  sec_per_iter: 0.8524  iters_per_sec: 1.1700  samples_per_sec: 18.7700  samples_per_sec_per_gpu: 4.6900  max_mem_allocated_mb: 666.3000  max_mem_reserved_mb: 22014.0000
2026/05/06 01:37:54 - mmengine - INFO - Epoch(train)  [8][ 900/5000]  lr: 3.2914e-04  eta: 5:40:58  time: 0.8707  data_time: 0.0155  memory: 17858  grad_norm: 3.5762  loss: 1.5443  loss_heatmap: 0.5157  layer_-1_loss_cls: 0.1262  layer_-1_loss_bbox: 0.4531  matched_ious: 0.3353  aux_depth_loss: 0.4493  sec_per_iter: 0.8545  iters_per_sec: 1.1700  samples_per_sec: 18.7200  samples_per_sec_per_gpu: 4.6800  max_mem_allocated_mb: 666.3000  max_mem_reserved_mb: 22014.0000
2026/05/06 01:38:37 - mmengine - INFO - Epoch(train)  [8][ 950/5000]  lr: 3.2821e-04  eta: 5:40:16  time: 0.8647  data_time: 0.0165  memory: 17787  grad_norm: inf  loss: 1.6134  loss_heatmap: 0.6056  layer_-1_loss_cls: 0.1712  layer_-1_loss_bbox: 0.3683  matched_ious: 0.2339  aux_depth_loss: 0.4683  sec_per_iter: 0.8554  iters_per_sec: 1.1700  samples_per_sec: 18.7000  samples_per_sec_per_gpu: 4.6800  max_mem_allocated_mb: 666.3000  max_mem_reserved_mb: 22014.0000
2026/05/06 01:39:19 - mmengine - INFO - Exp name: zod_bevfusion_dualinit_20260505_161926
2026/05/06 01:39:19 - mmengine - INFO - Epoch(train)  [8][1000/5000]  lr: 3.2727e-04  eta: 5:39:34  time: 0.8497  data_time: 0.0139  memory: 17993  grad_norm: 3.5809  loss: 1.3622  loss_heatmap: 0.4228  layer_-1_loss_cls: 0.1215  layer_-1_loss_bbox: 0.3573  matched_ious: 0.2772  aux_depth_loss: 0.4606  sec_per_iter: 0.8559  iters_per_sec: 1.1700  samples_per_sec: 18.6900  samples_per_sec_per_gpu: 4.6700  max_mem_allocated_mb: 666.3000  max_mem_reserved_mb: 22014.0000
2026/05/06 01:40:01 - mmengine - INFO - Epoch(train)  [8][1050/5000]  lr: 3.2634e-04  eta: 5:38:51  time: 0.8345  data_time: 0.0141  memory: 17732  grad_norm: 3.6259  loss: 1.3876  loss_heatmap: 0.4459  layer_-1_loss_cls: 0.1178  layer_-1_loss_bbox: 0.3725  matched_ious: 0.1955  aux_depth_loss: 0.4514  sec_per_iter: 0.8556  iters_per_sec: 1.1700  samples_per_sec: 18.7000  samples_per_sec_per_gpu: 4.6800  max_mem_allocated_mb: 666.3000  max_mem_reserved_mb: 22014.0000
2026/05/06 01:40:42 - mmengine - INFO - Epoch(train)  [8][1100/5000]  lr: 3.2540e-04  eta: 5:38:08  time: 0.8303  data_time: 0.0161  memory: 17860  grad_norm: 3.8215  loss: 1.4614  loss_heatmap: 0.4660  layer_-1_loss_cls: 0.1116  layer_-1_loss_bbox: 0.4145  matched_ious: 0.2382  aux_depth_loss: 0.4693  sec_per_iter: 0.8546  iters_per_sec: 1.1700  samples_per_sec: 18.7200  samples_per_sec_per_gpu: 4.6800  max_mem_allocated_mb: 666.3000  max_mem_reserved_mb: 22014.0000
2026/05/06 01:41:24 - mmengine - INFO - Epoch(train)  [8][1150/5000]  lr: 3.2447e-04  eta: 5:37:24  time: 0.8212  data_time: 0.0137  memory: 17728  grad_norm: 3.7737  loss: 1.4567  loss_heatmap: 0.4818  layer_-1_loss_cls: 0.1250  layer_-1_loss_bbox: 0.3937  matched_ious: 0.2884  aux_depth_loss: 0.4562  sec_per_iter: 0.8535  iters_per_sec: 1.1700  samples_per_sec: 18.7500  samples_per_sec_per_gpu: 4.6900  max_mem_allocated_mb: 666.3000  max_mem_reserved_mb: 22014.0000
2026/05/06 01:42:07 - mmengine - INFO - Epoch(train)  [8][1200/5000]  lr: 3.2353e-04  eta: 5:36:43  time: 0.8762  data_time: 0.0149  memory: 17757  grad_norm: 4.1642  loss: 1.4788  loss_heatmap: 0.4894  layer_-1_loss_cls: 0.1241  layer_-1_loss_bbox: 0.4055  matched_ious: 0.2635  aux_depth_loss: 0.4597  sec_per_iter: 0.8521  iters_per_sec: 1.1700  samples_per_sec: 18.7800  samples_per_sec_per_gpu: 4.6900  max_mem_allocated_mb: 666.3000  max_mem_reserved_mb: 22014.0000
2026/05/06 01:42:56 - mmengine - INFO - Epoch(train)  [8][1250/5000]  lr: 3.2259e-04  eta: 5:36:04  time: 0.9699  data_time: 0.0232  memory: 17770  grad_norm: 3.1764  loss: 1.3882  loss_heatmap: 0.4397  layer_-1_loss_cls: 0.1185  layer_-1_loss_bbox: 0.3886  matched_ious: 0.3273  aux_depth_loss: 0.4414  sec_per_iter: 0.8531  iters_per_sec: 1.1700  samples_per_sec: 18.7600  samples_per_sec_per_gpu: 4.6900  max_mem_allocated_mb: 666.3000  max_mem_reserved_mb: 22014.0000
2026/05/06 01:43:43 - mmengine - INFO - Epoch(train)  [8][1300/5000]  lr: 3.2165e-04  eta: 5:35:25  time: 0.9413  data_time: 0.0151  memory: 17777  grad_norm: 4.1080  loss: 1.4447  loss_heatmap: 0.4644  layer_-1_loss_cls: 0.1187  layer_-1_loss_bbox: 0.4009  matched_ious: 0.2393  aux_depth_loss: 0.4607  sec_per_iter: 0.8577  iters_per_sec: 1.1700  samples_per_sec: 18.6500  samples_per_sec_per_gpu: 4.6600  max_mem_allocated_mb: 666.3000  max_mem_reserved_mb: 22014.0000
2026/05/06 01:44:32 - mmengine - INFO - Epoch(train)  [8][1350/5000]  lr: 3.2071e-04  eta: 5:34:46  time: 0.9738  data_time: 0.0202  memory: 17751  grad_norm: 3.8806  loss: 1.4661  loss_heatmap: 0.4868  layer_-1_loss_cls: 0.1224  layer_-1_loss_bbox: 0.4052  matched_ious: 0.3510  aux_depth_loss: 0.4517  sec_per_iter: 0.8610  iters_per_sec: 1.1600  samples_per_sec: 18.5800  samples_per_sec_per_gpu: 4.6500  max_mem_allocated_mb: 666.3000  max_mem_reserved_mb: 22014.0000
2026/05/06 01:45:14 - mmengine - INFO - Epoch(train)  [8][1400/5000]  lr: 3.1977e-04  eta: 5:34:04  time: 0.8567  data_time: 0.0123  memory: 17785  grad_norm: 4.2828  loss: 1.5387  loss_heatmap: 0.4949  layer_-1_loss_cls: 0.1202  layer_-1_loss_bbox: 0.4598  matched_ious: 0.3367  aux_depth_loss: 0.4638  sec_per_iter: 0.8651  iters_per_sec: 1.1600  samples_per_sec: 18.4900  samples_per_sec_per_gpu: 4.6200  max_mem_allocated_mb: 666.3000  max_mem_reserved_mb: 22014.0000
2026/05/06 01:45:58 - mmengine - INFO - Epoch(train)  [8][1450/5000]  lr: 3.1883e-04  eta: 5:33:22  time: 0.8761  data_time: 0.0129  memory: 17863  grad_norm: 3.6142  loss: 1.3967  loss_heatmap: 0.4420  layer_-1_loss_cls: 0.1243  layer_-1_loss_bbox: 0.3794  matched_ious: 0.3887  aux_depth_loss: 0.4511  sec_per_iter: 0.8648  iters_per_sec: 1.1600  samples_per_sec: 18.5000  samples_per_sec_per_gpu: 4.6300  max_mem_allocated_mb: 666.3000  max_mem_reserved_mb: 22014.0000
2026/05/06 01:46:44 - mmengine - INFO - Epoch(train)  [8][1500/5000]  lr: 3.1788e-04  eta: 5:32:42  time: 0.9074  data_time: 0.0133  memory: 17810  grad_norm: 3.2850  loss: 1.4233  loss_heatmap: 0.4513  layer_-1_loss_cls: 0.1194  layer_-1_loss_bbox: 0.4024  matched_ious: 0.2962  aux_depth_loss: 0.4502  sec_per_iter: 0.8652  iters_per_sec: 1.1600  samples_per_sec: 18.4900  samples_per_sec_per_gpu: 4.6200  max_mem_allocated_mb: 666.3000  max_mem_reserved_mb: 22014.0000
2026/05/06 01:47:25 - mmengine - INFO - Epoch(train)  [8][1550/5000]  lr: 3.1694e-04  eta: 5:31:59  time: 0.8316  data_time: 0.0143  memory: 17729  grad_norm: 3.8228  loss: 1.4529  loss_heatmap: 0.4402  layer_-1_loss_cls: 0.1136  layer_-1_loss_bbox: 0.4540  matched_ious: 0.2311  aux_depth_loss: 0.4451  sec_per_iter: 0.8666  iters_per_sec: 1.1500  samples_per_sec: 18.4600  samples_per_sec_per_gpu: 4.6200  max_mem_allocated_mb: 666.3000  max_mem_reserved_mb: 22014.0000
2026/05/06 01:48:11 - mmengine - INFO - Epoch(train)  [8][1600/5000]  lr: 3.1599e-04  eta: 5:31:19  time: 0.9179  data_time: 0.0131  memory: 17879  grad_norm: 4.2881  loss: 1.5411  loss_heatmap: 0.5128  layer_-1_loss_cls: 0.1297  layer_-1_loss_bbox: 0.4291  matched_ious: 0.2210  aux_depth_loss: 0.4695  sec_per_iter: 0.8655  iters_per_sec: 1.1600  samples_per_sec: 18.4900  samples_per_sec_per_gpu: 4.6200  max_mem_allocated_mb: 666.3000  max_mem_reserved_mb: 22014.0000
2026/05/06 01:48:53 - mmengine - INFO - Epoch(train)  [8][1650/5000]  lr: 3.1504e-04  eta: 5:30:35  time: 0.8300  data_time: 0.0186  memory: 17742  grad_norm: 3.8338  loss: 1.4338  loss_heatmap: 0.4654  layer_-1_loss_cls: 0.1255  layer_-1_loss_bbox: 0.3815  matched_ious: 0.2833  aux_depth_loss: 0.4614  sec_per_iter: 0.8671  iters_per_sec: 1.1500  samples_per_sec: 18.4500  samples_per_sec_per_gpu: 4.6100  max_mem_allocated_mb: 666.3000  max_mem_reserved_mb: 22014.0000
2026/05/06 01:49:38 - mmengine - INFO - Epoch(train)  [8][1700/5000]  lr: 3.1409e-04  eta: 5:29:55  time: 0.9029  data_time: 0.0166  memory: 17776  grad_norm: 3.9890  loss: 1.5527  loss_heatmap: 0.5331  layer_-1_loss_cls: 0.1336  layer_-1_loss_bbox: 0.4273  matched_ious: 0.2704  aux_depth_loss: 0.4587  sec_per_iter: 0.8660  iters_per_sec: 1.1500  samples_per_sec: 18.4800  samples_per_sec_per_gpu: 4.6200  max_mem_allocated_mb: 666.3000  max_mem_reserved_mb: 22014.0000
2026/05/06 01:50:19 - mmengine - INFO - Epoch(train)  [8][1750/5000]  lr: 3.1314e-04  eta: 5:29:12  time: 0.8340  data_time: 0.0141  memory: 17860  grad_norm: 4.0996  loss: 1.4673  loss_heatmap: 0.4595  layer_-1_loss_cls: 0.1098  layer_-1_loss_bbox: 0.4411  matched_ious: 0.1881  aux_depth_loss: 0.4569  sec_per_iter: 0.8671  iters_per_sec: 1.1500  samples_per_sec: 18.4500  samples_per_sec_per_gpu: 4.6100  max_mem_allocated_mb: 666.3000  max_mem_reserved_mb: 22014.0000
2026/05/06 01:51:02 - mmengine - INFO - Epoch(train)  [8][1800/5000]  lr: 3.1219e-04  eta: 5:28:29  time: 0.8512  data_time: 0.0128  memory: 17906  grad_norm: 4.1232  loss: 1.4862  loss_heatmap: 0.4795  layer_-1_loss_cls: 0.1229  layer_-1_loss_bbox: 0.4212  matched_ious: 0.3482  aux_depth_loss: 0.4626  sec_per_iter: 0.8662  iters_per_sec: 1.1500  samples_per_sec: 18.4700  samples_per_sec_per_gpu: 4.6200  max_mem_allocated_mb: 666.3000  max_mem_reserved_mb: 22014.0000
2026/05/06 01:51:43 - mmengine - INFO - Epoch(train)  [8][1850/5000]  lr: 3.1124e-04  eta: 5:27:46  time: 0.8264  data_time: 0.0139  memory: 17996  grad_norm: 4.0395  loss: 1.4942  loss_heatmap: 0.5157  layer_-1_loss_cls: 0.1295  layer_-1_loss_bbox: 0.3970  matched_ious: 0.2206  aux_depth_loss: 0.4520  sec_per_iter: 0.8658  iters_per_sec: 1.1600  samples_per_sec: 18.4800  samples_per_sec_per_gpu: 4.6200  max_mem_allocated_mb: 666.3000  max_mem_reserved_mb: 22014.0000
2026/05/06 01:52:24 - mmengine - INFO - Epoch(train)  [8][1900/5000]  lr: 3.1029e-04  eta: 5:27:02  time: 0.8096  data_time: 0.0176  memory: 17751  grad_norm: 4.0811  loss: 1.3545  loss_heatmap: 0.4272  layer_-1_loss_cls: 0.1086  layer_-1_loss_bbox: 0.3721  matched_ious: 0.1862  aux_depth_loss: 0.4466  sec_per_iter: 0.8648  iters_per_sec: 1.1600  samples_per_sec: 18.5000  samples_per_sec_per_gpu: 4.6300  max_mem_allocated_mb: 666.3000  max_mem_reserved_mb: 22014.0000
2026/05/06 01:53:05 - mmengine - INFO - Epoch(train)  [8][1950/5000]  lr: 3.0934e-04  eta: 5:26:19  time: 0.8146  data_time: 0.0161  memory: 17727  grad_norm: nan  loss: 1.5404  loss_heatmap: 0.5141  layer_-1_loss_cls: 0.1243  layer_-1_loss_bbox: 0.4397  matched_ious: 0.3402  aux_depth_loss: 0.4623  sec_per_iter: 0.8632  iters_per_sec: 1.1600  samples_per_sec: 18.5300  samples_per_sec_per_gpu: 4.6300  max_mem_allocated_mb: 666.3000  max_mem_reserved_mb: 22014.0000
2026/05/06 01:53:45 - mmengine - INFO - Exp name: zod_bevfusion_dualinit_20260505_161926
2026/05/06 01:53:45 - mmengine - INFO - Epoch(train)  [8][2000/5000]  lr: 3.0838e-04  eta: 5:25:35  time: 0.8118  data_time: 0.0123  memory: 18186  grad_norm: 4.8253  loss: 1.4924  loss_heatmap: 0.4533  layer_-1_loss_cls: 0.1231  layer_-1_loss_bbox: 0.4485  matched_ious: 0.3292  aux_depth_loss: 0.4675  sec_per_iter: 0.8620  iters_per_sec: 1.1600  samples_per_sec: 18.5600  samples_per_sec_per_gpu: 4.6400  max_mem_allocated_mb: 666.3000  max_mem_reserved_mb: 22014.0000
2026/05/06 01:54:27 - mmengine - INFO - Epoch(train)  [8][2050/5000]  lr: 3.0743e-04  eta: 5:24:52  time: 0.8331  data_time: 0.0196  memory: 17938  grad_norm: 4.0849  loss: 1.4350  loss_heatmap: 0.4633  layer_-1_loss_cls: 0.1185  layer_-1_loss_bbox: 0.3955  matched_ious: 0.2267  aux_depth_loss: 0.4577  sec_per_iter: 0.8608  iters_per_sec: 1.1600  samples_per_sec: 18.5900  samples_per_sec_per_gpu: 4.6500  max_mem_allocated_mb: 666.3000  max_mem_reserved_mb: 22014.0000
2026/05/06 01:55:09 - mmengine - INFO - Epoch(train)  [8][2100/5000]  lr: 3.0647e-04  eta: 5:24:10  time: 0.8519  data_time: 0.0162  memory: 17724  grad_norm: 4.3425  loss: 1.5489  loss_heatmap: 0.5067  layer_-1_loss_cls: 0.1168  layer_-1_loss_bbox: 0.4596  matched_ious: 0.1410  aux_depth_loss: 0.4657  sec_per_iter: 0.8601  iters_per_sec: 1.1600  samples_per_sec: 18.6000  samples_per_sec_per_gpu: 4.6500  max_mem_allocated_mb: 666.3000  max_mem_reserved_mb: 22014.0000
2026/05/06 01:55:51 - mmengine - INFO - Epoch(train)  [8][2150/5000]  lr: 3.0551e-04  eta: 5:23:27  time: 0.8316  data_time: 0.0147  memory: 17887  grad_norm: 3.9020  loss: 1.4973  loss_heatmap: 0.4692  layer_-1_loss_cls: 0.1120  layer_-1_loss_bbox: 0.4538  matched_ious: 0.2881  aux_depth_loss: 0.4624  sec_per_iter: 0.8599  iters_per_sec: 1.1600  samples_per_sec: 18.6100  samples_per_sec_per_gpu: 4.6500  max_mem_allocated_mb: 666.3000  max_mem_reserved_mb: 22014.0000
2026/05/06 01:56:31 - mmengine - INFO - Epoch(train)  [8][2200/5000]  lr: 3.0456e-04  eta: 5:22:43  time: 0.8050  data_time: 0.0140  memory: 17795  grad_norm: 3.5742  loss: 1.4293  loss_heatmap: 0.4651  layer_-1_loss_cls: 0.1172  layer_-1_loss_bbox: 0.3892  matched_ious: 0.2430  aux_depth_loss: 0.4578  sec_per_iter: 0.8592  iters_per_sec: 1.1600  samples_per_sec: 18.6200  samples_per_sec_per_gpu: 4.6600  max_mem_allocated_mb: 666.3000  max_mem_reserved_mb: 22014.0000
2026/05/06 01:57:12 - mmengine - INFO - Epoch(train)  [8][2250/5000]  lr: 3.0360e-04  eta: 5:21:59  time: 0.8086  data_time: 0.0136  memory: 17853  grad_norm: 3.2856  loss: 1.4128  loss_heatmap: 0.4555  layer_-1_loss_cls: 0.1142  layer_-1_loss_bbox: 0.3959  matched_ious: 0.3360  aux_depth_loss: 0.4472  sec_per_iter: 0.8580  iters_per_sec: 1.1700  samples_per_sec: 18.6500  samples_per_sec_per_gpu: 4.6600  max_mem_allocated_mb: 666.3000  max_mem_reserved_mb: 22014.0000
2026/05/06 01:57:53 - mmengine - INFO - Epoch(train)  [8][2300/5000]  lr: 3.0264e-04  eta: 5:21:16  time: 0.8182  data_time: 0.0139  memory: 17807  grad_norm: 3.5682  loss: 1.4004  loss_heatmap: 0.4452  layer_-1_loss_cls: 0.1151  layer_-1_loss_bbox: 0.3962  matched_ious: 0.3957  aux_depth_loss: 0.4438  sec_per_iter: 0.8569  iters_per_sec: 1.1700  samples_per_sec: 18.6700  samples_per_sec_per_gpu: 4.6700  max_mem_allocated_mb: 666.3000  max_mem_reserved_mb: 22014.0000
2026/05/06 01:58:33 - mmengine - INFO - Epoch(train)  [8][2350/5000]  lr: 3.0168e-04  eta: 5:20:32  time: 0.8081  data_time: 0.0156  memory: 17767  grad_norm: 3.8550  loss: 1.4856  loss_heatmap: 0.4656  layer_-1_loss_cls: 0.1113  layer_-1_loss_bbox: 0.4548  matched_ious: 0.2898  aux_depth_loss: 0.4539  sec_per_iter: 0.8561  iters_per_sec: 1.1700  samples_per_sec: 18.6900  samples_per_sec_per_gpu: 4.6700  max_mem_allocated_mb: 666.3000  max_mem_reserved_mb: 22014.0000
2026/05/06 01:59:13 - mmengine - INFO - Epoch(train)  [8][2400/5000]  lr: 3.0072e-04  eta: 5:19:48  time: 0.8010  data_time: 0.0129  memory: 17798  grad_norm: 4.1795  loss: 1.5043  loss_heatmap: 0.5017  layer_-1_loss_cls: 0.1200  layer_-1_loss_bbox: 0.4243  matched_ious: 0.3166  aux_depth_loss: 0.4582  sec_per_iter: 0.8550  iters_per_sec: 1.1700  samples_per_sec: 18.7100  samples_per_sec_per_gpu: 4.6800  max_mem_allocated_mb: 666.3000  max_mem_reserved_mb: 22014.0000
2026/05/06 01:59:53 - mmengine - INFO - Epoch(train)  [8][2450/5000]  lr: 2.9976e-04  eta: 5:19:04  time: 0.8038  data_time: 0.0125  memory: 17852  grad_norm: 3.7039  loss: 1.5506  loss_heatmap: 0.5061  layer_-1_loss_cls: 0.1277  layer_-1_loss_bbox: 0.4601  matched_ious: 0.1716  aux_depth_loss: 0.4567  sec_per_iter: 0.8539  iters_per_sec: 1.1700  samples_per_sec: 18.7400  samples_per_sec_per_gpu: 4.6800  max_mem_allocated_mb: 666.3000  max_mem_reserved_mb: 22014.0000
2026/05/06 02:00:36 - mmengine - INFO - Epoch(train)  [8][2500/5000]  lr: 2.9879e-04  eta: 5:18:22  time: 0.8643  data_time: 0.0137  memory: 17862  grad_norm: 4.4063  loss: 1.4401  loss_heatmap: 0.4896  layer_-1_loss_cls: 0.1215  layer_-1_loss_bbox: 0.3708  matched_ious: 0.2734  aux_depth_loss: 0.4582  sec_per_iter: 0.8529  iters_per_sec: 1.1700  samples_per_sec: 18.7600  samples_per_sec_per_gpu: 4.6900  max_mem_allocated_mb: 666.3000  max_mem_reserved_mb: 22014.0000
2026/05/06 02:01:19 - mmengine - INFO - Epoch(train)  [8][2550/5000]  lr: 2.9783e-04  eta: 5:17:40  time: 0.8464  data_time: 0.0135  memory: 17924  grad_norm: 4.2329  loss: 1.4239  loss_heatmap: 0.4623  layer_-1_loss_cls: 0.1130  layer_-1_loss_bbox: 0.3810  matched_ious: 0.2126  aux_depth_loss: 0.4677  sec_per_iter: 0.8531  iters_per_sec: 1.1700  samples_per_sec: 18.7500  samples_per_sec_per_gpu: 4.6900  max_mem_allocated_mb: 666.3000  max_mem_reserved_mb: 22014.0000
2026/05/06 02:02:01 - mmengine - INFO - Epoch(train)  [8][2600/5000]  lr: 2.9687e-04  eta: 5:16:57  time: 0.8351  data_time: 0.0132  memory: 17780  grad_norm: 3.9271  loss: 1.4616  loss_heatmap: 0.4723  layer_-1_loss_cls: 0.1220  layer_-1_loss_bbox: 0.4097  matched_ious: 0.3784  aux_depth_loss: 0.4576  sec_per_iter: 0.8530  iters_per_sec: 1.1700  samples_per_sec: 18.7600  samples_per_sec_per_gpu: 4.6900  max_mem_allocated_mb: 666.3000  max_mem_reserved_mb: 22014.0000
2026/05/06 02:02:41 - mmengine - INFO - Epoch(train)  [8][2650/5000]  lr: 2.9590e-04  eta: 5:16:14  time: 0.8166  data_time: 0.0164  memory: 17914  grad_norm: 4.4481  loss: 1.5049  loss_heatmap: 0.5036  layer_-1_loss_cls: 0.1195  layer_-1_loss_bbox: 0.4170  matched_ious: 0.2544  aux_depth_loss: 0.4648  sec_per_iter: 0.8526  iters_per_sec: 1.1700  samples_per_sec: 18.7700  samples_per_sec_per_gpu: 4.6900  max_mem_allocated_mb: 666.3000  max_mem_reserved_mb: 22014.0000
2026/05/06 02:03:24 - mmengine - INFO - Epoch(train)  [8][2700/5000]  lr: 2.9494e-04  eta: 5:15:31  time: 0.8523  data_time: 0.0162  memory: 17916  grad_norm: 4.4976  loss: 1.5822  loss_heatmap: 0.5135  layer_-1_loss_cls: 0.1258  layer_-1_loss_bbox: 0.4856  matched_ious: 0.2534  aux_depth_loss: 0.4574  sec_per_iter: 0.8520  iters_per_sec: 1.1700  samples_per_sec: 18.7800  samples_per_sec_per_gpu: 4.7000  max_mem_allocated_mb: 666.3000  max_mem_reserved_mb: 22014.0000
2026/05/06 02:04:06 - mmengine - INFO - Epoch(train)  [8][2750/5000]  lr: 2.9397e-04  eta: 5:14:49  time: 0.8451  data_time: 0.0125  memory: 17825  grad_norm: 4.2522  loss: 1.3953  loss_heatmap: 0.4600  layer_-1_loss_cls: 0.1221  layer_-1_loss_bbox: 0.3586  matched_ious: 0.3373  aux_depth_loss: 0.4547  sec_per_iter: 0.8520  iters_per_sec: 1.1700  samples_per_sec: 18.7800  samples_per_sec_per_gpu: 4.6900  max_mem_allocated_mb: 666.3000  max_mem_reserved_mb: 22014.0000
2026/05/06 02:04:50 - mmengine - INFO - Epoch(train)  [8][2800/5000]  lr: 2.9300e-04  eta: 5:14:07  time: 0.8811  data_time: 0.0147  memory: 17990  grad_norm: 4.0384  loss: 1.4792  loss_heatmap: 0.4920  layer_-1_loss_cls: 0.1247  layer_-1_loss_bbox: 0.4121  matched_ious: 0.2479  aux_depth_loss: 0.4504  sec_per_iter: 0.8518  iters_per_sec: 1.1700  samples_per_sec: 18.7800  samples_per_sec_per_gpu: 4.7000  max_mem_allocated_mb: 666.3000  max_mem_reserved_mb: 22014.0000
2026/05/06 02:05:34 - mmengine - INFO - Epoch(train)  [8][2850/5000]  lr: 2.9204e-04  eta: 5:13:25  time: 0.8665  data_time: 0.0142  memory: 17828  grad_norm: 3.8939  loss: 1.4096  loss_heatmap: 0.4462  layer_-1_loss_cls: 0.1145  layer_-1_loss_bbox: 0.3931  matched_ious: 0.3956  aux_depth_loss: 0.4558  sec_per_iter: 0.8524  iters_per_sec: 1.1700  samples_per_sec: 18.7700  samples_per_sec_per_gpu: 4.6900  max_mem_allocated_mb: 666.3000  max_mem_reserved_mb: 22014.0000
2026/05/06 02:06:18 - mmengine - INFO - Epoch(train)  [8][2900/5000]  lr: 2.9107e-04  eta: 5:12:44  time: 0.8796  data_time: 0.0196  memory: 17878  grad_norm: 3.6501  loss: 1.4168  loss_heatmap: 0.4581  layer_-1_loss_cls: 0.1216  layer_-1_loss_bbox: 0.3846  matched_ious: 0.3079  aux_depth_loss: 0.4525  sec_per_iter: 0.8526  iters_per_sec: 1.1700  samples_per_sec: 18.7700  samples_per_sec_per_gpu: 4.6900  max_mem_allocated_mb: 666.3000  max_mem_reserved_mb: 22014.0000
2026/05/06 02:07:00 - mmengine - INFO - Epoch(train)  [8][2950/5000]  lr: 2.9010e-04  eta: 5:12:01  time: 0.8388  data_time: 0.0170  memory: 17929  grad_norm: 4.0339  loss: 1.4508  loss_heatmap: 0.4880  layer_-1_loss_cls: 0.1215  layer_-1_loss_bbox: 0.3879  matched_ious: 0.2237  aux_depth_loss: 0.4534  sec_per_iter: 0.8531  iters_per_sec: 1.1700  samples_per_sec: 18.7600  samples_per_sec_per_gpu: 4.6900  max_mem_allocated_mb: 666.3000  max_mem_reserved_mb: 22014.0000
2026/05/06 02:07:45 - mmengine - INFO - Exp name: zod_bevfusion_dualinit_20260505_161926
2026/05/06 02:07:45 - mmengine - INFO - Epoch(train)  [8][3000/5000]  lr: 2.8913e-04  eta: 5:11:20  time: 0.9174  data_time: 0.0148  memory: 17749  grad_norm: 3.9027  loss: 1.4097  loss_heatmap: 0.4463  layer_-1_loss_cls: 0.1171  layer_-1_loss_bbox: 0.3971  matched_ious: 0.1971  aux_depth_loss: 0.4492  sec_per_iter: 0.8528  iters_per_sec: 1.1700  samples_per_sec: 18.7600  samples_per_sec_per_gpu: 4.6900  max_mem_allocated_mb: 666.3000  max_mem_reserved_mb: 22014.0000
2026/05/06 02:08:30 - mmengine - INFO - Epoch(train)  [8][3050/5000]  lr: 2.8816e-04  eta: 5:10:39  time: 0.8852  data_time: 0.0211  memory: 17822  grad_norm: 4.2528  loss: 1.5020  loss_heatmap: 0.4621  layer_-1_loss_cls: 0.1113  layer_-1_loss_bbox: 0.4642  matched_ious: 0.4503  aux_depth_loss: 0.4644  sec_per_iter: 0.8539  iters_per_sec: 1.1700  samples_per_sec: 18.7400  samples_per_sec_per_gpu: 4.6800  max_mem_allocated_mb: 666.3000  max_mem_reserved_mb: 22014.0000
2026/05/06 02:09:17 - mmengine - INFO - Epoch(train)  [8][3100/5000]  lr: 2.8719e-04  eta: 5:10:00  time: 0.9510  data_time: 0.0138  memory: 17937  grad_norm: 3.5527  loss: 1.4101  loss_heatmap: 0.4537  layer_-1_loss_cls: 0.1118  layer_-1_loss_bbox: 0.3861  matched_ious: 0.2640  aux_depth_loss: 0.4585  sec_per_iter: 0.8544  iters_per_sec: 1.1700  samples_per_sec: 18.7300  samples_per_sec_per_gpu: 4.6800  max_mem_allocated_mb: 666.3000  max_mem_reserved_mb: 22014.0000
2026/05/06 02:10:05 - mmengine - INFO - Epoch(train)  [8][3150/5000]  lr: 2.8622e-04  eta: 5:09:20  time: 0.9619  data_time: 0.0239  memory: 17810  grad_norm: 3.7890  loss: 1.4612  loss_heatmap: 0.4721  layer_-1_loss_cls: 0.1212  layer_-1_loss_bbox: 0.4166  matched_ious: 0.2560  aux_depth_loss: 0.4514  sec_per_iter: 0.8560  iters_per_sec: 1.1700  samples_per_sec: 18.6900  samples_per_sec_per_gpu: 4.6700  max_mem_allocated_mb: 666.3000  max_mem_reserved_mb: 22014.0000
2026/05/06 02:10:55 - mmengine - INFO - Epoch(train)  [8][3200/5000]  lr: 2.8525e-04  eta: 5:08:42  time: 0.9883  data_time: 0.0163  memory: 17882  grad_norm: 4.1393  loss: 1.3699  loss_heatmap: 0.4389  layer_-1_loss_cls: 0.1173  layer_-1_loss_bbox: 0.3591  matched_ious: 0.3074  aux_depth_loss: 0.4546  sec_per_iter: 0.8577  iters_per_sec: 1.1700  samples_per_sec: 18.6500  samples_per_sec_per_gpu: 4.6600  max_mem_allocated_mb: 666.3000  max_mem_reserved_mb: 22014.0000
2026/05/06 02:11:37 - mmengine - INFO - Epoch(train)  [8][3250/5000]  lr: 2.8427e-04  eta: 5:07:59  time: 0.8532  data_time: 0.0157  memory: 17842  grad_norm: 3.8674  loss: 1.5406  loss_heatmap: 0.4997  layer_-1_loss_cls: 0.1211  layer_-1_loss_bbox: 0.4733  matched_ious: 0.1543  aux_depth_loss: 0.4465  sec_per_iter: 0.8597  iters_per_sec: 1.1600  samples_per_sec: 18.6100  samples_per_sec_per_gpu: 4.6500  max_mem_allocated_mb: 666.3000  max_mem_reserved_mb: 22014.0000
2026/05/06 02:12:21 - mmengine - INFO - Epoch(train)  [8][3300/5000]  lr: 2.8330e-04  eta: 5:07:18  time: 0.8741  data_time: 0.0142  memory: 17650  grad_norm: 3.9501  loss: 1.4303  loss_heatmap: 0.4478  layer_-1_loss_cls: 0.1156  layer_-1_loss_bbox: 0.4282  matched_ious: 0.3283  aux_depth_loss: 0.4387  sec_per_iter: 0.8596  iters_per_sec: 1.1600  samples_per_sec: 18.6100  samples_per_sec_per_gpu: 4.6500  max_mem_allocated_mb: 666.3000  max_mem_reserved_mb: 22014.0000
2026/05/06 02:13:03 - mmengine - INFO - Epoch(train)  [8][3350/5000]  lr: 2.8233e-04  eta: 5:06:35  time: 0.8389  data_time: 0.0126  memory: 17762  grad_norm: 4.1991  loss: 1.4679  loss_heatmap: 0.4917  layer_-1_loss_cls: 0.1364  layer_-1_loss_bbox: 0.3775  matched_ious: 0.2458  aux_depth_loss: 0.4623  sec_per_iter: 0.8598  iters_per_sec: 1.1600  samples_per_sec: 18.6100  samples_per_sec_per_gpu: 4.6500  max_mem_allocated_mb: 666.3000  max_mem_reserved_mb: 22014.0000
2026/05/06 02:13:47 - mmengine - INFO - Epoch(train)  [8][3400/5000]  lr: 2.8135e-04  eta: 5:05:53  time: 0.8855  data_time: 0.0125  memory: 17909  grad_norm: 4.1018  loss: 1.4741  loss_heatmap: 0.4859  layer_-1_loss_cls: 0.1268  layer_-1_loss_bbox: 0.4019  matched_ious: 0.3057  aux_depth_loss: 0.4594  sec_per_iter: 0.8595  iters_per_sec: 1.1600  samples_per_sec: 18.6200  samples_per_sec_per_gpu: 4.6500  max_mem_allocated_mb: 666.3000  max_mem_reserved_mb: 22014.0000
2026/05/06 02:14:30 - mmengine - INFO - Epoch(train)  [8][3450/5000]  lr: 2.8038e-04  eta: 5:05:11  time: 0.8529  data_time: 0.0120  memory: 17793  grad_norm: 4.8682  loss: 1.4743  loss_heatmap: 0.4879  layer_-1_loss_cls: 0.1202  layer_-1_loss_bbox: 0.3982  matched_ious: 0.2535  aux_depth_loss: 0.4679  sec_per_iter: 0.8599  iters_per_sec: 1.1600  samples_per_sec: 18.6100  samples_per_sec_per_gpu: 4.6500  max_mem_allocated_mb: 666.3000  max_mem_reserved_mb: 22014.0000
2026/05/06 02:15:12 - mmengine - INFO - Epoch(train)  [8][3500/5000]  lr: 2.7941e-04  eta: 5:04:28  time: 0.8342  data_time: 0.0131  memory: 17880  grad_norm: 3.7122  loss: 1.4841  loss_heatmap: 0.4967  layer_-1_loss_cls: 0.1200  layer_-1_loss_bbox: 0.4086  matched_ious: 0.2676  aux_depth_loss: 0.4587  sec_per_iter: 0.8598  iters_per_sec: 1.1600  samples_per_sec: 18.6100  samples_per_sec_per_gpu: 4.6500  max_mem_allocated_mb: 666.3000  max_mem_reserved_mb: 22014.0000
2026/05/06 02:15:53 - mmengine - INFO - Epoch(train)  [8][3550/5000]  lr: 2.7843e-04  eta: 5:03:45  time: 0.8334  data_time: 0.0132  memory: 17977  grad_norm: 3.6382  loss: 1.5269  loss_heatmap: 0.4946  layer_-1_loss_cls: 0.1186  layer_-1_loss_bbox: 0.4596  matched_ious: 0.4202  aux_depth_loss: 0.4541  sec_per_iter: 0.8594  iters_per_sec: 1.1600  samples_per_sec: 18.6200  samples_per_sec_per_gpu: 4.6500  max_mem_allocated_mb: 666.3000  max_mem_reserved_mb: 22014.0000
2026/05/06 02:16:36 - mmengine - INFO - Epoch(train)  [8][3600/5000]  lr: 2.7746e-04  eta: 5:03:03  time: 0.8575  data_time: 0.0127  memory: 17979  grad_norm: 4.3621  loss: 1.4467  loss_heatmap: 0.4754  layer_-1_loss_cls: 0.1238  layer_-1_loss_bbox: 0.4068  matched_ious: 0.2351  aux_depth_loss: 0.4407  sec_per_iter: 0.8591  iters_per_sec: 1.1600  samples_per_sec: 18.6200  samples_per_sec_per_gpu: 4.6600  max_mem_allocated_mb: 666.3000  max_mem_reserved_mb: 22014.0000
2026/05/06 02:17:22 - mmengine - INFO - Epoch(train)  [8][3650/5000]  lr: 2.7648e-04  eta: 5:02:22  time: 0.9144  data_time: 0.0118  memory: 17826  grad_norm: 3.8876  loss: 1.3815  loss_heatmap: 0.4492  layer_-1_loss_cls: 0.1194  layer_-1_loss_bbox: 0.3664  matched_ious: 0.2526  aux_depth_loss: 0.4465  sec_per_iter: 0.8591  iters_per_sec: 1.1600  samples_per_sec: 18.6300  samples_per_sec_per_gpu: 4.6600  max_mem_allocated_mb: 666.3000  max_mem_reserved_mb: 22014.0000
2026/05/06 02:18:07 - mmengine - INFO - Epoch(train)  [8][3700/5000]  lr: 2.7550e-04  eta: 5:01:41  time: 0.9054  data_time: 0.0140  memory: 17720  grad_norm: 4.4872  loss: 1.4400  loss_heatmap: 0.4579  layer_-1_loss_cls: 0.1255  layer_-1_loss_bbox: 0.3955  matched_ious: 0.2842  aux_depth_loss: 0.4611  sec_per_iter: 0.8598  iters_per_sec: 1.1600  samples_per_sec: 18.6100  samples_per_sec_per_gpu: 4.6500  max_mem_allocated_mb: 666.3000  max_mem_reserved_mb: 22014.0000
2026/05/06 02:18:51 - mmengine - INFO - Epoch(train)  [8][3750/5000]  lr: 2.7453e-04  eta: 5:00:59  time: 0.8788  data_time: 0.0145  memory: 17819  grad_norm: 3.6284  loss: 1.4638  loss_heatmap: 0.4927  layer_-1_loss_cls: 0.1262  layer_-1_loss_bbox: 0.3968  matched_ious: 0.2507  aux_depth_loss: 0.4481  sec_per_iter: 0.8604  iters_per_sec: 1.1600  samples_per_sec: 18.6000  samples_per_sec_per_gpu: 4.6500  max_mem_allocated_mb: 666.3000  max_mem_reserved_mb: 22014.0000
2026/05/06 02:19:34 - mmengine - INFO - Epoch(train)  [8][3800/5000]  lr: 2.7355e-04  eta: 5:00:17  time: 0.8594  data_time: 0.0161  memory: 17758  grad_norm: 3.8970  loss: 1.4067  loss_heatmap: 0.4371  layer_-1_loss_cls: 0.1080  layer_-1_loss_bbox: 0.4105  matched_ious: 0.3416  aux_depth_loss: 0.4510  sec_per_iter: 0.8607  iters_per_sec: 1.1600  samples_per_sec: 18.5900  samples_per_sec_per_gpu: 4.6500  max_mem_allocated_mb: 666.3000  max_mem_reserved_mb: 22014.0000
2026/05/06 02:20:17 - mmengine - INFO - Epoch(train)  [8][3850/5000]  lr: 2.7257e-04  eta: 4:59:35  time: 0.8495  data_time: 0.0194  memory: 17814  grad_norm: 4.7925  loss: 1.4581  loss_heatmap: 0.4692  layer_-1_loss_cls: 0.1168  layer_-1_loss_bbox: 0.4087  matched_ious: 0.2408  aux_depth_loss: 0.4634  sec_per_iter: 0.8607  iters_per_sec: 1.1600  samples_per_sec: 18.5900  samples_per_sec_per_gpu: 4.6500  max_mem_allocated_mb: 666.3000  max_mem_reserved_mb: 22014.0000
2026/05/06 02:21:00 - mmengine - INFO - Epoch(train)  [8][3900/5000]  lr: 2.7159e-04  eta: 4:58:52  time: 0.8574  data_time: 0.0125  memory: 17969  grad_norm: 3.8847  loss: 1.3928  loss_heatmap: 0.4335  layer_-1_loss_cls: 0.1120  layer_-1_loss_bbox: 0.3862  matched_ious: 0.3404  aux_depth_loss: 0.4611  sec_per_iter: 0.8605  iters_per_sec: 1.1600  samples_per_sec: 18.5900  samples_per_sec_per_gpu: 4.6500  max_mem_allocated_mb: 666.3000  max_mem_reserved_mb: 22014.0000
2026/05/06 02:21:41 - mmengine - INFO - Epoch(train)  [8][3950/5000]  lr: 2.7062e-04  eta: 4:58:10  time: 0.8396  data_time: 0.0155  memory: 17717  grad_norm: 3.3931  loss: 1.4149  loss_heatmap: 0.4605  layer_-1_loss_cls: 0.1164  layer_-1_loss_bbox: 0.3904  matched_ious: 0.2934  aux_depth_loss: 0.4476  sec_per_iter: 0.8605  iters_per_sec: 1.1600  samples_per_sec: 18.5900  samples_per_sec_per_gpu: 4.6500  max_mem_allocated_mb: 666.3000  max_mem_reserved_mb: 22014.0000
2026/05/06 02:22:26 - mmengine - INFO - Exp name: zod_bevfusion_dualinit_20260505_161926
2026/05/06 02:22:26 - mmengine - INFO - Epoch(train)  [8][4000/5000]  lr: 2.6964e-04  eta: 4:57:28  time: 0.8956  data_time: 0.0127  memory: 17914  grad_norm: 3.9267  loss: 1.4473  loss_heatmap: 0.4911  layer_-1_loss_cls: 0.1262  layer_-1_loss_bbox: 0.3705  matched_ious: 0.3714  aux_depth_loss: 0.4594  sec_per_iter: 0.8602  iters_per_sec: 1.1600  samples_per_sec: 18.6000  samples_per_sec_per_gpu: 4.6500  max_mem_allocated_mb: 666.3000  max_mem_reserved_mb: 22014.0000
2026/05/06 02:23:06 - mmengine - INFO - Epoch(train)  [8][4050/5000]  lr: 2.6866e-04  eta: 4:56:45  time: 0.8001  data_time: 0.0126  memory: 17857  grad_norm: 4.2905  loss: 1.3637  loss_heatmap: 0.4357  layer_-1_loss_cls: 0.1147  layer_-1_loss_bbox: 0.3657  matched_ious: 0.2246  aux_depth_loss: 0.4476  sec_per_iter: 0.8607  iters_per_sec: 1.1600  samples_per_sec: 18.5900  samples_per_sec_per_gpu: 4.6500  max_mem_allocated_mb: 666.3000  max_mem_reserved_mb: 22014.0000
2026/05/06 02:23:48 - mmengine - INFO - Epoch(train)  [8][4100/5000]  lr: 2.6768e-04  eta: 4:56:01  time: 0.8255  data_time: 0.0135  memory: 17778  grad_norm: 3.9943  loss: 1.4694  loss_heatmap: 0.4749  layer_-1_loss_cls: 0.1193  layer_-1_loss_bbox: 0.4175  matched_ious: 0.3328  aux_depth_loss: 0.4578  sec_per_iter: 0.8599  iters_per_sec: 1.1600  samples_per_sec: 18.6100  samples_per_sec_per_gpu: 4.6500  max_mem_allocated_mb: 666.3000  max_mem_reserved_mb: 22014.0000
2026/05/06 02:24:29 - mmengine - INFO - Epoch(train)  [8][4150/5000]  lr: 2.6670e-04  eta: 4:55:18  time: 0.8303  data_time: 0.0133  memory: 17831  grad_norm: 4.4793  loss: 1.4941  loss_heatmap: 0.5012  layer_-1_loss_cls: 0.1203  layer_-1_loss_bbox: 0.4214  matched_ious: 0.2961  aux_depth_loss: 0.4512  sec_per_iter: 0.8595  iters_per_sec: 1.1600  samples_per_sec: 18.6200  samples_per_sec_per_gpu: 4.6500  max_mem_allocated_mb: 666.3000  max_mem_reserved_mb: 22014.0000
2026/05/06 02:25:11 - mmengine - INFO - Epoch(train)  [8][4200/5000]  lr: 2.6572e-04  eta: 4:54:35  time: 0.8316  data_time: 0.0132  memory: 17850  grad_norm: 4.4633  loss: 1.5413  loss_heatmap: 0.5157  layer_-1_loss_cls: 0.1311  layer_-1_loss_bbox: 0.4484  matched_ious: 0.3802  aux_depth_loss: 0.4461  sec_per_iter: 0.8591  iters_per_sec: 1.1600  samples_per_sec: 18.6200  samples_per_sec_per_gpu: 4.6600  max_mem_allocated_mb: 666.3000  max_mem_reserved_mb: 22014.0000
2026/05/06 02:25:52 - mmengine - INFO - Epoch(train)  [8][4250/5000]  lr: 2.6474e-04  eta: 4:53:52  time: 0.8255  data_time: 0.0119  memory: 18142  grad_norm: 4.0950  loss: 1.5261  loss_heatmap: 0.4910  layer_-1_loss_cls: 0.1157  layer_-1_loss_bbox: 0.4623  matched_ious: 0.2095  aux_depth_loss: 0.4571  sec_per_iter: 0.8588  iters_per_sec: 1.1600  samples_per_sec: 18.6300  samples_per_sec_per_gpu: 4.6600  max_mem_allocated_mb: 666.3000  max_mem_reserved_mb: 22014.0000
2026/05/06 02:26:32 - mmengine - INFO - Epoch(train)  [8][4300/5000]  lr: 2.6376e-04  eta: 4:53:09  time: 0.8046  data_time: 0.0121  memory: 17890  grad_norm: 3.3334  loss: 1.3899  loss_heatmap: 0.4387  layer_-1_loss_cls: 0.1124  layer_-1_loss_bbox: 0.3930  matched_ious: 0.3100  aux_depth_loss: 0.4458  sec_per_iter: 0.8584  iters_per_sec: 1.1600  samples_per_sec: 18.6400  samples_per_sec_per_gpu: 4.6600  max_mem_allocated_mb: 666.3000  max_mem_reserved_mb: 22014.0000
2026/05/06 02:27:17 - mmengine - INFO - Epoch(train)  [8][4350/5000]  lr: 2.6278e-04  eta: 4:52:27  time: 0.8907  data_time: 0.0140  memory: 17768  grad_norm: 4.1202  loss: 1.4451  loss_heatmap: 0.4805  layer_-1_loss_cls: 0.1262  layer_-1_loss_bbox: 0.3876  matched_ious: 0.3076  aux_depth_loss: 0.4508  sec_per_iter: 0.8578  iters_per_sec: 1.1700  samples_per_sec: 18.6500  samples_per_sec_per_gpu: 4.6600  max_mem_allocated_mb: 666.3000  max_mem_reserved_mb: 22014.0000
2026/05/06 02:27:57 - mmengine - INFO - Epoch(train)  [8][4400/5000]  lr: 2.6180e-04  eta: 4:51:43  time: 0.7963  data_time: 0.0125  memory: 17818  grad_norm: 3.5331  loss: 1.3290  loss_heatmap: 0.4291  layer_-1_loss_cls: 0.1186  layer_-1_loss_bbox: 0.3337  matched_ious: 0.3455  aux_depth_loss: 0.4476  sec_per_iter: 0.8582  iters_per_sec: 1.1700  samples_per_sec: 18.6400  samples_per_sec_per_gpu: 4.6600  max_mem_allocated_mb: 666.3000  max_mem_reserved_mb: 22014.0000
2026/05/06 02:28:39 - mmengine - INFO - Epoch(train)  [8][4450/5000]  lr: 2.6082e-04  eta: 4:51:01  time: 0.8589  data_time: 0.0183  memory: 17997  grad_norm: 4.7084  loss: 1.4414  loss_heatmap: 0.4477  layer_-1_loss_cls: 0.1162  layer_-1_loss_bbox: 0.4148  matched_ious: 0.2791  aux_depth_loss: 0.4627  sec_per_iter: 0.8575  iters_per_sec: 1.1700  samples_per_sec: 18.6600  samples_per_sec_per_gpu: 4.6600  max_mem_allocated_mb: 666.3000  max_mem_reserved_mb: 22014.0000
2026/05/06 02:29:20 - mmengine - INFO - Epoch(train)  [8][4500/5000]  lr: 2.5984e-04  eta: 4:50:18  time: 0.8142  data_time: 0.0135  memory: 17836  grad_norm: 3.6924  loss: 1.4404  loss_heatmap: 0.4221  layer_-1_loss_cls: 0.1041  layer_-1_loss_bbox: 0.4600  matched_ious: 0.2942  aux_depth_loss: 0.4541  sec_per_iter: 0.8575  iters_per_sec: 1.1700  samples_per_sec: 18.6600  samples_per_sec_per_gpu: 4.6600  max_mem_allocated_mb: 666.3000  max_mem_reserved_mb: 22014.0000
2026/05/06 02:30:00 - mmengine - INFO - Epoch(train)  [8][4550/5000]  lr: 2.5886e-04  eta: 4:49:34  time: 0.8030  data_time: 0.0149  memory: 17790  grad_norm: 4.4153  loss: 1.5435  loss_heatmap: 0.5366  layer_-1_loss_cls: 0.1284  layer_-1_loss_bbox: 0.4365  matched_ious: 0.1659  aux_depth_loss: 0.4420  sec_per_iter: 0.8570  iters_per_sec: 1.1700  samples_per_sec: 18.6700  samples_per_sec_per_gpu: 4.6700  max_mem_allocated_mb: 666.3000  max_mem_reserved_mb: 22014.0000
2026/05/06 02:30:40 - mmengine - INFO - Epoch(train)  [8][4600/5000]  lr: 2.5787e-04  eta: 4:48:50  time: 0.7961  data_time: 0.0127  memory: 17880  grad_norm: 4.0659  loss: 1.5122  loss_heatmap: 0.5096  layer_-1_loss_cls: 0.1259  layer_-1_loss_bbox: 0.4286  matched_ious: 0.0801  aux_depth_loss: 0.4481  sec_per_iter: 0.8564  iters_per_sec: 1.1700  samples_per_sec: 18.6800  samples_per_sec_per_gpu: 4.6700  max_mem_allocated_mb: 666.3000  max_mem_reserved_mb: 22014.0000
2026/05/06 02:31:21 - mmengine - INFO - Epoch(train)  [8][4650/5000]  lr: 2.5689e-04  eta: 4:48:07  time: 0.8162  data_time: 0.0128  memory: 17721  grad_norm: 4.1427  loss: 1.4745  loss_heatmap: 0.4859  layer_-1_loss_cls: 0.1174  layer_-1_loss_bbox: 0.4091  matched_ious: 0.2343  aux_depth_loss: 0.4621  sec_per_iter: 0.8558  iters_per_sec: 1.1700  samples_per_sec: 18.7000  samples_per_sec_per_gpu: 4.6700  max_mem_allocated_mb: 666.3000  max_mem_reserved_mb: 22014.0000
2026/05/06 02:32:01 - mmengine - INFO - Epoch(train)  [8][4700/5000]  lr: 2.5591e-04  eta: 4:47:23  time: 0.8096  data_time: 0.0139  memory: 17921  grad_norm: 3.9888  loss: 1.4502  loss_heatmap: 0.4735  layer_-1_loss_cls: 0.1194  layer_-1_loss_bbox: 0.4047  matched_ious: 0.2150  aux_depth_loss: 0.4525  sec_per_iter: 0.8553  iters_per_sec: 1.1700  samples_per_sec: 18.7100  samples_per_sec_per_gpu: 4.6800  max_mem_allocated_mb: 666.3000  max_mem_reserved_mb: 22014.0000
2026/05/06 02:32:41 - mmengine - INFO - Epoch(train)  [8][4750/5000]  lr: 2.5493e-04  eta: 4:46:39  time: 0.7920  data_time: 0.0138  memory: 17730  grad_norm: 3.6677  loss: 1.4431  loss_heatmap: 0.4386  layer_-1_loss_cls: 0.1110  layer_-1_loss_bbox: 0.4449  matched_ious: 0.2159  aux_depth_loss: 0.4486  sec_per_iter: 0.8548  iters_per_sec: 1.1700  samples_per_sec: 18.7200  samples_per_sec_per_gpu: 4.6800  max_mem_allocated_mb: 666.3000  max_mem_reserved_mb: 22014.0000
2026/05/06 02:33:25 - mmengine - INFO - Epoch(train)  [8][4800/5000]  lr: 2.5395e-04  eta: 4:45:58  time: 0.8813  data_time: 0.0132  memory: 17839  grad_norm: 3.8460  loss: 1.4701  loss_heatmap: 0.4703  layer_-1_loss_cls: 0.1135  layer_-1_loss_bbox: 0.4471  matched_ious: 0.3552  aux_depth_loss: 0.4392  sec_per_iter: 0.8542  iters_per_sec: 1.1700  samples_per_sec: 18.7300  samples_per_sec_per_gpu: 4.6800  max_mem_allocated_mb: 666.3000  max_mem_reserved_mb: 22014.0000
2026/05/06 02:34:08 - mmengine - INFO - Epoch(train)  [8][4850/5000]  lr: 2.5297e-04  eta: 4:45:15  time: 0.8583  data_time: 0.0144  memory: 17808  grad_norm: 3.5266  loss: 1.4343  loss_heatmap: 0.4435  layer_-1_loss_cls: 0.1117  layer_-1_loss_bbox: 0.4304  matched_ious: 0.3477  aux_depth_loss: 0.4486  sec_per_iter: 0.8545  iters_per_sec: 1.1700  samples_per_sec: 18.7300  samples_per_sec_per_gpu: 4.6800  max_mem_allocated_mb: 666.3000  max_mem_reserved_mb: 22014.0000
2026/05/06 02:34:50 - mmengine - INFO - Epoch(train)  [8][4900/5000]  lr: 2.5199e-04  eta: 4:44:33  time: 0.8374  data_time: 0.0140  memory: 18203  grad_norm: 4.2305  loss: 1.4302  loss_heatmap: 0.4715  layer_-1_loss_cls: 0.1225  layer_-1_loss_bbox: 0.3841  matched_ious: 0.2400  aux_depth_loss: 0.4520  sec_per_iter: 0.8545  iters_per_sec: 1.1700  samples_per_sec: 18.7200  samples_per_sec_per_gpu: 4.6800  max_mem_allocated_mb: 666.3000  max_mem_reserved_mb: 22014.0000
2026/05/06 02:35:33 - mmengine - INFO - Epoch(train)  [8][4950/5000]  lr: 2.5100e-04  eta: 4:43:50  time: 0.8570  data_time: 0.0146  memory: 18042  grad_norm: 4.4292  loss: 1.3237  loss_heatmap: 0.3995  layer_-1_loss_cls: 0.1021  layer_-1_loss_bbox: 0.3684  matched_ious: 0.3956  aux_depth_loss: 0.4537  sec_per_iter: 0.8543  iters_per_sec: 1.1700  samples_per_sec: 18.7300  samples_per_sec_per_gpu: 4.6800  max_mem_allocated_mb: 666.3000  max_mem_reserved_mb: 22014.0000
2026/05/06 02:36:13 - mmengine - INFO - Exp name: zod_bevfusion_dualinit_20260505_161926
2026/05/06 02:36:13 - mmengine - INFO - Epoch(train)  [8][5000/5000]  lr: 2.5002e-04  eta: 4:43:07  time: 0.8109  data_time: 0.0132  memory: 17812  grad_norm: 3.9316  loss: 1.4602  loss_heatmap: 0.4595  layer_-1_loss_cls: 0.1178  layer_-1_loss_bbox: 0.4218  matched_ious: 0.2339  aux_depth_loss: 0.4612  sec_per_iter: 0.8544  iters_per_sec: 1.1700  samples_per_sec: 18.7300  samples_per_sec_per_gpu: 4.6800  max_mem_allocated_mb: 666.3000  max_mem_reserved_mb: 22014.0000
2026/05/06 02:36:13 - mmengine - INFO - [Efficiency] Epoch 8: wall=4269.7s  iters=5000  sec/iter=0.854  mem_alloc=666MB  mem_rsv=22014MB
2026/05/06 02:36:13 - mmengine - INFO - Saving checkpoint at 8 epochs
2026/05/06 02:36:30 - mmengine - INFO - Epoch(val)  [8][  50/1250]    eta: 0:05:13  time: 0.2609  data_time: 0.0107  memory: 4781  
2026/05/06 02:36:42 - mmengine - INFO - Epoch(val)  [8][ 100/1250]    eta: 0:04:49  time: 0.2426  data_time: 0.0055  memory: 4786  
2026/05/06 02:36:53 - mmengine - INFO - Epoch(val)  [8][ 150/1250]    eta: 0:04:31  time: 0.2357  data_time: 0.0056  memory: 4789  
2026/05/06 02:37:06 - mmengine - INFO - Epoch(val)  [8][ 200/1250]    eta: 0:04:19  time: 0.2494  data_time: 0.0054  memory: 4787  
2026/05/06 02:37:18 - mmengine - INFO - Epoch(val)  [8][ 250/1250]    eta: 0:04:07  time: 0.2494  data_time: 0.0053  memory: 4776  
2026/05/06 02:37:31 - mmengine - INFO - Epoch(val)  [8][ 300/1250]    eta: 0:03:54  time: 0.2449  data_time: 0.0058  memory: 4784  
2026/05/06 02:37:44 - mmengine - INFO - Epoch(val)  [8][ 350/1250]    eta: 0:03:43  time: 0.2585  data_time: 0.0057  memory: 4787  
2026/05/06 02:37:56 - mmengine - INFO - Epoch(val)  [8][ 400/1250]    eta: 0:03:30  time: 0.2414  data_time: 0.0055  memory: 4777  
2026/05/06 02:38:08 - mmengine - INFO - Epoch(val)  [8][ 450/1250]    eta: 0:03:18  time: 0.2505  data_time: 0.0057  memory: 4780  
2026/05/06 02:38:21 - mmengine - INFO - Epoch(val)  [8][ 500/1250]    eta: 0:03:07  time: 0.2658  data_time: 0.0055  memory: 4780  
2026/05/06 02:38:34 - mmengine - INFO - Epoch(val)  [8][ 550/1250]    eta: 0:02:54  time: 0.2417  data_time: 0.0049  memory: 4780  
2026/05/06 02:38:46 - mmengine - INFO - Epoch(val)  [8][ 600/1250]    eta: 0:02:41  time: 0.2480  data_time: 0.0053  memory: 4784  
2026/05/06 02:38:58 - mmengine - INFO - Epoch(val)  [8][ 650/1250]    eta: 0:02:29  time: 0.2465  data_time: 0.0053  memory: 4784  
2026/05/06 02:39:10 - mmengine - INFO - Epoch(val)  [8][ 700/1250]    eta: 0:02:16  time: 0.2356  data_time: 0.0050  memory: 4781  
2026/05/06 02:39:22 - mmengine - INFO - Epoch(val)  [8][ 750/1250]    eta: 0:02:03  time: 0.2344  data_time: 0.0060  memory: 4783  
2026/05/06 02:39:34 - mmengine - INFO - Epoch(val)  [8][ 800/1250]    eta: 0:01:51  time: 0.2490  data_time: 0.0061  memory: 4778  
2026/05/06 02:39:47 - mmengine - INFO - Epoch(val)  [8][ 850/1250]    eta: 0:01:39  time: 0.2582  data_time: 0.0059  memory: 4783  
2026/05/06 02:39:59 - mmengine - INFO - Epoch(val)  [8][ 900/1250]    eta: 0:01:26  time: 0.2407  data_time: 0.0074  memory: 4787  
2026/05/06 02:40:12 - mmengine - INFO - Epoch(val)  [8][ 950/1250]    eta: 0:01:14  time: 0.2555  data_time: 0.0052  memory: 4783  
2026/05/06 02:40:24 - mmengine - INFO - Epoch(val)  [8][1000/1250]    eta: 0:01:01  time: 0.2423  data_time: 0.0061  memory: 4786  
2026/05/06 02:40:37 - mmengine - INFO - Epoch(val)  [8][1050/1250]    eta: 0:00:49  time: 0.2503  data_time: 0.0050  memory: 4786  
2026/05/06 02:40:48 - mmengine - INFO - Epoch(val)  [8][1100/1250]    eta: 0:00:37  time: 0.2367  data_time: 0.0051  memory: 4787  
2026/05/06 02:41:00 - mmengine - INFO - Epoch(val)  [8][1150/1250]    eta: 0:00:24  time: 0.2387  data_time: 0.0051  memory: 4781  
2026/05/06 02:41:12 - mmengine - INFO - Epoch(val)  [8][1200/1250]    eta: 0:00:12  time: 0.2364  data_time: 0.0053  memory: 4779  
2026/05/06 02:41:24 - mmengine - INFO - Epoch(val)  [8][1250/1250]    eta: 0:00:00  time: 0.2419  data_time: 0.0054  memory: 4783  
2026/05/06 02:42:41 - mmengine - INFO - 
+------------+---------+---------+---------+---------+
| classes    | AP_0.25 | AR_0.25 | AP_0.50 | AR_0.50 |
+------------+---------+---------+---------+---------+
| pedestrian | 0.8002  | 0.9392  | 0.5108  | 0.6777  |
+------------+---------+---------+---------+---------+
| Overall    | 0.8002  | 0.9392  | 0.5108  | 0.6777  |
+------------+---------+---------+---------+---------+
2026/05/06 02:43:11 - mmengine - INFO - 
+------------+---------+---------+---------+---------+---------+---------+---------+---------+
| classes    | AP_0.5m | AR_0.5m | AP_1.0m | AR_1.0m | AP_2.0m | AR_2.0m | AP_4.0m | AR_4.0m |
+------------+---------+---------+---------+---------+---------+---------+---------+---------+
| pedestrian | 0.8235  | 0.9675  | 0.8318  | 0.9744  | 0.8361  | 0.9781  | 0.8422  | 0.9833  |
+------------+---------+---------+---------+---------+---------+---------+---------+---------+
| Overall    | 0.8235  | 0.9675  | 0.8318  | 0.9744  | 0.8361  | 0.9781  | 0.8422  | 0.9833  |
+------------+---------+---------+---------+---------+---------+---------+---------+---------+
2026/05/06 02:43:12 - mmengine - INFO - Epoch(val) [8][1250/1250]    pedestrian_AP_0.25: 0.8002  mAP_0.25: 0.8002  pedestrian_rec_0.25: 0.9392  mAR_0.25: 0.9392  pedestrian_AP_0.50: 0.5108  mAP_0.50: 0.5108  pedestrian_rec_0.50: 0.6777  mAR_0.50: 0.6777  pedestrian_AP_0.5m: 0.8235  pedestrian_rec_0.5m: 0.9675  pedestrian_AP_1.0m: 0.8318  pedestrian_rec_1.0m: 0.9744  pedestrian_AP_2.0m: 0.8361  pedestrian_rec_2.0m: 0.9781  pedestrian_AP_4.0m: 0.8422  pedestrian_rec_4.0m: 0.9833  mAP_0.5m: 0.8235  mAR_0.5m: 0.9675  mAP_1.0m: 0.8318  mAR_1.0m: 0.9744  mAP_2.0m: 0.8361  mAR_2.0m: 0.9781  mAP_4.0m: 0.8422  mAR_4.0m: 0.9833  data_time: 0.0057  time: 0.2462
2026/05/06 02:44:00 - mmengine - INFO - Epoch(train)  [9][  50/5000]  lr: 2.4904e-04  eta: 4:42:27  time: 0.9531  data_time: 0.0308  memory: 17737  grad_norm: 3.5610  loss: 1.4278  loss_heatmap: 0.4614  layer_-1_loss_cls: 0.1156  layer_-1_loss_bbox: 0.4081  matched_ious: 0.2527  aux_depth_loss: 0.4426  sec_per_iter: 0.8539  iters_per_sec: 1.1700  samples_per_sec: 18.7400  samples_per_sec_per_gpu: 4.6800  max_mem_allocated_mb: 666.3000  max_mem_reserved_mb: 22014.0000
2026/05/06 02:44:49 - mmengine - INFO - Epoch(train)  [9][ 100/5000]  lr: 2.4806e-04  eta: 4:41:48  time: 0.9701  data_time: 0.0155  memory: 17873  grad_norm: 4.5052  loss: 1.3448  loss_heatmap: 0.4283  layer_-1_loss_cls: 0.1056  layer_-1_loss_bbox: 0.3678  matched_ious: 0.2782  aux_depth_loss: 0.4431  sec_per_iter: 0.9535  iters_per_sec: 1.0500  samples_per_sec: 16.7800  samples_per_sec_per_gpu: 4.2000  max_mem_allocated_mb: 666.3000  max_mem_reserved_mb: 22014.0000
2026/05/06 02:45:32 - mmengine - INFO - Epoch(train)  [9][ 150/5000]  lr: 2.4708e-04  eta: 4:41:05  time: 0.8566  data_time: 0.0119  memory: 17774  grad_norm: 3.9928  loss: 1.3971  loss_heatmap: 0.4432  layer_-1_loss_cls: 0.1124  layer_-1_loss_bbox: 0.3934  matched_ious: 0.2918  aux_depth_loss: 0.4481  sec_per_iter: 0.9620  iters_per_sec: 1.0400  samples_per_sec: 16.6300  samples_per_sec_per_gpu: 4.1600  max_mem_allocated_mb: 666.3000  max_mem_reserved_mb: 22014.0000
2026/05/06 02:46:17 - mmengine - INFO - Epoch(train)  [9][ 200/5000]  lr: 2.4610e-04  eta: 4:40:24  time: 0.9023  data_time: 0.0154  memory: 17898  grad_norm: 3.8076  loss: 1.3027  loss_heatmap: 0.3856  layer_-1_loss_cls: 0.0970  layer_-1_loss_bbox: 0.3688  matched_ious: 0.3228  aux_depth_loss: 0.4513  sec_per_iter: 0.9277  iters_per_sec: 1.0800  samples_per_sec: 17.2500  samples_per_sec_per_gpu: 4.3100  max_mem_allocated_mb: 666.3000  max_mem_reserved_mb: 22014.0000
2026/05/06 02:46:59 - mmengine - INFO - Epoch(train)  [9][ 250/5000]  lr: 2.4511e-04  eta: 4:39:42  time: 0.8509  data_time: 0.0114  memory: 17825  grad_norm: 4.0264  loss: 1.2858  loss_heatmap: 0.3834  layer_-1_loss_cls: 0.1022  layer_-1_loss_bbox: 0.3484  matched_ious: 0.2846  aux_depth_loss: 0.4518  sec_per_iter: 0.9208  iters_per_sec: 1.0900  samples_per_sec: 17.3800  samples_per_sec_per_gpu: 4.3400  max_mem_allocated_mb: 666.3000  max_mem_reserved_mb: 22014.0000
2026/05/06 02:47:40 - mmengine - INFO - Epoch(train)  [9][ 300/5000]  lr: 2.4413e-04  eta: 4:38:58  time: 0.8120  data_time: 0.0171  memory: 17994  grad_norm: 4.5370  loss: 1.3610  loss_heatmap: 0.4140  layer_-1_loss_cls: 0.0985  layer_-1_loss_bbox: 0.3950  matched_ious: 0.3969  aux_depth_loss: 0.4535  sec_per_iter: 0.9069  iters_per_sec: 1.1000  samples_per_sec: 17.6400  samples_per_sec_per_gpu: 4.4100  max_mem_allocated_mb: 666.3000  max_mem_reserved_mb: 22014.0000
2026/05/06 02:48:24 - mmengine - INFO - Epoch(train)  [9][ 350/5000]  lr: 2.4315e-04  eta: 4:38:16  time: 0.8798  data_time: 0.0122  memory: 17840  grad_norm: nan  loss: 1.3723  loss_heatmap: 0.4291  layer_-1_loss_cls: 0.1077  layer_-1_loss_bbox: 0.3880  matched_ious: 0.2907  aux_depth_loss: 0.4474  sec_per_iter: 0.8909  iters_per_sec: 1.1200  samples_per_sec: 17.9600  samples_per_sec_per_gpu: 4.4900  max_mem_allocated_mb: 666.3000  max_mem_reserved_mb: 22014.0000
2026/05/06 02:49:08 - mmengine - INFO - Epoch(train)  [9][ 400/5000]  lr: 2.4217e-04  eta: 4:37:35  time: 0.8827  data_time: 0.0126  memory: 17827  grad_norm: 4.4889  loss: 1.3910  loss_heatmap: 0.4402  layer_-1_loss_cls: 0.1092  layer_-1_loss_bbox: 0.3901  matched_ious: 0.3641  aux_depth_loss: 0.4515  sec_per_iter: 0.8894  iters_per_sec: 1.1200  samples_per_sec: 17.9900  samples_per_sec_per_gpu: 4.5000  max_mem_allocated_mb: 666.3000  max_mem_reserved_mb: 22014.0000
2026/05/06 02:49:51 - mmengine - INFO - Epoch(train)  [9][ 450/5000]  lr: 2.4119e-04  eta: 4:36:53  time: 0.8598  data_time: 0.0138  memory: 17718  grad_norm: 3.4472  loss: 1.3977  loss_heatmap: 0.4387  layer_-1_loss_cls: 0.1144  layer_-1_loss_bbox: 0.4020  matched_ious: 0.2803  aux_depth_loss: 0.4425  sec_per_iter: 0.8886  iters_per_sec: 1.1300  samples_per_sec: 18.0100  samples_per_sec_per_gpu: 4.5000  max_mem_allocated_mb: 666.3000  max_mem_reserved_mb: 22014.0000
2026/05/06 02:50:34 - mmengine - INFO - Epoch(train)  [9][ 500/5000]  lr: 2.4021e-04  eta: 4:36:10  time: 0.8508  data_time: 0.0121  memory: 17799  grad_norm: 4.2662  loss: 1.3680  loss_heatmap: 0.4011  layer_-1_loss_cls: 0.1068  layer_-1_loss_bbox: 0.4173  matched_ious: 0.2763  aux_depth_loss: 0.4428  sec_per_iter: 0.8854  iters_per_sec: 1.1300  samples_per_sec: 18.0700  samples_per_sec_per_gpu: 4.5200  max_mem_allocated_mb: 666.3000  max_mem_reserved_mb: 22014.0000
2026/05/06 02:51:16 - mmengine - INFO - Epoch(train)  [9][ 550/5000]  lr: 2.3923e-04  eta: 4:35:27  time: 0.8402  data_time: 0.0131  memory: 17740  grad_norm: 4.6186  loss: 1.4306  loss_heatmap: 0.4402  layer_-1_loss_cls: 0.1124  layer_-1_loss_bbox: 0.4279  matched_ious: 0.4687  aux_depth_loss: 0.4502  sec_per_iter: 0.8819  iters_per_sec: 1.1300  samples_per_sec: 18.1400  samples_per_sec_per_gpu: 4.5400  max_mem_allocated_mb: 666.3000  max_mem_reserved_mb: 22014.0000
2026/05/06 02:52:00 - mmengine - INFO - Epoch(train)  [9][ 600/5000]  lr: 2.3825e-04  eta: 4:34:46  time: 0.8889  data_time: 0.0127  memory: 17897  grad_norm: 3.8991  loss: 1.3193  loss_heatmap: 0.3929  layer_-1_loss_cls: 0.1044  layer_-1_loss_bbox: 0.3745  matched_ious: 0.3192  aux_depth_loss: 0.4475  sec_per_iter: 0.8781  iters_per_sec: 1.1400  samples_per_sec: 18.2200  samples_per_sec_per_gpu: 4.5600  max_mem_allocated_mb: 666.3000  max_mem_reserved_mb: 22014.0000
2026/05/06 02:52:43 - mmengine - INFO - Epoch(train)  [9][ 650/5000]  lr: 2.3727e-04  eta: 4:34:04  time: 0.8627  data_time: 0.0127  memory: 17886  grad_norm: 4.2657  loss: 1.3465  loss_heatmap: 0.4081  layer_-1_loss_cls: 0.1015  layer_-1_loss_bbox: 0.3833  matched_ious: 0.3804  aux_depth_loss: 0.4536  sec_per_iter: 0.8790  iters_per_sec: 1.1400  samples_per_sec: 18.2000  samples_per_sec_per_gpu: 4.5500  max_mem_allocated_mb: 666.3000  max_mem_reserved_mb: 22014.0000
2026/05/06 02:53:26 - mmengine - INFO - Epoch(train)  [9][ 700/5000]  lr: 2.3628e-04  eta: 4:33:21  time: 0.8552  data_time: 0.0113  memory: 17759  grad_norm: 3.8283  loss: 1.3413  loss_heatmap: 0.4041  layer_-1_loss_cls: 0.0965  layer_-1_loss_bbox: 0.3944  matched_ious: 0.2425  aux_depth_loss: 0.4463  sec_per_iter: 0.8778  iters_per_sec: 1.1400  samples_per_sec: 18.2300  samples_per_sec_per_gpu: 4.5600  max_mem_allocated_mb: 666.3000  max_mem_reserved_mb: 22014.0000
2026/05/06 02:54:09 - mmengine - INFO - Epoch(train)  [9][ 750/5000]  lr: 2.3530e-04  eta: 4:32:39  time: 0.8505  data_time: 0.0170  memory: 17806  grad_norm: 3.7480  loss: 1.3328  loss_heatmap: 0.4092  layer_-1_loss_cls: 0.1090  layer_-1_loss_bbox: 0.3672  matched_ious: 0.3359  aux_depth_loss: 0.4475  sec_per_iter: 0.8763  iters_per_sec: 1.1400  samples_per_sec: 18.2600  samples_per_sec_per_gpu: 4.5600  max_mem_allocated_mb: 666.3000  max_mem_reserved_mb: 22014.0000
2026/05/06 02:54:51 - mmengine - INFO - Epoch(train)  [9][ 800/5000]  lr: 2.3432e-04  eta: 4:31:56  time: 0.8536  data_time: 0.0166  memory: 17774  grad_norm: 3.6938  loss: 1.3492  loss_heatmap: 0.4018  layer_-1_loss_cls: 0.1022  layer_-1_loss_bbox: 0.4020  matched_ious: 0.2670  aux_depth_loss: 0.4431  sec_per_iter: 0.8745  iters_per_sec: 1.1400  samples_per_sec: 18.3000  samples_per_sec_per_gpu: 4.5700  max_mem_allocated_mb: 666.3000  max_mem_reserved_mb: 22014.0000
2026/05/06 02:55:34 - mmengine - INFO - Epoch(train)  [9][ 850/5000]  lr: 2.3334e-04  eta: 4:31:14  time: 0.8531  data_time: 0.0151  memory: 17784  grad_norm: 4.4205  loss: 1.4084  loss_heatmap: 0.4261  layer_-1_loss_cls: 0.1074  layer_-1_loss_bbox: 0.4264  matched_ious: 0.3285  aux_depth_loss: 0.4485  sec_per_iter: 0.8731  iters_per_sec: 1.1500  samples_per_sec: 18.3200  samples_per_sec_per_gpu: 4.5800  max_mem_allocated_mb: 666.3000  max_mem_reserved_mb: 22014.0000
2026/05/06 02:56:16 - mmengine - INFO - Epoch(train)  [9][ 900/5000]  lr: 2.3237e-04  eta: 4:30:31  time: 0.8384  data_time: 0.0123  memory: 17767  grad_norm: 4.8508  loss: 1.3701  loss_heatmap: 0.4459  layer_-1_loss_cls: 0.1162  layer_-1_loss_bbox: 0.3605  matched_ious: 0.2185  aux_depth_loss: 0.4474  sec_per_iter: 0.8720  iters_per_sec: 1.1500  samples_per_sec: 18.3500  samples_per_sec_per_gpu: 4.5900  max_mem_allocated_mb: 666.3000  max_mem_reserved_mb: 22014.0000
2026/05/06 02:56:56 - mmengine - INFO - Epoch(train)  [9][ 950/5000]  lr: 2.3139e-04  eta: 4:29:48  time: 0.8006  data_time: 0.0130  memory: 17831  grad_norm: 4.2063  loss: 1.4295  loss_heatmap: 0.4616  layer_-1_loss_cls: 0.1114  layer_-1_loss_bbox: 0.4131  matched_ious: 0.2324  aux_depth_loss: 0.4434  sec_per_iter: 0.8701  iters_per_sec: 1.1500  samples_per_sec: 18.3900  samples_per_sec_per_gpu: 4.6000  max_mem_allocated_mb: 666.3000  max_mem_reserved_mb: 22014.0000
2026/05/06 02:57:36 - mmengine - INFO - Exp name: zod_bevfusion_dualinit_20260505_161926
2026/05/06 02:57:36 - mmengine - INFO - Epoch(train)  [9][1000/5000]  lr: 2.3041e-04  eta: 4:29:04  time: 0.7978  data_time: 0.0126  memory: 17799  grad_norm: 4.2475  loss: 1.3759  loss_heatmap: 0.4418  layer_-1_loss_cls: 0.1127  layer_-1_loss_bbox: 0.3744  matched_ious: 0.2711  aux_depth_loss: 0.4470  sec_per_iter: 0.8665  iters_per_sec: 1.1500  samples_per_sec: 18.4700  samples_per_sec_per_gpu: 4.6200  max_mem_allocated_mb: 666.3000  max_mem_reserved_mb: 22014.0000
2026/05/06 02:58:16 - mmengine - INFO - Epoch(train)  [9][1050/5000]  lr: 2.2943e-04  eta: 4:28:20  time: 0.8111  data_time: 0.0140  memory: 17825  grad_norm: 4.4486  loss: 1.4802  loss_heatmap: 0.4950  layer_-1_loss_cls: 0.1293  layer_-1_loss_bbox: 0.4130  matched_ious: 0.2442  aux_depth_loss: 0.4429  sec_per_iter: 0.8630  iters_per_sec: 1.1600  samples_per_sec: 18.5400  samples_per_sec_per_gpu: 4.6300  max_mem_allocated_mb: 666.3000  max_mem_reserved_mb: 22014.0000
2026/05/06 02:58:58 - mmengine - INFO - Epoch(train)  [9][1100/5000]  lr: 2.2845e-04  eta: 4:27:38  time: 0.8314  data_time: 0.0114  memory: 17863  grad_norm: 3.8235  loss: 1.3454  loss_heatmap: 0.4117  layer_-1_loss_cls: 0.1030  layer_-1_loss_bbox: 0.3813  matched_ious: 0.1271  aux_depth_loss: 0.4494  sec_per_iter: 0.8606  iters_per_sec: 1.1600  samples_per_sec: 18.5900  samples_per_sec_per_gpu: 4.6500  max_mem_allocated_mb: 666.3000  max_mem_reserved_mb: 22014.0000
2026/05/06 02:59:37 - mmengine - INFO - Epoch(train)  [9][1150/5000]  lr: 2.2747e-04  eta: 4:26:54  time: 0.7811  data_time: 0.0131  memory: 17932  grad_norm: 4.2094  loss: 1.3708  loss_heatmap: 0.4193  layer_-1_loss_cls: 0.1087  layer_-1_loss_bbox: 0.3956  matched_ious: 0.2242  aux_depth_loss: 0.4472  sec_per_iter: 0.8593  iters_per_sec: 1.1600  samples_per_sec: 18.6200  samples_per_sec_per_gpu: 4.6600  max_mem_allocated_mb: 666.3000  max_mem_reserved_mb: 22014.0000
2026/05/06 03:00:20 - mmengine - INFO - Epoch(train)  [9][1200/5000]  lr: 2.2650e-04  eta: 4:26:11  time: 0.8690  data_time: 0.0130  memory: 17756  grad_norm: 3.8964  loss: 1.3037  loss_heatmap: 0.3972  layer_-1_loss_cls: 0.0999  layer_-1_loss_bbox: 0.3576  matched_ious: 0.3175  aux_depth_loss: 0.4489  sec_per_iter: 0.8558  iters_per_sec: 1.1700  samples_per_sec: 18.7000  samples_per_sec_per_gpu: 4.6700  max_mem_allocated_mb: 666.3000  max_mem_reserved_mb: 22014.0000
2026/05/06 03:01:03 - mmengine - INFO - Epoch(train)  [9][1250/5000]  lr: 2.2552e-04  eta: 4:25:29  time: 0.8511  data_time: 0.0136  memory: 17884  grad_norm: 5.0613  loss: 1.3369  loss_heatmap: 0.3891  layer_-1_loss_cls: 0.0976  layer_-1_loss_bbox: 0.3852  matched_ious: 0.2393  aux_depth_loss: 0.4649  sec_per_iter: 0.8564  iters_per_sec: 1.1700  samples_per_sec: 18.6800  samples_per_sec_per_gpu: 4.6700  max_mem_allocated_mb: 666.3000  max_mem_reserved_mb: 22014.0000
2026/05/06 03:01:46 - mmengine - INFO - Epoch(train)  [9][1300/5000]  lr: 2.2454e-04  eta: 4:24:47  time: 0.8613  data_time: 0.0127  memory: 17842  grad_norm: 4.8165  loss: 1.4567  loss_heatmap: 0.4521  layer_-1_loss_cls: 0.1126  layer_-1_loss_bbox: 0.4248  matched_ious: 0.2946  aux_depth_loss: 0.4671  sec_per_iter: 0.8562  iters_per_sec: 1.1700  samples_per_sec: 18.6900  samples_per_sec_per_gpu: 4.6700  max_mem_allocated_mb: 666.3000  max_mem_reserved_mb: 22014.0000
2026/05/06 03:02:28 - mmengine - INFO - Epoch(train)  [9][1350/5000]  lr: 2.2356e-04  eta: 4:24:04  time: 0.8343  data_time: 0.0126  memory: 17881  grad_norm: 4.2611  loss: 1.3656  loss_heatmap: 0.4077  layer_-1_loss_cls: 0.0975  layer_-1_loss_bbox: 0.4165  matched_ious: 0.2428  aux_depth_loss: 0.4439  sec_per_iter: 0.8564  iters_per_sec: 1.1700  samples_per_sec: 18.6800  samples_per_sec_per_gpu: 4.6700  max_mem_allocated_mb: 666.3000  max_mem_reserved_mb: 22014.0000
2026/05/06 03:03:08 - mmengine - INFO - Epoch(train)  [9][1400/5000]  lr: 2.2259e-04  eta: 4:23:20  time: 0.8036  data_time: 0.0132  memory: 17983  grad_norm: 4.0698  loss: 1.3617  loss_heatmap: 0.4301  layer_-1_loss_cls: 0.1114  layer_-1_loss_bbox: 0.3663  matched_ious: 0.2653  aux_depth_loss: 0.4539  sec_per_iter: 0.8556  iters_per_sec: 1.1700  samples_per_sec: 18.7000  samples_per_sec_per_gpu: 4.6800  max_mem_allocated_mb: 666.3000  max_mem_reserved_mb: 22014.0000
2026/05/06 03:03:48 - mmengine - INFO - Epoch(train)  [9][1450/5000]  lr: 2.2161e-04  eta: 4:22:37  time: 0.8079  data_time: 0.0124  memory: 17808  grad_norm: 3.7544  loss: 1.3245  loss_heatmap: 0.4024  layer_-1_loss_cls: 0.1044  layer_-1_loss_bbox: 0.3673  matched_ious: 0.1159  aux_depth_loss: 0.4504  sec_per_iter: 0.8537  iters_per_sec: 1.1700  samples_per_sec: 18.7400  samples_per_sec_per_gpu: 4.6900  max_mem_allocated_mb: 666.3000  max_mem_reserved_mb: 22014.0000
2026/05/06 03:04:29 - mmengine - INFO - Epoch(train)  [9][1500/5000]  lr: 2.2064e-04  eta: 4:21:54  time: 0.8078  data_time: 0.0122  memory: 17957  grad_norm: 3.6756  loss: 1.3998  loss_heatmap: 0.4452  layer_-1_loss_cls: 0.1118  layer_-1_loss_bbox: 0.4127  matched_ious: 0.3486  aux_depth_loss: 0.4302  sec_per_iter: 0.8521  iters_per_sec: 1.1700  samples_per_sec: 18.7800  samples_per_sec_per_gpu: 4.6900  max_mem_allocated_mb: 666.3000  max_mem_reserved_mb: 22014.0000
2026/05/06 03:05:10 - mmengine - INFO - Epoch(train)  [9][1550/5000]  lr: 2.1966e-04  eta: 4:21:11  time: 0.8191  data_time: 0.0128  memory: 17798  grad_norm: 4.4627  loss: 1.3402  loss_heatmap: 0.4342  layer_-1_loss_cls: 0.1244  layer_-1_loss_bbox: 0.3365  matched_ious: 0.3501  aux_depth_loss: 0.4451  sec_per_iter: 0.8507  iters_per_sec: 1.1800  samples_per_sec: 18.8100  samples_per_sec_per_gpu: 4.7000  max_mem_allocated_mb: 666.3000  max_mem_reserved_mb: 22014.0000
2026/05/06 03:05:52 - mmengine - INFO - Epoch(train)  [9][1600/5000]  lr: 2.1869e-04  eta: 4:20:28  time: 0.8510  data_time: 0.0142  memory: 17870  grad_norm: 3.3243  loss: 1.3865  loss_heatmap: 0.4369  layer_-1_loss_cls: 0.1139  layer_-1_loss_bbox: 0.4011  matched_ious: 0.1957  aux_depth_loss: 0.4346  sec_per_iter: 0.8496  iters_per_sec: 1.1800  samples_per_sec: 18.8300  samples_per_sec_per_gpu: 4.7100  max_mem_allocated_mb: 666.3000  max_mem_reserved_mb: 22014.0000
2026/05/06 03:06:34 - mmengine - INFO - Epoch(train)  [9][1650/5000]  lr: 2.1772e-04  eta: 4:19:45  time: 0.8348  data_time: 0.0122  memory: 17863  grad_norm: 3.3802  loss: 1.2664  loss_heatmap: 0.3861  layer_-1_loss_cls: 0.0943  layer_-1_loss_bbox: 0.3591  matched_ious: 0.3863  aux_depth_loss: 0.4269  sec_per_iter: 0.8497  iters_per_sec: 1.1800  samples_per_sec: 18.8300  samples_per_sec_per_gpu: 4.7100  max_mem_allocated_mb: 666.3000  max_mem_reserved_mb: 22014.0000
2026/05/06 03:07:17 - mmengine - INFO - Epoch(train)  [9][1700/5000]  lr: 2.1674e-04  eta: 4:19:03  time: 0.8628  data_time: 0.0168  memory: 17778  grad_norm: 4.9579  loss: 1.4008  loss_heatmap: 0.4361  layer_-1_loss_cls: 0.1104  layer_-1_loss_bbox: 0.4067  matched_ious: 0.2081  aux_depth_loss: 0.4475  sec_per_iter: 0.8492  iters_per_sec: 1.1800  samples_per_sec: 18.8400  samples_per_sec_per_gpu: 4.7100  max_mem_allocated_mb: 666.3000  max_mem_reserved_mb: 22014.0000
2026/05/06 03:07:59 - mmengine - INFO - Epoch(train)  [9][1750/5000]  lr: 2.1577e-04  eta: 4:18:21  time: 0.8470  data_time: 0.0145  memory: 17767  grad_norm: 4.2384  loss: 1.5181  loss_heatmap: 0.4740  layer_-1_loss_cls: 0.1197  layer_-1_loss_bbox: 0.4823  matched_ious: 0.4069  aux_depth_loss: 0.4421  sec_per_iter: 0.8496  iters_per_sec: 1.1800  samples_per_sec: 18.8300  samples_per_sec_per_gpu: 4.7100  max_mem_allocated_mb: 666.3000  max_mem_reserved_mb: 22014.0000
2026/05/06 03:08:40 - mmengine - INFO - Epoch(train)  [9][1800/5000]  lr: 2.1480e-04  eta: 4:17:37  time: 0.8160  data_time: 0.0121  memory: 17753  grad_norm: 3.6556  loss: 1.2593  loss_heatmap: 0.3737  layer_-1_loss_cls: 0.0970  layer_-1_loss_bbox: 0.3454  matched_ious: 0.2877  aux_depth_loss: 0.4432  sec_per_iter: 0.8496  iters_per_sec: 1.1800  samples_per_sec: 18.8300  samples_per_sec_per_gpu: 4.7100  max_mem_allocated_mb: 666.3000  max_mem_reserved_mb: 22014.0000
2026/05/06 03:09:21 - mmengine - INFO - Epoch(train)  [9][1850/5000]  lr: 2.1383e-04  eta: 4:16:54  time: 0.8160  data_time: 0.0129  memory: 17870  grad_norm: 4.1902  loss: 1.3259  loss_heatmap: 0.4087  layer_-1_loss_cls: 0.1030  layer_-1_loss_bbox: 0.3744  matched_ious: 0.2492  aux_depth_loss: 0.4398  sec_per_iter: 0.8486  iters_per_sec: 1.1800  samples_per_sec: 18.8500  samples_per_sec_per_gpu: 4.7100  max_mem_allocated_mb: 666.3000  max_mem_reserved_mb: 22014.0000
2026/05/06 03:10:09 - mmengine - INFO - Epoch(train)  [9][1900/5000]  lr: 2.1285e-04  eta: 4:16:14  time: 0.9558  data_time: 0.0140  memory: 17699  grad_norm: 4.1833  loss: 1.3187  loss_heatmap: 0.3966  layer_-1_loss_cls: 0.1043  layer_-1_loss_bbox: 0.3700  matched_ious: 0.2523  aux_depth_loss: 0.4478  sec_per_iter: 0.8478  iters_per_sec: 1.1800  samples_per_sec: 18.8700  samples_per_sec_per_gpu: 4.7200  max_mem_allocated_mb: 666.3000  max_mem_reserved_mb: 22014.0000
2026/05/06 03:10:51 - mmengine - INFO - Epoch(train)  [9][1950/5000]  lr: 2.1188e-04  eta: 4:15:31  time: 0.8374  data_time: 0.0145  memory: 17779  grad_norm: 3.7350  loss: 1.3271  loss_heatmap: 0.4039  layer_-1_loss_cls: 0.1082  layer_-1_loss_bbox: 0.3700  matched_ious: 0.3569  aux_depth_loss: 0.4450  sec_per_iter: 0.8506  iters_per_sec: 1.1800  samples_per_sec: 18.8100  samples_per_sec_per_gpu: 4.7000  max_mem_allocated_mb: 666.3000  max_mem_reserved_mb: 22014.0000
2026/05/06 03:11:33 - mmengine - INFO - Exp name: zod_bevfusion_dualinit_20260505_161926
2026/05/06 03:11:33 - mmengine - INFO - Epoch(train)  [9][2000/5000]  lr: 2.1091e-04  eta: 4:14:49  time: 0.8516  data_time: 0.0127  memory: 18032  grad_norm: 4.4784  loss: 1.5160  loss_heatmap: 0.4480  layer_-1_loss_cls: 0.1127  layer_-1_loss_bbox: 0.5087  matched_ious: 0.2885  aux_depth_loss: 0.4465  sec_per_iter: 0.8503  iters_per_sec: 1.1800  samples_per_sec: 18.8200  samples_per_sec_per_gpu: 4.7000  max_mem_allocated_mb: 666.3000  max_mem_reserved_mb: 22014.0000
2026/05/06 03:12:18 - mmengine - INFO - Epoch(train)  [9][2050/5000]  lr: 2.0994e-04  eta: 4:14:07  time: 0.8932  data_time: 0.0157  memory: 17946  grad_norm: 4.4035  loss: 1.3724  loss_heatmap: 0.4462  layer_-1_loss_cls: 0.1194  layer_-1_loss_bbox: 0.3645  matched_ious: 0.2745  aux_depth_loss: 0.4424  sec_per_iter: 0.8503  iters_per_sec: 1.1800  samples_per_sec: 18.8200  samples_per_sec_per_gpu: 4.7000  max_mem_allocated_mb: 666.3000  max_mem_reserved_mb: 22014.0000
2026/05/06 03:13:01 - mmengine - INFO - Epoch(train)  [9][2100/5000]  lr: 2.0898e-04  eta: 4:13:25  time: 0.8504  data_time: 0.0149  memory: 18030  grad_norm: 4.4327  loss: 1.4136  loss_heatmap: 0.4758  layer_-1_loss_cls: 0.1237  layer_-1_loss_bbox: 0.3750  matched_ious: 0.2579  aux_depth_loss: 0.4391  sec_per_iter: 0.8513  iters_per_sec: 1.1700  samples_per_sec: 18.7900  samples_per_sec_per_gpu: 4.7000  max_mem_allocated_mb: 666.3000  max_mem_reserved_mb: 22014.0000
2026/05/06 03:13:42 - mmengine - INFO - Epoch(train)  [9][2150/5000]  lr: 2.0801e-04  eta: 4:12:42  time: 0.8387  data_time: 0.0145  memory: 17954  grad_norm: 4.4165  loss: 1.3284  loss_heatmap: 0.4117  layer_-1_loss_cls: 0.1064  layer_-1_loss_bbox: 0.3648  matched_ious: 0.2177  aux_depth_loss: 0.4455  sec_per_iter: 0.8513  iters_per_sec: 1.1700  samples_per_sec: 18.7900  samples_per_sec_per_gpu: 4.7000  max_mem_allocated_mb: 666.3000  max_mem_reserved_mb: 22014.0000
2026/05/06 03:14:26 - mmengine - INFO - Epoch(train)  [9][2200/5000]  lr: 2.0704e-04  eta: 4:12:00  time: 0.8610  data_time: 0.0154  memory: 17909  grad_norm: 4.3686  loss: 1.3188  loss_heatmap: 0.4276  layer_-1_loss_cls: 0.1150  layer_-1_loss_bbox: 0.3337  matched_ious: 0.3179  aux_depth_loss: 0.4425  sec_per_iter: 0.8510  iters_per_sec: 1.1800  samples_per_sec: 18.8000  samples_per_sec_per_gpu: 4.7000  max_mem_allocated_mb: 666.3000  max_mem_reserved_mb: 22014.0000
2026/05/06 03:15:06 - mmengine - INFO - Epoch(train)  [9][2250/5000]  lr: 2.0607e-04  eta: 4:11:17  time: 0.8094  data_time: 0.0122  memory: 17905  grad_norm: 3.6763  loss: 1.3174  loss_heatmap: 0.4159  layer_-1_loss_cls: 0.1050  layer_-1_loss_bbox: 0.3701  matched_ious: 0.3669  aux_depth_loss: 0.4265  sec_per_iter: 0.8513  iters_per_sec: 1.1700  samples_per_sec: 18.8000  samples_per_sec_per_gpu: 4.7000  max_mem_allocated_mb: 666.3000  max_mem_reserved_mb: 22014.0000
2026/05/06 03:15:47 - mmengine - INFO - Epoch(train)  [9][2300/5000]  lr: 2.0511e-04  eta: 4:10:34  time: 0.8215  data_time: 0.0138  memory: 17802  grad_norm: 4.3828  loss: 1.4462  loss_heatmap: 0.4825  layer_-1_loss_cls: 0.1243  layer_-1_loss_bbox: 0.3943  matched_ious: 0.2789  aux_depth_loss: 0.4451  sec_per_iter: 0.8503  iters_per_sec: 1.1800  samples_per_sec: 18.8200  samples_per_sec_per_gpu: 4.7000  max_mem_allocated_mb: 666.3000  max_mem_reserved_mb: 22014.0000
2026/05/06 03:16:31 - mmengine - INFO - Epoch(train)  [9][2350/5000]  lr: 2.0414e-04  eta: 4:09:52  time: 0.8745  data_time: 0.0158  memory: 18020  grad_norm: 4.7592  loss: 1.4787  loss_heatmap: 0.4729  layer_-1_loss_cls: 0.1106  layer_-1_loss_bbox: 0.4453  matched_ious: 0.2997  aux_depth_loss: 0.4499  sec_per_iter: 0.8497  iters_per_sec: 1.1800  samples_per_sec: 18.8300  samples_per_sec_per_gpu: 4.7100  max_mem_allocated_mb: 666.3000  max_mem_reserved_mb: 22014.0000
2026/05/06 03:17:15 - mmengine - INFO - Epoch(train)  [9][2400/5000]  lr: 2.0318e-04  eta: 4:09:10  time: 0.8931  data_time: 0.0134  memory: 17832  grad_norm: 3.7526  loss: 1.3257  loss_heatmap: 0.4146  layer_-1_loss_cls: 0.1083  layer_-1_loss_bbox: 0.3732  matched_ious: 0.3822  aux_depth_loss: 0.4295  sec_per_iter: 0.8502  iters_per_sec: 1.1800  samples_per_sec: 18.8200  samples_per_sec_per_gpu: 4.7000  max_mem_allocated_mb: 666.3000  max_mem_reserved_mb: 22014.0000
2026/05/06 03:18:04 - mmengine - INFO - Epoch(train)  [9][2450/5000]  lr: 2.0221e-04  eta: 4:08:30  time: 0.9754  data_time: 0.0173  memory: 17812  grad_norm: 4.4962  loss: 1.3782  loss_heatmap: 0.4364  layer_-1_loss_cls: 0.1117  layer_-1_loss_bbox: 0.3940  matched_ious: 0.3593  aux_depth_loss: 0.4361  sec_per_iter: 0.8511  iters_per_sec: 1.1700  samples_per_sec: 18.8000  samples_per_sec_per_gpu: 4.7000  max_mem_allocated_mb: 666.3000  max_mem_reserved_mb: 22014.0000
2026/05/06 03:18:49 - mmengine - INFO - Epoch(train)  [9][2500/5000]  lr: 2.0125e-04  eta: 4:07:49  time: 0.8982  data_time: 0.0127  memory: 17936  grad_norm: 4.9450  loss: 1.4631  loss_heatmap: 0.4694  layer_-1_loss_cls: 0.1106  layer_-1_loss_bbox: 0.4459  matched_ious: 0.3905  aux_depth_loss: 0.4373  sec_per_iter: 0.8537  iters_per_sec: 1.1700  samples_per_sec: 18.7400  samples_per_sec_per_gpu: 4.6900  max_mem_allocated_mb: 666.3000  max_mem_reserved_mb: 22014.0000
2026/05/06 03:19:32 - mmengine - INFO - Epoch(train)  [9][2550/5000]  lr: 2.0029e-04  eta: 4:07:06  time: 0.8510  data_time: 0.0119  memory: 17784  grad_norm: 5.2942  loss: 1.3444  loss_heatmap: 0.4263  layer_-1_loss_cls: 0.1124  layer_-1_loss_bbox: 0.3568  matched_ious: 0.2459  aux_depth_loss: 0.4489  sec_per_iter: 0.8546  iters_per_sec: 1.1700  samples_per_sec: 18.7200  samples_per_sec_per_gpu: 4.6800  max_mem_allocated_mb: 666.3000  max_mem_reserved_mb: 22014.0000
2026/05/06 03:20:13 - mmengine - INFO - Epoch(train)  [9][2600/5000]  lr: 1.9933e-04  eta: 4:06:24  time: 0.8333  data_time: 0.0159  memory: 18028  grad_norm: 3.8648  loss: 1.3718  loss_heatmap: 0.4403  layer_-1_loss_cls: 0.1152  layer_-1_loss_bbox: 0.3753  matched_ious: 0.1634  aux_depth_loss: 0.4410  sec_per_iter: 0.8545  iters_per_sec: 1.1700  samples_per_sec: 18.7200  samples_per_sec_per_gpu: 4.6800  max_mem_allocated_mb: 666.3000  max_mem_reserved_mb: 22014.0000
2026/05/06 03:20:55 - mmengine - INFO - Epoch(train)  [9][2650/5000]  lr: 1.9836e-04  eta: 4:05:41  time: 0.8318  data_time: 0.0122  memory: 17744  grad_norm: 4.1898  loss: 1.3890  loss_heatmap: 0.4291  layer_-1_loss_cls: 0.1039  layer_-1_loss_bbox: 0.4127  matched_ious: 0.1842  aux_depth_loss: 0.4433  sec_per_iter: 0.8541  iters_per_sec: 1.1700  samples_per_sec: 18.7300  samples_per_sec_per_gpu: 4.6800  max_mem_allocated_mb: 666.3000  max_mem_reserved_mb: 22014.0000
2026/05/06 03:21:35 - mmengine - INFO - Epoch(train)  [9][2700/5000]  lr: 1.9740e-04  eta: 4:04:57  time: 0.8049  data_time: 0.0135  memory: 17848  grad_norm: 4.2809  loss: 1.3386  loss_heatmap: 0.4222  layer_-1_loss_cls: 0.1107  layer_-1_loss_bbox: 0.3600  matched_ious: 0.2339  aux_depth_loss: 0.4456  sec_per_iter: 0.8537  iters_per_sec: 1.1700  samples_per_sec: 18.7400  samples_per_sec_per_gpu: 4.6900  max_mem_allocated_mb: 666.3000  max_mem_reserved_mb: 22014.0000
2026/05/06 03:22:19 - mmengine - INFO - Epoch(train)  [9][2750/5000]  lr: 1.9644e-04  eta: 4:04:15  time: 0.8701  data_time: 0.0136  memory: 17898  grad_norm: 4.2761  loss: 1.3569  loss_heatmap: 0.4326  layer_-1_loss_cls: 0.1038  layer_-1_loss_bbox: 0.3758  matched_ious: 0.1788  aux_depth_loss: 0.4447  sec_per_iter: 0.8528  iters_per_sec: 1.1700  samples_per_sec: 18.7600  samples_per_sec_per_gpu: 4.6900  max_mem_allocated_mb: 666.3000  max_mem_reserved_mb: 22014.0000
2026/05/06 03:23:02 - mmengine - INFO - Epoch(train)  [9][2800/5000]  lr: 1.9549e-04  eta: 4:03:33  time: 0.8652  data_time: 0.0129  memory: 17802  grad_norm: 3.9369  loss: 1.2823  loss_heatmap: 0.3872  layer_-1_loss_cls: 0.1049  layer_-1_loss_bbox: 0.3551  matched_ious: 0.3287  aux_depth_loss: 0.4351  sec_per_iter: 0.8531  iters_per_sec: 1.1700  samples_per_sec: 18.7600  samples_per_sec_per_gpu: 4.6900  max_mem_allocated_mb: 666.3000  max_mem_reserved_mb: 22014.0000
2026/05/06 03:23:44 - mmengine - INFO - Epoch(train)  [9][2850/5000]  lr: 1.9453e-04  eta: 4:02:51  time: 0.8477  data_time: 0.0121  memory: 17875  grad_norm: 4.8732  loss: 1.3865  loss_heatmap: 0.4400  layer_-1_loss_cls: 0.1119  layer_-1_loss_bbox: 0.4011  matched_ious: 0.3207  aux_depth_loss: 0.4334  sec_per_iter: 0.8533  iters_per_sec: 1.1700  samples_per_sec: 18.7500  samples_per_sec_per_gpu: 4.6900  max_mem_allocated_mb: 666.3000  max_mem_reserved_mb: 22014.0000
2026/05/06 03:24:27 - mmengine - INFO - Epoch(train)  [9][2900/5000]  lr: 1.9357e-04  eta: 4:02:08  time: 0.8560  data_time: 0.0137  memory: 17763  grad_norm: 3.9299  loss: 1.3164  loss_heatmap: 0.4216  layer_-1_loss_cls: 0.1047  layer_-1_loss_bbox: 0.3525  matched_ious: 0.2110  aux_depth_loss: 0.4376  sec_per_iter: 0.8532  iters_per_sec: 1.1700  samples_per_sec: 18.7500  samples_per_sec_per_gpu: 4.6900  max_mem_allocated_mb: 666.3000  max_mem_reserved_mb: 22014.0000
2026/05/06 03:25:09 - mmengine - INFO - Epoch(train)  [9][2950/5000]  lr: 1.9262e-04  eta: 4:01:25  time: 0.8394  data_time: 0.0160  memory: 17854  grad_norm: 3.6925  loss: 1.3878  loss_heatmap: 0.4389  layer_-1_loss_cls: 0.1138  layer_-1_loss_bbox: 0.3859  matched_ious: 0.2220  aux_depth_loss: 0.4493  sec_per_iter: 0.8533  iters_per_sec: 1.1700  samples_per_sec: 18.7500  samples_per_sec_per_gpu: 4.6900  max_mem_allocated_mb: 666.3000  max_mem_reserved_mb: 22014.0000
2026/05/06 03:25:50 - mmengine - INFO - Exp name: zod_bevfusion_dualinit_20260505_161926
2026/05/06 03:25:50 - mmengine - INFO - Epoch(train)  [9][3000/5000]  lr: 1.9166e-04  eta: 4:00:42  time: 0.8239  data_time: 0.0143  memory: 17905  grad_norm: 4.2590  loss: 1.4943  loss_heatmap: 0.4496  layer_-1_loss_cls: 0.1046  layer_-1_loss_bbox: 0.5034  matched_ious: 0.2889  aux_depth_loss: 0.4367  sec_per_iter: 0.8530  iters_per_sec: 1.1700  samples_per_sec: 18.7600  samples_per_sec_per_gpu: 4.6900  max_mem_allocated_mb: 666.3000  max_mem_reserved_mb: 22014.0000
2026/05/06 03:26:32 - mmengine - INFO - Epoch(train)  [9][3050/5000]  lr: 1.9071e-04  eta: 4:00:00  time: 0.8266  data_time: 0.0142  memory: 17778  grad_norm: 4.4349  loss: 1.3196  loss_heatmap: 0.4028  layer_-1_loss_cls: 0.1077  layer_-1_loss_bbox: 0.3675  matched_ious: 0.3127  aux_depth_loss: 0.4415  sec_per_iter: 0.8526  iters_per_sec: 1.1700  samples_per_sec: 18.7700  samples_per_sec_per_gpu: 4.6900  max_mem_allocated_mb: 666.3000  max_mem_reserved_mb: 22014.0000
2026/05/06 03:27:12 - mmengine - INFO - Epoch(train)  [9][3100/5000]  lr: 1.8975e-04  eta: 3:59:16  time: 0.7995  data_time: 0.0126  memory: 17883  grad_norm: 4.0489  loss: 1.3680  loss_heatmap: 0.4228  layer_-1_loss_cls: 0.1100  layer_-1_loss_bbox: 0.3909  matched_ious: 0.2537  aux_depth_loss: 0.4443  sec_per_iter: 0.8521  iters_per_sec: 1.1700  samples_per_sec: 18.7800  samples_per_sec_per_gpu: 4.6900  max_mem_allocated_mb: 666.3000  max_mem_reserved_mb: 22014.0000
2026/05/06 03:27:55 - mmengine - INFO - Epoch(train)  [9][3150/5000]  lr: 1.8880e-04  eta: 3:58:34  time: 0.8751  data_time: 0.0177  memory: 17748  grad_norm: 3.9551  loss: 1.2783  loss_heatmap: 0.3806  layer_-1_loss_cls: 0.0964  layer_-1_loss_bbox: 0.3721  matched_ious: 0.2436  aux_depth_loss: 0.4293  sec_per_iter: 0.8513  iters_per_sec: 1.1700  samples_per_sec: 18.8000  samples_per_sec_per_gpu: 4.7000  max_mem_allocated_mb: 666.3000  max_mem_reserved_mb: 22014.0000
2026/05/06 03:28:39 - mmengine - INFO - Epoch(train)  [9][3200/5000]  lr: 1.8785e-04  eta: 3:57:52  time: 0.8693  data_time: 0.0178  memory: 17745  grad_norm: 3.7363  loss: 1.2972  loss_heatmap: 0.4086  layer_-1_loss_cls: 0.1068  layer_-1_loss_bbox: 0.3486  matched_ious: 0.2820  aux_depth_loss: 0.4333  sec_per_iter: 0.8516  iters_per_sec: 1.1700  samples_per_sec: 18.7900  samples_per_sec_per_gpu: 4.7000  max_mem_allocated_mb: 666.3000  max_mem_reserved_mb: 22014.0000
2026/05/06 03:29:21 - mmengine - INFO - Epoch(train)  [9][3250/5000]  lr: 1.8690e-04  eta: 3:57:09  time: 0.8435  data_time: 0.0118  memory: 17752  grad_norm: 3.8905  loss: 1.3466  loss_heatmap: 0.4190  layer_-1_loss_cls: 0.1078  layer_-1_loss_bbox: 0.3850  matched_ious: 0.2205  aux_depth_loss: 0.4348  sec_per_iter: 0.8519  iters_per_sec: 1.1700  samples_per_sec: 18.7800  samples_per_sec_per_gpu: 4.7000  max_mem_allocated_mb: 666.3000  max_mem_reserved_mb: 22014.0000
2026/05/06 03:30:02 - mmengine - INFO - Epoch(train)  [9][3300/5000]  lr: 1.8595e-04  eta: 3:56:26  time: 0.8244  data_time: 0.0125  memory: 17781  grad_norm: 4.7478  loss: 1.4028  loss_heatmap: 0.4477  layer_-1_loss_cls: 0.1101  layer_-1_loss_bbox: 0.3997  matched_ious: 0.1851  aux_depth_loss: 0.4454  sec_per_iter: 0.8518  iters_per_sec: 1.1700  samples_per_sec: 18.7800  samples_per_sec_per_gpu: 4.7000  max_mem_allocated_mb: 666.3000  max_mem_reserved_mb: 22014.0000
2026/05/06 03:30:44 - mmengine - INFO - Epoch(train)  [9][3350/5000]  lr: 1.8500e-04  eta: 3:55:44  time: 0.8295  data_time: 0.0136  memory: 17903  grad_norm: 3.6662  loss: 1.3249  loss_heatmap: 0.4200  layer_-1_loss_cls: 0.1122  layer_-1_loss_bbox: 0.3599  matched_ious: 0.1423  aux_depth_loss: 0.4328  sec_per_iter: 0.8514  iters_per_sec: 1.1700  samples_per_sec: 18.7900  samples_per_sec_per_gpu: 4.7000  max_mem_allocated_mb: 666.3000  max_mem_reserved_mb: 22014.0000
2026/05/06 03:31:25 - mmengine - INFO - Epoch(train)  [9][3400/5000]  lr: 1.8405e-04  eta: 3:55:01  time: 0.8247  data_time: 0.0126  memory: 17810  grad_norm: 3.5052  loss: 1.3246  loss_heatmap: 0.4057  layer_-1_loss_cls: 0.1022  layer_-1_loss_bbox: 0.3883  matched_ious: 0.3175  aux_depth_loss: 0.4285  sec_per_iter: 0.8510  iters_per_sec: 1.1800  samples_per_sec: 18.8000  samples_per_sec_per_gpu: 4.7000  max_mem_allocated_mb: 666.3000  max_mem_reserved_mb: 22014.0000
2026/05/06 03:32:05 - mmengine - INFO - Epoch(train)  [9][3450/5000]  lr: 1.8311e-04  eta: 3:54:17  time: 0.8039  data_time: 0.0155  memory: 17710  grad_norm: 4.1482  loss: 1.3628  loss_heatmap: 0.4329  layer_-1_loss_cls: 0.1159  layer_-1_loss_bbox: 0.3860  matched_ious: 0.2758  aux_depth_loss: 0.4280  sec_per_iter: 0.8507  iters_per_sec: 1.1800  samples_per_sec: 18.8100  samples_per_sec_per_gpu: 4.7000  max_mem_allocated_mb: 666.3000  max_mem_reserved_mb: 22014.0000
2026/05/06 03:32:48 - mmengine - INFO - Epoch(train)  [9][3500/5000]  lr: 1.8216e-04  eta: 3:53:35  time: 0.8574  data_time: 0.0129  memory: 17974  grad_norm: 3.7800  loss: 1.3728  loss_heatmap: 0.4182  layer_-1_loss_cls: 0.1049  layer_-1_loss_bbox: 0.4202  matched_ious: 0.3204  aux_depth_loss: 0.4295  sec_per_iter: 0.8500  iters_per_sec: 1.1800  samples_per_sec: 18.8200  samples_per_sec_per_gpu: 4.7100  max_mem_allocated_mb: 666.3000  max_mem_reserved_mb: 22014.0000
2026/05/06 03:33:35 - mmengine - INFO - Epoch(train)  [9][3550/5000]  lr: 1.8122e-04  eta: 3:52:54  time: 0.9418  data_time: 0.0115  memory: 17910  grad_norm: 4.6945  loss: 1.4960  loss_heatmap: 0.4900  layer_-1_loss_cls: 0.1132  layer_-1_loss_bbox: 0.4480  matched_ious: 0.2164  aux_depth_loss: 0.4449  sec_per_iter: 0.8501  iters_per_sec: 1.1800  samples_per_sec: 18.8200  samples_per_sec_per_gpu: 4.7100  max_mem_allocated_mb: 666.3000  max_mem_reserved_mb: 22014.0000
2026/05/06 03:34:18 - mmengine - INFO - Epoch(train)  [9][3600/5000]  lr: 1.8027e-04  eta: 3:52:12  time: 0.8629  data_time: 0.0134  memory: 17804  grad_norm: 4.1627  loss: 1.3933  loss_heatmap: 0.4183  layer_-1_loss_cls: 0.1048  layer_-1_loss_bbox: 0.4255  matched_ious: 0.3156  aux_depth_loss: 0.4447  sec_per_iter: 0.8514  iters_per_sec: 1.1700  samples_per_sec: 18.7900  samples_per_sec_per_gpu: 4.7000  max_mem_allocated_mb: 666.3000  max_mem_reserved_mb: 22014.0000
2026/05/06 03:35:00 - mmengine - INFO - Epoch(train)  [9][3650/5000]  lr: 1.7933e-04  eta: 3:51:29  time: 0.8295  data_time: 0.0129  memory: 17874  grad_norm: 4.6529  loss: 1.2683  loss_heatmap: 0.3864  layer_-1_loss_cls: 0.1012  layer_-1_loss_bbox: 0.3438  matched_ious: 0.2288  aux_depth_loss: 0.4368  sec_per_iter: 0.8515  iters_per_sec: 1.1700  samples_per_sec: 18.7900  samples_per_sec_per_gpu: 4.7000  max_mem_allocated_mb: 666.3000  max_mem_reserved_mb: 22014.0000
2026/05/06 03:35:40 - mmengine - INFO - Epoch(train)  [9][3700/5000]  lr: 1.7839e-04  eta: 3:50:46  time: 0.8093  data_time: 0.0128  memory: 17804  grad_norm: 4.2531  loss: 1.3608  loss_heatmap: 0.4117  layer_-1_loss_cls: 0.1025  layer_-1_loss_bbox: 0.4161  matched_ious: 0.3033  aux_depth_loss: 0.4304  sec_per_iter: 0.8512  iters_per_sec: 1.1700  samples_per_sec: 18.8000  samples_per_sec_per_gpu: 4.7000  max_mem_allocated_mb: 666.3000  max_mem_reserved_mb: 22014.0000
2026/05/06 03:36:21 - mmengine - INFO - Epoch(train)  [9][3750/5000]  lr: 1.7745e-04  eta: 3:50:03  time: 0.8158  data_time: 0.0123  memory: 17846  grad_norm: 4.0308  loss: 1.2821  loss_heatmap: 0.3919  layer_-1_loss_cls: 0.0970  layer_-1_loss_bbox: 0.3624  matched_ious: 0.2365  aux_depth_loss: 0.4308  sec_per_iter: 0.8507  iters_per_sec: 1.1800  samples_per_sec: 18.8100  samples_per_sec_per_gpu: 4.7000  max_mem_allocated_mb: 666.3000  max_mem_reserved_mb: 22014.0000
2026/05/06 03:37:01 - mmengine - INFO - Epoch(train)  [9][3800/5000]  lr: 1.7651e-04  eta: 3:49:20  time: 0.8017  data_time: 0.0129  memory: 17741  grad_norm: 4.2658  loss: 1.3437  loss_heatmap: 0.4475  layer_-1_loss_cls: 0.1209  layer_-1_loss_bbox: 0.3496  matched_ious: 0.3162  aux_depth_loss: 0.4258  sec_per_iter: 0.8502  iters_per_sec: 1.1800  samples_per_sec: 18.8200  samples_per_sec_per_gpu: 4.7000  max_mem_allocated_mb: 666.3000  max_mem_reserved_mb: 22014.0000
2026/05/06 03:37:41 - mmengine - INFO - Epoch(train)  [9][3850/5000]  lr: 1.7557e-04  eta: 3:48:36  time: 0.8037  data_time: 0.0113  memory: 17803  grad_norm: 3.9327  loss: 1.2593  loss_heatmap: 0.3840  layer_-1_loss_cls: 0.1087  layer_-1_loss_bbox: 0.3404  matched_ious: 0.3027  aux_depth_loss: 0.4263  sec_per_iter: 0.8496  iters_per_sec: 1.1800  samples_per_sec: 18.8300  samples_per_sec_per_gpu: 4.7100  max_mem_allocated_mb: 666.3000  max_mem_reserved_mb: 22014.0000
2026/05/06 03:38:22 - mmengine - INFO - Epoch(train)  [9][3900/5000]  lr: 1.7464e-04  eta: 3:47:53  time: 0.8136  data_time: 0.0152  memory: 17829  grad_norm: 4.6686  loss: 1.3800  loss_heatmap: 0.4169  layer_-1_loss_cls: 0.1041  layer_-1_loss_bbox: 0.4152  matched_ious: 0.3011  aux_depth_loss: 0.4439  sec_per_iter: 0.8490  iters_per_sec: 1.1800  samples_per_sec: 18.8500  samples_per_sec_per_gpu: 4.7100  max_mem_allocated_mb: 666.3000  max_mem_reserved_mb: 22014.0000
2026/05/06 03:39:03 - mmengine - INFO - Epoch(train)  [9][3950/5000]  lr: 1.7370e-04  eta: 3:47:10  time: 0.8201  data_time: 0.0144  memory: 17815  grad_norm: 3.8239  loss: 1.2966  loss_heatmap: 0.3898  layer_-1_loss_cls: 0.1002  layer_-1_loss_bbox: 0.3857  matched_ious: 0.2701  aux_depth_loss: 0.4209  sec_per_iter: 0.8485  iters_per_sec: 1.1800  samples_per_sec: 18.8600  samples_per_sec_per_gpu: 4.7100  max_mem_allocated_mb: 666.3000  max_mem_reserved_mb: 22014.0000
2026/05/06 03:39:50 - mmengine - INFO - Exp name: zod_bevfusion_dualinit_20260505_161926
2026/05/06 03:39:50 - mmengine - INFO - Epoch(train)  [9][4000/5000]  lr: 1.7277e-04  eta: 3:46:29  time: 0.9380  data_time: 0.0141  memory: 17758  grad_norm: 3.9584  loss: 1.3495  loss_heatmap: 0.4348  layer_-1_loss_cls: 0.1155  layer_-1_loss_bbox: 0.3654  matched_ious: 0.2110  aux_depth_loss: 0.4338  sec_per_iter: 0.8482  iters_per_sec: 1.1800  samples_per_sec: 18.8600  samples_per_sec_per_gpu: 4.7200  max_mem_allocated_mb: 666.3000  max_mem_reserved_mb: 22014.0000
2026/05/06 03:40:31 - mmengine - INFO - Epoch(train)  [9][4050/5000]  lr: 1.7183e-04  eta: 3:45:46  time: 0.8286  data_time: 0.0174  memory: 17765  grad_norm: 4.4901  loss: 1.3243  loss_heatmap: 0.4131  layer_-1_loss_cls: 0.1045  layer_-1_loss_bbox: 0.3633  matched_ious: 0.2306  aux_depth_loss: 0.4434  sec_per_iter: 0.8494  iters_per_sec: 1.1800  samples_per_sec: 18.8400  samples_per_sec_per_gpu: 4.7100  max_mem_allocated_mb: 666.3000  max_mem_reserved_mb: 22014.0000
2026/05/06 03:41:15 - mmengine - INFO - Epoch(train)  [9][4100/5000]  lr: 1.7090e-04  eta: 3:45:04  time: 0.8633  data_time: 0.0120  memory: 17881  grad_norm: 3.9918  loss: 1.3188  loss_heatmap: 0.4158  layer_-1_loss_cls: 0.1063  layer_-1_loss_bbox: 0.3614  matched_ious: 0.3114  aux_depth_loss: 0.4353  sec_per_iter: 0.8490  iters_per_sec: 1.1800  samples_per_sec: 18.8400  samples_per_sec_per_gpu: 4.7100  max_mem_allocated_mb: 666.3000  max_mem_reserved_mb: 22014.0000
2026/05/06 03:41:58 - mmengine - INFO - Epoch(train)  [9][4150/5000]  lr: 1.6997e-04  eta: 3:44:22  time: 0.8675  data_time: 0.0121  memory: 17809  grad_norm: 4.6742  loss: 1.3050  loss_heatmap: 0.3951  layer_-1_loss_cls: 0.0987  layer_-1_loss_bbox: 0.3637  matched_ious: 0.2570  aux_depth_loss: 0.4476  sec_per_iter: 0.8492  iters_per_sec: 1.1800  samples_per_sec: 18.8400  samples_per_sec_per_gpu: 4.7100  max_mem_allocated_mb: 666.3000  max_mem_reserved_mb: 22014.0000
2026/05/06 03:42:40 - mmengine - INFO - Epoch(train)  [9][4200/5000]  lr: 1.6904e-04  eta: 3:43:39  time: 0.8425  data_time: 0.0123  memory: 17930  grad_norm: 4.2282  loss: 1.2565  loss_heatmap: 0.3809  layer_-1_loss_cls: 0.0996  layer_-1_loss_bbox: 0.3460  matched_ious: 0.3250  aux_depth_loss: 0.4300  sec_per_iter: 0.8494  iters_per_sec: 1.1800  samples_per_sec: 18.8400  samples_per_sec_per_gpu: 4.7100  max_mem_allocated_mb: 666.3000  max_mem_reserved_mb: 22014.0000
2026/05/06 03:43:21 - mmengine - INFO - Epoch(train)  [9][4250/5000]  lr: 1.6811e-04  eta: 3:42:56  time: 0.8209  data_time: 0.0142  memory: 17933  grad_norm: 3.9647  loss: 1.3204  loss_heatmap: 0.3909  layer_-1_loss_cls: 0.0973  layer_-1_loss_bbox: 0.3906  matched_ious: 0.4331  aux_depth_loss: 0.4416  sec_per_iter: 0.8493  iters_per_sec: 1.1800  samples_per_sec: 18.8400  samples_per_sec_per_gpu: 4.7100  max_mem_allocated_mb: 666.3000  max_mem_reserved_mb: 22014.0000
2026/05/06 03:44:05 - mmengine - INFO - Epoch(train)  [9][4300/5000]  lr: 1.6719e-04  eta: 3:42:14  time: 0.8771  data_time: 0.0147  memory: 17872  grad_norm: 4.2135  loss: 1.4199  loss_heatmap: 0.4608  layer_-1_loss_cls: 0.1116  layer_-1_loss_bbox: 0.4154  matched_ious: 0.2760  aux_depth_loss: 0.4321  sec_per_iter: 0.8490  iters_per_sec: 1.1800  samples_per_sec: 18.8500  samples_per_sec_per_gpu: 4.7100  max_mem_allocated_mb: 666.3000  max_mem_reserved_mb: 22014.0000
2026/05/06 03:44:52 - mmengine - INFO - Epoch(train)  [9][4350/5000]  lr: 1.6626e-04  eta: 3:41:34  time: 0.9362  data_time: 0.0139  memory: 17783  grad_norm: 3.7649  loss: 1.3402  loss_heatmap: 0.4225  layer_-1_loss_cls: 0.1093  layer_-1_loss_bbox: 0.3673  matched_ious: 0.2141  aux_depth_loss: 0.4410  sec_per_iter: 0.8493  iters_per_sec: 1.1800  samples_per_sec: 18.8400  samples_per_sec_per_gpu: 4.7100  max_mem_allocated_mb: 666.3000  max_mem_reserved_mb: 22014.0000
2026/05/06 03:45:37 - mmengine - INFO - Epoch(train)  [9][4400/5000]  lr: 1.6534e-04  eta: 3:40:52  time: 0.9075  data_time: 0.0150  memory: 17948  grad_norm: 4.0403  loss: 1.2656  loss_heatmap: 0.4005  layer_-1_loss_cls: 0.1032  layer_-1_loss_bbox: 0.3334  matched_ious: 0.2597  aux_depth_loss: 0.4284  sec_per_iter: 0.8503  iters_per_sec: 1.1800  samples_per_sec: 18.8200  samples_per_sec_per_gpu: 4.7000  max_mem_allocated_mb: 666.3000  max_mem_reserved_mb: 22014.0000
2026/05/06 03:46:22 - mmengine - INFO - Epoch(train)  [9][4450/5000]  lr: 1.6441e-04  eta: 3:40:10  time: 0.8922  data_time: 0.0139  memory: 17887  grad_norm: 4.1789  loss: 1.3763  loss_heatmap: 0.4296  layer_-1_loss_cls: 0.1139  layer_-1_loss_bbox: 0.3943  matched_ious: 0.3089  aux_depth_loss: 0.4385  sec_per_iter: 0.8510  iters_per_sec: 1.1800  samples_per_sec: 18.8000  samples_per_sec_per_gpu: 4.7000  max_mem_allocated_mb: 666.3000  max_mem_reserved_mb: 22014.0000
2026/05/06 03:47:11 - mmengine - INFO - Epoch(train)  [9][4500/5000]  lr: 1.6349e-04  eta: 3:39:30  time: 0.9824  data_time: 0.0143  memory: 17803  grad_norm: 3.7433  loss: 1.2286  loss_heatmap: 0.3569  layer_-1_loss_cls: 0.0918  layer_-1_loss_bbox: 0.3502  matched_ious: 0.1852  aux_depth_loss: 0.4297  sec_per_iter: 0.8515  iters_per_sec: 1.1700  samples_per_sec: 18.7900  samples_per_sec_per_gpu: 4.7000  max_mem_allocated_mb: 666.3000  max_mem_reserved_mb: 22014.0000
2026/05/06 03:47:53 - mmengine - INFO - Epoch(train)  [9][4550/5000]  lr: 1.6257e-04  eta: 3:38:48  time: 0.8510  data_time: 0.0126  memory: 17802  grad_norm: 5.3501  loss: 1.3802  loss_heatmap: 0.4331  layer_-1_loss_cls: 0.1108  layer_-1_loss_bbox: 0.3928  matched_ious: 0.2906  aux_depth_loss: 0.4436  sec_per_iter: 0.8529  iters_per_sec: 1.1700  samples_per_sec: 18.7600  samples_per_sec_per_gpu: 4.6900  max_mem_allocated_mb: 666.3000  max_mem_reserved_mb: 22014.0000
2026/05/06 03:48:39 - mmengine - INFO - Epoch(train)  [9][4600/5000]  lr: 1.6165e-04  eta: 3:38:06  time: 0.9100  data_time: 0.0168  memory: 17704  grad_norm: 5.8179  loss: 1.4468  loss_heatmap: 0.4430  layer_-1_loss_cls: 0.1008  layer_-1_loss_bbox: 0.4415  matched_ious: 0.4609  aux_depth_loss: 0.4615  sec_per_iter: 0.8529  iters_per_sec: 1.1700  samples_per_sec: 18.7600  samples_per_sec_per_gpu: 4.6900  max_mem_allocated_mb: 666.3000  max_mem_reserved_mb: 22014.0000
2026/05/06 03:49:22 - mmengine - INFO - Epoch(train)  [9][4650/5000]  lr: 1.6074e-04  eta: 3:37:24  time: 0.8694  data_time: 0.0136  memory: 17897  grad_norm: 4.2910  loss: 1.3805  loss_heatmap: 0.4369  layer_-1_loss_cls: 0.1071  layer_-1_loss_bbox: 0.3911  matched_ious: 0.3260  aux_depth_loss: 0.4454  sec_per_iter: 0.8535  iters_per_sec: 1.1700  samples_per_sec: 18.7500  samples_per_sec_per_gpu: 4.6900  max_mem_allocated_mb: 666.3000  max_mem_reserved_mb: 22014.0000
2026/05/06 03:50:08 - mmengine - INFO - Epoch(train)  [9][4700/5000]  lr: 1.5982e-04  eta: 3:36:43  time: 0.9033  data_time: 0.0160  memory: 17795  grad_norm: inf  loss: 1.3092  loss_heatmap: 0.4070  layer_-1_loss_cls: 0.1139  layer_-1_loss_bbox: 0.3534  matched_ious: 0.2747  aux_depth_loss: 0.4349  sec_per_iter: 0.8537  iters_per_sec: 1.1700  samples_per_sec: 18.7400  samples_per_sec_per_gpu: 4.6900  max_mem_allocated_mb: 666.3000  max_mem_reserved_mb: 22014.0000
2026/05/06 03:50:53 - mmengine - INFO - Epoch(train)  [9][4750/5000]  lr: 1.5890e-04  eta: 3:36:01  time: 0.9133  data_time: 0.0139  memory: 17955  grad_norm: 3.5122  loss: 1.2514  loss_heatmap: 0.3782  layer_-1_loss_cls: 0.0954  layer_-1_loss_bbox: 0.3528  matched_ious: 0.2361  aux_depth_loss: 0.4250  sec_per_iter: 0.8542  iters_per_sec: 1.1700  samples_per_sec: 18.7300  samples_per_sec_per_gpu: 4.6800  max_mem_allocated_mb: 666.3000  max_mem_reserved_mb: 22014.0000
2026/05/06 03:51:37 - mmengine - INFO - Epoch(train)  [9][4800/5000]  lr: 1.5799e-04  eta: 3:35:19  time: 0.8819  data_time: 0.0129  memory: 17811  grad_norm: 5.3315  loss: 1.5176  loss_heatmap: 0.4575  layer_-1_loss_cls: 0.1223  layer_-1_loss_bbox: 0.4912  matched_ious: 0.2589  aux_depth_loss: 0.4465  sec_per_iter: 0.8548  iters_per_sec: 1.1700  samples_per_sec: 18.7200  samples_per_sec_per_gpu: 4.6800  max_mem_allocated_mb: 666.3000  max_mem_reserved_mb: 22014.0000
2026/05/06 03:52:18 - mmengine - INFO - Epoch(train)  [9][4850/5000]  lr: 1.5708e-04  eta: 3:34:36  time: 0.8117  data_time: 0.0122  memory: 17770  grad_norm: 4.4471  loss: 1.3851  loss_heatmap: 0.4427  layer_-1_loss_cls: 0.1117  layer_-1_loss_bbox: 0.3909  matched_ious: 0.1560  aux_depth_loss: 0.4397  sec_per_iter: 0.8551  iters_per_sec: 1.1700  samples_per_sec: 18.7100  samples_per_sec_per_gpu: 4.6800  max_mem_allocated_mb: 666.3000  max_mem_reserved_mb: 22014.0000
2026/05/06 03:53:01 - mmengine - INFO - Epoch(train)  [9][4900/5000]  lr: 1.5617e-04  eta: 3:33:54  time: 0.8551  data_time: 0.0129  memory: 17767  grad_norm: 4.3684  loss: 1.3049  loss_heatmap: 0.4153  layer_-1_loss_cls: 0.1044  layer_-1_loss_bbox: 0.3594  matched_ious: 0.2676  aux_depth_loss: 0.4259  sec_per_iter: 0.8547  iters_per_sec: 1.1700  samples_per_sec: 18.7200  samples_per_sec_per_gpu: 4.6800  max_mem_allocated_mb: 666.3000  max_mem_reserved_mb: 22014.0000
2026/05/06 03:53:41 - mmengine - INFO - Epoch(train)  [9][4950/5000]  lr: 1.5526e-04  eta: 3:33:11  time: 0.8157  data_time: 0.0138  memory: 17863  grad_norm: 4.6988  loss: 1.4509  loss_heatmap: 0.4731  layer_-1_loss_cls: 0.1138  layer_-1_loss_bbox: 0.4232  matched_ious: 0.2411  aux_depth_loss: 0.4407  sec_per_iter: 0.8547  iters_per_sec: 1.1700  samples_per_sec: 18.7200  samples_per_sec_per_gpu: 4.6800  max_mem_allocated_mb: 666.3000  max_mem_reserved_mb: 22014.0000
2026/05/06 03:54:23 - mmengine - INFO - Exp name: zod_bevfusion_dualinit_20260505_161926
2026/05/06 03:54:23 - mmengine - INFO - Epoch(train)  [9][5000/5000]  lr: 1.5435e-04  eta: 3:32:28  time: 0.8234  data_time: 0.0127  memory: 17817  grad_norm: 4.3696  loss: 1.2307  loss_heatmap: 0.3684  layer_-1_loss_cls: 0.0969  layer_-1_loss_bbox: 0.3373  matched_ious: 0.3668  aux_depth_loss: 0.4282  sec_per_iter: 0.8543  iters_per_sec: 1.1700  samples_per_sec: 18.7300  samples_per_sec_per_gpu: 4.6800  max_mem_allocated_mb: 666.3000  max_mem_reserved_mb: 22014.0000
2026/05/06 03:54:23 - mmengine - INFO - [Efficiency] Epoch 9: wall=4269.9s  iters=5000  sec/iter=0.854  mem_alloc=666MB  mem_rsv=22014MB
2026/05/06 03:54:36 - mmengine - INFO - Epoch(val)  [9][  50/1250]    eta: 0:05:09  time: 0.2580  data_time: 0.0122  memory: 4781  
2026/05/06 03:54:48 - mmengine - INFO - Epoch(val)  [9][ 100/1250]    eta: 0:04:47  time: 0.2426  data_time: 0.0056  memory: 4786  
2026/05/06 03:55:00 - mmengine - INFO - Epoch(val)  [9][ 150/1250]    eta: 0:04:33  time: 0.2448  data_time: 0.0048  memory: 4789  
2026/05/06 03:55:12 - mmengine - INFO - Epoch(val)  [9][ 200/1250]    eta: 0:04:20  time: 0.2465  data_time: 0.0056  memory: 4787  
2026/05/06 03:55:25 - mmengine - INFO - Epoch(val)  [9][ 250/1250]    eta: 0:04:07  time: 0.2460  data_time: 0.0058  memory: 4776  
2026/05/06 03:55:36 - mmengine - INFO - Epoch(val)  [9][ 300/1250]    eta: 0:03:53  time: 0.2381  data_time: 0.0052  memory: 4784  
2026/05/06 03:55:48 - mmengine - INFO - Epoch(val)  [9][ 350/1250]    eta: 0:03:40  time: 0.2391  data_time: 0.0052  memory: 4787  
2026/05/06 03:56:00 - mmengine - INFO - Epoch(val)  [9][ 400/1250]    eta: 0:03:27  time: 0.2375  data_time: 0.0048  memory: 4777  
2026/05/06 03:56:13 - mmengine - INFO - Epoch(val)  [9][ 450/1250]    eta: 0:03:16  time: 0.2545  data_time: 0.0057  memory: 4780  
2026/05/06 03:56:25 - mmengine - INFO - Epoch(val)  [9][ 500/1250]    eta: 0:03:03  time: 0.2404  data_time: 0.0055  memory: 4780  
2026/05/06 03:56:38 - mmengine - INFO - Epoch(val)  [9][ 550/1250]    eta: 0:02:52  time: 0.2558  data_time: 0.0048  memory: 4780  
2026/05/06 03:56:50 - mmengine - INFO - Epoch(val)  [9][ 600/1250]    eta: 0:02:39  time: 0.2427  data_time: 0.0054  memory: 4784  
2026/05/06 03:57:02 - mmengine - INFO - Epoch(val)  [9][ 650/1250]    eta: 0:02:27  time: 0.2452  data_time: 0.0051  memory: 4784  
2026/05/06 03:57:14 - mmengine - INFO - Epoch(val)  [9][ 700/1250]    eta: 0:02:14  time: 0.2367  data_time: 0.0051  memory: 4781  
2026/05/06 03:57:26 - mmengine - INFO - Epoch(val)  [9][ 750/1250]    eta: 0:02:02  time: 0.2332  data_time: 0.0052  memory: 4783  
2026/05/06 03:57:38 - mmengine - INFO - Epoch(val)  [9][ 800/1250]    eta: 0:01:49  time: 0.2391  data_time: 0.0052  memory: 4778  
2026/05/06 03:57:50 - mmengine - INFO - Epoch(val)  [9][ 850/1250]    eta: 0:01:37  time: 0.2411  data_time: 0.0051  memory: 4783  
2026/05/06 03:58:02 - mmengine - INFO - Epoch(val)  [9][ 900/1250]    eta: 0:01:25  time: 0.2442  data_time: 0.0053  memory: 4787  
2026/05/06 03:58:14 - mmengine - INFO - Epoch(val)  [9][ 950/1250]    eta: 0:01:13  time: 0.2406  data_time: 0.0054  memory: 4783  
2026/05/06 03:58:26 - mmengine - INFO - Epoch(val)  [9][1000/1250]    eta: 0:01:00  time: 0.2386  data_time: 0.0051  memory: 4786  
2026/05/06 03:58:39 - mmengine - INFO - Epoch(val)  [9][1050/1250]    eta: 0:00:48  time: 0.2534  data_time: 0.0052  memory: 4786  
2026/05/06 03:58:51 - mmengine - INFO - Epoch(val)  [9][1100/1250]    eta: 0:00:36  time: 0.2441  data_time: 0.0059  memory: 4787  
2026/05/06 03:59:03 - mmengine - INFO - Epoch(val)  [9][1150/1250]    eta: 0:00:24  time: 0.2457  data_time: 0.0052  memory: 4781  
2026/05/06 03:59:15 - mmengine - INFO - Epoch(val)  [9][1200/1250]    eta: 0:00:12  time: 0.2395  data_time: 0.0053  memory: 4779  
2026/05/06 03:59:27 - mmengine - INFO - Epoch(val)  [9][1250/1250]    eta: 0:00:00  time: 0.2406  data_time: 0.0059  memory: 4783  
2026/05/06 04:00:45 - mmengine - INFO - 
+------------+---------+---------+---------+---------+
| classes    | AP_0.25 | AR_0.25 | AP_0.50 | AR_0.50 |
+------------+---------+---------+---------+---------+
| pedestrian | 0.8017  | 0.9384  | 0.5573  | 0.7062  |
+------------+---------+---------+---------+---------+
| Overall    | 0.8017  | 0.9384  | 0.5573  | 0.7062  |
+------------+---------+---------+---------+---------+
2026/05/06 04:01:15 - mmengine - INFO - 
+------------+---------+---------+---------+---------+---------+---------+---------+---------+
| classes    | AP_0.5m | AR_0.5m | AP_1.0m | AR_1.0m | AP_2.0m | AR_2.0m | AP_4.0m | AR_4.0m |
+------------+---------+---------+---------+---------+---------+---------+---------+---------+
| pedestrian | 0.8230  | 0.9656  | 0.8299  | 0.9716  | 0.8342  | 0.9758  | 0.8406  | 0.9823  |
+------------+---------+---------+---------+---------+---------+---------+---------+---------+
| Overall    | 0.8230  | 0.9656  | 0.8299  | 0.9716  | 0.8342  | 0.9758  | 0.8406  | 0.9823  |
+------------+---------+---------+---------+---------+---------+---------+---------+---------+
2026/05/06 04:01:16 - mmengine - INFO - Epoch(val) [9][1250/1250]    pedestrian_AP_0.25: 0.8017  mAP_0.25: 0.8017  pedestrian_rec_0.25: 0.9384  mAR_0.25: 0.9384  pedestrian_AP_0.50: 0.5573  mAP_0.50: 0.5573  pedestrian_rec_0.50: 0.7062  mAR_0.50: 0.7062  pedestrian_AP_0.5m: 0.8230  pedestrian_rec_0.5m: 0.9656  pedestrian_AP_1.0m: 0.8299  pedestrian_rec_1.0m: 0.9716  pedestrian_AP_2.0m: 0.8342  pedestrian_rec_2.0m: 0.9758  pedestrian_AP_4.0m: 0.8406  pedestrian_rec_4.0m: 0.9823  mAP_0.5m: 0.8230  mAR_0.5m: 0.9656  mAP_1.0m: 0.8299  mAR_1.0m: 0.9716  mAP_2.0m: 0.8342  mAR_2.0m: 0.9758  mAP_4.0m: 0.8406  mAR_4.0m: 0.9823  data_time: 0.0056  time: 0.2435
2026/05/06 04:01:17 - mmengine - INFO - The previous best checkpoint /home/users/u103958/projects/multimodal-MoE/outputs/runs/zod_bevfusion_dualinit/bevfusion-dualinit_4543552/best_mAP_0.50_epoch_1.pth is removed
2026/05/06 04:01:19 - mmengine - INFO - The best checkpoint with 0.5573 mAP_0.50 at 9 epoch is saved to best_mAP_0.50_epoch_9.pth.
2026/05/06 04:02:03 - mmengine - INFO - Epoch(train) [10][  50/5000]  lr: 1.5344e-04  eta: 3:31:45  time: 0.8462  data_time: 0.0198  memory: 17803  grad_norm: 4.3058  loss: 1.2848  loss_heatmap: 0.3906  layer_-1_loss_cls: 0.0979  layer_-1_loss_bbox: 0.3666  matched_ious: 0.3075  aux_depth_loss: 0.4297  sec_per_iter: 0.8540  iters_per_sec: 1.1700  samples_per_sec: 18.7400  samples_per_sec_per_gpu: 4.6800  max_mem_allocated_mb: 666.3000  max_mem_reserved_mb: 22014.0000
2026/05/06 04:02:47 - mmengine - INFO - Epoch(train) [10][ 100/5000]  lr: 1.5254e-04  eta: 3:31:03  time: 0.8608  data_time: 0.0131  memory: 17799  grad_norm: 4.5918  loss: 1.3293  loss_heatmap: 0.3983  layer_-1_loss_cls: 0.1036  layer_-1_loss_bbox: 0.4059  matched_ious: 0.1821  aux_depth_loss: 0.4215  sec_per_iter: 0.8468  iters_per_sec: 1.1800  samples_per_sec: 18.8900  samples_per_sec_per_gpu: 4.7200  max_mem_allocated_mb: 666.3000  max_mem_reserved_mb: 22014.0000
2026/05/06 04:03:27 - mmengine - INFO - Epoch(train) [10][ 150/5000]  lr: 1.5164e-04  eta: 3:30:20  time: 0.8111  data_time: 0.0151  memory: 17885  grad_norm: 3.7589  loss: 1.2744  loss_heatmap: 0.3842  layer_-1_loss_cls: 0.0984  layer_-1_loss_bbox: 0.3694  matched_ious: 0.2160  aux_depth_loss: 0.4224  sec_per_iter: 0.8538  iters_per_sec: 1.1700  samples_per_sec: 18.7400  samples_per_sec_per_gpu: 4.6800  max_mem_allocated_mb: 666.3000  max_mem_reserved_mb: 22014.0000
2026/05/06 04:04:08 - mmengine - INFO - Epoch(train) [10][ 200/5000]  lr: 1.5073e-04  eta: 3:29:36  time: 0.8100  data_time: 0.0131  memory: 17822  grad_norm: 4.0616  loss: 1.2727  loss_heatmap: 0.3872  layer_-1_loss_cls: 0.1045  layer_-1_loss_bbox: 0.3632  matched_ious: 0.2048  aux_depth_loss: 0.4178  sec_per_iter: 0.8396  iters_per_sec: 1.1900  samples_per_sec: 19.0600  samples_per_sec_per_gpu: 4.7600  max_mem_allocated_mb: 666.3000  max_mem_reserved_mb: 22014.0000
2026/05/06 04:04:49 - mmengine - INFO - Epoch(train) [10][ 250/5000]  lr: 1.4983e-04  eta: 3:28:54  time: 0.8244  data_time: 0.0132  memory: 17920  grad_norm: 3.6795  loss: 1.2677  loss_heatmap: 0.3637  layer_-1_loss_cls: 0.0888  layer_-1_loss_bbox: 0.3800  matched_ious: 0.2906  aux_depth_loss: 0.4352  sec_per_iter: 0.8322  iters_per_sec: 1.2000  samples_per_sec: 19.2300  samples_per_sec_per_gpu: 4.8100  max_mem_allocated_mb: 666.3000  max_mem_reserved_mb: 22014.0000
2026/05/06 04:05:30 - mmengine - INFO - Epoch(train) [10][ 300/5000]  lr: 1.4894e-04  eta: 3:28:11  time: 0.8286  data_time: 0.0135  memory: 17818  grad_norm: 3.7602  loss: 1.2488  loss_heatmap: 0.3674  layer_-1_loss_cls: 0.0936  layer_-1_loss_bbox: 0.3692  matched_ious: 0.2997  aux_depth_loss: 0.4186  sec_per_iter: 0.8308  iters_per_sec: 1.2000  samples_per_sec: 19.2600  samples_per_sec_per_gpu: 4.8100  max_mem_allocated_mb: 666.3000  max_mem_reserved_mb: 22014.0000
2026/05/06 04:06:11 - mmengine - INFO - Epoch(train) [10][ 350/5000]  lr: 1.4804e-04  eta: 3:27:28  time: 0.8167  data_time: 0.0125  memory: 17947  grad_norm: 4.0313  loss: 1.2655  loss_heatmap: 0.3811  layer_-1_loss_cls: 0.0950  layer_-1_loss_bbox: 0.3652  matched_ious: 0.1765  aux_depth_loss: 0.4242  sec_per_iter: 0.8303  iters_per_sec: 1.2000  samples_per_sec: 19.2700  samples_per_sec_per_gpu: 4.8200  max_mem_allocated_mb: 666.3000  max_mem_reserved_mb: 22014.0000
2026/05/06 04:06:52 - mmengine - INFO - Epoch(train) [10][ 400/5000]  lr: 1.4714e-04  eta: 3:26:45  time: 0.8158  data_time: 0.0135  memory: 17963  grad_norm: 4.4113  loss: 1.3827  loss_heatmap: 0.4134  layer_-1_loss_cls: 0.1002  layer_-1_loss_bbox: 0.4453  matched_ious: 0.2119  aux_depth_loss: 0.4238  sec_per_iter: 0.8284  iters_per_sec: 1.2100  samples_per_sec: 19.3100  samples_per_sec_per_gpu: 4.8300  max_mem_allocated_mb: 666.3000  max_mem_reserved_mb: 22014.0000
2026/05/06 04:07:33 - mmengine - INFO - Epoch(train) [10][ 450/5000]  lr: 1.4625e-04  eta: 3:26:02  time: 0.8159  data_time: 0.0131  memory: 17931  grad_norm: 4.4636  loss: 1.2658  loss_heatmap: 0.3928  layer_-1_loss_cls: 0.1077  layer_-1_loss_bbox: 0.3356  matched_ious: 0.2863  aux_depth_loss: 0.4297  sec_per_iter: 0.8268  iters_per_sec: 1.2100  samples_per_sec: 19.3500  samples_per_sec_per_gpu: 4.8400  max_mem_allocated_mb: 666.3000  max_mem_reserved_mb: 22014.0000
2026/05/06 04:08:14 - mmengine - INFO - Epoch(train) [10][ 500/5000]  lr: 1.4536e-04  eta: 3:25:19  time: 0.8316  data_time: 0.0119  memory: 17871  grad_norm: 4.3893  loss: 1.2870  loss_heatmap: 0.3736  layer_-1_loss_cls: 0.0981  layer_-1_loss_bbox: 0.3831  matched_ious: 0.3929  aux_depth_loss: 0.4322  sec_per_iter: 0.8256  iters_per_sec: 1.2100  samples_per_sec: 19.3800  samples_per_sec_per_gpu: 4.8400  max_mem_allocated_mb: 666.3000  max_mem_reserved_mb: 22014.0000
2026/05/06 04:08:55 - mmengine - INFO - Epoch(train) [10][ 550/5000]  lr: 1.4447e-04  eta: 3:24:36  time: 0.8224  data_time: 0.0134  memory: 18033  grad_norm: 4.9445  loss: 1.2763  loss_heatmap: 0.3864  layer_-1_loss_cls: 0.0962  layer_-1_loss_bbox: 0.3707  matched_ious: 0.3015  aux_depth_loss: 0.4230  sec_per_iter: 0.8262  iters_per_sec: 1.2100  samples_per_sec: 19.3700  samples_per_sec_per_gpu: 4.8400  max_mem_allocated_mb: 666.3000  max_mem_reserved_mb: 22014.0000
2026/05/06 04:09:38 - mmengine - INFO - Epoch(train) [10][ 600/5000]  lr: 1.4358e-04  eta: 3:23:54  time: 0.8495  data_time: 0.0138  memory: 17793  grad_norm: 3.7165  loss: 1.2373  loss_heatmap: 0.3620  layer_-1_loss_cls: 0.0915  layer_-1_loss_bbox: 0.3502  matched_ious: 0.2820  aux_depth_loss: 0.4336  sec_per_iter: 0.8260  iters_per_sec: 1.2100  samples_per_sec: 19.3700  samples_per_sec_per_gpu: 4.8400  max_mem_allocated_mb: 666.3000  max_mem_reserved_mb: 22014.0000
2026/05/06 04:10:18 - mmengine - INFO - Epoch(train) [10][ 650/5000]  lr: 1.4269e-04  eta: 3:23:10  time: 0.7959  data_time: 0.0131  memory: 17850  grad_norm: 3.5900  loss: 1.2888  loss_heatmap: 0.3777  layer_-1_loss_cls: 0.0997  layer_-1_loss_bbox: 0.3901  matched_ious: 0.3085  aux_depth_loss: 0.4213  sec_per_iter: 0.8279  iters_per_sec: 1.2100  samples_per_sec: 19.3300  samples_per_sec_per_gpu: 4.8300  max_mem_allocated_mb: 666.3000  max_mem_reserved_mb: 22014.0000
2026/05/06 04:11:02 - mmengine - INFO - Epoch(train) [10][ 700/5000]  lr: 1.4180e-04  eta: 3:22:28  time: 0.8951  data_time: 0.0146  memory: 18062  grad_norm: 3.8260  loss: 1.3137  loss_heatmap: 0.3716  layer_-1_loss_cls: 0.0955  layer_-1_loss_bbox: 0.4174  matched_ious: 0.2225  aux_depth_loss: 0.4292  sec_per_iter: 0.8254  iters_per_sec: 1.2100  samples_per_sec: 19.3800  samples_per_sec_per_gpu: 4.8500  max_mem_allocated_mb: 666.3000  max_mem_reserved_mb: 22014.0000
2026/05/06 04:11:44 - mmengine - INFO - Epoch(train) [10][ 750/5000]  lr: 1.4092e-04  eta: 3:21:46  time: 0.8326  data_time: 0.0143  memory: 17853  grad_norm: 4.2764  loss: 1.2667  loss_heatmap: 0.3623  layer_-1_loss_cls: 0.0889  layer_-1_loss_bbox: 0.3804  matched_ious: 0.4083  aux_depth_loss: 0.4352  sec_per_iter: 0.8304  iters_per_sec: 1.2000  samples_per_sec: 19.2700  samples_per_sec_per_gpu: 4.8200  max_mem_allocated_mb: 666.3000  max_mem_reserved_mb: 22014.0000
2026/05/06 04:12:27 - mmengine - INFO - Epoch(train) [10][ 800/5000]  lr: 1.4004e-04  eta: 3:21:03  time: 0.8521  data_time: 0.0258  memory: 17732  grad_norm: 3.8824  loss: 1.2985  loss_heatmap: 0.3887  layer_-1_loss_cls: 0.0988  layer_-1_loss_bbox: 0.3782  matched_ious: 0.4180  aux_depth_loss: 0.4329  sec_per_iter: 0.8306  iters_per_sec: 1.2000  samples_per_sec: 19.2600  samples_per_sec_per_gpu: 4.8200  max_mem_allocated_mb: 666.3000  max_mem_reserved_mb: 22014.0000
2026/05/06 04:13:09 - mmengine - INFO - Epoch(train) [10][ 850/5000]  lr: 1.3916e-04  eta: 3:20:21  time: 0.8453  data_time: 0.0148  memory: 17836  grad_norm: 3.8278  loss: 1.2633  loss_heatmap: 0.3733  layer_-1_loss_cls: 0.0976  layer_-1_loss_bbox: 0.3736  matched_ious: 0.2388  aux_depth_loss: 0.4188  sec_per_iter: 0.8319  iters_per_sec: 1.2000  samples_per_sec: 19.2300  samples_per_sec_per_gpu: 4.8100  max_mem_allocated_mb: 666.3000  max_mem_reserved_mb: 22014.0000
2026/05/06 04:13:50 - mmengine - INFO - Epoch(train) [10][ 900/5000]  lr: 1.3828e-04  eta: 3:19:38  time: 0.8237  data_time: 0.0185  memory: 17833  grad_norm: 4.2247  loss: 1.1577  loss_heatmap: 0.3203  layer_-1_loss_cls: 0.0845  layer_-1_loss_bbox: 0.3202  matched_ious: 0.2650  aux_depth_loss: 0.4328  sec_per_iter: 0.8327  iters_per_sec: 1.2000  samples_per_sec: 19.2200  samples_per_sec_per_gpu: 4.8000  max_mem_allocated_mb: 666.3000  max_mem_reserved_mb: 22014.0000
2026/05/06 04:14:30 - mmengine - INFO - Epoch(train) [10][ 950/5000]  lr: 1.3740e-04  eta: 3:18:55  time: 0.8054  data_time: 0.0140  memory: 17865  grad_norm: 4.4932  loss: 1.2672  loss_heatmap: 0.3884  layer_-1_loss_cls: 0.0967  layer_-1_loss_bbox: 0.3607  matched_ious: 0.3930  aux_depth_loss: 0.4214  sec_per_iter: 0.8322  iters_per_sec: 1.2000  samples_per_sec: 19.2300  samples_per_sec_per_gpu: 4.8100  max_mem_allocated_mb: 666.3000  max_mem_reserved_mb: 22014.0000
2026/05/06 04:15:10 - mmengine - INFO - Exp name: zod_bevfusion_dualinit_20260505_161926
2026/05/06 04:15:10 - mmengine - INFO - Epoch(train) [10][1000/5000]  lr: 1.3652e-04  eta: 3:18:11  time: 0.8018  data_time: 0.0117  memory: 17835  grad_norm: 4.1984  loss: 1.2429  loss_heatmap: 0.3636  layer_-1_loss_cls: 0.0979  layer_-1_loss_bbox: 0.3532  matched_ious: 0.1928  aux_depth_loss: 0.4281  sec_per_iter: 0.8308  iters_per_sec: 1.2000  samples_per_sec: 19.2600  samples_per_sec_per_gpu: 4.8100  max_mem_allocated_mb: 666.3000  max_mem_reserved_mb: 22014.0000
2026/05/06 04:15:52 - mmengine - INFO - Epoch(train) [10][1050/5000]  lr: 1.3565e-04  eta: 3:17:29  time: 0.8321  data_time: 0.0141  memory: 17729  grad_norm: 3.9116  loss: 1.2214  loss_heatmap: 0.3583  layer_-1_loss_cls: 0.0938  layer_-1_loss_bbox: 0.3353  matched_ious: 0.1201  aux_depth_loss: 0.4339  sec_per_iter: 0.8293  iters_per_sec: 1.2100  samples_per_sec: 19.2900  samples_per_sec_per_gpu: 4.8200  max_mem_allocated_mb: 666.3000  max_mem_reserved_mb: 22014.0000
2026/05/06 04:16:36 - mmengine - INFO - Epoch(train) [10][1100/5000]  lr: 1.3478e-04  eta: 3:16:47  time: 0.8715  data_time: 0.0146  memory: 17875  grad_norm: 4.3974  loss: 1.3230  loss_heatmap: 0.3822  layer_-1_loss_cls: 0.0942  layer_-1_loss_bbox: 0.4162  matched_ious: 0.2621  aux_depth_loss: 0.4304  sec_per_iter: 0.8295  iters_per_sec: 1.2100  samples_per_sec: 19.2900  samples_per_sec_per_gpu: 4.8200  max_mem_allocated_mb: 666.3000  max_mem_reserved_mb: 22014.0000
2026/05/06 04:17:20 - mmengine - INFO - Epoch(train) [10][1150/5000]  lr: 1.3391e-04  eta: 3:16:05  time: 0.8805  data_time: 0.0140  memory: 17798  grad_norm: 4.1347  loss: 1.2015  loss_heatmap: 0.3471  layer_-1_loss_cls: 0.0916  layer_-1_loss_bbox: 0.3344  matched_ious: 0.3573  aux_depth_loss: 0.4285  sec_per_iter: 0.8314  iters_per_sec: 1.2000  samples_per_sec: 19.2400  samples_per_sec_per_gpu: 4.8100  max_mem_allocated_mb: 666.3000  max_mem_reserved_mb: 22014.0000
2026/05/06 04:18:03 - mmengine - INFO - Epoch(train) [10][1200/5000]  lr: 1.3304e-04  eta: 3:15:23  time: 0.8756  data_time: 0.0129  memory: 17856  grad_norm: 4.5007  loss: 1.2601  loss_heatmap: 0.3737  layer_-1_loss_cls: 0.0962  layer_-1_loss_bbox: 0.3667  matched_ious: 0.2023  aux_depth_loss: 0.4235  sec_per_iter: 0.8335  iters_per_sec: 1.2000  samples_per_sec: 19.2000  samples_per_sec_per_gpu: 4.8000  max_mem_allocated_mb: 666.3000  max_mem_reserved_mb: 22014.0000
2026/05/06 04:18:48 - mmengine - INFO - Epoch(train) [10][1250/5000]  lr: 1.3217e-04  eta: 3:14:41  time: 0.8982  data_time: 0.0141  memory: 17777  grad_norm: 5.2319  loss: 1.2868  loss_heatmap: 0.3964  layer_-1_loss_cls: 0.0926  layer_-1_loss_bbox: 0.3678  matched_ious: 0.2174  aux_depth_loss: 0.4300  sec_per_iter: 0.8353  iters_per_sec: 1.2000  samples_per_sec: 19.1600  samples_per_sec_per_gpu: 4.7900  max_mem_allocated_mb: 666.3000  max_mem_reserved_mb: 22014.0000
2026/05/06 04:19:36 - mmengine - INFO - Epoch(train) [10][1300/5000]  lr: 1.3131e-04  eta: 3:14:00  time: 0.9465  data_time: 0.0145  memory: 17937  grad_norm: 4.9969  loss: 1.3538  loss_heatmap: 0.3855  layer_-1_loss_cls: 0.0919  layer_-1_loss_bbox: 0.4385  matched_ious: 0.3851  aux_depth_loss: 0.4380  sec_per_iter: 0.8378  iters_per_sec: 1.1900  samples_per_sec: 19.1000  samples_per_sec_per_gpu: 4.7700  max_mem_allocated_mb: 666.3000  max_mem_reserved_mb: 22014.0000
2026/05/06 04:20:21 - mmengine - INFO - Epoch(train) [10][1350/5000]  lr: 1.3044e-04  eta: 3:13:18  time: 0.9056  data_time: 0.0142  memory: 17814  grad_norm: 4.6002  loss: 1.2585  loss_heatmap: 0.3780  layer_-1_loss_cls: 0.0992  layer_-1_loss_bbox: 0.3537  matched_ious: 0.3851  aux_depth_loss: 0.4277  sec_per_iter: 0.8420  iters_per_sec: 1.1900  samples_per_sec: 19.0000  samples_per_sec_per_gpu: 4.7500  max_mem_allocated_mb: 666.3000  max_mem_reserved_mb: 22014.0000
2026/05/06 04:21:07 - mmengine - INFO - Epoch(train) [10][1400/5000]  lr: 1.2958e-04  eta: 3:12:37  time: 0.9140  data_time: 0.0187  memory: 17788  grad_norm: 4.0549  loss: 1.2911  loss_heatmap: 0.3861  layer_-1_loss_cls: 0.0940  layer_-1_loss_bbox: 0.3883  matched_ious: 0.3267  aux_depth_loss: 0.4227  sec_per_iter: 0.8444  iters_per_sec: 1.1800  samples_per_sec: 18.9500  samples_per_sec_per_gpu: 4.7400  max_mem_allocated_mb: 666.3000  max_mem_reserved_mb: 22014.0000
2026/05/06 04:21:49 - mmengine - INFO - Epoch(train) [10][1450/5000]  lr: 1.2872e-04  eta: 3:11:54  time: 0.8364  data_time: 0.0136  memory: 17952  grad_norm: 4.0640  loss: 1.2839  loss_heatmap: 0.3913  layer_-1_loss_cls: 0.1016  layer_-1_loss_bbox: 0.3658  matched_ious: 0.2310  aux_depth_loss: 0.4252  sec_per_iter: 0.8468  iters_per_sec: 1.1800  samples_per_sec: 18.8900  samples_per_sec_per_gpu: 4.7200  max_mem_allocated_mb: 666.3000  max_mem_reserved_mb: 22014.0000
2026/05/06 04:22:30 - mmengine - INFO - Epoch(train) [10][1500/5000]  lr: 1.2787e-04  eta: 3:11:11  time: 0.8272  data_time: 0.0159  memory: 17942  grad_norm: 4.0641  loss: 1.3159  loss_heatmap: 0.3963  layer_-1_loss_cls: 0.1022  layer_-1_loss_bbox: 0.3944  matched_ious: 0.1635  aux_depth_loss: 0.4230  sec_per_iter: 0.8465  iters_per_sec: 1.1800  samples_per_sec: 18.9000  samples_per_sec_per_gpu: 4.7300  max_mem_allocated_mb: 666.3000  max_mem_reserved_mb: 22014.0000
2026/05/06 04:23:14 - mmengine - INFO - Epoch(train) [10][1550/5000]  lr: 1.2701e-04  eta: 3:10:29  time: 0.8732  data_time: 0.0132  memory: 17841  grad_norm: 5.1234  loss: 1.2442  loss_heatmap: 0.3869  layer_-1_loss_cls: 0.0977  layer_-1_loss_bbox: 0.3389  matched_ious: 0.2644  aux_depth_loss: 0.4207  sec_per_iter: 0.8458  iters_per_sec: 1.1800  samples_per_sec: 18.9200  samples_per_sec_per_gpu: 4.7300  max_mem_allocated_mb: 666.3000  max_mem_reserved_mb: 22014.0000
2026/05/06 04:23:56 - mmengine - INFO - Epoch(train) [10][1600/5000]  lr: 1.2616e-04  eta: 3:09:46  time: 0.8462  data_time: 0.0131  memory: 17721  grad_norm: 4.6974  loss: 1.2378  loss_heatmap: 0.3447  layer_-1_loss_cls: 0.0909  layer_-1_loss_bbox: 0.3716  matched_ious: 0.2103  aux_depth_loss: 0.4305  sec_per_iter: 0.8467  iters_per_sec: 1.1800  samples_per_sec: 18.9000  samples_per_sec_per_gpu: 4.7200  max_mem_allocated_mb: 666.3000  max_mem_reserved_mb: 22014.0000
2026/05/06 04:24:39 - mmengine - INFO - Epoch(train) [10][1650/5000]  lr: 1.2530e-04  eta: 3:09:04  time: 0.8631  data_time: 0.0165  memory: 17868  grad_norm: 4.9658  loss: 1.2275  loss_heatmap: 0.3577  layer_-1_loss_cls: 0.0966  layer_-1_loss_bbox: 0.3414  matched_ious: 0.3013  aux_depth_loss: 0.4317  sec_per_iter: 0.8467  iters_per_sec: 1.1800  samples_per_sec: 18.9000  samples_per_sec_per_gpu: 4.7200  max_mem_allocated_mb: 666.3000  max_mem_reserved_mb: 22014.0000
2026/05/06 04:25:19 - mmengine - INFO - Epoch(train) [10][1700/5000]  lr: 1.2445e-04  eta: 3:08:21  time: 0.8083  data_time: 0.0119  memory: 17852  grad_norm: 4.3206  loss: 1.2833  loss_heatmap: 0.3810  layer_-1_loss_cls: 0.0940  layer_-1_loss_bbox: 0.3890  matched_ious: 0.3454  aux_depth_loss: 0.4193  sec_per_iter: 0.8472  iters_per_sec: 1.1800  samples_per_sec: 18.8900  samples_per_sec_per_gpu: 4.7200  max_mem_allocated_mb: 666.3000  max_mem_reserved_mb: 22014.0000
2026/05/06 04:26:03 - mmengine - INFO - Epoch(train) [10][1750/5000]  lr: 1.2361e-04  eta: 3:07:39  time: 0.8796  data_time: 0.0153  memory: 17844  grad_norm: 6.2696  loss: 1.2717  loss_heatmap: 0.3645  layer_-1_loss_cls: 0.0946  layer_-1_loss_bbox: 0.3821  matched_ious: 0.3165  aux_depth_loss: 0.4306  sec_per_iter: 0.8461  iters_per_sec: 1.1800  samples_per_sec: 18.9100  samples_per_sec_per_gpu: 4.7300  max_mem_allocated_mb: 666.3000  max_mem_reserved_mb: 22014.0000
2026/05/06 04:26:49 - mmengine - INFO - Epoch(train) [10][1800/5000]  lr: 1.2276e-04  eta: 3:06:57  time: 0.9061  data_time: 0.0158  memory: 17726  grad_norm: 4.0499  loss: 1.2800  loss_heatmap: 0.3841  layer_-1_loss_cls: 0.0947  layer_-1_loss_bbox: 0.3706  matched_ious: 0.3542  aux_depth_loss: 0.4306  sec_per_iter: 0.8471  iters_per_sec: 1.1800  samples_per_sec: 18.8900  samples_per_sec_per_gpu: 4.7200  max_mem_allocated_mb: 666.3000  max_mem_reserved_mb: 22014.0000
2026/05/06 04:27:31 - mmengine - INFO - Epoch(train) [10][1850/5000]  lr: 1.2192e-04  eta: 3:06:15  time: 0.8540  data_time: 0.0152  memory: 17768  grad_norm: 4.5712  loss: 1.2126  loss_heatmap: 0.3388  layer_-1_loss_cls: 0.0881  layer_-1_loss_bbox: 0.3512  matched_ious: 0.2873  aux_depth_loss: 0.4345  sec_per_iter: 0.8487  iters_per_sec: 1.1800  samples_per_sec: 18.8500  samples_per_sec_per_gpu: 4.7100  max_mem_allocated_mb: 666.3000  max_mem_reserved_mb: 22014.0000
2026/05/06 04:28:15 - mmengine - INFO - Epoch(train) [10][1900/5000]  lr: 1.2107e-04  eta: 3:05:33  time: 0.8671  data_time: 0.0181  memory: 18016  grad_norm: 3.6092  loss: 1.2636  loss_heatmap: 0.3725  layer_-1_loss_cls: 0.0993  layer_-1_loss_bbox: 0.3651  matched_ious: 0.2674  aux_depth_loss: 0.4267  sec_per_iter: 0.8489  iters_per_sec: 1.1800  samples_per_sec: 18.8500  samples_per_sec_per_gpu: 4.7100  max_mem_allocated_mb: 666.3000  max_mem_reserved_mb: 22014.0000
2026/05/06 04:28:59 - mmengine - INFO - Epoch(train) [10][1950/5000]  lr: 1.2023e-04  eta: 3:04:51  time: 0.8903  data_time: 0.0141  memory: 17908  grad_norm: 4.3370  loss: 1.2229  loss_heatmap: 0.3654  layer_-1_loss_cls: 0.0925  layer_-1_loss_bbox: 0.3414  matched_ious: 0.2570  aux_depth_loss: 0.4236  sec_per_iter: 0.8493  iters_per_sec: 1.1800  samples_per_sec: 18.8400  samples_per_sec_per_gpu: 4.7100  max_mem_allocated_mb: 666.3000  max_mem_reserved_mb: 22014.0000
2026/05/06 04:29:41 - mmengine - INFO - Exp name: zod_bevfusion_dualinit_20260505_161926
2026/05/06 04:29:41 - mmengine - INFO - Epoch(train) [10][2000/5000]  lr: 1.1940e-04  eta: 3:04:08  time: 0.8330  data_time: 0.0128  memory: 17857  grad_norm: inf  loss: 1.3491  loss_heatmap: 0.3979  layer_-1_loss_cls: 0.1038  layer_-1_loss_bbox: 0.4168  matched_ious: 0.3052  aux_depth_loss: 0.4305  sec_per_iter: 0.8503  iters_per_sec: 1.1800  samples_per_sec: 18.8200  samples_per_sec_per_gpu: 4.7000  max_mem_allocated_mb: 666.3000  max_mem_reserved_mb: 22014.0000
2026/05/06 04:30:24 - mmengine - INFO - Epoch(train) [10][2050/5000]  lr: 1.1856e-04  eta: 3:03:26  time: 0.8692  data_time: 0.0139  memory: 17993  grad_norm: 4.7880  loss: 1.2523  loss_heatmap: 0.3513  layer_-1_loss_cls: 0.0923  layer_-1_loss_bbox: 0.3873  matched_ious: 0.2801  aux_depth_loss: 0.4213  sec_per_iter: 0.8499  iters_per_sec: 1.1800  samples_per_sec: 18.8300  samples_per_sec_per_gpu: 4.7100  max_mem_allocated_mb: 666.3000  max_mem_reserved_mb: 22014.0000
2026/05/06 04:31:12 - mmengine - INFO - Epoch(train) [10][2100/5000]  lr: 1.1773e-04  eta: 3:02:45  time: 0.9504  data_time: 0.0160  memory: 17848  grad_norm: 4.8924  loss: 1.2967  loss_heatmap: 0.3613  layer_-1_loss_cls: 0.0873  layer_-1_loss_bbox: 0.4288  matched_ious: 0.1595  aux_depth_loss: 0.4193  sec_per_iter: 0.8504  iters_per_sec: 1.1800  samples_per_sec: 18.8100  samples_per_sec_per_gpu: 4.7000  max_mem_allocated_mb: 666.3000  max_mem_reserved_mb: 22014.0000
2026/05/06 04:31:54 - mmengine - INFO - Epoch(train) [10][2150/5000]  lr: 1.1689e-04  eta: 3:02:02  time: 0.8315  data_time: 0.0130  memory: 18148  grad_norm: 5.3717  loss: 1.2961  loss_heatmap: 0.4028  layer_-1_loss_cls: 0.0996  layer_-1_loss_bbox: 0.3750  matched_ious: 0.2627  aux_depth_loss: 0.4186  sec_per_iter: 0.8528  iters_per_sec: 1.1700  samples_per_sec: 18.7600  samples_per_sec_per_gpu: 4.6900  max_mem_allocated_mb: 666.3000  max_mem_reserved_mb: 22014.0000
2026/05/06 04:32:35 - mmengine - INFO - Epoch(train) [10][2200/5000]  lr: 1.1606e-04  eta: 3:01:19  time: 0.8320  data_time: 0.0125  memory: 17790  grad_norm: 4.5562  loss: 1.3090  loss_heatmap: 0.4057  layer_-1_loss_cls: 0.1019  layer_-1_loss_bbox: 0.3861  matched_ious: 0.2437  aux_depth_loss: 0.4151  sec_per_iter: 0.8523  iters_per_sec: 1.1700  samples_per_sec: 18.7700  samples_per_sec_per_gpu: 4.6900  max_mem_allocated_mb: 666.3000  max_mem_reserved_mb: 22014.0000
2026/05/06 04:33:18 - mmengine - INFO - Epoch(train) [10][2250/5000]  lr: 1.1524e-04  eta: 3:00:37  time: 0.8609  data_time: 0.0151  memory: 17906  grad_norm: 4.4246  loss: 1.2775  loss_heatmap: 0.3957  layer_-1_loss_cls: 0.1052  layer_-1_loss_bbox: 0.3623  matched_ious: 0.3430  aux_depth_loss: 0.4143  sec_per_iter: 0.8518  iters_per_sec: 1.1700  samples_per_sec: 18.7800  samples_per_sec_per_gpu: 4.7000  max_mem_allocated_mb: 666.3000  max_mem_reserved_mb: 22014.0000
2026/05/06 04:34:04 - mmengine - INFO - Epoch(train) [10][2300/5000]  lr: 1.1441e-04  eta: 2:59:55  time: 0.9149  data_time: 0.0120  memory: 17703  grad_norm: 4.6048  loss: 1.2966  loss_heatmap: 0.3815  layer_-1_loss_cls: 0.0983  layer_-1_loss_bbox: 0.3893  matched_ious: 0.2984  aux_depth_loss: 0.4275  sec_per_iter: 0.8520  iters_per_sec: 1.1700  samples_per_sec: 18.7800  samples_per_sec_per_gpu: 4.6900  max_mem_allocated_mb: 666.3000  max_mem_reserved_mb: 22014.0000
2026/05/06 04:34:47 - mmengine - INFO - Epoch(train) [10][2350/5000]  lr: 1.1359e-04  eta: 2:59:13  time: 0.8570  data_time: 0.0153  memory: 17827  grad_norm: 3.9213  loss: 1.2734  loss_heatmap: 0.3533  layer_-1_loss_cls: 0.0907  layer_-1_loss_bbox: 0.4091  matched_ious: 0.2516  aux_depth_loss: 0.4203  sec_per_iter: 0.8534  iters_per_sec: 1.1700  samples_per_sec: 18.7500  samples_per_sec_per_gpu: 4.6900  max_mem_allocated_mb: 666.3000  max_mem_reserved_mb: 22014.0000
2026/05/06 04:35:27 - mmengine - INFO - Epoch(train) [10][2400/5000]  lr: 1.1276e-04  eta: 2:58:30  time: 0.8132  data_time: 0.0129  memory: 17771  grad_norm: 4.2976  loss: 1.1883  loss_heatmap: 0.3463  layer_-1_loss_cls: 0.0910  layer_-1_loss_bbox: 0.3382  matched_ious: 0.2891  aux_depth_loss: 0.4128  sec_per_iter: 0.8535  iters_per_sec: 1.1700  samples_per_sec: 18.7500  samples_per_sec_per_gpu: 4.6900  max_mem_allocated_mb: 666.3000  max_mem_reserved_mb: 22014.0000
2026/05/06 04:36:09 - mmengine - INFO - Epoch(train) [10][2450/5000]  lr: 1.1195e-04  eta: 2:57:47  time: 0.8407  data_time: 0.0129  memory: 17875  grad_norm: 6.1593  loss: 1.3260  loss_heatmap: 0.3952  layer_-1_loss_cls: 0.0978  layer_-1_loss_bbox: 0.3990  matched_ious: 0.2892  aux_depth_loss: 0.4340  sec_per_iter: 0.8526  iters_per_sec: 1.1700  samples_per_sec: 18.7700  samples_per_sec_per_gpu: 4.6900  max_mem_allocated_mb: 666.3000  max_mem_reserved_mb: 22014.0000
2026/05/06 04:36:51 - mmengine - INFO - Epoch(train) [10][2500/5000]  lr: 1.1113e-04  eta: 2:57:04  time: 0.8317  data_time: 0.0151  memory: 17763  grad_norm: 8.3136  loss: 1.2797  loss_heatmap: 0.3671  layer_-1_loss_cls: 0.0926  layer_-1_loss_bbox: 0.3738  matched_ious: 0.3440  aux_depth_loss: 0.4462  sec_per_iter: 0.8524  iters_per_sec: 1.1700  samples_per_sec: 18.7700  samples_per_sec_per_gpu: 4.6900  max_mem_allocated_mb: 666.3000  max_mem_reserved_mb: 22014.0000
2026/05/06 04:37:32 - mmengine - INFO - Epoch(train) [10][2550/5000]  lr: 1.1031e-04  eta: 2:56:21  time: 0.8169  data_time: 0.0135  memory: 17770  grad_norm: 6.5557  loss: 1.4638  loss_heatmap: 0.4536  layer_-1_loss_cls: 0.1101  layer_-1_loss_bbox: 0.4775  matched_ious: 0.1724  aux_depth_loss: 0.4226  sec_per_iter: 0.8520  iters_per_sec: 1.1700  samples_per_sec: 18.7800  samples_per_sec_per_gpu: 4.6900  max_mem_allocated_mb: 666.3000  max_mem_reserved_mb: 22014.0000
2026/05/06 04:38:13 - mmengine - INFO - Epoch(train) [10][2600/5000]  lr: 1.0950e-04  eta: 2:55:38  time: 0.8174  data_time: 0.0130  memory: 17980  grad_norm: 4.4587  loss: 1.2956  loss_heatmap: 0.4148  layer_-1_loss_cls: 0.1072  layer_-1_loss_bbox: 0.3429  matched_ious: 0.2424  aux_depth_loss: 0.4307  sec_per_iter: 0.8513  iters_per_sec: 1.1700  samples_per_sec: 18.8000  samples_per_sec_per_gpu: 4.7000  max_mem_allocated_mb: 666.3000  max_mem_reserved_mb: 22014.0000
2026/05/06 04:38:55 - mmengine - INFO - Epoch(train) [10][2650/5000]  lr: 1.0869e-04  eta: 2:54:56  time: 0.8437  data_time: 0.0155  memory: 17814  grad_norm: 4.7624  loss: 1.3169  loss_heatmap: 0.4111  layer_-1_loss_cls: 0.0993  layer_-1_loss_bbox: 0.3806  matched_ious: 0.3482  aux_depth_loss: 0.4259  sec_per_iter: 0.8506  iters_per_sec: 1.1800  samples_per_sec: 18.8100  samples_per_sec_per_gpu: 4.7000  max_mem_allocated_mb: 666.3000  max_mem_reserved_mb: 22014.0000
2026/05/06 04:39:36 - mmengine - INFO - Epoch(train) [10][2700/5000]  lr: 1.0788e-04  eta: 2:54:13  time: 0.8209  data_time: 0.0147  memory: 18020  grad_norm: 4.6806  loss: 1.2292  loss_heatmap: 0.3426  layer_-1_loss_cls: 0.0878  layer_-1_loss_bbox: 0.3650  matched_ious: 0.2310  aux_depth_loss: 0.4339  sec_per_iter: 0.8505  iters_per_sec: 1.1800  samples_per_sec: 18.8100  samples_per_sec_per_gpu: 4.7000  max_mem_allocated_mb: 666.3000  max_mem_reserved_mb: 22014.0000
2026/05/06 04:40:17 - mmengine - INFO - Epoch(train) [10][2750/5000]  lr: 1.0707e-04  eta: 2:53:30  time: 0.8237  data_time: 0.0155  memory: 17881  grad_norm: 4.9336  loss: 1.3582  loss_heatmap: 0.4261  layer_-1_loss_cls: 0.1175  layer_-1_loss_bbox: 0.3783  matched_ious: 0.1870  aux_depth_loss: 0.4363  sec_per_iter: 0.8500  iters_per_sec: 1.1800  samples_per_sec: 18.8200  samples_per_sec_per_gpu: 4.7100  max_mem_allocated_mb: 666.3000  max_mem_reserved_mb: 22014.0000
2026/05/06 04:40:59 - mmengine - INFO - Epoch(train) [10][2800/5000]  lr: 1.0627e-04  eta: 2:52:48  time: 0.8373  data_time: 0.0159  memory: 17717  grad_norm: 4.0897  loss: 1.2402  loss_heatmap: 0.3554  layer_-1_loss_cls: 0.0978  layer_-1_loss_bbox: 0.3679  matched_ious: 0.2534  aux_depth_loss: 0.4191  sec_per_iter: 0.8495  iters_per_sec: 1.1800  samples_per_sec: 18.8300  samples_per_sec_per_gpu: 4.7100  max_mem_allocated_mb: 666.3000  max_mem_reserved_mb: 22014.0000
2026/05/06 04:41:39 - mmengine - INFO - Epoch(train) [10][2850/5000]  lr: 1.0547e-04  eta: 2:52:04  time: 0.8006  data_time: 0.0134  memory: 17864  grad_norm: 5.0303  loss: 1.2448  loss_heatmap: 0.3641  layer_-1_loss_cls: 0.0871  layer_-1_loss_bbox: 0.3664  matched_ious: 0.2078  aux_depth_loss: 0.4272  sec_per_iter: 0.8493  iters_per_sec: 1.1800  samples_per_sec: 18.8400  samples_per_sec_per_gpu: 4.7100  max_mem_allocated_mb: 666.3000  max_mem_reserved_mb: 22014.0000
2026/05/06 04:42:21 - mmengine - INFO - Epoch(train) [10][2900/5000]  lr: 1.0467e-04  eta: 2:51:22  time: 0.8336  data_time: 0.0126  memory: 17880  grad_norm: 4.9122  loss: 1.1934  loss_heatmap: 0.3548  layer_-1_loss_cls: 0.0936  layer_-1_loss_bbox: 0.3163  matched_ious: 0.3251  aux_depth_loss: 0.4287  sec_per_iter: 0.8484  iters_per_sec: 1.1800  samples_per_sec: 18.8600  samples_per_sec_per_gpu: 4.7100  max_mem_allocated_mb: 666.3000  max_mem_reserved_mb: 22014.0000
2026/05/06 04:43:01 - mmengine - INFO - Epoch(train) [10][2950/5000]  lr: 1.0387e-04  eta: 2:50:39  time: 0.8115  data_time: 0.0121  memory: 17751  grad_norm: 5.6308  loss: 1.1748  loss_heatmap: 0.3251  layer_-1_loss_cls: 0.0835  layer_-1_loss_bbox: 0.3388  matched_ious: 0.2723  aux_depth_loss: 0.4274  sec_per_iter: 0.8482  iters_per_sec: 1.1800  samples_per_sec: 18.8600  samples_per_sec_per_gpu: 4.7200  max_mem_allocated_mb: 666.3000  max_mem_reserved_mb: 22014.0000
2026/05/06 04:43:41 - mmengine - INFO - Exp name: zod_bevfusion_dualinit_20260505_161926
2026/05/06 04:43:41 - mmengine - INFO - Epoch(train) [10][3000/5000]  lr: 1.0307e-04  eta: 2:49:56  time: 0.8007  data_time: 0.0191  memory: 17900  grad_norm: 6.8212  loss: 1.2415  loss_heatmap: 0.3770  layer_-1_loss_cls: 0.1059  layer_-1_loss_bbox: 0.3300  matched_ious: 0.2808  aux_depth_loss: 0.4286  sec_per_iter: 0.8476  iters_per_sec: 1.1800  samples_per_sec: 18.8800  samples_per_sec_per_gpu: 4.7200  max_mem_allocated_mb: 666.3000  max_mem_reserved_mb: 22014.0000
2026/05/06 04:44:20 - mmengine - INFO - Epoch(train) [10][3050/5000]  lr: 1.0228e-04  eta: 2:49:12  time: 0.7729  data_time: 0.0136  memory: 17799  grad_norm: 5.1007  loss: 1.2674  loss_heatmap: 0.3706  layer_-1_loss_cls: 0.0903  layer_-1_loss_bbox: 0.3891  matched_ious: 0.2836  aux_depth_loss: 0.4173  sec_per_iter: 0.8468  iters_per_sec: 1.1800  samples_per_sec: 18.9000  samples_per_sec_per_gpu: 4.7200  max_mem_allocated_mb: 666.3000  max_mem_reserved_mb: 22014.0000
2026/05/06 04:45:02 - mmengine - INFO - Epoch(train) [10][3100/5000]  lr: 1.0149e-04  eta: 2:48:30  time: 0.8399  data_time: 0.0141  memory: 17879  grad_norm: 6.3628  loss: 1.1640  loss_heatmap: 0.3293  layer_-1_loss_cls: 0.0871  layer_-1_loss_bbox: 0.3259  matched_ious: 0.3123  aux_depth_loss: 0.4218  sec_per_iter: 0.8456  iters_per_sec: 1.1800  samples_per_sec: 18.9200  samples_per_sec_per_gpu: 4.7300  max_mem_allocated_mb: 666.3000  max_mem_reserved_mb: 22014.0000
2026/05/06 04:45:45 - mmengine - INFO - Epoch(train) [10][3150/5000]  lr: 1.0070e-04  eta: 2:47:47  time: 0.8658  data_time: 0.0128  memory: 17722  grad_norm: 8.9800  loss: 1.2572  loss_heatmap: 0.3824  layer_-1_loss_cls: 0.0971  layer_-1_loss_bbox: 0.3588  matched_ious: 0.3137  aux_depth_loss: 0.4188  sec_per_iter: 0.8455  iters_per_sec: 1.1800  samples_per_sec: 18.9200  samples_per_sec_per_gpu: 4.7300  max_mem_allocated_mb: 666.3000  max_mem_reserved_mb: 22014.0000
2026/05/06 04:46:28 - mmengine - INFO - Epoch(train) [10][3200/5000]  lr: 9.9915e-05  eta: 2:47:05  time: 0.8481  data_time: 0.0143  memory: 17908  grad_norm: 4.4365  loss: 1.3699  loss_heatmap: 0.3993  layer_-1_loss_cls: 0.0964  layer_-1_loss_bbox: 0.4549  matched_ious: 0.2458  aux_depth_loss: 0.4194  sec_per_iter: 0.8458  iters_per_sec: 1.1800  samples_per_sec: 18.9200  samples_per_sec_per_gpu: 4.7300  max_mem_allocated_mb: 666.3000  max_mem_reserved_mb: 22014.0000
2026/05/06 04:47:10 - mmengine - INFO - Epoch(train) [10][3250/5000]  lr: 9.9131e-05  eta: 2:46:22  time: 0.8486  data_time: 0.0166  memory: 17796  grad_norm: inf  loss: 1.2673  loss_heatmap: 0.4013  layer_-1_loss_cls: 0.1118  layer_-1_loss_bbox: 0.3292  matched_ious: 0.2478  aux_depth_loss: 0.4250  sec_per_iter: 0.8458  iters_per_sec: 1.1800  samples_per_sec: 18.9200  samples_per_sec_per_gpu: 4.7300  max_mem_allocated_mb: 666.3000  max_mem_reserved_mb: 22014.0000
2026/05/06 04:47:53 - mmengine - INFO - Epoch(train) [10][3300/5000]  lr: 9.8349e-05  eta: 2:45:40  time: 0.8638  data_time: 0.0136  memory: 17773  grad_norm: 4.6999  loss: 1.2077  loss_heatmap: 0.3595  layer_-1_loss_cls: 0.0906  layer_-1_loss_bbox: 0.3380  matched_ious: 0.4329  aux_depth_loss: 0.4196  sec_per_iter: 0.8459  iters_per_sec: 1.1800  samples_per_sec: 18.9200  samples_per_sec_per_gpu: 4.7300  max_mem_allocated_mb: 666.3000  max_mem_reserved_mb: 22014.0000
2026/05/06 04:48:35 - mmengine - INFO - Epoch(train) [10][3350/5000]  lr: 9.7570e-05  eta: 2:44:57  time: 0.8421  data_time: 0.0140  memory: 18022  grad_norm: 3.9490  loss: 1.1683  loss_heatmap: 0.3394  layer_-1_loss_cls: 0.0931  layer_-1_loss_bbox: 0.3231  matched_ious: 0.2161  aux_depth_loss: 0.4127  sec_per_iter: 0.8461  iters_per_sec: 1.1800  samples_per_sec: 18.9100  samples_per_sec_per_gpu: 4.7300  max_mem_allocated_mb: 666.3000  max_mem_reserved_mb: 22014.0000
2026/05/06 04:49:18 - mmengine - INFO - Epoch(train) [10][3400/5000]  lr: 9.6793e-05  eta: 2:44:15  time: 0.8501  data_time: 0.0153  memory: 17815  grad_norm: 4.9527  loss: 1.2701  loss_heatmap: 0.3561  layer_-1_loss_cls: 0.0896  layer_-1_loss_bbox: 0.3923  matched_ious: 0.3603  aux_depth_loss: 0.4320  sec_per_iter: 0.8461  iters_per_sec: 1.1800  samples_per_sec: 18.9100  samples_per_sec_per_gpu: 4.7300  max_mem_allocated_mb: 666.3000  max_mem_reserved_mb: 22014.0000
2026/05/06 04:50:01 - mmengine - INFO - Epoch(train) [10][3450/5000]  lr: 9.6018e-05  eta: 2:43:33  time: 0.8637  data_time: 0.0162  memory: 17695  grad_norm: 6.9127  loss: 1.3011  loss_heatmap: 0.3801  layer_-1_loss_cls: 0.1004  layer_-1_loss_bbox: 0.3958  matched_ious: 0.2832  aux_depth_loss: 0.4249  sec_per_iter: 0.8461  iters_per_sec: 1.1800  samples_per_sec: 18.9100  samples_per_sec_per_gpu: 4.7300  max_mem_allocated_mb: 666.3000  max_mem_reserved_mb: 22014.0000
2026/05/06 04:50:45 - mmengine - INFO - Epoch(train) [10][3500/5000]  lr: 9.5246e-05  eta: 2:42:50  time: 0.8697  data_time: 0.0131  memory: 17883  grad_norm: 6.1056  loss: 1.1681  loss_heatmap: 0.3387  layer_-1_loss_cls: 0.0877  layer_-1_loss_bbox: 0.3193  matched_ious: 0.2606  aux_depth_loss: 0.4224  sec_per_iter: 0.8464  iters_per_sec: 1.1800  samples_per_sec: 18.9000  samples_per_sec_per_gpu: 4.7300  max_mem_allocated_mb: 666.3000  max_mem_reserved_mb: 22014.0000
2026/05/06 04:51:26 - mmengine - INFO - Epoch(train) [10][3550/5000]  lr: 9.4476e-05  eta: 2:42:08  time: 0.8247  data_time: 0.0139  memory: 17921  grad_norm: 6.2424  loss: 1.2659  loss_heatmap: 0.3739  layer_-1_loss_cls: 0.0978  layer_-1_loss_bbox: 0.3685  matched_ious: 0.3186  aux_depth_loss: 0.4257  sec_per_iter: 0.8467  iters_per_sec: 1.1800  samples_per_sec: 18.9000  samples_per_sec_per_gpu: 4.7200  max_mem_allocated_mb: 666.3000  max_mem_reserved_mb: 22014.0000
2026/05/06 04:52:07 - mmengine - INFO - Epoch(train) [10][3600/5000]  lr: 9.3709e-05  eta: 2:41:25  time: 0.8311  data_time: 0.0163  memory: 17759  grad_norm: 5.9826  loss: 1.2740  loss_heatmap: 0.3744  layer_-1_loss_cls: 0.0991  layer_-1_loss_bbox: 0.3734  matched_ious: 0.4205  aux_depth_loss: 0.4270  sec_per_iter: 0.8464  iters_per_sec: 1.1800  samples_per_sec: 18.9000  samples_per_sec_per_gpu: 4.7300  max_mem_allocated_mb: 666.3000  max_mem_reserved_mb: 22014.0000
2026/05/06 04:52:49 - mmengine - INFO - Epoch(train) [10][3650/5000]  lr: 9.2944e-05  eta: 2:40:42  time: 0.8218  data_time: 0.0157  memory: 17792  grad_norm: 4.2464  loss: 1.2281  loss_heatmap: 0.3719  layer_-1_loss_cls: 0.0946  layer_-1_loss_bbox: 0.3390  matched_ious: 0.2824  aux_depth_loss: 0.4226  sec_per_iter: 0.8462  iters_per_sec: 1.1800  samples_per_sec: 18.9100  samples_per_sec_per_gpu: 4.7300  max_mem_allocated_mb: 666.3000  max_mem_reserved_mb: 22014.0000
2026/05/06 04:53:30 - mmengine - INFO - Epoch(train) [10][3700/5000]  lr: 9.2181e-05  eta: 2:39:59  time: 0.8348  data_time: 0.0153  memory: 18003  grad_norm: 4.6238  loss: 1.3084  loss_heatmap: 0.3659  layer_-1_loss_cls: 0.0941  layer_-1_loss_bbox: 0.4211  matched_ious: 0.3789  aux_depth_loss: 0.4274  sec_per_iter: 0.8459  iters_per_sec: 1.1800  samples_per_sec: 18.9200  samples_per_sec_per_gpu: 4.7300  max_mem_allocated_mb: 666.3000  max_mem_reserved_mb: 22014.0000
2026/05/06 04:54:12 - mmengine - INFO - Epoch(train) [10][3750/5000]  lr: 9.1421e-05  eta: 2:39:17  time: 0.8358  data_time: 0.0128  memory: 17728  grad_norm: 4.2467  loss: 1.1777  loss_heatmap: 0.3396  layer_-1_loss_cls: 0.0880  layer_-1_loss_bbox: 0.3314  matched_ious: 0.1722  aux_depth_loss: 0.4186  sec_per_iter: 0.8457  iters_per_sec: 1.1800  samples_per_sec: 18.9200  samples_per_sec_per_gpu: 4.7300  max_mem_allocated_mb: 666.3000  max_mem_reserved_mb: 22014.0000
2026/05/06 04:54:54 - mmengine - INFO - Epoch(train) [10][3800/5000]  lr: 9.0663e-05  eta: 2:38:34  time: 0.8323  data_time: 0.0131  memory: 17886  grad_norm: 4.7196  loss: 1.2251  loss_heatmap: 0.3746  layer_-1_loss_cls: 0.0974  layer_-1_loss_bbox: 0.3326  matched_ious: 0.3713  aux_depth_loss: 0.4205  sec_per_iter: 0.8456  iters_per_sec: 1.1800  samples_per_sec: 18.9200  samples_per_sec_per_gpu: 4.7300  max_mem_allocated_mb: 666.3000  max_mem_reserved_mb: 22014.0000
2026/05/06 04:55:36 - mmengine - INFO - Epoch(train) [10][3850/5000]  lr: 8.9908e-05  eta: 2:37:52  time: 0.8407  data_time: 0.0136  memory: 17783  grad_norm: 5.7525  loss: 1.2403  loss_heatmap: 0.3697  layer_-1_loss_cls: 0.0942  layer_-1_loss_bbox: 0.3443  matched_ious: 0.2525  aux_depth_loss: 0.4322  sec_per_iter: 0.8454  iters_per_sec: 1.1800  samples_per_sec: 18.9300  samples_per_sec_per_gpu: 4.7300  max_mem_allocated_mb: 666.3000  max_mem_reserved_mb: 22014.0000
2026/05/06 04:56:20 - mmengine - INFO - Epoch(train) [10][3900/5000]  lr: 8.9155e-05  eta: 2:37:09  time: 0.8790  data_time: 0.0151  memory: 17844  grad_norm: 4.9165  loss: 1.2343  loss_heatmap: 0.3590  layer_-1_loss_cls: 0.0944  layer_-1_loss_bbox: 0.3674  matched_ious: 0.2350  aux_depth_loss: 0.4135  sec_per_iter: 0.8454  iters_per_sec: 1.1800  samples_per_sec: 18.9300  samples_per_sec_per_gpu: 4.7300  max_mem_allocated_mb: 666.3000  max_mem_reserved_mb: 22014.0000
2026/05/06 04:57:06 - mmengine - INFO - Epoch(train) [10][3950/5000]  lr: 8.8405e-05  eta: 2:36:28  time: 0.9172  data_time: 0.0152  memory: 17768  grad_norm: 4.6157  loss: 1.2724  loss_heatmap: 0.3806  layer_-1_loss_cls: 0.1023  layer_-1_loss_bbox: 0.3721  matched_ious: 0.2045  aux_depth_loss: 0.4173  sec_per_iter: 0.8458  iters_per_sec: 1.1800  samples_per_sec: 18.9200  samples_per_sec_per_gpu: 4.7300  max_mem_allocated_mb: 666.3000  max_mem_reserved_mb: 22014.0000
2026/05/06 04:57:51 - mmengine - INFO - Exp name: zod_bevfusion_dualinit_20260505_161926
2026/05/06 04:57:51 - mmengine - INFO - Epoch(train) [10][4000/5000]  lr: 8.7657e-05  eta: 2:35:46  time: 0.9057  data_time: 0.0179  memory: 17981  grad_norm: 6.3340  loss: 1.2318  loss_heatmap: 0.3589  layer_-1_loss_cls: 0.0955  layer_-1_loss_bbox: 0.3590  matched_ious: 0.2469  aux_depth_loss: 0.4184  sec_per_iter: 0.8467  iters_per_sec: 1.1800  samples_per_sec: 18.9000  samples_per_sec_per_gpu: 4.7200  max_mem_allocated_mb: 666.3000  max_mem_reserved_mb: 22014.0000
2026/05/06 04:58:32 - mmengine - INFO - Epoch(train) [10][4050/5000]  lr: 8.6912e-05  eta: 2:35:03  time: 0.8133  data_time: 0.0156  memory: 17805  grad_norm: 5.4441  loss: 1.1470  loss_heatmap: 0.3244  layer_-1_loss_cls: 0.0794  layer_-1_loss_bbox: 0.3300  matched_ious: 0.3421  aux_depth_loss: 0.4131  sec_per_iter: 0.8474  iters_per_sec: 1.1800  samples_per_sec: 18.8800  samples_per_sec_per_gpu: 4.7200  max_mem_allocated_mb: 666.3000  max_mem_reserved_mb: 22014.0000
2026/05/06 04:59:16 - mmengine - INFO - Epoch(train) [10][4100/5000]  lr: 8.6169e-05  eta: 2:34:21  time: 0.8895  data_time: 0.0132  memory: 17702  grad_norm: 5.1415  loss: 1.2629  loss_heatmap: 0.3864  layer_-1_loss_cls: 0.0938  layer_-1_loss_bbox: 0.3697  matched_ious: 0.2624  aux_depth_loss: 0.4130  sec_per_iter: 0.8470  iters_per_sec: 1.1800  samples_per_sec: 18.8900  samples_per_sec_per_gpu: 4.7200  max_mem_allocated_mb: 666.3000  max_mem_reserved_mb: 22014.0000
2026/05/06 05:00:00 - mmengine - INFO - Epoch(train) [10][4150/5000]  lr: 8.5429e-05  eta: 2:33:39  time: 0.8705  data_time: 0.0150  memory: 17792  grad_norm: 4.9293  loss: 1.2787  loss_heatmap: 0.3903  layer_-1_loss_cls: 0.1053  layer_-1_loss_bbox: 0.3613  matched_ious: 0.2701  aux_depth_loss: 0.4218  sec_per_iter: 0.8475  iters_per_sec: 1.1800  samples_per_sec: 18.8800  samples_per_sec_per_gpu: 4.7200  max_mem_allocated_mb: 666.3000  max_mem_reserved_mb: 22014.0000
2026/05/06 05:00:44 - mmengine - INFO - Epoch(train) [10][4200/5000]  lr: 8.4691e-05  eta: 2:32:57  time: 0.8912  data_time: 0.0134  memory: 17829  grad_norm: 6.2515  loss: 1.3893  loss_heatmap: 0.4032  layer_-1_loss_cls: 0.0975  layer_-1_loss_bbox: 0.4524  matched_ious: 0.3343  aux_depth_loss: 0.4363  sec_per_iter: 0.8478  iters_per_sec: 1.1800  samples_per_sec: 18.8700  samples_per_sec_per_gpu: 4.7200  max_mem_allocated_mb: 666.3000  max_mem_reserved_mb: 22014.0000
2026/05/06 05:01:27 - mmengine - INFO - Epoch(train) [10][4250/5000]  lr: 8.3956e-05  eta: 2:32:14  time: 0.8660  data_time: 0.0136  memory: 17776  grad_norm: 5.5300  loss: 1.2071  loss_heatmap: 0.3652  layer_-1_loss_cls: 0.0937  layer_-1_loss_bbox: 0.3375  matched_ious: 0.3591  aux_depth_loss: 0.4107  sec_per_iter: 0.8483  iters_per_sec: 1.1800  samples_per_sec: 18.8600  samples_per_sec_per_gpu: 4.7200  max_mem_allocated_mb: 666.3000  max_mem_reserved_mb: 22014.0000
2026/05/06 05:02:11 - mmengine - INFO - Epoch(train) [10][4300/5000]  lr: 8.3223e-05  eta: 2:31:32  time: 0.8668  data_time: 0.0134  memory: 17793  grad_norm: 7.2582  loss: 1.2466  loss_heatmap: 0.3787  layer_-1_loss_cls: 0.0999  layer_-1_loss_bbox: 0.3517  matched_ious: 0.3766  aux_depth_loss: 0.4163  sec_per_iter: 0.8485  iters_per_sec: 1.1800  samples_per_sec: 18.8600  samples_per_sec_per_gpu: 4.7100  max_mem_allocated_mb: 666.3000  max_mem_reserved_mb: 22014.0000
2026/05/06 05:02:52 - mmengine - INFO - Epoch(train) [10][4350/5000]  lr: 8.2493e-05  eta: 2:30:49  time: 0.8255  data_time: 0.0125  memory: 17901  grad_norm: 8.3871  loss: 1.2874  loss_heatmap: 0.3928  layer_-1_loss_cls: 0.1009  layer_-1_loss_bbox: 0.3738  matched_ious: 0.2843  aux_depth_loss: 0.4199  sec_per_iter: 0.8487  iters_per_sec: 1.1800  samples_per_sec: 18.8500  samples_per_sec_per_gpu: 4.7100  max_mem_allocated_mb: 666.3000  max_mem_reserved_mb: 22014.0000
2026/05/06 05:03:36 - mmengine - INFO - Epoch(train) [10][4400/5000]  lr: 8.1766e-05  eta: 2:30:07  time: 0.8716  data_time: 0.0138  memory: 17994  grad_norm: 6.0252  loss: 1.2460  loss_heatmap: 0.3531  layer_-1_loss_cls: 0.0919  layer_-1_loss_bbox: 0.3846  matched_ious: 0.3479  aux_depth_loss: 0.4164  sec_per_iter: 0.8485  iters_per_sec: 1.1800  samples_per_sec: 18.8600  samples_per_sec_per_gpu: 4.7100  max_mem_allocated_mb: 666.3000  max_mem_reserved_mb: 22014.0000
2026/05/06 05:04:16 - mmengine - INFO - Epoch(train) [10][4450/5000]  lr: 8.1041e-05  eta: 2:29:24  time: 0.8051  data_time: 0.0137  memory: 17826  grad_norm: 4.7082  loss: 1.1824  loss_heatmap: 0.3412  layer_-1_loss_cls: 0.0867  layer_-1_loss_bbox: 0.3381  matched_ious: 0.3634  aux_depth_loss: 0.4164  sec_per_iter: 0.8487  iters_per_sec: 1.1800  samples_per_sec: 18.8500  samples_per_sec_per_gpu: 4.7100  max_mem_allocated_mb: 666.3000  max_mem_reserved_mb: 22014.0000
2026/05/06 05:04:56 - mmengine - INFO - Epoch(train) [10][4500/5000]  lr: 8.0318e-05  eta: 2:28:41  time: 0.8088  data_time: 0.0136  memory: 17842  grad_norm: 4.9535  loss: 1.2875  loss_heatmap: 0.3826  layer_-1_loss_cls: 0.0953  layer_-1_loss_bbox: 0.3935  matched_ious: 0.3841  aux_depth_loss: 0.4161  sec_per_iter: 0.8483  iters_per_sec: 1.1800  samples_per_sec: 18.8600  samples_per_sec_per_gpu: 4.7200  max_mem_allocated_mb: 666.3000  max_mem_reserved_mb: 22014.0000
2026/05/06 05:05:38 - mmengine - INFO - Epoch(train) [10][4550/5000]  lr: 7.9599e-05  eta: 2:27:59  time: 0.8342  data_time: 0.0144  memory: 17833  grad_norm: 4.4371  loss: 1.2274  loss_heatmap: 0.3731  layer_-1_loss_cls: 0.0937  layer_-1_loss_bbox: 0.3469  matched_ious: 0.0780  aux_depth_loss: 0.4138  sec_per_iter: 0.8478  iters_per_sec: 1.1800  samples_per_sec: 18.8700  samples_per_sec_per_gpu: 4.7200  max_mem_allocated_mb: 666.3000  max_mem_reserved_mb: 22014.0000
2026/05/06 05:06:18 - mmengine - INFO - Epoch(train) [10][4600/5000]  lr: 7.8882e-05  eta: 2:27:16  time: 0.8056  data_time: 0.0164  memory: 17888  grad_norm: 4.9382  loss: 1.2844  loss_heatmap: 0.3761  layer_-1_loss_cls: 0.0958  layer_-1_loss_bbox: 0.3944  matched_ious: 0.3103  aux_depth_loss: 0.4181  sec_per_iter: 0.8477  iters_per_sec: 1.1800  samples_per_sec: 18.8700  samples_per_sec_per_gpu: 4.7200  max_mem_allocated_mb: 666.3000  max_mem_reserved_mb: 22014.0000
2026/05/06 05:07:03 - mmengine - INFO - Epoch(train) [10][4650/5000]  lr: 7.8167e-05  eta: 2:26:33  time: 0.8864  data_time: 0.0150  memory: 17813  grad_norm: 5.8829  loss: 1.3744  loss_heatmap: 0.4149  layer_-1_loss_cls: 0.1002  layer_-1_loss_bbox: 0.4364  matched_ious: 0.3337  aux_depth_loss: 0.4230  sec_per_iter: 0.8472  iters_per_sec: 1.1800  samples_per_sec: 18.8900  samples_per_sec_per_gpu: 4.7200  max_mem_allocated_mb: 666.3000  max_mem_reserved_mb: 22014.0000
2026/05/06 05:07:43 - mmengine - INFO - Epoch(train) [10][4700/5000]  lr: 7.7456e-05  eta: 2:25:51  time: 0.8029  data_time: 0.0129  memory: 17828  grad_norm: 6.5069  loss: 1.4110  loss_heatmap: 0.4152  layer_-1_loss_cls: 0.0967  layer_-1_loss_bbox: 0.4648  matched_ious: 0.3020  aux_depth_loss: 0.4342  sec_per_iter: 0.8476  iters_per_sec: 1.1800  samples_per_sec: 18.8800  samples_per_sec_per_gpu: 4.7200  max_mem_allocated_mb: 666.3000  max_mem_reserved_mb: 22014.0000
2026/05/06 05:08:24 - mmengine - INFO - Epoch(train) [10][4750/5000]  lr: 7.6747e-05  eta: 2:25:08  time: 0.8153  data_time: 0.0144  memory: 17829  grad_norm: 6.4523  loss: 1.2387  loss_heatmap: 0.3850  layer_-1_loss_cls: 0.0998  layer_-1_loss_bbox: 0.3396  matched_ious: 0.1718  aux_depth_loss: 0.4144  sec_per_iter: 0.8472  iters_per_sec: 1.1800  samples_per_sec: 18.8900  samples_per_sec_per_gpu: 4.7200  max_mem_allocated_mb: 666.3000  max_mem_reserved_mb: 22014.0000
2026/05/06 05:09:04 - mmengine - INFO - Epoch(train) [10][4800/5000]  lr: 7.6040e-05  eta: 2:24:25  time: 0.8148  data_time: 0.0125  memory: 17835  grad_norm: 5.2009  loss: 1.2110  loss_heatmap: 0.3527  layer_-1_loss_cls: 0.0932  layer_-1_loss_bbox: 0.3430  matched_ious: 0.4103  aux_depth_loss: 0.4220  sec_per_iter: 0.8468  iters_per_sec: 1.1800  samples_per_sec: 18.8900  samples_per_sec_per_gpu: 4.7200  max_mem_allocated_mb: 666.3000  max_mem_reserved_mb: 22014.0000
2026/05/06 05:09:43 - mmengine - INFO - Epoch(train) [10][4850/5000]  lr: 7.5336e-05  eta: 2:23:42  time: 0.7807  data_time: 0.0129  memory: 17935  grad_norm: 6.7829  loss: 1.2055  loss_heatmap: 0.3531  layer_-1_loss_cls: 0.0938  layer_-1_loss_bbox: 0.3382  matched_ious: 0.2599  aux_depth_loss: 0.4205  sec_per_iter: 0.8465  iters_per_sec: 1.1800  samples_per_sec: 18.9000  samples_per_sec_per_gpu: 4.7300  max_mem_allocated_mb: 666.3000  max_mem_reserved_mb: 22014.0000
2026/05/06 05:10:27 - mmengine - INFO - Epoch(train) [10][4900/5000]  lr: 7.4635e-05  eta: 2:22:59  time: 0.8644  data_time: 0.0161  memory: 17773  grad_norm: 6.8205  loss: 1.2749  loss_heatmap: 0.3717  layer_-1_loss_cls: 0.0884  layer_-1_loss_bbox: 0.4033  matched_ious: 0.2423  aux_depth_loss: 0.4114  sec_per_iter: 0.8458  iters_per_sec: 1.1800  samples_per_sec: 18.9200  samples_per_sec_per_gpu: 4.7300  max_mem_allocated_mb: 666.3000  max_mem_reserved_mb: 22014.0000
2026/05/06 05:11:07 - mmengine - INFO - Epoch(train) [10][4950/5000]  lr: 7.3937e-05  eta: 2:22:17  time: 0.8183  data_time: 0.0138  memory: 17792  grad_norm: 5.7963  loss: 1.2180  loss_heatmap: 0.3692  layer_-1_loss_cls: 0.0914  layer_-1_loss_bbox: 0.3393  matched_ious: 0.2473  aux_depth_loss: 0.4180  sec_per_iter: 0.8460  iters_per_sec: 1.1800  samples_per_sec: 18.9100  samples_per_sec_per_gpu: 4.7300  max_mem_allocated_mb: 666.3000  max_mem_reserved_mb: 22014.0000
2026/05/06 05:11:48 - mmengine - INFO - Exp name: zod_bevfusion_dualinit_20260505_161926
2026/05/06 05:11:48 - mmengine - INFO - Epoch(train) [10][5000/5000]  lr: 7.3241e-05  eta: 2:21:34  time: 0.8050  data_time: 0.0148  memory: 18004  grad_norm: 5.5588  loss: 1.2271  loss_heatmap: 0.3445  layer_-1_loss_cls: 0.0891  layer_-1_loss_bbox: 0.3791  matched_ious: 0.2957  aux_depth_loss: 0.4144  sec_per_iter: 0.8457  iters_per_sec: 1.1800  samples_per_sec: 18.9200  samples_per_sec_per_gpu: 4.7300  max_mem_allocated_mb: 666.3000  max_mem_reserved_mb: 22014.0000
2026/05/06 05:11:48 - mmengine - INFO - [Efficiency] Epoch 10: wall=4226.6s  iters=5000  sec/iter=0.845  mem_alloc=666MB  mem_rsv=22014MB
2026/05/06 05:11:49 - mmengine - INFO - Saved /home/users/u103958/projects/multimodal-MoE/outputs/runs/zod_bevfusion_dualinit/bevfusion-dualinit_4543552/visualizations/bev_before_backbone_epoch_10.png
2026/05/06 05:11:49 - mmengine - INFO - Saved /home/users/u103958/projects/multimodal-MoE/outputs/runs/zod_bevfusion_dualinit/bevfusion-dualinit_4543552/visualizations/bev_after_fpn_epoch_10.png
2026/05/06 05:11:50 - mmengine - INFO - Saved /home/users/u103958/projects/multimodal-MoE/outputs/runs/zod_bevfusion_dualinit/bevfusion-dualinit_4543552/visualizations/bev_pred_vs_gt_epoch_10.png  (GT=16, pred=13, max_score=0.733)
2026/05/06 05:11:51 - mmengine - INFO - Saved /home/users/u103958/projects/multimodal-MoE/outputs/runs/zod_bevfusion_dualinit/bevfusion-dualinit_4543552/visualizations/bev_val_pred_vs_gt_epoch_10.png  (GT=25, pred=22, max_score=0.752)
2026/05/06 05:11:51 - mmengine - INFO - Saved /home/users/u103958/projects/multimodal-MoE/outputs/runs/zod_bevfusion_dualinit/bevfusion-dualinit_4543552/visualizations/camera_bev_features_epoch_10.png
2026/05/06 05:11:52 - mmengine - INFO - Saved /home/users/u103958/projects/multimodal-MoE/outputs/runs/zod_bevfusion_dualinit/bevfusion-dualinit_4543552/visualizations/fused_bev_features_epoch_10.png
2026/05/06 05:11:53 - mmengine - INFO - Saved /home/users/u103958/projects/multimodal-MoE/outputs/runs/zod_bevfusion_dualinit/bevfusion-dualinit_4543552/visualizations/depth_transform_diagnostic_epoch_10.png
2026/05/06 05:11:53 - mmengine - INFO - ========================================================================
2026/05/06 05:11:53 - mmengine - INFO -   DEPTH PROJECTION DEBUG — Sparse depth analysis
2026/05/06 05:11:53 - mmengine - INFO - ========================================================================
2026/05/06 05:11:53 - mmengine - INFO -   lidar2img  shape=(1, 4, 4)
2026/05/06 05:11:53 - mmengine - INFO -     [  622.2576  -478.3849    -1.9513 -1257.4954]
2026/05/06 05:11:53 - mmengine - INFO -     [ 350.0951    7.6426 -478.2796 -167.8321]
2026/05/06 05:11:53 - mmengine - INFO -     [ 1.      0.003   0.0074 -2.0314]
2026/05/06 05:11:53 - mmengine - INFO -     [0. 0. 0. 1.]
2026/05/06 05:11:53 - mmengine - INFO -   cam2img  shape=(1, 4, 4)
2026/05/06 05:11:53 - mmengine - INFO -     [480.324    0.     620.7651   0.    ]
2026/05/06 05:11:53 - mmengine - INFO -     [  0.     480.9149 346.5506   0.    ]
2026/05/06 05:11:53 - mmengine - INFO -     [0. 0. 1. 0.]
2026/05/06 05:11:53 - mmengine - INFO -     [0. 0. 0. 1.]
2026/05/06 05:11:53 - mmengine - INFO -   img_aug_matrix  shape=(1, 4, 4)
2026/05/06 05:11:53 - mmengine - INFO -     [1. 0. 0. 0.]
2026/05/06 05:11:53 - mmengine - INFO -     [0. 1. 0. 0.]
2026/05/06 05:11:53 - mmengine - INFO -     [0. 0. 1. 0.]
2026/05/06 05:11:53 - mmengine - INFO -     [0. 0. 0. 1.]
2026/05/06 05:11:53 - mmengine - INFO -   lidar_aug_matrix  shape=(4, 4)
2026/05/06 05:11:53 - mmengine - INFO -     [1. 0. 0. 0.]
2026/05/06 05:11:53 - mmengine - INFO -     [0. 1. 0. 0.]
2026/05/06 05:11:53 - mmengine - INFO -     [0. 0. 1. 0.]
2026/05/06 05:11:53 - mmengine - INFO -     [0. 0. 0. 1.]
2026/05/06 05:11:53 - mmengine - INFO -   img tensor shape: (1, 1, 3, 704, 1248)
2026/05/06 05:11:53 - mmengine - INFO -   points[0] shape:  (50570, 4)
2026/05/06 05:11:53 - mmengine - INFO -   image_size=[704, 1248]  feature_size=[88, 156]  D=178
2026/05/06 05:11:53 - mmengine - INFO -   projected: 50570 / 50570 on image
2026/05/06 05:11:53 - mmengine - INFO -   row min/max/mean: 226.9 / 703.6 / 382.4
2026/05/06 05:11:53 - mmengine - INFO - ------------------------------------------------------------------------
2026/05/06 05:11:53 - mmengine - INFO -   MULTI-HIT / OVERWRITE ANALYSIS (full-res depth map)
2026/05/06 05:11:53 - mmengine - INFO -   total LiDAR hits on image:     50570
2026/05/06 05:11:53 - mmengine - INFO -   unique pixels occupied:         45944
2026/05/06 05:11:53 - mmengine - INFO -   pixels with >1 hit:             4354
2026/05/06 05:11:53 - mmengine - INFO -   overwritten points (lost):      4626  (9.1%)
2026/05/06 05:11:53 - mmengine - INFO -   multi-hit max/mean:             4 / 2.1
2026/05/06 05:11:53 - mmengine - INFO -   full-res occupancy:             45944 / 878592 = 5.229%
2026/05/06 05:11:53 - mmengine - INFO - ------------------------------------------------------------------------
2026/05/06 05:11:53 - mmengine - INFO -   OCCUPANCY THROUGH DEPTH PIPELINE
2026/05/06 05:11:53 - mmengine - INFO -   sparse_depth (full-res):  (1, 1, 704, 1248)
2026/05/06 05:11:53 - mmengine - INFO -     nonzero: 156662 / 878592  (17.831%)
2026/05/06 05:11:53 - mmengine - INFO -     active rows: 479/704  cols: 1248/1248
2026/05/06 05:11:53 - mmengine - INFO -   dtransform output:        (1, 64, 88, 156)
2026/05/06 05:11:53 - mmengine - INFO -     active cells (any ch>0): 13728 / 13728  (100.00%)
2026/05/06 05:11:53 - mmengine - INFO -   img_features:             (1, 1, 256, 88, 156)
2026/05/06 05:11:53 - mmengine - INFO -   depthnet output:          (1, 258, 88, 156)
2026/05/06 05:11:53 - mmengine - INFO -   camera BEV:               (1, 80, 180, 180)
2026/05/06 05:11:56 - mmengine - INFO -   Saved /home/users/u103958/projects/multimodal-MoE/outputs/runs/zod_bevfusion_dualinit/bevfusion-dualinit_4543552/debug/sparse_depth_pipeline.png
2026/05/06 05:11:58 - mmengine - INFO -   Saved /home/users/u103958/projects/multimodal-MoE/outputs/runs/zod_bevfusion_dualinit/bevfusion-dualinit_4543552/debug/lidar_projection_overlay.png
2026/05/06 05:11:58 - mmengine - INFO - ========================================================================
2026/05/06 05:11:58 - mmengine - INFO - Saving checkpoint at 10 epochs
2026/05/06 05:12:13 - mmengine - INFO - Epoch(val) [10][  50/1250]    eta: 0:05:08  time: 0.2572  data_time: 0.0087  memory: 4781  
2026/05/06 05:12:25 - mmengine - INFO - Epoch(val) [10][ 100/1250]    eta: 0:04:42  time: 0.2349  data_time: 0.0055  memory: 4786  
2026/05/06 05:12:37 - mmengine - INFO - Epoch(val) [10][ 150/1250]    eta: 0:04:31  time: 0.2481  data_time: 0.0055  memory: 4789  
2026/05/06 05:12:49 - mmengine - INFO - Epoch(val) [10][ 200/1250]    eta: 0:04:17  time: 0.2399  data_time: 0.0059  memory: 4787  
2026/05/06 05:13:01 - mmengine - INFO - Epoch(val) [10][ 250/1250]    eta: 0:04:05  time: 0.2476  data_time: 0.0057  memory: 4776  
2026/05/06 05:13:13 - mmengine - INFO - Epoch(val) [10][ 300/1250]    eta: 0:03:51  time: 0.2368  data_time: 0.0053  memory: 4784  
2026/05/06 05:13:27 - mmengine - INFO - Epoch(val) [10][ 350/1250]    eta: 0:03:42  time: 0.2693  data_time: 0.0058  memory: 4787  
2026/05/06 05:13:40 - mmengine - INFO - Epoch(val) [10][ 400/1250]    eta: 0:03:31  time: 0.2551  data_time: 0.0068  memory: 4777  
2026/05/06 05:13:53 - mmengine - INFO - Epoch(val) [10][ 450/1250]    eta: 0:03:20  time: 0.2720  data_time: 0.0073  memory: 4780  
2026/05/06 05:14:05 - mmengine - INFO - Epoch(val) [10][ 500/1250]    eta: 0:03:07  time: 0.2411  data_time: 0.0054  memory: 4780  
2026/05/06 05:14:17 - mmengine - INFO - Epoch(val) [10][ 550/1250]    eta: 0:02:54  time: 0.2455  data_time: 0.0058  memory: 4780  
2026/05/06 05:14:30 - mmengine - INFO - Epoch(val) [10][ 600/1250]    eta: 0:02:41  time: 0.2411  data_time: 0.0055  memory: 4784  
2026/05/06 05:14:41 - mmengine - INFO - Epoch(val) [10][ 650/1250]    eta: 0:02:28  time: 0.2385  data_time: 0.0056  memory: 4784  
2026/05/06 05:14:54 - mmengine - INFO - Epoch(val) [10][ 700/1250]    eta: 0:02:16  time: 0.2531  data_time: 0.0053  memory: 4781  
2026/05/06 05:15:06 - mmengine - INFO - Epoch(val) [10][ 750/1250]    eta: 0:02:03  time: 0.2355  data_time: 0.0057  memory: 4783  
2026/05/06 05:15:18 - mmengine - INFO - Epoch(val) [10][ 800/1250]    eta: 0:01:51  time: 0.2347  data_time: 0.0051  memory: 4778  
2026/05/06 05:15:29 - mmengine - INFO - Epoch(val) [10][ 850/1250]    eta: 0:01:38  time: 0.2358  data_time: 0.0055  memory: 4783  
2026/05/06 05:15:41 - mmengine - INFO - Epoch(val) [10][ 900/1250]    eta: 0:01:26  time: 0.2399  data_time: 0.0058  memory: 4787  
2026/05/06 05:15:53 - mmengine - INFO - Epoch(val) [10][ 950/1250]    eta: 0:01:13  time: 0.2319  data_time: 0.0058  memory: 4783  
2026/05/06 05:16:05 - mmengine - INFO - Epoch(val) [10][1000/1250]    eta: 0:01:01  time: 0.2391  data_time: 0.0056  memory: 4786  
2026/05/06 05:16:18 - mmengine - INFO - Epoch(val) [10][1050/1250]    eta: 0:00:49  time: 0.2587  data_time: 0.0055  memory: 4786  
2026/05/06 05:16:30 - mmengine - INFO - Epoch(val) [10][1100/1250]    eta: 0:00:36  time: 0.2317  data_time: 0.0052  memory: 4787  
2026/05/06 05:16:42 - mmengine - INFO - Epoch(val) [10][1150/1250]    eta: 0:00:24  time: 0.2485  data_time: 0.0053  memory: 4781  
2026/05/06 05:16:54 - mmengine - INFO - Epoch(val) [10][1200/1250]    eta: 0:00:12  time: 0.2497  data_time: 0.0060  memory: 4779  
2026/05/06 05:17:07 - mmengine - INFO - Epoch(val) [10][1250/1250]    eta: 0:00:00  time: 0.2490  data_time: 0.0053  memory: 4783  
2026/05/06 05:18:22 - mmengine - INFO - 
+------------+---------+---------+---------+---------+
| classes    | AP_0.25 | AR_0.25 | AP_0.50 | AR_0.50 |
+------------+---------+---------+---------+---------+
| pedestrian | 0.8072  | 0.9404  | 0.5749  | 0.7189  |
+------------+---------+---------+---------+---------+
| Overall    | 0.8072  | 0.9404  | 0.5749  | 0.7189  |
+------------+---------+---------+---------+---------+
2026/05/06 05:18:53 - mmengine - INFO - 
+------------+---------+---------+---------+---------+---------+---------+---------+---------+
| classes    | AP_0.5m | AR_0.5m | AP_1.0m | AR_1.0m | AP_2.0m | AR_2.0m | AP_4.0m | AR_4.0m |
+------------+---------+---------+---------+---------+---------+---------+---------+---------+
| pedestrian | 0.8264  | 0.9656  | 0.8333  | 0.9713  | 0.8379  | 0.9755  | 0.8444  | 0.9818  |
+------------+---------+---------+---------+---------+---------+---------+---------+---------+
| Overall    | 0.8264  | 0.9656  | 0.8333  | 0.9713  | 0.8379  | 0.9755  | 0.8444  | 0.9818  |
+------------+---------+---------+---------+---------+---------+---------+---------+---------+
2026/05/06 05:18:54 - mmengine - INFO - Epoch(val) [10][1250/1250]    pedestrian_AP_0.25: 0.8072  mAP_0.25: 0.8072  pedestrian_rec_0.25: 0.9404  mAR_0.25: 0.9404  pedestrian_AP_0.50: 0.5749  mAP_0.50: 0.5749  pedestrian_rec_0.50: 0.7189  mAR_0.50: 0.7189  pedestrian_AP_0.5m: 0.8264  pedestrian_rec_0.5m: 0.9656  pedestrian_AP_1.0m: 0.8333  pedestrian_rec_1.0m: 0.9713  pedestrian_AP_2.0m: 0.8379  pedestrian_rec_2.0m: 0.9755  pedestrian_AP_4.0m: 0.8444  pedestrian_rec_4.0m: 0.9818  mAP_0.5m: 0.8264  mAR_0.5m: 0.9656  mAP_1.0m: 0.8333  mAR_1.0m: 0.9713  mAP_2.0m: 0.8379  mAR_2.0m: 0.9755  mAP_4.0m: 0.8444  mAR_4.0m: 0.9818  data_time: 0.0058  time: 0.2454
2026/05/06 05:18:55 - mmengine - INFO - The previous best checkpoint /home/users/u103958/projects/multimodal-MoE/outputs/runs/zod_bevfusion_dualinit/bevfusion-dualinit_4543552/best_mAP_0.50_epoch_9.pth is removed
2026/05/06 05:18:56 - mmengine - INFO - The best checkpoint with 0.5749 mAP_0.50 at 10 epoch is saved to best_mAP_0.50_epoch_10.pth.
2026/05/06 05:19:38 - mmengine - INFO - Epoch(train) [11][  50/5000]  lr: 7.2549e-05  eta: 2:20:51  time: 0.7966  data_time: 0.0201  memory: 17831  grad_norm: 5.1893  loss: 1.1919  loss_heatmap: 0.3431  layer_-1_loss_cls: 0.0853  layer_-1_loss_bbox: 0.3487  matched_ious: 0.3284  aux_depth_loss: 0.4147  sec_per_iter: 0.8453  iters_per_sec: 1.1800  samples_per_sec: 18.9300  samples_per_sec_per_gpu: 4.7300  max_mem_allocated_mb: 666.3000  max_mem_reserved_mb: 22014.0000
2026/05/06 05:20:21 - mmengine - INFO - Epoch(train) [11][ 100/5000]  lr: 7.1858e-05  eta: 2:20:08  time: 0.8678  data_time: 0.0146  memory: 17685  grad_norm: 8.4931  loss: 1.3037  loss_heatmap: 0.3827  layer_-1_loss_cls: 0.0947  layer_-1_loss_bbox: 0.4057  matched_ious: 0.1356  aux_depth_loss: 0.4207  sec_per_iter: 0.7977  iters_per_sec: 1.2500  samples_per_sec: 20.0600  samples_per_sec_per_gpu: 5.0100  max_mem_allocated_mb: 666.3000  max_mem_reserved_mb: 22014.0000
2026/05/06 05:21:06 - mmengine - INFO - Epoch(train) [11][ 150/5000]  lr: 7.1171e-05  eta: 2:19:26  time: 0.8966  data_time: 0.0173  memory: 17890  grad_norm: 6.3165  loss: 1.2647  loss_heatmap: 0.3463  layer_-1_loss_cls: 0.0902  layer_-1_loss_bbox: 0.4070  matched_ious: 0.3323  aux_depth_loss: 0.4212  sec_per_iter: 0.8327  iters_per_sec: 1.2000  samples_per_sec: 19.2100  samples_per_sec_per_gpu: 4.8000  max_mem_allocated_mb: 666.3000  max_mem_reserved_mb: 22014.0000
2026/05/06 05:21:49 - mmengine - INFO - Epoch(train) [11][ 200/5000]  lr: 7.0486e-05  eta: 2:18:44  time: 0.8612  data_time: 0.0143  memory: 17847  grad_norm: 6.0895  loss: 1.2037  loss_heatmap: 0.3399  layer_-1_loss_cls: 0.0872  layer_-1_loss_bbox: 0.3588  matched_ious: 0.2555  aux_depth_loss: 0.4178  sec_per_iter: 0.8539  iters_per_sec: 1.1700  samples_per_sec: 18.7400  samples_per_sec_per_gpu: 4.6800  max_mem_allocated_mb: 666.3000  max_mem_reserved_mb: 22014.0000
2026/05/06 05:22:33 - mmengine - INFO - Epoch(train) [11][ 250/5000]  lr: 6.9805e-05  eta: 2:18:02  time: 0.8826  data_time: 0.0117  memory: 17852  grad_norm: 5.1791  loss: 1.2085  loss_heatmap: 0.3587  layer_-1_loss_cls: 0.0913  layer_-1_loss_bbox: 0.3510  matched_ious: 0.2908  aux_depth_loss: 0.4075  sec_per_iter: 0.8557  iters_per_sec: 1.1700  samples_per_sec: 18.7000  samples_per_sec_per_gpu: 4.6700  max_mem_allocated_mb: 666.3000  max_mem_reserved_mb: 22014.0000
2026/05/06 05:23:15 - mmengine - INFO - Epoch(train) [11][ 300/5000]  lr: 6.9125e-05  eta: 2:17:19  time: 0.8295  data_time: 0.0142  memory: 17723  grad_norm: 6.1215  loss: 1.1753  loss_heatmap: 0.3374  layer_-1_loss_cls: 0.0917  layer_-1_loss_bbox: 0.3300  matched_ious: 0.1868  aux_depth_loss: 0.4162  sec_per_iter: 0.8614  iters_per_sec: 1.1600  samples_per_sec: 18.5700  samples_per_sec_per_gpu: 4.6400  max_mem_allocated_mb: 666.3000  max_mem_reserved_mb: 22014.0000
2026/05/06 05:23:55 - mmengine - INFO - Epoch(train) [11][ 350/5000]  lr: 6.8449e-05  eta: 2:16:36  time: 0.8030  data_time: 0.0146  memory: 17853  grad_norm: 6.6043  loss: 1.2031  loss_heatmap: 0.3494  layer_-1_loss_cls: 0.0904  layer_-1_loss_bbox: 0.3490  matched_ious: 0.2373  aux_depth_loss: 0.4144  sec_per_iter: 0.8560  iters_per_sec: 1.1700  samples_per_sec: 18.6900  samples_per_sec_per_gpu: 4.6700  max_mem_allocated_mb: 666.3000  max_mem_reserved_mb: 22014.0000
2026/05/06 05:24:37 - mmengine - INFO - Epoch(train) [11][ 400/5000]  lr: 6.7776e-05  eta: 2:15:54  time: 0.8490  data_time: 0.0156  memory: 17966  grad_norm: 6.6392  loss: 1.1550  loss_heatmap: 0.3241  layer_-1_loss_cls: 0.0846  layer_-1_loss_bbox: 0.3304  matched_ious: 0.2257  aux_depth_loss: 0.4160  sec_per_iter: 0.8484  iters_per_sec: 1.1800  samples_per_sec: 18.8600  samples_per_sec_per_gpu: 4.7100  max_mem_allocated_mb: 666.3000  max_mem_reserved_mb: 22014.0000
2026/05/06 05:25:17 - mmengine - INFO - Epoch(train) [11][ 450/5000]  lr: 6.7105e-05  eta: 2:15:11  time: 0.8045  data_time: 0.0147  memory: 17907  grad_norm: 10.0595  loss: 1.1309  loss_heatmap: 0.3027  layer_-1_loss_cls: 0.0885  layer_-1_loss_bbox: 0.3220  matched_ious: 0.4410  aux_depth_loss: 0.4178  sec_per_iter: 0.8484  iters_per_sec: 1.1800  samples_per_sec: 18.8600  samples_per_sec_per_gpu: 4.7100  max_mem_allocated_mb: 666.3000  max_mem_reserved_mb: 22014.0000
2026/05/06 05:25:58 - mmengine - INFO - Epoch(train) [11][ 500/5000]  lr: 6.6437e-05  eta: 2:14:28  time: 0.8055  data_time: 0.0155  memory: 17713  grad_norm: 6.7523  loss: 1.1742  loss_heatmap: 0.3528  layer_-1_loss_cls: 0.0897  layer_-1_loss_bbox: 0.3207  matched_ious: 0.3278  aux_depth_loss: 0.4111  sec_per_iter: 0.8436  iters_per_sec: 1.1900  samples_per_sec: 18.9700  samples_per_sec_per_gpu: 4.7400  max_mem_allocated_mb: 666.3000  max_mem_reserved_mb: 22014.0000
2026/05/06 05:26:40 - mmengine - INFO - Epoch(train) [11][ 550/5000]  lr: 6.5772e-05  eta: 2:13:46  time: 0.8468  data_time: 0.0154  memory: 17780  grad_norm: 5.5978  loss: 1.1599  loss_heatmap: 0.3332  layer_-1_loss_cls: 0.0809  layer_-1_loss_bbox: 0.3315  matched_ious: 0.4835  aux_depth_loss: 0.4144  sec_per_iter: 0.8399  iters_per_sec: 1.1900  samples_per_sec: 19.0500  samples_per_sec_per_gpu: 4.7600  max_mem_allocated_mb: 666.3000  max_mem_reserved_mb: 22014.0000
2026/05/06 05:27:21 - mmengine - INFO - Epoch(train) [11][ 600/5000]  lr: 6.5110e-05  eta: 2:13:03  time: 0.8147  data_time: 0.0135  memory: 17833  grad_norm: 7.7768  loss: 1.3086  loss_heatmap: 0.4007  layer_-1_loss_cls: 0.0996  layer_-1_loss_bbox: 0.3959  matched_ious: 0.2422  aux_depth_loss: 0.4124  sec_per_iter: 0.8405  iters_per_sec: 1.1900  samples_per_sec: 19.0400  samples_per_sec_per_gpu: 4.7600  max_mem_allocated_mb: 666.3000  max_mem_reserved_mb: 22014.0000
2026/05/06 05:28:05 - mmengine - INFO - Epoch(train) [11][ 650/5000]  lr: 6.4450e-05  eta: 2:12:21  time: 0.8805  data_time: 0.0170  memory: 17901  grad_norm: 14.1113  loss: 1.2267  loss_heatmap: 0.3525  layer_-1_loss_cls: 0.0861  layer_-1_loss_bbox: 0.3641  matched_ious: 0.3083  aux_depth_loss: 0.4240  sec_per_iter: 0.8384  iters_per_sec: 1.1900  samples_per_sec: 19.0800  samples_per_sec_per_gpu: 4.7700  max_mem_allocated_mb: 666.3000  max_mem_reserved_mb: 22014.0000
2026/05/06 05:28:46 - mmengine - INFO - Epoch(train) [11][ 700/5000]  lr: 6.3794e-05  eta: 2:11:38  time: 0.8353  data_time: 0.0133  memory: 17854  grad_norm: 7.8765  loss: 1.2195  loss_heatmap: 0.3379  layer_-1_loss_cls: 0.0824  layer_-1_loss_bbox: 0.3808  matched_ious: 0.2100  aux_depth_loss: 0.4183  sec_per_iter: 0.8415  iters_per_sec: 1.1900  samples_per_sec: 19.0100  samples_per_sec_per_gpu: 4.7500  max_mem_allocated_mb: 666.3000  max_mem_reserved_mb: 22014.0000
2026/05/06 05:29:28 - mmengine - INFO - Epoch(train) [11][ 750/5000]  lr: 6.3140e-05  eta: 2:10:55  time: 0.8298  data_time: 0.0157  memory: 17674  grad_norm: 5.1337  loss: 1.2867  loss_heatmap: 0.3868  layer_-1_loss_cls: 0.0969  layer_-1_loss_bbox: 0.3905  matched_ious: 0.3143  aux_depth_loss: 0.4126  sec_per_iter: 0.8412  iters_per_sec: 1.1900  samples_per_sec: 19.0200  samples_per_sec_per_gpu: 4.7500  max_mem_allocated_mb: 666.3000  max_mem_reserved_mb: 22014.0000
2026/05/06 05:30:10 - mmengine - INFO - Epoch(train) [11][ 800/5000]  lr: 6.2490e-05  eta: 2:10:13  time: 0.8483  data_time: 0.0148  memory: 17952  grad_norm: 4.7599  loss: 1.1542  loss_heatmap: 0.3279  layer_-1_loss_cls: 0.0872  layer_-1_loss_bbox: 0.3320  matched_ious: 0.2105  aux_depth_loss: 0.4071  sec_per_iter: 0.8404  iters_per_sec: 1.1900  samples_per_sec: 19.0400  samples_per_sec_per_gpu: 4.7600  max_mem_allocated_mb: 666.3000  max_mem_reserved_mb: 22014.0000
2026/05/06 05:30:51 - mmengine - INFO - Epoch(train) [11][ 850/5000]  lr: 6.1842e-05  eta: 2:09:30  time: 0.8088  data_time: 0.0134  memory: 17958  grad_norm: inf  loss: 1.3009  loss_heatmap: 0.4389  layer_-1_loss_cls: 0.1279  layer_-1_loss_bbox: 0.3292  matched_ious: 0.3905  aux_depth_loss: 0.4048  sec_per_iter: 0.8408  iters_per_sec: 1.1900  samples_per_sec: 19.0300  samples_per_sec_per_gpu: 4.7600  max_mem_allocated_mb: 666.3000  max_mem_reserved_mb: 22014.0000
2026/05/06 05:31:35 - mmengine - INFO - Epoch(train) [11][ 900/5000]  lr: 6.1197e-05  eta: 2:08:48  time: 0.8799  data_time: 0.0144  memory: 17866  grad_norm: 5.8996  loss: 1.1714  loss_heatmap: 0.3334  layer_-1_loss_cls: 0.0823  layer_-1_loss_bbox: 0.3321  matched_ious: 0.2082  aux_depth_loss: 0.4238  sec_per_iter: 0.8389  iters_per_sec: 1.1900  samples_per_sec: 19.0700  samples_per_sec_per_gpu: 4.7700  max_mem_allocated_mb: 666.3000  max_mem_reserved_mb: 22014.0000
2026/05/06 05:32:16 - mmengine - INFO - Epoch(train) [11][ 950/5000]  lr: 6.0555e-05  eta: 2:08:05  time: 0.8207  data_time: 0.0170  memory: 17763  grad_norm: 6.1642  loss: 1.1462  loss_heatmap: 0.3164  layer_-1_loss_cls: 0.0826  layer_-1_loss_bbox: 0.3307  matched_ious: 0.3364  aux_depth_loss: 0.4166  sec_per_iter: 0.8413  iters_per_sec: 1.1900  samples_per_sec: 19.0200  samples_per_sec_per_gpu: 4.7500  max_mem_allocated_mb: 666.3000  max_mem_reserved_mb: 22014.0000
2026/05/06 05:32:58 - mmengine - INFO - Exp name: zod_bevfusion_dualinit_20260505_161926
2026/05/06 05:32:58 - mmengine - INFO - Epoch(train) [11][1000/5000]  lr: 5.9916e-05  eta: 2:07:23  time: 0.8501  data_time: 0.0145  memory: 17962  grad_norm: 5.8899  loss: 1.1404  loss_heatmap: 0.3087  layer_-1_loss_cls: 0.0792  layer_-1_loss_bbox: 0.3411  matched_ious: 0.3120  aux_depth_loss: 0.4113  sec_per_iter: 0.8402  iters_per_sec: 1.1900  samples_per_sec: 19.0400  samples_per_sec_per_gpu: 4.7600  max_mem_allocated_mb: 666.3000  max_mem_reserved_mb: 22014.0000
2026/05/06 05:33:40 - mmengine - INFO - Epoch(train) [11][1050/5000]  lr: 5.9279e-05  eta: 2:06:40  time: 0.8383  data_time: 0.0131  memory: 17965  grad_norm: 7.5312  loss: 1.1922  loss_heatmap: 0.3388  layer_-1_loss_cls: 0.0840  layer_-1_loss_bbox: 0.3469  matched_ious: 0.2773  aux_depth_loss: 0.4226  sec_per_iter: 0.8407  iters_per_sec: 1.1900  samples_per_sec: 19.0300  samples_per_sec_per_gpu: 4.7600  max_mem_allocated_mb: 666.3000  max_mem_reserved_mb: 22014.0000
2026/05/06 05:34:22 - mmengine - INFO - Epoch(train) [11][1100/5000]  lr: 5.8646e-05  eta: 2:05:58  time: 0.8438  data_time: 0.0151  memory: 17817  grad_norm: 6.5271  loss: 1.1559  loss_heatmap: 0.3288  layer_-1_loss_cls: 0.0823  layer_-1_loss_bbox: 0.3278  matched_ious: 0.1841  aux_depth_loss: 0.4169  sec_per_iter: 0.8406  iters_per_sec: 1.1900  samples_per_sec: 19.0400  samples_per_sec_per_gpu: 4.7600  max_mem_allocated_mb: 666.3000  max_mem_reserved_mb: 22014.0000
2026/05/06 05:35:04 - mmengine - INFO - Epoch(train) [11][1150/5000]  lr: 5.8016e-05  eta: 2:05:15  time: 0.8239  data_time: 0.0177  memory: 17735  grad_norm: 8.4151  loss: 1.1951  loss_heatmap: 0.3450  layer_-1_loss_cls: 0.0924  layer_-1_loss_bbox: 0.3471  matched_ious: 0.2586  aux_depth_loss: 0.4106  sec_per_iter: 0.8407  iters_per_sec: 1.1900  samples_per_sec: 19.0300  samples_per_sec_per_gpu: 4.7600  max_mem_allocated_mb: 666.3000  max_mem_reserved_mb: 22014.0000
2026/05/06 05:35:46 - mmengine - INFO - Epoch(train) [11][1200/5000]  lr: 5.7389e-05  eta: 2:04:32  time: 0.8412  data_time: 0.0129  memory: 17865  grad_norm: 9.7021  loss: 1.1456  loss_heatmap: 0.3264  layer_-1_loss_cls: 0.0787  layer_-1_loss_bbox: 0.3227  matched_ious: 0.4470  aux_depth_loss: 0.4178  sec_per_iter: 0.8400  iters_per_sec: 1.1900  samples_per_sec: 19.0500  samples_per_sec_per_gpu: 4.7600  max_mem_allocated_mb: 666.3000  max_mem_reserved_mb: 22014.0000
2026/05/06 05:36:30 - mmengine - INFO - Epoch(train) [11][1250/5000]  lr: 5.6764e-05  eta: 2:03:50  time: 0.8752  data_time: 0.0154  memory: 17850  grad_norm: 10.7485  loss: 1.2145  loss_heatmap: 0.3628  layer_-1_loss_cls: 0.0898  layer_-1_loss_bbox: 0.3487  matched_ious: 0.3293  aux_depth_loss: 0.4133  sec_per_iter: 0.8400  iters_per_sec: 1.1900  samples_per_sec: 19.0500  samples_per_sec_per_gpu: 4.7600  max_mem_allocated_mb: 666.3000  max_mem_reserved_mb: 22014.0000
2026/05/06 05:37:13 - mmengine - INFO - Epoch(train) [11][1300/5000]  lr: 5.6143e-05  eta: 2:03:08  time: 0.8746  data_time: 0.0141  memory: 18021  grad_norm: 10.5444  loss: 1.2249  loss_heatmap: 0.3558  layer_-1_loss_cls: 0.0871  layer_-1_loss_bbox: 0.3683  matched_ious: 0.2146  aux_depth_loss: 0.4137  sec_per_iter: 0.8415  iters_per_sec: 1.1900  samples_per_sec: 19.0100  samples_per_sec_per_gpu: 4.7500  max_mem_allocated_mb: 666.3000  max_mem_reserved_mb: 22014.0000
2026/05/06 05:37:58 - mmengine - INFO - Epoch(train) [11][1350/5000]  lr: 5.5525e-05  eta: 2:02:26  time: 0.9041  data_time: 0.0134  memory: 17796  grad_norm: 7.0776  loss: 1.1830  loss_heatmap: 0.3474  layer_-1_loss_cls: 0.0885  layer_-1_loss_bbox: 0.3395  matched_ious: 0.2712  aux_depth_loss: 0.4076  sec_per_iter: 0.8427  iters_per_sec: 1.1900  samples_per_sec: 18.9900  samples_per_sec_per_gpu: 4.7500  max_mem_allocated_mb: 666.3000  max_mem_reserved_mb: 22014.0000
2026/05/06 05:38:42 - mmengine - INFO - Epoch(train) [11][1400/5000]  lr: 5.4909e-05  eta: 2:01:44  time: 0.8646  data_time: 0.0132  memory: 17954  grad_norm: 7.3292  loss: 1.2452  loss_heatmap: 0.3294  layer_-1_loss_cls: 0.0823  layer_-1_loss_bbox: 0.4131  matched_ious: 0.3085  aux_depth_loss: 0.4203  sec_per_iter: 0.8450  iters_per_sec: 1.1800  samples_per_sec: 18.9400  samples_per_sec_per_gpu: 4.7300  max_mem_allocated_mb: 666.3000  max_mem_reserved_mb: 22014.0000
2026/05/06 05:39:26 - mmengine - INFO - Epoch(train) [11][1450/5000]  lr: 5.4297e-05  eta: 2:01:01  time: 0.8862  data_time: 0.0230  memory: 17817  grad_norm: 6.0448  loss: 1.1177  loss_heatmap: 0.3128  layer_-1_loss_cls: 0.0780  layer_-1_loss_bbox: 0.3154  matched_ious: 0.3951  aux_depth_loss: 0.4115  sec_per_iter: 0.8457  iters_per_sec: 1.1800  samples_per_sec: 18.9200  samples_per_sec_per_gpu: 4.7300  max_mem_allocated_mb: 666.3000  max_mem_reserved_mb: 22014.0000
2026/05/06 05:40:07 - mmengine - INFO - Epoch(train) [11][1500/5000]  lr: 5.3687e-05  eta: 2:00:19  time: 0.8294  data_time: 0.0137  memory: 17678  grad_norm: 9.2655  loss: 1.2254  loss_heatmap: 0.3480  layer_-1_loss_cls: 0.0876  layer_-1_loss_bbox: 0.3803  matched_ious: 0.4174  aux_depth_loss: 0.4095  sec_per_iter: 0.8471  iters_per_sec: 1.1800  samples_per_sec: 18.8900  samples_per_sec_per_gpu: 4.7200  max_mem_allocated_mb: 666.3000  max_mem_reserved_mb: 22014.0000
2026/05/06 05:40:48 - mmengine - INFO - Epoch(train) [11][1550/5000]  lr: 5.3081e-05  eta: 1:59:36  time: 0.8171  data_time: 0.0153  memory: 17959  grad_norm: 6.9306  loss: 1.1904  loss_heatmap: 0.3317  layer_-1_loss_cls: 0.0817  layer_-1_loss_bbox: 0.3570  matched_ious: 0.4220  aux_depth_loss: 0.4199  sec_per_iter: 0.8465  iters_per_sec: 1.1800  samples_per_sec: 18.9000  samples_per_sec_per_gpu: 4.7300  max_mem_allocated_mb: 666.3000  max_mem_reserved_mb: 22014.0000
2026/05/06 05:41:29 - mmengine - INFO - Epoch(train) [11][1600/5000]  lr: 5.2478e-05  eta: 1:58:53  time: 0.8204  data_time: 0.0154  memory: 17928  grad_norm: 5.4865  loss: 1.1757  loss_heatmap: 0.3281  layer_-1_loss_cls: 0.0768  layer_-1_loss_bbox: 0.3519  matched_ious: 0.2579  aux_depth_loss: 0.4190  sec_per_iter: 0.8456  iters_per_sec: 1.1800  samples_per_sec: 18.9200  samples_per_sec_per_gpu: 4.7300  max_mem_allocated_mb: 666.3000  max_mem_reserved_mb: 22014.0000
2026/05/06 05:42:13 - mmengine - INFO - Epoch(train) [11][1650/5000]  lr: 5.1878e-05  eta: 1:58:11  time: 0.8700  data_time: 0.0137  memory: 17833  grad_norm: 5.4278  loss: 1.1872  loss_heatmap: 0.3289  layer_-1_loss_cls: 0.0807  layer_-1_loss_bbox: 0.3613  matched_ious: 0.2115  aux_depth_loss: 0.4162  sec_per_iter: 0.8448  iters_per_sec: 1.1800  samples_per_sec: 18.9400  samples_per_sec_per_gpu: 4.7400  max_mem_allocated_mb: 666.3000  max_mem_reserved_mb: 22014.0000
2026/05/06 05:42:55 - mmengine - INFO - Epoch(train) [11][1700/5000]  lr: 5.1280e-05  eta: 1:57:28  time: 0.8325  data_time: 0.0167  memory: 17817  grad_norm: 6.0608  loss: 1.1474  loss_heatmap: 0.3313  layer_-1_loss_cls: 0.0872  layer_-1_loss_bbox: 0.3243  matched_ious: 0.2475  aux_depth_loss: 0.4046  sec_per_iter: 0.8456  iters_per_sec: 1.1800  samples_per_sec: 18.9200  samples_per_sec_per_gpu: 4.7300  max_mem_allocated_mb: 666.3000  max_mem_reserved_mb: 22014.0000
2026/05/06 05:43:36 - mmengine - INFO - Epoch(train) [11][1750/5000]  lr: 5.0686e-05  eta: 1:56:46  time: 0.8231  data_time: 0.0129  memory: 17933  grad_norm: 6.3402  loss: 1.2390  loss_heatmap: 0.3634  layer_-1_loss_cls: 0.0844  layer_-1_loss_bbox: 0.3814  matched_ious: 0.4806  aux_depth_loss: 0.4098  sec_per_iter: 0.8452  iters_per_sec: 1.1800  samples_per_sec: 18.9300  samples_per_sec_per_gpu: 4.7300  max_mem_allocated_mb: 666.3000  max_mem_reserved_mb: 22014.0000
2026/05/06 05:44:19 - mmengine - INFO - Epoch(train) [11][1800/5000]  lr: 5.0095e-05  eta: 1:56:03  time: 0.8679  data_time: 0.0144  memory: 17746  grad_norm: 8.7708  loss: 1.1680  loss_heatmap: 0.3438  layer_-1_loss_cls: 0.0899  layer_-1_loss_bbox: 0.3189  matched_ious: 0.2695  aux_depth_loss: 0.4154  sec_per_iter: 0.8445  iters_per_sec: 1.1800  samples_per_sec: 18.9500  samples_per_sec_per_gpu: 4.7400  max_mem_allocated_mb: 666.3000  max_mem_reserved_mb: 22014.0000
2026/05/06 05:45:01 - mmengine - INFO - Epoch(train) [11][1850/5000]  lr: 4.9507e-05  eta: 1:55:21  time: 0.8423  data_time: 0.0138  memory: 17931  grad_norm: 7.4082  loss: 1.1539  loss_heatmap: 0.3024  layer_-1_loss_cls: 0.0832  layer_-1_loss_bbox: 0.3500  matched_ious: 0.2432  aux_depth_loss: 0.4182  sec_per_iter: 0.8452  iters_per_sec: 1.1800  samples_per_sec: 18.9300  samples_per_sec_per_gpu: 4.7300  max_mem_allocated_mb: 666.3000  max_mem_reserved_mb: 22014.0000
2026/05/06 05:45:47 - mmengine - INFO - Epoch(train) [11][1900/5000]  lr: 4.8922e-05  eta: 1:54:39  time: 0.9140  data_time: 0.0178  memory: 17766  grad_norm: 7.8289  loss: 1.2344  loss_heatmap: 0.3751  layer_-1_loss_cls: 0.1003  layer_-1_loss_bbox: 0.3529  matched_ious: 0.3500  aux_depth_loss: 0.4061  sec_per_iter: 0.8451  iters_per_sec: 1.1800  samples_per_sec: 18.9300  samples_per_sec_per_gpu: 4.7300  max_mem_allocated_mb: 666.3000  max_mem_reserved_mb: 22014.0000
2026/05/06 05:46:29 - mmengine - INFO - Epoch(train) [11][1950/5000]  lr: 4.8340e-05  eta: 1:53:56  time: 0.8424  data_time: 0.0137  memory: 17766  grad_norm: 9.5043  loss: 1.2473  loss_heatmap: 0.3732  layer_-1_loss_cls: 0.0937  layer_-1_loss_bbox: 0.3749  matched_ious: 0.2081  aux_depth_loss: 0.4055  sec_per_iter: 0.8469  iters_per_sec: 1.1800  samples_per_sec: 18.8900  samples_per_sec_per_gpu: 4.7200  max_mem_allocated_mb: 666.3000  max_mem_reserved_mb: 22014.0000
2026/05/06 05:47:10 - mmengine - INFO - Exp name: zod_bevfusion_dualinit_20260505_161926
2026/05/06 05:47:10 - mmengine - INFO - Epoch(train) [11][2000/5000]  lr: 4.7762e-05  eta: 1:53:14  time: 0.8202  data_time: 0.0146  memory: 18002  grad_norm: 10.1908  loss: 1.2039  loss_heatmap: 0.3497  layer_-1_loss_cls: 0.0940  layer_-1_loss_bbox: 0.3475  matched_ious: 0.2893  aux_depth_loss: 0.4127  sec_per_iter: 0.8468  iters_per_sec: 1.1800  samples_per_sec: 18.8900  samples_per_sec_per_gpu: 4.7200  max_mem_allocated_mb: 666.3000  max_mem_reserved_mb: 22014.0000
2026/05/06 05:47:51 - mmengine - INFO - Epoch(train) [11][2050/5000]  lr: 4.7186e-05  eta: 1:52:31  time: 0.8269  data_time: 0.0143  memory: 18009  grad_norm: 11.5408  loss: 1.1345  loss_heatmap: 0.3199  layer_-1_loss_cls: 0.0819  layer_-1_loss_bbox: 0.3239  matched_ious: 0.2633  aux_depth_loss: 0.4088  sec_per_iter: 0.8461  iters_per_sec: 1.1800  samples_per_sec: 18.9100  samples_per_sec_per_gpu: 4.7300  max_mem_allocated_mb: 666.3000  max_mem_reserved_mb: 22014.0000
2026/05/06 05:48:32 - mmengine - INFO - Epoch(train) [11][2100/5000]  lr: 4.6614e-05  eta: 1:51:48  time: 0.8084  data_time: 0.0140  memory: 17888  grad_norm: 15.7465  loss: 1.2069  loss_heatmap: 0.3634  layer_-1_loss_cls: 0.0901  layer_-1_loss_bbox: 0.3423  matched_ious: 0.2982  aux_depth_loss: 0.4111  sec_per_iter: 0.8457  iters_per_sec: 1.1800  samples_per_sec: 18.9200  samples_per_sec_per_gpu: 4.7300  max_mem_allocated_mb: 666.3000  max_mem_reserved_mb: 22014.0000
2026/05/06 05:49:13 - mmengine - INFO - Epoch(train) [11][2150/5000]  lr: 4.6045e-05  eta: 1:51:06  time: 0.8237  data_time: 0.0129  memory: 17784  grad_norm: 13.6419  loss: 1.1869  loss_heatmap: 0.3141  layer_-1_loss_cls: 0.0828  layer_-1_loss_bbox: 0.3722  matched_ious: 0.1879  aux_depth_loss: 0.4178  sec_per_iter: 0.8448  iters_per_sec: 1.1800  samples_per_sec: 18.9400  samples_per_sec_per_gpu: 4.7300  max_mem_allocated_mb: 666.3000  max_mem_reserved_mb: 22014.0000
2026/05/06 05:49:54 - mmengine - INFO - Epoch(train) [11][2200/5000]  lr: 4.5478e-05  eta: 1:50:23  time: 0.8149  data_time: 0.0134  memory: 17888  grad_norm: 13.2722  loss: 1.1550  loss_heatmap: 0.3173  layer_-1_loss_cls: 0.0799  layer_-1_loss_bbox: 0.3419  matched_ious: 0.2474  aux_depth_loss: 0.4159  sec_per_iter: 0.8443  iters_per_sec: 1.1800  samples_per_sec: 18.9500  samples_per_sec_per_gpu: 4.7400  max_mem_allocated_mb: 666.3000  max_mem_reserved_mb: 22014.0000
2026/05/06 05:50:36 - mmengine - INFO - Epoch(train) [11][2250/5000]  lr: 4.4915e-05  eta: 1:49:41  time: 0.8544  data_time: 0.0128  memory: 18098  grad_norm: 14.5403  loss: 1.1725  loss_heatmap: 0.3181  layer_-1_loss_cls: 0.0777  layer_-1_loss_bbox: 0.3627  matched_ious: 0.4111  aux_depth_loss: 0.4140  sec_per_iter: 0.8436  iters_per_sec: 1.1900  samples_per_sec: 18.9700  samples_per_sec_per_gpu: 4.7400  max_mem_allocated_mb: 666.3000  max_mem_reserved_mb: 22014.0000
2026/05/06 05:51:16 - mmengine - INFO - Epoch(train) [11][2300/5000]  lr: 4.4356e-05  eta: 1:48:58  time: 0.7870  data_time: 0.0120  memory: 17853  grad_norm: 11.8143  loss: 1.1797  loss_heatmap: 0.3460  layer_-1_loss_cls: 0.0898  layer_-1_loss_bbox: 0.3340  matched_ious: 0.1640  aux_depth_loss: 0.4100  sec_per_iter: 0.8439  iters_per_sec: 1.1900  samples_per_sec: 18.9600  samples_per_sec_per_gpu: 4.7400  max_mem_allocated_mb: 666.3000  max_mem_reserved_mb: 22014.0000
2026/05/06 05:51:55 - mmengine - INFO - Epoch(train) [11][2350/5000]  lr: 4.3799e-05  eta: 1:48:15  time: 0.7851  data_time: 0.0118  memory: 17782  grad_norm: 13.8859  loss: 1.1687  loss_heatmap: 0.3306  layer_-1_loss_cls: 0.0889  layer_-1_loss_bbox: 0.3359  matched_ious: 0.1868  aux_depth_loss: 0.4134  sec_per_iter: 0.8426  iters_per_sec: 1.1900  samples_per_sec: 18.9900  samples_per_sec_per_gpu: 4.7500  max_mem_allocated_mb: 666.3000  max_mem_reserved_mb: 22014.0000
2026/05/06 05:52:35 - mmengine - INFO - Epoch(train) [11][2400/5000]  lr: 4.3245e-05  eta: 1:47:32  time: 0.7959  data_time: 0.0120  memory: 17850  grad_norm: 15.5611  loss: 1.2722  loss_heatmap: 0.3688  layer_-1_loss_cls: 0.0988  layer_-1_loss_bbox: 0.3892  matched_ious: 0.2948  aux_depth_loss: 0.4154  sec_per_iter: 0.8414  iters_per_sec: 1.1900  samples_per_sec: 19.0200  samples_per_sec_per_gpu: 4.7500  max_mem_allocated_mb: 666.3000  max_mem_reserved_mb: 22014.0000
2026/05/06 05:53:20 - mmengine - INFO - Epoch(train) [11][2450/5000]  lr: 4.2695e-05  eta: 1:46:50  time: 0.9084  data_time: 0.0153  memory: 18048  grad_norm: 14.5986  loss: 1.1947  loss_heatmap: 0.3369  layer_-1_loss_cls: 0.0895  layer_-1_loss_bbox: 0.3523  matched_ious: 0.3142  aux_depth_loss: 0.4160  sec_per_iter: 0.8405  iters_per_sec: 1.1900  samples_per_sec: 19.0400  samples_per_sec_per_gpu: 4.7600  max_mem_allocated_mb: 666.3000  max_mem_reserved_mb: 22014.0000
2026/05/06 05:54:00 - mmengine - INFO - Epoch(train) [11][2500/5000]  lr: 4.2148e-05  eta: 1:46:07  time: 0.7936  data_time: 0.0129  memory: 17827  grad_norm: 15.6491  loss: 1.2024  loss_heatmap: 0.3388  layer_-1_loss_cls: 0.0850  layer_-1_loss_bbox: 0.3699  matched_ious: 0.3823  aux_depth_loss: 0.4086  sec_per_iter: 0.8419  iters_per_sec: 1.1900  samples_per_sec: 19.0100  samples_per_sec_per_gpu: 4.7500  max_mem_allocated_mb: 666.3000  max_mem_reserved_mb: 22014.0000
2026/05/06 05:54:42 - mmengine - INFO - Epoch(train) [11][2550/5000]  lr: 4.1604e-05  eta: 1:45:25  time: 0.8444  data_time: 0.0144  memory: 17804  grad_norm: 15.6984  loss: 1.1174  loss_heatmap: 0.3040  layer_-1_loss_cls: 0.0756  layer_-1_loss_bbox: 0.3218  matched_ious: 0.2492  aux_depth_loss: 0.4160  sec_per_iter: 0.8409  iters_per_sec: 1.1900  samples_per_sec: 19.0300  samples_per_sec_per_gpu: 4.7600  max_mem_allocated_mb: 666.3000  max_mem_reserved_mb: 22014.0000
2026/05/06 05:55:24 - mmengine - INFO - Epoch(train) [11][2600/5000]  lr: 4.1064e-05  eta: 1:44:42  time: 0.8411  data_time: 0.0131  memory: 17833  grad_norm: 21.7706  loss: 1.1116  loss_heatmap: 0.2895  layer_-1_loss_cls: 0.0781  layer_-1_loss_bbox: 0.3263  matched_ious: 0.2021  aux_depth_loss: 0.4178  sec_per_iter: 0.8410  iters_per_sec: 1.1900  samples_per_sec: 19.0300  samples_per_sec_per_gpu: 4.7600  max_mem_allocated_mb: 666.3000  max_mem_reserved_mb: 22014.0000
2026/05/06 05:56:05 - mmengine - INFO - Epoch(train) [11][2650/5000]  lr: 4.0526e-05  eta: 1:43:59  time: 0.8118  data_time: 0.0155  memory: 17770  grad_norm: 14.5822  loss: 1.1929  loss_heatmap: 0.3309  layer_-1_loss_cls: 0.0871  layer_-1_loss_bbox: 0.3517  matched_ious: 0.1009  aux_depth_loss: 0.4232  sec_per_iter: 0.8410  iters_per_sec: 1.1900  samples_per_sec: 19.0300  samples_per_sec_per_gpu: 4.7600  max_mem_allocated_mb: 666.3000  max_mem_reserved_mb: 22014.0000
2026/05/06 05:56:46 - mmengine - INFO - Epoch(train) [11][2700/5000]  lr: 3.9992e-05  eta: 1:43:17  time: 0.8169  data_time: 0.0128  memory: 17807  grad_norm: 11.2870  loss: 1.1498  loss_heatmap: 0.3123  layer_-1_loss_cls: 0.0798  layer_-1_loss_bbox: 0.3533  matched_ious: 0.3792  aux_depth_loss: 0.4044  sec_per_iter: 0.8404  iters_per_sec: 1.1900  samples_per_sec: 19.0400  samples_per_sec_per_gpu: 4.7600  max_mem_allocated_mb: 666.3000  max_mem_reserved_mb: 22014.0000
2026/05/06 05:57:25 - mmengine - INFO - Epoch(train) [11][2750/5000]  lr: 3.9461e-05  eta: 1:42:34  time: 0.7934  data_time: 0.0127  memory: 17777  grad_norm: 11.8154  loss: 1.1987  loss_heatmap: 0.3145  layer_-1_loss_cls: 0.0754  layer_-1_loss_bbox: 0.4020  matched_ious: 0.2223  aux_depth_loss: 0.4069  sec_per_iter: 0.8400  iters_per_sec: 1.1900  samples_per_sec: 19.0500  samples_per_sec_per_gpu: 4.7600  max_mem_allocated_mb: 666.3000  max_mem_reserved_mb: 22014.0000
2026/05/06 05:58:08 - mmengine - INFO - Epoch(train) [11][2800/5000]  lr: 3.8933e-05  eta: 1:41:51  time: 0.8481  data_time: 0.0130  memory: 17937  grad_norm: 12.3160  loss: 1.1458  loss_heatmap: 0.3214  layer_-1_loss_cls: 0.0850  layer_-1_loss_bbox: 0.3337  matched_ious: 0.3341  aux_depth_loss: 0.4057  sec_per_iter: 0.8391  iters_per_sec: 1.1900  samples_per_sec: 19.0700  samples_per_sec_per_gpu: 4.7700  max_mem_allocated_mb: 666.3000  max_mem_reserved_mb: 22014.0000
2026/05/06 05:58:49 - mmengine - INFO - Epoch(train) [11][2850/5000]  lr: 3.8409e-05  eta: 1:41:09  time: 0.8341  data_time: 0.0123  memory: 17749  grad_norm: 15.5604  loss: 1.2667  loss_heatmap: 0.3447  layer_-1_loss_cls: 0.0820  layer_-1_loss_bbox: 0.4250  matched_ious: 0.2194  aux_depth_loss: 0.4149  sec_per_iter: 0.8393  iters_per_sec: 1.1900  samples_per_sec: 19.0600  samples_per_sec_per_gpu: 4.7700  max_mem_allocated_mb: 666.3000  max_mem_reserved_mb: 22014.0000
2026/05/06 05:59:30 - mmengine - INFO - Epoch(train) [11][2900/5000]  lr: 3.7887e-05  eta: 1:40:26  time: 0.8037  data_time: 0.0119  memory: 17769  grad_norm: 12.5934  loss: 1.2492  loss_heatmap: 0.3713  layer_-1_loss_cls: 0.0954  layer_-1_loss_bbox: 0.3627  matched_ious: 0.2652  aux_depth_loss: 0.4198  sec_per_iter: 0.8392  iters_per_sec: 1.1900  samples_per_sec: 19.0700  samples_per_sec_per_gpu: 4.7700  max_mem_allocated_mb: 666.3000  max_mem_reserved_mb: 22014.0000
2026/05/06 06:00:10 - mmengine - INFO - Epoch(train) [11][2950/5000]  lr: 3.7370e-05  eta: 1:39:43  time: 0.8061  data_time: 0.0134  memory: 17793  grad_norm: 16.6912  loss: 1.2322  loss_heatmap: 0.3644  layer_-1_loss_cls: 0.0957  layer_-1_loss_bbox: 0.3624  matched_ious: 0.3899  aux_depth_loss: 0.4097  sec_per_iter: 0.8386  iters_per_sec: 1.1900  samples_per_sec: 19.0800  samples_per_sec_per_gpu: 4.7700  max_mem_allocated_mb: 666.3000  max_mem_reserved_mb: 22014.0000
2026/05/06 06:00:53 - mmengine - INFO - Exp name: zod_bevfusion_dualinit_20260505_161926
2026/05/06 06:00:53 - mmengine - INFO - Epoch(train) [11][3000/5000]  lr: 3.6855e-05  eta: 1:39:01  time: 0.8533  data_time: 0.0127  memory: 17956  grad_norm: 15.6070  loss: 1.1233  loss_heatmap: 0.3020  layer_-1_loss_cls: 0.0881  layer_-1_loss_bbox: 0.3199  matched_ious: 0.2977  aux_depth_loss: 0.4133  sec_per_iter: 0.8380  iters_per_sec: 1.1900  samples_per_sec: 19.0900  samples_per_sec_per_gpu: 4.7700  max_mem_allocated_mb: 666.3000  max_mem_reserved_mb: 22014.0000
2026/05/06 06:01:35 - mmengine - INFO - Epoch(train) [11][3050/5000]  lr: 3.6343e-05  eta: 1:38:18  time: 0.8436  data_time: 0.0151  memory: 17718  grad_norm: 15.4348  loss: 1.1623  loss_heatmap: 0.3167  layer_-1_loss_cls: 0.0858  layer_-1_loss_bbox: 0.3408  matched_ious: 0.2512  aux_depth_loss: 0.4190  sec_per_iter: 0.8383  iters_per_sec: 1.1900  samples_per_sec: 19.0900  samples_per_sec_per_gpu: 4.7700  max_mem_allocated_mb: 666.3000  max_mem_reserved_mb: 22014.0000
2026/05/06 06:02:18 - mmengine - INFO - Epoch(train) [11][3100/5000]  lr: 3.5835e-05  eta: 1:37:36  time: 0.8563  data_time: 0.0167  memory: 17867  grad_norm: 17.2262  loss: 1.1586  loss_heatmap: 0.3184  layer_-1_loss_cls: 0.0826  layer_-1_loss_bbox: 0.3444  matched_ious: 0.2843  aux_depth_loss: 0.4132  sec_per_iter: 0.8384  iters_per_sec: 1.1900  samples_per_sec: 19.0800  samples_per_sec_per_gpu: 4.7700  max_mem_allocated_mb: 666.3000  max_mem_reserved_mb: 22014.0000
2026/05/06 06:03:02 - mmengine - INFO - Epoch(train) [11][3150/5000]  lr: 3.5331e-05  eta: 1:36:54  time: 0.8904  data_time: 0.0146  memory: 17794  grad_norm: 20.0284  loss: 1.2247  loss_heatmap: 0.3523  layer_-1_loss_cls: 0.0899  layer_-1_loss_bbox: 0.3663  matched_ious: 0.3261  aux_depth_loss: 0.4162  sec_per_iter: 0.8387  iters_per_sec: 1.1900  samples_per_sec: 19.0800  samples_per_sec_per_gpu: 4.7700  max_mem_allocated_mb: 666.3000  max_mem_reserved_mb: 22014.0000
2026/05/06 06:03:44 - mmengine - INFO - Epoch(train) [11][3200/5000]  lr: 3.4829e-05  eta: 1:36:11  time: 0.8314  data_time: 0.0144  memory: 17860  grad_norm: 20.0734  loss: 1.2497  loss_heatmap: 0.3613  layer_-1_loss_cls: 0.0913  layer_-1_loss_bbox: 0.3827  matched_ious: 0.2816  aux_depth_loss: 0.4144  sec_per_iter: 0.8395  iters_per_sec: 1.1900  samples_per_sec: 19.0600  samples_per_sec_per_gpu: 4.7600  max_mem_allocated_mb: 666.3000  max_mem_reserved_mb: 22014.0000
2026/05/06 06:04:25 - mmengine - INFO - Epoch(train) [11][3250/5000]  lr: 3.4331e-05  eta: 1:35:29  time: 0.8158  data_time: 0.0143  memory: 17835  grad_norm: 19.5661  loss: 1.1539  loss_heatmap: 0.3281  layer_-1_loss_cls: 0.0791  layer_-1_loss_bbox: 0.3367  matched_ious: 0.3565  aux_depth_loss: 0.4100  sec_per_iter: 0.8394  iters_per_sec: 1.1900  samples_per_sec: 19.0600  samples_per_sec_per_gpu: 4.7700  max_mem_allocated_mb: 666.3000  max_mem_reserved_mb: 22014.0000
2026/05/06 06:05:07 - mmengine - INFO - Epoch(train) [11][3300/5000]  lr: 3.3836e-05  eta: 1:34:46  time: 0.8418  data_time: 0.0118  memory: 17824  grad_norm: 16.5231  loss: 1.1595  loss_heatmap: 0.3199  layer_-1_loss_cls: 0.0840  layer_-1_loss_bbox: 0.3454  matched_ious: 0.3531  aux_depth_loss: 0.4103  sec_per_iter: 0.8390  iters_per_sec: 1.1900  samples_per_sec: 19.0700  samples_per_sec_per_gpu: 4.7700  max_mem_allocated_mb: 666.3000  max_mem_reserved_mb: 22014.0000
2026/05/06 06:05:50 - mmengine - INFO - Epoch(train) [11][3350/5000]  lr: 3.3345e-05  eta: 1:34:04  time: 0.8631  data_time: 0.0137  memory: 17961  grad_norm: 15.2557  loss: 1.2748  loss_heatmap: 0.3545  layer_-1_loss_cls: 0.0821  layer_-1_loss_bbox: 0.4194  matched_ious: 0.2674  aux_depth_loss: 0.4188  sec_per_iter: 0.8391  iters_per_sec: 1.1900  samples_per_sec: 19.0700  samples_per_sec_per_gpu: 4.7700  max_mem_allocated_mb: 666.3000  max_mem_reserved_mb: 22014.0000
2026/05/06 06:06:33 - mmengine - INFO - Epoch(train) [11][3400/5000]  lr: 3.2857e-05  eta: 1:33:22  time: 0.8576  data_time: 0.0150  memory: 17938  grad_norm: 13.4191  loss: 1.1127  loss_heatmap: 0.3018  layer_-1_loss_cls: 0.0787  layer_-1_loss_bbox: 0.3222  matched_ious: 0.3719  aux_depth_loss: 0.4100  sec_per_iter: 0.8394  iters_per_sec: 1.1900  samples_per_sec: 19.0600  samples_per_sec_per_gpu: 4.7700  max_mem_allocated_mb: 666.3000  max_mem_reserved_mb: 22014.0000
2026/05/06 06:07:13 - mmengine - INFO - Epoch(train) [11][3450/5000]  lr: 3.2372e-05  eta: 1:32:39  time: 0.8033  data_time: 0.0132  memory: 17786  grad_norm: 12.6438  loss: 1.1466  loss_heatmap: 0.3231  layer_-1_loss_cls: 0.0843  layer_-1_loss_bbox: 0.3301  matched_ious: 0.2159  aux_depth_loss: 0.4091  sec_per_iter: 0.8397  iters_per_sec: 1.1900  samples_per_sec: 19.0500  samples_per_sec_per_gpu: 4.7600  max_mem_allocated_mb: 666.3000  max_mem_reserved_mb: 22014.0000
2026/05/06 06:07:55 - mmengine - INFO - Epoch(train) [11][3500/5000]  lr: 3.1890e-05  eta: 1:31:56  time: 0.8355  data_time: 0.0157  memory: 18155  grad_norm: 16.5799  loss: 1.1837  loss_heatmap: 0.3233  layer_-1_loss_cls: 0.0821  layer_-1_loss_bbox: 0.3703  matched_ious: 0.2231  aux_depth_loss: 0.4079  sec_per_iter: 0.8392  iters_per_sec: 1.1900  samples_per_sec: 19.0700  samples_per_sec_per_gpu: 4.7700  max_mem_allocated_mb: 666.3000  max_mem_reserved_mb: 22014.0000
2026/05/06 06:08:40 - mmengine - INFO - Epoch(train) [11][3550/5000]  lr: 3.1412e-05  eta: 1:31:14  time: 0.9027  data_time: 0.0148  memory: 17789  grad_norm: 17.0664  loss: 1.2786  loss_heatmap: 0.3869  layer_-1_loss_cls: 0.1004  layer_-1_loss_bbox: 0.3726  matched_ious: 0.2385  aux_depth_loss: 0.4187  sec_per_iter: 0.8391  iters_per_sec: 1.1900  samples_per_sec: 19.0700  samples_per_sec_per_gpu: 4.7700  max_mem_allocated_mb: 666.3000  max_mem_reserved_mb: 22014.0000
2026/05/06 06:09:22 - mmengine - INFO - Epoch(train) [11][3600/5000]  lr: 3.0937e-05  eta: 1:30:32  time: 0.8363  data_time: 0.0146  memory: 17693  grad_norm: 18.7016  loss: 1.3256  loss_heatmap: 0.3531  layer_-1_loss_cls: 0.0896  layer_-1_loss_bbox: 0.4804  matched_ious: 0.3188  aux_depth_loss: 0.4025  sec_per_iter: 0.8400  iters_per_sec: 1.1900  samples_per_sec: 19.0500  samples_per_sec_per_gpu: 4.7600  max_mem_allocated_mb: 666.3000  max_mem_reserved_mb: 22014.0000
2026/05/06 06:10:05 - mmengine - INFO - Epoch(train) [11][3650/5000]  lr: 3.0466e-05  eta: 1:29:49  time: 0.8754  data_time: 0.0149  memory: 17770  grad_norm: 18.8886  loss: 1.1601  loss_heatmap: 0.3177  layer_-1_loss_cls: 0.0825  layer_-1_loss_bbox: 0.3528  matched_ious: 0.3630  aux_depth_loss: 0.4071  sec_per_iter: 0.8400  iters_per_sec: 1.1900  samples_per_sec: 19.0500  samples_per_sec_per_gpu: 4.7600  max_mem_allocated_mb: 666.3000  max_mem_reserved_mb: 22014.0000
2026/05/06 06:10:51 - mmengine - INFO - Epoch(train) [11][3700/5000]  lr: 2.9998e-05  eta: 1:29:07  time: 0.9040  data_time: 0.0134  memory: 17871  grad_norm: 15.6255  loss: 1.2164  loss_heatmap: 0.3508  layer_-1_loss_cls: 0.0860  layer_-1_loss_bbox: 0.3722  matched_ious: 0.2981  aux_depth_loss: 0.4074  sec_per_iter: 0.8404  iters_per_sec: 1.1900  samples_per_sec: 19.0400  samples_per_sec_per_gpu: 4.7600  max_mem_allocated_mb: 666.3000  max_mem_reserved_mb: 22014.0000
2026/05/06 06:11:33 - mmengine - INFO - Epoch(train) [11][3750/5000]  lr: 2.9534e-05  eta: 1:28:25  time: 0.8442  data_time: 0.0134  memory: 17950  grad_norm: 25.2852  loss: 1.2139  loss_heatmap: 0.3578  layer_-1_loss_cls: 0.0920  layer_-1_loss_bbox: 0.3479  matched_ious: 0.1769  aux_depth_loss: 0.4162  sec_per_iter: 0.8413  iters_per_sec: 1.1900  samples_per_sec: 19.0200  samples_per_sec_per_gpu: 4.7500  max_mem_allocated_mb: 666.3000  max_mem_reserved_mb: 22014.0000
2026/05/06 06:12:14 - mmengine - INFO - Epoch(train) [11][3800/5000]  lr: 2.9072e-05  eta: 1:27:42  time: 0.8297  data_time: 0.0139  memory: 17893  grad_norm: 13.3920  loss: 1.2413  loss_heatmap: 0.3430  layer_-1_loss_cls: 0.0827  layer_-1_loss_bbox: 0.4009  matched_ious: 0.4212  aux_depth_loss: 0.4148  sec_per_iter: 0.8414  iters_per_sec: 1.1900  samples_per_sec: 19.0200  samples_per_sec_per_gpu: 4.7500  max_mem_allocated_mb: 666.3000  max_mem_reserved_mb: 22014.0000
2026/05/06 06:12:55 - mmengine - INFO - Epoch(train) [11][3850/5000]  lr: 2.8615e-05  eta: 1:27:00  time: 0.8173  data_time: 0.0124  memory: 17758  grad_norm: 10.7641  loss: 1.2008  loss_heatmap: 0.3310  layer_-1_loss_cls: 0.0804  layer_-1_loss_bbox: 0.3831  matched_ious: 0.3204  aux_depth_loss: 0.4064  sec_per_iter: 0.8412  iters_per_sec: 1.1900  samples_per_sec: 19.0200  samples_per_sec_per_gpu: 4.7600  max_mem_allocated_mb: 666.3000  max_mem_reserved_mb: 22014.0000
2026/05/06 06:13:35 - mmengine - INFO - Epoch(train) [11][3900/5000]  lr: 2.8160e-05  eta: 1:26:17  time: 0.8065  data_time: 0.0117  memory: 18047  grad_norm: 12.4026  loss: 1.1668  loss_heatmap: 0.3140  layer_-1_loss_cls: 0.0847  layer_-1_loss_bbox: 0.3561  matched_ious: 0.2455  aux_depth_loss: 0.4121  sec_per_iter: 0.8409  iters_per_sec: 1.1900  samples_per_sec: 19.0300  samples_per_sec_per_gpu: 4.7600  max_mem_allocated_mb: 666.3000  max_mem_reserved_mb: 22014.0000
2026/05/06 06:14:18 - mmengine - INFO - Epoch(train) [11][3950/5000]  lr: 2.7709e-05  eta: 1:25:34  time: 0.8418  data_time: 0.0125  memory: 17866  grad_norm: 12.2052  loss: 1.1129  loss_heatmap: 0.3115  layer_-1_loss_cls: 0.0787  layer_-1_loss_bbox: 0.3161  matched_ious: 0.3316  aux_depth_loss: 0.4066  sec_per_iter: 0.8404  iters_per_sec: 1.1900  samples_per_sec: 19.0400  samples_per_sec_per_gpu: 4.7600  max_mem_allocated_mb: 666.3000  max_mem_reserved_mb: 22014.0000
2026/05/06 06:14:59 - mmengine - INFO - Exp name: zod_bevfusion_dualinit_20260505_161926
2026/05/06 06:14:59 - mmengine - INFO - Epoch(train) [11][4000/5000]  lr: 2.7262e-05  eta: 1:24:52  time: 0.8298  data_time: 0.0130  memory: 17866  grad_norm: 12.8043  loss: 1.1436  loss_heatmap: 0.3147  layer_-1_loss_cls: 0.0767  layer_-1_loss_bbox: 0.3386  matched_ious: 0.3137  aux_depth_loss: 0.4135  sec_per_iter: 0.8405  iters_per_sec: 1.1900  samples_per_sec: 19.0400  samples_per_sec_per_gpu: 4.7600  max_mem_allocated_mb: 666.3000  max_mem_reserved_mb: 22014.0000
2026/05/06 06:15:42 - mmengine - INFO - Epoch(train) [11][4050/5000]  lr: 2.6818e-05  eta: 1:24:10  time: 0.8624  data_time: 0.0132  memory: 18106  grad_norm: 15.0546  loss: 1.2810  loss_heatmap: 0.3779  layer_-1_loss_cls: 0.0916  layer_-1_loss_bbox: 0.3995  matched_ious: 0.3441  aux_depth_loss: 0.4120  sec_per_iter: 0.8403  iters_per_sec: 1.1900  samples_per_sec: 19.0400  samples_per_sec_per_gpu: 4.7600  max_mem_allocated_mb: 666.3000  max_mem_reserved_mb: 22014.0000
2026/05/06 06:16:24 - mmengine - INFO - Epoch(train) [11][4100/5000]  lr: 2.6377e-05  eta: 1:23:27  time: 0.8280  data_time: 0.0125  memory: 17776  grad_norm: 15.9388  loss: 1.1573  loss_heatmap: 0.3062  layer_-1_loss_cls: 0.0771  layer_-1_loss_bbox: 0.3668  matched_ious: 0.3929  aux_depth_loss: 0.4072  sec_per_iter: 0.8406  iters_per_sec: 1.1900  samples_per_sec: 19.0300  samples_per_sec_per_gpu: 4.7600  max_mem_allocated_mb: 666.3000  max_mem_reserved_mb: 22014.0000
2026/05/06 06:17:06 - mmengine - INFO - Epoch(train) [11][4150/5000]  lr: 2.5940e-05  eta: 1:22:45  time: 0.8545  data_time: 0.0122  memory: 17906  grad_norm: 13.7295  loss: 1.1808  loss_heatmap: 0.3391  layer_-1_loss_cls: 0.0826  layer_-1_loss_bbox: 0.3446  matched_ious: 0.3202  aux_depth_loss: 0.4145  sec_per_iter: 0.8405  iters_per_sec: 1.1900  samples_per_sec: 19.0400  samples_per_sec_per_gpu: 4.7600  max_mem_allocated_mb: 666.3000  max_mem_reserved_mb: 22014.0000
2026/05/06 06:17:47 - mmengine - INFO - Epoch(train) [11][4200/5000]  lr: 2.5506e-05  eta: 1:22:02  time: 0.8183  data_time: 0.0123  memory: 17929  grad_norm: 18.1470  loss: 1.0915  loss_heatmap: 0.2895  layer_-1_loss_cls: 0.0774  layer_-1_loss_bbox: 0.3158  matched_ious: 0.2108  aux_depth_loss: 0.4088  sec_per_iter: 0.8406  iters_per_sec: 1.1900  samples_per_sec: 19.0300  samples_per_sec_per_gpu: 4.7600  max_mem_allocated_mb: 666.3000  max_mem_reserved_mb: 22014.0000
2026/05/06 06:18:27 - mmengine - INFO - Epoch(train) [11][4250/5000]  lr: 2.5076e-05  eta: 1:21:19  time: 0.7979  data_time: 0.0140  memory: 17922  grad_norm: 13.1904  loss: 1.2222  loss_heatmap: 0.3542  layer_-1_loss_cls: 0.0809  layer_-1_loss_bbox: 0.3791  matched_ious: 0.1946  aux_depth_loss: 0.4080  sec_per_iter: 0.8404  iters_per_sec: 1.1900  samples_per_sec: 19.0400  samples_per_sec_per_gpu: 4.7600  max_mem_allocated_mb: 666.3000  max_mem_reserved_mb: 22014.0000
2026/05/06 06:19:09 - mmengine - INFO - Epoch(train) [11][4300/5000]  lr: 2.4649e-05  eta: 1:20:37  time: 0.8332  data_time: 0.0163  memory: 17930  grad_norm: 14.8636  loss: 1.1496  loss_heatmap: 0.3276  layer_-1_loss_cls: 0.0817  layer_-1_loss_bbox: 0.3319  matched_ious: 0.4015  aux_depth_loss: 0.4084  sec_per_iter: 0.8399  iters_per_sec: 1.1900  samples_per_sec: 19.0500  samples_per_sec_per_gpu: 4.7600  max_mem_allocated_mb: 666.3000  max_mem_reserved_mb: 22014.0000
2026/05/06 06:19:51 - mmengine - INFO - Epoch(train) [11][4350/5000]  lr: 2.4226e-05  eta: 1:19:54  time: 0.8483  data_time: 0.0154  memory: 17983  grad_norm: 14.2354  loss: 1.1613  loss_heatmap: 0.3415  layer_-1_loss_cls: 0.0919  layer_-1_loss_bbox: 0.3309  matched_ious: 0.3059  aux_depth_loss: 0.3970  sec_per_iter: 0.8398  iters_per_sec: 1.1900  samples_per_sec: 19.0500  samples_per_sec_per_gpu: 4.7600  max_mem_allocated_mb: 666.3000  max_mem_reserved_mb: 22014.0000
2026/05/06 06:20:31 - mmengine - INFO - Epoch(train) [11][4400/5000]  lr: 2.3806e-05  eta: 1:19:12  time: 0.8035  data_time: 0.0127  memory: 17871  grad_norm: 16.1597  loss: 1.1104  loss_heatmap: 0.3107  layer_-1_loss_cls: 0.0799  layer_-1_loss_bbox: 0.3103  matched_ious: 0.3061  aux_depth_loss: 0.4096  sec_per_iter: 0.8399  iters_per_sec: 1.1900  samples_per_sec: 19.0500  samples_per_sec_per_gpu: 4.7600  max_mem_allocated_mb: 666.3000  max_mem_reserved_mb: 22014.0000
2026/05/06 06:21:13 - mmengine - INFO - Epoch(train) [11][4450/5000]  lr: 2.3390e-05  eta: 1:18:29  time: 0.8330  data_time: 0.0125  memory: 17780  grad_norm: 15.9517  loss: 1.1819  loss_heatmap: 0.3113  layer_-1_loss_cls: 0.0775  layer_-1_loss_bbox: 0.3849  matched_ious: 0.4647  aux_depth_loss: 0.4082  sec_per_iter: 0.8395  iters_per_sec: 1.1900  samples_per_sec: 19.0600  samples_per_sec_per_gpu: 4.7600  max_mem_allocated_mb: 666.3000  max_mem_reserved_mb: 22014.0000
2026/05/06 06:21:56 - mmengine - INFO - Epoch(train) [11][4500/5000]  lr: 2.2977e-05  eta: 1:17:47  time: 0.8632  data_time: 0.0177  memory: 17830  grad_norm: 22.1784  loss: 1.2081  loss_heatmap: 0.3518  layer_-1_loss_cls: 0.0992  layer_-1_loss_bbox: 0.3515  matched_ious: 0.1549  aux_depth_loss: 0.4057  sec_per_iter: 0.8394  iters_per_sec: 1.1900  samples_per_sec: 19.0600  samples_per_sec_per_gpu: 4.7700  max_mem_allocated_mb: 666.3000  max_mem_reserved_mb: 22014.0000
2026/05/06 06:22:38 - mmengine - INFO - Epoch(train) [11][4550/5000]  lr: 2.2568e-05  eta: 1:17:04  time: 0.8265  data_time: 0.0138  memory: 17751  grad_norm: 19.3919  loss: 1.1499  loss_heatmap: 0.3218  layer_-1_loss_cls: 0.0838  layer_-1_loss_bbox: 0.3401  matched_ious: 0.2886  aux_depth_loss: 0.4042  sec_per_iter: 0.8397  iters_per_sec: 1.1900  samples_per_sec: 19.0600  samples_per_sec_per_gpu: 4.7600  max_mem_allocated_mb: 666.3000  max_mem_reserved_mb: 22014.0000
2026/05/06 06:23:18 - mmengine - INFO - Epoch(train) [11][4600/5000]  lr: 2.2162e-05  eta: 1:16:22  time: 0.8144  data_time: 0.0145  memory: 17886  grad_norm: 20.7609  loss: 1.1815  loss_heatmap: 0.3387  layer_-1_loss_cls: 0.0898  layer_-1_loss_bbox: 0.3435  matched_ious: 0.3000  aux_depth_loss: 0.4096  sec_per_iter: 0.8395  iters_per_sec: 1.1900  samples_per_sec: 19.0600  samples_per_sec_per_gpu: 4.7600  max_mem_allocated_mb: 666.3000  max_mem_reserved_mb: 22014.0000
2026/05/06 06:24:02 - mmengine - INFO - Epoch(train) [11][4650/5000]  lr: 2.1760e-05  eta: 1:15:39  time: 0.8654  data_time: 0.0135  memory: 17837  grad_norm: 17.6495  loss: 1.1919  loss_heatmap: 0.3304  layer_-1_loss_cls: 0.0861  layer_-1_loss_bbox: 0.3703  matched_ious: 0.3184  aux_depth_loss: 0.4050  sec_per_iter: 0.8392  iters_per_sec: 1.1900  samples_per_sec: 19.0600  samples_per_sec_per_gpu: 4.7700  max_mem_allocated_mb: 666.3000  max_mem_reserved_mb: 22014.0000
2026/05/06 06:24:42 - mmengine - INFO - Epoch(train) [11][4700/5000]  lr: 2.1361e-05  eta: 1:14:57  time: 0.8098  data_time: 0.0124  memory: 17870  grad_norm: 17.8154  loss: 1.1150  loss_heatmap: 0.2939  layer_-1_loss_cls: 0.0751  layer_-1_loss_bbox: 0.3379  matched_ious: 0.2972  aux_depth_loss: 0.4080  sec_per_iter: 0.8395  iters_per_sec: 1.1900  samples_per_sec: 19.0600  samples_per_sec_per_gpu: 4.7600  max_mem_allocated_mb: 666.3000  max_mem_reserved_mb: 22014.0000
2026/05/06 06:25:24 - mmengine - INFO - Epoch(train) [11][4750/5000]  lr: 2.0966e-05  eta: 1:14:14  time: 0.8329  data_time: 0.0119  memory: 17883  grad_norm: 30.2913  loss: 1.2374  loss_heatmap: 0.3529  layer_-1_loss_cls: 0.0812  layer_-1_loss_bbox: 0.3947  matched_ious: 0.2511  aux_depth_loss: 0.4086  sec_per_iter: 0.8392  iters_per_sec: 1.1900  samples_per_sec: 19.0700  samples_per_sec_per_gpu: 4.7700  max_mem_allocated_mb: 666.3000  max_mem_reserved_mb: 22014.0000
2026/05/06 06:26:07 - mmengine - INFO - Epoch(train) [11][4800/5000]  lr: 2.0574e-05  eta: 1:13:32  time: 0.8615  data_time: 0.0120  memory: 17779  grad_norm: 17.9442  loss: 1.1489  loss_heatmap: 0.3241  layer_-1_loss_cls: 0.0785  layer_-1_loss_bbox: 0.3369  matched_ious: 0.3087  aux_depth_loss: 0.4093  sec_per_iter: 0.8391  iters_per_sec: 1.1900  samples_per_sec: 19.0700  samples_per_sec_per_gpu: 4.7700  max_mem_allocated_mb: 666.3000  max_mem_reserved_mb: 22014.0000
2026/05/06 06:26:51 - mmengine - INFO - Epoch(train) [11][4850/5000]  lr: 2.0186e-05  eta: 1:12:50  time: 0.8747  data_time: 0.0142  memory: 17786  grad_norm: 21.1155  loss: 1.2236  loss_heatmap: 0.3607  layer_-1_loss_cls: 0.0944  layer_-1_loss_bbox: 0.3582  matched_ious: 0.2805  aux_depth_loss: 0.4103  sec_per_iter: 0.8394  iters_per_sec: 1.1900  samples_per_sec: 19.0600  samples_per_sec_per_gpu: 4.7700  max_mem_allocated_mb: 666.3000  max_mem_reserved_mb: 22014.0000
2026/05/06 06:27:33 - mmengine - INFO - Epoch(train) [11][4900/5000]  lr: 1.9801e-05  eta: 1:12:07  time: 0.8538  data_time: 0.0137  memory: 17818  grad_norm: 26.4972  loss: 1.2144  loss_heatmap: 0.3420  layer_-1_loss_cls: 0.0890  layer_-1_loss_bbox: 0.3749  matched_ious: 0.4069  aux_depth_loss: 0.4084  sec_per_iter: 0.8397  iters_per_sec: 1.1900  samples_per_sec: 19.0500  samples_per_sec_per_gpu: 4.7600  max_mem_allocated_mb: 666.3000  max_mem_reserved_mb: 22014.0000
2026/05/06 06:28:15 - mmengine - INFO - Epoch(train) [11][4950/5000]  lr: 1.9420e-05  eta: 1:11:25  time: 0.8377  data_time: 0.0155  memory: 17891  grad_norm: 17.3043  loss: 1.1209  loss_heatmap: 0.3062  layer_-1_loss_cls: 0.0787  layer_-1_loss_bbox: 0.3257  matched_ious: 0.3383  aux_depth_loss: 0.4102  sec_per_iter: 0.8399  iters_per_sec: 1.1900  samples_per_sec: 19.0500  samples_per_sec_per_gpu: 4.7600  max_mem_allocated_mb: 666.3000  max_mem_reserved_mb: 22014.0000
2026/05/06 06:28:56 - mmengine - INFO - Exp name: zod_bevfusion_dualinit_20260505_161926
2026/05/06 06:28:56 - mmengine - INFO - Epoch(train) [11][5000/5000]  lr: 1.9042e-05  eta: 1:10:42  time: 0.8244  data_time: 0.0134  memory: 17696  grad_norm: 17.3291  loss: 1.1599  loss_heatmap: 0.3302  layer_-1_loss_cls: 0.0828  layer_-1_loss_bbox: 0.3384  matched_ious: 0.2331  aux_depth_loss: 0.4085  sec_per_iter: 0.8399  iters_per_sec: 1.1900  samples_per_sec: 19.0500  samples_per_sec_per_gpu: 4.7600  max_mem_allocated_mb: 666.3000  max_mem_reserved_mb: 22014.0000
2026/05/06 06:28:56 - mmengine - INFO - [Efficiency] Epoch 11: wall=4198.6s  iters=5000  sec/iter=0.840  mem_alloc=666MB  mem_rsv=22014MB
2026/05/06 06:29:10 - mmengine - INFO - Epoch(val) [11][  50/1250]    eta: 0:05:22  time: 0.2687  data_time: 0.0156  memory: 4781  
2026/05/06 06:29:23 - mmengine - INFO - Epoch(val) [11][ 100/1250]    eta: 0:05:04  time: 0.2602  data_time: 0.0061  memory: 4786  
2026/05/06 06:29:35 - mmengine - INFO - Epoch(val) [11][ 150/1250]    eta: 0:04:43  time: 0.2452  data_time: 0.0065  memory: 4789  
2026/05/06 06:29:48 - mmengine - INFO - Epoch(val) [11][ 200/1250]    eta: 0:04:29  time: 0.2532  data_time: 0.0064  memory: 4787  
2026/05/06 06:30:00 - mmengine - INFO - Epoch(val) [11][ 250/1250]    eta: 0:04:15  time: 0.2513  data_time: 0.0057  memory: 4776  
2026/05/06 06:30:13 - mmengine - INFO - Epoch(val) [11][ 300/1250]    eta: 0:04:01  time: 0.2436  data_time: 0.0054  memory: 4784  
2026/05/06 06:30:25 - mmengine - INFO - Epoch(val) [11][ 350/1250]    eta: 0:03:46  time: 0.2404  data_time: 0.0057  memory: 4787  
2026/05/06 06:30:36 - mmengine - INFO - Epoch(val) [11][ 400/1250]    eta: 0:03:32  time: 0.2362  data_time: 0.0055  memory: 4777  
2026/05/06 06:30:50 - mmengine - INFO - Epoch(val) [11][ 450/1250]    eta: 0:03:21  time: 0.2733  data_time: 0.0060  memory: 4780  
2026/05/06 06:31:02 - mmengine - INFO - Epoch(val) [11][ 500/1250]    eta: 0:03:08  time: 0.2411  data_time: 0.0054  memory: 4780  
2026/05/06 06:31:15 - mmengine - INFO - Epoch(val) [11][ 550/1250]    eta: 0:02:56  time: 0.2604  data_time: 0.0055  memory: 4780  
2026/05/06 06:31:28 - mmengine - INFO - Epoch(val) [11][ 600/1250]    eta: 0:02:43  time: 0.2531  data_time: 0.0061  memory: 4784  
2026/05/06 06:31:40 - mmengine - INFO - Epoch(val) [11][ 650/1250]    eta: 0:02:31  time: 0.2475  data_time: 0.0059  memory: 4784  
2026/05/06 06:31:52 - mmengine - INFO - Epoch(val) [11][ 700/1250]    eta: 0:02:17  time: 0.2361  data_time: 0.0055  memory: 4781  
2026/05/06 06:32:05 - mmengine - INFO - Epoch(val) [11][ 750/1250]    eta: 0:02:05  time: 0.2560  data_time: 0.0060  memory: 4783  
2026/05/06 06:32:17 - mmengine - INFO - Epoch(val) [11][ 800/1250]    eta: 0:01:53  time: 0.2519  data_time: 0.0067  memory: 4778  
2026/05/06 06:32:32 - mmengine - INFO - Epoch(val) [11][ 850/1250]    eta: 0:01:41  time: 0.2938  data_time: 0.0056  memory: 4783  
2026/05/06 06:32:44 - mmengine - INFO - Epoch(val) [11][ 900/1250]    eta: 0:01:28  time: 0.2383  data_time: 0.0054  memory: 4787  
2026/05/06 06:32:56 - mmengine - INFO - Epoch(val) [11][ 950/1250]    eta: 0:01:15  time: 0.2359  data_time: 0.0052  memory: 4783  
2026/05/06 06:33:08 - mmengine - INFO - Epoch(val) [11][1000/1250]    eta: 0:01:02  time: 0.2465  data_time: 0.0058  memory: 4786  
2026/05/06 06:33:21 - mmengine - INFO - Epoch(val) [11][1050/1250]    eta: 0:00:50  time: 0.2574  data_time: 0.0063  memory: 4786  
2026/05/06 06:33:33 - mmengine - INFO - Epoch(val) [11][1100/1250]    eta: 0:00:37  time: 0.2359  data_time: 0.0052  memory: 4787  
2026/05/06 06:33:45 - mmengine - INFO - Epoch(val) [11][1150/1250]    eta: 0:00:25  time: 0.2447  data_time: 0.0053  memory: 4781  
2026/05/06 06:33:57 - mmengine - INFO - Epoch(val) [11][1200/1250]    eta: 0:00:12  time: 0.2313  data_time: 0.0053  memory: 4779  
2026/05/06 06:34:09 - mmengine - INFO - Epoch(val) [11][1250/1250]    eta: 0:00:00  time: 0.2406  data_time: 0.0054  memory: 4783  
2026/05/06 06:35:24 - mmengine - INFO - 
+------------+---------+---------+---------+---------+
| classes    | AP_0.25 | AR_0.25 | AP_0.50 | AR_0.50 |
+------------+---------+---------+---------+---------+
| pedestrian | 0.8121  | 0.9416  | 0.5828  | 0.7228  |
+------------+---------+---------+---------+---------+
| Overall    | 0.8121  | 0.9416  | 0.5828  | 0.7228  |
+------------+---------+---------+---------+---------+
2026/05/06 06:35:54 - mmengine - INFO - 
+------------+---------+---------+---------+---------+---------+---------+---------+---------+
| classes    | AP_0.5m | AR_0.5m | AP_1.0m | AR_1.0m | AP_2.0m | AR_2.0m | AP_4.0m | AR_4.0m |
+------------+---------+---------+---------+---------+---------+---------+---------+---------+
| pedestrian | 0.8303  | 0.9659  | 0.8373  | 0.9720  | 0.8417  | 0.9758  | 0.8480  | 0.9813  |
+------------+---------+---------+---------+---------+---------+---------+---------+---------+
| Overall    | 0.8303  | 0.9659  | 0.8373  | 0.9720  | 0.8417  | 0.9758  | 0.8480  | 0.9813  |
+------------+---------+---------+---------+---------+---------+---------+---------+---------+
2026/05/06 06:35:55 - mmengine - INFO - Epoch(val) [11][1250/1250]    pedestrian_AP_0.25: 0.8121  mAP_0.25: 0.8121  pedestrian_rec_0.25: 0.9416  mAR_0.25: 0.9416  pedestrian_AP_0.50: 0.5828  mAP_0.50: 0.5828  pedestrian_rec_0.50: 0.7228  mAR_0.50: 0.7228  pedestrian_AP_0.5m: 0.8303  pedestrian_rec_0.5m: 0.9659  pedestrian_AP_1.0m: 0.8373  pedestrian_rec_1.0m: 0.9720  pedestrian_AP_2.0m: 0.8417  pedestrian_rec_2.0m: 0.9758  pedestrian_AP_4.0m: 0.8480  pedestrian_rec_4.0m: 0.9813  mAP_0.5m: 0.8303  mAR_0.5m: 0.9659  mAP_1.0m: 0.8373  mAR_1.0m: 0.9720  mAP_2.0m: 0.8417  mAR_2.0m: 0.9758  mAP_4.0m: 0.8480  mAR_4.0m: 0.9813  data_time: 0.0061  time: 0.2497
2026/05/06 06:35:55 - mmengine - INFO - The previous best checkpoint /home/users/u103958/projects/multimodal-MoE/outputs/runs/zod_bevfusion_dualinit/bevfusion-dualinit_4543552/best_mAP_0.50_epoch_10.pth is removed
2026/05/06 06:35:56 - mmengine - INFO - The best checkpoint with 0.5828 mAP_0.50 at 11 epoch is saved to best_mAP_0.50_epoch_11.pth.
2026/05/06 06:36:44 - mmengine - INFO - Epoch(train) [12][  50/5000]  lr: 1.8668e-05  eta: 1:10:00  time: 0.9165  data_time: 0.0265  memory: 17819  grad_norm: 14.7352  loss: 1.2713  loss_heatmap: 0.3688  layer_-1_loss_cls: 0.0898  layer_-1_loss_bbox: 0.4022  matched_ious: 0.4047  aux_depth_loss: 0.4105  sec_per_iter: 0.8397  iters_per_sec: 1.1900  samples_per_sec: 19.0500  samples_per_sec_per_gpu: 4.7600  max_mem_allocated_mb: 666.3000  max_mem_reserved_mb: 22014.0000
2026/05/06 06:37:25 - mmengine - INFO - Epoch(train) [12][ 100/5000]  lr: 1.8298e-05  eta: 1:09:17  time: 0.8227  data_time: 0.0129  memory: 18034  grad_norm: 16.7920  loss: 1.3078  loss_heatmap: 0.3744  layer_-1_loss_cls: 0.0909  layer_-1_loss_bbox: 0.4277  matched_ious: 0.2247  aux_depth_loss: 0.4148  sec_per_iter: 0.9173  iters_per_sec: 1.0900  samples_per_sec: 17.4400  samples_per_sec_per_gpu: 4.3600  max_mem_allocated_mb: 666.3000  max_mem_reserved_mb: 22014.0000
2026/05/06 06:38:08 - mmengine - INFO - Epoch(train) [12][ 150/5000]  lr: 1.7931e-05  eta: 1:08:35  time: 0.8703  data_time: 0.0142  memory: 17746  grad_norm: 14.5808  loss: 1.1355  loss_heatmap: 0.3287  layer_-1_loss_cls: 0.0871  layer_-1_loss_bbox: 0.3184  matched_ious: 0.3103  aux_depth_loss: 0.4014  sec_per_iter: 0.8698  iters_per_sec: 1.1500  samples_per_sec: 18.3900  samples_per_sec_per_gpu: 4.6000  max_mem_allocated_mb: 666.3000  max_mem_reserved_mb: 22014.0000
2026/05/06 06:38:51 - mmengine - INFO - Epoch(train) [12][ 200/5000]  lr: 1.7568e-05  eta: 1:07:53  time: 0.8558  data_time: 0.0142  memory: 17958  grad_norm: 15.9399  loss: 1.1306  loss_heatmap: 0.3066  layer_-1_loss_cls: 0.0767  layer_-1_loss_bbox: 0.3363  matched_ious: 0.3358  aux_depth_loss: 0.4110  sec_per_iter: 0.8701  iters_per_sec: 1.1500  samples_per_sec: 18.3900  samples_per_sec_per_gpu: 4.6000  max_mem_allocated_mb: 666.3000  max_mem_reserved_mb: 22014.0000
2026/05/06 06:39:33 - mmengine - INFO - Epoch(train) [12][ 250/5000]  lr: 1.7208e-05  eta: 1:07:10  time: 0.8329  data_time: 0.0124  memory: 17824  grad_norm: 13.7286  loss: 1.1231  loss_heatmap: 0.3058  layer_-1_loss_cls: 0.0757  layer_-1_loss_bbox: 0.3361  matched_ious: 0.3404  aux_depth_loss: 0.4055  sec_per_iter: 0.8665  iters_per_sec: 1.1500  samples_per_sec: 18.4700  samples_per_sec_per_gpu: 4.6200  max_mem_allocated_mb: 666.3000  max_mem_reserved_mb: 22014.0000
2026/05/06 06:40:14 - mmengine - INFO - Epoch(train) [12][ 300/5000]  lr: 1.6852e-05  eta: 1:06:28  time: 0.8274  data_time: 0.0141  memory: 17847  grad_norm: 16.9876  loss: 1.1515  loss_heatmap: 0.3086  layer_-1_loss_cls: 0.0820  layer_-1_loss_bbox: 0.3485  matched_ious: 0.3091  aux_depth_loss: 0.4124  sec_per_iter: 0.8598  iters_per_sec: 1.1600  samples_per_sec: 18.6100  samples_per_sec_per_gpu: 4.6500  max_mem_allocated_mb: 666.3000  max_mem_reserved_mb: 22014.0000
2026/05/06 06:40:56 - mmengine - INFO - Epoch(train) [12][ 350/5000]  lr: 1.6500e-05  eta: 1:05:45  time: 0.8386  data_time: 0.0174  memory: 17862  grad_norm: 14.3724  loss: 1.1068  loss_heatmap: 0.2898  layer_-1_loss_cls: 0.0706  layer_-1_loss_bbox: 0.3462  matched_ious: 0.3289  aux_depth_loss: 0.4002  sec_per_iter: 0.8544  iters_per_sec: 1.1700  samples_per_sec: 18.7300  samples_per_sec_per_gpu: 4.6800  max_mem_allocated_mb: 666.3000  max_mem_reserved_mb: 22014.0000
2026/05/06 06:41:39 - mmengine - INFO - Epoch(train) [12][ 400/5000]  lr: 1.6151e-05  eta: 1:05:03  time: 0.8661  data_time: 0.0142  memory: 17728  grad_norm: 13.9563  loss: 1.1266  loss_heatmap: 0.2991  layer_-1_loss_cls: 0.0718  layer_-1_loss_bbox: 0.3554  matched_ious: 0.1868  aux_depth_loss: 0.4003  sec_per_iter: 0.8522  iters_per_sec: 1.1700  samples_per_sec: 18.7800  samples_per_sec_per_gpu: 4.6900  max_mem_allocated_mb: 666.3000  max_mem_reserved_mb: 22014.0000
2026/05/06 06:42:23 - mmengine - INFO - Epoch(train) [12][ 450/5000]  lr: 1.5805e-05  eta: 1:04:21  time: 0.8787  data_time: 0.0156  memory: 17946  grad_norm: 15.6292  loss: 1.0885  loss_heatmap: 0.3122  layer_-1_loss_cls: 0.0844  layer_-1_loss_bbox: 0.2855  matched_ious: 0.2644  aux_depth_loss: 0.4064  sec_per_iter: 0.8539  iters_per_sec: 1.1700  samples_per_sec: 18.7400  samples_per_sec_per_gpu: 4.6800  max_mem_allocated_mb: 666.3000  max_mem_reserved_mb: 22014.0000
2026/05/06 06:43:09 - mmengine - INFO - Epoch(train) [12][ 500/5000]  lr: 1.5464e-05  eta: 1:03:38  time: 0.9039  data_time: 0.0205  memory: 17789  grad_norm: 15.9177  loss: 1.1781  loss_heatmap: 0.3316  layer_-1_loss_cls: 0.0801  layer_-1_loss_bbox: 0.3576  matched_ious: 0.3061  aux_depth_loss: 0.4088  sec_per_iter: 0.8567  iters_per_sec: 1.1700  samples_per_sec: 18.6800  samples_per_sec_per_gpu: 4.6700  max_mem_allocated_mb: 666.3000  max_mem_reserved_mb: 22014.0000
2026/05/06 06:43:51 - mmengine - INFO - Epoch(train) [12][ 550/5000]  lr: 1.5126e-05  eta: 1:02:56  time: 0.8511  data_time: 0.0168  memory: 17778  grad_norm: 18.3193  loss: 1.2663  loss_heatmap: 0.3548  layer_-1_loss_cls: 0.0858  layer_-1_loss_bbox: 0.4170  matched_ious: 0.1970  aux_depth_loss: 0.4087  sec_per_iter: 0.8615  iters_per_sec: 1.1600  samples_per_sec: 18.5700  samples_per_sec_per_gpu: 4.6400  max_mem_allocated_mb: 666.3000  max_mem_reserved_mb: 22014.0000
2026/05/06 06:44:36 - mmengine - INFO - Epoch(train) [12][ 600/5000]  lr: 1.4791e-05  eta: 1:02:14  time: 0.8887  data_time: 0.0144  memory: 17881  grad_norm: 21.4264  loss: 1.1287  loss_heatmap: 0.3032  layer_-1_loss_cls: 0.0828  layer_-1_loss_bbox: 0.3345  matched_ious: 0.2074  aux_depth_loss: 0.4082  sec_per_iter: 0.8605  iters_per_sec: 1.1600  samples_per_sec: 18.5900  samples_per_sec_per_gpu: 4.6500  max_mem_allocated_mb: 666.3000  max_mem_reserved_mb: 22014.0000
2026/05/06 06:45:22 - mmengine - INFO - Epoch(train) [12][ 650/5000]  lr: 1.4461e-05  eta: 1:01:32  time: 0.9273  data_time: 0.0150  memory: 17875  grad_norm: 23.1161  loss: 1.1247  loss_heatmap: 0.3060  layer_-1_loss_cls: 0.0817  layer_-1_loss_bbox: 0.3264  matched_ious: 0.3759  aux_depth_loss: 0.4106  sec_per_iter: 0.8628  iters_per_sec: 1.1600  samples_per_sec: 18.5400  samples_per_sec_per_gpu: 4.6400  max_mem_allocated_mb: 666.3000  max_mem_reserved_mb: 22014.0000
2026/05/06 06:46:08 - mmengine - INFO - Epoch(train) [12][ 700/5000]  lr: 1.4133e-05  eta: 1:00:49  time: 0.9304  data_time: 0.0174  memory: 17770  grad_norm: 25.7750  loss: 1.1540  loss_heatmap: 0.3341  layer_-1_loss_cls: 0.0836  layer_-1_loss_bbox: 0.3328  matched_ious: 0.2942  aux_depth_loss: 0.4035  sec_per_iter: 0.8678  iters_per_sec: 1.1500  samples_per_sec: 18.4400  samples_per_sec_per_gpu: 4.6100  max_mem_allocated_mb: 666.3000  max_mem_reserved_mb: 22014.0000
2026/05/06 06:47:00 - mmengine - INFO - Epoch(train) [12][ 750/5000]  lr: 1.3810e-05  eta: 1:00:08  time: 1.0351  data_time: 0.0209  memory: 17827  grad_norm: 24.0670  loss: 1.1649  loss_heatmap: 0.3162  layer_-1_loss_cls: 0.0815  layer_-1_loss_bbox: 0.3618  matched_ious: 0.2147  aux_depth_loss: 0.4054  sec_per_iter: 0.8723  iters_per_sec: 1.1500  samples_per_sec: 18.3400  samples_per_sec_per_gpu: 4.5900  max_mem_allocated_mb: 666.3000  max_mem_reserved_mb: 22014.0000
2026/05/06 06:47:57 - mmengine - INFO - Epoch(train) [12][ 800/5000]  lr: 1.3490e-05  eta: 0:59:26  time: 1.1306  data_time: 0.0217  memory: 17748  grad_norm: 22.4557  loss: 1.1898  loss_heatmap: 0.3327  layer_-1_loss_cls: 0.0776  layer_-1_loss_bbox: 0.3804  matched_ious: 0.2985  aux_depth_loss: 0.3990  sec_per_iter: 0.8831  iters_per_sec: 1.1300  samples_per_sec: 18.1200  samples_per_sec_per_gpu: 4.5300  max_mem_allocated_mb: 666.3000  max_mem_reserved_mb: 22014.0000
2026/05/06 06:48:45 - mmengine - INFO - Epoch(train) [12][ 850/5000]  lr: 1.3174e-05  eta: 0:58:44  time: 0.9629  data_time: 0.0186  memory: 17938  grad_norm: 24.0261  loss: 1.2136  loss_heatmap: 0.3445  layer_-1_loss_cls: 0.0829  layer_-1_loss_bbox: 0.3715  matched_ious: 0.2862  aux_depth_loss: 0.4147  sec_per_iter: 0.8986  iters_per_sec: 1.1100  samples_per_sec: 17.8000  samples_per_sec_per_gpu: 4.4500  max_mem_allocated_mb: 666.3000  max_mem_reserved_mb: 22014.0000
2026/05/06 06:49:30 - mmengine - INFO - Epoch(train) [12][ 900/5000]  lr: 1.2861e-05  eta: 0:58:02  time: 0.9027  data_time: 0.0147  memory: 18058  grad_norm: inf  loss: 1.2291  loss_heatmap: 0.3561  layer_-1_loss_cls: 0.0953  layer_-1_loss_bbox: 0.3677  matched_ious: 0.2296  aux_depth_loss: 0.4100  sec_per_iter: 0.9024  iters_per_sec: 1.1100  samples_per_sec: 17.7300  samples_per_sec_per_gpu: 4.4300  max_mem_allocated_mb: 666.3000  max_mem_reserved_mb: 22014.0000
2026/05/06 06:50:13 - mmengine - INFO - Epoch(train) [12][ 950/5000]  lr: 1.2552e-05  eta: 0:57:20  time: 0.8614  data_time: 0.0161  memory: 17836  grad_norm: 36.0921  loss: 1.0998  loss_heatmap: 0.3001  layer_-1_loss_cls: 0.0783  layer_-1_loss_bbox: 0.3130  matched_ious: 0.3224  aux_depth_loss: 0.4085  sec_per_iter: 0.9025  iters_per_sec: 1.1100  samples_per_sec: 17.7300  samples_per_sec_per_gpu: 4.4300  max_mem_allocated_mb: 666.3000  max_mem_reserved_mb: 22014.0000
2026/05/06 06:50:56 - mmengine - INFO - Exp name: zod_bevfusion_dualinit_20260505_161926
2026/05/06 06:50:56 - mmengine - INFO - Epoch(train) [12][1000/5000]  lr: 1.2247e-05  eta: 0:56:37  time: 0.8608  data_time: 0.0175  memory: 17762  grad_norm: 26.6950  loss: 1.1315  loss_heatmap: 0.3274  layer_-1_loss_cls: 0.0893  layer_-1_loss_bbox: 0.3059  matched_ious: 0.3117  aux_depth_loss: 0.4088  sec_per_iter: 0.9003  iters_per_sec: 1.1100  samples_per_sec: 17.7700  samples_per_sec_per_gpu: 4.4400  max_mem_allocated_mb: 666.3000  max_mem_reserved_mb: 22014.0000
2026/05/06 06:51:40 - mmengine - INFO - Epoch(train) [12][1050/5000]  lr: 1.1945e-05  eta: 0:55:55  time: 0.8799  data_time: 0.0170  memory: 17865  grad_norm: 21.9405  loss: 1.1392  loss_heatmap: 0.3128  layer_-1_loss_cls: 0.0766  layer_-1_loss_bbox: 0.3503  matched_ious: 0.2236  aux_depth_loss: 0.3994  sec_per_iter: 0.8983  iters_per_sec: 1.1100  samples_per_sec: 17.8100  samples_per_sec_per_gpu: 4.4500  max_mem_allocated_mb: 666.3000  max_mem_reserved_mb: 22014.0000
2026/05/06 06:52:22 - mmengine - INFO - Epoch(train) [12][1100/5000]  lr: 1.1647e-05  eta: 0:55:12  time: 0.8324  data_time: 0.0127  memory: 17884  grad_norm: 28.5815  loss: 1.2800  loss_heatmap: 0.3600  layer_-1_loss_cls: 0.0925  layer_-1_loss_bbox: 0.4186  matched_ious: 0.2529  aux_depth_loss: 0.4089  sec_per_iter: 0.8974  iters_per_sec: 1.1100  samples_per_sec: 17.8300  samples_per_sec_per_gpu: 4.4600  max_mem_allocated_mb: 666.3000  max_mem_reserved_mb: 22014.0000
2026/05/06 06:53:07 - mmengine - INFO - Epoch(train) [12][1150/5000]  lr: 1.1353e-05  eta: 0:54:30  time: 0.8960  data_time: 0.0155  memory: 17990  grad_norm: 22.5482  loss: 1.1847  loss_heatmap: 0.3345  layer_-1_loss_cls: 0.0847  layer_-1_loss_bbox: 0.3531  matched_ious: 0.3643  aux_depth_loss: 0.4124  sec_per_iter: 0.8945  iters_per_sec: 1.1200  samples_per_sec: 17.8900  samples_per_sec_per_gpu: 4.4700  max_mem_allocated_mb: 666.3000  max_mem_reserved_mb: 22014.0000
2026/05/06 06:53:48 - mmengine - INFO - Epoch(train) [12][1200/5000]  lr: 1.1062e-05  eta: 0:53:47  time: 0.8356  data_time: 0.0126  memory: 17719  grad_norm: 25.9713  loss: 1.1043  loss_heatmap: 0.2943  layer_-1_loss_cls: 0.0743  layer_-1_loss_bbox: 0.3304  matched_ious: 0.4587  aux_depth_loss: 0.4052  sec_per_iter: 0.8946  iters_per_sec: 1.1200  samples_per_sec: 17.8900  samples_per_sec_per_gpu: 4.4700  max_mem_allocated_mb: 666.3000  max_mem_reserved_mb: 22014.0000
2026/05/06 06:54:37 - mmengine - INFO - Epoch(train) [12][1250/5000]  lr: 1.0776e-05  eta: 0:53:05  time: 0.9806  data_time: 0.0179  memory: 17864  grad_norm: 39.9311  loss: 1.0494  loss_heatmap: 0.2783  layer_-1_loss_cls: 0.0697  layer_-1_loss_bbox: 0.2911  matched_ious: 0.3236  aux_depth_loss: 0.4103  sec_per_iter: 0.8922  iters_per_sec: 1.1200  samples_per_sec: 17.9300  samples_per_sec_per_gpu: 4.4800  max_mem_allocated_mb: 666.3000  max_mem_reserved_mb: 22014.0000
2026/05/06 06:55:26 - mmengine - INFO - Epoch(train) [12][1300/5000]  lr: 1.0492e-05  eta: 0:52:23  time: 0.9760  data_time: 0.0171  memory: 17923  grad_norm: 30.4734  loss: 1.1516  loss_heatmap: 0.3221  layer_-1_loss_cls: 0.0837  layer_-1_loss_bbox: 0.3358  matched_ious: 0.3466  aux_depth_loss: 0.4100  sec_per_iter: 0.8957  iters_per_sec: 1.1200  samples_per_sec: 17.8600  samples_per_sec_per_gpu: 4.4700  max_mem_allocated_mb: 666.3000  max_mem_reserved_mb: 22014.0000
2026/05/06 06:56:06 - mmengine - INFO - Epoch(train) [12][1350/5000]  lr: 1.0213e-05  eta: 0:51:41  time: 0.7965  data_time: 0.0140  memory: 17770  grad_norm: 21.4243  loss: 1.1666  loss_heatmap: 0.3080  layer_-1_loss_cls: 0.0761  layer_-1_loss_bbox: 0.3728  matched_ious: 0.3439  aux_depth_loss: 0.4097  sec_per_iter: 0.8987  iters_per_sec: 1.1100  samples_per_sec: 17.8000  samples_per_sec_per_gpu: 4.4500  max_mem_allocated_mb: 666.3000  max_mem_reserved_mb: 22014.0000
2026/05/06 06:56:50 - mmengine - INFO - Epoch(train) [12][1400/5000]  lr: 9.9370e-06  eta: 0:50:58  time: 0.8746  data_time: 0.0133  memory: 17707  grad_norm: 25.3266  loss: 1.1248  loss_heatmap: 0.3186  layer_-1_loss_cls: 0.0818  layer_-1_loss_bbox: 0.3219  matched_ious: 0.2274  aux_depth_loss: 0.4026  sec_per_iter: 0.8949  iters_per_sec: 1.1200  samples_per_sec: 17.8800  samples_per_sec_per_gpu: 4.4700  max_mem_allocated_mb: 666.3000  max_mem_reserved_mb: 22014.0000
2026/05/06 06:57:34 - mmengine - INFO - Epoch(train) [12][1450/5000]  lr: 9.6648e-06  eta: 0:50:16  time: 0.8852  data_time: 0.0146  memory: 17867  grad_norm: 21.4934  loss: 1.1261  loss_heatmap: 0.2950  layer_-1_loss_cls: 0.0774  layer_-1_loss_bbox: 0.3455  matched_ious: 0.3150  aux_depth_loss: 0.4082  sec_per_iter: 0.8942  iters_per_sec: 1.1200  samples_per_sec: 17.8900  samples_per_sec_per_gpu: 4.4700  max_mem_allocated_mb: 666.3000  max_mem_reserved_mb: 22014.0000
2026/05/06 06:58:16 - mmengine - INFO - Epoch(train) [12][1500/5000]  lr: 9.3964e-06  eta: 0:49:33  time: 0.8345  data_time: 0.0140  memory: 17819  grad_norm: 22.2096  loss: 1.2129  loss_heatmap: 0.3513  layer_-1_loss_cls: 0.0971  layer_-1_loss_bbox: 0.3602  matched_ious: 0.2039  aux_depth_loss: 0.4044  sec_per_iter: 0.8939  iters_per_sec: 1.1200  samples_per_sec: 17.9000  samples_per_sec_per_gpu: 4.4700  max_mem_allocated_mb: 666.3000  max_mem_reserved_mb: 22014.0000
2026/05/06 06:58:59 - mmengine - INFO - Epoch(train) [12][1550/5000]  lr: 9.1317e-06  eta: 0:48:51  time: 0.8746  data_time: 0.0149  memory: 17840  grad_norm: 22.5190  loss: 1.1796  loss_heatmap: 0.3228  layer_-1_loss_cls: 0.0776  layer_-1_loss_bbox: 0.3724  matched_ious: 0.2553  aux_depth_loss: 0.4068  sec_per_iter: 0.8919  iters_per_sec: 1.1200  samples_per_sec: 17.9400  samples_per_sec_per_gpu: 4.4800  max_mem_allocated_mb: 666.3000  max_mem_reserved_mb: 22014.0000
2026/05/06 06:59:42 - mmengine - INFO - Epoch(train) [12][1600/5000]  lr: 8.8707e-06  eta: 0:48:08  time: 0.8546  data_time: 0.0159  memory: 17832  grad_norm: 27.1960  loss: 1.2466  loss_heatmap: 0.3699  layer_-1_loss_cls: 0.0800  layer_-1_loss_bbox: 0.3918  matched_ious: 0.4370  aux_depth_loss: 0.4049  sec_per_iter: 0.8914  iters_per_sec: 1.1200  samples_per_sec: 17.9500  samples_per_sec_per_gpu: 4.4900  max_mem_allocated_mb: 666.3000  max_mem_reserved_mb: 22014.0000
2026/05/06 07:00:26 - mmengine - INFO - Epoch(train) [12][1650/5000]  lr: 8.6135e-06  eta: 0:47:26  time: 0.8863  data_time: 0.0138  memory: 17929  grad_norm: 28.4900  loss: 1.1135  loss_heatmap: 0.2967  layer_-1_loss_cls: 0.0773  layer_-1_loss_bbox: 0.3180  matched_ious: 0.3209  aux_depth_loss: 0.4215  sec_per_iter: 0.8902  iters_per_sec: 1.1200  samples_per_sec: 17.9700  samples_per_sec_per_gpu: 4.4900  max_mem_allocated_mb: 666.3000  max_mem_reserved_mb: 22014.0000
2026/05/06 07:01:09 - mmengine - INFO - Epoch(train) [12][1700/5000]  lr: 8.3599e-06  eta: 0:46:44  time: 0.8454  data_time: 0.0141  memory: 17873  grad_norm: 27.5952  loss: 1.1221  loss_heatmap: 0.2976  layer_-1_loss_cls: 0.0748  layer_-1_loss_bbox: 0.3406  matched_ious: 0.3374  aux_depth_loss: 0.4091  sec_per_iter: 0.8901  iters_per_sec: 1.1200  samples_per_sec: 17.9800  samples_per_sec_per_gpu: 4.4900  max_mem_allocated_mb: 666.3000  max_mem_reserved_mb: 22014.0000
2026/05/06 07:01:51 - mmengine - INFO - Epoch(train) [12][1750/5000]  lr: 8.1101e-06  eta: 0:46:01  time: 0.8411  data_time: 0.0127  memory: 17895  grad_norm: 21.2359  loss: 1.2514  loss_heatmap: 0.3454  layer_-1_loss_cls: 0.0852  layer_-1_loss_bbox: 0.4168  matched_ious: 0.2760  aux_depth_loss: 0.4040  sec_per_iter: 0.8888  iters_per_sec: 1.1300  samples_per_sec: 18.0000  samples_per_sec_per_gpu: 4.5000  max_mem_allocated_mb: 666.3000  max_mem_reserved_mb: 22014.0000
2026/05/06 07:02:35 - mmengine - INFO - Epoch(train) [12][1800/5000]  lr: 7.8640e-06  eta: 0:45:19  time: 0.8811  data_time: 0.0152  memory: 17811  grad_norm: 27.2645  loss: 1.1738  loss_heatmap: 0.3187  layer_-1_loss_cls: 0.0788  layer_-1_loss_bbox: 0.3594  matched_ious: 0.1221  aux_depth_loss: 0.4169  sec_per_iter: 0.8874  iters_per_sec: 1.1300  samples_per_sec: 18.0300  samples_per_sec_per_gpu: 4.5100  max_mem_allocated_mb: 666.3000  max_mem_reserved_mb: 22014.0000
2026/05/06 07:03:21 - mmengine - INFO - Epoch(train) [12][1850/5000]  lr: 7.6217e-06  eta: 0:44:36  time: 0.9254  data_time: 0.0186  memory: 17905  grad_norm: 25.4039  loss: 1.2293  loss_heatmap: 0.3500  layer_-1_loss_cls: 0.0883  layer_-1_loss_bbox: 0.3817  matched_ious: 0.2818  aux_depth_loss: 0.4093  sec_per_iter: 0.8873  iters_per_sec: 1.1300  samples_per_sec: 18.0300  samples_per_sec_per_gpu: 4.5100  max_mem_allocated_mb: 666.3000  max_mem_reserved_mb: 22014.0000
2026/05/06 07:04:10 - mmengine - INFO - Epoch(train) [12][1900/5000]  lr: 7.3830e-06  eta: 0:43:54  time: 0.9715  data_time: 0.0184  memory: 17865  grad_norm: 25.3807  loss: 1.1307  loss_heatmap: 0.3059  layer_-1_loss_cls: 0.0764  layer_-1_loss_bbox: 0.3401  matched_ious: 0.2720  aux_depth_loss: 0.4083  sec_per_iter: 0.8883  iters_per_sec: 1.1300  samples_per_sec: 18.0100  samples_per_sec_per_gpu: 4.5000  max_mem_allocated_mb: 666.3000  max_mem_reserved_mb: 22014.0000
2026/05/06 07:04:54 - mmengine - INFO - Epoch(train) [12][1950/5000]  lr: 7.1482e-06  eta: 0:43:12  time: 0.8837  data_time: 0.0146  memory: 17714  grad_norm: 36.6390  loss: 1.1883  loss_heatmap: 0.3417  layer_-1_loss_cls: 0.0889  layer_-1_loss_bbox: 0.3542  matched_ious: 0.2224  aux_depth_loss: 0.4034  sec_per_iter: 0.8905  iters_per_sec: 1.1200  samples_per_sec: 17.9700  samples_per_sec_per_gpu: 4.4900  max_mem_allocated_mb: 666.3000  max_mem_reserved_mb: 22014.0000
2026/05/06 07:05:44 - mmengine - INFO - Exp name: zod_bevfusion_dualinit_20260505_161926
2026/05/06 07:05:44 - mmengine - INFO - Epoch(train) [12][2000/5000]  lr: 6.9170e-06  eta: 0:42:30  time: 1.0064  data_time: 0.0140  memory: 17691  grad_norm: 45.4430  loss: 1.1400  loss_heatmap: 0.3080  layer_-1_loss_cls: 0.0814  layer_-1_loss_bbox: 0.3333  matched_ious: 0.3572  aux_depth_loss: 0.4173  sec_per_iter: 0.8903  iters_per_sec: 1.1200  samples_per_sec: 17.9700  samples_per_sec_per_gpu: 4.4900  max_mem_allocated_mb: 666.3000  max_mem_reserved_mb: 22014.0000
2026/05/06 07:06:36 - mmengine - INFO - Epoch(train) [12][2050/5000]  lr: 6.6897e-06  eta: 0:41:48  time: 1.0362  data_time: 0.0164  memory: 17942  grad_norm: 39.4099  loss: 1.0899  loss_heatmap: 0.2831  layer_-1_loss_cls: 0.0779  layer_-1_loss_bbox: 0.3131  matched_ious: 0.3129  aux_depth_loss: 0.4157  sec_per_iter: 0.8932  iters_per_sec: 1.1200  samples_per_sec: 17.9100  samples_per_sec_per_gpu: 4.4800  max_mem_allocated_mb: 666.3000  max_mem_reserved_mb: 22014.0000
2026/05/06 07:07:22 - mmengine - INFO - Epoch(train) [12][2100/5000]  lr: 6.4660e-06  eta: 0:41:05  time: 0.9246  data_time: 0.0162  memory: 17724  grad_norm: 24.4783  loss: 1.1624  loss_heatmap: 0.3054  layer_-1_loss_cls: 0.0786  layer_-1_loss_bbox: 0.3501  matched_ious: 0.2890  aux_depth_loss: 0.4282  sec_per_iter: 0.8967  iters_per_sec: 1.1200  samples_per_sec: 17.8400  samples_per_sec_per_gpu: 4.4600  max_mem_allocated_mb: 666.3000  max_mem_reserved_mb: 22014.0000
2026/05/06 07:08:07 - mmengine - INFO - Epoch(train) [12][2150/5000]  lr: 6.2461e-06  eta: 0:40:23  time: 0.8982  data_time: 0.0173  memory: 17895  grad_norm: 21.8719  loss: 1.1507  loss_heatmap: 0.3037  layer_-1_loss_cls: 0.0786  layer_-1_loss_bbox: 0.3607  matched_ious: 0.3046  aux_depth_loss: 0.4077  sec_per_iter: 0.8974  iters_per_sec: 1.1100  samples_per_sec: 17.8300  samples_per_sec_per_gpu: 4.4600  max_mem_allocated_mb: 666.3000  max_mem_reserved_mb: 22014.0000
2026/05/06 07:08:56 - mmengine - INFO - Epoch(train) [12][2200/5000]  lr: 6.0300e-06  eta: 0:39:41  time: 0.9838  data_time: 0.0203  memory: 17795  grad_norm: 27.2759  loss: 1.1396  loss_heatmap: 0.3208  layer_-1_loss_cls: 0.0813  layer_-1_loss_bbox: 0.3307  matched_ious: 0.3192  aux_depth_loss: 0.4069  sec_per_iter: 0.8974  iters_per_sec: 1.1100  samples_per_sec: 17.8300  samples_per_sec_per_gpu: 4.4600  max_mem_allocated_mb: 666.3000  max_mem_reserved_mb: 22014.0000
2026/05/06 07:09:43 - mmengine - INFO - Epoch(train) [12][2250/5000]  lr: 5.8177e-06  eta: 0:38:58  time: 0.9222  data_time: 0.0182  memory: 17873  grad_norm: 29.9088  loss: 1.1257  loss_heatmap: 0.3091  layer_-1_loss_cls: 0.0810  layer_-1_loss_bbox: 0.3212  matched_ious: 0.3956  aux_depth_loss: 0.4144  sec_per_iter: 0.8994  iters_per_sec: 1.1100  samples_per_sec: 17.7900  samples_per_sec_per_gpu: 4.4500  max_mem_allocated_mb: 666.3000  max_mem_reserved_mb: 22014.0000
2026/05/06 07:10:34 - mmengine - INFO - Epoch(train) [12][2300/5000]  lr: 5.6091e-06  eta: 0:38:16  time: 1.0229  data_time: 0.0187  memory: 17848  grad_norm: 36.0740  loss: 1.0961  loss_heatmap: 0.2941  layer_-1_loss_cls: 0.0735  layer_-1_loss_bbox: 0.3118  matched_ious: 0.2441  aux_depth_loss: 0.4167  sec_per_iter: 0.8999  iters_per_sec: 1.1100  samples_per_sec: 17.7800  samples_per_sec_per_gpu: 4.4400  max_mem_allocated_mb: 666.3000  max_mem_reserved_mb: 22014.0000
2026/05/06 07:11:21 - mmengine - INFO - Epoch(train) [12][2350/5000]  lr: 5.4043e-06  eta: 0:37:34  time: 0.9548  data_time: 0.0178  memory: 17938  grad_norm: 33.1176  loss: 1.1168  loss_heatmap: 0.2812  layer_-1_loss_cls: 0.0693  layer_-1_loss_bbox: 0.3366  matched_ious: 0.3180  aux_depth_loss: 0.4296  sec_per_iter: 0.9025  iters_per_sec: 1.1100  samples_per_sec: 17.7300  samples_per_sec_per_gpu: 4.4300  max_mem_allocated_mb: 666.3000  max_mem_reserved_mb: 22014.0000
2026/05/06 07:12:11 - mmengine - INFO - Epoch(train) [12][2400/5000]  lr: 5.2032e-06  eta: 0:36:52  time: 0.9911  data_time: 0.0201  memory: 17755  grad_norm: 27.8126  loss: 1.2070  loss_heatmap: 0.3409  layer_-1_loss_cls: 0.0914  layer_-1_loss_bbox: 0.3370  matched_ious: 0.1615  aux_depth_loss: 0.4376  sec_per_iter: 0.9037  iters_per_sec: 1.1100  samples_per_sec: 17.7100  samples_per_sec_per_gpu: 4.4300  max_mem_allocated_mb: 666.3000  max_mem_reserved_mb: 22014.0000
2026/05/06 07:13:04 - mmengine - INFO - Epoch(train) [12][2450/5000]  lr: 5.0060e-06  eta: 0:36:10  time: 1.0540  data_time: 0.0218  memory: 17814  grad_norm: 23.0683  loss: 1.1093  loss_heatmap: 0.2808  layer_-1_loss_cls: 0.0761  layer_-1_loss_bbox: 0.3300  matched_ious: 0.1993  aux_depth_loss: 0.4223  sec_per_iter: 0.9055  iters_per_sec: 1.1000  samples_per_sec: 17.6700  samples_per_sec_per_gpu: 4.4200  max_mem_allocated_mb: 666.3000  max_mem_reserved_mb: 22014.0000
2026/05/06 07:14:00 - mmengine - INFO - Epoch(train) [12][2500/5000]  lr: 4.8125e-06  eta: 0:35:28  time: 1.1215  data_time: 0.0224  memory: 17899  grad_norm: 34.6668  loss: 1.0834  loss_heatmap: 0.2878  layer_-1_loss_cls: 0.0788  layer_-1_loss_bbox: 0.3003  matched_ious: 0.2842  aux_depth_loss: 0.4166  sec_per_iter: 0.9085  iters_per_sec: 1.1000  samples_per_sec: 17.6100  samples_per_sec_per_gpu: 4.4000  max_mem_allocated_mb: 666.3000  max_mem_reserved_mb: 22014.0000
2026/05/06 07:14:53 - mmengine - INFO - Epoch(train) [12][2550/5000]  lr: 4.6228e-06  eta: 0:34:46  time: 1.0680  data_time: 0.0324  memory: 17853  grad_norm: 46.6117  loss: 1.1941  loss_heatmap: 0.3296  layer_-1_loss_cls: 0.0821  layer_-1_loss_bbox: 0.3734  matched_ious: 0.3343  aux_depth_loss: 0.4090  sec_per_iter: 0.9128  iters_per_sec: 1.1000  samples_per_sec: 17.5300  samples_per_sec_per_gpu: 4.3800  max_mem_allocated_mb: 666.3000  max_mem_reserved_mb: 22014.0000
2026/05/06 07:15:38 - mmengine - INFO - Epoch(train) [12][2600/5000]  lr: 4.4368e-06  eta: 0:34:03  time: 0.8965  data_time: 0.0174  memory: 17732  grad_norm: 51.5687  loss: 1.1709  loss_heatmap: 0.3236  layer_-1_loss_cls: 0.0818  layer_-1_loss_bbox: 0.3618  matched_ious: 0.2134  aux_depth_loss: 0.4036  sec_per_iter: 0.9159  iters_per_sec: 1.0900  samples_per_sec: 17.4700  samples_per_sec_per_gpu: 4.3700  max_mem_allocated_mb: 666.3000  max_mem_reserved_mb: 22014.0000
2026/05/06 07:16:30 - mmengine - INFO - Epoch(train) [12][2650/5000]  lr: 4.2547e-06  eta: 0:33:21  time: 1.0341  data_time: 0.0202  memory: 17883  grad_norm: 63.3123  loss: 1.2492  loss_heatmap: 0.3483  layer_-1_loss_cls: 0.0848  layer_-1_loss_bbox: 0.4067  matched_ious: 0.3201  aux_depth_loss: 0.4094  sec_per_iter: 0.9155  iters_per_sec: 1.0900  samples_per_sec: 17.4800  samples_per_sec_per_gpu: 4.3700  max_mem_allocated_mb: 666.3000  max_mem_reserved_mb: 22014.0000
2026/05/06 07:17:25 - mmengine - INFO - Epoch(train) [12][2700/5000]  lr: 4.0763e-06  eta: 0:32:39  time: 1.1092  data_time: 0.0366  memory: 17694  grad_norm: 51.8485  loss: 1.1299  loss_heatmap: 0.2923  layer_-1_loss_cls: 0.0767  layer_-1_loss_bbox: 0.3383  matched_ious: 0.2343  aux_depth_loss: 0.4226  sec_per_iter: 0.9177  iters_per_sec: 1.0900  samples_per_sec: 17.4300  samples_per_sec_per_gpu: 4.3600  max_mem_allocated_mb: 666.3000  max_mem_reserved_mb: 22014.0000
2026/05/06 07:18:15 - mmengine - INFO - Epoch(train) [12][2750/5000]  lr: 3.9018e-06  eta: 0:31:57  time: 0.9974  data_time: 0.0179  memory: 17886  grad_norm: 46.2493  loss: 1.2335  loss_heatmap: 0.3194  layer_-1_loss_cls: 0.0797  layer_-1_loss_bbox: 0.3999  matched_ious: 0.3960  aux_depth_loss: 0.4344  sec_per_iter: 0.9212  iters_per_sec: 1.0900  samples_per_sec: 17.3700  samples_per_sec_per_gpu: 4.3400  max_mem_allocated_mb: 666.3000  max_mem_reserved_mb: 22014.0000
2026/05/06 07:19:05 - mmengine - INFO - Epoch(train) [12][2800/5000]  lr: 3.7310e-06  eta: 0:31:14  time: 0.9928  data_time: 0.0175  memory: 17766  grad_norm: 40.9094  loss: 1.1389  loss_heatmap: 0.2955  layer_-1_loss_cls: 0.0768  layer_-1_loss_bbox: 0.3272  matched_ious: 0.3609  aux_depth_loss: 0.4394  sec_per_iter: 0.9226  iters_per_sec: 1.0800  samples_per_sec: 17.3400  samples_per_sec_per_gpu: 4.3400  max_mem_allocated_mb: 666.3000  max_mem_reserved_mb: 22014.0000
2026/05/06 07:19:56 - mmengine - INFO - Epoch(train) [12][2850/5000]  lr: 3.5640e-06  eta: 0:30:32  time: 1.0229  data_time: 0.0233  memory: 17781  grad_norm: 31.8938  loss: 1.1391  loss_heatmap: 0.3020  layer_-1_loss_cls: 0.0778  layer_-1_loss_bbox: 0.3239  matched_ious: 0.2687  aux_depth_loss: 0.4354  sec_per_iter: 0.9239  iters_per_sec: 1.0800  samples_per_sec: 17.3200  samples_per_sec_per_gpu: 4.3300  max_mem_allocated_mb: 666.3000  max_mem_reserved_mb: 22014.0000
2026/05/06 07:20:53 - mmengine - INFO - Epoch(train) [12][2900/5000]  lr: 3.4009e-06  eta: 0:29:50  time: 1.1497  data_time: 0.0253  memory: 17731  grad_norm: 27.0822  loss: 1.1385  loss_heatmap: 0.2922  layer_-1_loss_cls: 0.0699  layer_-1_loss_bbox: 0.3415  matched_ious: 0.2227  aux_depth_loss: 0.4349  sec_per_iter: 0.9256  iters_per_sec: 1.0800  samples_per_sec: 17.2900  samples_per_sec_per_gpu: 4.3200  max_mem_allocated_mb: 666.3000  max_mem_reserved_mb: 22014.0000
2026/05/06 07:21:50 - mmengine - INFO - Epoch(train) [12][2950/5000]  lr: 3.2415e-06  eta: 0:29:08  time: 1.1252  data_time: 0.0263  memory: 17854  grad_norm: 20.0682  loss: 1.2428  loss_heatmap: 0.3659  layer_-1_loss_cls: 0.0818  layer_-1_loss_bbox: 0.3756  matched_ious: 0.2558  aux_depth_loss: 0.4194  sec_per_iter: 0.9295  iters_per_sec: 1.0800  samples_per_sec: 17.2100  samples_per_sec_per_gpu: 4.3000  max_mem_allocated_mb: 666.3000  max_mem_reserved_mb: 22014.0000
2026/05/06 07:22:44 - mmengine - INFO - Exp name: zod_bevfusion_dualinit_20260505_161926
2026/05/06 07:22:44 - mmengine - INFO - Epoch(train) [12][3000/5000]  lr: 3.0860e-06  eta: 0:28:26  time: 1.0893  data_time: 0.0155  memory: 17777  grad_norm: 18.1235  loss: 1.1185  loss_heatmap: 0.2761  layer_-1_loss_cls: 0.0696  layer_-1_loss_bbox: 0.3416  matched_ious: 0.2782  aux_depth_loss: 0.4312  sec_per_iter: 0.9328  iters_per_sec: 1.0700  samples_per_sec: 17.1500  samples_per_sec_per_gpu: 4.2900  max_mem_allocated_mb: 666.3000  max_mem_reserved_mb: 22014.0000
2026/05/06 07:23:38 - mmengine - INFO - Epoch(train) [12][3050/5000]  lr: 2.9342e-06  eta: 0:27:43  time: 1.0695  data_time: 0.0243  memory: 17938  grad_norm: 21.0755  loss: 1.1481  loss_heatmap: 0.3132  layer_-1_loss_cls: 0.0824  layer_-1_loss_bbox: 0.3328  matched_ious: 0.2797  aux_depth_loss: 0.4197  sec_per_iter: 0.9354  iters_per_sec: 1.0700  samples_per_sec: 17.1000  samples_per_sec_per_gpu: 4.2800  max_mem_allocated_mb: 666.3000  max_mem_reserved_mb: 22014.0000
2026/05/06 07:24:33 - mmengine - INFO - Epoch(train) [12][3100/5000]  lr: 2.7863e-06  eta: 0:27:01  time: 1.1173  data_time: 0.0216  memory: 17881  grad_norm: 26.1295  loss: 1.1292  loss_heatmap: 0.3160  layer_-1_loss_cls: 0.0832  layer_-1_loss_bbox: 0.3221  matched_ious: 0.2966  aux_depth_loss: 0.4078  sec_per_iter: 0.9376  iters_per_sec: 1.0700  samples_per_sec: 17.0600  samples_per_sec_per_gpu: 4.2700  max_mem_allocated_mb: 666.3000  max_mem_reserved_mb: 22014.0000
2026/05/06 07:25:23 - mmengine - INFO - Epoch(train) [12][3150/5000]  lr: 2.6421e-06  eta: 0:26:19  time: 0.9872  data_time: 0.0242  memory: 17772  grad_norm: 25.5811  loss: 1.1030  loss_heatmap: 0.3045  layer_-1_loss_cls: 0.0793  layer_-1_loss_bbox: 0.3149  matched_ious: 0.2209  aux_depth_loss: 0.4042  sec_per_iter: 0.9405  iters_per_sec: 1.0600  samples_per_sec: 17.0100  samples_per_sec_per_gpu: 4.2500  max_mem_allocated_mb: 666.3000  max_mem_reserved_mb: 22014.0000
2026/05/06 07:26:18 - mmengine - INFO - Epoch(train) [12][3200/5000]  lr: 2.5018e-06  eta: 0:25:36  time: 1.0979  data_time: 0.0229  memory: 17925  grad_norm: inf  loss: 1.1603  loss_heatmap: 0.3299  layer_-1_loss_cls: 0.0895  layer_-1_loss_bbox: 0.3335  matched_ious: 0.2594  aux_depth_loss: 0.4075  sec_per_iter: 0.9413  iters_per_sec: 1.0600  samples_per_sec: 17.0000  samples_per_sec_per_gpu: 4.2500  max_mem_allocated_mb: 666.3000  max_mem_reserved_mb: 22014.0000
2026/05/06 07:27:10 - mmengine - INFO - Epoch(train) [12][3250/5000]  lr: 2.3653e-06  eta: 0:24:54  time: 1.0430  data_time: 0.0244  memory: 17782  grad_norm: 31.4046  loss: 1.1769  loss_heatmap: 0.3050  layer_-1_loss_cls: 0.0745  layer_-1_loss_bbox: 0.3865  matched_ious: 0.3499  aux_depth_loss: 0.4109  sec_per_iter: 0.9437  iters_per_sec: 1.0600  samples_per_sec: 16.9500  samples_per_sec_per_gpu: 4.2400  max_mem_allocated_mb: 666.3000  max_mem_reserved_mb: 22014.0000
2026/05/06 07:28:01 - mmengine - INFO - Epoch(train) [12][3300/5000]  lr: 2.2327e-06  eta: 0:24:11  time: 1.0205  data_time: 0.0190  memory: 17724  grad_norm: 30.0040  loss: 1.2182  loss_heatmap: 0.3406  layer_-1_loss_cls: 0.0859  layer_-1_loss_bbox: 0.3724  matched_ious: 0.1979  aux_depth_loss: 0.4192  sec_per_iter: 0.9452  iters_per_sec: 1.0600  samples_per_sec: 16.9300  samples_per_sec_per_gpu: 4.2300  max_mem_allocated_mb: 666.3000  max_mem_reserved_mb: 22014.0000
2026/05/06 07:28:48 - mmengine - INFO - Epoch(train) [12][3350/5000]  lr: 2.1038e-06  eta: 0:23:29  time: 0.9336  data_time: 0.0212  memory: 17757  grad_norm: 27.0731  loss: 1.0978  loss_heatmap: 0.2935  layer_-1_loss_cls: 0.0792  layer_-1_loss_bbox: 0.3032  matched_ious: 0.3564  aux_depth_loss: 0.4220  sec_per_iter: 0.9464  iters_per_sec: 1.0600  samples_per_sec: 16.9100  samples_per_sec_per_gpu: 4.2300  max_mem_allocated_mb: 666.3000  max_mem_reserved_mb: 22014.0000
2026/05/06 07:29:36 - mmengine - INFO - Epoch(train) [12][3400/5000]  lr: 1.9788e-06  eta: 0:22:46  time: 0.9746  data_time: 0.0191  memory: 18009  grad_norm: 25.9783  loss: 1.1705  loss_heatmap: 0.3294  layer_-1_loss_cls: 0.0824  layer_-1_loss_bbox: 0.3280  matched_ious: 0.3337  aux_depth_loss: 0.4307  sec_per_iter: 0.9462  iters_per_sec: 1.0600  samples_per_sec: 16.9100  samples_per_sec_per_gpu: 4.2300  max_mem_allocated_mb: 666.3000  max_mem_reserved_mb: 22014.0000
2026/05/06 07:30:31 - mmengine - INFO - Epoch(train) [12][3450/5000]  lr: 1.8576e-06  eta: 0:22:04  time: 1.0905  data_time: 0.0322  memory: 17906  grad_norm: 24.8104  loss: 1.2018  loss_heatmap: 0.3272  layer_-1_loss_cls: 0.0788  layer_-1_loss_bbox: 0.3565  matched_ious: 0.3403  aux_depth_loss: 0.4393  sec_per_iter: 0.9466  iters_per_sec: 1.0600  samples_per_sec: 16.9000  samples_per_sec_per_gpu: 4.2300  max_mem_allocated_mb: 666.3000  max_mem_reserved_mb: 22014.0000
2026/05/06 07:31:21 - mmengine - INFO - Epoch(train) [12][3500/5000]  lr: 1.7402e-06  eta: 0:21:21  time: 1.0031  data_time: 0.0216  memory: 17755  grad_norm: 23.2663  loss: 1.2428  loss_heatmap: 0.3237  layer_-1_loss_cls: 0.0842  layer_-1_loss_bbox: 0.3958  matched_ious: 0.2098  aux_depth_loss: 0.4391  sec_per_iter: 0.9487  iters_per_sec: 1.0500  samples_per_sec: 16.8700  samples_per_sec_per_gpu: 4.2200  max_mem_allocated_mb: 666.3000  max_mem_reserved_mb: 22014.0000
2026/05/06 07:32:13 - mmengine - INFO - Epoch(train) [12][3550/5000]  lr: 1.6266e-06  eta: 0:20:39  time: 1.0366  data_time: 0.0186  memory: 17763  grad_norm: 21.3430  loss: 1.2011  loss_heatmap: 0.3267  layer_-1_loss_cls: 0.0823  layer_-1_loss_bbox: 0.3587  matched_ious: 0.3224  aux_depth_loss: 0.4333  sec_per_iter: 0.9495  iters_per_sec: 1.0500  samples_per_sec: 16.8500  samples_per_sec_per_gpu: 4.2100  max_mem_allocated_mb: 666.3000  max_mem_reserved_mb: 22014.0000
2026/05/06 07:33:01 - mmengine - INFO - Epoch(train) [12][3600/5000]  lr: 1.5169e-06  eta: 0:19:56  time: 0.9684  data_time: 0.0202  memory: 17887  grad_norm: 23.5826  loss: 1.2506  loss_heatmap: 0.3200  layer_-1_loss_cls: 0.0797  layer_-1_loss_bbox: 0.4116  matched_ious: 0.2521  aux_depth_loss: 0.4394  sec_per_iter: 0.9507  iters_per_sec: 1.0500  samples_per_sec: 16.8300  samples_per_sec_per_gpu: 4.2100  max_mem_allocated_mb: 666.3000  max_mem_reserved_mb: 22014.0000
2026/05/06 07:33:57 - mmengine - INFO - Epoch(train) [12][3650/5000]  lr: 1.4110e-06  eta: 0:19:14  time: 1.1164  data_time: 0.0272  memory: 17736  grad_norm: 20.5359  loss: 1.1569  loss_heatmap: 0.3011  layer_-1_loss_cls: 0.0786  layer_-1_loss_bbox: 0.3328  matched_ious: 0.3221  aux_depth_loss: 0.4444  sec_per_iter: 0.9509  iters_per_sec: 1.0500  samples_per_sec: 16.8300  samples_per_sec_per_gpu: 4.2100  max_mem_allocated_mb: 666.3000  max_mem_reserved_mb: 22014.0000
2026/05/06 07:34:47 - mmengine - INFO - Epoch(train) [12][3700/5000]  lr: 1.3090e-06  eta: 0:18:31  time: 0.9956  data_time: 0.0207  memory: 17846  grad_norm: 22.4447  loss: 1.1243  loss_heatmap: 0.2924  layer_-1_loss_cls: 0.0797  layer_-1_loss_bbox: 0.3119  matched_ious: 0.2968  aux_depth_loss: 0.4402  sec_per_iter: 0.9532  iters_per_sec: 1.0500  samples_per_sec: 16.7900  samples_per_sec_per_gpu: 4.2000  max_mem_allocated_mb: 666.3000  max_mem_reserved_mb: 22014.0000
2026/05/06 07:35:35 - mmengine - INFO - Epoch(train) [12][3750/5000]  lr: 1.2107e-06  eta: 0:17:49  time: 0.9550  data_time: 0.0203  memory: 17804  grad_norm: 21.1628  loss: 1.1738  loss_heatmap: 0.3136  layer_-1_loss_cls: 0.0830  layer_-1_loss_bbox: 0.3319  matched_ious: 0.2905  aux_depth_loss: 0.4453  sec_per_iter: 0.9538  iters_per_sec: 1.0500  samples_per_sec: 16.7800  samples_per_sec_per_gpu: 4.1900  max_mem_allocated_mb: 666.3000  max_mem_reserved_mb: 22014.0000
2026/05/06 07:36:24 - mmengine - INFO - Epoch(train) [12][3800/5000]  lr: 1.1163e-06  eta: 0:17:06  time: 0.9940  data_time: 0.0192  memory: 17775  grad_norm: 21.5916  loss: 1.2334  loss_heatmap: 0.3437  layer_-1_loss_cls: 0.0832  layer_-1_loss_bbox: 0.3791  matched_ious: 0.2723  aux_depth_loss: 0.4274  sec_per_iter: 0.9538  iters_per_sec: 1.0500  samples_per_sec: 16.7700  samples_per_sec_per_gpu: 4.1900  max_mem_allocated_mb: 666.3000  max_mem_reserved_mb: 22014.0000
2026/05/06 07:37:14 - mmengine - INFO - Epoch(train) [12][3850/5000]  lr: 1.0258e-06  eta: 0:16:23  time: 1.0035  data_time: 0.0252  memory: 17774  grad_norm: 15.9562  loss: 1.1175  loss_heatmap: 0.2984  layer_-1_loss_cls: 0.0775  layer_-1_loss_bbox: 0.3144  matched_ious: 0.2389  aux_depth_loss: 0.4272  sec_per_iter: 0.9543  iters_per_sec: 1.0500  samples_per_sec: 16.7700  samples_per_sec_per_gpu: 4.1900  max_mem_allocated_mb: 666.3000  max_mem_reserved_mb: 22014.0000
2026/05/06 07:38:01 - mmengine - INFO - Epoch(train) [12][3900/5000]  lr: 9.3909e-07  eta: 0:15:41  time: 0.9355  data_time: 0.0194  memory: 17796  grad_norm: 16.5932  loss: 1.1081  loss_heatmap: 0.2757  layer_-1_loss_cls: 0.0710  layer_-1_loss_bbox: 0.3228  matched_ious: 0.3436  aux_depth_loss: 0.4386  sec_per_iter: 0.9550  iters_per_sec: 1.0500  samples_per_sec: 16.7500  samples_per_sec_per_gpu: 4.1900  max_mem_allocated_mb: 666.3000  max_mem_reserved_mb: 22014.0000
2026/05/06 07:38:51 - mmengine - INFO - Epoch(train) [12][3950/5000]  lr: 8.5622e-07  eta: 0:14:58  time: 1.0010  data_time: 0.0209  memory: 17745  grad_norm: 17.8676  loss: 1.2514  loss_heatmap: 0.3315  layer_-1_loss_cls: 0.0757  layer_-1_loss_bbox: 0.4212  matched_ious: 0.2400  aux_depth_loss: 0.4229  sec_per_iter: 0.9547  iters_per_sec: 1.0500  samples_per_sec: 16.7600  samples_per_sec_per_gpu: 4.1900  max_mem_allocated_mb: 666.3000  max_mem_reserved_mb: 22014.0000
2026/05/06 07:39:41 - mmengine - INFO - Exp name: zod_bevfusion_dualinit_20260505_161926
2026/05/06 07:39:42 - mmengine - INFO - Epoch(train) [12][4000/5000]  lr: 7.7720e-07  eta: 0:14:15  time: 1.0048  data_time: 0.0161  memory: 17948  grad_norm: 20.0362  loss: 1.1689  loss_heatmap: 0.3177  layer_-1_loss_cls: 0.0799  layer_-1_loss_bbox: 0.3482  matched_ious: 0.1503  aux_depth_loss: 0.4232  sec_per_iter: 0.9553  iters_per_sec: 1.0500  samples_per_sec: 16.7500  samples_per_sec_per_gpu: 4.1900  max_mem_allocated_mb: 666.3000  max_mem_reserved_mb: 22014.0000
2026/05/06 07:40:32 - mmengine - INFO - Epoch(train) [12][4050/5000]  lr: 7.0202e-07  eta: 0:13:33  time: 1.0065  data_time: 0.0196  memory: 17887  grad_norm: 18.0982  loss: 1.1414  loss_heatmap: 0.3043  layer_-1_loss_cls: 0.0788  layer_-1_loss_bbox: 0.3410  matched_ious: 0.2544  aux_depth_loss: 0.4173  sec_per_iter: 0.9559  iters_per_sec: 1.0500  samples_per_sec: 16.7400  samples_per_sec_per_gpu: 4.1800  max_mem_allocated_mb: 666.3000  max_mem_reserved_mb: 22014.0000
2026/05/06 07:41:23 - mmengine - INFO - Epoch(train) [12][4100/5000]  lr: 6.3068e-07  eta: 0:12:50  time: 1.0209  data_time: 0.0147  memory: 17753  grad_norm: 17.0545  loss: 1.1284  loss_heatmap: 0.2903  layer_-1_loss_cls: 0.0736  layer_-1_loss_bbox: 0.3438  matched_ious: 0.4024  aux_depth_loss: 0.4207  sec_per_iter: 0.9566  iters_per_sec: 1.0500  samples_per_sec: 16.7300  samples_per_sec_per_gpu: 4.1800  max_mem_allocated_mb: 666.3000  max_mem_reserved_mb: 22014.0000
2026/05/06 07:42:09 - mmengine - INFO - Epoch(train) [12][4150/5000]  lr: 5.6319e-07  eta: 0:12:07  time: 0.9240  data_time: 0.0165  memory: 17719  grad_norm: 19.5366  loss: 1.2169  loss_heatmap: 0.3278  layer_-1_loss_cls: 0.0816  layer_-1_loss_bbox: 0.3837  matched_ious: 0.2645  aux_depth_loss: 0.4238  sec_per_iter: 0.9573  iters_per_sec: 1.0400  samples_per_sec: 16.7100  samples_per_sec_per_gpu: 4.1800  max_mem_allocated_mb: 666.3000  max_mem_reserved_mb: 22014.0000
2026/05/06 07:42:59 - mmengine - INFO - Epoch(train) [12][4200/5000]  lr: 4.9955e-07  eta: 0:11:24  time: 0.9976  data_time: 0.0202  memory: 17885  grad_norm: 18.8230  loss: 1.1761  loss_heatmap: 0.3280  layer_-1_loss_cls: 0.0845  layer_-1_loss_bbox: 0.3456  matched_ious: 0.2016  aux_depth_loss: 0.4180  sec_per_iter: 0.9569  iters_per_sec: 1.0400  samples_per_sec: 16.7200  samples_per_sec_per_gpu: 4.1800  max_mem_allocated_mb: 666.3000  max_mem_reserved_mb: 22014.0000
2026/05/06 07:43:48 - mmengine - INFO - Epoch(train) [12][4250/5000]  lr: 4.3975e-07  eta: 0:10:42  time: 0.9833  data_time: 0.0166  memory: 17824  grad_norm: 19.7599  loss: 1.1630  loss_heatmap: 0.3358  layer_-1_loss_cls: 0.0871  layer_-1_loss_bbox: 0.3269  matched_ious: 0.2852  aux_depth_loss: 0.4132  sec_per_iter: 0.9574  iters_per_sec: 1.0400  samples_per_sec: 16.7100  samples_per_sec_per_gpu: 4.1800  max_mem_allocated_mb: 666.3000  max_mem_reserved_mb: 22014.0000
2026/05/06 07:44:35 - mmengine - INFO - Epoch(train) [12][4300/5000]  lr: 3.8380e-07  eta: 0:09:59  time: 0.9252  data_time: 0.0198  memory: 17901  grad_norm: 20.5891  loss: 1.1826  loss_heatmap: 0.3529  layer_-1_loss_cls: 0.0868  layer_-1_loss_bbox: 0.3364  matched_ious: 0.3643  aux_depth_loss: 0.4064  sec_per_iter: 0.9578  iters_per_sec: 1.0400  samples_per_sec: 16.7100  samples_per_sec_per_gpu: 4.1800  max_mem_allocated_mb: 666.3000  max_mem_reserved_mb: 22014.0000
2026/05/06 07:45:24 - mmengine - INFO - Epoch(train) [12][4350/5000]  lr: 3.3170e-07  eta: 0:09:16  time: 0.9898  data_time: 0.0235  memory: 17929  grad_norm: 25.1297  loss: 1.1612  loss_heatmap: 0.3238  layer_-1_loss_cls: 0.0787  layer_-1_loss_bbox: 0.3579  matched_ious: 0.2409  aux_depth_loss: 0.4008  sec_per_iter: 0.9574  iters_per_sec: 1.0400  samples_per_sec: 16.7100  samples_per_sec_per_gpu: 4.1800  max_mem_allocated_mb: 666.3000  max_mem_reserved_mb: 22014.0000
2026/05/06 07:46:13 - mmengine - INFO - Epoch(train) [12][4400/5000]  lr: 2.8345e-07  eta: 0:08:33  time: 0.9768  data_time: 0.0168  memory: 17753  grad_norm: 21.9792  loss: 1.2305  loss_heatmap: 0.3668  layer_-1_loss_cls: 0.0950  layer_-1_loss_bbox: 0.3408  matched_ious: 0.2400  aux_depth_loss: 0.4278  sec_per_iter: 0.9577  iters_per_sec: 1.0400  samples_per_sec: 16.7100  samples_per_sec_per_gpu: 4.1800  max_mem_allocated_mb: 666.3000  max_mem_reserved_mb: 22014.0000
2026/05/06 07:46:59 - mmengine - INFO - Epoch(train) [12][4450/5000]  lr: 2.3906e-07  eta: 0:07:51  time: 0.9187  data_time: 0.0241  memory: 17977  grad_norm: 26.6536  loss: 1.1362  loss_heatmap: 0.3016  layer_-1_loss_cls: 0.0746  layer_-1_loss_bbox: 0.3416  matched_ious: 0.2809  aux_depth_loss: 0.4184  sec_per_iter: 0.9580  iters_per_sec: 1.0400  samples_per_sec: 16.7000  samples_per_sec_per_gpu: 4.1800  max_mem_allocated_mb: 666.3000  max_mem_reserved_mb: 22014.0000
2026/05/06 07:47:45 - mmengine - INFO - Epoch(train) [12][4500/5000]  lr: 1.9851e-07  eta: 0:07:08  time: 0.9184  data_time: 0.0166  memory: 17846  grad_norm: 23.0263  loss: 1.1594  loss_heatmap: 0.3210  layer_-1_loss_cls: 0.0795  layer_-1_loss_bbox: 0.3481  matched_ious: 0.3711  aux_depth_loss: 0.4107  sec_per_iter: 0.9575  iters_per_sec: 1.0400  samples_per_sec: 16.7100  samples_per_sec_per_gpu: 4.1800  max_mem_allocated_mb: 666.3000  max_mem_reserved_mb: 22014.0000
2026/05/06 07:48:28 - mmengine - INFO - Epoch(train) [12][4550/5000]  lr: 1.6182e-07  eta: 0:06:25  time: 0.8725  data_time: 0.0210  memory: 17855  grad_norm: 21.6602  loss: 1.1724  loss_heatmap: 0.3264  layer_-1_loss_cls: 0.0847  layer_-1_loss_bbox: 0.3493  matched_ious: 0.3655  aux_depth_loss: 0.4120  sec_per_iter: 0.9571  iters_per_sec: 1.0400  samples_per_sec: 16.7200  samples_per_sec_per_gpu: 4.1800  max_mem_allocated_mb: 666.3000  max_mem_reserved_mb: 22014.0000
2026/05/06 07:49:18 - mmengine - INFO - Epoch(train) [12][4600/5000]  lr: 1.2898e-07  eta: 0:05:42  time: 1.0038  data_time: 0.0203  memory: 17752  grad_norm: 23.3839  loss: 1.0855  loss_heatmap: 0.3066  layer_-1_loss_cls: 0.0753  layer_-1_loss_bbox: 0.2907  matched_ious: 0.2696  aux_depth_loss: 0.4129  sec_per_iter: 0.9561  iters_per_sec: 1.0500  samples_per_sec: 16.7300  samples_per_sec_per_gpu: 4.1800  max_mem_allocated_mb: 666.3000  max_mem_reserved_mb: 22014.0000
2026/05/06 07:50:07 - mmengine - INFO - Epoch(train) [12][4650/5000]  lr: 9.9989e-08  eta: 0:04:59  time: 0.9693  data_time: 0.0195  memory: 17757  grad_norm: 22.7323  loss: 1.1752  loss_heatmap: 0.3345  layer_-1_loss_cls: 0.0769  layer_-1_loss_bbox: 0.3499  matched_ious: 0.2006  aux_depth_loss: 0.4140  sec_per_iter: 0.9567  iters_per_sec: 1.0500  samples_per_sec: 16.7200  samples_per_sec_per_gpu: 4.1800  max_mem_allocated_mb: 666.3000  max_mem_reserved_mb: 22014.0000
2026/05/06 07:50:57 - mmengine - INFO - Epoch(train) [12][4700/5000]  lr: 7.4855e-08  eta: 0:04:17  time: 0.9947  data_time: 0.0176  memory: 17827  grad_norm: 23.9464  loss: 1.1547  loss_heatmap: 0.3148  layer_-1_loss_cls: 0.0774  layer_-1_loss_bbox: 0.3436  matched_ious: 0.2357  aux_depth_loss: 0.4189  sec_per_iter: 0.9568  iters_per_sec: 1.0500  samples_per_sec: 16.7200  samples_per_sec_per_gpu: 4.1800  max_mem_allocated_mb: 666.3000  max_mem_reserved_mb: 22014.0000
2026/05/06 07:51:45 - mmengine - INFO - Epoch(train) [12][4750/5000]  lr: 5.3576e-08  eta: 0:03:34  time: 0.9641  data_time: 0.0206  memory: 17818  grad_norm: 24.0569  loss: 1.1431  loss_heatmap: 0.3076  layer_-1_loss_cls: 0.0751  layer_-1_loss_bbox: 0.3506  matched_ious: 0.3790  aux_depth_loss: 0.4097  sec_per_iter: 0.9572  iters_per_sec: 1.0400  samples_per_sec: 16.7200  samples_per_sec_per_gpu: 4.1800  max_mem_allocated_mb: 666.3000  max_mem_reserved_mb: 22014.0000
2026/05/06 07:52:37 - mmengine - INFO - Epoch(train) [12][4800/5000]  lr: 3.6151e-08  eta: 0:02:51  time: 1.0452  data_time: 0.0149  memory: 18115  grad_norm: 21.3781  loss: 1.1050  loss_heatmap: 0.2948  layer_-1_loss_cls: 0.0774  layer_-1_loss_bbox: 0.3204  matched_ious: 0.3194  aux_depth_loss: 0.4124  sec_per_iter: 0.9573  iters_per_sec: 1.0400  samples_per_sec: 16.7100  samples_per_sec_per_gpu: 4.1800  max_mem_allocated_mb: 666.3000  max_mem_reserved_mb: 22014.0000
2026/05/06 07:53:26 - mmengine - INFO - Epoch(train) [12][4850/5000]  lr: 2.2581e-08  eta: 0:02:08  time: 0.9827  data_time: 0.0185  memory: 17872  grad_norm: 26.6032  loss: 1.1901  loss_heatmap: 0.3216  layer_-1_loss_cls: 0.0786  layer_-1_loss_bbox: 0.3778  matched_ious: 0.2676  aux_depth_loss: 0.4121  sec_per_iter: 0.9582  iters_per_sec: 1.0400  samples_per_sec: 16.7000  samples_per_sec_per_gpu: 4.1700  max_mem_allocated_mb: 666.3000  max_mem_reserved_mb: 22014.0000
2026/05/06 07:54:15 - mmengine - INFO - Epoch(train) [12][4900/5000]  lr: 1.2865e-08  eta: 0:01:25  time: 0.9798  data_time: 0.0180  memory: 17771  grad_norm: 26.2603  loss: 1.1061  loss_heatmap: 0.2931  layer_-1_loss_cls: 0.0762  layer_-1_loss_bbox: 0.3297  matched_ious: 0.1796  aux_depth_loss: 0.4070  sec_per_iter: 0.9585  iters_per_sec: 1.0400  samples_per_sec: 16.6900  samples_per_sec_per_gpu: 4.1700  max_mem_allocated_mb: 666.3000  max_mem_reserved_mb: 22014.0000
2026/05/06 07:55:04 - mmengine - INFO - Epoch(train) [12][4950/5000]  lr: 7.0055e-09  eta: 0:00:42  time: 0.9798  data_time: 0.0225  memory: 17886  grad_norm: 22.0732  loss: 1.1295  loss_heatmap: 0.2879  layer_-1_loss_cls: 0.0742  layer_-1_loss_bbox: 0.3587  matched_ious: 0.2046  aux_depth_loss: 0.4087  sec_per_iter: 0.9587  iters_per_sec: 1.0400  samples_per_sec: 16.6900  samples_per_sec_per_gpu: 4.1700  max_mem_allocated_mb: 666.3000  max_mem_reserved_mb: 22014.0000
2026/05/06 07:55:49 - mmengine - INFO - Exp name: zod_bevfusion_dualinit_20260505_161926
2026/05/06 07:55:49 - mmengine - INFO - Epoch(train) [12][5000/5000]  lr: 5.0008e-09  eta: 0:00:00  time: 0.8894  data_time: 0.0170  memory: 17827  grad_norm: 26.5784  loss: 1.2077  loss_heatmap: 0.3431  layer_-1_loss_cls: 0.0895  layer_-1_loss_bbox: 0.3570  matched_ious: 0.3259  aux_depth_loss: 0.4182  sec_per_iter: 0.9589  iters_per_sec: 1.0400  samples_per_sec: 16.6900  samples_per_sec_per_gpu: 4.1700  max_mem_allocated_mb: 666.3000  max_mem_reserved_mb: 22014.0000
2026/05/06 07:55:49 - mmengine - INFO - [Efficiency] Epoch 12: wall=4791.2s  iters=5000  sec/iter=0.958  mem_alloc=666MB  mem_rsv=22014MB
2026/05/06 07:55:52 - mmengine - INFO - Saved /home/users/u103958/projects/multimodal-MoE/outputs/runs/zod_bevfusion_dualinit/bevfusion-dualinit_4543552/visualizations/bev_before_backbone_epoch_12.png
2026/05/06 07:55:52 - mmengine - INFO - Saved /home/users/u103958/projects/multimodal-MoE/outputs/runs/zod_bevfusion_dualinit/bevfusion-dualinit_4543552/visualizations/bev_after_fpn_epoch_12.png
2026/05/06 07:55:53 - mmengine - INFO - Saved /home/users/u103958/projects/multimodal-MoE/outputs/runs/zod_bevfusion_dualinit/bevfusion-dualinit_4543552/visualizations/bev_pred_vs_gt_epoch_12.png  (GT=16, pred=14, max_score=0.754)
2026/05/06 07:55:54 - mmengine - INFO - Saved /home/users/u103958/projects/multimodal-MoE/outputs/runs/zod_bevfusion_dualinit/bevfusion-dualinit_4543552/visualizations/bev_val_pred_vs_gt_epoch_12.png  (GT=25, pred=23, max_score=0.766)
2026/05/06 07:55:54 - mmengine - INFO - Saved /home/users/u103958/projects/multimodal-MoE/outputs/runs/zod_bevfusion_dualinit/bevfusion-dualinit_4543552/visualizations/camera_bev_features_epoch_12.png
2026/05/06 07:55:54 - mmengine - INFO - Saved /home/users/u103958/projects/multimodal-MoE/outputs/runs/zod_bevfusion_dualinit/bevfusion-dualinit_4543552/visualizations/fused_bev_features_epoch_12.png
2026/05/06 07:55:55 - mmengine - INFO - Saved /home/users/u103958/projects/multimodal-MoE/outputs/runs/zod_bevfusion_dualinit/bevfusion-dualinit_4543552/visualizations/depth_transform_diagnostic_epoch_12.png
2026/05/06 07:55:55 - mmengine - INFO - ========================================================================
2026/05/06 07:55:55 - mmengine - INFO -   DEPTH PROJECTION DEBUG — Sparse depth analysis
2026/05/06 07:55:55 - mmengine - INFO - ========================================================================
2026/05/06 07:55:55 - mmengine - INFO -   lidar2img  shape=(1, 4, 4)
2026/05/06 07:55:55 - mmengine - INFO -     [  622.2576  -478.3849    -1.9513 -1257.4954]
2026/05/06 07:55:55 - mmengine - INFO -     [ 350.0951    7.6426 -478.2796 -167.8321]
2026/05/06 07:55:55 - mmengine - INFO -     [ 1.      0.003   0.0074 -2.0314]
2026/05/06 07:55:55 - mmengine - INFO -     [0. 0. 0. 1.]
2026/05/06 07:55:55 - mmengine - INFO -   cam2img  shape=(1, 4, 4)
2026/05/06 07:55:55 - mmengine - INFO -     [480.324    0.     620.7651   0.    ]
2026/05/06 07:55:55 - mmengine - INFO -     [  0.     480.9149 346.5506   0.    ]
2026/05/06 07:55:55 - mmengine - INFO -     [0. 0. 1. 0.]
2026/05/06 07:55:55 - mmengine - INFO -     [0. 0. 0. 1.]
2026/05/06 07:55:55 - mmengine - INFO -   img_aug_matrix  shape=(1, 4, 4)
2026/05/06 07:55:55 - mmengine - INFO -     [1. 0. 0. 0.]
2026/05/06 07:55:55 - mmengine - INFO -     [0. 1. 0. 0.]
2026/05/06 07:55:55 - mmengine - INFO -     [0. 0. 1. 0.]
2026/05/06 07:55:55 - mmengine - INFO -     [0. 0. 0. 1.]
2026/05/06 07:55:55 - mmengine - INFO -   lidar_aug_matrix  shape=(4, 4)
2026/05/06 07:55:55 - mmengine - INFO -     [1. 0. 0. 0.]
2026/05/06 07:55:55 - mmengine - INFO -     [0. 1. 0. 0.]
2026/05/06 07:55:55 - mmengine - INFO -     [0. 0. 1. 0.]
2026/05/06 07:55:55 - mmengine - INFO -     [0. 0. 0. 1.]
2026/05/06 07:55:55 - mmengine - INFO -   img tensor shape: (1, 1, 3, 704, 1248)
2026/05/06 07:55:55 - mmengine - INFO -   points[0] shape:  (50570, 4)
2026/05/06 07:55:55 - mmengine - INFO -   image_size=[704, 1248]  feature_size=[88, 156]  D=178
2026/05/06 07:55:55 - mmengine - INFO -   projected: 50570 / 50570 on image
2026/05/06 07:55:55 - mmengine - INFO -   row min/max/mean: 226.9 / 703.6 / 382.4
2026/05/06 07:55:55 - mmengine - INFO - ------------------------------------------------------------------------
2026/05/06 07:55:55 - mmengine - INFO -   MULTI-HIT / OVERWRITE ANALYSIS (full-res depth map)
2026/05/06 07:55:55 - mmengine - INFO -   total LiDAR hits on image:     50570
2026/05/06 07:55:55 - mmengine - INFO -   unique pixels occupied:         45944
2026/05/06 07:55:55 - mmengine - INFO -   pixels with >1 hit:             4354
2026/05/06 07:55:55 - mmengine - INFO -   overwritten points (lost):      4626  (9.1%)
2026/05/06 07:55:55 - mmengine - INFO -   multi-hit max/mean:             4 / 2.1
2026/05/06 07:55:55 - mmengine - INFO -   full-res occupancy:             45944 / 878592 = 5.229%
2026/05/06 07:55:56 - mmengine - INFO - ------------------------------------------------------------------------
2026/05/06 07:55:56 - mmengine - INFO -   OCCUPANCY THROUGH DEPTH PIPELINE
2026/05/06 07:55:56 - mmengine - INFO -   sparse_depth (full-res):  (1, 1, 704, 1248)
2026/05/06 07:55:56 - mmengine - INFO -     nonzero: 156662 / 878592  (17.831%)
2026/05/06 07:55:56 - mmengine - INFO -     active rows: 479/704  cols: 1248/1248
2026/05/06 07:55:56 - mmengine - INFO -   dtransform output:        (1, 64, 88, 156)
2026/05/06 07:55:56 - mmengine - INFO -     active cells (any ch>0): 13728 / 13728  (100.00%)
2026/05/06 07:55:56 - mmengine - INFO -   img_features:             (1, 1, 256, 88, 156)
2026/05/06 07:55:56 - mmengine - INFO -   depthnet output:          (1, 258, 88, 156)
2026/05/06 07:55:56 - mmengine - INFO -   camera BEV:               (1, 80, 180, 180)
2026/05/06 07:56:01 - mmengine - INFO -   Saved /home/users/u103958/projects/multimodal-MoE/outputs/runs/zod_bevfusion_dualinit/bevfusion-dualinit_4543552/debug/sparse_depth_pipeline.png
2026/05/06 07:56:03 - mmengine - INFO -   Saved /home/users/u103958/projects/multimodal-MoE/outputs/runs/zod_bevfusion_dualinit/bevfusion-dualinit_4543552/debug/lidar_projection_overlay.png
2026/05/06 07:56:03 - mmengine - INFO - ========================================================================
2026/05/06 07:56:03 - mmengine - INFO - Saving checkpoint at 12 epochs
2026/05/06 07:56:18 - mmengine - INFO - Epoch(val) [12][  50/1250]    eta: 0:05:28  time: 0.2736  data_time: 0.0092  memory: 4846  
2026/05/06 07:56:32 - mmengine - INFO - Epoch(val) [12][ 100/1250]    eta: 0:05:23  time: 0.2897  data_time: 0.0098  memory: 4845  
2026/05/06 07:56:46 - mmengine - INFO - Epoch(val) [12][ 150/1250]    eta: 0:05:06  time: 0.2730  data_time: 0.0057  memory: 4789  
2026/05/06 07:56:59 - mmengine - INFO - Epoch(val) [12][ 200/1250]    eta: 0:04:47  time: 0.2596  data_time: 0.0061  memory: 4787  
2026/05/06 07:57:12 - mmengine - INFO - Epoch(val) [12][ 250/1250]    eta: 0:04:32  time: 0.2687  data_time: 0.0081  memory: 4776  
2026/05/06 07:57:28 - mmengine - INFO - Epoch(val) [12][ 300/1250]    eta: 0:04:26  time: 0.3194  data_time: 0.0102  memory: 4784  
2026/05/06 07:57:42 - mmengine - INFO - Epoch(val) [12][ 350/1250]    eta: 0:04:11  time: 0.2706  data_time: 0.0069  memory: 4787  
2026/05/06 07:57:57 - mmengine - INFO - Epoch(val) [12][ 400/1250]    eta: 0:03:58  time: 0.2918  data_time: 0.0077  memory: 4777  
2026/05/06 07:58:11 - mmengine - INFO - Epoch(val) [12][ 450/1250]    eta: 0:03:46  time: 0.2962  data_time: 0.0068  memory: 4780  
2026/05/06 07:58:25 - mmengine - INFO - Epoch(val) [12][ 500/1250]    eta: 0:03:31  time: 0.2732  data_time: 0.0080  memory: 4780  
2026/05/06 07:58:38 - mmengine - INFO - Epoch(val) [12][ 550/1250]    eta: 0:03:16  time: 0.2669  data_time: 0.0068  memory: 4780  
2026/05/06 07:58:52 - mmengine - INFO - Epoch(val) [12][ 600/1250]    eta: 0:03:01  time: 0.2745  data_time: 0.0055  memory: 4784  
2026/05/06 07:59:05 - mmengine - INFO - Epoch(val) [12][ 650/1250]    eta: 0:02:46  time: 0.2553  data_time: 0.0057  memory: 4784  
2026/05/06 07:59:19 - mmengine - INFO - Epoch(val) [12][ 700/1250]    eta: 0:02:33  time: 0.2899  data_time: 0.0066  memory: 4781  
2026/05/06 07:59:33 - mmengine - INFO - Epoch(val) [12][ 750/1250]    eta: 0:02:18  time: 0.2649  data_time: 0.0081  memory: 4783  
2026/05/06 07:59:47 - mmengine - INFO - Epoch(val) [12][ 800/1250]    eta: 0:02:05  time: 0.2776  data_time: 0.0060  memory: 4778  
2026/05/06 08:00:02 - mmengine - INFO - Epoch(val) [12][ 850/1250]    eta: 0:01:51  time: 0.3081  data_time: 0.0071  memory: 4783  
2026/05/06 08:00:15 - mmengine - INFO - Epoch(val) [12][ 900/1250]    eta: 0:01:37  time: 0.2692  data_time: 0.0075  memory: 4787  
2026/05/06 08:00:30 - mmengine - INFO - Epoch(val) [12][ 950/1250]    eta: 0:01:23  time: 0.2936  data_time: 0.0061  memory: 4783  
2026/05/06 08:00:43 - mmengine - INFO - Epoch(val) [12][1000/1250]    eta: 0:01:09  time: 0.2612  data_time: 0.0086  memory: 4786  
2026/05/06 08:00:57 - mmengine - INFO - Epoch(val) [12][1050/1250]    eta: 0:00:55  time: 0.2840  data_time: 0.0086  memory: 4786  
2026/05/06 08:01:10 - mmengine - INFO - Epoch(val) [12][1100/1250]    eta: 0:00:41  time: 0.2475  data_time: 0.0063  memory: 4787  
2026/05/06 08:01:27 - mmengine - INFO - Epoch(val) [12][1150/1250]    eta: 0:00:28  time: 0.3473  data_time: 0.0082  memory: 4781  
2026/05/06 08:01:42 - mmengine - INFO - Epoch(val) [12][1200/1250]    eta: 0:00:14  time: 0.2982  data_time: 0.0118  memory: 4779  
2026/05/06 08:01:55 - mmengine - INFO - Epoch(val) [12][1250/1250]    eta: 0:00:00  time: 0.2573  data_time: 0.0085  memory: 4783  
2026/05/06 08:03:15 - mmengine - INFO - 
+------------+---------+---------+---------+---------+
| classes    | AP_0.25 | AR_0.25 | AP_0.50 | AR_0.50 |
+------------+---------+---------+---------+---------+
| pedestrian | 0.8096  | 0.9405  | 0.5780  | 0.7206  |
+------------+---------+---------+---------+---------+
| Overall    | 0.8096  | 0.9405  | 0.5780  | 0.7206  |
+------------+---------+---------+---------+---------+
2026/05/06 08:03:44 - mmengine - INFO - 
+------------+---------+---------+---------+---------+---------+---------+---------+---------+
| classes    | AP_0.5m | AR_0.5m | AP_1.0m | AR_1.0m | AP_2.0m | AR_2.0m | AP_4.0m | AR_4.0m |
+------------+---------+---------+---------+---------+---------+---------+---------+---------+
| pedestrian | 0.8283  | 0.9654  | 0.8354  | 0.9713  | 0.8398  | 0.9751  | 0.8461  | 0.9810  |
+------------+---------+---------+---------+---------+---------+---------+---------+---------+
| Overall    | 0.8283  | 0.9654  | 0.8354  | 0.9713  | 0.8398  | 0.9751  | 0.8461  | 0.9810  |
+------------+---------+---------+---------+---------+---------+---------+---------+---------+
2026/05/06 08:03:46 - mmengine - INFO - Epoch(val) [12][1250/1250]    pedestrian_AP_0.25: 0.8096  mAP_0.25: 0.8096  pedestrian_rec_0.25: 0.9405  mAR_0.25: 0.9405  pedestrian_AP_0.50: 0.5780  mAP_0.50: 0.5780  pedestrian_rec_0.50: 0.7206  mAR_0.50: 0.7206  pedestrian_AP_0.5m: 0.8283  pedestrian_rec_0.5m: 0.9654  pedestrian_AP_1.0m: 0.8354  pedestrian_rec_1.0m: 0.9713  pedestrian_AP_2.0m: 0.8398  pedestrian_rec_2.0m: 0.9751  pedestrian_AP_4.0m: 0.8461  pedestrian_rec_4.0m: 0.9810  mAP_0.5m: 0.8283  mAR_0.5m: 0.9654  mAP_1.0m: 0.8354  mAR_1.0m: 0.9713  mAP_2.0m: 0.8398  mAR_2.0m: 0.9751  mAP_4.0m: 0.8461  mAR_4.0m: 0.9810  data_time: 0.0076  time: 0.2804
2026/05/06 08:03:47 - mmengine - INFO - 
========================================================================
  RUN SUMMARY
========================================================================

  A) Run Configuration
     world_size           : 4
     per_gpu_batch_size   : 4
     global_batch_size    : 16
     total_epochs         : 12

  B) Validation Performance
     best_epoch           : 11
     best/pedestrian_AP_0.25: 0.8121
     best/mAP_0.25          : 0.8121
     best/pedestrian_rec_0.25: 0.9416
     best/mAR_0.25          : 0.9416
     best/pedestrian_AP_0.50: 0.5828
     best/mAP_0.50          : 0.5828
     best/pedestrian_rec_0.50: 0.7228
     best/mAR_0.50          : 0.7228
     best/pedestrian_AP_0.5m: 0.8303
     best/pedestrian_rec_0.5m: 0.9659
     best/pedestrian_AP_1.0m: 0.8373
     best/pedestrian_rec_1.0m: 0.9720
     best/pedestrian_AP_2.0m: 0.8417
     best/pedestrian_rec_2.0m: 0.9758
     best/pedestrian_AP_4.0m: 0.8480
     best/pedestrian_rec_4.0m: 0.9813
     best/mAP_0.5m          : 0.8303
     best/mAR_0.5m          : 0.9659
     best/mAP_1.0m          : 0.8373
     best/mAR_1.0m          : 0.9720
     best/mAP_2.0m          : 0.8417
     best/mAR_2.0m          : 0.9758
     best/mAP_4.0m          : 0.8480
     best/mAR_4.0m          : 0.9813

     final/pedestrian_AP_0.25: 0.8096
     final/mAP_0.25         : 0.8096
     final/pedestrian_rec_0.25: 0.9405
     final/mAR_0.25         : 0.9405
     final/pedestrian_AP_0.50: 0.5780
     final/mAP_0.50         : 0.5780
     final/pedestrian_rec_0.50: 0.7206
     final/mAR_0.50         : 0.7206
     final/pedestrian_AP_0.5m: 0.8283
     final/pedestrian_rec_0.5m: 0.9654
     final/pedestrian_AP_1.0m: 0.8354
     final/pedestrian_rec_1.0m: 0.9713
     final/pedestrian_AP_2.0m: 0.8398
     final/pedestrian_rec_2.0m: 0.9751
     final/pedestrian_AP_4.0m: 0.8461
     final/pedestrian_rec_4.0m: 0.9810
     final/mAP_0.5m         : 0.8283
     final/mAR_0.5m         : 0.9654
     final/mAP_1.0m         : 0.8354
     final/mAR_1.0m         : 0.9713
     final/mAP_2.0m         : 0.8398
     final/mAR_2.0m         : 0.9751
     final/mAP_4.0m         : 0.8461
     final/mAR_4.0m         : 0.9810

  C) Training Efficiency
     total_wall_time      : 56605.9s  (15.72h)
     total_iters          : 60000
     avg_sec_per_iter     : 0.9434
     avg_iters_per_sec    : 1.06
     avg_samples_per_sec  : 16.96
     avg_samples/s/gpu    : 4.24
     peak_mem_allocated_mb: 18220
     peak_mem_reserved_mb : 22014

========================================================================
2026/05/06 08:03:47 - mmengine - INFO - Run summary saved to /home/users/u103958/projects/multimodal-MoE/outputs/runs/zod_bevfusion_dualinit/bevfusion-dualinit_4543552/run_summary.txt
