{
  "metrics/precision(B)": 0.379716705488825,
  "metrics/recall(B)": 0.2079061545878194,
  "metrics/mAP50(B)": 0.1929851463150819,
  "metrics/mAP50-95(B)": 0.07873729775882964,
  "fitness": 0.07873729775882964
}