2026/04/07 10:45:33 - mmengine - INFO - 
------------------------------------------------------------
System environment:
    sys.platform: linux
    Python: 3.10.20 | packaged by conda-forge | (main, Mar  5 2026, 16:42:22) [GCC 14.3.0]
    CUDA available: True
    MUSA available: False
    numpy_random_seed: 298490211
    GPU 0: NVIDIA A100-SXM4-40GB
    CUDA_HOME: None
    GCC: gcc (GCC) 8.5.0 20210514 (Red Hat 8.5.0-28)
    PyTorch: 2.4.0+cu121
    PyTorch compiling details: PyTorch built with:
  - GCC 9.3
  - C++ Version: 201703
  - Intel(R) oneAPI Math Kernel Library Version 2022.2-Product Build 20220804 for Intel(R) 64 architecture applications
  - Intel(R) MKL-DNN v3.4.2 (Git Hash 1137e04ec0b5251ca2b4400a4fd3c667ce843d67)
  - OpenMP 201511 (a.k.a. OpenMP 4.5)
  - LAPACK is enabled (usually provided by MKL)
  - NNPACK is enabled
  - CPU capability usage: AVX2
  - CUDA Runtime 12.1
  - NVCC architecture flags: -gencode;arch=compute_50,code=sm_50;-gencode;arch=compute_60,code=sm_60;-gencode;arch=compute_70,code=sm_70;-gencode;arch=compute_75,code=sm_75;-gencode;arch=compute_80,code=sm_80;-gencode;arch=compute_86,code=sm_86;-gencode;arch=compute_90,code=sm_90
  - CuDNN 90.1  (built against CUDA 12.4)
  - Magma 2.6.1
  - Build settings: BLAS_INFO=mkl, BUILD_TYPE=Release, CUDA_VERSION=12.1, CUDNN_VERSION=9.1.0, CXX_COMPILER=/opt/rh/devtoolset-9/root/usr/bin/c++, CXX_FLAGS= -D_GLIBCXX_USE_CXX11_ABI=0 -fabi-version=11 -fvisibility-inlines-hidden -DUSE_PTHREADPOOL -DNDEBUG -DUSE_KINETO -DLIBKINETO_NOROCTRACER -DUSE_FBGEMM -DUSE_PYTORCH_QNNPACK -DUSE_XNNPACK -DSYMBOLICATE_MOBILE_DEBUG_HANDLE -O2 -fPIC -Wall -Wextra -Werror=return-type -Werror=non-virtual-dtor -Werror=bool-operation -Wnarrowing -Wno-missing-field-initializers -Wno-type-limits -Wno-array-bounds -Wno-unknown-pragmas -Wno-unused-parameter -Wno-unused-function -Wno-unused-result -Wno-strict-overflow -Wno-strict-aliasing -Wno-stringop-overflow -Wsuggest-override -Wno-psabi -Wno-error=pedantic -Wno-error=old-style-cast -Wno-missing-braces -fdiagnostics-color=always -faligned-new -Wno-unused-but-set-variable -Wno-maybe-uninitialized -fno-math-errno -fno-trapping-math -Werror=format -Wno-stringop-overflow, LAPACK_INFO=mkl, PERF_WITH_AVX=1, PERF_WITH_AVX2=1, PERF_WITH_AVX512=1, TORCH_VERSION=2.4.0, USE_CUDA=ON, USE_CUDNN=ON, USE_CUSPARSELT=1, USE_EXCEPTION_PTR=1, USE_GFLAGS=OFF, USE_GLOG=OFF, USE_GLOO=ON, USE_MKL=ON, USE_MKLDNN=ON, USE_MPI=OFF, USE_NCCL=1, USE_NNPACK=ON, USE_OPENMP=ON, USE_ROCM=OFF, USE_ROCM_KERNEL_ASSERT=OFF, 

    TorchVision: 0.19.0+cu121
    OpenCV: 4.9.0
    MMEngine: 0.10.7

Runtime environment:
    cudnn_benchmark: False
    mp_cfg: {'mp_start_method': 'fork', 'opencv_num_threads': 0}
    dist_cfg: {'backend': 'nccl'}
    seed: 298490211
    Distributed launcher: slurm
    Distributed training: True
    GPU number: 4
------------------------------------------------------------

2026/04/07 10:45:35 - mmengine - INFO - Config:
_VIS_EPOCHS = (
    1,
    3,
    5,
    7,
    10,
    12,
)
auto_scale_lr = dict(enable=False)
backend_args = None
class_names = [
    'pedestrian',
]
custom_hooks = [
    dict(
        type='BEVFeatureVisualizationHook', vis_epochs=(
            1,
            3,
            5,
            7,
            10,
            12,
        )),
    dict(
        score_thr=0.15,
        type='BEVPredictionVisualizationHook',
        vis_epochs=(
            1,
            3,
            5,
            7,
            10,
            12,
        )),
    dict(
        score_thr=0.15,
        type='BEVValPredictionVisualizationHook',
        vis_epochs=(
            1,
            3,
            5,
            7,
            10,
            12,
        )),
    dict(
        type='BEVCameraFeatureVisualizationHook',
        vis_epochs=(
            1,
            3,
            5,
            7,
            10,
            12,
        )),
    dict(
        type='DepthTransformDiagnosticHook', vis_epochs=(
            1,
            3,
            5,
            7,
            10,
            12,
        )),
    dict(type='TrainingEfficiencyHook'),
    dict(type='RunSummaryHook'),
    dict(type='DepthProjectionDebugHook', vis_epochs=(
        1,
        3,
        5,
        7,
        10,
        12,
    )),
    dict(
        filename='val_curve_ap_0_50_0_5m',
        metric_keys=(
            'mAP_0.50',
            'mAP_0.5m',
        ),
        type='ValidationCurveHook'),
]
custom_imports = dict(
    allow_failed_imports=False, imports=[
        'projects.BEVFusion.bevfusion',
    ])
data_prefix = dict(CAM_FRONT='', pts='')
data_root = '/mnt/tier2/project/p201222/u103958/zod_moe/zod_nuscenes/'
dataset_type = 'ZODDataset'
default_hooks = dict(
    checkpoint=dict(
        interval=2,
        rule='greater',
        save_best='mAP_0.50',
        type='CheckpointHook'),
    logger=dict(interval=50, type='LoggerHook'),
    param_scheduler=dict(type='ParamSchedulerHook'),
    sampler_seed=dict(type='DistSamplerSeedHook'),
    timer=dict(type='IterTimerHook'),
    visualization=dict(type='Det3DVisualizationHook'))
default_scope = 'mmdet3d'
env_cfg = dict(
    cudnn_benchmark=False,
    dist_cfg=dict(backend='nccl'),
    mp_cfg=dict(mp_start_method='fork', opencv_num_threads=0))
grid_size = [
    1440,
    1440,
    40,
]
input_modality = dict(use_camera=True, use_lidar=True)
launcher = 'slurm'
load_from = '/home/users/u103958/projects/multimodal-MoE/outputs/runs/zod_lidar_only/zod-lidar-only_4452913/best_mAP_0.50_epoch_18.pth'
log_level = 'INFO'
log_processor = dict(by_epoch=True, type='LogProcessor', window_size=50)
lr = 5e-05
metainfo = dict(
    box_type_3d='LiDAR', classes=[
        'pedestrian',
    ])
model = dict(
    bbox_head=dict(
        auxiliary=True,
        bbox_coder=dict(
            code_size=8,
            out_size_factor=8,
            pc_range=[
                0.0,
                -54.0,
            ],
            post_center_range=[
                0.0,
                -54.0,
                -10.0,
                108.0,
                54.0,
                10.0,
            ],
            score_threshold=0.0,
            type='TransFusionBBoxCoder',
            voxel_size=[
                0.075,
                0.075,
            ]),
        bn_momentum=0.1,
        common_heads=dict(
            center=[
                2,
                2,
            ], dim=[
                3,
                2,
            ], height=[
                1,
                2,
            ], rot=[
                2,
                2,
            ]),
        decoder_layer=dict(
            cross_attn_cfg=dict(dropout=0.1, embed_dims=128, num_heads=8),
            ffn_cfg=dict(
                act_cfg=dict(inplace=True, type='ReLU'),
                embed_dims=128,
                feedforward_channels=256,
                ffn_drop=0.1,
                num_fcs=2),
            norm_cfg=dict(type='LN'),
            pos_encoding_cfg=dict(input_channel=2, num_pos_feats=128),
            self_attn_cfg=dict(dropout=0.1, embed_dims=128, num_heads=8),
            type='TransformerDecoderLayer'),
        hidden_channel=128,
        in_channels=512,
        loss_bbox=dict(
            loss_weight=0.25, reduction='mean', type='mmdet.L1Loss'),
        loss_cls=dict(
            alpha=0.25,
            gamma=2.0,
            loss_weight=1.0,
            reduction='mean',
            type='mmdet.FocalLoss',
            use_sigmoid=True),
        loss_heatmap=dict(
            loss_weight=1.0, reduction='mean', type='mmdet.GaussianFocalLoss'),
        nms_kernel_size=3,
        num_classes=1,
        num_decoder_layers=1,
        num_proposals=500,
        test_cfg=dict(
            dataset='custom_zod',
            grid_size=[
                1440,
                1440,
                40,
            ],
            nms_type='circle',
            out_size_factor=8,
            pc_range=[
                0.0,
                -54.0,
            ],
            voxel_size=[
                0.075,
                0.075,
            ]),
        train_cfg=dict(
            assigner=dict(
                cls_cost=dict(
                    alpha=0.25,
                    gamma=2.0,
                    type='mmdet.FocalLossCost',
                    weight=0.15),
                iou_calculator=dict(coordinate='lidar', type='BboxOverlaps3D'),
                iou_cost=dict(type='IoU3DCost', weight=0.25),
                reg_cost=dict(type='BBoxBEVL1Cost', weight=0.25),
                type='HungarianAssigner3D'),
            code_weights=[
                1.0,
                1.0,
                1.0,
                1.0,
                1.0,
                1.0,
                1.0,
                1.0,
            ],
            dataset='custom_zod',
            gaussian_overlap=0.1,
            grid_size=[
                1440,
                1440,
                40,
            ],
            min_radius=2,
            out_size_factor=8,
            point_cloud_range=[
                0.0,
                -54.0,
                -5.0,
                108.0,
                54.0,
                3.0,
            ],
            pos_weight=-1,
            voxel_size=[
                0.075,
                0.075,
                0.2,
            ]),
        type='TransFusionHead'),
    data_preprocessor=dict(
        bgr_to_rgb=False,
        mean=[
            123.675,
            116.28,
            103.53,
        ],
        pad_size_divisor=32,
        std=[
            58.395,
            57.12,
            57.375,
        ],
        type='Det3DDataPreprocessor',
        voxelize_cfg=dict(
            max_num_points=10,
            max_voxels=[
                200000,
                240000,
            ],
            point_cloud_range=[
                0.0,
                -54.0,
                -5.0,
                108.0,
                54.0,
                3.0,
            ],
            voxel_size=[
                0.075,
                0.075,
                0.2,
            ],
            voxelize_reduce=True)),
    fusion_layer=dict(
        in_channels=[
            80,
            256,
        ], out_channels=256, type='ConvFuser'),
    img_backbone=dict(
        attn_drop_rate=0.0,
        convert_weights=True,
        depths=[
            2,
            2,
            6,
            2,
        ],
        drop_path_rate=0.2,
        drop_rate=0.0,
        embed_dims=96,
        init_cfg=dict(
            checkpoint=
            '/mnt/tier2/project/p201222/u103958/checkpoints/swin_tiny_patch4_window7_224.pth',
            type='Pretrained'),
        mlp_ratio=4,
        num_heads=[
            3,
            6,
            12,
            24,
        ],
        out_indices=[
            1,
            2,
            3,
        ],
        patch_norm=True,
        qk_scale=None,
        qkv_bias=True,
        type='mmdet.SwinTransformer',
        window_size=7,
        with_cp=False),
    img_neck=dict(
        act_cfg=dict(inplace=True, type='ReLU'),
        in_channels=[
            192,
            384,
            768,
        ],
        norm_cfg=dict(requires_grad=True, type='BN2d'),
        num_outs=3,
        out_channels=256,
        start_level=0,
        type='GeneralizedLSSFPN',
        upsample_cfg=dict(align_corners=False, mode='bilinear')),
    pts_backbone=dict(
        conv_cfg=dict(bias=False, type='Conv2d'),
        in_channels=256,
        layer_nums=[
            5,
            5,
        ],
        layer_strides=[
            1,
            2,
        ],
        norm_cfg=dict(eps=0.001, momentum=0.01, type='BN'),
        out_channels=[
            128,
            256,
        ],
        type='SECOND'),
    pts_middle_encoder=dict(
        block_type='basicblock',
        encoder_channels=(
            (
                16,
                16,
                32,
            ),
            (
                32,
                32,
                64,
            ),
            (
                64,
                64,
                128,
            ),
            (
                128,
                128,
            ),
        ),
        encoder_paddings=(
            (
                0,
                0,
                1,
            ),
            (
                0,
                0,
                1,
            ),
            (
                0,
                0,
                (
                    1,
                    1,
                    0,
                ),
            ),
            (
                0,
                0,
            ),
        ),
        in_channels=4,
        norm_cfg=dict(eps=0.001, momentum=0.01, type='BN1d'),
        order=(
            'conv',
            'norm',
            'act',
        ),
        sparse_shape=[
            1440,
            1440,
            41,
        ],
        type='BEVFusionSparseEncoder'),
    pts_neck=dict(
        in_channels=[
            128,
            256,
        ],
        norm_cfg=dict(eps=0.001, momentum=0.01, type='BN'),
        out_channels=[
            256,
            256,
        ],
        type='SECONDFPN',
        upsample_cfg=dict(bias=False, type='deconv'),
        upsample_strides=[
            1,
            2,
        ],
        use_conv_for_no_stride=True),
    pts_voxel_encoder=dict(num_features=4, type='HardSimpleVFE'),
    type='BEVFusion',
    view_transform=dict(
        aux_depth_loss_weight=0.5,
        dbound=[
            1.0,
            90.0,
            0.5,
        ],
        downsample=2,
        feature_size=[
            88,
            156,
        ],
        image_size=[
            704,
            1248,
        ],
        in_channels=256,
        out_channels=80,
        splat_radius=1,
        type='DepthLSSTransform',
        xbound=[
            0.0,
            108.0,
            0.3,
        ],
        ybound=[
            -54.0,
            54.0,
            0.3,
        ],
        zbound=[
            -10.0,
            10.0,
            20.0,
        ]))
optim_wrapper = dict(
    clip_grad=dict(max_norm=10, norm_type=2),
    loss_scale='dynamic',
    optimizer=dict(lr=5e-05, type='AdamW', weight_decay=0.01),
    type='AmpOptimWrapper')
out_size_factor = 8
param_scheduler = [
    dict(
        begin=0,
        by_epoch=False,
        end=500,
        start_factor=0.33333333,
        type='LinearLR'),
    dict(
        T_max=4,
        begin=0,
        by_epoch=True,
        convert_to_iter_based=True,
        end=4,
        eta_min=0.0005,
        type='CosineAnnealingLR'),
    dict(
        T_max=8,
        begin=4,
        by_epoch=True,
        convert_to_iter_based=True,
        end=12,
        eta_min=5e-09,
        type='CosineAnnealingLR'),
    dict(
        T_max=4,
        begin=0,
        by_epoch=True,
        convert_to_iter_based=True,
        end=4,
        eta_min=0.8947368421052632,
        type='CosineAnnealingMomentum'),
    dict(
        T_max=8,
        begin=4,
        by_epoch=True,
        convert_to_iter_based=True,
        end=12,
        eta_min=1,
        type='CosineAnnealingMomentum'),
]
point_cloud_range = [
    0.0,
    -54.0,
    -5.0,
    108.0,
    54.0,
    3.0,
]
resume = False
sparse_shape = [
    1440,
    1440,
    41,
]
test_cfg = dict()
test_dataloader = dict(
    batch_size=2,
    dataset=dict(
        ann_file='infos/zod_nuscenes_infos_test.pkl',
        backend_args=None,
        box_type_3d='LiDAR',
        data_prefix=dict(CAM_FRONT='', pts=''),
        data_root='/mnt/tier2/project/p201222/u103958/zod_moe/zod_nuscenes/',
        metainfo=dict(box_type_3d='LiDAR', classes=[
            'pedestrian',
        ]),
        modality=dict(use_camera=True, use_lidar=True),
        pipeline=[
            dict(
                backend_args=None,
                color_type='color',
                num_views=1,
                to_float32=True,
                type='BEVLoadMultiViewImageFromFiles'),
            dict(
                backend_args=None,
                coord_type='LIDAR',
                load_dim=4,
                type='LoadPointsFromFile',
                use_dim=4),
            dict(
                bot_pct_lim=[
                    0.0,
                    0.0,
                ],
                final_dim=[
                    704,
                    1248,
                ],
                is_train=False,
                rand_flip=False,
                resize_lim=[
                    1.0,
                    1.0,
                ],
                rot_lim=[
                    0.0,
                    0.0,
                ],
                type='ImageAug3D'),
            dict(
                point_cloud_range=[
                    0.0,
                    -54.0,
                    -5.0,
                    108.0,
                    54.0,
                    3.0,
                ],
                type='PointsRangeFilter'),
            dict(
                keys=[
                    'img',
                    'points',
                    'gt_bboxes_3d',
                    'gt_labels_3d',
                ],
                meta_keys=[
                    'cam2img',
                    'ori_cam2img',
                    'lidar2cam',
                    'lidar2img',
                    'cam2lidar',
                    'img_aug_matrix',
                    'box_type_3d',
                    'sample_idx',
                    'lidar_path',
                    'img_path',
                    'num_pts_feats',
                ],
                type='Pack3DDetInputs'),
        ],
        test_mode=True,
        type='ZODDataset',
        use_valid_flag=False,
        with_velocity=False),
    drop_last=False,
    num_workers=4,
    persistent_workers=True,
    sampler=dict(shuffle=False, type='DefaultSampler'))
test_evaluator = [
    dict(iou_thr=[
        0.25,
        0.5,
    ], type='IndoorMetric'),
    dict(dist_thr=[
        0.5,
        1.0,
        2.0,
        4.0,
    ], type='CenterDistanceMetric'),
]
test_pipeline = [
    dict(
        backend_args=None,
        color_type='color',
        num_views=1,
        to_float32=True,
        type='BEVLoadMultiViewImageFromFiles'),
    dict(
        backend_args=None,
        coord_type='LIDAR',
        load_dim=4,
        type='LoadPointsFromFile',
        use_dim=4),
    dict(
        bot_pct_lim=[
            0.0,
            0.0,
        ],
        final_dim=[
            704,
            1248,
        ],
        is_train=False,
        rand_flip=False,
        resize_lim=[
            1.0,
            1.0,
        ],
        rot_lim=[
            0.0,
            0.0,
        ],
        type='ImageAug3D'),
    dict(
        point_cloud_range=[
            0.0,
            -54.0,
            -5.0,
            108.0,
            54.0,
            3.0,
        ],
        type='PointsRangeFilter'),
    dict(
        keys=[
            'img',
            'points',
            'gt_bboxes_3d',
            'gt_labels_3d',
        ],
        meta_keys=[
            'cam2img',
            'ori_cam2img',
            'lidar2cam',
            'lidar2img',
            'cam2lidar',
            'img_aug_matrix',
            'box_type_3d',
            'sample_idx',
            'lidar_path',
            'img_path',
            'num_pts_feats',
        ],
        type='Pack3DDetInputs'),
]
train_cfg = dict(by_epoch=True, max_epochs=12, val_interval=1)
train_dataloader = dict(
    batch_size=4,
    dataset=dict(
        ann_file='infos/zod_nuscenes_infos_train.pkl',
        box_type_3d='LiDAR',
        data_prefix=dict(CAM_FRONT='', pts=''),
        data_root='/mnt/tier2/project/p201222/u103958/zod_moe/zod_nuscenes/',
        metainfo=dict(box_type_3d='LiDAR', classes=[
            'pedestrian',
        ]),
        modality=dict(use_camera=True, use_lidar=True),
        pipeline=[
            dict(
                backend_args=None,
                color_type='color',
                num_views=1,
                to_float32=True,
                type='BEVLoadMultiViewImageFromFiles'),
            dict(
                backend_args=None,
                coord_type='LIDAR',
                load_dim=4,
                type='LoadPointsFromFile',
                use_dim=4),
            dict(
                type='LoadAnnotations3D',
                with_attr_label=False,
                with_bbox_3d=True,
                with_label_3d=True),
            dict(
                bot_pct_lim=[
                    0.0,
                    0.0,
                ],
                final_dim=[
                    704,
                    1248,
                ],
                is_train=True,
                rand_flip=False,
                resize_lim=[
                    1.0,
                    1.0,
                ],
                rot_lim=[
                    0.0,
                    0.0,
                ],
                type='ImageAug3D'),
            dict(
                rot_range=[
                    0,
                    0,
                ],
                scale_ratio_range=[
                    0.9,
                    1.1,
                ],
                translation_std=0.5,
                type='BEVFusionGlobalRotScaleTrans'),
            dict(
                point_cloud_range=[
                    0.0,
                    -54.0,
                    -5.0,
                    108.0,
                    54.0,
                    3.0,
                ],
                type='PointsRangeFilter'),
            dict(
                point_cloud_range=[
                    0.0,
                    -54.0,
                    -5.0,
                    108.0,
                    54.0,
                    3.0,
                ],
                type='ObjectRangeFilter'),
            dict(classes=[
                'pedestrian',
            ], type='ObjectNameFilter'),
            dict(
                fixed_prob=True,
                max_epoch=10,
                mode=1,
                offset=False,
                prob=0.0,
                ratio=0.5,
                rotate=1,
                type='GridMask',
                use_h=True,
                use_w=True),
            dict(type='PointShuffle'),
            dict(
                keys=[
                    'points',
                    'img',
                    'gt_bboxes_3d',
                    'gt_labels_3d',
                ],
                meta_keys=[
                    'cam2img',
                    'ori_cam2img',
                    'lidar2cam',
                    'lidar2img',
                    'cam2lidar',
                    'img_aug_matrix',
                    'box_type_3d',
                    'sample_idx',
                    'lidar_path',
                    'img_path',
                    'transformation_3d_flow',
                    'pcd_rotation',
                    'pcd_scale_factor',
                    'pcd_trans',
                    'lidar_aug_matrix',
                    'num_pts_feats',
                ],
                type='Pack3DDetInputs'),
        ],
        test_mode=False,
        type='ZODDataset',
        use_valid_flag=False,
        with_velocity=False),
    num_workers=4,
    persistent_workers=True,
    sampler=dict(shuffle=True, type='DefaultSampler'))
train_pipeline = [
    dict(
        backend_args=None,
        color_type='color',
        num_views=1,
        to_float32=True,
        type='BEVLoadMultiViewImageFromFiles'),
    dict(
        backend_args=None,
        coord_type='LIDAR',
        load_dim=4,
        type='LoadPointsFromFile',
        use_dim=4),
    dict(
        type='LoadAnnotations3D',
        with_attr_label=False,
        with_bbox_3d=True,
        with_label_3d=True),
    dict(
        bot_pct_lim=[
            0.0,
            0.0,
        ],
        final_dim=[
            704,
            1248,
        ],
        is_train=True,
        rand_flip=False,
        resize_lim=[
            1.0,
            1.0,
        ],
        rot_lim=[
            0.0,
            0.0,
        ],
        type='ImageAug3D'),
    dict(
        rot_range=[
            0,
            0,
        ],
        scale_ratio_range=[
            0.9,
            1.1,
        ],
        translation_std=0.5,
        type='BEVFusionGlobalRotScaleTrans'),
    dict(
        point_cloud_range=[
            0.0,
            -54.0,
            -5.0,
            108.0,
            54.0,
            3.0,
        ],
        type='PointsRangeFilter'),
    dict(
        point_cloud_range=[
            0.0,
            -54.0,
            -5.0,
            108.0,
            54.0,
            3.0,
        ],
        type='ObjectRangeFilter'),
    dict(classes=[
        'pedestrian',
    ], type='ObjectNameFilter'),
    dict(
        fixed_prob=True,
        max_epoch=10,
        mode=1,
        offset=False,
        prob=0.0,
        ratio=0.5,
        rotate=1,
        type='GridMask',
        use_h=True,
        use_w=True),
    dict(type='PointShuffle'),
    dict(
        keys=[
            'points',
            'img',
            'gt_bboxes_3d',
            'gt_labels_3d',
        ],
        meta_keys=[
            'cam2img',
            'ori_cam2img',
            'lidar2cam',
            'lidar2img',
            'cam2lidar',
            'img_aug_matrix',
            'box_type_3d',
            'sample_idx',
            'lidar_path',
            'img_path',
            'transformation_3d_flow',
            'pcd_rotation',
            'pcd_scale_factor',
            'pcd_trans',
            'lidar_aug_matrix',
            'num_pts_feats',
        ],
        type='Pack3DDetInputs'),
]
val_cfg = dict()
val_dataloader = dict(
    batch_size=2,
    dataset=dict(
        ann_file='infos/zod_nuscenes_infos_val.pkl',
        backend_args=None,
        box_type_3d='LiDAR',
        data_prefix=dict(CAM_FRONT='', pts=''),
        data_root='/mnt/tier2/project/p201222/u103958/zod_moe/zod_nuscenes/',
        metainfo=dict(box_type_3d='LiDAR', classes=[
            'pedestrian',
        ]),
        modality=dict(use_camera=True, use_lidar=True),
        pipeline=[
            dict(
                backend_args=None,
                color_type='color',
                num_views=1,
                to_float32=True,
                type='BEVLoadMultiViewImageFromFiles'),
            dict(
                backend_args=None,
                coord_type='LIDAR',
                load_dim=4,
                type='LoadPointsFromFile',
                use_dim=4),
            dict(
                bot_pct_lim=[
                    0.0,
                    0.0,
                ],
                final_dim=[
                    704,
                    1248,
                ],
                is_train=False,
                rand_flip=False,
                resize_lim=[
                    1.0,
                    1.0,
                ],
                rot_lim=[
                    0.0,
                    0.0,
                ],
                type='ImageAug3D'),
            dict(
                point_cloud_range=[
                    0.0,
                    -54.0,
                    -5.0,
                    108.0,
                    54.0,
                    3.0,
                ],
                type='PointsRangeFilter'),
            dict(
                keys=[
                    'img',
                    'points',
                    'gt_bboxes_3d',
                    'gt_labels_3d',
                ],
                meta_keys=[
                    'cam2img',
                    'ori_cam2img',
                    'lidar2cam',
                    'lidar2img',
                    'cam2lidar',
                    'img_aug_matrix',
                    'box_type_3d',
                    'sample_idx',
                    'lidar_path',
                    'img_path',
                    'num_pts_feats',
                ],
                type='Pack3DDetInputs'),
        ],
        test_mode=True,
        type='ZODDataset',
        use_valid_flag=False,
        with_velocity=False),
    drop_last=False,
    num_workers=4,
    persistent_workers=True,
    sampler=dict(shuffle=False, type='DefaultSampler'))
val_evaluator = [
    dict(iou_thr=[
        0.25,
        0.5,
    ], type='IndoorMetric'),
    dict(dist_thr=[
        0.5,
        1.0,
        2.0,
        4.0,
    ], type='CenterDistanceMetric'),
]
vis_backends = [
    dict(type='LocalVisBackend'),
]
visualizer = dict(
    name='visualizer',
    type='Det3DLocalVisualizer',
    vis_backends=[
        dict(type='LocalVisBackend'),
    ])
voxel_size = [
    0.075,
    0.075,
    0.2,
]
work_dir = '/home/users/u103958/projects/multimodal-MoE/outputs/runs/zod_bevfusion_finetune/bevfusion-finetune_4456392'

2026/04/07 10:45:40 - mmengine - INFO - Loads checkpoint by local backend from path: /mnt/tier2/project/p201222/u103958/checkpoints/swin_tiny_patch4_window7_224.pth
2026/04/07 10:45:41 - mmengine - INFO - Hooks will be executed in the following order:
before_run:
(VERY_HIGH   ) RuntimeInfoHook                    
(BELOW_NORMAL) LoggerHook                         
(LOW         ) ValidationCurveHook                
 -------------------- 
before_train:
(VERY_HIGH   ) RuntimeInfoHook                    
(NORMAL      ) IterTimerHook                      
(BELOW_NORMAL) TrainingEfficiencyHook             
(VERY_LOW    ) CheckpointHook                     
(VERY_LOW    ) RunSummaryHook                     
 -------------------- 
before_train_epoch:
(VERY_HIGH   ) RuntimeInfoHook                    
(NORMAL      ) IterTimerHook                      
(NORMAL      ) DistSamplerSeedHook                
(BELOW_NORMAL) TrainingEfficiencyHook             
 -------------------- 
before_train_iter:
(VERY_HIGH   ) RuntimeInfoHook                    
(NORMAL      ) IterTimerHook                      
 -------------------- 
after_train_iter:
(VERY_HIGH   ) RuntimeInfoHook                    
(NORMAL      ) IterTimerHook                      
(BELOW_NORMAL) LoggerHook                         
(BELOW_NORMAL) TrainingEfficiencyHook             
(LOW         ) ParamSchedulerHook                 
(VERY_LOW    ) CheckpointHook                     
(VERY_LOW    ) RunSummaryHook                     
 -------------------- 
after_train_epoch:
(NORMAL      ) IterTimerHook                      
(BELOW_NORMAL) TrainingEfficiencyHook             
(LOW         ) ParamSchedulerHook                 
(LOW         ) BEVFeatureVisualizationHook        
(LOW         ) BEVPredictionVisualizationHook     
(LOW         ) BEVValPredictionVisualizationHook  
(LOW         ) BEVCameraFeatureVisualizationHook  
(LOW         ) DepthTransformDiagnosticHook       
(LOW         ) DepthProjectionDebugHook           
(VERY_LOW    ) CheckpointHook                     
 -------------------- 
before_val:
(VERY_HIGH   ) RuntimeInfoHook                    
 -------------------- 
before_val_epoch:
(NORMAL      ) IterTimerHook                      
 -------------------- 
before_val_iter:
(NORMAL      ) IterTimerHook                      
 -------------------- 
after_val_iter:
(NORMAL      ) IterTimerHook                      
(NORMAL      ) Det3DVisualizationHook             
(BELOW_NORMAL) LoggerHook                         
 -------------------- 
after_val_epoch:
(VERY_HIGH   ) RuntimeInfoHook                    
(NORMAL      ) IterTimerHook                      
(BELOW_NORMAL) LoggerHook                         
(LOW         ) ParamSchedulerHook                 
(LOW         ) ValidationCurveHook                
(VERY_LOW    ) CheckpointHook                     
(VERY_LOW    ) RunSummaryHook                     
 -------------------- 
after_val:
(VERY_HIGH   ) RuntimeInfoHook                    
 -------------------- 
after_train:
(VERY_HIGH   ) RuntimeInfoHook                    
(VERY_LOW    ) CheckpointHook                     
(VERY_LOW    ) RunSummaryHook                     
 -------------------- 
before_test:
(VERY_HIGH   ) RuntimeInfoHook                    
 -------------------- 
before_test_epoch:
(NORMAL      ) IterTimerHook                      
 -------------------- 
before_test_iter:
(NORMAL      ) IterTimerHook                      
 -------------------- 
after_test_iter:
(NORMAL      ) IterTimerHook                      
(NORMAL      ) Det3DVisualizationHook             
(BELOW_NORMAL) LoggerHook                         
 -------------------- 
after_test_epoch:
(VERY_HIGH   ) RuntimeInfoHook                    
(NORMAL      ) IterTimerHook                      
(BELOW_NORMAL) LoggerHook                         
 -------------------- 
after_test:
(VERY_HIGH   ) RuntimeInfoHook                    
 -------------------- 
after_run:
(BELOW_NORMAL) LoggerHook                         
 -------------------- 
2026/04/07 10:45:42 - mmengine - WARNING - LiDAR is not a meta file, simply parsed as meta information
2026/04/07 10:45:55 - mmengine - INFO - ------------------------------
2026/04/07 10:45:55 - mmengine - INFO - The length of training dataset: 79999
2026/04/07 10:45:55 - mmengine - INFO - The number of instances per category in the dataset:
+------------+--------+
| category   | number |
+------------+--------+
| pedestrian | 182784 |
+------------+--------+
2026/04/07 10:45:57 - mmengine - INFO - ------------------------------
2026/04/07 10:45:57 - mmengine - INFO - The length of test dataset: 10000
2026/04/07 10:45:57 - mmengine - INFO - The number of instances per category in the dataset:
+------------+--------+
| category   | number |
+------------+--------+
| pedestrian | 23478  |
+------------+--------+
2026/04/07 10:45:58 - mmengine - WARNING - The prefix is not set in metric class IndoorMetric.
2026/04/07 10:45:58 - mmengine - WARNING - The prefix is not set in metric class CenterDistanceMetric.
2026/04/07 10:45:58 - mmengine - INFO - Loads checkpoint by local backend from path: /mnt/tier2/project/p201222/u103958/checkpoints/swin_tiny_patch4_window7_224.pth
2026/04/07 10:46:00 - mmengine - INFO - Load checkpoint from /home/users/u103958/projects/multimodal-MoE/outputs/runs/zod_lidar_only/zod-lidar-only_4452913/best_mAP_0.50_epoch_18.pth
2026/04/07 10:46:00 - mmengine - WARNING - "FileClient" will be deprecated in future. Please use io functions in https://mmengine.readthedocs.io/en/latest/api/fileio.html#file-io
2026/04/07 10:46:00 - mmengine - WARNING - "HardDiskBackend" is the alias of "LocalBackend" and the former will be deprecated in future.
2026/04/07 10:46:00 - mmengine - INFO - Checkpoints will be saved to /home/users/u103958/projects/multimodal-MoE/outputs/runs/zod_bevfusion_finetune/bevfusion-finetune_4456392.
2026/04/07 10:47:02 - mmengine - INFO - Epoch(train)  [1][  50/5000]  lr: 1.9947e-05  eta: 20:37:34  time: 1.2386  data_time: 0.0785  memory: 17794  grad_norm: nan  loss: 10.0994  loss_heatmap: 2.7945  layer_-1_loss_cls: 0.3947  layer_-1_loss_bbox: 4.2604  matched_ious: 0.2621  aux_depth_loss: 2.6497
2026/04/07 10:47:42 - mmengine - INFO - Epoch(train)  [1][ 100/5000]  lr: 2.3312e-05  eta: 16:57:00  time: 0.7988  data_time: 0.0125  memory: 17653  grad_norm: 31.9846  loss: 4.4384  loss_heatmap: 0.7727  layer_-1_loss_cls: 0.1900  layer_-1_loss_bbox: 0.8733  matched_ious: 0.4110  aux_depth_loss: 2.6024  sec_per_iter: 1.2393  iters_per_sec: 0.8100  samples_per_sec: 12.9100  samples_per_sec_per_gpu: 3.2300  max_mem_allocated_mb: 664.7000  max_mem_reserved_mb: 22046.0000
2026/04/07 10:48:22 - mmengine - INFO - Epoch(train)  [1][ 150/5000]  lr: 2.6695e-05  eta: 15:46:29  time: 0.8092  data_time: 0.0124  memory: 17933  grad_norm: 16.7970  loss: 3.8760  loss_heatmap: 0.6279  layer_-1_loss_cls: 0.1479  layer_-1_loss_bbox: 0.6341  matched_ious: 0.4544  aux_depth_loss: 2.4660  sec_per_iter: 1.0193  iters_per_sec: 0.9800  samples_per_sec: 15.7000  samples_per_sec_per_gpu: 3.9200  max_mem_allocated_mb: 664.7000  max_mem_reserved_mb: 22046.0000
2026/04/07 10:49:04 - mmengine - INFO - Epoch(train)  [1][ 200/5000]  lr: 3.0098e-05  eta: 15:19:49  time: 0.8450  data_time: 0.0130  memory: 17630  grad_norm: 12.6548  loss: 3.4943  loss_heatmap: 0.5735  layer_-1_loss_cls: 0.1343  layer_-1_loss_bbox: 0.6259  matched_ious: 0.4653  aux_depth_loss: 2.1606  sec_per_iter: 0.9491  iters_per_sec: 1.0500  samples_per_sec: 16.8600  samples_per_sec_per_gpu: 4.2100  max_mem_allocated_mb: 664.7000  max_mem_reserved_mb: 22046.0000
2026/04/07 10:49:43 - mmengine - INFO - Epoch(train)  [1][ 250/5000]  lr: 3.3522e-05  eta: 14:51:29  time: 0.7845  data_time: 0.0140  memory: 17902  grad_norm: 9.2229  loss: 2.8951  loss_heatmap: 0.4761  layer_-1_loss_cls: 0.1165  layer_-1_loss_bbox: 0.4845  matched_ious: 0.4891  aux_depth_loss: 1.8180  sec_per_iter: 0.9233  iters_per_sec: 1.0800  samples_per_sec: 17.3300  samples_per_sec_per_gpu: 4.3300  max_mem_allocated_mb: 664.7000  max_mem_reserved_mb: 22046.0000
2026/04/07 10:50:23 - mmengine - INFO - Epoch(train)  [1][ 300/5000]  lr: 3.6966e-05  eta: 14:34:03  time: 0.7946  data_time: 0.0164  memory: 17775  grad_norm: 8.4759  loss: 2.5992  loss_heatmap: 0.4272  layer_-1_loss_cls: 0.1035  layer_-1_loss_bbox: 0.4537  matched_ious: 0.4691  aux_depth_loss: 1.6148  sec_per_iter: 0.8955  iters_per_sec: 1.1200  samples_per_sec: 17.8700  samples_per_sec_per_gpu: 4.4700  max_mem_allocated_mb: 664.7000  max_mem_reserved_mb: 22046.0000
2026/04/07 10:51:02 - mmengine - INFO - Epoch(train)  [1][ 350/5000]  lr: 4.0432e-05  eta: 14:17:51  time: 0.7695  data_time: 0.0112  memory: 17869  grad_norm: 8.3911  loss: 2.4814  loss_heatmap: 0.4237  layer_-1_loss_cls: 0.1030  layer_-1_loss_bbox: 0.4735  matched_ious: 0.4639  aux_depth_loss: 1.4811  sec_per_iter: 0.8785  iters_per_sec: 1.1400  samples_per_sec: 18.2100  samples_per_sec_per_gpu: 4.5500  max_mem_allocated_mb: 664.7000  max_mem_reserved_mb: 22046.0000
2026/04/07 10:51:41 - mmengine - INFO - Epoch(train)  [1][ 400/5000]  lr: 4.3919e-05  eta: 14:08:06  time: 0.7901  data_time: 0.0125  memory: 17761  grad_norm: 8.4013  loss: 2.4018  loss_heatmap: 0.4168  layer_-1_loss_cls: 0.0989  layer_-1_loss_bbox: 0.5083  matched_ious: 0.4545  aux_depth_loss: 1.3779  sec_per_iter: 0.8630  iters_per_sec: 1.1600  samples_per_sec: 18.5400  samples_per_sec_per_gpu: 4.6300  max_mem_allocated_mb: 664.7000  max_mem_reserved_mb: 22046.0000
2026/04/07 10:52:21 - mmengine - INFO - Epoch(train)  [1][ 450/5000]  lr: 4.7429e-05  eta: 14:01:04  time: 0.7965  data_time: 0.0121  memory: 17916  grad_norm: 7.3970  loss: 2.2634  loss_heatmap: 0.3954  layer_-1_loss_cls: 0.0968  layer_-1_loss_bbox: 0.4587  matched_ious: 0.4849  aux_depth_loss: 1.3124  sec_per_iter: 0.8539  iters_per_sec: 1.1700  samples_per_sec: 18.7400  samples_per_sec_per_gpu: 4.6800  max_mem_allocated_mb: 664.7000  max_mem_reserved_mb: 22046.0000
2026/04/07 10:53:01 - mmengine - INFO - Epoch(train)  [1][ 500/5000]  lr: 5.0960e-05  eta: 13:56:06  time: 0.8045  data_time: 0.0125  memory: 17807  grad_norm: 7.5012  loss: 2.3018  loss_heatmap: 0.4342  layer_-1_loss_cls: 0.1029  layer_-1_loss_bbox: 0.4981  matched_ious: 0.3968  aux_depth_loss: 1.2667  sec_per_iter: 0.8475  iters_per_sec: 1.1800  samples_per_sec: 18.8800  samples_per_sec_per_gpu: 4.7200  max_mem_allocated_mb: 664.7000  max_mem_reserved_mb: 22046.0000
2026/04/07 10:53:41 - mmengine - INFO - Epoch(train)  [1][ 550/5000]  lr: 5.1105e-05  eta: 13:51:11  time: 0.7963  data_time: 0.0168  memory: 17856  grad_norm: 6.8182  loss: 2.1492  loss_heatmap: 0.3896  layer_-1_loss_cls: 0.0897  layer_-1_loss_bbox: 0.4628  matched_ious: 0.4517  aux_depth_loss: 1.2071  sec_per_iter: 0.8432  iters_per_sec: 1.1900  samples_per_sec: 18.9800  samples_per_sec_per_gpu: 4.7400  max_mem_allocated_mb: 664.7000  max_mem_reserved_mb: 22046.0000
2026/04/07 10:54:21 - mmengine - INFO - Epoch(train)  [1][ 600/5000]  lr: 5.1264e-05  eta: 13:47:06  time: 0.7979  data_time: 0.0149  memory: 17874  grad_norm: 6.2530  loss: 2.1229  loss_heatmap: 0.3820  layer_-1_loss_cls: 0.0911  layer_-1_loss_bbox: 0.4621  matched_ious: 0.5030  aux_depth_loss: 1.1876  sec_per_iter: 0.8389  iters_per_sec: 1.1900  samples_per_sec: 19.0700  samples_per_sec_per_gpu: 4.7700  max_mem_allocated_mb: 664.7000  max_mem_reserved_mb: 22046.0000
2026/04/07 10:55:02 - mmengine - INFO - Epoch(train)  [1][ 650/5000]  lr: 5.1437e-05  eta: 13:45:13  time: 0.8199  data_time: 0.0119  memory: 17743  grad_norm: 5.9033  loss: 2.0455  loss_heatmap: 0.3776  layer_-1_loss_cls: 0.0929  layer_-1_loss_bbox: 0.4156  matched_ious: 0.5132  aux_depth_loss: 1.1594  sec_per_iter: 0.8355  iters_per_sec: 1.2000  samples_per_sec: 19.1500  samples_per_sec_per_gpu: 4.7900  max_mem_allocated_mb: 664.7000  max_mem_reserved_mb: 22046.0000
2026/04/07 10:55:42 - mmengine - INFO - Epoch(train)  [1][ 700/5000]  lr: 5.1624e-05  eta: 13:42:11  time: 0.8011  data_time: 0.0141  memory: 17821  grad_norm: 6.2137  loss: 2.0411  loss_heatmap: 0.3816  layer_-1_loss_cls: 0.0933  layer_-1_loss_bbox: 0.4341  matched_ious: 0.4677  aux_depth_loss: 1.1321  sec_per_iter: 0.8343  iters_per_sec: 1.2000  samples_per_sec: 19.1800  samples_per_sec_per_gpu: 4.7900  max_mem_allocated_mb: 664.7000  max_mem_reserved_mb: 22046.0000
2026/04/07 10:56:22 - mmengine - INFO - Epoch(train)  [1][ 750/5000]  lr: 5.1824e-05  eta: 13:40:03  time: 0.8100  data_time: 0.0162  memory: 17787  grad_norm: 5.9171  loss: 2.0306  loss_heatmap: 0.3719  layer_-1_loss_cls: 0.0878  layer_-1_loss_bbox: 0.4515  matched_ious: 0.5777  aux_depth_loss: 1.1193  sec_per_iter: 0.8319  iters_per_sec: 1.2000  samples_per_sec: 19.2300  samples_per_sec_per_gpu: 4.8100  max_mem_allocated_mb: 664.7000  max_mem_reserved_mb: 22046.0000
2026/04/07 10:57:02 - mmengine - INFO - Epoch(train)  [1][ 800/5000]  lr: 5.2038e-05  eta: 13:36:42  time: 0.7873  data_time: 0.0114  memory: 17754  grad_norm: 6.0877  loss: 2.0241  loss_heatmap: 0.3839  layer_-1_loss_cls: 0.0899  layer_-1_loss_bbox: 0.4482  matched_ious: 0.6072  aux_depth_loss: 1.1021  sec_per_iter: 0.8305  iters_per_sec: 1.2000  samples_per_sec: 19.2700  samples_per_sec_per_gpu: 4.8200  max_mem_allocated_mb: 664.7000  max_mem_reserved_mb: 22046.0000
2026/04/07 10:57:42 - mmengine - INFO - Epoch(train)  [1][ 850/5000]  lr: 5.2266e-05  eta: 13:34:02  time: 0.7939  data_time: 0.0140  memory: 17767  grad_norm: 5.8825  loss: 1.9460  loss_heatmap: 0.3496  layer_-1_loss_cls: 0.0863  layer_-1_loss_bbox: 0.4139  matched_ious: 0.5104  aux_depth_loss: 1.0962  sec_per_iter: 0.8278  iters_per_sec: 1.2100  samples_per_sec: 19.3300  samples_per_sec_per_gpu: 4.8300  max_mem_allocated_mb: 664.7000  max_mem_reserved_mb: 22046.0000
2026/04/07 10:58:22 - mmengine - INFO - Epoch(train)  [1][ 900/5000]  lr: 5.2508e-05  eta: 13:31:56  time: 0.7999  data_time: 0.0135  memory: 17656  grad_norm: 5.4573  loss: 1.9465  loss_heatmap: 0.3770  layer_-1_loss_cls: 0.0904  layer_-1_loss_bbox: 0.4138  matched_ious: 0.5641  aux_depth_loss: 1.0652  sec_per_iter: 0.8258  iters_per_sec: 1.2100  samples_per_sec: 19.3800  samples_per_sec_per_gpu: 4.8400  max_mem_allocated_mb: 664.7000  max_mem_reserved_mb: 22046.0000
2026/04/07 10:59:06 - mmengine - INFO - Epoch(train)  [1][ 950/5000]  lr: 5.2763e-05  eta: 13:34:29  time: 0.8866  data_time: 0.0156  memory: 17784  grad_norm: 7.0305  loss: 2.0170  loss_heatmap: 0.4007  layer_-1_loss_cls: 0.0942  layer_-1_loss_bbox: 0.4604  matched_ious: 0.5106  aux_depth_loss: 1.0617  sec_per_iter: 0.8244  iters_per_sec: 1.2100  samples_per_sec: 19.4100  samples_per_sec_per_gpu: 4.8500  max_mem_allocated_mb: 664.7000  max_mem_reserved_mb: 22046.0000
2026/04/07 10:59:50 - mmengine - INFO - Exp name: zod_bevfusion_finetune_20260407_104526
2026/04/07 10:59:50 - mmengine - INFO - Epoch(train)  [1][1000/5000]  lr: 5.3032e-05  eta: 13:36:26  time: 0.8815  data_time: 0.0153  memory: 17784  grad_norm: 5.8153  loss: 1.9840  loss_heatmap: 0.3816  layer_-1_loss_cls: 0.0923  layer_-1_loss_bbox: 0.4691  matched_ious: 0.5011  aux_depth_loss: 1.0410  sec_per_iter: 0.8277  iters_per_sec: 1.2100  samples_per_sec: 19.3300  samples_per_sec_per_gpu: 4.8300  max_mem_allocated_mb: 664.7000  max_mem_reserved_mb: 22046.0000
2026/04/07 11:00:38 - mmengine - INFO - Epoch(train)  [1][1050/5000]  lr: 5.3315e-05  eta: 13:41:55  time: 0.9621  data_time: 0.0147  memory: 17737  grad_norm: 5.3798  loss: 1.8989  loss_heatmap: 0.3704  layer_-1_loss_cls: 0.0931  layer_-1_loss_bbox: 0.3950  matched_ious: 0.5445  aux_depth_loss: 1.0404  sec_per_iter: 0.8303  iters_per_sec: 1.2000  samples_per_sec: 19.2700  samples_per_sec_per_gpu: 4.8200  max_mem_allocated_mb: 664.7000  max_mem_reserved_mb: 22046.0000
2026/04/07 11:01:19 - mmengine - INFO - Epoch(train)  [1][1100/5000]  lr: 5.3612e-05  eta: 13:40:19  time: 0.8166  data_time: 0.0148  memory: 17884  grad_norm: 5.3714  loss: 1.9161  loss_heatmap: 0.3743  layer_-1_loss_cls: 0.0876  layer_-1_loss_bbox: 0.4258  matched_ious: 0.6025  aux_depth_loss: 1.0283  sec_per_iter: 0.8367  iters_per_sec: 1.2000  samples_per_sec: 19.1200  samples_per_sec_per_gpu: 4.7800  max_mem_allocated_mb: 664.7000  max_mem_reserved_mb: 22046.0000
2026/04/07 11:02:01 - mmengine - INFO - Epoch(train)  [1][1150/5000]  lr: 5.3922e-05  eta: 13:39:39  time: 0.8361  data_time: 0.0123  memory: 17884  grad_norm: 6.6152  loss: 1.9161  loss_heatmap: 0.3766  layer_-1_loss_cls: 0.0931  layer_-1_loss_bbox: 0.4121  matched_ious: 0.5265  aux_depth_loss: 1.0343  sec_per_iter: 0.8357  iters_per_sec: 1.2000  samples_per_sec: 19.1500  samples_per_sec_per_gpu: 4.7900  max_mem_allocated_mb: 664.7000  max_mem_reserved_mb: 22046.0000
2026/04/07 11:02:41 - mmengine - INFO - Epoch(train)  [1][1200/5000]  lr: 5.4246e-05  eta: 13:37:59  time: 0.8121  data_time: 0.0153  memory: 17813  grad_norm: 5.1541  loss: 1.8951  loss_heatmap: 0.3657  layer_-1_loss_cls: 0.0894  layer_-1_loss_bbox: 0.4197  matched_ious: 0.4770  aux_depth_loss: 1.0203  sec_per_iter: 0.8358  iters_per_sec: 1.2000  samples_per_sec: 19.1400  samples_per_sec_per_gpu: 4.7900  max_mem_allocated_mb: 664.7000  max_mem_reserved_mb: 22046.0000
2026/04/07 11:03:25 - mmengine - INFO - Epoch(train)  [1][1250/5000]  lr: 5.4583e-05  eta: 13:38:40  time: 0.8699  data_time: 0.0165  memory: 17750  grad_norm: 5.0740  loss: 1.8372  loss_heatmap: 0.3390  layer_-1_loss_cls: 0.0888  layer_-1_loss_bbox: 0.3944  matched_ious: 0.5331  aux_depth_loss: 1.0151  sec_per_iter: 0.8348  iters_per_sec: 1.2000  samples_per_sec: 19.1700  samples_per_sec_per_gpu: 4.7900  max_mem_allocated_mb: 664.7000  max_mem_reserved_mb: 22046.0000
2026/04/07 11:04:06 - mmengine - INFO - Epoch(train)  [1][1300/5000]  lr: 5.4934e-05  eta: 13:37:38  time: 0.8272  data_time: 0.0132  memory: 17886  grad_norm: 5.3260  loss: 1.8608  loss_heatmap: 0.3664  layer_-1_loss_cls: 0.0919  layer_-1_loss_bbox: 0.4042  matched_ious: 0.5544  aux_depth_loss: 0.9983  sec_per_iter: 0.8362  iters_per_sec: 1.2000  samples_per_sec: 19.1400  samples_per_sec_per_gpu: 4.7800  max_mem_allocated_mb: 664.7000  max_mem_reserved_mb: 22046.0000
2026/04/07 11:04:50 - mmengine - INFO - Epoch(train)  [1][1350/5000]  lr: 5.5299e-05  eta: 13:38:06  time: 0.8677  data_time: 0.0261  memory: 17746  grad_norm: 5.3370  loss: 1.8464  loss_heatmap: 0.3517  layer_-1_loss_cls: 0.0845  layer_-1_loss_bbox: 0.4113  matched_ious: 0.5217  aux_depth_loss: 0.9989  sec_per_iter: 0.8359  iters_per_sec: 1.2000  samples_per_sec: 19.1400  samples_per_sec_per_gpu: 4.7900  max_mem_allocated_mb: 664.7000  max_mem_reserved_mb: 22046.0000
2026/04/07 11:05:33 - mmengine - INFO - Epoch(train)  [1][1400/5000]  lr: 5.5677e-05  eta: 13:38:25  time: 0.8659  data_time: 0.0208  memory: 17865  grad_norm: 5.0493  loss: 1.8770  loss_heatmap: 0.3738  layer_-1_loss_cls: 0.0914  layer_-1_loss_bbox: 0.4136  matched_ious: 0.5028  aux_depth_loss: 0.9983  sec_per_iter: 0.8370  iters_per_sec: 1.1900  samples_per_sec: 19.1100  samples_per_sec_per_gpu: 4.7800  max_mem_allocated_mb: 664.7000  max_mem_reserved_mb: 22046.0000
2026/04/07 11:06:16 - mmengine - INFO - Epoch(train)  [1][1450/5000]  lr: 5.6069e-05  eta: 13:38:18  time: 0.8555  data_time: 0.0174  memory: 17735  grad_norm: 5.7784  loss: 1.8221  loss_heatmap: 0.3670  layer_-1_loss_cls: 0.0917  layer_-1_loss_bbox: 0.3861  matched_ious: 0.5204  aux_depth_loss: 0.9774  sec_per_iter: 0.8381  iters_per_sec: 1.1900  samples_per_sec: 19.0900  samples_per_sec_per_gpu: 4.7700  max_mem_allocated_mb: 664.7000  max_mem_reserved_mb: 22046.0000
2026/04/07 11:06:57 - mmengine - INFO - Epoch(train)  [1][1500/5000]  lr: 5.6474e-05  eta: 13:37:06  time: 0.8230  data_time: 0.0148  memory: 17690  grad_norm: 6.0549  loss: 1.8894  loss_heatmap: 0.3674  layer_-1_loss_cls: 0.0880  layer_-1_loss_bbox: 0.4446  matched_ious: 0.5794  aux_depth_loss: 0.9893  sec_per_iter: 0.8386  iters_per_sec: 1.1900  samples_per_sec: 19.0800  samples_per_sec_per_gpu: 4.7700  max_mem_allocated_mb: 664.7000  max_mem_reserved_mb: 22046.0000
2026/04/07 11:07:37 - mmengine - INFO - Epoch(train)  [1][1550/5000]  lr: 5.6893e-05  eta: 13:35:24  time: 0.8062  data_time: 0.0154  memory: 17736  grad_norm: 4.8592  loss: 1.8551  loss_heatmap: 0.3749  layer_-1_loss_cls: 0.0933  layer_-1_loss_bbox: 0.4213  matched_ious: 0.5448  aux_depth_loss: 0.9656  sec_per_iter: 0.8381  iters_per_sec: 1.1900  samples_per_sec: 19.0900  samples_per_sec_per_gpu: 4.7700  max_mem_allocated_mb: 664.7000  max_mem_reserved_mb: 22046.0000
2026/04/07 11:08:18 - mmengine - INFO - Epoch(train)  [1][1600/5000]  lr: 5.7325e-05  eta: 13:34:11  time: 0.8201  data_time: 0.0149  memory: 17798  grad_norm: 4.9283  loss: 1.8374  loss_heatmap: 0.3731  layer_-1_loss_cls: 0.0946  layer_-1_loss_bbox: 0.4078  matched_ious: 0.5371  aux_depth_loss: 0.9620  sec_per_iter: 0.8371  iters_per_sec: 1.1900  samples_per_sec: 19.1100  samples_per_sec_per_gpu: 4.7800  max_mem_allocated_mb: 664.7000  max_mem_reserved_mb: 22046.0000
2026/04/07 11:08:57 - mmengine - INFO - Epoch(train)  [1][1650/5000]  lr: 5.7771e-05  eta: 13:31:59  time: 0.7853  data_time: 0.0164  memory: 17704  grad_norm: 4.9730  loss: 1.8149  loss_heatmap: 0.3526  layer_-1_loss_cls: 0.0867  layer_-1_loss_bbox: 0.4158  matched_ious: 0.4880  aux_depth_loss: 0.9599  sec_per_iter: 0.8365  iters_per_sec: 1.2000  samples_per_sec: 19.1300  samples_per_sec_per_gpu: 4.7800  max_mem_allocated_mb: 664.7000  max_mem_reserved_mb: 22046.0000
2026/04/07 11:09:39 - mmengine - INFO - Epoch(train)  [1][1700/5000]  lr: 5.8230e-05  eta: 13:31:02  time: 0.8262  data_time: 0.0137  memory: 17694  grad_norm: 4.7232  loss: 1.8597  loss_heatmap: 0.3780  layer_-1_loss_cls: 0.0904  layer_-1_loss_bbox: 0.4322  matched_ious: 0.5298  aux_depth_loss: 0.9590  sec_per_iter: 0.8350  iters_per_sec: 1.2000  samples_per_sec: 19.1600  samples_per_sec_per_gpu: 4.7900  max_mem_allocated_mb: 664.7000  max_mem_reserved_mb: 22046.0000
2026/04/07 11:10:19 - mmengine - INFO - Epoch(train)  [1][1750/5000]  lr: 5.8702e-05  eta: 13:29:37  time: 0.8085  data_time: 0.0142  memory: 17795  grad_norm: 4.8847  loss: 1.7409  loss_heatmap: 0.3287  layer_-1_loss_cls: 0.0819  layer_-1_loss_bbox: 0.3875  matched_ious: 0.5602  aux_depth_loss: 0.9427  sec_per_iter: 0.8347  iters_per_sec: 1.2000  samples_per_sec: 19.1700  samples_per_sec_per_gpu: 4.7900  max_mem_allocated_mb: 664.7000  max_mem_reserved_mb: 22046.0000
2026/04/07 11:11:01 - mmengine - INFO - Epoch(train)  [1][1800/5000]  lr: 5.9188e-05  eta: 13:29:09  time: 0.8424  data_time: 0.0129  memory: 17775  grad_norm: 5.1512  loss: 1.8154  loss_heatmap: 0.3533  layer_-1_loss_cls: 0.0872  layer_-1_loss_bbox: 0.4288  matched_ious: 0.5540  aux_depth_loss: 0.9462  sec_per_iter: 0.8340  iters_per_sec: 1.2000  samples_per_sec: 19.1900  samples_per_sec_per_gpu: 4.8000  max_mem_allocated_mb: 664.7000  max_mem_reserved_mb: 22046.0000
2026/04/07 11:11:40 - mmengine - INFO - Epoch(train)  [1][1850/5000]  lr: 5.9687e-05  eta: 13:27:11  time: 0.7858  data_time: 0.0138  memory: 17923  grad_norm: 4.7678  loss: 1.7609  loss_heatmap: 0.3424  layer_-1_loss_cls: 0.0851  layer_-1_loss_bbox: 0.3971  matched_ious: 0.5515  aux_depth_loss: 0.9363  sec_per_iter: 0.8342  iters_per_sec: 1.2000  samples_per_sec: 19.1800  samples_per_sec_per_gpu: 4.7900  max_mem_allocated_mb: 664.7000  max_mem_reserved_mb: 22046.0000
2026/04/07 11:12:24 - mmengine - INFO - Epoch(train)  [1][1900/5000]  lr: 6.0200e-05  eta: 13:27:20  time: 0.8663  data_time: 0.0147  memory: 17700  grad_norm: 4.8486  loss: 1.8697  loss_heatmap: 0.3716  layer_-1_loss_cls: 0.0901  layer_-1_loss_bbox: 0.4680  matched_ious: 0.4867  aux_depth_loss: 0.9400  sec_per_iter: 0.8329  iters_per_sec: 1.2000  samples_per_sec: 19.2100  samples_per_sec_per_gpu: 4.8000  max_mem_allocated_mb: 664.7000  max_mem_reserved_mb: 22046.0000
2026/04/07 11:13:08 - mmengine - INFO - Epoch(train)  [1][1950/5000]  lr: 6.0725e-05  eta: 13:27:56  time: 0.8855  data_time: 0.0182  memory: 17793  grad_norm: 4.9352  loss: 1.9066  loss_heatmap: 0.3818  layer_-1_loss_cls: 0.0886  layer_-1_loss_bbox: 0.5095  matched_ious: 0.4969  aux_depth_loss: 0.9268  sec_per_iter: 0.8338  iters_per_sec: 1.2000  samples_per_sec: 19.1900  samples_per_sec_per_gpu: 4.8000  max_mem_allocated_mb: 664.7000  max_mem_reserved_mb: 22046.0000
2026/04/07 11:13:48 - mmengine - INFO - Exp name: zod_bevfusion_finetune_20260407_104526
2026/04/07 11:13:48 - mmengine - INFO - Epoch(train)  [1][2000/5000]  lr: 6.1264e-05  eta: 13:26:33  time: 0.8069  data_time: 0.0137  memory: 17846  grad_norm: 5.1258  loss: 1.8222  loss_heatmap: 0.3820  layer_-1_loss_cls: 0.0962  layer_-1_loss_bbox: 0.4124  matched_ious: 0.5101  aux_depth_loss: 0.9316  sec_per_iter: 0.8351  iters_per_sec: 1.2000  samples_per_sec: 19.1600  samples_per_sec_per_gpu: 4.7900  max_mem_allocated_mb: 664.7000  max_mem_reserved_mb: 22046.0000
2026/04/07 11:14:28 - mmengine - INFO - Epoch(train)  [1][2050/5000]  lr: 6.1816e-05  eta: 13:25:05  time: 0.8015  data_time: 0.0158  memory: 17764  grad_norm: 4.8493  loss: 1.7842  loss_heatmap: 0.3649  layer_-1_loss_cls: 0.0907  layer_-1_loss_bbox: 0.3948  matched_ious: 0.5969  aux_depth_loss: 0.9338  sec_per_iter: 0.8344  iters_per_sec: 1.2000  samples_per_sec: 19.1800  samples_per_sec_per_gpu: 4.7900  max_mem_allocated_mb: 664.7000  max_mem_reserved_mb: 22046.0000
2026/04/07 11:15:09 - mmengine - INFO - Epoch(train)  [1][2100/5000]  lr: 6.2382e-05  eta: 13:23:51  time: 0.8100  data_time: 0.0124  memory: 17871  grad_norm: 4.3257  loss: 1.7359  loss_heatmap: 0.3481  layer_-1_loss_cls: 0.0862  layer_-1_loss_bbox: 0.3979  matched_ious: 0.5771  aux_depth_loss: 0.9037  sec_per_iter: 0.8336  iters_per_sec: 1.2000  samples_per_sec: 19.1900  samples_per_sec_per_gpu: 4.8000  max_mem_allocated_mb: 664.7000  max_mem_reserved_mb: 22046.0000
2026/04/07 11:15:49 - mmengine - INFO - Epoch(train)  [1][2150/5000]  lr: 6.2960e-05  eta: 13:22:37  time: 0.8089  data_time: 0.0146  memory: 17806  grad_norm: 4.5561  loss: 1.7161  loss_heatmap: 0.3461  layer_-1_loss_cls: 0.0895  layer_-1_loss_bbox: 0.3773  matched_ious: 0.5626  aux_depth_loss: 0.9032  sec_per_iter: 0.8330  iters_per_sec: 1.2000  samples_per_sec: 19.2100  samples_per_sec_per_gpu: 4.8000  max_mem_allocated_mb: 664.7000  max_mem_reserved_mb: 22046.0000
2026/04/07 11:16:29 - mmengine - INFO - Epoch(train)  [1][2200/5000]  lr: 6.3551e-05  eta: 13:20:54  time: 0.7861  data_time: 0.0135  memory: 17936  grad_norm: 4.2508  loss: 1.7078  loss_heatmap: 0.3367  layer_-1_loss_cls: 0.0870  layer_-1_loss_bbox: 0.3752  matched_ious: 0.5494  aux_depth_loss: 0.9089  sec_per_iter: 0.8325  iters_per_sec: 1.2000  samples_per_sec: 19.2200  samples_per_sec_per_gpu: 4.8000  max_mem_allocated_mb: 664.7000  max_mem_reserved_mb: 22046.0000
2026/04/07 11:17:09 - mmengine - INFO - Epoch(train)  [1][2250/5000]  lr: 6.4156e-05  eta: 13:19:31  time: 0.7990  data_time: 0.0164  memory: 17999  grad_norm: 4.8048  loss: 1.7493  loss_heatmap: 0.3639  layer_-1_loss_cls: 0.0901  layer_-1_loss_bbox: 0.3973  matched_ious: 0.5255  aux_depth_loss: 0.8980  sec_per_iter: 0.8314  iters_per_sec: 1.2000  samples_per_sec: 19.2400  samples_per_sec_per_gpu: 4.8100  max_mem_allocated_mb: 664.7000  max_mem_reserved_mb: 22046.0000
2026/04/07 11:17:49 - mmengine - INFO - Epoch(train)  [1][2300/5000]  lr: 6.4773e-05  eta: 13:18:08  time: 0.7972  data_time: 0.0126  memory: 17672  grad_norm: 4.5032  loss: 1.7965  loss_heatmap: 0.3706  layer_-1_loss_cls: 0.0897  layer_-1_loss_bbox: 0.4453  matched_ious: 0.4345  aux_depth_loss: 0.8909  sec_per_iter: 0.8307  iters_per_sec: 1.2000  samples_per_sec: 19.2600  samples_per_sec_per_gpu: 4.8200  max_mem_allocated_mb: 664.7000  max_mem_reserved_mb: 22046.0000
2026/04/07 11:18:29 - mmengine - INFO - Epoch(train)  [1][2350/5000]  lr: 6.5404e-05  eta: 13:17:07  time: 0.8143  data_time: 0.0135  memory: 17682  grad_norm: 4.4626  loss: 1.7862  loss_heatmap: 0.3536  layer_-1_loss_cls: 0.0836  layer_-1_loss_bbox: 0.4620  matched_ious: 0.5555  aux_depth_loss: 0.8869  sec_per_iter: 0.8300  iters_per_sec: 1.2000  samples_per_sec: 19.2800  samples_per_sec_per_gpu: 4.8200  max_mem_allocated_mb: 664.7000  max_mem_reserved_mb: 22046.0000
2026/04/07 11:19:09 - mmengine - INFO - Epoch(train)  [1][2400/5000]  lr: 6.6047e-05  eta: 13:15:53  time: 0.8030  data_time: 0.0165  memory: 17829  grad_norm: 5.1429  loss: 1.7784  loss_heatmap: 0.3748  layer_-1_loss_cls: 0.0894  layer_-1_loss_bbox: 0.4299  matched_ious: 0.5160  aux_depth_loss: 0.8843  sec_per_iter: 0.8296  iters_per_sec: 1.2100  samples_per_sec: 19.2900  samples_per_sec_per_gpu: 4.8200  max_mem_allocated_mb: 664.7000  max_mem_reserved_mb: 22046.0000
2026/04/07 11:19:49 - mmengine - INFO - Epoch(train)  [1][2450/5000]  lr: 6.6704e-05  eta: 13:14:36  time: 0.7982  data_time: 0.0120  memory: 17764  grad_norm: 4.7820  loss: 1.8222  loss_heatmap: 0.3744  layer_-1_loss_cls: 0.0866  layer_-1_loss_bbox: 0.4855  matched_ious: 0.5328  aux_depth_loss: 0.8757  sec_per_iter: 0.8291  iters_per_sec: 1.2100  samples_per_sec: 19.3000  samples_per_sec_per_gpu: 4.8200  max_mem_allocated_mb: 664.7000  max_mem_reserved_mb: 22046.0000
2026/04/07 11:20:30 - mmengine - INFO - Epoch(train)  [1][2500/5000]  lr: 6.7373e-05  eta: 13:13:38  time: 0.8139  data_time: 0.0132  memory: 17735  grad_norm: 4.6186  loss: 1.7622  loss_heatmap: 0.3619  layer_-1_loss_cls: 0.0866  layer_-1_loss_bbox: 0.4328  matched_ious: 0.5315  aux_depth_loss: 0.8809  sec_per_iter: 0.8285  iters_per_sec: 1.2100  samples_per_sec: 19.3100  samples_per_sec_per_gpu: 4.8300  max_mem_allocated_mb: 664.7000  max_mem_reserved_mb: 22046.0000
2026/04/07 11:21:11 - mmengine - INFO - Epoch(train)  [1][2550/5000]  lr: 6.8055e-05  eta: 13:12:43  time: 0.8160  data_time: 0.0140  memory: 17762  grad_norm: 4.8332  loss: 1.7516  loss_heatmap: 0.3647  layer_-1_loss_cls: 0.0931  layer_-1_loss_bbox: 0.4217  matched_ious: 0.5288  aux_depth_loss: 0.8721  sec_per_iter: 0.8282  iters_per_sec: 1.2100  samples_per_sec: 19.3200  samples_per_sec_per_gpu: 4.8300  max_mem_allocated_mb: 664.7000  max_mem_reserved_mb: 22046.0000
2026/04/07 11:21:51 - mmengine - INFO - Epoch(train)  [1][2600/5000]  lr: 6.8750e-05  eta: 13:11:35  time: 0.8044  data_time: 0.0134  memory: 17792  grad_norm: 4.3768  loss: 1.6674  loss_heatmap: 0.3382  layer_-1_loss_cls: 0.0867  layer_-1_loss_bbox: 0.3828  matched_ious: 0.5191  aux_depth_loss: 0.8597  sec_per_iter: 0.8279  iters_per_sec: 1.2100  samples_per_sec: 19.3300  samples_per_sec_per_gpu: 4.8300  max_mem_allocated_mb: 664.7000  max_mem_reserved_mb: 22046.0000
2026/04/07 11:22:32 - mmengine - INFO - Epoch(train)  [1][2650/5000]  lr: 6.9457e-05  eta: 13:10:45  time: 0.8190  data_time: 0.0133  memory: 17764  grad_norm: 4.5124  loss: 1.7040  loss_heatmap: 0.3478  layer_-1_loss_cls: 0.0866  layer_-1_loss_bbox: 0.4129  matched_ious: 0.5532  aux_depth_loss: 0.8567  sec_per_iter: 0.8275  iters_per_sec: 1.2100  samples_per_sec: 19.3400  samples_per_sec_per_gpu: 4.8300  max_mem_allocated_mb: 664.7000  max_mem_reserved_mb: 22046.0000
2026/04/07 11:23:13 - mmengine - INFO - Epoch(train)  [1][2700/5000]  lr: 7.0177e-05  eta: 13:10:05  time: 0.8286  data_time: 0.0168  memory: 17771  grad_norm: 4.8286  loss: 1.7516  loss_heatmap: 0.3855  layer_-1_loss_cls: 0.0910  layer_-1_loss_bbox: 0.4066  matched_ious: 0.5652  aux_depth_loss: 0.8685  sec_per_iter: 0.8273  iters_per_sec: 1.2100  samples_per_sec: 19.3400  samples_per_sec_per_gpu: 4.8300  max_mem_allocated_mb: 664.7000  max_mem_reserved_mb: 22046.0000
2026/04/07 11:23:55 - mmengine - INFO - Epoch(train)  [1][2750/5000]  lr: 7.0910e-05  eta: 13:09:26  time: 0.8301  data_time: 0.0147  memory: 17720  grad_norm: 5.1883  loss: 1.7209  loss_heatmap: 0.3487  layer_-1_loss_cls: 0.0917  layer_-1_loss_bbox: 0.4029  matched_ious: 0.5026  aux_depth_loss: 0.8775  sec_per_iter: 0.8273  iters_per_sec: 1.2100  samples_per_sec: 19.3400  samples_per_sec_per_gpu: 4.8300  max_mem_allocated_mb: 664.7000  max_mem_reserved_mb: 22046.0000
2026/04/07 11:24:38 - mmengine - INFO - Epoch(train)  [1][2800/5000]  lr: 7.1656e-05  eta: 13:09:18  time: 0.8600  data_time: 0.0132  memory: 17676  grad_norm: 4.1850  loss: 1.6916  loss_heatmap: 0.3558  layer_-1_loss_cls: 0.0874  layer_-1_loss_bbox: 0.3912  matched_ious: 0.5941  aux_depth_loss: 0.8572  sec_per_iter: 0.8274  iters_per_sec: 1.2100  samples_per_sec: 19.3400  samples_per_sec_per_gpu: 4.8300  max_mem_allocated_mb: 664.7000  max_mem_reserved_mb: 22046.0000
2026/04/07 11:25:18 - mmengine - INFO - Epoch(train)  [1][2850/5000]  lr: 7.2414e-05  eta: 13:08:03  time: 0.7939  data_time: 0.0132  memory: 17762  grad_norm: 4.3469  loss: 1.6917  loss_heatmap: 0.3526  layer_-1_loss_cls: 0.0826  layer_-1_loss_bbox: 0.4109  matched_ious: 0.5871  aux_depth_loss: 0.8456  sec_per_iter: 0.8280  iters_per_sec: 1.2100  samples_per_sec: 19.3200  samples_per_sec_per_gpu: 4.8300  max_mem_allocated_mb: 664.7000  max_mem_reserved_mb: 22046.0000
2026/04/07 11:25:59 - mmengine - INFO - Epoch(train)  [1][2900/5000]  lr: 7.3184e-05  eta: 13:07:13  time: 0.8189  data_time: 0.0143  memory: 17673  grad_norm: 4.5981  loss: 1.7118  loss_heatmap: 0.3630  layer_-1_loss_cls: 0.0881  layer_-1_loss_bbox: 0.4167  matched_ious: 0.5463  aux_depth_loss: 0.8440  sec_per_iter: 0.8274  iters_per_sec: 1.2100  samples_per_sec: 19.3400  samples_per_sec_per_gpu: 4.8300  max_mem_allocated_mb: 664.7000  max_mem_reserved_mb: 22046.0000
2026/04/07 11:26:38 - mmengine - INFO - Epoch(train)  [1][2950/5000]  lr: 7.3967e-05  eta: 13:06:02  time: 0.7963  data_time: 0.0127  memory: 17778  grad_norm: 4.3694  loss: 1.6821  loss_heatmap: 0.3550  layer_-1_loss_cls: 0.0842  layer_-1_loss_bbox: 0.4042  matched_ious: 0.5210  aux_depth_loss: 0.8387  sec_per_iter: 0.8272  iters_per_sec: 1.2100  samples_per_sec: 19.3400  samples_per_sec_per_gpu: 4.8400  max_mem_allocated_mb: 664.7000  max_mem_reserved_mb: 22046.0000
2026/04/07 11:27:18 - mmengine - INFO - Exp name: zod_bevfusion_finetune_20260407_104526
2026/04/07 11:27:18 - mmengine - INFO - Epoch(train)  [1][3000/5000]  lr: 7.4762e-05  eta: 13:04:56  time: 0.8006  data_time: 0.0140  memory: 17718  grad_norm: 5.1128  loss: 1.6930  loss_heatmap: 0.3377  layer_-1_loss_cls: 0.0799  layer_-1_loss_bbox: 0.4087  matched_ious: 0.5016  aux_depth_loss: 0.8667  sec_per_iter: 0.8267  iters_per_sec: 1.2100  samples_per_sec: 19.3500  samples_per_sec_per_gpu: 4.8400  max_mem_allocated_mb: 664.7000  max_mem_reserved_mb: 22046.0000
2026/04/07 11:27:58 - mmengine - INFO - Epoch(train)  [1][3050/5000]  lr: 7.5570e-05  eta: 13:03:43  time: 0.7924  data_time: 0.0130  memory: 17762  grad_norm: 4.1842  loss: 1.7472  loss_heatmap: 0.3797  layer_-1_loss_cls: 0.0880  layer_-1_loss_bbox: 0.4437  matched_ious: 0.5657  aux_depth_loss: 0.8358  sec_per_iter: 0.8263  iters_per_sec: 1.2100  samples_per_sec: 19.3600  samples_per_sec_per_gpu: 4.8400  max_mem_allocated_mb: 664.7000  max_mem_reserved_mb: 22046.0000
2026/04/07 11:28:38 - mmengine - INFO - Epoch(train)  [1][3100/5000]  lr: 7.6390e-05  eta: 13:02:40  time: 0.8023  data_time: 0.0134  memory: 17753  grad_norm: 4.8050  loss: 1.7321  loss_heatmap: 0.3663  layer_-1_loss_cls: 0.0895  layer_-1_loss_bbox: 0.4203  matched_ious: 0.5776  aux_depth_loss: 0.8560  sec_per_iter: 0.8257  iters_per_sec: 1.2100  samples_per_sec: 19.3800  samples_per_sec_per_gpu: 4.8400  max_mem_allocated_mb: 664.7000  max_mem_reserved_mb: 22048.0000
2026/04/07 11:29:19 - mmengine - INFO - Epoch(train)  [1][3150/5000]  lr: 7.7222e-05  eta: 13:01:52  time: 0.8175  data_time: 0.0153  memory: 17707  grad_norm: 4.8512  loss: 1.7727  loss_heatmap: 0.3874  layer_-1_loss_cls: 0.0897  layer_-1_loss_bbox: 0.4509  matched_ious: 0.5542  aux_depth_loss: 0.8447  sec_per_iter: 0.8253  iters_per_sec: 1.2100  samples_per_sec: 19.3900  samples_per_sec_per_gpu: 4.8500  max_mem_allocated_mb: 664.7000  max_mem_reserved_mb: 22048.0000
2026/04/07 11:30:00 - mmengine - INFO - Epoch(train)  [1][3200/5000]  lr: 7.8067e-05  eta: 13:00:58  time: 0.8111  data_time: 0.0131  memory: 17774  grad_norm: 4.4198  loss: 1.6643  loss_heatmap: 0.3507  layer_-1_loss_cls: 0.0842  layer_-1_loss_bbox: 0.4037  matched_ious: 0.5834  aux_depth_loss: 0.8258  sec_per_iter: 0.8252  iters_per_sec: 1.2100  samples_per_sec: 19.3900  samples_per_sec_per_gpu: 4.8500  max_mem_allocated_mb: 664.7000  max_mem_reserved_mb: 22048.0000
2026/04/07 11:30:42 - mmengine - INFO - Epoch(train)  [1][3250/5000]  lr: 7.8923e-05  eta: 13:00:30  time: 0.8403  data_time: 0.0198  memory: 17675  grad_norm: 4.7049  loss: 1.6822  loss_heatmap: 0.3554  layer_-1_loss_cls: 0.0858  layer_-1_loss_bbox: 0.4153  matched_ious: 0.5662  aux_depth_loss: 0.8257  sec_per_iter: 0.8250  iters_per_sec: 1.2100  samples_per_sec: 19.3900  samples_per_sec_per_gpu: 4.8500  max_mem_allocated_mb: 664.7000  max_mem_reserved_mb: 22048.0000
2026/04/07 11:31:25 - mmengine - INFO - Epoch(train)  [1][3300/5000]  lr: 7.9792e-05  eta: 13:00:19  time: 0.8604  data_time: 0.0138  memory: 17782  grad_norm: 4.2192  loss: 1.6765  loss_heatmap: 0.3612  layer_-1_loss_cls: 0.0889  layer_-1_loss_bbox: 0.4109  matched_ious: 0.5605  aux_depth_loss: 0.8154  sec_per_iter: 0.8252  iters_per_sec: 1.2100  samples_per_sec: 19.3900  samples_per_sec_per_gpu: 4.8500  max_mem_allocated_mb: 664.7000  max_mem_reserved_mb: 22048.0000
2026/04/07 11:32:05 - mmengine - INFO - Epoch(train)  [1][3350/5000]  lr: 8.0673e-05  eta: 12:59:20  time: 0.8043  data_time: 0.0141  memory: 17790  grad_norm: 4.4899  loss: 1.6358  loss_heatmap: 0.3500  layer_-1_loss_cls: 0.0853  layer_-1_loss_bbox: 0.3875  matched_ious: 0.5331  aux_depth_loss: 0.8131  sec_per_iter: 0.8258  iters_per_sec: 1.2100  samples_per_sec: 19.3800  samples_per_sec_per_gpu: 4.8400  max_mem_allocated_mb: 664.7000  max_mem_reserved_mb: 22048.0000
2026/04/07 11:32:47 - mmengine - INFO - Epoch(train)  [1][3400/5000]  lr: 8.1566e-05  eta: 12:58:57  time: 0.8483  data_time: 0.0140  memory: 17712  grad_norm: 4.6619  loss: 1.6473  loss_heatmap: 0.3469  layer_-1_loss_cls: 0.0875  layer_-1_loss_bbox: 0.3982  matched_ious: 0.5862  aux_depth_loss: 0.8146  sec_per_iter: 0.8254  iters_per_sec: 1.2100  samples_per_sec: 19.3800  samples_per_sec_per_gpu: 4.8500  max_mem_allocated_mb: 664.7000  max_mem_reserved_mb: 22048.0000
2026/04/07 11:33:27 - mmengine - INFO - Epoch(train)  [1][3450/5000]  lr: 8.2471e-05  eta: 12:57:50  time: 0.7938  data_time: 0.0174  memory: 17763  grad_norm: 5.3511  loss: 1.6283  loss_heatmap: 0.3450  layer_-1_loss_cls: 0.0863  layer_-1_loss_bbox: 0.3809  matched_ious: 0.5387  aux_depth_loss: 0.8161  sec_per_iter: 0.8258  iters_per_sec: 1.2100  samples_per_sec: 19.3800  samples_per_sec_per_gpu: 4.8400  max_mem_allocated_mb: 664.7000  max_mem_reserved_mb: 22048.0000
2026/04/07 11:34:08 - mmengine - INFO - Epoch(train)  [1][3500/5000]  lr: 8.3387e-05  eta: 12:57:07  time: 0.8234  data_time: 0.0135  memory: 17936  grad_norm: 4.2765  loss: 1.5969  loss_heatmap: 0.3333  layer_-1_loss_cls: 0.0841  layer_-1_loss_bbox: 0.3701  matched_ious: 0.5373  aux_depth_loss: 0.8093  sec_per_iter: 0.8253  iters_per_sec: 1.2100  samples_per_sec: 19.3900  samples_per_sec_per_gpu: 4.8500  max_mem_allocated_mb: 664.7000  max_mem_reserved_mb: 22048.0000
2026/04/07 11:34:50 - mmengine - INFO - Epoch(train)  [1][3550/5000]  lr: 8.4316e-05  eta: 12:56:44  time: 0.8477  data_time: 0.0162  memory: 17836  grad_norm: 5.5630  loss: 1.6881  loss_heatmap: 0.3606  layer_-1_loss_cls: 0.0882  layer_-1_loss_bbox: 0.4097  matched_ious: 0.5834  aux_depth_loss: 0.8295  sec_per_iter: 0.8253  iters_per_sec: 1.2100  samples_per_sec: 19.3900  samples_per_sec_per_gpu: 4.8500  max_mem_allocated_mb: 664.7000  max_mem_reserved_mb: 22048.0000
2026/04/07 11:35:30 - mmengine - INFO - Epoch(train)  [1][3600/5000]  lr: 8.5256e-05  eta: 12:55:34  time: 0.7896  data_time: 0.0151  memory: 17640  grad_norm: 4.1971  loss: 1.6585  loss_heatmap: 0.3605  layer_-1_loss_cls: 0.0874  layer_-1_loss_bbox: 0.4136  matched_ious: 0.5233  aux_depth_loss: 0.7971  sec_per_iter: 0.8256  iters_per_sec: 1.2100  samples_per_sec: 19.3800  samples_per_sec_per_gpu: 4.8400  max_mem_allocated_mb: 664.7000  max_mem_reserved_mb: 22048.0000
2026/04/07 11:36:10 - mmengine - INFO - Epoch(train)  [1][3650/5000]  lr: 8.6208e-05  eta: 12:54:32  time: 0.7981  data_time: 0.0131  memory: 17690  grad_norm: 4.0195  loss: 1.6542  loss_heatmap: 0.3709  layer_-1_loss_cls: 0.0881  layer_-1_loss_bbox: 0.4062  matched_ious: 0.5556  aux_depth_loss: 0.7889  sec_per_iter: 0.8251  iters_per_sec: 1.2100  samples_per_sec: 19.3900  samples_per_sec_per_gpu: 4.8500  max_mem_allocated_mb: 664.7000  max_mem_reserved_mb: 22048.0000
2026/04/07 11:36:50 - mmengine - INFO - Epoch(train)  [1][3700/5000]  lr: 8.7171e-05  eta: 12:53:33  time: 0.8012  data_time: 0.0188  memory: 17658  grad_norm: 4.5496  loss: 1.6211  loss_heatmap: 0.3381  layer_-1_loss_cls: 0.0867  layer_-1_loss_bbox: 0.3922  matched_ious: 0.5540  aux_depth_loss: 0.8041  sec_per_iter: 0.8247  iters_per_sec: 1.2100  samples_per_sec: 19.4000  samples_per_sec_per_gpu: 4.8500  max_mem_allocated_mb: 664.7000  max_mem_reserved_mb: 22048.0000
2026/04/07 11:37:29 - mmengine - INFO - Epoch(train)  [1][3750/5000]  lr: 8.8147e-05  eta: 12:52:24  time: 0.7872  data_time: 0.0138  memory: 17663  grad_norm: 4.6280  loss: 1.6584  loss_heatmap: 0.3538  layer_-1_loss_cls: 0.0898  layer_-1_loss_bbox: 0.4068  matched_ious: 0.5383  aux_depth_loss: 0.8079  sec_per_iter: 0.8244  iters_per_sec: 1.2100  samples_per_sec: 19.4100  samples_per_sec_per_gpu: 4.8500  max_mem_allocated_mb: 664.7000  max_mem_reserved_mb: 22048.0000
2026/04/07 11:38:11 - mmengine - INFO - Epoch(train)  [1][3800/5000]  lr: 8.9133e-05  eta: 12:51:47  time: 0.8299  data_time: 0.0126  memory: 17752  grad_norm: 4.0618  loss: 1.6326  loss_heatmap: 0.3545  layer_-1_loss_cls: 0.0876  layer_-1_loss_bbox: 0.3863  matched_ious: 0.5542  aux_depth_loss: 0.8042  sec_per_iter: 0.8239  iters_per_sec: 1.2100  samples_per_sec: 19.4200  samples_per_sec_per_gpu: 4.8500  max_mem_allocated_mb: 664.7000  max_mem_reserved_mb: 22048.0000
2026/04/07 11:38:51 - mmengine - INFO - Epoch(train)  [1][3850/5000]  lr: 9.0131e-05  eta: 12:50:58  time: 0.8132  data_time: 0.0134  memory: 17751  grad_norm: 4.5508  loss: 1.6321  loss_heatmap: 0.3527  layer_-1_loss_cls: 0.0871  layer_-1_loss_bbox: 0.3863  matched_ious: 0.5680  aux_depth_loss: 0.8060  sec_per_iter: 0.8240  iters_per_sec: 1.2100  samples_per_sec: 19.4200  samples_per_sec_per_gpu: 4.8500  max_mem_allocated_mb: 664.7000  max_mem_reserved_mb: 22048.0000
2026/04/07 11:39:31 - mmengine - INFO - Epoch(train)  [1][3900/5000]  lr: 9.1141e-05  eta: 12:49:54  time: 0.7917  data_time: 0.0133  memory: 17841  grad_norm: 4.2168  loss: 1.6795  loss_heatmap: 0.3652  layer_-1_loss_cls: 0.0890  layer_-1_loss_bbox: 0.4407  matched_ious: 0.5060  aux_depth_loss: 0.7847  sec_per_iter: 0.8239  iters_per_sec: 1.2100  samples_per_sec: 19.4200  samples_per_sec_per_gpu: 4.8600  max_mem_allocated_mb: 664.7000  max_mem_reserved_mb: 22048.0000
2026/04/07 11:40:11 - mmengine - INFO - Epoch(train)  [1][3950/5000]  lr: 9.2162e-05  eta: 12:48:51  time: 0.7933  data_time: 0.0149  memory: 17779  grad_norm: 4.5029  loss: 1.5935  loss_heatmap: 0.3327  layer_-1_loss_cls: 0.0815  layer_-1_loss_bbox: 0.3891  matched_ious: 0.5732  aux_depth_loss: 0.7902  sec_per_iter: 0.8234  iters_per_sec: 1.2100  samples_per_sec: 19.4300  samples_per_sec_per_gpu: 4.8600  max_mem_allocated_mb: 664.7000  max_mem_reserved_mb: 22048.0000
2026/04/07 11:40:50 - mmengine - INFO - Exp name: zod_bevfusion_finetune_20260407_104526
2026/04/07 11:40:50 - mmengine - INFO - Epoch(train)  [1][4000/5000]  lr: 9.3194e-05  eta: 12:47:45  time: 0.7879  data_time: 0.0128  memory: 17733  grad_norm: 4.4664  loss: 1.6558  loss_heatmap: 0.3630  layer_-1_loss_cls: 0.0937  layer_-1_loss_bbox: 0.4114  matched_ious: 0.5314  aux_depth_loss: 0.7877  sec_per_iter: 0.8231  iters_per_sec: 1.2100  samples_per_sec: 19.4400  samples_per_sec_per_gpu: 4.8600  max_mem_allocated_mb: 664.7000  max_mem_reserved_mb: 22048.0000
2026/04/07 11:41:29 - mmengine - INFO - Epoch(train)  [1][4050/5000]  lr: 9.4238e-05  eta: 12:46:31  time: 0.7736  data_time: 0.0136  memory: 17675  grad_norm: 4.3572  loss: 1.5762  loss_heatmap: 0.3496  layer_-1_loss_cls: 0.0879  layer_-1_loss_bbox: 0.3643  matched_ious: 0.4871  aux_depth_loss: 0.7744  sec_per_iter: 0.8226  iters_per_sec: 1.2200  samples_per_sec: 19.4500  samples_per_sec_per_gpu: 4.8600  max_mem_allocated_mb: 664.7000  max_mem_reserved_mb: 22048.0000
2026/04/07 11:42:09 - mmengine - INFO - Epoch(train)  [1][4100/5000]  lr: 9.5292e-05  eta: 12:45:38  time: 0.8060  data_time: 0.0131  memory: 17802  grad_norm: 4.3883  loss: 1.6170  loss_heatmap: 0.3590  layer_-1_loss_cls: 0.0867  layer_-1_loss_bbox: 0.4010  matched_ious: 0.5255  aux_depth_loss: 0.7704  sec_per_iter: 0.8220  iters_per_sec: 1.2200  samples_per_sec: 19.4600  samples_per_sec_per_gpu: 4.8700  max_mem_allocated_mb: 664.7000  max_mem_reserved_mb: 22048.0000
2026/04/07 11:42:49 - mmengine - INFO - Epoch(train)  [1][4150/5000]  lr: 9.6358e-05  eta: 12:44:37  time: 0.7912  data_time: 0.0132  memory: 17622  grad_norm: 4.0921  loss: 1.5629  loss_heatmap: 0.3284  layer_-1_loss_cls: 0.0836  layer_-1_loss_bbox: 0.3866  matched_ious: 0.5373  aux_depth_loss: 0.7642  sec_per_iter: 0.8218  iters_per_sec: 1.2200  samples_per_sec: 19.4700  samples_per_sec_per_gpu: 4.8700  max_mem_allocated_mb: 664.7000  max_mem_reserved_mb: 22048.0000
2026/04/07 11:43:55 - mmengine - INFO - Epoch(train)  [1][4200/5000]  lr: 9.7435e-05  eta: 12:49:26  time: 1.3190  data_time: 0.1765  memory: 17728  grad_norm: 4.4995  loss: 1.6350  loss_heatmap: 0.3704  layer_-1_loss_cls: 0.0884  layer_-1_loss_bbox: 0.4066  matched_ious: 0.5542  aux_depth_loss: 0.7696  sec_per_iter: 0.8215  iters_per_sec: 1.2200  samples_per_sec: 19.4800  samples_per_sec_per_gpu: 4.8700  max_mem_allocated_mb: 664.7000  max_mem_reserved_mb: 22048.0000
2026/04/07 11:45:43 - mmengine - INFO - Epoch(train)  [1][4250/5000]  lr: 9.8522e-05  eta: 13:03:27  time: 2.1724  data_time: 0.0642  memory: 17861  grad_norm: 5.0178  loss: 1.6500  loss_heatmap: 0.3563  layer_-1_loss_cls: 0.0857  layer_-1_loss_bbox: 0.4354  matched_ious: 0.5556  aux_depth_loss: 0.7726  sec_per_iter: 0.8276  iters_per_sec: 1.2100  samples_per_sec: 19.3300  samples_per_sec_per_gpu: 4.8300  max_mem_allocated_mb: 664.7000  max_mem_reserved_mb: 22048.0000
2026/04/07 11:46:32 - mmengine - INFO - Epoch(train)  [1][4300/5000]  lr: 9.9621e-05  eta: 13:04:11  time: 0.9756  data_time: 0.0205  memory: 17739  grad_norm: 4.0878  loss: 1.5906  loss_heatmap: 0.3515  layer_-1_loss_cls: 0.0880  layer_-1_loss_bbox: 0.3980  matched_ious: 0.5873  aux_depth_loss: 0.7530  sec_per_iter: 0.8432  iters_per_sec: 1.1900  samples_per_sec: 18.9800  samples_per_sec_per_gpu: 4.7400  max_mem_allocated_mb: 664.7000  max_mem_reserved_mb: 22048.0000
2026/04/07 11:47:15 - mmengine - INFO - Epoch(train)  [1][4350/5000]  lr: 1.0073e-04  eta: 13:03:40  time: 0.8623  data_time: 0.0193  memory: 17711  grad_norm: 5.5765  loss: 1.6091  loss_heatmap: 0.3460  layer_-1_loss_cls: 0.0889  layer_-1_loss_bbox: 0.3896  matched_ious: 0.5860  aux_depth_loss: 0.7846  sec_per_iter: 0.8448  iters_per_sec: 1.1800  samples_per_sec: 18.9400  samples_per_sec_per_gpu: 4.7400  max_mem_allocated_mb: 664.7000  max_mem_reserved_mb: 22048.0000
2026/04/07 11:47:56 - mmengine - INFO - Epoch(train)  [1][4400/5000]  lr: 1.0185e-04  eta: 13:02:40  time: 0.8169  data_time: 0.0131  memory: 17789  grad_norm: 4.2241  loss: 1.6157  loss_heatmap: 0.3647  layer_-1_loss_cls: 0.0905  layer_-1_loss_bbox: 0.3868  matched_ious: 0.5705  aux_depth_loss: 0.7737  sec_per_iter: 0.8450  iters_per_sec: 1.1800  samples_per_sec: 18.9400  samples_per_sec_per_gpu: 4.7300  max_mem_allocated_mb: 664.7000  max_mem_reserved_mb: 22048.0000
2026/04/07 11:48:37 - mmengine - INFO - Epoch(train)  [1][4450/5000]  lr: 1.0298e-04  eta: 13:01:43  time: 0.8208  data_time: 0.0140  memory: 17768  grad_norm: 4.2627  loss: 1.6355  loss_heatmap: 0.3650  layer_-1_loss_cls: 0.0885  layer_-1_loss_bbox: 0.4195  matched_ious: 0.5734  aux_depth_loss: 0.7625  sec_per_iter: 0.8446  iters_per_sec: 1.1800  samples_per_sec: 18.9400  samples_per_sec_per_gpu: 4.7400  max_mem_allocated_mb: 664.7000  max_mem_reserved_mb: 22048.0000
2026/04/07 11:49:18 - mmengine - INFO - Epoch(train)  [1][4500/5000]  lr: 1.0412e-04  eta: 13:00:48  time: 0.8245  data_time: 0.0147  memory: 17868  grad_norm: 5.1770  loss: 1.6747  loss_heatmap: 0.3732  layer_-1_loss_cls: 0.0937  layer_-1_loss_bbox: 0.4344  matched_ious: 0.5520  aux_depth_loss: 0.7735  sec_per_iter: 0.8444  iters_per_sec: 1.1800  samples_per_sec: 18.9500  samples_per_sec_per_gpu: 4.7400  max_mem_allocated_mb: 664.7000  max_mem_reserved_mb: 22048.0000
2026/04/07 11:49:58 - mmengine - INFO - Epoch(train)  [1][4550/5000]  lr: 1.0527e-04  eta: 12:59:38  time: 0.7983  data_time: 0.0128  memory: 17791  grad_norm: 4.5310  loss: 1.6003  loss_heatmap: 0.3493  layer_-1_loss_cls: 0.0850  layer_-1_loss_bbox: 0.4026  matched_ious: 0.4921  aux_depth_loss: 0.7635  sec_per_iter: 0.8441  iters_per_sec: 1.1800  samples_per_sec: 18.9500  samples_per_sec_per_gpu: 4.7400  max_mem_allocated_mb: 664.7000  max_mem_reserved_mb: 22048.0000
2026/04/07 11:50:39 - mmengine - INFO - Epoch(train)  [1][4600/5000]  lr: 1.0644e-04  eta: 12:58:37  time: 0.8116  data_time: 0.0128  memory: 17872  grad_norm: 5.9967  loss: 1.6632  loss_heatmap: 0.3598  layer_-1_loss_cls: 0.0886  layer_-1_loss_bbox: 0.4423  matched_ious: 0.5448  aux_depth_loss: 0.7726  sec_per_iter: 0.8436  iters_per_sec: 1.1900  samples_per_sec: 18.9700  samples_per_sec_per_gpu: 4.7400  max_mem_allocated_mb: 664.7000  max_mem_reserved_mb: 22048.0000
2026/04/07 11:51:18 - mmengine - INFO - Epoch(train)  [1][4650/5000]  lr: 1.0761e-04  eta: 12:57:20  time: 0.7845  data_time: 0.0125  memory: 17825  grad_norm: 4.3651  loss: 1.5433  loss_heatmap: 0.3503  layer_-1_loss_cls: 0.0846  layer_-1_loss_bbox: 0.3686  matched_ious: 0.6173  aux_depth_loss: 0.7398  sec_per_iter: 0.8433  iters_per_sec: 1.1900  samples_per_sec: 18.9700  samples_per_sec_per_gpu: 4.7400  max_mem_allocated_mb: 664.7000  max_mem_reserved_mb: 22048.0000
2026/04/07 11:51:58 - mmengine - INFO - Epoch(train)  [1][4700/5000]  lr: 1.0879e-04  eta: 12:56:14  time: 0.8022  data_time: 0.0133  memory: 17851  grad_norm: 4.5000  loss: 1.5704  loss_heatmap: 0.3541  layer_-1_loss_cls: 0.0899  layer_-1_loss_bbox: 0.3934  matched_ious: 0.5847  aux_depth_loss: 0.7330  sec_per_iter: 0.8427  iters_per_sec: 1.1900  samples_per_sec: 18.9900  samples_per_sec_per_gpu: 4.7500  max_mem_allocated_mb: 664.7000  max_mem_reserved_mb: 22048.0000
2026/04/07 11:52:40 - mmengine - INFO - Epoch(train)  [1][4750/5000]  lr: 1.0999e-04  eta: 12:55:30  time: 0.8400  data_time: 0.0132  memory: 17822  grad_norm: 5.4860  loss: 1.6235  loss_heatmap: 0.3593  layer_-1_loss_cls: 0.0837  layer_-1_loss_bbox: 0.4032  matched_ious: 0.5132  aux_depth_loss: 0.7773  sec_per_iter: 0.8422  iters_per_sec: 1.1900  samples_per_sec: 19.0000  samples_per_sec_per_gpu: 4.7500  max_mem_allocated_mb: 664.7000  max_mem_reserved_mb: 22048.0000
2026/04/07 11:53:22 - mmengine - INFO - Epoch(train)  [1][4800/5000]  lr: 1.1119e-04  eta: 12:54:51  time: 0.8475  data_time: 0.0133  memory: 17788  grad_norm: 4.4264  loss: 1.6096  loss_heatmap: 0.3631  layer_-1_loss_cls: 0.0879  layer_-1_loss_bbox: 0.3985  matched_ious: 0.4886  aux_depth_loss: 0.7602  sec_per_iter: 0.8422  iters_per_sec: 1.1900  samples_per_sec: 19.0000  samples_per_sec_per_gpu: 4.7500  max_mem_allocated_mb: 664.7000  max_mem_reserved_mb: 22048.0000
2026/04/07 11:54:04 - mmengine - INFO - Epoch(train)  [1][4850/5000]  lr: 1.1240e-04  eta: 12:54:03  time: 0.8324  data_time: 0.0157  memory: 17785  grad_norm: 4.5173  loss: 1.5788  loss_heatmap: 0.3474  layer_-1_loss_cls: 0.0881  layer_-1_loss_bbox: 0.3888  matched_ious: 0.5397  aux_depth_loss: 0.7546  sec_per_iter: 0.8423  iters_per_sec: 1.1900  samples_per_sec: 19.0000  samples_per_sec_per_gpu: 4.7500  max_mem_allocated_mb: 664.7000  max_mem_reserved_mb: 22048.0000
2026/04/07 11:54:45 - mmengine - INFO - Epoch(train)  [1][4900/5000]  lr: 1.1363e-04  eta: 12:53:08  time: 0.8183  data_time: 0.0119  memory: 17838  grad_norm: 4.6363  loss: 1.5865  loss_heatmap: 0.3578  layer_-1_loss_cls: 0.0830  layer_-1_loss_bbox: 0.4039  matched_ious: 0.5354  aux_depth_loss: 0.7418  sec_per_iter: 0.8422  iters_per_sec: 1.1900  samples_per_sec: 19.0000  samples_per_sec_per_gpu: 4.7500  max_mem_allocated_mb: 664.7000  max_mem_reserved_mb: 22048.0000
2026/04/07 11:55:26 - mmengine - INFO - Epoch(train)  [1][4950/5000]  lr: 1.1486e-04  eta: 12:52:09  time: 0.8107  data_time: 0.0126  memory: 17902  grad_norm: 3.8502  loss: 1.5789  loss_heatmap: 0.3732  layer_-1_loss_cls: 0.0923  layer_-1_loss_bbox: 0.3872  matched_ious: 0.4764  aux_depth_loss: 0.7262  sec_per_iter: 0.8419  iters_per_sec: 1.1900  samples_per_sec: 19.0000  samples_per_sec_per_gpu: 4.7500  max_mem_allocated_mb: 664.7000  max_mem_reserved_mb: 22048.0000
2026/04/07 11:56:06 - mmengine - INFO - Exp name: zod_bevfusion_finetune_20260407_104526
2026/04/07 11:56:06 - mmengine - INFO - Epoch(train)  [1][5000/5000]  lr: 1.1611e-04  eta: 12:51:05  time: 0.8019  data_time: 0.0162  memory: 17924  grad_norm: 4.5385  loss: 1.5567  loss_heatmap: 0.3505  layer_-1_loss_cls: 0.0849  layer_-1_loss_bbox: 0.3935  matched_ious: 0.5150  aux_depth_loss: 0.7277  sec_per_iter: 0.8416  iters_per_sec: 1.1900  samples_per_sec: 19.0100  samples_per_sec_per_gpu: 4.7500  max_mem_allocated_mb: 664.7000  max_mem_reserved_mb: 22048.0000
2026/04/07 11:56:06 - mmengine - INFO - [Efficiency] Epoch 1: wall=4206.1s  iters=5000  sec/iter=0.841  mem_alloc=665MB  mem_rsv=22048MB
2026/04/07 11:56:22 - mmengine - INFO - Saved /home/users/u103958/projects/multimodal-MoE/outputs/runs/zod_bevfusion_finetune/bevfusion-finetune_4456392/visualizations/bev_before_backbone_epoch_1.png
2026/04/07 11:56:22 - mmengine - INFO - Saved /home/users/u103958/projects/multimodal-MoE/outputs/runs/zod_bevfusion_finetune/bevfusion-finetune_4456392/visualizations/bev_after_fpn_epoch_1.png
2026/04/07 11:56:24 - mmengine - INFO - Saved /home/users/u103958/projects/multimodal-MoE/outputs/runs/zod_bevfusion_finetune/bevfusion-finetune_4456392/visualizations/bev_pred_vs_gt_epoch_1.png  (GT=16, pred=15, max_score=0.718)
2026/04/07 11:56:24 - mmengine - INFO - Saved /home/users/u103958/projects/multimodal-MoE/outputs/runs/zod_bevfusion_finetune/bevfusion-finetune_4456392/visualizations/bev_val_pred_vs_gt_epoch_1.png  (GT=25, pred=19, max_score=0.706)
2026/04/07 11:56:25 - mmengine - INFO - Saved /home/users/u103958/projects/multimodal-MoE/outputs/runs/zod_bevfusion_finetune/bevfusion-finetune_4456392/visualizations/camera_bev_features_epoch_1.png
2026/04/07 11:56:25 - mmengine - INFO - Saved /home/users/u103958/projects/multimodal-MoE/outputs/runs/zod_bevfusion_finetune/bevfusion-finetune_4456392/visualizations/fused_bev_features_epoch_1.png
2026/04/07 11:56:26 - mmengine - INFO - Saved /home/users/u103958/projects/multimodal-MoE/outputs/runs/zod_bevfusion_finetune/bevfusion-finetune_4456392/visualizations/depth_transform_diagnostic_epoch_1.png
2026/04/07 11:56:26 - mmengine - INFO - ========================================================================
2026/04/07 11:56:26 - mmengine - INFO -   DEPTH PROJECTION DEBUG — Sparse depth analysis
2026/04/07 11:56:26 - mmengine - INFO - ========================================================================
2026/04/07 11:56:26 - mmengine - INFO -   lidar2img  shape=(1, 4, 4)
2026/04/07 11:56:26 - mmengine - INFO -     [  622.2576  -478.3849    -1.9513 -1257.4954]
2026/04/07 11:56:26 - mmengine - INFO -     [ 350.0951    7.6426 -478.2796 -167.8321]
2026/04/07 11:56:26 - mmengine - INFO -     [ 1.      0.003   0.0074 -2.0314]
2026/04/07 11:56:26 - mmengine - INFO -     [0. 0. 0. 1.]
2026/04/07 11:56:26 - mmengine - INFO -   cam2img  shape=(1, 4, 4)
2026/04/07 11:56:26 - mmengine - INFO -     [480.324    0.     620.7651   0.    ]
2026/04/07 11:56:26 - mmengine - INFO -     [  0.     480.9149 346.5506   0.    ]
2026/04/07 11:56:26 - mmengine - INFO -     [0. 0. 1. 0.]
2026/04/07 11:56:26 - mmengine - INFO -     [0. 0. 0. 1.]
2026/04/07 11:56:26 - mmengine - INFO -   img_aug_matrix  shape=(1, 4, 4)
2026/04/07 11:56:26 - mmengine - INFO -     [1. 0. 0. 0.]
2026/04/07 11:56:26 - mmengine - INFO -     [0. 1. 0. 0.]
2026/04/07 11:56:26 - mmengine - INFO -     [0. 0. 1. 0.]
2026/04/07 11:56:26 - mmengine - INFO -     [0. 0. 0. 1.]
2026/04/07 11:56:26 - mmengine - INFO -   lidar_aug_matrix  shape=(4, 4)
2026/04/07 11:56:26 - mmengine - INFO -     [1. 0. 0. 0.]
2026/04/07 11:56:26 - mmengine - INFO -     [0. 1. 0. 0.]
2026/04/07 11:56:26 - mmengine - INFO -     [0. 0. 1. 0.]
2026/04/07 11:56:26 - mmengine - INFO -     [0. 0. 0. 1.]
2026/04/07 11:56:26 - mmengine - INFO -   img tensor shape: (1, 1, 3, 704, 1248)
2026/04/07 11:56:26 - mmengine - INFO -   points[0] shape:  (50570, 4)
2026/04/07 11:56:26 - mmengine - INFO -   image_size=[704, 1248]  feature_size=[88, 156]  D=178
2026/04/07 11:56:26 - mmengine - INFO -   projected: 50570 / 50570 on image
2026/04/07 11:56:26 - mmengine - INFO -   row min/max/mean: 226.9 / 703.6 / 382.4
2026/04/07 11:56:26 - mmengine - INFO - ------------------------------------------------------------------------
2026/04/07 11:56:26 - mmengine - INFO -   MULTI-HIT / OVERWRITE ANALYSIS (full-res depth map)
2026/04/07 11:56:26 - mmengine - INFO -   total LiDAR hits on image:     50570
2026/04/07 11:56:26 - mmengine - INFO -   unique pixels occupied:         45944
2026/04/07 11:56:26 - mmengine - INFO -   pixels with >1 hit:             4354
2026/04/07 11:56:26 - mmengine - INFO -   overwritten points (lost):      4626  (9.1%)
2026/04/07 11:56:26 - mmengine - INFO -   multi-hit max/mean:             4 / 2.1
2026/04/07 11:56:26 - mmengine - INFO -   full-res occupancy:             45944 / 878592 = 5.229%
2026/04/07 11:56:27 - mmengine - INFO - ------------------------------------------------------------------------
2026/04/07 11:56:27 - mmengine - INFO -   OCCUPANCY THROUGH DEPTH PIPELINE
2026/04/07 11:56:27 - mmengine - INFO -   sparse_depth (full-res):  (1, 1, 704, 1248)
2026/04/07 11:56:27 - mmengine - INFO -     nonzero: 156662 / 878592  (17.831%)
2026/04/07 11:56:27 - mmengine - INFO -     active rows: 479/704  cols: 1248/1248
2026/04/07 11:56:27 - mmengine - INFO -   dtransform output:        (1, 64, 88, 156)
2026/04/07 11:56:27 - mmengine - INFO -     active cells (any ch>0): 13728 / 13728  (100.00%)
2026/04/07 11:56:27 - mmengine - INFO -   img_features:             (1, 1, 256, 88, 156)
2026/04/07 11:56:27 - mmengine - INFO -   depthnet output:          (1, 258, 88, 156)
2026/04/07 11:56:27 - mmengine - INFO -   camera BEV:               (1, 80, 180, 180)
2026/04/07 11:56:30 - mmengine - INFO -   Saved /home/users/u103958/projects/multimodal-MoE/outputs/runs/zod_bevfusion_finetune/bevfusion-finetune_4456392/debug/sparse_depth_pipeline.png
2026/04/07 11:56:31 - mmengine - INFO -   Saved /home/users/u103958/projects/multimodal-MoE/outputs/runs/zod_bevfusion_finetune/bevfusion-finetune_4456392/debug/lidar_projection_overlay.png
2026/04/07 11:56:31 - mmengine - INFO - ========================================================================
2026/04/07 11:56:45 - mmengine - INFO - Epoch(val)  [1][  50/1250]    eta: 0:05:24  time: 0.2705  data_time: 0.0253  memory: 4874  
2026/04/07 11:56:58 - mmengine - INFO - Epoch(val)  [1][ 100/1250]    eta: 0:05:09  time: 0.2679  data_time: 0.0051  memory: 4880  
2026/04/07 11:57:10 - mmengine - INFO - Epoch(val)  [1][ 150/1250]    eta: 0:04:43  time: 0.2350  data_time: 0.0055  memory: 4788  
2026/04/07 11:57:22 - mmengine - INFO - Epoch(val)  [1][ 200/1250]    eta: 0:04:25  time: 0.2370  data_time: 0.0047  memory: 4785  
2026/04/07 11:57:33 - mmengine - INFO - Epoch(val)  [1][ 250/1250]    eta: 0:04:07  time: 0.2293  data_time: 0.0052  memory: 4775  
2026/04/07 11:57:46 - mmengine - INFO - Epoch(val)  [1][ 300/1250]    eta: 0:03:54  time: 0.2444  data_time: 0.0053  memory: 4783  
2026/04/07 11:57:57 - mmengine - INFO - Epoch(val)  [1][ 350/1250]    eta: 0:03:40  time: 0.2328  data_time: 0.0047  memory: 4785  
2026/04/07 11:58:09 - mmengine - INFO - Epoch(val)  [1][ 400/1250]    eta: 0:03:27  time: 0.2334  data_time: 0.0047  memory: 4775  
2026/04/07 11:58:21 - mmengine - INFO - Epoch(val)  [1][ 450/1250]    eta: 0:03:15  time: 0.2486  data_time: 0.0057  memory: 4779  
2026/04/07 11:58:33 - mmengine - INFO - Epoch(val)  [1][ 500/1250]    eta: 0:03:02  time: 0.2351  data_time: 0.0044  memory: 4778  
2026/04/07 11:58:45 - mmengine - INFO - Epoch(val)  [1][ 550/1250]    eta: 0:02:50  time: 0.2376  data_time: 0.0048  memory: 4778  
2026/04/07 11:58:57 - mmengine - INFO - Epoch(val)  [1][ 600/1250]    eta: 0:02:37  time: 0.2431  data_time: 0.0060  memory: 4782  
2026/04/07 11:59:10 - mmengine - INFO - Epoch(val)  [1][ 650/1250]    eta: 0:02:26  time: 0.2528  data_time: 0.0049  memory: 4782  
2026/04/07 11:59:22 - mmengine - INFO - Epoch(val)  [1][ 700/1250]    eta: 0:02:13  time: 0.2424  data_time: 0.0047  memory: 4779  
2026/04/07 11:59:34 - mmengine - INFO - Epoch(val)  [1][ 750/1250]    eta: 0:02:01  time: 0.2366  data_time: 0.0048  memory: 4781  
2026/04/07 11:59:45 - mmengine - INFO - Epoch(val)  [1][ 800/1250]    eta: 0:01:49  time: 0.2314  data_time: 0.0058  memory: 4776  
2026/04/07 11:59:57 - mmengine - INFO - Epoch(val)  [1][ 850/1250]    eta: 0:01:36  time: 0.2327  data_time: 0.0064  memory: 4781  
2026/04/07 12:00:09 - mmengine - INFO - Epoch(val)  [1][ 900/1250]    eta: 0:01:24  time: 0.2338  data_time: 0.0048  memory: 4786  
2026/04/07 12:00:20 - mmengine - INFO - Epoch(val)  [1][ 950/1250]    eta: 0:01:12  time: 0.2304  data_time: 0.0050  memory: 4782  
2026/04/07 12:00:32 - mmengine - INFO - Epoch(val)  [1][1000/1250]    eta: 0:01:00  time: 0.2322  data_time: 0.0050  memory: 4785  
2026/04/07 12:00:44 - mmengine - INFO - Epoch(val)  [1][1050/1250]    eta: 0:00:48  time: 0.2353  data_time: 0.0068  memory: 4785  
2026/04/07 12:00:55 - mmengine - INFO - Epoch(val)  [1][1100/1250]    eta: 0:00:35  time: 0.2285  data_time: 0.0048  memory: 4785  
2026/04/07 12:01:07 - mmengine - INFO - Epoch(val)  [1][1150/1250]    eta: 0:00:23  time: 0.2362  data_time: 0.0050  memory: 4780  
2026/04/07 12:01:19 - mmengine - INFO - Epoch(val)  [1][1200/1250]    eta: 0:00:11  time: 0.2444  data_time: 0.0118  memory: 4778  
2026/04/07 12:01:31 - mmengine - INFO - Epoch(val)  [1][1250/1250]    eta: 0:00:00  time: 0.2295  data_time: 0.0048  memory: 4782  
2026/04/07 12:02:46 - mmengine - INFO - 
+------------+---------+---------+---------+---------+
| classes    | AP_0.25 | AR_0.25 | AP_0.50 | AR_0.50 |
+------------+---------+---------+---------+---------+
| pedestrian | 0.7682  | 0.9346  | 0.5149  | 0.6895  |
+------------+---------+---------+---------+---------+
| Overall    | 0.7682  | 0.9346  | 0.5149  | 0.6895  |
+------------+---------+---------+---------+---------+
2026/04/07 12:03:17 - mmengine - INFO - 
+------------+---------+---------+---------+---------+---------+---------+---------+---------+
| classes    | AP_0.5m | AR_0.5m | AP_1.0m | AR_1.0m | AP_2.0m | AR_2.0m | AP_4.0m | AR_4.0m |
+------------+---------+---------+---------+---------+---------+---------+---------+---------+
| pedestrian | 0.7912  | 0.9640  | 0.7993  | 0.9705  | 0.8041  | 0.9749  | 0.8103  | 0.9816  |
+------------+---------+---------+---------+---------+---------+---------+---------+---------+
| Overall    | 0.7912  | 0.9640  | 0.7993  | 0.9705  | 0.8041  | 0.9749  | 0.8103  | 0.9816  |
+------------+---------+---------+---------+---------+---------+---------+---------+---------+
2026/04/07 12:03:18 - mmengine - INFO - Epoch(val) [1][1250/1250]    pedestrian_AP_0.25: 0.7682  mAP_0.25: 0.7682  pedestrian_rec_0.25: 0.9346  mAR_0.25: 0.9346  pedestrian_AP_0.50: 0.5149  mAP_0.50: 0.5149  pedestrian_rec_0.50: 0.6895  mAR_0.50: 0.6895  pedestrian_AP_0.5m: 0.7912  pedestrian_rec_0.5m: 0.9640  pedestrian_AP_1.0m: 0.7993  pedestrian_rec_1.0m: 0.9705  pedestrian_AP_2.0m: 0.8041  pedestrian_rec_2.0m: 0.9749  pedestrian_AP_4.0m: 0.8103  pedestrian_rec_4.0m: 0.9816  mAP_0.5m: 0.7912  mAR_0.5m: 0.9640  mAP_1.0m: 0.7993  mAR_1.0m: 0.9705  mAP_2.0m: 0.8041  mAR_2.0m: 0.9749  mAP_4.0m: 0.8103  mAR_4.0m: 0.9816  data_time: 0.0062  time: 0.2392
2026/04/07 12:03:19 - mmengine - INFO - The best checkpoint with 0.5149 mAP_0.50 at 1 epoch is saved to best_mAP_0.50_epoch_1.pth.
2026/04/07 12:04:00 - mmengine - INFO - Epoch(train)  [2][  50/5000]  lr: 1.1736e-04  eta: 12:50:10  time: 0.8176  data_time: 0.0179  memory: 17777  grad_norm: 4.8829  loss: 1.5711  loss_heatmap: 0.3461  layer_-1_loss_cls: 0.0828  layer_-1_loss_bbox: 0.4094  matched_ious: 0.5314  aux_depth_loss: 0.7327  sec_per_iter: 0.8412  iters_per_sec: 1.1900  samples_per_sec: 19.0200  samples_per_sec_per_gpu: 4.7600  max_mem_allocated_mb: 664.7000  max_mem_reserved_mb: 22048.0000
2026/04/07 12:04:42 - mmengine - INFO - Epoch(train)  [2][ 100/5000]  lr: 1.1862e-04  eta: 12:49:24  time: 0.8345  data_time: 0.0188  memory: 17707  grad_norm: 4.5725  loss: 1.5772  loss_heatmap: 0.3702  layer_-1_loss_cls: 0.0923  layer_-1_loss_bbox: 0.3840  matched_ious: 0.5504  aux_depth_loss: 0.7308  sec_per_iter: 0.8195  iters_per_sec: 1.2200  samples_per_sec: 19.5200  samples_per_sec_per_gpu: 4.8800  max_mem_allocated_mb: 664.7000  max_mem_reserved_mb: 22048.0000
2026/04/07 12:05:25 - mmengine - INFO - Epoch(train)  [2][ 150/5000]  lr: 1.1990e-04  eta: 12:48:50  time: 0.8557  data_time: 0.0136  memory: 17703  grad_norm: 4.5251  loss: 1.5770  loss_heatmap: 0.3619  layer_-1_loss_cls: 0.0908  layer_-1_loss_bbox: 0.3962  matched_ious: 0.5800  aux_depth_loss: 0.7281  sec_per_iter: 0.8263  iters_per_sec: 1.2100  samples_per_sec: 19.3600  samples_per_sec_per_gpu: 4.8400  max_mem_allocated_mb: 664.7000  max_mem_reserved_mb: 22048.0000
2026/04/07 12:06:05 - mmengine - INFO - Epoch(train)  [2][ 200/5000]  lr: 1.2118e-04  eta: 12:47:46  time: 0.7985  data_time: 0.0128  memory: 17953  grad_norm: 4.7322  loss: 1.5898  loss_heatmap: 0.3640  layer_-1_loss_cls: 0.0889  layer_-1_loss_bbox: 0.3993  matched_ious: 0.5223  aux_depth_loss: 0.7377  sec_per_iter: 0.8361  iters_per_sec: 1.2000  samples_per_sec: 19.1400  samples_per_sec_per_gpu: 4.7800  max_mem_allocated_mb: 664.7000  max_mem_reserved_mb: 22048.0000
2026/04/07 12:06:45 - mmengine - INFO - Epoch(train)  [2][ 250/5000]  lr: 1.2247e-04  eta: 12:46:41  time: 0.7983  data_time: 0.0134  memory: 17802  grad_norm: 4.3539  loss: 1.5559  loss_heatmap: 0.3434  layer_-1_loss_cls: 0.0870  layer_-1_loss_bbox: 0.3754  matched_ious: 0.5574  aux_depth_loss: 0.7501  sec_per_iter: 0.8268  iters_per_sec: 1.2100  samples_per_sec: 19.3500  samples_per_sec_per_gpu: 4.8400  max_mem_allocated_mb: 664.7000  max_mem_reserved_mb: 22048.0000
2026/04/07 12:07:25 - mmengine - INFO - Epoch(train)  [2][ 300/5000]  lr: 1.2377e-04  eta: 12:45:44  time: 0.8102  data_time: 0.0132  memory: 17865  grad_norm: 4.3550  loss: 1.5534  loss_heatmap: 0.3580  layer_-1_loss_cls: 0.0897  layer_-1_loss_bbox: 0.3780  matched_ious: 0.5408  aux_depth_loss: 0.7277  sec_per_iter: 0.8210  iters_per_sec: 1.2200  samples_per_sec: 19.4900  samples_per_sec_per_gpu: 4.8700  max_mem_allocated_mb: 664.7000  max_mem_reserved_mb: 22048.0000
2026/04/07 12:08:06 - mmengine - INFO - Epoch(train)  [2][ 350/5000]  lr: 1.2508e-04  eta: 12:44:51  time: 0.8183  data_time: 0.0162  memory: 17717  grad_norm: 4.6480  loss: 1.5342  loss_heatmap: 0.3475  layer_-1_loss_cls: 0.0856  layer_-1_loss_bbox: 0.3810  matched_ious: 0.6203  aux_depth_loss: 0.7201  sec_per_iter: 0.8192  iters_per_sec: 1.2200  samples_per_sec: 19.5300  samples_per_sec_per_gpu: 4.8800  max_mem_allocated_mb: 664.7000  max_mem_reserved_mb: 22048.0000
2026/04/07 12:08:49 - mmengine - INFO - Epoch(train)  [2][ 400/5000]  lr: 1.2640e-04  eta: 12:44:23  time: 0.8684  data_time: 0.0173  memory: 17713  grad_norm: 4.7775  loss: 1.5122  loss_heatmap: 0.3395  layer_-1_loss_cls: 0.0845  layer_-1_loss_bbox: 0.3681  matched_ious: 0.5990  aux_depth_loss: 0.7201  sec_per_iter: 0.8191  iters_per_sec: 1.2200  samples_per_sec: 19.5300  samples_per_sec_per_gpu: 4.8800  max_mem_allocated_mb: 664.7000  max_mem_reserved_mb: 22048.0000
2026/04/07 12:09:31 - mmengine - INFO - Epoch(train)  [2][ 450/5000]  lr: 1.2773e-04  eta: 12:43:35  time: 0.8275  data_time: 0.0175  memory: 17782  grad_norm: 4.3755  loss: 1.5338  loss_heatmap: 0.3464  layer_-1_loss_cls: 0.0867  layer_-1_loss_bbox: 0.3869  matched_ious: 0.5599  aux_depth_loss: 0.7138  sec_per_iter: 0.8252  iters_per_sec: 1.2100  samples_per_sec: 19.3900  samples_per_sec_per_gpu: 4.8500  max_mem_allocated_mb: 664.7000  max_mem_reserved_mb: 22048.0000
2026/04/07 12:10:11 - mmengine - INFO - Epoch(train)  [2][ 500/5000]  lr: 1.2907e-04  eta: 12:42:37  time: 0.8081  data_time: 0.0144  memory: 17904  grad_norm: 4.4703  loss: 1.5827  loss_heatmap: 0.3592  layer_-1_loss_cls: 0.0878  layer_-1_loss_bbox: 0.4199  matched_ious: 0.5139  aux_depth_loss: 0.7158  sec_per_iter: 0.8256  iters_per_sec: 1.2100  samples_per_sec: 19.3800  samples_per_sec_per_gpu: 4.8500  max_mem_allocated_mb: 664.7000  max_mem_reserved_mb: 22048.0000
2026/04/07 12:10:53 - mmengine - INFO - Epoch(train)  [2][ 550/5000]  lr: 1.3042e-04  eta: 12:41:52  time: 0.8318  data_time: 0.0165  memory: 17754  grad_norm: 4.3812  loss: 1.5529  loss_heatmap: 0.3724  layer_-1_loss_cls: 0.0914  layer_-1_loss_bbox: 0.3896  matched_ious: 0.5421  aux_depth_loss: 0.6996  sec_per_iter: 0.8238  iters_per_sec: 1.2100  samples_per_sec: 19.4200  samples_per_sec_per_gpu: 4.8600  max_mem_allocated_mb: 664.7000  max_mem_reserved_mb: 22048.0000
2026/04/07 12:11:32 - mmengine - INFO - Epoch(train)  [2][ 600/5000]  lr: 1.3177e-04  eta: 12:40:45  time: 0.7879  data_time: 0.0134  memory: 17702  grad_norm: 5.1228  loss: 1.6101  loss_heatmap: 0.3805  layer_-1_loss_cls: 0.0875  layer_-1_loss_bbox: 0.4234  matched_ious: 0.5046  aux_depth_loss: 0.7186  sec_per_iter: 0.8245  iters_per_sec: 1.2100  samples_per_sec: 19.4000  samples_per_sec_per_gpu: 4.8500  max_mem_allocated_mb: 664.7000  max_mem_reserved_mb: 22048.0000
2026/04/07 12:12:13 - mmengine - INFO - Epoch(train)  [2][ 650/5000]  lr: 1.3314e-04  eta: 12:39:50  time: 0.8121  data_time: 0.0177  memory: 17832  grad_norm: 4.5164  loss: 1.5035  loss_heatmap: 0.3296  layer_-1_loss_cls: 0.0848  layer_-1_loss_bbox: 0.3799  matched_ious: 0.5634  aux_depth_loss: 0.7092  sec_per_iter: 0.8215  iters_per_sec: 1.2200  samples_per_sec: 19.4800  samples_per_sec_per_gpu: 4.8700  max_mem_allocated_mb: 664.7000  max_mem_reserved_mb: 22048.0000
2026/04/07 12:13:00 - mmengine - INFO - Epoch(train)  [2][ 700/5000]  lr: 1.3451e-04  eta: 12:39:55  time: 0.9386  data_time: 0.0212  memory: 17767  grad_norm: 4.9728  loss: 1.5654  loss_heatmap: 0.3498  layer_-1_loss_cls: 0.0864  layer_-1_loss_bbox: 0.4062  matched_ious: 0.5823  aux_depth_loss: 0.7230  sec_per_iter: 0.8208  iters_per_sec: 1.2200  samples_per_sec: 19.4900  samples_per_sec_per_gpu: 4.8700  max_mem_allocated_mb: 664.7000  max_mem_reserved_mb: 22048.0000
2026/04/07 12:13:41 - mmengine - INFO - Epoch(train)  [2][ 750/5000]  lr: 1.3589e-04  eta: 12:39:05  time: 0.8221  data_time: 0.0245  memory: 17767  grad_norm: 4.5165  loss: 1.5819  loss_heatmap: 0.3547  layer_-1_loss_cls: 0.0856  layer_-1_loss_bbox: 0.4214  matched_ious: 0.5475  aux_depth_loss: 0.7202  sec_per_iter: 0.8292  iters_per_sec: 1.2100  samples_per_sec: 19.3000  samples_per_sec_per_gpu: 4.8200  max_mem_allocated_mb: 664.7000  max_mem_reserved_mb: 22048.0000
2026/04/07 12:14:22 - mmengine - INFO - Epoch(train)  [2][ 800/5000]  lr: 1.3729e-04  eta: 12:38:14  time: 0.8194  data_time: 0.0173  memory: 17791  grad_norm: 5.2809  loss: 1.5860  loss_heatmap: 0.3657  layer_-1_loss_cls: 0.0860  layer_-1_loss_bbox: 0.4197  matched_ious: 0.5236  aux_depth_loss: 0.7146  sec_per_iter: 0.8289  iters_per_sec: 1.2100  samples_per_sec: 19.3000  samples_per_sec_per_gpu: 4.8300  max_mem_allocated_mb: 664.7000  max_mem_reserved_mb: 22048.0000
2026/04/07 12:15:02 - mmengine - INFO - Epoch(train)  [2][ 850/5000]  lr: 1.3868e-04  eta: 12:37:12  time: 0.7960  data_time: 0.0225  memory: 17922  grad_norm: 4.8924  loss: 1.5552  loss_heatmap: 0.3630  layer_-1_loss_cls: 0.0875  layer_-1_loss_bbox: 0.3839  matched_ious: 0.6228  aux_depth_loss: 0.7208  sec_per_iter: 0.8281  iters_per_sec: 1.2100  samples_per_sec: 19.3200  samples_per_sec_per_gpu: 4.8300  max_mem_allocated_mb: 664.7000  max_mem_reserved_mb: 22048.0000
2026/04/07 12:15:43 - mmengine - INFO - Epoch(train)  [2][ 900/5000]  lr: 1.4009e-04  eta: 12:36:20  time: 0.8190  data_time: 0.0184  memory: 17796  grad_norm: 5.1763  loss: 1.5643  loss_heatmap: 0.3650  layer_-1_loss_cls: 0.0897  layer_-1_loss_bbox: 0.3964  matched_ious: 0.5343  aux_depth_loss: 0.7131  sec_per_iter: 0.8262  iters_per_sec: 1.2100  samples_per_sec: 19.3700  samples_per_sec_per_gpu: 4.8400  max_mem_allocated_mb: 664.7000  max_mem_reserved_mb: 22048.0000
2026/04/07 12:16:23 - mmengine - INFO - Epoch(train)  [2][ 950/5000]  lr: 1.4151e-04  eta: 12:35:24  time: 0.8073  data_time: 0.0153  memory: 17851  grad_norm: 5.8013  loss: 1.5460  loss_heatmap: 0.3378  layer_-1_loss_cls: 0.0810  layer_-1_loss_bbox: 0.3838  matched_ious: 0.5983  aux_depth_loss: 0.7434  sec_per_iter: 0.8259  iters_per_sec: 1.2100  samples_per_sec: 19.3700  samples_per_sec_per_gpu: 4.8400  max_mem_allocated_mb: 664.7000  max_mem_reserved_mb: 22048.0000
2026/04/07 12:17:03 - mmengine - INFO - Exp name: zod_bevfusion_finetune_20260407_104526
2026/04/07 12:17:03 - mmengine - INFO - Epoch(train)  [2][1000/5000]  lr: 1.4293e-04  eta: 12:34:24  time: 0.7971  data_time: 0.0137  memory: 17682  grad_norm: 4.5303  loss: 1.5888  loss_heatmap: 0.3667  layer_-1_loss_cls: 0.0911  layer_-1_loss_bbox: 0.4057  matched_ious: 0.6233  aux_depth_loss: 0.7252  sec_per_iter: 0.8248  iters_per_sec: 1.2100  samples_per_sec: 19.4000  samples_per_sec_per_gpu: 4.8500  max_mem_allocated_mb: 664.7000  max_mem_reserved_mb: 22048.0000
2026/04/07 12:17:43 - mmengine - INFO - Epoch(train)  [2][1050/5000]  lr: 1.4437e-04  eta: 12:33:24  time: 0.7988  data_time: 0.0127  memory: 17859  grad_norm: 4.0234  loss: 1.5289  loss_heatmap: 0.3416  layer_-1_loss_cls: 0.0864  layer_-1_loss_bbox: 0.3994  matched_ious: 0.5175  aux_depth_loss: 0.7016  sec_per_iter: 0.8235  iters_per_sec: 1.2100  samples_per_sec: 19.4300  samples_per_sec_per_gpu: 4.8600  max_mem_allocated_mb: 664.7000  max_mem_reserved_mb: 22048.0000
2026/04/07 12:18:24 - mmengine - INFO - Epoch(train)  [2][1100/5000]  lr: 1.4581e-04  eta: 12:32:34  time: 0.8191  data_time: 0.0152  memory: 17880  grad_norm: 4.7245  loss: 1.5983  loss_heatmap: 0.3916  layer_-1_loss_cls: 0.0931  layer_-1_loss_bbox: 0.4103  matched_ious: 0.5445  aux_depth_loss: 0.7032  sec_per_iter: 0.8223  iters_per_sec: 1.2200  samples_per_sec: 19.4600  samples_per_sec_per_gpu: 4.8600  max_mem_allocated_mb: 664.7000  max_mem_reserved_mb: 22048.0000
2026/04/07 12:19:04 - mmengine - INFO - Epoch(train)  [2][1150/5000]  lr: 1.4726e-04  eta: 12:31:38  time: 0.8060  data_time: 0.0133  memory: 17707  grad_norm: 4.4845  loss: 1.5167  loss_heatmap: 0.3523  layer_-1_loss_cls: 0.0839  layer_-1_loss_bbox: 0.3907  matched_ious: 0.5681  aux_depth_loss: 0.6898  sec_per_iter: 0.8222  iters_per_sec: 1.2200  samples_per_sec: 19.4600  samples_per_sec_per_gpu: 4.8700  max_mem_allocated_mb: 664.7000  max_mem_reserved_mb: 22048.0000
2026/04/07 12:19:48 - mmengine - INFO - Epoch(train)  [2][1200/5000]  lr: 1.4871e-04  eta: 12:31:12  time: 0.8745  data_time: 0.0138  memory: 17764  grad_norm: 5.3802  loss: 1.5284  loss_heatmap: 0.3441  layer_-1_loss_cls: 0.0853  layer_-1_loss_bbox: 0.3949  matched_ious: 0.5882  aux_depth_loss: 0.7041  sec_per_iter: 0.8215  iters_per_sec: 1.2200  samples_per_sec: 19.4800  samples_per_sec_per_gpu: 4.8700  max_mem_allocated_mb: 664.7000  max_mem_reserved_mb: 22048.0000
2026/04/07 12:20:31 - mmengine - INFO - Epoch(train)  [2][1250/5000]  lr: 1.5018e-04  eta: 12:30:46  time: 0.8748  data_time: 0.0155  memory: 17681  grad_norm: 4.2398  loss: 1.4830  loss_heatmap: 0.3375  layer_-1_loss_cls: 0.0827  layer_-1_loss_bbox: 0.3780  matched_ious: 0.5361  aux_depth_loss: 0.6848  sec_per_iter: 0.8237  iters_per_sec: 1.2100  samples_per_sec: 19.4300  samples_per_sec_per_gpu: 4.8600  max_mem_allocated_mb: 664.7000  max_mem_reserved_mb: 22048.0000
2026/04/07 12:21:12 - mmengine - INFO - Epoch(train)  [2][1300/5000]  lr: 1.5165e-04  eta: 12:29:54  time: 0.8128  data_time: 0.0133  memory: 17717  grad_norm: 4.8026  loss: 1.6244  loss_heatmap: 0.3847  layer_-1_loss_cls: 0.0906  layer_-1_loss_bbox: 0.4659  matched_ious: 0.5485  aux_depth_loss: 0.6832  sec_per_iter: 0.8257  iters_per_sec: 1.2100  samples_per_sec: 19.3800  samples_per_sec_per_gpu: 4.8400  max_mem_allocated_mb: 664.7000  max_mem_reserved_mb: 22048.0000
2026/04/07 12:21:58 - mmengine - INFO - Epoch(train)  [2][1350/5000]  lr: 1.5313e-04  eta: 12:29:43  time: 0.9123  data_time: 0.0189  memory: 17692  grad_norm: 4.6965  loss: 1.5455  loss_heatmap: 0.3661  layer_-1_loss_cls: 0.0916  layer_-1_loss_bbox: 0.4002  matched_ious: 0.6083  aux_depth_loss: 0.6875  sec_per_iter: 0.8252  iters_per_sec: 1.2100  samples_per_sec: 19.3900  samples_per_sec_per_gpu: 4.8500  max_mem_allocated_mb: 664.7000  max_mem_reserved_mb: 22048.0000
2026/04/07 12:22:40 - mmengine - INFO - Epoch(train)  [2][1400/5000]  lr: 1.5462e-04  eta: 12:29:01  time: 0.8391  data_time: 0.0144  memory: 17771  grad_norm: 5.9300  loss: 1.5691  loss_heatmap: 0.3625  layer_-1_loss_cls: 0.0890  layer_-1_loss_bbox: 0.3937  matched_ious: 0.5287  aux_depth_loss: 0.7238  sec_per_iter: 0.8284  iters_per_sec: 1.2100  samples_per_sec: 19.3100  samples_per_sec_per_gpu: 4.8300  max_mem_allocated_mb: 664.7000  max_mem_reserved_mb: 22048.0000
2026/04/07 12:23:20 - mmengine - INFO - Epoch(train)  [2][1450/5000]  lr: 1.5611e-04  eta: 12:28:04  time: 0.8001  data_time: 0.0158  memory: 17762  grad_norm: 4.3910  loss: 1.5938  loss_heatmap: 0.3759  layer_-1_loss_cls: 0.0936  layer_-1_loss_bbox: 0.4289  matched_ious: 0.4576  aux_depth_loss: 0.6954  sec_per_iter: 0.8288  iters_per_sec: 1.2100  samples_per_sec: 19.3000  samples_per_sec_per_gpu: 4.8300  max_mem_allocated_mb: 664.7000  max_mem_reserved_mb: 22048.0000
2026/04/07 12:24:00 - mmengine - INFO - Epoch(train)  [2][1500/5000]  lr: 1.5761e-04  eta: 12:27:11  time: 0.8126  data_time: 0.0131  memory: 17829  grad_norm: 5.3534  loss: 1.5409  loss_heatmap: 0.3517  layer_-1_loss_cls: 0.0863  layer_-1_loss_bbox: 0.4038  matched_ious: 0.5692  aux_depth_loss: 0.6990  sec_per_iter: 0.8278  iters_per_sec: 1.2100  samples_per_sec: 19.3300  samples_per_sec_per_gpu: 4.8300  max_mem_allocated_mb: 664.7000  max_mem_reserved_mb: 22048.0000
2026/04/07 12:24:40 - mmengine - INFO - Epoch(train)  [2][1550/5000]  lr: 1.5912e-04  eta: 12:26:15  time: 0.8035  data_time: 0.0137  memory: 17765  grad_norm: 4.1798  loss: 1.5522  loss_heatmap: 0.3684  layer_-1_loss_cls: 0.0907  layer_-1_loss_bbox: 0.4039  matched_ious: 0.5776  aux_depth_loss: 0.6892  sec_per_iter: 0.8273  iters_per_sec: 1.2100  samples_per_sec: 19.3400  samples_per_sec_per_gpu: 4.8300  max_mem_allocated_mb: 664.7000  max_mem_reserved_mb: 22048.0000
2026/04/07 12:25:21 - mmengine - INFO - Epoch(train)  [2][1600/5000]  lr: 1.6064e-04  eta: 12:25:18  time: 0.8006  data_time: 0.0149  memory: 17830  grad_norm: 4.5910  loss: 1.5622  loss_heatmap: 0.3641  layer_-1_loss_cls: 0.0897  layer_-1_loss_bbox: 0.4271  matched_ious: 0.5201  aux_depth_loss: 0.6814  sec_per_iter: 0.8265  iters_per_sec: 1.2100  samples_per_sec: 19.3600  samples_per_sec_per_gpu: 4.8400  max_mem_allocated_mb: 664.7000  max_mem_reserved_mb: 22048.0000
2026/04/07 12:26:03 - mmengine - INFO - Epoch(train)  [2][1650/5000]  lr: 1.6216e-04  eta: 12:24:42  time: 0.8501  data_time: 0.0257  memory: 17648  grad_norm: 6.4672  loss: 1.5711  loss_heatmap: 0.3605  layer_-1_loss_cls: 0.0918  layer_-1_loss_bbox: 0.3848  matched_ious: 0.5889  aux_depth_loss: 0.7340  sec_per_iter: 0.8258  iters_per_sec: 1.2100  samples_per_sec: 19.3800  samples_per_sec_per_gpu: 4.8400  max_mem_allocated_mb: 664.7000  max_mem_reserved_mb: 22048.0000
2026/04/07 12:26:49 - mmengine - INFO - Epoch(train)  [2][1700/5000]  lr: 1.6369e-04  eta: 12:24:32  time: 0.9177  data_time: 0.0151  memory: 17921  grad_norm: 5.0988  loss: 1.5411  loss_heatmap: 0.3596  layer_-1_loss_cls: 0.0900  layer_-1_loss_bbox: 0.3859  matched_ious: 0.5773  aux_depth_loss: 0.7056  sec_per_iter: 0.8265  iters_per_sec: 1.2100  samples_per_sec: 19.3600  samples_per_sec_per_gpu: 4.8400  max_mem_allocated_mb: 664.7000  max_mem_reserved_mb: 22048.0000
2026/04/07 12:27:30 - mmengine - INFO - Epoch(train)  [2][1750/5000]  lr: 1.6523e-04  eta: 12:23:46  time: 0.8292  data_time: 0.0164  memory: 17758  grad_norm: 3.7854  loss: 1.4937  loss_heatmap: 0.3464  layer_-1_loss_cls: 0.0877  layer_-1_loss_bbox: 0.3919  matched_ious: 0.5736  aux_depth_loss: 0.6678  sec_per_iter: 0.8292  iters_per_sec: 1.2100  samples_per_sec: 19.3000  samples_per_sec_per_gpu: 4.8200  max_mem_allocated_mb: 664.7000  max_mem_reserved_mb: 22048.0000
2026/04/07 12:28:11 - mmengine - INFO - Epoch(train)  [2][1800/5000]  lr: 1.6677e-04  eta: 12:22:53  time: 0.8094  data_time: 0.0137  memory: 17802  grad_norm: 4.5282  loss: 1.5241  loss_heatmap: 0.3558  layer_-1_loss_cls: 0.0906  layer_-1_loss_bbox: 0.3991  matched_ious: 0.5312  aux_depth_loss: 0.6787  sec_per_iter: 0.8292  iters_per_sec: 1.2100  samples_per_sec: 19.3000  samples_per_sec_per_gpu: 4.8200  max_mem_allocated_mb: 664.7000  max_mem_reserved_mb: 22048.0000
2026/04/07 12:28:51 - mmengine - INFO - Epoch(train)  [2][1850/5000]  lr: 1.6832e-04  eta: 12:22:00  time: 0.8089  data_time: 0.0146  memory: 17770  grad_norm: 4.4938  loss: 1.5235  loss_heatmap: 0.3470  layer_-1_loss_cls: 0.0913  layer_-1_loss_bbox: 0.4001  matched_ious: 0.5413  aux_depth_loss: 0.6851  sec_per_iter: 0.8286  iters_per_sec: 1.2100  samples_per_sec: 19.3100  samples_per_sec_per_gpu: 4.8300  max_mem_allocated_mb: 664.7000  max_mem_reserved_mb: 22048.0000
2026/04/07 12:29:32 - mmengine - INFO - Epoch(train)  [2][1900/5000]  lr: 1.6988e-04  eta: 12:21:06  time: 0.8074  data_time: 0.0157  memory: 17832  grad_norm: 5.0729  loss: 1.5415  loss_heatmap: 0.3591  layer_-1_loss_cls: 0.0933  layer_-1_loss_bbox: 0.4127  matched_ious: 0.5256  aux_depth_loss: 0.6764  sec_per_iter: 0.8281  iters_per_sec: 1.2100  samples_per_sec: 19.3200  samples_per_sec_per_gpu: 4.8300  max_mem_allocated_mb: 664.7000  max_mem_reserved_mb: 22048.0000
2026/04/07 12:30:13 - mmengine - INFO - Epoch(train)  [2][1950/5000]  lr: 1.7145e-04  eta: 12:20:24  time: 0.8367  data_time: 0.0141  memory: 17960  grad_norm: 4.9797  loss: 1.4880  loss_heatmap: 0.3463  layer_-1_loss_cls: 0.0893  layer_-1_loss_bbox: 0.3768  matched_ious: 0.5764  aux_depth_loss: 0.6756  sec_per_iter: 0.8276  iters_per_sec: 1.2100  samples_per_sec: 19.3300  samples_per_sec_per_gpu: 4.8300  max_mem_allocated_mb: 664.7000  max_mem_reserved_mb: 22048.0000
2026/04/07 12:30:55 - mmengine - INFO - Exp name: zod_bevfusion_finetune_20260407_104526
2026/04/07 12:30:55 - mmengine - INFO - Epoch(train)  [2][2000/5000]  lr: 1.7302e-04  eta: 12:19:40  time: 0.8301  data_time: 0.0148  memory: 17638  grad_norm: 4.9901  loss: 1.5465  loss_heatmap: 0.3621  layer_-1_loss_cls: 0.0891  layer_-1_loss_bbox: 0.4249  matched_ious: 0.5641  aux_depth_loss: 0.6705  sec_per_iter: 0.8278  iters_per_sec: 1.2100  samples_per_sec: 19.3300  samples_per_sec_per_gpu: 4.8300  max_mem_allocated_mb: 664.7000  max_mem_reserved_mb: 22048.0000
2026/04/07 12:31:37 - mmengine - INFO - Epoch(train)  [2][2050/5000]  lr: 1.7459e-04  eta: 12:18:56  time: 0.8341  data_time: 0.0172  memory: 17766  grad_norm: 5.0360  loss: 1.6493  loss_heatmap: 0.4136  layer_-1_loss_cls: 0.0999  layer_-1_loss_bbox: 0.4515  matched_ious: 0.5302  aux_depth_loss: 0.6843  sec_per_iter: 0.8278  iters_per_sec: 1.2100  samples_per_sec: 19.3300  samples_per_sec_per_gpu: 4.8300  max_mem_allocated_mb: 664.7000  max_mem_reserved_mb: 22048.0000
2026/04/07 12:32:18 - mmengine - INFO - Epoch(train)  [2][2100/5000]  lr: 1.7618e-04  eta: 12:18:10  time: 0.8249  data_time: 0.0160  memory: 17735  grad_norm: 4.5981  loss: 1.4992  loss_heatmap: 0.3564  layer_-1_loss_cls: 0.0882  layer_-1_loss_bbox: 0.3939  matched_ious: 0.5741  aux_depth_loss: 0.6607  sec_per_iter: 0.8280  iters_per_sec: 1.2100  samples_per_sec: 19.3200  samples_per_sec_per_gpu: 4.8300  max_mem_allocated_mb: 664.7000  max_mem_reserved_mb: 22048.0000
2026/04/07 12:32:58 - mmengine - INFO - Epoch(train)  [2][2150/5000]  lr: 1.7776e-04  eta: 12:17:17  time: 0.8075  data_time: 0.0143  memory: 17810  grad_norm: 4.9159  loss: 1.5218  loss_heatmap: 0.3559  layer_-1_loss_cls: 0.0875  layer_-1_loss_bbox: 0.4126  matched_ious: 0.5513  aux_depth_loss: 0.6658  sec_per_iter: 0.8279  iters_per_sec: 1.2100  samples_per_sec: 19.3300  samples_per_sec_per_gpu: 4.8300  max_mem_allocated_mb: 664.7000  max_mem_reserved_mb: 22048.0000
2026/04/07 12:33:39 - mmengine - INFO - Epoch(train)  [2][2200/5000]  lr: 1.7936e-04  eta: 12:16:25  time: 0.8093  data_time: 0.0136  memory: 17837  grad_norm: 5.3546  loss: 1.5374  loss_heatmap: 0.3617  layer_-1_loss_cls: 0.0921  layer_-1_loss_bbox: 0.3856  matched_ious: 0.5086  aux_depth_loss: 0.6980  sec_per_iter: 0.8274  iters_per_sec: 1.2100  samples_per_sec: 19.3400  samples_per_sec_per_gpu: 4.8300  max_mem_allocated_mb: 664.7000  max_mem_reserved_mb: 22048.0000
2026/04/07 12:34:22 - mmengine - INFO - Epoch(train)  [2][2250/5000]  lr: 1.8096e-04  eta: 12:15:50  time: 0.8567  data_time: 0.0151  memory: 17886  grad_norm: 4.6536  loss: 1.4772  loss_heatmap: 0.3459  layer_-1_loss_cls: 0.0856  layer_-1_loss_bbox: 0.3747  matched_ious: 0.5862  aux_depth_loss: 0.6710  sec_per_iter: 0.8270  iters_per_sec: 1.2100  samples_per_sec: 19.3500  samples_per_sec_per_gpu: 4.8400  max_mem_allocated_mb: 664.7000  max_mem_reserved_mb: 22048.0000
2026/04/07 12:35:01 - mmengine - INFO - Epoch(train)  [2][2300/5000]  lr: 1.8257e-04  eta: 12:14:54  time: 0.7953  data_time: 0.0134  memory: 17807  grad_norm: 4.4091  loss: 1.4956  loss_heatmap: 0.3477  layer_-1_loss_cls: 0.0875  layer_-1_loss_bbox: 0.3788  matched_ious: 0.5896  aux_depth_loss: 0.6816  sec_per_iter: 0.8277  iters_per_sec: 1.2100  samples_per_sec: 19.3300  samples_per_sec_per_gpu: 4.8300  max_mem_allocated_mb: 664.7000  max_mem_reserved_mb: 22048.0000
2026/04/07 12:35:44 - mmengine - INFO - Epoch(train)  [2][2350/5000]  lr: 1.8418e-04  eta: 12:14:16  time: 0.8483  data_time: 0.0170  memory: 17783  grad_norm: 5.5244  loss: 1.5436  loss_heatmap: 0.3702  layer_-1_loss_cls: 0.0895  layer_-1_loss_bbox: 0.4168  matched_ious: 0.5011  aux_depth_loss: 0.6671  sec_per_iter: 0.8270  iters_per_sec: 1.2100  samples_per_sec: 19.3500  samples_per_sec_per_gpu: 4.8400  max_mem_allocated_mb: 664.7000  max_mem_reserved_mb: 22048.0000
2026/04/07 12:36:24 - mmengine - INFO - Epoch(train)  [2][2400/5000]  lr: 1.8580e-04  eta: 12:13:24  time: 0.8073  data_time: 0.0139  memory: 17747  grad_norm: 4.9503  loss: 1.5943  loss_heatmap: 0.3712  layer_-1_loss_cls: 0.0878  layer_-1_loss_bbox: 0.4544  matched_ious: 0.5079  aux_depth_loss: 0.6809  sec_per_iter: 0.8274  iters_per_sec: 1.2100  samples_per_sec: 19.3400  samples_per_sec_per_gpu: 4.8300  max_mem_allocated_mb: 664.7000  max_mem_reserved_mb: 22048.0000
2026/04/07 12:37:04 - mmengine - INFO - Epoch(train)  [2][2450/5000]  lr: 1.8742e-04  eta: 12:12:27  time: 0.7939  data_time: 0.0133  memory: 17665  grad_norm: nan  loss: 1.5697  loss_heatmap: 0.3730  layer_-1_loss_cls: 0.0902  layer_-1_loss_bbox: 0.4327  matched_ious: 0.5616  aux_depth_loss: 0.6737  sec_per_iter: 0.8270  iters_per_sec: 1.2100  samples_per_sec: 19.3500  samples_per_sec_per_gpu: 4.8400  max_mem_allocated_mb: 664.7000  max_mem_reserved_mb: 22048.0000
2026/04/07 12:37:44 - mmengine - INFO - Epoch(train)  [2][2500/5000]  lr: 1.8905e-04  eta: 12:11:31  time: 0.7962  data_time: 0.0154  memory: 17837  grad_norm: 4.3744  loss: 1.4905  loss_heatmap: 0.3459  layer_-1_loss_cls: 0.0878  layer_-1_loss_bbox: 0.4027  matched_ious: 0.5609  aux_depth_loss: 0.6541  sec_per_iter: 0.8263  iters_per_sec: 1.2100  samples_per_sec: 19.3600  samples_per_sec_per_gpu: 4.8400  max_mem_allocated_mb: 664.7000  max_mem_reserved_mb: 22048.0000
2026/04/07 12:38:24 - mmengine - INFO - Epoch(train)  [2][2550/5000]  lr: 1.9068e-04  eta: 12:10:40  time: 0.8087  data_time: 0.0146  memory: 17684  grad_norm: 4.9255  loss: 1.5181  loss_heatmap: 0.3616  layer_-1_loss_cls: 0.0895  layer_-1_loss_bbox: 0.4103  matched_ious: 0.5171  aux_depth_loss: 0.6568  sec_per_iter: 0.8257  iters_per_sec: 1.2100  samples_per_sec: 19.3800  samples_per_sec_per_gpu: 4.8400  max_mem_allocated_mb: 664.7000  max_mem_reserved_mb: 22048.0000
2026/04/07 12:39:05 - mmengine - INFO - Epoch(train)  [2][2600/5000]  lr: 1.9232e-04  eta: 12:09:50  time: 0.8133  data_time: 0.0136  memory: 17870  grad_norm: 5.1862  loss: 1.4984  loss_heatmap: 0.3586  layer_-1_loss_cls: 0.0892  layer_-1_loss_bbox: 0.3822  matched_ious: 0.5311  aux_depth_loss: 0.6685  sec_per_iter: 0.8254  iters_per_sec: 1.2100  samples_per_sec: 19.3800  samples_per_sec_per_gpu: 4.8500  max_mem_allocated_mb: 664.7000  max_mem_reserved_mb: 22048.0000
2026/04/07 12:39:46 - mmengine - INFO - Epoch(train)  [2][2650/5000]  lr: 1.9397e-04  eta: 12:09:03  time: 0.8220  data_time: 0.0165  memory: 17741  grad_norm: 5.0444  loss: 1.5549  loss_heatmap: 0.3879  layer_-1_loss_cls: 0.0962  layer_-1_loss_bbox: 0.4168  matched_ious: 0.5438  aux_depth_loss: 0.6541  sec_per_iter: 0.8252  iters_per_sec: 1.2100  samples_per_sec: 19.3900  samples_per_sec_per_gpu: 4.8500  max_mem_allocated_mb: 664.7000  max_mem_reserved_mb: 22048.0000
2026/04/07 12:40:27 - mmengine - INFO - Epoch(train)  [2][2700/5000]  lr: 1.9562e-04  eta: 12:08:18  time: 0.8232  data_time: 0.0144  memory: 17845  grad_norm: 5.0431  loss: 1.5806  loss_heatmap: 0.3752  layer_-1_loss_cls: 0.0895  layer_-1_loss_bbox: 0.4430  matched_ious: 0.5394  aux_depth_loss: 0.6729  sec_per_iter: 0.8251  iters_per_sec: 1.2100  samples_per_sec: 19.3900  samples_per_sec_per_gpu: 4.8500  max_mem_allocated_mb: 664.7000  max_mem_reserved_mb: 22048.0000
2026/04/07 12:41:09 - mmengine - INFO - Epoch(train)  [2][2750/5000]  lr: 1.9727e-04  eta: 12:07:36  time: 0.8353  data_time: 0.0160  memory: 17755  grad_norm: 5.2633  loss: 1.4743  loss_heatmap: 0.3395  layer_-1_loss_cls: 0.0846  layer_-1_loss_bbox: 0.3855  matched_ious: 0.5156  aux_depth_loss: 0.6647  sec_per_iter: 0.8251  iters_per_sec: 1.2100  samples_per_sec: 19.3900  samples_per_sec_per_gpu: 4.8500  max_mem_allocated_mb: 664.7000  max_mem_reserved_mb: 22048.0000
2026/04/07 12:41:49 - mmengine - INFO - Epoch(train)  [2][2800/5000]  lr: 1.9893e-04  eta: 12:06:43  time: 0.8026  data_time: 0.0134  memory: 17695  grad_norm: 5.0985  loss: 1.5462  loss_heatmap: 0.3765  layer_-1_loss_cls: 0.0945  layer_-1_loss_bbox: 0.4172  matched_ious: 0.5755  aux_depth_loss: 0.6579  sec_per_iter: 0.8253  iters_per_sec: 1.2100  samples_per_sec: 19.3900  samples_per_sec_per_gpu: 4.8500  max_mem_allocated_mb: 664.7000  max_mem_reserved_mb: 22048.0000
2026/04/07 12:42:30 - mmengine - INFO - Epoch(train)  [2][2850/5000]  lr: 2.0060e-04  eta: 12:05:54  time: 0.8144  data_time: 0.0158  memory: 17782  grad_norm: 5.8478  loss: 1.6113  loss_heatmap: 0.3944  layer_-1_loss_cls: 0.0926  layer_-1_loss_bbox: 0.4389  matched_ious: 0.5202  aux_depth_loss: 0.6854  sec_per_iter: 0.8249  iters_per_sec: 1.2100  samples_per_sec: 19.4000  samples_per_sec_per_gpu: 4.8500  max_mem_allocated_mb: 664.7000  max_mem_reserved_mb: 22048.0000
2026/04/07 12:43:10 - mmengine - INFO - Epoch(train)  [2][2900/5000]  lr: 2.0226e-04  eta: 12:05:02  time: 0.8039  data_time: 0.0148  memory: 17739  grad_norm: 5.8349  loss: 1.5464  loss_heatmap: 0.3688  layer_-1_loss_cls: 0.0953  layer_-1_loss_bbox: 0.3894  matched_ious: 0.5875  aux_depth_loss: 0.6929  sec_per_iter: 0.8247  iters_per_sec: 1.2100  samples_per_sec: 19.4000  samples_per_sec_per_gpu: 4.8500  max_mem_allocated_mb: 664.7000  max_mem_reserved_mb: 22048.0000
2026/04/07 12:43:50 - mmengine - INFO - Epoch(train)  [2][2950/5000]  lr: 2.0394e-04  eta: 12:04:07  time: 0.7929  data_time: 0.0127  memory: 17900  grad_norm: 5.4314  loss: 1.4934  loss_heatmap: 0.3622  layer_-1_loss_cls: 0.0924  layer_-1_loss_bbox: 0.3630  matched_ious: 0.5517  aux_depth_loss: 0.6759  sec_per_iter: 0.8243  iters_per_sec: 1.2100  samples_per_sec: 19.4100  samples_per_sec_per_gpu: 4.8500  max_mem_allocated_mb: 664.7000  max_mem_reserved_mb: 22048.0000
2026/04/07 12:44:30 - mmengine - INFO - Exp name: zod_bevfusion_finetune_20260407_104526
2026/04/07 12:44:30 - mmengine - INFO - Epoch(train)  [2][3000/5000]  lr: 2.0561e-04  eta: 12:03:17  time: 0.8093  data_time: 0.0135  memory: 17677  grad_norm: 4.6429  loss: 1.5700  loss_heatmap: 0.3719  layer_-1_loss_cls: 0.0911  layer_-1_loss_bbox: 0.4413  matched_ious: 0.5819  aux_depth_loss: 0.6657  sec_per_iter: 0.8238  iters_per_sec: 1.2100  samples_per_sec: 19.4200  samples_per_sec_per_gpu: 4.8600  max_mem_allocated_mb: 664.7000  max_mem_reserved_mb: 22048.0000
2026/04/07 12:45:13 - mmengine - INFO - Epoch(train)  [2][3050/5000]  lr: 2.0730e-04  eta: 12:02:41  time: 0.8544  data_time: 0.0124  memory: 17818  grad_norm: 4.8852  loss: 1.5470  loss_heatmap: 0.3767  layer_-1_loss_cls: 0.0931  layer_-1_loss_bbox: 0.4096  matched_ious: 0.5170  aux_depth_loss: 0.6677  sec_per_iter: 0.8235  iters_per_sec: 1.2100  samples_per_sec: 19.4300  samples_per_sec_per_gpu: 4.8600  max_mem_allocated_mb: 664.7000  max_mem_reserved_mb: 22048.0000
2026/04/07 12:45:53 - mmengine - INFO - Epoch(train)  [2][3100/5000]  lr: 2.0898e-04  eta: 12:01:49  time: 0.8027  data_time: 0.0137  memory: 17827  grad_norm: 5.3806  loss: 1.5432  loss_heatmap: 0.3604  layer_-1_loss_cls: 0.0929  layer_-1_loss_bbox: 0.4054  matched_ious: 0.5571  aux_depth_loss: 0.6846  sec_per_iter: 0.8240  iters_per_sec: 1.2100  samples_per_sec: 19.4200  samples_per_sec_per_gpu: 4.8500  max_mem_allocated_mb: 664.7000  max_mem_reserved_mb: 22048.0000
2026/04/07 12:46:32 - mmengine - INFO - Epoch(train)  [2][3150/5000]  lr: 2.1067e-04  eta: 12:00:54  time: 0.7916  data_time: 0.0139  memory: 17843  grad_norm: 4.7005  loss: 1.4964  loss_heatmap: 0.3624  layer_-1_loss_cls: 0.0911  layer_-1_loss_bbox: 0.3942  matched_ious: 0.5674  aux_depth_loss: 0.6487  sec_per_iter: 0.8237  iters_per_sec: 1.2100  samples_per_sec: 19.4200  samples_per_sec_per_gpu: 4.8600  max_mem_allocated_mb: 664.7000  max_mem_reserved_mb: 22048.0000
2026/04/07 12:47:13 - mmengine - INFO - Epoch(train)  [2][3200/5000]  lr: 2.1237e-04  eta: 12:00:02  time: 0.8033  data_time: 0.0184  memory: 17936  grad_norm: 5.3282  loss: 1.5125  loss_heatmap: 0.3619  layer_-1_loss_cls: 0.0906  layer_-1_loss_bbox: 0.4009  matched_ious: 0.5148  aux_depth_loss: 0.6591  sec_per_iter: 0.8232  iters_per_sec: 1.2100  samples_per_sec: 19.4400  samples_per_sec_per_gpu: 4.8600  max_mem_allocated_mb: 664.7000  max_mem_reserved_mb: 22048.0000
2026/04/07 12:47:55 - mmengine - INFO - Epoch(train)  [2][3250/5000]  lr: 2.1406e-04  eta: 11:59:27  time: 0.8544  data_time: 0.0175  memory: 17838  grad_norm: 5.5829  loss: 1.5068  loss_heatmap: 0.3580  layer_-1_loss_cls: 0.0934  layer_-1_loss_bbox: 0.3795  matched_ious: 0.5637  aux_depth_loss: 0.6760  sec_per_iter: 0.8229  iters_per_sec: 1.2200  samples_per_sec: 19.4400  samples_per_sec_per_gpu: 4.8600  max_mem_allocated_mb: 664.7000  max_mem_reserved_mb: 22048.0000
2026/04/07 12:48:37 - mmengine - INFO - Epoch(train)  [2][3300/5000]  lr: 2.1576e-04  eta: 11:58:43  time: 0.8251  data_time: 0.0132  memory: 17761  grad_norm: 4.2345  loss: 1.4914  loss_heatmap: 0.3646  layer_-1_loss_cls: 0.0871  layer_-1_loss_bbox: 0.3946  matched_ious: 0.5302  aux_depth_loss: 0.6450  sec_per_iter: 0.8234  iters_per_sec: 1.2100  samples_per_sec: 19.4300  samples_per_sec_per_gpu: 4.8600  max_mem_allocated_mb: 664.7000  max_mem_reserved_mb: 22048.0000
2026/04/07 12:49:18 - mmengine - INFO - Epoch(train)  [2][3350/5000]  lr: 2.1747e-04  eta: 11:58:01  time: 0.8340  data_time: 0.0139  memory: 17799  grad_norm: 5.2697  loss: 1.5819  loss_heatmap: 0.3896  layer_-1_loss_cls: 0.0969  layer_-1_loss_bbox: 0.4293  matched_ious: 0.4638  aux_depth_loss: 0.6660  sec_per_iter: 0.8234  iters_per_sec: 1.2100  samples_per_sec: 19.4300  samples_per_sec_per_gpu: 4.8600  max_mem_allocated_mb: 664.7000  max_mem_reserved_mb: 22048.0000
2026/04/07 12:50:01 - mmengine - INFO - Epoch(train)  [2][3400/5000]  lr: 2.1918e-04  eta: 11:57:23  time: 0.8474  data_time: 0.0136  memory: 17907  grad_norm: 4.9363  loss: 1.4961  loss_heatmap: 0.3570  layer_-1_loss_cls: 0.0922  layer_-1_loss_bbox: 0.3778  matched_ious: 0.5120  aux_depth_loss: 0.6691  sec_per_iter: 0.8236  iters_per_sec: 1.2100  samples_per_sec: 19.4300  samples_per_sec_per_gpu: 4.8600  max_mem_allocated_mb: 664.7000  max_mem_reserved_mb: 22048.0000
2026/04/07 12:50:41 - mmengine - INFO - Epoch(train)  [2][3450/5000]  lr: 2.2089e-04  eta: 11:56:34  time: 0.8085  data_time: 0.0139  memory: 17709  grad_norm: 5.0648  loss: 1.4978  loss_heatmap: 0.3489  layer_-1_loss_cls: 0.0912  layer_-1_loss_bbox: 0.3917  matched_ious: 0.5797  aux_depth_loss: 0.6660  sec_per_iter: 0.8239  iters_per_sec: 1.2100  samples_per_sec: 19.4200  samples_per_sec_per_gpu: 4.8500  max_mem_allocated_mb: 664.7000  max_mem_reserved_mb: 22048.0000
2026/04/07 12:51:22 - mmengine - INFO - Epoch(train)  [2][3500/5000]  lr: 2.2261e-04  eta: 11:55:47  time: 0.8161  data_time: 0.0123  memory: 17725  grad_norm: 4.8996  loss: 1.4848  loss_heatmap: 0.3483  layer_-1_loss_cls: 0.0875  layer_-1_loss_bbox: 0.3899  matched_ious: 0.5430  aux_depth_loss: 0.6591  sec_per_iter: 0.8237  iters_per_sec: 1.2100  samples_per_sec: 19.4200  samples_per_sec_per_gpu: 4.8600  max_mem_allocated_mb: 664.7000  max_mem_reserved_mb: 22048.0000
2026/04/07 12:52:02 - mmengine - INFO - Epoch(train)  [2][3550/5000]  lr: 2.2433e-04  eta: 11:54:56  time: 0.8034  data_time: 0.0146  memory: 17708  grad_norm: 4.8893  loss: 1.5277  loss_heatmap: 0.3670  layer_-1_loss_cls: 0.0896  layer_-1_loss_bbox: 0.4231  matched_ious: 0.5537  aux_depth_loss: 0.6480  sec_per_iter: 0.8236  iters_per_sec: 1.2100  samples_per_sec: 19.4300  samples_per_sec_per_gpu: 4.8600  max_mem_allocated_mb: 664.7000  max_mem_reserved_mb: 22048.0000
2026/04/07 12:52:43 - mmengine - INFO - Epoch(train)  [2][3600/5000]  lr: 2.2605e-04  eta: 11:54:09  time: 0.8159  data_time: 0.0130  memory: 17986  grad_norm: 5.1889  loss: 1.5481  loss_heatmap: 0.3898  layer_-1_loss_cls: 0.0976  layer_-1_loss_bbox: 0.4092  matched_ious: 0.5490  aux_depth_loss: 0.6515  sec_per_iter: 0.8233  iters_per_sec: 1.2100  samples_per_sec: 19.4300  samples_per_sec_per_gpu: 4.8600  max_mem_allocated_mb: 664.7000  max_mem_reserved_mb: 22048.0000
2026/04/07 12:53:23 - mmengine - INFO - Epoch(train)  [2][3650/5000]  lr: 2.2777e-04  eta: 11:53:17  time: 0.8011  data_time: 0.0149  memory: 17895  grad_norm: 5.1904  loss: 1.6020  loss_heatmap: 0.4010  layer_-1_loss_cls: 0.0934  layer_-1_loss_bbox: 0.4526  matched_ious: 0.5564  aux_depth_loss: 0.6550  sec_per_iter: 0.8232  iters_per_sec: 1.2100  samples_per_sec: 19.4400  samples_per_sec_per_gpu: 4.8600  max_mem_allocated_mb: 664.7000  max_mem_reserved_mb: 22048.0000
2026/04/07 12:54:04 - mmengine - INFO - Epoch(train)  [2][3700/5000]  lr: 2.2950e-04  eta: 11:52:30  time: 0.8130  data_time: 0.0135  memory: 17770  grad_norm: 4.5520  loss: 1.4994  loss_heatmap: 0.3608  layer_-1_loss_cls: 0.0850  layer_-1_loss_bbox: 0.4207  matched_ious: 0.5864  aux_depth_loss: 0.6329  sec_per_iter: 0.8229  iters_per_sec: 1.2200  samples_per_sec: 19.4400  samples_per_sec_per_gpu: 4.8600  max_mem_allocated_mb: 664.7000  max_mem_reserved_mb: 22048.0000
2026/04/07 12:54:44 - mmengine - INFO - Epoch(train)  [2][3750/5000]  lr: 2.3123e-04  eta: 11:51:38  time: 0.8001  data_time: 0.0198  memory: 17663  grad_norm: 6.1361  loss: 1.5388  loss_heatmap: 0.3695  layer_-1_loss_cls: 0.0939  layer_-1_loss_bbox: 0.4057  matched_ious: 0.5538  aux_depth_loss: 0.6696  sec_per_iter: 0.8228  iters_per_sec: 1.2200  samples_per_sec: 19.4500  samples_per_sec_per_gpu: 4.8600  max_mem_allocated_mb: 664.7000  max_mem_reserved_mb: 22048.0000
2026/04/07 12:55:24 - mmengine - INFO - Epoch(train)  [2][3800/5000]  lr: 2.3296e-04  eta: 11:50:47  time: 0.8000  data_time: 0.0149  memory: 17698  grad_norm: 5.4709  loss: 1.5707  loss_heatmap: 0.3693  layer_-1_loss_cls: 0.0893  layer_-1_loss_bbox: 0.4445  matched_ious: 0.5362  aux_depth_loss: 0.6676  sec_per_iter: 0.8225  iters_per_sec: 1.2200  samples_per_sec: 19.4500  samples_per_sec_per_gpu: 4.8600  max_mem_allocated_mb: 664.7000  max_mem_reserved_mb: 22048.0000
2026/04/07 12:56:03 - mmengine - INFO - Epoch(train)  [2][3850/5000]  lr: 2.3470e-04  eta: 11:49:55  time: 0.7981  data_time: 0.0136  memory: 17721  grad_norm: 4.7326  loss: 1.5195  loss_heatmap: 0.3654  layer_-1_loss_cls: 0.0939  layer_-1_loss_bbox: 0.3983  matched_ious: 0.5108  aux_depth_loss: 0.6618  sec_per_iter: 0.8222  iters_per_sec: 1.2200  samples_per_sec: 19.4600  samples_per_sec_per_gpu: 4.8700  max_mem_allocated_mb: 664.7000  max_mem_reserved_mb: 22048.0000
2026/04/07 12:56:44 - mmengine - INFO - Epoch(train)  [2][3900/5000]  lr: 2.3644e-04  eta: 11:49:10  time: 0.8190  data_time: 0.0189  memory: 17764  grad_norm: 4.7091  loss: 1.4795  loss_heatmap: 0.3524  layer_-1_loss_cls: 0.0879  layer_-1_loss_bbox: 0.4000  matched_ious: 0.6062  aux_depth_loss: 0.6391  sec_per_iter: 0.8218  iters_per_sec: 1.2200  samples_per_sec: 19.4700  samples_per_sec_per_gpu: 4.8700  max_mem_allocated_mb: 664.7000  max_mem_reserved_mb: 22048.0000
2026/04/07 12:57:24 - mmengine - INFO - Epoch(train)  [2][3950/5000]  lr: 2.3818e-04  eta: 11:48:19  time: 0.8021  data_time: 0.0202  memory: 17666  grad_norm: 5.5976  loss: 1.5788  loss_heatmap: 0.3950  layer_-1_loss_cls: 0.0923  layer_-1_loss_bbox: 0.4393  matched_ious: 0.5210  aux_depth_loss: 0.6522  sec_per_iter: 0.8218  iters_per_sec: 1.2200  samples_per_sec: 19.4700  samples_per_sec_per_gpu: 4.8700  max_mem_allocated_mb: 664.7000  max_mem_reserved_mb: 22048.0000
2026/04/07 12:58:04 - mmengine - INFO - Exp name: zod_bevfusion_finetune_20260407_104526
2026/04/07 12:58:04 - mmengine - INFO - Epoch(train)  [2][4000/5000]  lr: 2.3992e-04  eta: 11:47:26  time: 0.7928  data_time: 0.0156  memory: 17772  grad_norm: 5.0868  loss: 1.5401  loss_heatmap: 0.3731  layer_-1_loss_cls: 0.0951  layer_-1_loss_bbox: 0.4086  matched_ious: 0.5862  aux_depth_loss: 0.6633  sec_per_iter: 0.8216  iters_per_sec: 1.2200  samples_per_sec: 19.4800  samples_per_sec_per_gpu: 4.8700  max_mem_allocated_mb: 664.7000  max_mem_reserved_mb: 22048.0000
2026/04/07 12:58:44 - mmengine - INFO - Epoch(train)  [2][4050/5000]  lr: 2.4167e-04  eta: 11:46:37  time: 0.8046  data_time: 0.0173  memory: 17692  grad_norm: 4.6563  loss: 1.5501  loss_heatmap: 0.3879  layer_-1_loss_cls: 0.0966  layer_-1_loss_bbox: 0.4335  matched_ious: 0.5463  aux_depth_loss: 0.6321  sec_per_iter: 0.8212  iters_per_sec: 1.2200  samples_per_sec: 19.4800  samples_per_sec_per_gpu: 4.8700  max_mem_allocated_mb: 664.7000  max_mem_reserved_mb: 22048.0000
2026/04/07 12:59:25 - mmengine - INFO - Epoch(train)  [2][4100/5000]  lr: 2.4342e-04  eta: 11:45:48  time: 0.8072  data_time: 0.0166  memory: 17793  grad_norm: 5.4851  loss: 1.5027  loss_heatmap: 0.3680  layer_-1_loss_cls: 0.0959  layer_-1_loss_bbox: 0.3860  matched_ious: 0.5108  aux_depth_loss: 0.6529  sec_per_iter: 0.8210  iters_per_sec: 1.2200  samples_per_sec: 19.4900  samples_per_sec_per_gpu: 4.8700  max_mem_allocated_mb: 664.7000  max_mem_reserved_mb: 22048.0000
2026/04/07 13:00:04 - mmengine - INFO - Epoch(train)  [2][4150/5000]  lr: 2.4517e-04  eta: 11:44:57  time: 0.7949  data_time: 0.0131  memory: 17904  grad_norm: 4.3089  loss: 1.4469  loss_heatmap: 0.3526  layer_-1_loss_cls: 0.0911  layer_-1_loss_bbox: 0.3841  matched_ious: 0.5877  aux_depth_loss: 0.6191  sec_per_iter: 0.8208  iters_per_sec: 1.2200  samples_per_sec: 19.4900  samples_per_sec_per_gpu: 4.8700  max_mem_allocated_mb: 664.7000  max_mem_reserved_mb: 22048.0000
2026/04/07 13:00:46 - mmengine - INFO - Epoch(train)  [2][4200/5000]  lr: 2.4692e-04  eta: 11:44:12  time: 0.8220  data_time: 0.0129  memory: 17857  grad_norm: 5.3345  loss: 1.4939  loss_heatmap: 0.3724  layer_-1_loss_cls: 0.0949  layer_-1_loss_bbox: 0.3961  matched_ious: 0.5217  aux_depth_loss: 0.6305  sec_per_iter: 0.8205  iters_per_sec: 1.2200  samples_per_sec: 19.5000  samples_per_sec_per_gpu: 4.8700  max_mem_allocated_mb: 664.7000  max_mem_reserved_mb: 22048.0000
2026/04/07 13:01:27 - mmengine - INFO - Epoch(train)  [2][4250/5000]  lr: 2.4867e-04  eta: 11:43:31  time: 0.8338  data_time: 0.0158  memory: 17726  grad_norm: 4.3160  loss: 1.5209  loss_heatmap: 0.3741  layer_-1_loss_cls: 0.0936  layer_-1_loss_bbox: 0.4173  matched_ious: 0.5796  aux_depth_loss: 0.6358  sec_per_iter: 0.8205  iters_per_sec: 1.2200  samples_per_sec: 19.5000  samples_per_sec_per_gpu: 4.8700  max_mem_allocated_mb: 664.7000  max_mem_reserved_mb: 22048.0000
2026/04/07 13:02:07 - mmengine - INFO - Epoch(train)  [2][4300/5000]  lr: 2.5042e-04  eta: 11:42:42  time: 0.8027  data_time: 0.0142  memory: 17719  grad_norm: 5.0389  loss: 1.5145  loss_heatmap: 0.3874  layer_-1_loss_cls: 0.0949  layer_-1_loss_bbox: 0.3982  matched_ious: 0.5752  aux_depth_loss: 0.6340  sec_per_iter: 0.8207  iters_per_sec: 1.2200  samples_per_sec: 19.5000  samples_per_sec_per_gpu: 4.8700  max_mem_allocated_mb: 664.7000  max_mem_reserved_mb: 22048.0000
2026/04/07 13:02:47 - mmengine - INFO - Epoch(train)  [2][4350/5000]  lr: 2.5218e-04  eta: 11:41:51  time: 0.7987  data_time: 0.0132  memory: 17843  grad_norm: 4.1081  loss: 1.5046  loss_heatmap: 0.3778  layer_-1_loss_cls: 0.0920  layer_-1_loss_bbox: 0.3982  matched_ious: 0.5798  aux_depth_loss: 0.6367  sec_per_iter: 0.8205  iters_per_sec: 1.2200  samples_per_sec: 19.5000  samples_per_sec_per_gpu: 4.8800  max_mem_allocated_mb: 664.7000  max_mem_reserved_mb: 22048.0000
2026/04/07 13:03:30 - mmengine - INFO - Epoch(train)  [2][4400/5000]  lr: 2.5394e-04  eta: 11:41:18  time: 0.8625  data_time: 0.0158  memory: 17907  grad_norm: 4.7579  loss: 1.5252  loss_heatmap: 0.3889  layer_-1_loss_cls: 0.0930  layer_-1_loss_bbox: 0.4242  matched_ious: 0.5181  aux_depth_loss: 0.6191  sec_per_iter: 0.8202  iters_per_sec: 1.2200  samples_per_sec: 19.5100  samples_per_sec_per_gpu: 4.8800  max_mem_allocated_mb: 664.7000  max_mem_reserved_mb: 22048.0000
2026/04/07 13:04:10 - mmengine - INFO - Epoch(train)  [2][4450/5000]  lr: 2.5570e-04  eta: 11:40:27  time: 0.7964  data_time: 0.0162  memory: 17687  grad_norm: 4.8144  loss: 1.5039  loss_heatmap: 0.3808  layer_-1_loss_cls: 0.0980  layer_-1_loss_bbox: 0.4121  matched_ious: 0.5658  aux_depth_loss: 0.6131  sec_per_iter: 0.8207  iters_per_sec: 1.2200  samples_per_sec: 19.5000  samples_per_sec_per_gpu: 4.8700  max_mem_allocated_mb: 664.7000  max_mem_reserved_mb: 22048.0000
2026/04/07 13:04:51 - mmengine - INFO - Epoch(train)  [2][4500/5000]  lr: 2.5746e-04  eta: 11:39:43  time: 0.8207  data_time: 0.0160  memory: 17919  grad_norm: 5.8892  loss: 1.5328  loss_heatmap: 0.3695  layer_-1_loss_cls: 0.0907  layer_-1_loss_bbox: 0.3999  matched_ious: 0.5602  aux_depth_loss: 0.6728  sec_per_iter: 0.8205  iters_per_sec: 1.2200  samples_per_sec: 19.5000  samples_per_sec_per_gpu: 4.8800  max_mem_allocated_mb: 664.7000  max_mem_reserved_mb: 22048.0000
2026/04/07 13:05:32 - mmengine - INFO - Epoch(train)  [2][4550/5000]  lr: 2.5922e-04  eta: 11:38:57  time: 0.8171  data_time: 0.0168  memory: 17821  grad_norm: 5.0022  loss: 1.5920  loss_heatmap: 0.3809  layer_-1_loss_cls: 0.0894  layer_-1_loss_bbox: 0.4715  matched_ious: 0.5903  aux_depth_loss: 0.6503  sec_per_iter: 0.8204  iters_per_sec: 1.2200  samples_per_sec: 19.5000  samples_per_sec_per_gpu: 4.8800  max_mem_allocated_mb: 664.7000  max_mem_reserved_mb: 22048.0000
2026/04/07 13:06:14 - mmengine - INFO - Epoch(train)  [2][4600/5000]  lr: 2.6098e-04  eta: 11:38:19  time: 0.8430  data_time: 0.0155  memory: 17947  grad_norm: 4.7618  loss: 1.5307  loss_heatmap: 0.3686  layer_-1_loss_cls: 0.0907  layer_-1_loss_bbox: 0.4265  matched_ious: 0.5331  aux_depth_loss: 0.6450  sec_per_iter: 0.8204  iters_per_sec: 1.2200  samples_per_sec: 19.5000  samples_per_sec_per_gpu: 4.8800  max_mem_allocated_mb: 664.7000  max_mem_reserved_mb: 22048.0000
2026/04/07 13:06:55 - mmengine - INFO - Epoch(train)  [2][4650/5000]  lr: 2.6274e-04  eta: 11:37:31  time: 0.8069  data_time: 0.0172  memory: 17800  grad_norm: 5.2540  loss: 1.5320  loss_heatmap: 0.3820  layer_-1_loss_cls: 0.0920  layer_-1_loss_bbox: 0.4312  matched_ious: 0.5265  aux_depth_loss: 0.6267  sec_per_iter: 0.8207  iters_per_sec: 1.2200  samples_per_sec: 19.5000  samples_per_sec_per_gpu: 4.8700  max_mem_allocated_mb: 664.7000  max_mem_reserved_mb: 22048.0000
2026/04/07 13:07:35 - mmengine - INFO - Epoch(train)  [2][4700/5000]  lr: 2.6451e-04  eta: 11:36:43  time: 0.8090  data_time: 0.0145  memory: 17894  grad_norm: 5.5574  loss: 1.5586  loss_heatmap: 0.3685  layer_-1_loss_cls: 0.0875  layer_-1_loss_bbox: 0.4562  matched_ious: 0.5225  aux_depth_loss: 0.6463  sec_per_iter: 0.8205  iters_per_sec: 1.2200  samples_per_sec: 19.5000  samples_per_sec_per_gpu: 4.8800  max_mem_allocated_mb: 664.7000  max_mem_reserved_mb: 22048.0000
2026/04/07 13:08:16 - mmengine - INFO - Epoch(train)  [2][4750/5000]  lr: 2.6627e-04  eta: 11:36:00  time: 0.8250  data_time: 0.0133  memory: 17839  grad_norm: 4.7827  loss: 1.5726  loss_heatmap: 0.3998  layer_-1_loss_cls: 0.0976  layer_-1_loss_bbox: 0.4316  matched_ious: 0.5536  aux_depth_loss: 0.6436  sec_per_iter: 0.8204  iters_per_sec: 1.2200  samples_per_sec: 19.5000  samples_per_sec_per_gpu: 4.8800  max_mem_allocated_mb: 664.7000  max_mem_reserved_mb: 22048.0000
2026/04/07 13:08:57 - mmengine - INFO - Epoch(train)  [2][4800/5000]  lr: 2.6804e-04  eta: 11:35:13  time: 0.8091  data_time: 0.0134  memory: 17959  grad_norm: 4.3967  loss: 1.4721  loss_heatmap: 0.3741  layer_-1_loss_cls: 0.0958  layer_-1_loss_bbox: 0.3948  matched_ious: 0.5574  aux_depth_loss: 0.6073  sec_per_iter: 0.8204  iters_per_sec: 1.2200  samples_per_sec: 19.5000  samples_per_sec_per_gpu: 4.8800  max_mem_allocated_mb: 664.7000  max_mem_reserved_mb: 22048.0000
2026/04/07 13:09:37 - mmengine - INFO - Epoch(train)  [2][4850/5000]  lr: 2.6980e-04  eta: 11:34:25  time: 0.8039  data_time: 0.0132  memory: 17723  grad_norm: 5.1709  loss: 1.5493  loss_heatmap: 0.4003  layer_-1_loss_cls: 0.1003  layer_-1_loss_bbox: 0.4125  matched_ious: 0.6031  aux_depth_loss: 0.6362  sec_per_iter: 0.8203  iters_per_sec: 1.2200  samples_per_sec: 19.5000  samples_per_sec_per_gpu: 4.8800  max_mem_allocated_mb: 664.7000  max_mem_reserved_mb: 22048.0000
2026/04/07 13:10:18 - mmengine - INFO - Epoch(train)  [2][4900/5000]  lr: 2.7157e-04  eta: 11:33:42  time: 0.8274  data_time: 0.0157  memory: 17844  grad_norm: 5.1722  loss: 1.5040  loss_heatmap: 0.3649  layer_-1_loss_cls: 0.0954  layer_-1_loss_bbox: 0.3875  matched_ious: 0.5548  aux_depth_loss: 0.6561  sec_per_iter: 0.8201  iters_per_sec: 1.2200  samples_per_sec: 19.5100  samples_per_sec_per_gpu: 4.8800  max_mem_allocated_mb: 664.7000  max_mem_reserved_mb: 22048.0000
2026/04/07 13:10:59 - mmengine - INFO - Epoch(train)  [2][4950/5000]  lr: 2.7333e-04  eta: 11:32:57  time: 0.8176  data_time: 0.0170  memory: 17950  grad_norm: 5.2152  loss: 1.5008  loss_heatmap: 0.3793  layer_-1_loss_cls: 0.0959  layer_-1_loss_bbox: 0.3776  matched_ious: 0.5998  aux_depth_loss: 0.6480  sec_per_iter: 0.8202  iters_per_sec: 1.2200  samples_per_sec: 19.5100  samples_per_sec_per_gpu: 4.8800  max_mem_allocated_mb: 664.7000  max_mem_reserved_mb: 22048.0000
2026/04/07 13:11:42 - mmengine - INFO - Exp name: zod_bevfusion_finetune_20260407_104526
2026/04/07 13:11:42 - mmengine - INFO - Epoch(train)  [2][5000/5000]  lr: 2.7510e-04  eta: 11:32:21  time: 0.8501  data_time: 0.0127  memory: 17732  grad_norm: 4.9738  loss: 1.5037  loss_heatmap: 0.3746  layer_-1_loss_cls: 0.0944  layer_-1_loss_bbox: 0.3918  matched_ious: 0.5790  aux_depth_loss: 0.6430  sec_per_iter: 0.8202  iters_per_sec: 1.2200  samples_per_sec: 19.5100  samples_per_sec_per_gpu: 4.8800  max_mem_allocated_mb: 664.7000  max_mem_reserved_mb: 22048.0000
2026/04/07 13:11:42 - mmengine - INFO - [Efficiency] Epoch 2: wall=4102.5s  iters=5000  sec/iter=0.820  mem_alloc=665MB  mem_rsv=22048MB
2026/04/07 13:11:42 - mmengine - INFO - Saving checkpoint at 2 epochs
2026/04/07 13:11:57 - mmengine - INFO - Epoch(val)  [2][  50/1250]    eta: 0:04:47  time: 0.2398  data_time: 0.0090  memory: 4779  
2026/04/07 13:12:09 - mmengine - INFO - Epoch(val)  [2][ 100/1250]    eta: 0:04:35  time: 0.2395  data_time: 0.0057  memory: 4784  
2026/04/07 13:12:21 - mmengine - INFO - Epoch(val)  [2][ 150/1250]    eta: 0:04:21  time: 0.2352  data_time: 0.0054  memory: 4788  
2026/04/07 13:12:33 - mmengine - INFO - Epoch(val)  [2][ 200/1250]    eta: 0:04:09  time: 0.2352  data_time: 0.0054  memory: 4785  
2026/04/07 13:12:44 - mmengine - INFO - Epoch(val)  [2][ 250/1250]    eta: 0:03:57  time: 0.2364  data_time: 0.0054  memory: 4775  
2026/04/07 13:12:56 - mmengine - INFO - Epoch(val)  [2][ 300/1250]    eta: 0:03:45  time: 0.2366  data_time: 0.0058  memory: 4783  
2026/04/07 13:13:08 - mmengine - INFO - Epoch(val)  [2][ 350/1250]    eta: 0:03:33  time: 0.2361  data_time: 0.0054  memory: 4785  
2026/04/07 13:13:20 - mmengine - INFO - Epoch(val)  [2][ 400/1250]    eta: 0:03:21  time: 0.2422  data_time: 0.0055  memory: 4775  
2026/04/07 13:13:32 - mmengine - INFO - Epoch(val)  [2][ 450/1250]    eta: 0:03:10  time: 0.2412  data_time: 0.0052  memory: 4779  
2026/04/07 13:13:44 - mmengine - INFO - Epoch(val)  [2][ 500/1250]    eta: 0:02:58  time: 0.2408  data_time: 0.0059  memory: 4778  
2026/04/07 13:13:56 - mmengine - INFO - Epoch(val)  [2][ 550/1250]    eta: 0:02:46  time: 0.2394  data_time: 0.0054  memory: 4778  
2026/04/07 13:14:08 - mmengine - INFO - Epoch(val)  [2][ 600/1250]    eta: 0:02:34  time: 0.2391  data_time: 0.0057  memory: 4782  
2026/04/07 13:14:20 - mmengine - INFO - Epoch(val)  [2][ 650/1250]    eta: 0:02:22  time: 0.2356  data_time: 0.0057  memory: 4782  
2026/04/07 13:14:32 - mmengine - INFO - Epoch(val)  [2][ 700/1250]    eta: 0:02:11  time: 0.2377  data_time: 0.0056  memory: 4779  
2026/04/07 13:14:44 - mmengine - INFO - Epoch(val)  [2][ 750/1250]    eta: 0:01:59  time: 0.2397  data_time: 0.0056  memory: 4781  
2026/04/07 13:14:56 - mmengine - INFO - Epoch(val)  [2][ 800/1250]    eta: 0:01:47  time: 0.2340  data_time: 0.0067  memory: 4776  
2026/04/07 13:15:07 - mmengine - INFO - Epoch(val)  [2][ 850/1250]    eta: 0:01:35  time: 0.2311  data_time: 0.0057  memory: 4781  
2026/04/07 13:15:19 - mmengine - INFO - Epoch(val)  [2][ 900/1250]    eta: 0:01:23  time: 0.2379  data_time: 0.0066  memory: 4786  
2026/04/07 13:15:31 - mmengine - INFO - Epoch(val)  [2][ 950/1250]    eta: 0:01:11  time: 0.2355  data_time: 0.0055  memory: 4782  
2026/04/07 13:15:43 - mmengine - INFO - Epoch(val)  [2][1000/1250]    eta: 0:00:59  time: 0.2435  data_time: 0.0055  memory: 4785  
2026/04/07 13:15:56 - mmengine - INFO - Epoch(val)  [2][1050/1250]    eta: 0:00:47  time: 0.2543  data_time: 0.0062  memory: 4785  
2026/04/07 13:16:08 - mmengine - INFO - Epoch(val)  [2][1100/1250]    eta: 0:00:35  time: 0.2509  data_time: 0.0058  memory: 4785  
2026/04/07 13:16:20 - mmengine - INFO - Epoch(val)  [2][1150/1250]    eta: 0:00:23  time: 0.2413  data_time: 0.0059  memory: 4780  
2026/04/07 13:16:32 - mmengine - INFO - Epoch(val)  [2][1200/1250]    eta: 0:00:11  time: 0.2377  data_time: 0.0056  memory: 4778  
2026/04/07 13:16:44 - mmengine - INFO - Epoch(val)  [2][1250/1250]    eta: 0:00:00  time: 0.2414  data_time: 0.0056  memory: 4782  
2026/04/07 13:17:58 - mmengine - INFO - 
+------------+---------+---------+---------+---------+
| classes    | AP_0.25 | AR_0.25 | AP_0.50 | AR_0.50 |
+------------+---------+---------+---------+---------+
| pedestrian | 0.7690  | 0.9347  | 0.5259  | 0.6924  |
+------------+---------+---------+---------+---------+
| Overall    | 0.7690  | 0.9347  | 0.5259  | 0.6924  |
+------------+---------+---------+---------+---------+
2026/04/07 13:18:27 - mmengine - INFO - 
+------------+---------+---------+---------+---------+---------+---------+---------+---------+
| classes    | AP_0.5m | AR_0.5m | AP_1.0m | AR_1.0m | AP_2.0m | AR_2.0m | AP_4.0m | AR_4.0m |
+------------+---------+---------+---------+---------+---------+---------+---------+---------+
| pedestrian | 0.7912  | 0.9640  | 0.7993  | 0.9720  | 0.8039  | 0.9761  | 0.8100  | 0.9823  |
+------------+---------+---------+---------+---------+---------+---------+---------+---------+
| Overall    | 0.7912  | 0.9640  | 0.7993  | 0.9720  | 0.8039  | 0.9761  | 0.8100  | 0.9823  |
+------------+---------+---------+---------+---------+---------+---------+---------+---------+
2026/04/07 13:18:28 - mmengine - INFO - Epoch(val) [2][1250/1250]    pedestrian_AP_0.25: 0.7690  mAP_0.25: 0.7690  pedestrian_rec_0.25: 0.9347  mAR_0.25: 0.9347  pedestrian_AP_0.50: 0.5259  mAP_0.50: 0.5259  pedestrian_rec_0.50: 0.6924  mAR_0.50: 0.6924  pedestrian_AP_0.5m: 0.7912  pedestrian_rec_0.5m: 0.9640  pedestrian_AP_1.0m: 0.7993  pedestrian_rec_1.0m: 0.9720  pedestrian_AP_2.0m: 0.8039  pedestrian_rec_2.0m: 0.9761  pedestrian_AP_4.0m: 0.8100  pedestrian_rec_4.0m: 0.9823  mAP_0.5m: 0.7912  mAR_0.5m: 0.9640  mAP_1.0m: 0.7993  mAR_1.0m: 0.9720  mAP_2.0m: 0.8039  mAR_2.0m: 0.9761  mAP_4.0m: 0.8100  mAR_4.0m: 0.9823  data_time: 0.0058  time: 0.2393
2026/04/07 13:18:28 - mmengine - INFO - The previous best checkpoint /home/users/u103958/projects/multimodal-MoE/outputs/runs/zod_bevfusion_finetune/bevfusion-finetune_4456392/best_mAP_0.50_epoch_1.pth is removed
2026/04/07 13:18:31 - mmengine - INFO - The best checkpoint with 0.5259 mAP_0.50 at 2 epoch is saved to best_mAP_0.50_epoch_2.pth.
2026/04/07 13:19:14 - mmengine - INFO - Epoch(train)  [3][  50/5000]  lr: 2.7687e-04  eta: 11:31:38  time: 0.8259  data_time: 0.0196  memory: 17786  grad_norm: 4.4556  loss: 1.5612  loss_heatmap: 0.4020  layer_-1_loss_cls: 0.0985  layer_-1_loss_bbox: 0.4474  matched_ious: 0.5233  aux_depth_loss: 0.6133  sec_per_iter: 0.8205  iters_per_sec: 1.2200  samples_per_sec: 19.5000  samples_per_sec_per_gpu: 4.8800  max_mem_allocated_mb: 664.7000  max_mem_reserved_mb: 22048.0000
2026/04/07 13:19:55 - mmengine - INFO - Epoch(train)  [3][ 100/5000]  lr: 2.7863e-04  eta: 11:30:58  time: 0.8363  data_time: 0.0144  memory: 18031  grad_norm: 4.8384  loss: 1.4317  loss_heatmap: 0.3446  layer_-1_loss_cls: 0.0898  layer_-1_loss_bbox: 0.3874  matched_ious: 0.5950  aux_depth_loss: 0.6098  sec_per_iter: 0.8272  iters_per_sec: 1.2100  samples_per_sec: 19.3400  samples_per_sec_per_gpu: 4.8400  max_mem_allocated_mb: 664.7000  max_mem_reserved_mb: 22048.0000
2026/04/07 13:20:39 - mmengine - INFO - Epoch(train)  [3][ 150/5000]  lr: 2.8040e-04  eta: 11:30:27  time: 0.8726  data_time: 0.0152  memory: 17740  grad_norm: 5.4277  loss: 1.5075  loss_heatmap: 0.3743  layer_-1_loss_cls: 0.0917  layer_-1_loss_bbox: 0.3971  matched_ious: 0.6039  aux_depth_loss: 0.6444  sec_per_iter: 0.8319  iters_per_sec: 1.2000  samples_per_sec: 19.2300  samples_per_sec_per_gpu: 4.8100  max_mem_allocated_mb: 664.7000  max_mem_reserved_mb: 22048.0000
2026/04/07 13:21:22 - mmengine - INFO - Epoch(train)  [3][ 200/5000]  lr: 2.8216e-04  eta: 11:29:52  time: 0.8601  data_time: 0.0149  memory: 17697  grad_norm: 4.5760  loss: 1.5120  loss_heatmap: 0.3869  layer_-1_loss_cls: 0.0967  layer_-1_loss_bbox: 0.4169  matched_ious: 0.5368  aux_depth_loss: 0.6115  sec_per_iter: 0.8452  iters_per_sec: 1.1800  samples_per_sec: 18.9300  samples_per_sec_per_gpu: 4.7300  max_mem_allocated_mb: 664.7000  max_mem_reserved_mb: 22048.0000
2026/04/07 13:22:05 - mmengine - INFO - Epoch(train)  [3][ 250/5000]  lr: 2.8393e-04  eta: 11:29:17  time: 0.8574  data_time: 0.0166  memory: 17863  grad_norm: 4.8808  loss: 1.4621  loss_heatmap: 0.3579  layer_-1_loss_cls: 0.0880  layer_-1_loss_bbox: 0.3983  matched_ious: 0.5469  aux_depth_loss: 0.6180  sec_per_iter: 0.8488  iters_per_sec: 1.1800  samples_per_sec: 18.8500  samples_per_sec_per_gpu: 4.7100  max_mem_allocated_mb: 664.7000  max_mem_reserved_mb: 22048.0000
2026/04/07 13:22:49 - mmengine - INFO - Epoch(train)  [3][ 300/5000]  lr: 2.8569e-04  eta: 11:28:47  time: 0.8782  data_time: 0.0145  memory: 17817  grad_norm: 5.3776  loss: 1.4862  loss_heatmap: 0.3690  layer_-1_loss_cls: 0.0896  layer_-1_loss_bbox: 0.3925  matched_ious: 0.5941  aux_depth_loss: 0.6351  sec_per_iter: 0.8507  iters_per_sec: 1.1800  samples_per_sec: 18.8100  samples_per_sec_per_gpu: 4.7000  max_mem_allocated_mb: 664.7000  max_mem_reserved_mb: 22048.0000
2026/04/07 13:23:31 - mmengine - INFO - Epoch(train)  [3][ 350/5000]  lr: 2.8746e-04  eta: 11:28:07  time: 0.8376  data_time: 0.0135  memory: 17673  grad_norm: 4.8042  loss: 1.5356  loss_heatmap: 0.3876  layer_-1_loss_cls: 0.0939  layer_-1_loss_bbox: 0.4376  matched_ious: 0.5798  aux_depth_loss: 0.6166  sec_per_iter: 0.8552  iters_per_sec: 1.1700  samples_per_sec: 18.7100  samples_per_sec_per_gpu: 4.6800  max_mem_allocated_mb: 664.7000  max_mem_reserved_mb: 22048.0000
2026/04/07 13:24:11 - mmengine - INFO - Epoch(train)  [3][ 400/5000]  lr: 2.8922e-04  eta: 11:27:21  time: 0.8157  data_time: 0.0141  memory: 17775  grad_norm: 4.9311  loss: 1.5615  loss_heatmap: 0.3885  layer_-1_loss_cls: 0.0966  layer_-1_loss_bbox: 0.4499  matched_ious: 0.6066  aux_depth_loss: 0.6265  sec_per_iter: 0.8527  iters_per_sec: 1.1700  samples_per_sec: 18.7600  samples_per_sec_per_gpu: 4.6900  max_mem_allocated_mb: 664.7000  max_mem_reserved_mb: 22048.0000
2026/04/07 13:24:56 - mmengine - INFO - Epoch(train)  [3][ 450/5000]  lr: 2.9098e-04  eta: 11:26:54  time: 0.8906  data_time: 0.0130  memory: 17701  grad_norm: 4.7104  loss: 1.4861  loss_heatmap: 0.3709  layer_-1_loss_cls: 0.0915  layer_-1_loss_bbox: 0.3993  matched_ious: 0.5556  aux_depth_loss: 0.6244  sec_per_iter: 0.8481  iters_per_sec: 1.1800  samples_per_sec: 18.8700  samples_per_sec_per_gpu: 4.7200  max_mem_allocated_mb: 664.7000  max_mem_reserved_mb: 22048.0000
2026/04/07 13:25:38 - mmengine - INFO - Epoch(train)  [3][ 500/5000]  lr: 2.9274e-04  eta: 11:26:12  time: 0.8324  data_time: 0.0142  memory: 17805  grad_norm: 4.9288  loss: 1.5312  loss_heatmap: 0.3945  layer_-1_loss_cls: 0.0959  layer_-1_loss_bbox: 0.4295  matched_ious: 0.5515  aux_depth_loss: 0.6113  sec_per_iter: 0.8527  iters_per_sec: 1.1700  samples_per_sec: 18.7600  samples_per_sec_per_gpu: 4.6900  max_mem_allocated_mb: 664.7000  max_mem_reserved_mb: 22048.0000
2026/04/07 13:26:21 - mmengine - INFO - Epoch(train)  [3][ 550/5000]  lr: 2.9450e-04  eta: 11:25:40  time: 0.8703  data_time: 0.0157  memory: 17831  grad_norm: 4.6253  loss: 1.5047  loss_heatmap: 0.3894  layer_-1_loss_cls: 0.0965  layer_-1_loss_bbox: 0.4056  matched_ious: 0.5615  aux_depth_loss: 0.6133  sec_per_iter: 0.8508  iters_per_sec: 1.1800  samples_per_sec: 18.8100  samples_per_sec_per_gpu: 4.7000  max_mem_allocated_mb: 664.7000  max_mem_reserved_mb: 22048.0000
2026/04/07 13:27:08 - mmengine - INFO - Epoch(train)  [3][ 600/5000]  lr: 2.9626e-04  eta: 11:25:22  time: 0.9347  data_time: 0.0180  memory: 17849  grad_norm: 5.3633  loss: 1.5050  loss_heatmap: 0.3690  layer_-1_loss_cls: 0.0916  layer_-1_loss_bbox: 0.4126  matched_ious: 0.5321  aux_depth_loss: 0.6318  sec_per_iter: 0.8527  iters_per_sec: 1.1700  samples_per_sec: 18.7600  samples_per_sec_per_gpu: 4.6900  max_mem_allocated_mb: 664.7000  max_mem_reserved_mb: 22048.0000
2026/04/07 13:27:49 - mmengine - INFO - Epoch(train)  [3][ 650/5000]  lr: 2.9802e-04  eta: 11:24:39  time: 0.8247  data_time: 0.0152  memory: 17977  grad_norm: 5.1046  loss: 1.5251  loss_heatmap: 0.3684  layer_-1_loss_cls: 0.0902  layer_-1_loss_bbox: 0.4254  matched_ious: 0.5873  aux_depth_loss: 0.6411  sec_per_iter: 0.8594  iters_per_sec: 1.1600  samples_per_sec: 18.6200  samples_per_sec_per_gpu: 4.6500  max_mem_allocated_mb: 664.7000  max_mem_reserved_mb: 22048.0000
2026/04/07 13:28:32 - mmengine - INFO - Epoch(train)  [3][ 700/5000]  lr: 2.9978e-04  eta: 11:24:01  time: 0.8513  data_time: 0.0171  memory: 17925  grad_norm: 5.3212  loss: 1.5786  loss_heatmap: 0.4226  layer_-1_loss_cls: 0.1047  layer_-1_loss_bbox: 0.4255  matched_ious: 0.5454  aux_depth_loss: 0.6259  sec_per_iter: 0.8568  iters_per_sec: 1.1700  samples_per_sec: 18.6700  samples_per_sec_per_gpu: 4.6700  max_mem_allocated_mb: 664.7000  max_mem_reserved_mb: 22048.0000
2026/04/07 13:29:16 - mmengine - INFO - Epoch(train)  [3][ 750/5000]  lr: 3.0153e-04  eta: 11:23:30  time: 0.8798  data_time: 0.0181  memory: 17807  grad_norm: 5.1018  loss: 1.5541  loss_heatmap: 0.3883  layer_-1_loss_cls: 0.0941  layer_-1_loss_bbox: 0.4343  matched_ious: 0.5490  aux_depth_loss: 0.6375  sec_per_iter: 0.8564  iters_per_sec: 1.1700  samples_per_sec: 18.6800  samples_per_sec_per_gpu: 4.6700  max_mem_allocated_mb: 664.7000  max_mem_reserved_mb: 22048.0000
2026/04/07 13:29:57 - mmengine - INFO - Epoch(train)  [3][ 800/5000]  lr: 3.0328e-04  eta: 11:22:48  time: 0.8302  data_time: 0.0245  memory: 17704  grad_norm: 4.9258  loss: 1.4702  loss_heatmap: 0.3657  layer_-1_loss_cls: 0.0938  layer_-1_loss_bbox: 0.3845  matched_ious: 0.5569  aux_depth_loss: 0.6261  sec_per_iter: 0.8586  iters_per_sec: 1.1600  samples_per_sec: 18.6400  samples_per_sec_per_gpu: 4.6600  max_mem_allocated_mb: 664.7000  max_mem_reserved_mb: 22048.0000
2026/04/07 13:30:39 - mmengine - INFO - Epoch(train)  [3][ 850/5000]  lr: 3.0503e-04  eta: 11:22:08  time: 0.8375  data_time: 0.0133  memory: 17756  grad_norm: 5.1136  loss: 1.5468  loss_heatmap: 0.3804  layer_-1_loss_cls: 0.0924  layer_-1_loss_bbox: 0.4311  matched_ious: 0.6040  aux_depth_loss: 0.6429  sec_per_iter: 0.8562  iters_per_sec: 1.1700  samples_per_sec: 18.6900  samples_per_sec_per_gpu: 4.6700  max_mem_allocated_mb: 664.7000  max_mem_reserved_mb: 22048.0000
2026/04/07 13:31:20 - mmengine - INFO - Epoch(train)  [3][ 900/5000]  lr: 3.0678e-04  eta: 11:21:23  time: 0.8204  data_time: 0.0138  memory: 17674  grad_norm: 4.5685  loss: 1.5409  loss_heatmap: 0.3998  layer_-1_loss_cls: 0.0976  layer_-1_loss_bbox: 0.4289  matched_ious: 0.6057  aux_depth_loss: 0.6146  sec_per_iter: 0.8551  iters_per_sec: 1.1700  samples_per_sec: 18.7100  samples_per_sec_per_gpu: 4.6800  max_mem_allocated_mb: 664.7000  max_mem_reserved_mb: 22048.0000
2026/04/07 13:32:02 - mmengine - INFO - Epoch(train)  [3][ 950/5000]  lr: 3.0853e-04  eta: 11:20:43  time: 0.8365  data_time: 0.0213  memory: 17815  grad_norm: 4.9395  loss: 1.4910  loss_heatmap: 0.3697  layer_-1_loss_cls: 0.0930  layer_-1_loss_bbox: 0.4116  matched_ious: 0.5734  aux_depth_loss: 0.6167  sec_per_iter: 0.8531  iters_per_sec: 1.1700  samples_per_sec: 18.7500  samples_per_sec_per_gpu: 4.6900  max_mem_allocated_mb: 664.7000  max_mem_reserved_mb: 22048.0000
2026/04/07 13:32:43 - mmengine - INFO - Exp name: zod_bevfusion_finetune_20260407_104526
2026/04/07 13:32:43 - mmengine - INFO - Epoch(train)  [3][1000/5000]  lr: 3.1028e-04  eta: 11:19:57  time: 0.8146  data_time: 0.0164  memory: 17683  grad_norm: 4.0909  loss: 1.5230  loss_heatmap: 0.3969  layer_-1_loss_cls: 0.0986  layer_-1_loss_bbox: 0.4181  matched_ious: 0.5414  aux_depth_loss: 0.6094  sec_per_iter: 0.8523  iters_per_sec: 1.1700  samples_per_sec: 18.7700  samples_per_sec_per_gpu: 4.6900  max_mem_allocated_mb: 664.7000  max_mem_reserved_mb: 22048.0000
2026/04/07 13:33:24 - mmengine - INFO - Epoch(train)  [3][1050/5000]  lr: 3.1202e-04  eta: 11:19:16  time: 0.8374  data_time: 0.0126  memory: 17731  grad_norm: 4.9892  loss: 1.4513  loss_heatmap: 0.3425  layer_-1_loss_cls: 0.0858  layer_-1_loss_bbox: 0.4154  matched_ious: 0.5729  aux_depth_loss: 0.6076  sec_per_iter: 0.8504  iters_per_sec: 1.1800  samples_per_sec: 18.8200  samples_per_sec_per_gpu: 4.7000  max_mem_allocated_mb: 664.7000  max_mem_reserved_mb: 22048.0000
2026/04/07 13:34:05 - mmengine - INFO - Epoch(train)  [3][1100/5000]  lr: 3.1376e-04  eta: 11:18:30  time: 0.8104  data_time: 0.0131  memory: 17716  grad_norm: 5.2205  loss: 1.5258  loss_heatmap: 0.3916  layer_-1_loss_cls: 0.0980  layer_-1_loss_bbox: 0.4084  matched_ious: 0.5236  aux_depth_loss: 0.6278  sec_per_iter: 0.8498  iters_per_sec: 1.1800  samples_per_sec: 18.8300  samples_per_sec_per_gpu: 4.7100  max_mem_allocated_mb: 664.7000  max_mem_reserved_mb: 22048.0000
2026/04/07 13:34:47 - mmengine - INFO - Epoch(train)  [3][1150/5000]  lr: 3.1550e-04  eta: 11:17:49  time: 0.8352  data_time: 0.0149  memory: 17838  grad_norm: 6.2648  loss: 1.5293  loss_heatmap: 0.3828  layer_-1_loss_cls: 0.0964  layer_-1_loss_bbox: 0.4040  matched_ious: 0.5593  aux_depth_loss: 0.6461  sec_per_iter: 0.8480  iters_per_sec: 1.1800  samples_per_sec: 18.8700  samples_per_sec_per_gpu: 4.7200  max_mem_allocated_mb: 664.7000  max_mem_reserved_mb: 22048.0000
2026/04/07 13:35:28 - mmengine - INFO - Epoch(train)  [3][1200/5000]  lr: 3.1724e-04  eta: 11:17:06  time: 0.8296  data_time: 0.0201  memory: 17746  grad_norm: 4.5092  loss: 1.5085  loss_heatmap: 0.3679  layer_-1_loss_cls: 0.0946  layer_-1_loss_bbox: 0.4306  matched_ious: 0.5536  aux_depth_loss: 0.6155  sec_per_iter: 0.8476  iters_per_sec: 1.1800  samples_per_sec: 18.8800  samples_per_sec_per_gpu: 4.7200  max_mem_allocated_mb: 664.7000  max_mem_reserved_mb: 22048.0000
2026/04/07 13:36:09 - mmengine - INFO - Epoch(train)  [3][1250/5000]  lr: 3.1897e-04  eta: 11:16:23  time: 0.8229  data_time: 0.0139  memory: 17756  grad_norm: 4.4536  loss: 1.4737  loss_heatmap: 0.3665  layer_-1_loss_cls: 0.0972  layer_-1_loss_bbox: 0.3920  matched_ious: 0.5413  aux_depth_loss: 0.6180  sec_per_iter: 0.8467  iters_per_sec: 1.1800  samples_per_sec: 18.9000  samples_per_sec_per_gpu: 4.7200  max_mem_allocated_mb: 664.7000  max_mem_reserved_mb: 22048.0000
2026/04/07 13:36:52 - mmengine - INFO - Epoch(train)  [3][1300/5000]  lr: 3.2070e-04  eta: 11:15:45  time: 0.8497  data_time: 0.0150  memory: 17691  grad_norm: 4.9082  loss: 1.5025  loss_heatmap: 0.3800  layer_-1_loss_cls: 0.0955  layer_-1_loss_bbox: 0.4101  matched_ious: 0.5863  aux_depth_loss: 0.6168  sec_per_iter: 0.8457  iters_per_sec: 1.1800  samples_per_sec: 18.9200  samples_per_sec_per_gpu: 4.7300  max_mem_allocated_mb: 664.7000  max_mem_reserved_mb: 22048.0000
2026/04/07 13:37:33 - mmengine - INFO - Epoch(train)  [3][1350/5000]  lr: 3.2243e-04  eta: 11:15:00  time: 0.8178  data_time: 0.0132  memory: 17680  grad_norm: 4.6428  loss: 1.4592  loss_heatmap: 0.3563  layer_-1_loss_cls: 0.0902  layer_-1_loss_bbox: 0.4034  matched_ious: 0.5530  aux_depth_loss: 0.6094  sec_per_iter: 0.8459  iters_per_sec: 1.1800  samples_per_sec: 18.9200  samples_per_sec_per_gpu: 4.7300  max_mem_allocated_mb: 664.7000  max_mem_reserved_mb: 22048.0000
2026/04/07 13:38:14 - mmengine - INFO - Epoch(train)  [3][1400/5000]  lr: 3.2415e-04  eta: 11:14:19  time: 0.8340  data_time: 0.0142  memory: 17770  grad_norm: 4.7531  loss: 1.5052  loss_heatmap: 0.3909  layer_-1_loss_cls: 0.0934  layer_-1_loss_bbox: 0.4209  matched_ious: 0.4908  aux_depth_loss: 0.6000  sec_per_iter: 0.8448  iters_per_sec: 1.1800  samples_per_sec: 18.9400  samples_per_sec_per_gpu: 4.7300  max_mem_allocated_mb: 664.7000  max_mem_reserved_mb: 22048.0000
2026/04/07 13:38:58 - mmengine - INFO - Epoch(train)  [3][1450/5000]  lr: 3.2588e-04  eta: 11:13:44  time: 0.8666  data_time: 0.0167  memory: 17745  grad_norm: 5.1885  loss: 1.4294  loss_heatmap: 0.3343  layer_-1_loss_cls: 0.0879  layer_-1_loss_bbox: 0.3758  matched_ious: 0.5749  aux_depth_loss: 0.6315  sec_per_iter: 0.8445  iters_per_sec: 1.1800  samples_per_sec: 18.9500  samples_per_sec_per_gpu: 4.7400  max_mem_allocated_mb: 664.7000  max_mem_reserved_mb: 22048.0000
2026/04/07 13:39:38 - mmengine - INFO - Epoch(train)  [3][1500/5000]  lr: 3.2759e-04  eta: 11:12:59  time: 0.8143  data_time: 0.0133  memory: 17714  grad_norm: 4.2412  loss: 1.4113  loss_heatmap: 0.3519  layer_-1_loss_cls: 0.0895  layer_-1_loss_bbox: 0.3793  matched_ious: 0.4965  aux_depth_loss: 0.5906  sec_per_iter: 0.8452  iters_per_sec: 1.1800  samples_per_sec: 18.9300  samples_per_sec_per_gpu: 4.7300  max_mem_allocated_mb: 664.7000  max_mem_reserved_mb: 22048.0000
2026/04/07 13:40:21 - mmengine - INFO - Epoch(train)  [3][1550/5000]  lr: 3.2931e-04  eta: 11:12:20  time: 0.8483  data_time: 0.0249  memory: 17876  grad_norm: 4.2183  loss: 1.5181  loss_heatmap: 0.3856  layer_-1_loss_cls: 0.0965  layer_-1_loss_bbox: 0.4338  matched_ious: 0.5883  aux_depth_loss: 0.6022  sec_per_iter: 0.8442  iters_per_sec: 1.1800  samples_per_sec: 18.9500  samples_per_sec_per_gpu: 4.7400  max_mem_allocated_mb: 664.7000  max_mem_reserved_mb: 22048.0000
2026/04/07 13:41:03 - mmengine - INFO - Epoch(train)  [3][1600/5000]  lr: 3.3102e-04  eta: 11:11:39  time: 0.8330  data_time: 0.0141  memory: 17779  grad_norm: 4.4613  loss: 1.5340  loss_heatmap: 0.3991  layer_-1_loss_cls: 0.0993  layer_-1_loss_bbox: 0.4489  matched_ious: 0.5314  aux_depth_loss: 0.5868  sec_per_iter: 0.8443  iters_per_sec: 1.1800  samples_per_sec: 18.9500  samples_per_sec_per_gpu: 4.7400  max_mem_allocated_mb: 664.7000  max_mem_reserved_mb: 22048.0000
2026/04/07 13:41:45 - mmengine - INFO - Epoch(train)  [3][1650/5000]  lr: 3.3273e-04  eta: 11:10:59  time: 0.8431  data_time: 0.0131  memory: 17796  grad_norm: 5.4304  loss: 1.5378  loss_heatmap: 0.3875  layer_-1_loss_cls: 0.0972  layer_-1_loss_bbox: 0.4240  matched_ious: 0.5741  aux_depth_loss: 0.6291  sec_per_iter: 0.8440  iters_per_sec: 1.1800  samples_per_sec: 18.9600  samples_per_sec_per_gpu: 4.7400  max_mem_allocated_mb: 664.7000  max_mem_reserved_mb: 22048.0000
2026/04/07 13:42:26 - mmengine - INFO - Epoch(train)  [3][1700/5000]  lr: 3.3444e-04  eta: 11:10:16  time: 0.8216  data_time: 0.0185  memory: 17891  grad_norm: 4.3759  loss: 1.5808  loss_heatmap: 0.4297  layer_-1_loss_cls: 0.1052  layer_-1_loss_bbox: 0.4357  matched_ious: 0.5563  aux_depth_loss: 0.6101  sec_per_iter: 0.8440  iters_per_sec: 1.1800  samples_per_sec: 18.9600  samples_per_sec_per_gpu: 4.7400  max_mem_allocated_mb: 664.7000  max_mem_reserved_mb: 22048.0000
2026/04/07 13:43:06 - mmengine - INFO - Epoch(train)  [3][1750/5000]  lr: 3.3614e-04  eta: 11:09:29  time: 0.8099  data_time: 0.0180  memory: 17856  grad_norm: 5.2799  loss: 1.5163  loss_heatmap: 0.3861  layer_-1_loss_cls: 0.0943  layer_-1_loss_bbox: 0.4346  matched_ious: 0.5348  aux_depth_loss: 0.6013  sec_per_iter: 0.8433  iters_per_sec: 1.1900  samples_per_sec: 18.9700  samples_per_sec_per_gpu: 4.7400  max_mem_allocated_mb: 664.7000  max_mem_reserved_mb: 22048.0000
2026/04/07 13:43:47 - mmengine - INFO - Epoch(train)  [3][1800/5000]  lr: 3.3784e-04  eta: 11:08:45  time: 0.8180  data_time: 0.0139  memory: 17777  grad_norm: 4.4692  loss: 1.4833  loss_heatmap: 0.3898  layer_-1_loss_cls: 0.0985  layer_-1_loss_bbox: 0.4126  matched_ious: 0.5660  aux_depth_loss: 0.5824  sec_per_iter: 0.8423  iters_per_sec: 1.1900  samples_per_sec: 18.9900  samples_per_sec_per_gpu: 4.7500  max_mem_allocated_mb: 664.7000  max_mem_reserved_mb: 22048.0000
2026/04/07 13:44:28 - mmengine - INFO - Epoch(train)  [3][1850/5000]  lr: 3.3953e-04  eta: 11:08:02  time: 0.8261  data_time: 0.0159  memory: 17743  grad_norm: 4.9747  loss: 1.5591  loss_heatmap: 0.3903  layer_-1_loss_cls: 0.0933  layer_-1_loss_bbox: 0.4452  matched_ious: 0.5339  aux_depth_loss: 0.6302  sec_per_iter: 0.8417  iters_per_sec: 1.1900  samples_per_sec: 19.0100  samples_per_sec_per_gpu: 4.7500  max_mem_allocated_mb: 664.7000  max_mem_reserved_mb: 22048.0000
2026/04/07 13:45:09 - mmengine - INFO - Epoch(train)  [3][1900/5000]  lr: 3.4122e-04  eta: 11:07:17  time: 0.8182  data_time: 0.0172  memory: 17776  grad_norm: 4.5884  loss: 1.4967  loss_heatmap: 0.3866  layer_-1_loss_cls: 0.0931  layer_-1_loss_bbox: 0.4125  matched_ious: 0.5551  aux_depth_loss: 0.6045  sec_per_iter: 0.8412  iters_per_sec: 1.1900  samples_per_sec: 19.0200  samples_per_sec_per_gpu: 4.7500  max_mem_allocated_mb: 664.7000  max_mem_reserved_mb: 22048.0000
2026/04/07 13:45:50 - mmengine - INFO - Epoch(train)  [3][1950/5000]  lr: 3.4291e-04  eta: 11:06:30  time: 0.8057  data_time: 0.0162  memory: 17857  grad_norm: 5.2868  loss: 1.5563  loss_heatmap: 0.3994  layer_-1_loss_cls: 0.1020  layer_-1_loss_bbox: 0.4239  matched_ious: 0.5408  aux_depth_loss: 0.6310  sec_per_iter: 0.8406  iters_per_sec: 1.1900  samples_per_sec: 19.0300  samples_per_sec_per_gpu: 4.7600  max_mem_allocated_mb: 664.7000  max_mem_reserved_mb: 22048.0000
2026/04/07 13:46:31 - mmengine - INFO - Exp name: zod_bevfusion_finetune_20260407_104526
2026/04/07 13:46:31 - mmengine - INFO - Epoch(train)  [3][2000/5000]  lr: 3.4459e-04  eta: 11:05:48  time: 0.8306  data_time: 0.0147  memory: 17843  grad_norm: 3.7389  loss: 1.4593  loss_heatmap: 0.3851  layer_-1_loss_cls: 0.1000  layer_-1_loss_bbox: 0.3908  matched_ious: 0.5598  aux_depth_loss: 0.5833  sec_per_iter: 0.8397  iters_per_sec: 1.1900  samples_per_sec: 19.0500  samples_per_sec_per_gpu: 4.7600  max_mem_allocated_mb: 664.7000  max_mem_reserved_mb: 22048.0000
2026/04/07 13:47:14 - mmengine - INFO - Epoch(train)  [3][2050/5000]  lr: 3.4627e-04  eta: 11:05:11  time: 0.8558  data_time: 0.0159  memory: 17757  grad_norm: 5.4876  loss: 1.5979  loss_heatmap: 0.4144  layer_-1_loss_cls: 0.0990  layer_-1_loss_bbox: 0.4637  matched_ious: 0.5507  aux_depth_loss: 0.6208  sec_per_iter: 0.8395  iters_per_sec: 1.1900  samples_per_sec: 19.0600  samples_per_sec_per_gpu: 4.7600  max_mem_allocated_mb: 664.7000  max_mem_reserved_mb: 22048.0000
2026/04/07 13:47:56 - mmengine - INFO - Epoch(train)  [3][2100/5000]  lr: 3.4794e-04  eta: 11:04:31  time: 0.8362  data_time: 0.0195  memory: 17772  grad_norm: 4.4282  loss: 1.5208  loss_heatmap: 0.3894  layer_-1_loss_cls: 0.0968  layer_-1_loss_bbox: 0.4143  matched_ious: 0.5447  aux_depth_loss: 0.6202  sec_per_iter: 0.8399  iters_per_sec: 1.1900  samples_per_sec: 19.0500  samples_per_sec_per_gpu: 4.7600  max_mem_allocated_mb: 664.7000  max_mem_reserved_mb: 22048.0000
2026/04/07 13:48:37 - mmengine - INFO - Epoch(train)  [3][2150/5000]  lr: 3.4961e-04  eta: 11:03:46  time: 0.8153  data_time: 0.0178  memory: 17669  grad_norm: 4.6114  loss: 1.5218  loss_heatmap: 0.4052  layer_-1_loss_cls: 0.0986  layer_-1_loss_bbox: 0.4141  matched_ious: 0.5004  aux_depth_loss: 0.6039  sec_per_iter: 0.8398  iters_per_sec: 1.1900  samples_per_sec: 19.0500  samples_per_sec_per_gpu: 4.7600  max_mem_allocated_mb: 664.7000  max_mem_reserved_mb: 22048.0000
2026/04/07 13:49:18 - mmengine - INFO - Epoch(train)  [3][2200/5000]  lr: 3.5127e-04  eta: 11:03:04  time: 0.8332  data_time: 0.0130  memory: 17740  grad_norm: 4.7576  loss: 1.5865  loss_heatmap: 0.4187  layer_-1_loss_cls: 0.1000  layer_-1_loss_bbox: 0.4405  matched_ious: 0.4876  aux_depth_loss: 0.6274  sec_per_iter: 0.8393  iters_per_sec: 1.1900  samples_per_sec: 19.0600  samples_per_sec_per_gpu: 4.7700  max_mem_allocated_mb: 664.7000  max_mem_reserved_mb: 22048.0000
2026/04/07 13:49:59 - mmengine - INFO - Epoch(train)  [3][2250/5000]  lr: 3.5293e-04  eta: 11:02:20  time: 0.8192  data_time: 0.0136  memory: 17760  grad_norm: 4.2564  loss: 1.4933  loss_heatmap: 0.3929  layer_-1_loss_cls: 0.0958  layer_-1_loss_bbox: 0.4096  matched_ious: 0.5110  aux_depth_loss: 0.5950  sec_per_iter: 0.8391  iters_per_sec: 1.1900  samples_per_sec: 19.0700  samples_per_sec_per_gpu: 4.7700  max_mem_allocated_mb: 664.7000  max_mem_reserved_mb: 22048.0000
2026/04/07 13:50:43 - mmengine - INFO - Epoch(train)  [3][2300/5000]  lr: 3.5459e-04  eta: 11:01:46  time: 0.8733  data_time: 0.0174  memory: 17748  grad_norm: 3.9060  loss: 1.4732  loss_heatmap: 0.3948  layer_-1_loss_cls: 0.0963  layer_-1_loss_bbox: 0.4088  matched_ious: 0.5482  aux_depth_loss: 0.5734  sec_per_iter: 0.8387  iters_per_sec: 1.1900  samples_per_sec: 19.0800  samples_per_sec_per_gpu: 4.7700  max_mem_allocated_mb: 664.7000  max_mem_reserved_mb: 22048.0000
2026/04/07 13:51:30 - mmengine - INFO - Epoch(train)  [3][2350/5000]  lr: 3.5624e-04  eta: 11:01:24  time: 0.9349  data_time: 0.0143  memory: 17744  grad_norm: 5.4246  loss: 1.5750  loss_heatmap: 0.4035  layer_-1_loss_cls: 0.0999  layer_-1_loss_bbox: 0.4494  matched_ious: 0.5239  aux_depth_loss: 0.6222  sec_per_iter: 0.8394  iters_per_sec: 1.1900  samples_per_sec: 19.0600  samples_per_sec_per_gpu: 4.7700  max_mem_allocated_mb: 664.7000  max_mem_reserved_mb: 22048.0000
2026/04/07 13:52:13 - mmengine - INFO - Epoch(train)  [3][2400/5000]  lr: 3.5788e-04  eta: 11:00:48  time: 0.8620  data_time: 0.0133  memory: 17831  grad_norm: 5.0830  loss: 1.5165  loss_heatmap: 0.3956  layer_-1_loss_cls: 0.0970  layer_-1_loss_bbox: 0.4090  matched_ious: 0.5607  aux_depth_loss: 0.6148  sec_per_iter: 0.8415  iters_per_sec: 1.1900  samples_per_sec: 19.0100  samples_per_sec_per_gpu: 4.7500  max_mem_allocated_mb: 664.7000  max_mem_reserved_mb: 22048.0000
2026/04/07 13:52:57 - mmengine - INFO - Epoch(train)  [3][2450/5000]  lr: 3.5952e-04  eta: 11:00:17  time: 0.8844  data_time: 0.0152  memory: 17738  grad_norm: 3.8730  loss: 1.4316  loss_heatmap: 0.3711  layer_-1_loss_cls: 0.0932  layer_-1_loss_bbox: 0.3923  matched_ious: 0.5516  aux_depth_loss: 0.5750  sec_per_iter: 0.8419  iters_per_sec: 1.1900  samples_per_sec: 19.0000  samples_per_sec_per_gpu: 4.7500  max_mem_allocated_mb: 664.7000  max_mem_reserved_mb: 22048.0000
2026/04/07 13:53:38 - mmengine - INFO - Epoch(train)  [3][2500/5000]  lr: 3.6115e-04  eta: 10:59:33  time: 0.8257  data_time: 0.0126  memory: 17842  grad_norm: 4.4783  loss: 1.5142  loss_heatmap: 0.3973  layer_-1_loss_cls: 0.1006  layer_-1_loss_bbox: 0.4304  matched_ious: 0.5924  aux_depth_loss: 0.5858  sec_per_iter: 0.8428  iters_per_sec: 1.1900  samples_per_sec: 18.9900  samples_per_sec_per_gpu: 4.7500  max_mem_allocated_mb: 664.7000  max_mem_reserved_mb: 22048.0000
2026/04/07 13:54:25 - mmengine - INFO - Epoch(train)  [3][2550/5000]  lr: 3.6278e-04  eta: 10:59:13  time: 0.9445  data_time: 0.0146  memory: 17714  grad_norm: 5.0896  loss: 1.6233  loss_heatmap: 0.4015  layer_-1_loss_cls: 0.0944  layer_-1_loss_bbox: 0.4972  matched_ious: 0.4978  aux_depth_loss: 0.6301  sec_per_iter: 0.8424  iters_per_sec: 1.1900  samples_per_sec: 18.9900  samples_per_sec_per_gpu: 4.7500  max_mem_allocated_mb: 664.7000  max_mem_reserved_mb: 22048.0000
2026/04/07 13:55:13 - mmengine - INFO - Epoch(train)  [3][2600/5000]  lr: 3.6441e-04  eta: 10:58:53  time: 0.9517  data_time: 0.0221  memory: 17827  grad_norm: 4.7837  loss: 1.5208  loss_heatmap: 0.3826  layer_-1_loss_cls: 0.0930  layer_-1_loss_bbox: 0.4344  matched_ious: 0.5073  aux_depth_loss: 0.6108  sec_per_iter: 0.8444  iters_per_sec: 1.1800  samples_per_sec: 18.9500  samples_per_sec_per_gpu: 4.7400  max_mem_allocated_mb: 664.7000  max_mem_reserved_mb: 22048.0000
2026/04/07 13:56:01 - mmengine - INFO - Epoch(train)  [3][2650/5000]  lr: 3.6603e-04  eta: 10:58:36  time: 0.9659  data_time: 0.0231  memory: 17776  grad_norm: 3.7780  loss: 1.5201  loss_heatmap: 0.3914  layer_-1_loss_cls: 0.0955  layer_-1_loss_bbox: 0.4486  matched_ious: 0.5151  aux_depth_loss: 0.5846  sec_per_iter: 0.8465  iters_per_sec: 1.1800  samples_per_sec: 18.9000  samples_per_sec_per_gpu: 4.7300  max_mem_allocated_mb: 664.7000  max_mem_reserved_mb: 22048.0000
2026/04/07 13:56:46 - mmengine - INFO - Epoch(train)  [3][2700/5000]  lr: 3.6764e-04  eta: 10:58:05  time: 0.8928  data_time: 0.0173  memory: 17924  grad_norm: 4.0224  loss: 1.5067  loss_heatmap: 0.4002  layer_-1_loss_cls: 0.0974  layer_-1_loss_bbox: 0.4173  matched_ious: 0.5932  aux_depth_loss: 0.5918  sec_per_iter: 0.8487  iters_per_sec: 1.1800  samples_per_sec: 18.8500  samples_per_sec_per_gpu: 4.7100  max_mem_allocated_mb: 664.7000  max_mem_reserved_mb: 22048.0000
2026/04/07 13:57:28 - mmengine - INFO - Epoch(train)  [3][2750/5000]  lr: 3.6924e-04  eta: 10:57:26  time: 0.8445  data_time: 0.0154  memory: 17810  grad_norm: 4.0806  loss: 1.5191  loss_heatmap: 0.3952  layer_-1_loss_cls: 0.0968  layer_-1_loss_bbox: 0.4414  matched_ious: 0.4985  aux_depth_loss: 0.5857  sec_per_iter: 0.8496  iters_per_sec: 1.1800  samples_per_sec: 18.8300  samples_per_sec_per_gpu: 4.7100  max_mem_allocated_mb: 664.7000  max_mem_reserved_mb: 22048.0000
2026/04/07 13:58:09 - mmengine - INFO - Epoch(train)  [3][2800/5000]  lr: 3.7085e-04  eta: 10:56:40  time: 0.8131  data_time: 0.0147  memory: 17653  grad_norm: 4.6160  loss: 1.5075  loss_heatmap: 0.4030  layer_-1_loss_cls: 0.1016  layer_-1_loss_bbox: 0.4161  matched_ious: 0.5124  aux_depth_loss: 0.5868  sec_per_iter: 0.8495  iters_per_sec: 1.1800  samples_per_sec: 18.8400  samples_per_sec_per_gpu: 4.7100  max_mem_allocated_mb: 664.7000  max_mem_reserved_mb: 22048.0000
2026/04/07 13:58:51 - mmengine - INFO - Epoch(train)  [3][2850/5000]  lr: 3.7244e-04  eta: 10:56:01  time: 0.8495  data_time: 0.0167  memory: 17662  grad_norm: 5.3949  loss: 1.5147  loss_heatmap: 0.3951  layer_-1_loss_cls: 0.0981  layer_-1_loss_bbox: 0.4009  matched_ious: 0.4834  aux_depth_loss: 0.6205  sec_per_iter: 0.8488  iters_per_sec: 1.1800  samples_per_sec: 18.8500  samples_per_sec_per_gpu: 4.7100  max_mem_allocated_mb: 664.7000  max_mem_reserved_mb: 22048.0000
2026/04/07 13:59:33 - mmengine - INFO - Epoch(train)  [3][2900/5000]  lr: 3.7403e-04  eta: 10:55:19  time: 0.8357  data_time: 0.0148  memory: 18012  grad_norm: 4.8461  loss: 1.5767  loss_heatmap: 0.4056  layer_-1_loss_cls: 0.0976  layer_-1_loss_bbox: 0.4594  matched_ious: 0.5691  aux_depth_loss: 0.6141  sec_per_iter: 0.8488  iters_per_sec: 1.1800  samples_per_sec: 18.8500  samples_per_sec_per_gpu: 4.7100  max_mem_allocated_mb: 664.7000  max_mem_reserved_mb: 22048.0000
2026/04/07 14:00:17 - mmengine - INFO - Epoch(train)  [3][2950/5000]  lr: 3.7561e-04  eta: 10:54:46  time: 0.8807  data_time: 0.0138  memory: 17837  grad_norm: 4.3245  loss: 1.5361  loss_heatmap: 0.4159  layer_-1_loss_cls: 0.1034  layer_-1_loss_bbox: 0.4233  matched_ious: 0.5620  aux_depth_loss: 0.5936  sec_per_iter: 0.8486  iters_per_sec: 1.1800  samples_per_sec: 18.8500  samples_per_sec_per_gpu: 4.7100  max_mem_allocated_mb: 664.7000  max_mem_reserved_mb: 22048.0000
2026/04/07 14:00:59 - mmengine - INFO - Exp name: zod_bevfusion_finetune_20260407_104526
2026/04/07 14:00:59 - mmengine - INFO - Epoch(train)  [3][3000/5000]  lr: 3.7719e-04  eta: 10:54:03  time: 0.8303  data_time: 0.0151  memory: 17915  grad_norm: 4.4772  loss: 1.5418  loss_heatmap: 0.4196  layer_-1_loss_cls: 0.1017  layer_-1_loss_bbox: 0.4311  matched_ious: 0.5564  aux_depth_loss: 0.5893  sec_per_iter: 0.8491  iters_per_sec: 1.1800  samples_per_sec: 18.8400  samples_per_sec_per_gpu: 4.7100  max_mem_allocated_mb: 664.7000  max_mem_reserved_mb: 22048.0000
2026/04/07 14:01:48 - mmengine - INFO - Epoch(train)  [3][3050/5000]  lr: 3.7876e-04  eta: 10:53:48  time: 0.9804  data_time: 0.1465  memory: 17736  grad_norm: 4.0786  loss: 1.5194  loss_heatmap: 0.4137  layer_-1_loss_cls: 0.1030  layer_-1_loss_bbox: 0.4242  matched_ious: 0.5837  aux_depth_loss: 0.5785  sec_per_iter: 0.8510  iters_per_sec: 1.1800  samples_per_sec: 18.8000  samples_per_sec_per_gpu: 4.7000  max_mem_allocated_mb: 664.7000  max_mem_reserved_mb: 22048.0000
2026/04/07 14:02:29 - mmengine - INFO - Epoch(train)  [3][3100/5000]  lr: 3.8032e-04  eta: 10:53:05  time: 0.8324  data_time: 0.0153  memory: 17826  grad_norm: 5.0057  loss: 1.5221  loss_heatmap: 0.3987  layer_-1_loss_cls: 0.0987  layer_-1_loss_bbox: 0.4315  matched_ious: 0.5876  aux_depth_loss: 0.5932  sec_per_iter: 0.8510  iters_per_sec: 1.1800  samples_per_sec: 18.8000  samples_per_sec_per_gpu: 4.7000  max_mem_allocated_mb: 664.7000  max_mem_reserved_mb: 22048.0000
2026/04/07 14:03:11 - mmengine - INFO - Epoch(train)  [3][3150/5000]  lr: 3.8188e-04  eta: 10:52:22  time: 0.8253  data_time: 0.0160  memory: 17754  grad_norm: 4.7351  loss: 1.5152  loss_heatmap: 0.3864  layer_-1_loss_cls: 0.0975  layer_-1_loss_bbox: 0.4206  matched_ious: 0.5502  aux_depth_loss: 0.6107  sec_per_iter: 0.8507  iters_per_sec: 1.1800  samples_per_sec: 18.8100  samples_per_sec_per_gpu: 4.7000  max_mem_allocated_mb: 664.7000  max_mem_reserved_mb: 22048.0000
2026/04/07 14:03:52 - mmengine - INFO - Epoch(train)  [3][3200/5000]  lr: 3.8343e-04  eta: 10:51:40  time: 0.8378  data_time: 0.0200  memory: 17759  grad_norm: 4.0373  loss: 1.5241  loss_heatmap: 0.4014  layer_-1_loss_cls: 0.0985  layer_-1_loss_bbox: 0.4455  matched_ious: 0.4869  aux_depth_loss: 0.5787  sec_per_iter: 0.8503  iters_per_sec: 1.1800  samples_per_sec: 18.8200  samples_per_sec_per_gpu: 4.7000  max_mem_allocated_mb: 664.7000  max_mem_reserved_mb: 22048.0000
2026/04/07 14:04:38 - mmengine - INFO - Epoch(train)  [3][3250/5000]  lr: 3.8498e-04  eta: 10:51:10  time: 0.9018  data_time: 0.0159  memory: 17931  grad_norm: 4.4519  loss: 1.5764  loss_heatmap: 0.4166  layer_-1_loss_cls: 0.0997  layer_-1_loss_bbox: 0.4622  matched_ious: 0.5793  aux_depth_loss: 0.5979  sec_per_iter: 0.8501  iters_per_sec: 1.1800  samples_per_sec: 18.8200  samples_per_sec_per_gpu: 4.7100  max_mem_allocated_mb: 664.7000  max_mem_reserved_mb: 22048.0000
2026/04/07 14:05:20 - mmengine - INFO - Epoch(train)  [3][3300/5000]  lr: 3.8652e-04  eta: 10:50:31  time: 0.8518  data_time: 0.0148  memory: 17769  grad_norm: 5.0256  loss: 1.4546  loss_heatmap: 0.3699  layer_-1_loss_cls: 0.0924  layer_-1_loss_bbox: 0.3848  matched_ious: 0.5365  aux_depth_loss: 0.6074  sec_per_iter: 0.8509  iters_per_sec: 1.1800  samples_per_sec: 18.8000  samples_per_sec_per_gpu: 4.7000  max_mem_allocated_mb: 664.7000  max_mem_reserved_mb: 22048.0000
2026/04/07 14:06:02 - mmengine - INFO - Epoch(train)  [3][3350/5000]  lr: 3.8805e-04  eta: 10:49:49  time: 0.8311  data_time: 0.0194  memory: 17804  grad_norm: 4.1873  loss: 1.4803  loss_heatmap: 0.3887  layer_-1_loss_cls: 0.0948  layer_-1_loss_bbox: 0.4173  matched_ious: 0.5125  aux_depth_loss: 0.5796  sec_per_iter: 0.8509  iters_per_sec: 1.1800  samples_per_sec: 18.8000  samples_per_sec_per_gpu: 4.7000  max_mem_allocated_mb: 664.7000  max_mem_reserved_mb: 22048.0000
2026/04/07 14:06:44 - mmengine - INFO - Epoch(train)  [3][3400/5000]  lr: 3.8957e-04  eta: 10:49:08  time: 0.8430  data_time: 0.0184  memory: 17801  grad_norm: 4.0785  loss: 1.5454  loss_heatmap: 0.3972  layer_-1_loss_cls: 0.0957  layer_-1_loss_bbox: 0.4538  matched_ious: 0.5866  aux_depth_loss: 0.5986  sec_per_iter: 0.8506  iters_per_sec: 1.1800  samples_per_sec: 18.8100  samples_per_sec_per_gpu: 4.7000  max_mem_allocated_mb: 664.7000  max_mem_reserved_mb: 22048.0000
2026/04/07 14:07:24 - mmengine - INFO - Epoch(train)  [3][3450/5000]  lr: 3.9109e-04  eta: 10:48:22  time: 0.8105  data_time: 0.0138  memory: 18044  grad_norm: 4.8460  loss: 1.5359  loss_heatmap: 0.4035  layer_-1_loss_cls: 0.1029  layer_-1_loss_bbox: 0.4246  matched_ious: 0.5084  aux_depth_loss: 0.6049  sec_per_iter: 0.8505  iters_per_sec: 1.1800  samples_per_sec: 18.8100  samples_per_sec_per_gpu: 4.7000  max_mem_allocated_mb: 664.7000  max_mem_reserved_mb: 22048.0000
2026/04/07 14:08:07 - mmengine - INFO - Epoch(train)  [3][3500/5000]  lr: 3.9260e-04  eta: 10:47:42  time: 0.8444  data_time: 0.0156  memory: 17893  grad_norm: 4.2936  loss: 1.4937  loss_heatmap: 0.3833  layer_-1_loss_cls: 0.0920  layer_-1_loss_bbox: 0.4211  matched_ious: 0.5568  aux_depth_loss: 0.5972  sec_per_iter: 0.8499  iters_per_sec: 1.1800  samples_per_sec: 18.8300  samples_per_sec_per_gpu: 4.7100  max_mem_allocated_mb: 664.7000  max_mem_reserved_mb: 22048.0000
2026/04/07 14:08:49 - mmengine - INFO - Epoch(train)  [3][3550/5000]  lr: 3.9410e-04  eta: 10:47:00  time: 0.8386  data_time: 0.0146  memory: 17608  grad_norm: 4.4506  loss: 1.5093  loss_heatmap: 0.3969  layer_-1_loss_cls: 0.0980  layer_-1_loss_bbox: 0.4195  matched_ious: 0.5899  aux_depth_loss: 0.5948  sec_per_iter: 0.8498  iters_per_sec: 1.1800  samples_per_sec: 18.8300  samples_per_sec_per_gpu: 4.7100  max_mem_allocated_mb: 664.7000  max_mem_reserved_mb: 22048.0000
2026/04/07 14:09:32 - mmengine - INFO - Epoch(train)  [3][3600/5000]  lr: 3.9559e-04  eta: 10:46:23  time: 0.8641  data_time: 0.0292  memory: 17702  grad_norm: 4.3684  loss: 1.5827  loss_heatmap: 0.4139  layer_-1_loss_cls: 0.0993  layer_-1_loss_bbox: 0.4708  matched_ious: 0.5097  aux_depth_loss: 0.5987  sec_per_iter: 0.8498  iters_per_sec: 1.1800  samples_per_sec: 18.8300  samples_per_sec_per_gpu: 4.7100  max_mem_allocated_mb: 664.7000  max_mem_reserved_mb: 22048.0000
2026/04/07 14:10:15 - mmengine - INFO - Epoch(train)  [3][3650/5000]  lr: 3.9708e-04  eta: 10:45:45  time: 0.8555  data_time: 0.0246  memory: 17715  grad_norm: 3.8317  loss: 1.5593  loss_heatmap: 0.4304  layer_-1_loss_cls: 0.1061  layer_-1_loss_bbox: 0.4437  matched_ious: 0.5784  aux_depth_loss: 0.5790  sec_per_iter: 0.8499  iters_per_sec: 1.1800  samples_per_sec: 18.8300  samples_per_sec_per_gpu: 4.7100  max_mem_allocated_mb: 664.7000  max_mem_reserved_mb: 22048.0000
2026/04/07 14:10:55 - mmengine - INFO - Epoch(train)  [3][3700/5000]  lr: 3.9856e-04  eta: 10:44:59  time: 0.8120  data_time: 0.0145  memory: 17883  grad_norm: 4.1363  loss: 1.5507  loss_heatmap: 0.4170  layer_-1_loss_cls: 0.1003  layer_-1_loss_bbox: 0.4448  matched_ious: 0.5308  aux_depth_loss: 0.5886  sec_per_iter: 0.8500  iters_per_sec: 1.1800  samples_per_sec: 18.8200  samples_per_sec_per_gpu: 4.7100  max_mem_allocated_mb: 664.7000  max_mem_reserved_mb: 22048.0000
2026/04/07 14:11:36 - mmengine - INFO - Epoch(train)  [3][3750/5000]  lr: 4.0003e-04  eta: 10:44:16  time: 0.8261  data_time: 0.0130  memory: 17640  grad_norm: 4.5505  loss: 1.5242  loss_heatmap: 0.3985  layer_-1_loss_cls: 0.0993  layer_-1_loss_bbox: 0.4325  matched_ious: 0.5199  aux_depth_loss: 0.5939  sec_per_iter: 0.8494  iters_per_sec: 1.1800  samples_per_sec: 18.8400  samples_per_sec_per_gpu: 4.7100  max_mem_allocated_mb: 664.7000  max_mem_reserved_mb: 22048.0000
2026/04/07 14:12:19 - mmengine - INFO - Epoch(train)  [3][3800/5000]  lr: 4.0150e-04  eta: 10:43:37  time: 0.8535  data_time: 0.0195  memory: 17744  grad_norm: inf  loss: 1.4716  loss_heatmap: 0.4002  layer_-1_loss_cls: 0.1040  layer_-1_loss_bbox: 0.3834  matched_ious: 0.4998  aux_depth_loss: 0.5840  sec_per_iter: 0.8491  iters_per_sec: 1.1800  samples_per_sec: 18.8400  samples_per_sec_per_gpu: 4.7100  max_mem_allocated_mb: 664.7000  max_mem_reserved_mb: 22048.0000
2026/04/07 14:13:03 - mmengine - INFO - Epoch(train)  [3][3850/5000]  lr: 4.0296e-04  eta: 10:43:03  time: 0.8853  data_time: 0.0269  memory: 17756  grad_norm: 4.8553  loss: 1.5263  loss_heatmap: 0.4101  layer_-1_loss_cls: 0.0979  layer_-1_loss_bbox: 0.4207  matched_ious: 0.5320  aux_depth_loss: 0.5975  sec_per_iter: 0.8492  iters_per_sec: 1.1800  samples_per_sec: 18.8400  samples_per_sec_per_gpu: 4.7100  max_mem_allocated_mb: 664.7000  max_mem_reserved_mb: 22048.0000
2026/04/07 14:13:45 - mmengine - INFO - Epoch(train)  [3][3900/5000]  lr: 4.0440e-04  eta: 10:42:21  time: 0.8352  data_time: 0.0152  memory: 17768  grad_norm: 4.2640  loss: 1.4798  loss_heatmap: 0.3904  layer_-1_loss_cls: 0.0984  layer_-1_loss_bbox: 0.4084  matched_ious: 0.5424  aux_depth_loss: 0.5825  sec_per_iter: 0.8497  iters_per_sec: 1.1800  samples_per_sec: 18.8300  samples_per_sec_per_gpu: 4.7100  max_mem_allocated_mb: 664.7000  max_mem_reserved_mb: 22048.0000
2026/04/07 14:14:26 - mmengine - INFO - Epoch(train)  [3][3950/5000]  lr: 4.0585e-04  eta: 10:41:38  time: 0.8251  data_time: 0.0151  memory: 17796  grad_norm: 3.7416  loss: 1.5478  loss_heatmap: 0.4326  layer_-1_loss_cls: 0.1052  layer_-1_loss_bbox: 0.4552  matched_ious: 0.5634  aux_depth_loss: 0.5548  sec_per_iter: 0.8495  iters_per_sec: 1.1800  samples_per_sec: 18.8400  samples_per_sec_per_gpu: 4.7100  max_mem_allocated_mb: 664.7000  max_mem_reserved_mb: 22048.0000
2026/04/07 14:15:08 - mmengine - INFO - Exp name: zod_bevfusion_finetune_20260407_104526
2026/04/07 14:15:08 - mmengine - INFO - Epoch(train)  [3][4000/5000]  lr: 4.0728e-04  eta: 10:40:55  time: 0.8288  data_time: 0.0191  memory: 17781  grad_norm: 5.3045  loss: 1.4749  loss_heatmap: 0.3911  layer_-1_loss_cls: 0.0992  layer_-1_loss_bbox: 0.3872  matched_ious: 0.5974  aux_depth_loss: 0.5975  sec_per_iter: 0.8492  iters_per_sec: 1.1800  samples_per_sec: 18.8400  samples_per_sec_per_gpu: 4.7100  max_mem_allocated_mb: 664.7000  max_mem_reserved_mb: 22048.0000
2026/04/07 14:15:50 - mmengine - INFO - Epoch(train)  [3][4050/5000]  lr: 4.0870e-04  eta: 10:40:14  time: 0.8427  data_time: 0.0208  memory: 17618  grad_norm: 4.0625  loss: 1.6385  loss_heatmap: 0.4321  layer_-1_loss_cls: 0.1030  layer_-1_loss_bbox: 0.5081  matched_ious: 0.5134  aux_depth_loss: 0.5954  sec_per_iter: 0.8489  iters_per_sec: 1.1800  samples_per_sec: 18.8500  samples_per_sec_per_gpu: 4.7100  max_mem_allocated_mb: 664.7000  max_mem_reserved_mb: 22048.0000
2026/04/07 14:16:32 - mmengine - INFO - Epoch(train)  [3][4100/5000]  lr: 4.1012e-04  eta: 10:39:32  time: 0.8327  data_time: 0.0148  memory: 17757  grad_norm: 4.3576  loss: 1.4275  loss_heatmap: 0.3705  layer_-1_loss_cls: 0.0975  layer_-1_loss_bbox: 0.3808  matched_ious: 0.5528  aux_depth_loss: 0.5787  sec_per_iter: 0.8488  iters_per_sec: 1.1800  samples_per_sec: 18.8500  samples_per_sec_per_gpu: 4.7100  max_mem_allocated_mb: 664.7000  max_mem_reserved_mb: 22048.0000
2026/04/07 14:17:14 - mmengine - INFO - Epoch(train)  [3][4150/5000]  lr: 4.1153e-04  eta: 10:38:52  time: 0.8489  data_time: 0.0164  memory: 17782  grad_norm: 3.8586  loss: 1.4873  loss_heatmap: 0.3995  layer_-1_loss_cls: 0.0965  layer_-1_loss_bbox: 0.4224  matched_ious: 0.6030  aux_depth_loss: 0.5688  sec_per_iter: 0.8486  iters_per_sec: 1.1800  samples_per_sec: 18.8500  samples_per_sec_per_gpu: 4.7100  max_mem_allocated_mb: 664.7000  max_mem_reserved_mb: 22048.0000
2026/04/07 14:17:58 - mmengine - INFO - Epoch(train)  [3][4200/5000]  lr: 4.1293e-04  eta: 10:38:15  time: 0.8681  data_time: 0.0170  memory: 17783  grad_norm: 4.9244  loss: 1.5095  loss_heatmap: 0.3853  layer_-1_loss_cls: 0.0937  layer_-1_loss_bbox: 0.4315  matched_ious: 0.5493  aux_depth_loss: 0.5989  sec_per_iter: 0.8486  iters_per_sec: 1.1800  samples_per_sec: 18.8500  samples_per_sec_per_gpu: 4.7100  max_mem_allocated_mb: 664.7000  max_mem_reserved_mb: 22048.0000
2026/04/07 14:18:41 - mmengine - INFO - Epoch(train)  [3][4250/5000]  lr: 4.1432e-04  eta: 10:37:39  time: 0.8676  data_time: 0.0325  memory: 17671  grad_norm: 4.4029  loss: 1.5485  loss_heatmap: 0.4221  layer_-1_loss_cls: 0.1053  layer_-1_loss_bbox: 0.4395  matched_ious: 0.5112  aux_depth_loss: 0.5815  sec_per_iter: 0.8489  iters_per_sec: 1.1800  samples_per_sec: 18.8500  samples_per_sec_per_gpu: 4.7100  max_mem_allocated_mb: 664.7000  max_mem_reserved_mb: 22048.0000
2026/04/07 14:19:21 - mmengine - INFO - Epoch(train)  [3][4300/5000]  lr: 4.1570e-04  eta: 10:36:52  time: 0.8074  data_time: 0.0148  memory: 17701  grad_norm: 4.5141  loss: 1.6314  loss_heatmap: 0.4175  layer_-1_loss_cls: 0.1039  layer_-1_loss_bbox: 0.4705  matched_ious: 0.5609  aux_depth_loss: 0.6395  sec_per_iter: 0.8491  iters_per_sec: 1.1800  samples_per_sec: 18.8400  samples_per_sec_per_gpu: 4.7100  max_mem_allocated_mb: 664.7000  max_mem_reserved_mb: 22048.0000
2026/04/07 14:20:02 - mmengine - INFO - Epoch(train)  [3][4350/5000]  lr: 4.1708e-04  eta: 10:36:08  time: 0.8186  data_time: 0.0155  memory: 17799  grad_norm: 4.6412  loss: 1.5133  loss_heatmap: 0.3981  layer_-1_loss_cls: 0.0982  layer_-1_loss_bbox: 0.4234  matched_ious: 0.6165  aux_depth_loss: 0.5937  sec_per_iter: 0.8486  iters_per_sec: 1.1800  samples_per_sec: 18.8500  samples_per_sec_per_gpu: 4.7100  max_mem_allocated_mb: 664.7000  max_mem_reserved_mb: 22048.0000
2026/04/07 14:20:44 - mmengine - INFO - Epoch(train)  [3][4400/5000]  lr: 4.1844e-04  eta: 10:35:26  time: 0.8374  data_time: 0.0139  memory: 17831  grad_norm: 4.0135  loss: 1.5104  loss_heatmap: 0.3900  layer_-1_loss_cls: 0.0973  layer_-1_loss_bbox: 0.4457  matched_ious: 0.5848  aux_depth_loss: 0.5774  sec_per_iter: 0.8483  iters_per_sec: 1.1800  samples_per_sec: 18.8600  samples_per_sec_per_gpu: 4.7200  max_mem_allocated_mb: 664.7000  max_mem_reserved_mb: 22048.0000
2026/04/07 14:21:27 - mmengine - INFO - Epoch(train)  [3][4450/5000]  lr: 4.1980e-04  eta: 10:34:49  time: 0.8638  data_time: 0.0208  memory: 17861  grad_norm: 4.2163  loss: 1.5160  loss_heatmap: 0.4038  layer_-1_loss_cls: 0.1013  layer_-1_loss_bbox: 0.4156  matched_ious: 0.5043  aux_depth_loss: 0.5952  sec_per_iter: 0.8481  iters_per_sec: 1.1800  samples_per_sec: 18.8600  samples_per_sec_per_gpu: 4.7200  max_mem_allocated_mb: 664.7000  max_mem_reserved_mb: 22048.0000
2026/04/07 14:22:12 - mmengine - INFO - Epoch(train)  [3][4500/5000]  lr: 4.2115e-04  eta: 10:34:16  time: 0.8981  data_time: 0.0239  memory: 17844  grad_norm: 4.2541  loss: 1.6346  loss_heatmap: 0.4341  layer_-1_loss_cls: 0.1018  layer_-1_loss_bbox: 0.4840  matched_ious: 0.5586  aux_depth_loss: 0.6147  sec_per_iter: 0.8483  iters_per_sec: 1.1800  samples_per_sec: 18.8600  samples_per_sec_per_gpu: 4.7200  max_mem_allocated_mb: 664.7000  max_mem_reserved_mb: 22048.0000
2026/04/07 14:22:57 - mmengine - INFO - Epoch(train)  [3][4550/5000]  lr: 4.2248e-04  eta: 10:33:43  time: 0.8884  data_time: 0.0216  memory: 17740  grad_norm: 3.6583  loss: 1.5047  loss_heatmap: 0.4013  layer_-1_loss_cls: 0.0936  layer_-1_loss_bbox: 0.4388  matched_ious: 0.5372  aux_depth_loss: 0.5710  sec_per_iter: 0.8489  iters_per_sec: 1.1800  samples_per_sec: 18.8500  samples_per_sec_per_gpu: 4.7100  max_mem_allocated_mb: 664.7000  max_mem_reserved_mb: 22048.0000
2026/04/07 14:23:41 - mmengine - INFO - Epoch(train)  [3][4600/5000]  lr: 4.2381e-04  eta: 10:33:08  time: 0.8807  data_time: 0.0188  memory: 17716  grad_norm: 4.0726  loss: 1.4738  loss_heatmap: 0.4014  layer_-1_loss_cls: 0.1012  layer_-1_loss_bbox: 0.4018  matched_ious: 0.5016  aux_depth_loss: 0.5694  sec_per_iter: 0.8493  iters_per_sec: 1.1800  samples_per_sec: 18.8400  samples_per_sec_per_gpu: 4.7100  max_mem_allocated_mb: 664.7000  max_mem_reserved_mb: 22048.0000
2026/04/07 14:24:23 - mmengine - INFO - Epoch(train)  [3][4650/5000]  lr: 4.2513e-04  eta: 10:32:27  time: 0.8453  data_time: 0.0138  memory: 17748  grad_norm: 4.4434  loss: 1.5662  loss_heatmap: 0.4322  layer_-1_loss_cls: 0.1037  layer_-1_loss_bbox: 0.4444  matched_ious: 0.6018  aux_depth_loss: 0.5860  sec_per_iter: 0.8496  iters_per_sec: 1.1800  samples_per_sec: 18.8300  samples_per_sec_per_gpu: 4.7100  max_mem_allocated_mb: 664.7000  max_mem_reserved_mb: 22048.0000
2026/04/07 14:25:05 - mmengine - INFO - Epoch(train)  [3][4700/5000]  lr: 4.2645e-04  eta: 10:31:47  time: 0.8475  data_time: 0.0267  memory: 17847  grad_norm: 3.5659  loss: 1.4425  loss_heatmap: 0.3753  layer_-1_loss_cls: 0.0926  layer_-1_loss_bbox: 0.4075  matched_ious: 0.5813  aux_depth_loss: 0.5671  sec_per_iter: 0.8496  iters_per_sec: 1.1800  samples_per_sec: 18.8300  samples_per_sec_per_gpu: 4.7100  max_mem_allocated_mb: 664.7000  max_mem_reserved_mb: 22048.0000
2026/04/07 14:25:48 - mmengine - INFO - Epoch(train)  [3][4750/5000]  lr: 4.2775e-04  eta: 10:31:09  time: 0.8602  data_time: 0.0178  memory: 17754  grad_norm: 4.3263  loss: 1.6189  loss_heatmap: 0.4348  layer_-1_loss_cls: 0.1023  layer_-1_loss_bbox: 0.4778  matched_ious: 0.5457  aux_depth_loss: 0.6041  sec_per_iter: 0.8496  iters_per_sec: 1.1800  samples_per_sec: 18.8300  samples_per_sec_per_gpu: 4.7100  max_mem_allocated_mb: 664.7000  max_mem_reserved_mb: 22048.0000
2026/04/07 14:26:31 - mmengine - INFO - Epoch(train)  [3][4800/5000]  lr: 4.2904e-04  eta: 10:30:30  time: 0.8572  data_time: 0.0167  memory: 18092  grad_norm: 4.7225  loss: 1.5565  loss_heatmap: 0.4153  layer_-1_loss_cls: 0.0996  layer_-1_loss_bbox: 0.4534  matched_ious: 0.4727  aux_depth_loss: 0.5883  sec_per_iter: 0.8497  iters_per_sec: 1.1800  samples_per_sec: 18.8300  samples_per_sec_per_gpu: 4.7100  max_mem_allocated_mb: 664.7000  max_mem_reserved_mb: 22048.0000
2026/04/07 14:27:16 - mmengine - INFO - Epoch(train)  [3][4850/5000]  lr: 4.3032e-04  eta: 10:29:58  time: 0.9035  data_time: 0.0169  memory: 17842  grad_norm: 3.8330  loss: 1.5297  loss_heatmap: 0.4100  layer_-1_loss_cls: 0.1018  layer_-1_loss_bbox: 0.4271  matched_ious: 0.5191  aux_depth_loss: 0.5908  sec_per_iter: 0.8498  iters_per_sec: 1.1800  samples_per_sec: 18.8300  samples_per_sec_per_gpu: 4.7100  max_mem_allocated_mb: 664.7000  max_mem_reserved_mb: 22048.0000
2026/04/07 14:27:58 - mmengine - INFO - Epoch(train)  [3][4900/5000]  lr: 4.3160e-04  eta: 10:29:15  time: 0.8257  data_time: 0.0137  memory: 17703  grad_norm: 3.6849  loss: 1.5825  loss_heatmap: 0.4515  layer_-1_loss_cls: 0.1051  layer_-1_loss_bbox: 0.4530  matched_ious: 0.4726  aux_depth_loss: 0.5730  sec_per_iter: 0.8503  iters_per_sec: 1.1800  samples_per_sec: 18.8200  samples_per_sec_per_gpu: 4.7000  max_mem_allocated_mb: 664.7000  max_mem_reserved_mb: 22048.0000
2026/04/07 14:28:42 - mmengine - INFO - Epoch(train)  [3][4950/5000]  lr: 4.3286e-04  eta: 10:28:42  time: 0.8978  data_time: 0.0207  memory: 17871  grad_norm: 4.2555  loss: 1.4818  loss_heatmap: 0.3901  layer_-1_loss_cls: 0.0988  layer_-1_loss_bbox: 0.4031  matched_ious: 0.5841  aux_depth_loss: 0.5899  sec_per_iter: 0.8501  iters_per_sec: 1.1800  samples_per_sec: 18.8200  samples_per_sec_per_gpu: 4.7100  max_mem_allocated_mb: 664.7000  max_mem_reserved_mb: 22048.0000
2026/04/07 14:29:28 - mmengine - INFO - Exp name: zod_bevfusion_finetune_20260407_104526
2026/04/07 14:29:28 - mmengine - INFO - Epoch(train)  [3][5000/5000]  lr: 4.3411e-04  eta: 10:28:10  time: 0.9056  data_time: 0.0162  memory: 17772  grad_norm: 3.6269  loss: 1.5201  loss_heatmap: 0.4073  layer_-1_loss_cls: 0.0984  layer_-1_loss_bbox: 0.4459  matched_ious: 0.5806  aux_depth_loss: 0.5685  sec_per_iter: 0.8506  iters_per_sec: 1.1800  samples_per_sec: 18.8100  samples_per_sec_per_gpu: 4.7000  max_mem_allocated_mb: 664.7000  max_mem_reserved_mb: 22048.0000
2026/04/07 14:29:28 - mmengine - INFO - [Efficiency] Epoch 3: wall=4255.6s  iters=5000  sec/iter=0.851  mem_alloc=665MB  mem_rsv=22048MB
2026/04/07 14:29:30 - mmengine - INFO - Saved /home/users/u103958/projects/multimodal-MoE/outputs/runs/zod_bevfusion_finetune/bevfusion-finetune_4456392/visualizations/bev_before_backbone_epoch_3.png
2026/04/07 14:29:30 - mmengine - INFO - Saved /home/users/u103958/projects/multimodal-MoE/outputs/runs/zod_bevfusion_finetune/bevfusion-finetune_4456392/visualizations/bev_after_fpn_epoch_3.png
2026/04/07 14:29:31 - mmengine - INFO - Saved /home/users/u103958/projects/multimodal-MoE/outputs/runs/zod_bevfusion_finetune/bevfusion-finetune_4456392/visualizations/bev_pred_vs_gt_epoch_3.png  (GT=16, pred=14, max_score=0.571)
2026/04/07 14:29:31 - mmengine - INFO - Saved /home/users/u103958/projects/multimodal-MoE/outputs/runs/zod_bevfusion_finetune/bevfusion-finetune_4456392/visualizations/bev_val_pred_vs_gt_epoch_3.png  (GT=25, pred=15, max_score=0.688)
2026/04/07 14:29:32 - mmengine - INFO - Saved /home/users/u103958/projects/multimodal-MoE/outputs/runs/zod_bevfusion_finetune/bevfusion-finetune_4456392/visualizations/camera_bev_features_epoch_3.png
2026/04/07 14:29:32 - mmengine - INFO - Saved /home/users/u103958/projects/multimodal-MoE/outputs/runs/zod_bevfusion_finetune/bevfusion-finetune_4456392/visualizations/fused_bev_features_epoch_3.png
2026/04/07 14:29:35 - mmengine - INFO - Saved /home/users/u103958/projects/multimodal-MoE/outputs/runs/zod_bevfusion_finetune/bevfusion-finetune_4456392/visualizations/depth_transform_diagnostic_epoch_3.png
2026/04/07 14:29:35 - mmengine - INFO - ========================================================================
2026/04/07 14:29:35 - mmengine - INFO -   DEPTH PROJECTION DEBUG — Sparse depth analysis
2026/04/07 14:29:35 - mmengine - INFO - ========================================================================
2026/04/07 14:29:35 - mmengine - INFO -   lidar2img  shape=(1, 4, 4)
2026/04/07 14:29:35 - mmengine - INFO -     [  622.2576  -478.3849    -1.9513 -1257.4954]
2026/04/07 14:29:35 - mmengine - INFO -     [ 350.0951    7.6426 -478.2796 -167.8321]
2026/04/07 14:29:35 - mmengine - INFO -     [ 1.      0.003   0.0074 -2.0314]
2026/04/07 14:29:35 - mmengine - INFO -     [0. 0. 0. 1.]
2026/04/07 14:29:35 - mmengine - INFO -   cam2img  shape=(1, 4, 4)
2026/04/07 14:29:35 - mmengine - INFO -     [480.324    0.     620.7651   0.    ]
2026/04/07 14:29:35 - mmengine - INFO -     [  0.     480.9149 346.5506   0.    ]
2026/04/07 14:29:35 - mmengine - INFO -     [0. 0. 1. 0.]
2026/04/07 14:29:35 - mmengine - INFO -     [0. 0. 0. 1.]
2026/04/07 14:29:35 - mmengine - INFO -   img_aug_matrix  shape=(1, 4, 4)
2026/04/07 14:29:35 - mmengine - INFO -     [1. 0. 0. 0.]
2026/04/07 14:29:35 - mmengine - INFO -     [0. 1. 0. 0.]
2026/04/07 14:29:35 - mmengine - INFO -     [0. 0. 1. 0.]
2026/04/07 14:29:35 - mmengine - INFO -     [0. 0. 0. 1.]
2026/04/07 14:29:35 - mmengine - INFO -   lidar_aug_matrix  shape=(4, 4)
2026/04/07 14:29:35 - mmengine - INFO -     [1. 0. 0. 0.]
2026/04/07 14:29:35 - mmengine - INFO -     [0. 1. 0. 0.]
2026/04/07 14:29:35 - mmengine - INFO -     [0. 0. 1. 0.]
2026/04/07 14:29:35 - mmengine - INFO -     [0. 0. 0. 1.]
2026/04/07 14:29:35 - mmengine - INFO -   img tensor shape: (1, 1, 3, 704, 1248)
2026/04/07 14:29:35 - mmengine - INFO -   points[0] shape:  (50570, 4)
2026/04/07 14:29:35 - mmengine - INFO -   image_size=[704, 1248]  feature_size=[88, 156]  D=178
2026/04/07 14:29:35 - mmengine - INFO -   projected: 50570 / 50570 on image
2026/04/07 14:29:35 - mmengine - INFO -   row min/max/mean: 226.9 / 703.6 / 382.4
2026/04/07 14:29:35 - mmengine - INFO - ------------------------------------------------------------------------
2026/04/07 14:29:35 - mmengine - INFO -   MULTI-HIT / OVERWRITE ANALYSIS (full-res depth map)
2026/04/07 14:29:35 - mmengine - INFO -   total LiDAR hits on image:     50570
2026/04/07 14:29:35 - mmengine - INFO -   unique pixels occupied:         45944
2026/04/07 14:29:35 - mmengine - INFO -   pixels with >1 hit:             4354
2026/04/07 14:29:35 - mmengine - INFO -   overwritten points (lost):      4626  (9.1%)
2026/04/07 14:29:35 - mmengine - INFO -   multi-hit max/mean:             4 / 2.1
2026/04/07 14:29:35 - mmengine - INFO -   full-res occupancy:             45944 / 878592 = 5.229%
2026/04/07 14:29:35 - mmengine - INFO - ------------------------------------------------------------------------
2026/04/07 14:29:35 - mmengine - INFO -   OCCUPANCY THROUGH DEPTH PIPELINE
2026/04/07 14:29:35 - mmengine - INFO -   sparse_depth (full-res):  (1, 1, 704, 1248)
2026/04/07 14:29:35 - mmengine - INFO -     nonzero: 156662 / 878592  (17.831%)
2026/04/07 14:29:35 - mmengine - INFO -     active rows: 479/704  cols: 1248/1248
2026/04/07 14:29:35 - mmengine - INFO -   dtransform output:        (1, 64, 88, 156)
2026/04/07 14:29:35 - mmengine - INFO -     active cells (any ch>0): 13728 / 13728  (100.00%)
2026/04/07 14:29:35 - mmengine - INFO -   img_features:             (1, 1, 256, 88, 156)
2026/04/07 14:29:35 - mmengine - INFO -   depthnet output:          (1, 258, 88, 156)
2026/04/07 14:29:35 - mmengine - INFO -   camera BEV:               (1, 80, 180, 180)
2026/04/07 14:29:38 - mmengine - INFO -   Saved /home/users/u103958/projects/multimodal-MoE/outputs/runs/zod_bevfusion_finetune/bevfusion-finetune_4456392/debug/sparse_depth_pipeline.png
2026/04/07 14:29:40 - mmengine - INFO -   Saved /home/users/u103958/projects/multimodal-MoE/outputs/runs/zod_bevfusion_finetune/bevfusion-finetune_4456392/debug/lidar_projection_overlay.png
2026/04/07 14:29:40 - mmengine - INFO - ========================================================================
2026/04/07 14:29:52 - mmengine - INFO - Epoch(val)  [3][  50/1250]    eta: 0:04:54  time: 0.2458  data_time: 0.0079  memory: 4844  
2026/04/07 14:30:05 - mmengine - INFO - Epoch(val)  [3][ 100/1250]    eta: 0:04:47  time: 0.2549  data_time: 0.0063  memory: 4850  
2026/04/07 14:30:18 - mmengine - INFO - Epoch(val)  [3][ 150/1250]    eta: 0:04:38  time: 0.2579  data_time: 0.0214  memory: 4853  
2026/04/07 14:30:31 - mmengine - INFO - Epoch(val)  [3][ 200/1250]    eta: 0:04:31  time: 0.2745  data_time: 0.0059  memory: 4850  
2026/04/07 14:30:43 - mmengine - INFO - Epoch(val)  [3][ 250/1250]    eta: 0:04:13  time: 0.2370  data_time: 0.0050  memory: 4840  
2026/04/07 14:30:57 - mmengine - INFO - Epoch(val)  [3][ 300/1250]    eta: 0:04:04  time: 0.2729  data_time: 0.0284  memory: 4848  
2026/04/07 14:31:09 - mmengine - INFO - Epoch(val)  [3][ 350/1250]    eta: 0:03:50  time: 0.2486  data_time: 0.0054  memory: 4850  
2026/04/07 14:31:22 - mmengine - INFO - Epoch(val)  [3][ 400/1250]    eta: 0:03:36  time: 0.2475  data_time: 0.0052  memory: 4840  
2026/04/07 14:31:35 - mmengine - INFO - Epoch(val)  [3][ 450/1250]    eta: 0:03:24  time: 0.2590  data_time: 0.0071  memory: 4844  
2026/04/07 14:31:48 - mmengine - INFO - Epoch(val)  [3][ 500/1250]    eta: 0:03:11  time: 0.2611  data_time: 0.0068  memory: 4843  
2026/04/07 14:32:00 - mmengine - INFO - Epoch(val)  [3][ 550/1250]    eta: 0:02:58  time: 0.2458  data_time: 0.0053  memory: 4843  
2026/04/07 14:32:13 - mmengine - INFO - Epoch(val)  [3][ 600/1250]    eta: 0:02:45  time: 0.2548  data_time: 0.0065  memory: 4847  
2026/04/07 14:32:25 - mmengine - INFO - Epoch(val)  [3][ 650/1250]    eta: 0:02:32  time: 0.2439  data_time: 0.0057  memory: 4847  
2026/04/07 14:32:38 - mmengine - INFO - Epoch(val)  [3][ 700/1250]    eta: 0:02:19  time: 0.2579  data_time: 0.0064  memory: 4844  
2026/04/07 14:32:49 - mmengine - INFO - Epoch(val)  [3][ 750/1250]    eta: 0:02:06  time: 0.2324  data_time: 0.0051  memory: 4846  
2026/04/07 14:33:01 - mmengine - INFO - Epoch(val)  [3][ 800/1250]    eta: 0:01:53  time: 0.2375  data_time: 0.0058  memory: 4841  
2026/04/07 14:33:15 - mmengine - INFO - Epoch(val)  [3][ 850/1250]    eta: 0:01:41  time: 0.2771  data_time: 0.0057  memory: 4846  
2026/04/07 14:33:27 - mmengine - INFO - Epoch(val)  [3][ 900/1250]    eta: 0:01:28  time: 0.2393  data_time: 0.0052  memory: 4851  
2026/04/07 14:33:39 - mmengine - INFO - Epoch(val)  [3][ 950/1250]    eta: 0:01:15  time: 0.2422  data_time: 0.0050  memory: 4847  
2026/04/07 14:33:51 - mmengine - INFO - Epoch(val)  [3][1000/1250]    eta: 0:01:02  time: 0.2363  data_time: 0.0055  memory: 4850  
2026/04/07 14:34:05 - mmengine - INFO - Epoch(val)  [3][1050/1250]    eta: 0:00:50  time: 0.2718  data_time: 0.0112  memory: 4850  
2026/04/07 14:34:17 - mmengine - INFO - Epoch(val)  [3][1100/1250]    eta: 0:00:37  time: 0.2552  data_time: 0.0052  memory: 4850  
2026/04/07 14:34:30 - mmengine - INFO - Epoch(val)  [3][1150/1250]    eta: 0:00:25  time: 0.2443  data_time: 0.0056  memory: 4845  
2026/04/07 14:34:42 - mmengine - INFO - Epoch(val)  [3][1200/1250]    eta: 0:00:12  time: 0.2468  data_time: 0.0092  memory: 4843  
2026/04/07 14:34:54 - mmengine - INFO - Epoch(val)  [3][1250/1250]    eta: 0:00:00  time: 0.2444  data_time: 0.0069  memory: 4847  
2026/04/07 14:36:12 - mmengine - INFO - 
+------------+---------+---------+---------+---------+
| classes    | AP_0.25 | AR_0.25 | AP_0.50 | AR_0.50 |
+------------+---------+---------+---------+---------+
| pedestrian | 0.7607  | 0.9294  | 0.4845  | 0.6635  |
+------------+---------+---------+---------+---------+
| Overall    | 0.7607  | 0.9294  | 0.4845  | 0.6635  |
+------------+---------+---------+---------+---------+
2026/04/07 14:36:42 - mmengine - INFO - 
+------------+---------+---------+---------+---------+---------+---------+---------+---------+
| classes    | AP_0.5m | AR_0.5m | AP_1.0m | AR_1.0m | AP_2.0m | AR_2.0m | AP_4.0m | AR_4.0m |
+------------+---------+---------+---------+---------+---------+---------+---------+---------+
| pedestrian | 0.7847  | 0.9634  | 0.7936  | 0.9711  | 0.7989  | 0.9756  | 0.8055  | 0.9816  |
+------------+---------+---------+---------+---------+---------+---------+---------+---------+
| Overall    | 0.7847  | 0.9634  | 0.7936  | 0.9711  | 0.7989  | 0.9756  | 0.8055  | 0.9816  |
+------------+---------+---------+---------+---------+---------+---------+---------+---------+
2026/04/07 14:36:43 - mmengine - INFO - Epoch(val) [3][1250/1250]    pedestrian_AP_0.25: 0.7607  mAP_0.25: 0.7607  pedestrian_rec_0.25: 0.9294  mAR_0.25: 0.9294  pedestrian_AP_0.50: 0.4845  mAP_0.50: 0.4845  pedestrian_rec_0.50: 0.6635  mAR_0.50: 0.6635  pedestrian_AP_0.5m: 0.7847  pedestrian_rec_0.5m: 0.9634  pedestrian_AP_1.0m: 0.7936  pedestrian_rec_1.0m: 0.9711  pedestrian_AP_2.0m: 0.7989  pedestrian_rec_2.0m: 0.9756  pedestrian_AP_4.0m: 0.8055  pedestrian_rec_4.0m: 0.9816  mAP_0.5m: 0.7847  mAR_0.5m: 0.9634  mAP_1.0m: 0.7936  mAR_1.0m: 0.9711  mAP_2.0m: 0.7989  mAR_2.0m: 0.9756  mAP_4.0m: 0.8055  mAR_4.0m: 0.9816  data_time: 0.0078  time: 0.2515
2026/04/07 14:37:29 - mmengine - INFO - Epoch(train)  [4][  50/5000]  lr: 4.3536e-04  eta: 10:27:42  time: 0.9302  data_time: 0.0275  memory: 17874  grad_norm: 4.1331  loss: 1.5020  loss_heatmap: 0.4043  layer_-1_loss_cls: 0.1000  layer_-1_loss_bbox: 0.4347  matched_ious: 0.4951  aux_depth_loss: 0.5628  sec_per_iter: 0.8511  iters_per_sec: 1.1700  samples_per_sec: 18.8000  samples_per_sec_per_gpu: 4.7000  max_mem_allocated_mb: 664.7000  max_mem_reserved_mb: 22048.0000
2026/04/07 14:38:12 - mmengine - INFO - Epoch(train)  [4][ 100/5000]  lr: 4.3659e-04  eta: 10:27:02  time: 0.8494  data_time: 0.0132  memory: 17659  grad_norm: 4.2809  loss: 1.5361  loss_heatmap: 0.4186  layer_-1_loss_cls: 0.1058  layer_-1_loss_bbox: 0.4454  matched_ious: 0.4696  aux_depth_loss: 0.5663  sec_per_iter: 0.9308  iters_per_sec: 1.0700  samples_per_sec: 17.1900  samples_per_sec_per_gpu: 4.3000  max_mem_allocated_mb: 664.7000  max_mem_reserved_mb: 22048.0000
2026/04/07 14:38:57 - mmengine - INFO - Epoch(train)  [4][ 150/5000]  lr: 4.3782e-04  eta: 10:26:28  time: 0.8889  data_time: 0.0162  memory: 17852  grad_norm: 3.8301  loss: 1.4879  loss_heatmap: 0.3911  layer_-1_loss_cls: 0.0957  layer_-1_loss_bbox: 0.4191  matched_ious: 0.5194  aux_depth_loss: 0.5821  sec_per_iter: 0.8905  iters_per_sec: 1.1200  samples_per_sec: 17.9700  samples_per_sec_per_gpu: 4.4900  max_mem_allocated_mb: 664.7000  max_mem_reserved_mb: 22048.0000
2026/04/07 14:39:40 - mmengine - INFO - Epoch(train)  [4][ 200/5000]  lr: 4.3903e-04  eta: 10:25:51  time: 0.8699  data_time: 0.0364  memory: 17777  grad_norm: 3.9884  loss: 1.5311  loss_heatmap: 0.4132  layer_-1_loss_cls: 0.1054  layer_-1_loss_bbox: 0.4390  matched_ious: 0.5265  aux_depth_loss: 0.5734  sec_per_iter: 0.8920  iters_per_sec: 1.1200  samples_per_sec: 17.9400  samples_per_sec_per_gpu: 4.4800  max_mem_allocated_mb: 664.7000  max_mem_reserved_mb: 22048.0000
2026/04/07 14:40:22 - mmengine - INFO - Epoch(train)  [4][ 250/5000]  lr: 4.4023e-04  eta: 10:25:09  time: 0.8427  data_time: 0.0148  memory: 17668  grad_norm: 4.3622  loss: 1.5079  loss_heatmap: 0.4029  layer_-1_loss_cls: 0.0974  layer_-1_loss_bbox: 0.4211  matched_ious: 0.5956  aux_depth_loss: 0.5866  sec_per_iter: 0.8848  iters_per_sec: 1.1300  samples_per_sec: 18.0800  samples_per_sec_per_gpu: 4.5200  max_mem_allocated_mb: 664.7000  max_mem_reserved_mb: 22048.0000
2026/04/07 14:41:04 - mmengine - INFO - Epoch(train)  [4][ 300/5000]  lr: 4.4143e-04  eta: 10:24:27  time: 0.8370  data_time: 0.0155  memory: 17669  grad_norm: 4.7397  loss: 1.6787  loss_heatmap: 0.4338  layer_-1_loss_cls: 0.1012  layer_-1_loss_bbox: 0.5109  matched_ious: 0.5608  aux_depth_loss: 0.6328  sec_per_iter: 0.8764  iters_per_sec: 1.1400  samples_per_sec: 18.2600  samples_per_sec_per_gpu: 4.5600  max_mem_allocated_mb: 664.7000  max_mem_reserved_mb: 22048.0000
2026/04/07 14:41:46 - mmengine - INFO - Epoch(train)  [4][ 350/5000]  lr: 4.4261e-04  eta: 10:23:47  time: 0.8485  data_time: 0.0143  memory: 17764  grad_norm: 4.1733  loss: 1.6156  loss_heatmap: 0.4299  layer_-1_loss_cls: 0.0994  layer_-1_loss_bbox: 0.4832  matched_ious: 0.5774  aux_depth_loss: 0.6030  sec_per_iter: 0.8699  iters_per_sec: 1.1500  samples_per_sec: 18.3900  samples_per_sec_per_gpu: 4.6000  max_mem_allocated_mb: 664.7000  max_mem_reserved_mb: 22048.0000
2026/04/07 14:42:29 - mmengine - INFO - Epoch(train)  [4][ 400/5000]  lr: 4.4379e-04  eta: 10:23:07  time: 0.8494  data_time: 0.0162  memory: 17797  grad_norm: 3.3354  loss: 1.4731  loss_heatmap: 0.3955  layer_-1_loss_cls: 0.1000  layer_-1_loss_bbox: 0.4108  matched_ious: 0.5369  aux_depth_loss: 0.5668  sec_per_iter: 0.8669  iters_per_sec: 1.1500  samples_per_sec: 18.4600  samples_per_sec_per_gpu: 4.6100  max_mem_allocated_mb: 664.7000  max_mem_reserved_mb: 22048.0000
2026/04/07 14:43:11 - mmengine - INFO - Epoch(train)  [4][ 450/5000]  lr: 4.4495e-04  eta: 10:22:26  time: 0.8500  data_time: 0.0160  memory: 17965  grad_norm: 3.7411  loss: 1.5198  loss_heatmap: 0.4010  layer_-1_loss_cls: 0.1028  layer_-1_loss_bbox: 0.4368  matched_ious: 0.4961  aux_depth_loss: 0.5792  sec_per_iter: 0.8647  iters_per_sec: 1.1600  samples_per_sec: 18.5000  samples_per_sec_per_gpu: 4.6300  max_mem_allocated_mb: 664.7000  max_mem_reserved_mb: 22048.0000
2026/04/07 14:43:54 - mmengine - INFO - Epoch(train)  [4][ 500/5000]  lr: 4.4610e-04  eta: 10:21:46  time: 0.8472  data_time: 0.0205  memory: 17735  grad_norm: 4.4397  loss: 1.6344  loss_heatmap: 0.4386  layer_-1_loss_cls: 0.1007  layer_-1_loss_bbox: 0.4951  matched_ious: 0.6174  aux_depth_loss: 0.6000  sec_per_iter: 0.8630  iters_per_sec: 1.1600  samples_per_sec: 18.5400  samples_per_sec_per_gpu: 4.6300  max_mem_allocated_mb: 664.7000  max_mem_reserved_mb: 22048.0000
2026/04/07 14:44:36 - mmengine - INFO - Epoch(train)  [4][ 550/5000]  lr: 4.4724e-04  eta: 10:21:04  time: 0.8374  data_time: 0.0148  memory: 17770  grad_norm: 4.3847  loss: 1.5583  loss_heatmap: 0.4330  layer_-1_loss_cls: 0.1105  layer_-1_loss_bbox: 0.4248  matched_ious: 0.5639  aux_depth_loss: 0.5901  sec_per_iter: 0.8614  iters_per_sec: 1.1600  samples_per_sec: 18.5700  samples_per_sec_per_gpu: 4.6400  max_mem_allocated_mb: 664.7000  max_mem_reserved_mb: 22048.0000
2026/04/07 14:45:19 - mmengine - INFO - Epoch(train)  [4][ 600/5000]  lr: 4.4837e-04  eta: 10:20:25  time: 0.8601  data_time: 0.0261  memory: 17769  grad_norm: 3.6292  loss: 1.4360  loss_heatmap: 0.3821  layer_-1_loss_cls: 0.0960  layer_-1_loss_bbox: 0.3915  matched_ious: 0.5841  aux_depth_loss: 0.5663  sec_per_iter: 0.8593  iters_per_sec: 1.1600  samples_per_sec: 18.6200  samples_per_sec_per_gpu: 4.6600  max_mem_allocated_mb: 664.7000  max_mem_reserved_mb: 22048.0000
2026/04/07 14:46:01 - mmengine - INFO - Epoch(train)  [4][ 650/5000]  lr: 4.4949e-04  eta: 10:19:44  time: 0.8437  data_time: 0.0143  memory: 17912  grad_norm: 3.8266  loss: 1.5060  loss_heatmap: 0.4193  layer_-1_loss_cls: 0.1031  layer_-1_loss_bbox: 0.4250  matched_ious: 0.5542  aux_depth_loss: 0.5586  sec_per_iter: 0.8593  iters_per_sec: 1.1600  samples_per_sec: 18.6200  samples_per_sec_per_gpu: 4.6500  max_mem_allocated_mb: 664.7000  max_mem_reserved_mb: 22048.0000
2026/04/07 14:46:43 - mmengine - INFO - Epoch(train)  [4][ 700/5000]  lr: 4.5060e-04  eta: 10:19:02  time: 0.8416  data_time: 0.0218  memory: 17891  grad_norm: 3.9413  loss: 1.5666  loss_heatmap: 0.4319  layer_-1_loss_cls: 0.1039  layer_-1_loss_bbox: 0.4621  matched_ious: 0.5804  aux_depth_loss: 0.5687  sec_per_iter: 0.8581  iters_per_sec: 1.1700  samples_per_sec: 18.6500  samples_per_sec_per_gpu: 4.6600  max_mem_allocated_mb: 664.7000  max_mem_reserved_mb: 22048.0000
2026/04/07 14:47:24 - mmengine - INFO - Epoch(train)  [4][ 750/5000]  lr: 4.5170e-04  eta: 10:18:19  time: 0.8318  data_time: 0.0167  memory: 17639  grad_norm: 4.2857  loss: 1.4731  loss_heatmap: 0.3981  layer_-1_loss_cls: 0.0975  layer_-1_loss_bbox: 0.4014  matched_ious: 0.5655  aux_depth_loss: 0.5762  sec_per_iter: 0.8569  iters_per_sec: 1.1700  samples_per_sec: 18.6700  samples_per_sec_per_gpu: 4.6700  max_mem_allocated_mb: 664.7000  max_mem_reserved_mb: 22048.0000
2026/04/07 14:48:06 - mmengine - INFO - Epoch(train)  [4][ 800/5000]  lr: 4.5279e-04  eta: 10:17:35  time: 0.8232  data_time: 0.0158  memory: 17951  grad_norm: 4.0671  loss: 1.5949  loss_heatmap: 0.4336  layer_-1_loss_cls: 0.1081  layer_-1_loss_bbox: 0.4676  matched_ious: 0.5136  aux_depth_loss: 0.5856  sec_per_iter: 0.8553  iters_per_sec: 1.1700  samples_per_sec: 18.7100  samples_per_sec_per_gpu: 4.6800  max_mem_allocated_mb: 664.7000  max_mem_reserved_mb: 22048.0000
2026/04/07 14:48:50 - mmengine - INFO - Epoch(train)  [4][ 850/5000]  lr: 4.5387e-04  eta: 10:17:01  time: 0.8922  data_time: 0.0220  memory: 17666  grad_norm: nan  loss: 1.5182  loss_heatmap: 0.4201  layer_-1_loss_cls: 0.1003  layer_-1_loss_bbox: 0.4242  matched_ious: 0.5241  aux_depth_loss: 0.5737  sec_per_iter: 0.8533  iters_per_sec: 1.1700  samples_per_sec: 18.7500  samples_per_sec_per_gpu: 4.6900  max_mem_allocated_mb: 664.7000  max_mem_reserved_mb: 22048.0000
2026/04/07 14:49:32 - mmengine - INFO - Epoch(train)  [4][ 900/5000]  lr: 4.5493e-04  eta: 10:16:19  time: 0.8391  data_time: 0.0164  memory: 17921  grad_norm: 3.6483  loss: 1.5164  loss_heatmap: 0.4169  layer_-1_loss_cls: 0.0966  layer_-1_loss_bbox: 0.4446  matched_ious: 0.5717  aux_depth_loss: 0.5583  sec_per_iter: 0.8555  iters_per_sec: 1.1700  samples_per_sec: 18.7000  samples_per_sec_per_gpu: 4.6800  max_mem_allocated_mb: 664.7000  max_mem_reserved_mb: 22048.0000
2026/04/07 14:50:14 - mmengine - INFO - Epoch(train)  [4][ 950/5000]  lr: 4.5599e-04  eta: 10:15:37  time: 0.8378  data_time: 0.0180  memory: 17744  grad_norm: 3.6902  loss: 1.5209  loss_heatmap: 0.4259  layer_-1_loss_cls: 0.1070  layer_-1_loss_bbox: 0.4254  matched_ious: 0.5487  aux_depth_loss: 0.5626  sec_per_iter: 0.8547  iters_per_sec: 1.1700  samples_per_sec: 18.7200  samples_per_sec_per_gpu: 4.6800  max_mem_allocated_mb: 664.7000  max_mem_reserved_mb: 22048.0000
2026/04/07 14:50:58 - mmengine - INFO - Exp name: zod_bevfusion_finetune_20260407_104526
2026/04/07 14:50:58 - mmengine - INFO - Epoch(train)  [4][1000/5000]  lr: 4.5703e-04  eta: 10:15:01  time: 0.8831  data_time: 0.0167  memory: 17809  grad_norm: 4.3874  loss: 1.5299  loss_heatmap: 0.4108  layer_-1_loss_cls: 0.1022  layer_-1_loss_bbox: 0.4349  matched_ious: 0.5944  aux_depth_loss: 0.5821  sec_per_iter: 0.8538  iters_per_sec: 1.1700  samples_per_sec: 18.7400  samples_per_sec_per_gpu: 4.6800  max_mem_allocated_mb: 664.7000  max_mem_reserved_mb: 22048.0000
2026/04/07 14:51:39 - mmengine - INFO - Epoch(train)  [4][1050/5000]  lr: 4.5807e-04  eta: 10:14:16  time: 0.8158  data_time: 0.0156  memory: 17773  grad_norm: 4.1710  loss: 1.5046  loss_heatmap: 0.4084  layer_-1_loss_cls: 0.1006  layer_-1_loss_bbox: 0.4211  matched_ious: 0.5569  aux_depth_loss: 0.5746  sec_per_iter: 0.8553  iters_per_sec: 1.1700  samples_per_sec: 18.7100  samples_per_sec_per_gpu: 4.6800  max_mem_allocated_mb: 664.7000  max_mem_reserved_mb: 22048.0000
2026/04/07 14:52:22 - mmengine - INFO - Epoch(train)  [4][1100/5000]  lr: 4.5909e-04  eta: 10:13:38  time: 0.8690  data_time: 0.0187  memory: 17696  grad_norm: 3.6314  loss: 1.4897  loss_heatmap: 0.3810  layer_-1_loss_cls: 0.0979  layer_-1_loss_bbox: 0.4319  matched_ious: 0.5154  aux_depth_loss: 0.5789  sec_per_iter: 0.8534  iters_per_sec: 1.1700  samples_per_sec: 18.7500  samples_per_sec_per_gpu: 4.6900  max_mem_allocated_mb: 664.7000  max_mem_reserved_mb: 22048.0000
2026/04/07 14:53:07 - mmengine - INFO - Epoch(train)  [4][1150/5000]  lr: 4.6010e-04  eta: 10:13:04  time: 0.8922  data_time: 0.0250  memory: 17740  grad_norm: 3.7199  loss: 1.5143  loss_heatmap: 0.4149  layer_-1_loss_cls: 0.1046  layer_-1_loss_bbox: 0.4428  matched_ious: 0.5662  aux_depth_loss: 0.5519  sec_per_iter: 0.8541  iters_per_sec: 1.1700  samples_per_sec: 18.7300  samples_per_sec_per_gpu: 4.6800  max_mem_allocated_mb: 664.7000  max_mem_reserved_mb: 22048.0000
2026/04/07 14:53:51 - mmengine - INFO - Epoch(train)  [4][1200/5000]  lr: 4.6110e-04  eta: 10:12:28  time: 0.8831  data_time: 0.0147  memory: 17920  grad_norm: 4.0437  loss: 1.4934  loss_heatmap: 0.4083  layer_-1_loss_cls: 0.1022  layer_-1_loss_bbox: 0.4188  matched_ious: 0.5629  aux_depth_loss: 0.5641  sec_per_iter: 0.8557  iters_per_sec: 1.1700  samples_per_sec: 18.7000  samples_per_sec_per_gpu: 4.6700  max_mem_allocated_mb: 664.7000  max_mem_reserved_mb: 22048.0000
2026/04/07 14:54:35 - mmengine - INFO - Epoch(train)  [4][1250/5000]  lr: 4.6208e-04  eta: 10:11:50  time: 0.8694  data_time: 0.0149  memory: 17814  grad_norm: 3.8732  loss: 1.5221  loss_heatmap: 0.4222  layer_-1_loss_cls: 0.1068  layer_-1_loss_bbox: 0.4308  matched_ious: 0.5844  aux_depth_loss: 0.5622  sec_per_iter: 0.8569  iters_per_sec: 1.1700  samples_per_sec: 18.6700  samples_per_sec_per_gpu: 4.6700  max_mem_allocated_mb: 664.7000  max_mem_reserved_mb: 22048.0000
2026/04/07 14:55:16 - mmengine - INFO - Epoch(train)  [4][1300/5000]  lr: 4.6306e-04  eta: 10:11:07  time: 0.8339  data_time: 0.0144  memory: 17807  grad_norm: 3.9639  loss: 1.5703  loss_heatmap: 0.4233  layer_-1_loss_cls: 0.1036  layer_-1_loss_bbox: 0.4586  matched_ious: 0.5672  aux_depth_loss: 0.5848  sec_per_iter: 0.8574  iters_per_sec: 1.1700  samples_per_sec: 18.6600  samples_per_sec_per_gpu: 4.6700  max_mem_allocated_mb: 664.7000  max_mem_reserved_mb: 22048.0000
2026/04/07 14:55:58 - mmengine - INFO - Epoch(train)  [4][1350/5000]  lr: 4.6402e-04  eta: 10:10:25  time: 0.8339  data_time: 0.0165  memory: 17800  grad_norm: 3.4661  loss: 1.5252  loss_heatmap: 0.4194  layer_-1_loss_cls: 0.1050  layer_-1_loss_bbox: 0.4349  matched_ious: 0.4806  aux_depth_loss: 0.5658  sec_per_iter: 0.8566  iters_per_sec: 1.1700  samples_per_sec: 18.6800  samples_per_sec_per_gpu: 4.6700  max_mem_allocated_mb: 664.7000  max_mem_reserved_mb: 22048.0000
2026/04/07 14:56:43 - mmengine - INFO - Epoch(train)  [4][1400/5000]  lr: 4.6498e-04  eta: 10:09:51  time: 0.8987  data_time: 0.0185  memory: 17812  grad_norm: 4.1333  loss: 1.5131  loss_heatmap: 0.4007  layer_-1_loss_cls: 0.1023  layer_-1_loss_bbox: 0.4462  matched_ious: 0.5334  aux_depth_loss: 0.5639  sec_per_iter: 0.8557  iters_per_sec: 1.1700  samples_per_sec: 18.7000  samples_per_sec_per_gpu: 4.6700  max_mem_allocated_mb: 664.7000  max_mem_reserved_mb: 22048.0000
2026/04/07 14:57:26 - mmengine - INFO - Epoch(train)  [4][1450/5000]  lr: 4.6592e-04  eta: 10:09:11  time: 0.8589  data_time: 0.0180  memory: 17715  grad_norm: 4.1843  loss: 1.5322  loss_heatmap: 0.4135  layer_-1_loss_cls: 0.1023  layer_-1_loss_bbox: 0.4463  matched_ious: 0.5042  aux_depth_loss: 0.5701  sec_per_iter: 0.8572  iters_per_sec: 1.1700  samples_per_sec: 18.6700  samples_per_sec_per_gpu: 4.6700  max_mem_allocated_mb: 664.7000  max_mem_reserved_mb: 22048.0000
2026/04/07 14:58:09 - mmengine - INFO - Epoch(train)  [4][1500/5000]  lr: 4.6685e-04  eta: 10:08:32  time: 0.8574  data_time: 0.0146  memory: 17778  grad_norm: 3.8401  loss: 1.4814  loss_heatmap: 0.3993  layer_-1_loss_cls: 0.1004  layer_-1_loss_bbox: 0.4127  matched_ious: 0.5603  aux_depth_loss: 0.5689  sec_per_iter: 0.8572  iters_per_sec: 1.1700  samples_per_sec: 18.6600  samples_per_sec_per_gpu: 4.6700  max_mem_allocated_mb: 664.7000  max_mem_reserved_mb: 22048.0000
2026/04/07 14:58:53 - mmengine - INFO - Epoch(train)  [4][1550/5000]  lr: 4.6776e-04  eta: 10:07:55  time: 0.8828  data_time: 0.0140  memory: 17849  grad_norm: 4.1420  loss: 1.4930  loss_heatmap: 0.4015  layer_-1_loss_cls: 0.1021  layer_-1_loss_bbox: 0.4177  matched_ious: 0.5802  aux_depth_loss: 0.5716  sec_per_iter: 0.8572  iters_per_sec: 1.1700  samples_per_sec: 18.6600  samples_per_sec_per_gpu: 4.6700  max_mem_allocated_mb: 664.7000  max_mem_reserved_mb: 22048.0000
2026/04/07 14:59:37 - mmengine - INFO - Epoch(train)  [4][1600/5000]  lr: 4.6867e-04  eta: 10:07:19  time: 0.8849  data_time: 0.0189  memory: 17685  grad_norm: 3.6567  loss: 1.5195  loss_heatmap: 0.4258  layer_-1_loss_cls: 0.1038  layer_-1_loss_bbox: 0.4452  matched_ious: 0.5683  aux_depth_loss: 0.5447  sec_per_iter: 0.8581  iters_per_sec: 1.1700  samples_per_sec: 18.6500  samples_per_sec_per_gpu: 4.6600  max_mem_allocated_mb: 664.7000  max_mem_reserved_mb: 22048.0000
2026/04/07 15:00:22 - mmengine - INFO - Epoch(train)  [4][1650/5000]  lr: 4.6956e-04  eta: 10:06:44  time: 0.8924  data_time: 0.0246  memory: 17857  grad_norm: 4.5161  loss: 1.5618  loss_heatmap: 0.4192  layer_-1_loss_cls: 0.1015  layer_-1_loss_bbox: 0.4572  matched_ious: 0.5514  aux_depth_loss: 0.5840  sec_per_iter: 0.8589  iters_per_sec: 1.1600  samples_per_sec: 18.6300  samples_per_sec_per_gpu: 4.6600  max_mem_allocated_mb: 664.7000  max_mem_reserved_mb: 22048.0000
2026/04/07 15:01:03 - mmengine - INFO - Epoch(train)  [4][1700/5000]  lr: 4.7044e-04  eta: 10:06:01  time: 0.8300  data_time: 0.0148  memory: 17952  grad_norm: 4.2495  loss: 1.5683  loss_heatmap: 0.4263  layer_-1_loss_cls: 0.1076  layer_-1_loss_bbox: 0.4357  matched_ious: 0.5474  aux_depth_loss: 0.5987  sec_per_iter: 0.8600  iters_per_sec: 1.1600  samples_per_sec: 18.6100  samples_per_sec_per_gpu: 4.6500  max_mem_allocated_mb: 664.7000  max_mem_reserved_mb: 22048.0000
2026/04/07 15:01:46 - mmengine - INFO - Epoch(train)  [4][1750/5000]  lr: 4.7131e-04  eta: 10:05:22  time: 0.8618  data_time: 0.0177  memory: 17922  grad_norm: 3.8621  loss: 1.4687  loss_heatmap: 0.4027  layer_-1_loss_cls: 0.1011  layer_-1_loss_bbox: 0.3936  matched_ious: 0.5326  aux_depth_loss: 0.5712  sec_per_iter: 0.8590  iters_per_sec: 1.1600  samples_per_sec: 18.6300  samples_per_sec_per_gpu: 4.6600  max_mem_allocated_mb: 664.7000  max_mem_reserved_mb: 22048.0000
2026/04/07 15:02:29 - mmengine - INFO - Epoch(train)  [4][1800/5000]  lr: 4.7217e-04  eta: 10:04:42  time: 0.8607  data_time: 0.0167  memory: 17834  grad_norm: 3.7466  loss: 1.5379  loss_heatmap: 0.4056  layer_-1_loss_cls: 0.1020  layer_-1_loss_bbox: 0.4329  matched_ious: 0.5506  aux_depth_loss: 0.5974  sec_per_iter: 0.8591  iters_per_sec: 1.1600  samples_per_sec: 18.6200  samples_per_sec_per_gpu: 4.6600  max_mem_allocated_mb: 664.7000  max_mem_reserved_mb: 22048.0000
2026/04/07 15:03:13 - mmengine - INFO - Epoch(train)  [4][1850/5000]  lr: 4.7301e-04  eta: 10:04:03  time: 0.8607  data_time: 0.0172  memory: 17740  grad_norm: 3.7269  loss: 1.5139  loss_heatmap: 0.4146  layer_-1_loss_cls: 0.1019  layer_-1_loss_bbox: 0.4311  matched_ious: 0.5884  aux_depth_loss: 0.5663  sec_per_iter: 0.8592  iters_per_sec: 1.1600  samples_per_sec: 18.6200  samples_per_sec_per_gpu: 4.6600  max_mem_allocated_mb: 664.7000  max_mem_reserved_mb: 22048.0000
2026/04/07 15:03:55 - mmengine - INFO - Epoch(train)  [4][1900/5000]  lr: 4.7385e-04  eta: 10:03:21  time: 0.8420  data_time: 0.0193  memory: 17921  grad_norm: 4.0399  loss: 1.4854  loss_heatmap: 0.4086  layer_-1_loss_cls: 0.1016  layer_-1_loss_bbox: 0.4073  matched_ious: 0.5487  aux_depth_loss: 0.5679  sec_per_iter: 0.8592  iters_per_sec: 1.1600  samples_per_sec: 18.6200  samples_per_sec_per_gpu: 4.6600  max_mem_allocated_mb: 664.7000  max_mem_reserved_mb: 22048.0000
2026/04/07 15:04:36 - mmengine - INFO - Epoch(train)  [4][1950/5000]  lr: 4.7467e-04  eta: 10:02:38  time: 0.8309  data_time: 0.0133  memory: 17752  grad_norm: 4.4410  loss: 1.6062  loss_heatmap: 0.4323  layer_-1_loss_cls: 0.1044  layer_-1_loss_bbox: 0.4522  matched_ious: 0.5859  aux_depth_loss: 0.6173  sec_per_iter: 0.8587  iters_per_sec: 1.1600  samples_per_sec: 18.6300  samples_per_sec_per_gpu: 4.6600  max_mem_allocated_mb: 664.7000  max_mem_reserved_mb: 22048.0000
2026/04/07 15:05:22 - mmengine - INFO - Exp name: zod_bevfusion_finetune_20260407_104526
2026/04/07 15:05:22 - mmengine - INFO - Epoch(train)  [4][2000/5000]  lr: 4.7548e-04  eta: 10:02:05  time: 0.9092  data_time: 0.0161  memory: 17749  grad_norm: 3.2285  loss: 1.5130  loss_heatmap: 0.4091  layer_-1_loss_cls: 0.0965  layer_-1_loss_bbox: 0.4395  matched_ious: 0.5493  aux_depth_loss: 0.5679  sec_per_iter: 0.8581  iters_per_sec: 1.1700  samples_per_sec: 18.6500  samples_per_sec_per_gpu: 4.6600  max_mem_allocated_mb: 664.7000  max_mem_reserved_mb: 22048.0000
2026/04/07 15:06:04 - mmengine - INFO - Epoch(train)  [4][2050/5000]  lr: 4.7627e-04  eta: 10:01:23  time: 0.8421  data_time: 0.0147  memory: 18117  grad_norm: 3.4112  loss: 1.5342  loss_heatmap: 0.4207  layer_-1_loss_cls: 0.1060  layer_-1_loss_bbox: 0.4477  matched_ious: 0.5834  aux_depth_loss: 0.5598  sec_per_iter: 0.8593  iters_per_sec: 1.1600  samples_per_sec: 18.6200  samples_per_sec_per_gpu: 4.6500  max_mem_allocated_mb: 664.7000  max_mem_reserved_mb: 22048.0000
2026/04/07 15:06:50 - mmengine - INFO - Epoch(train)  [4][2100/5000]  lr: 4.7705e-04  eta: 10:00:53  time: 0.9334  data_time: 0.0212  memory: 17998  grad_norm: 4.0639  loss: 1.5001  loss_heatmap: 0.3989  layer_-1_loss_cls: 0.1014  layer_-1_loss_bbox: 0.4189  matched_ious: 0.5393  aux_depth_loss: 0.5809  sec_per_iter: 0.8589  iters_per_sec: 1.1600  samples_per_sec: 18.6300  samples_per_sec_per_gpu: 4.6600  max_mem_allocated_mb: 664.7000  max_mem_reserved_mb: 22048.0000
2026/04/07 15:07:38 - mmengine - INFO - Epoch(train)  [4][2150/5000]  lr: 4.7783e-04  eta: 10:00:26  time: 0.9627  data_time: 0.0179  memory: 17748  grad_norm: 3.7886  loss: 1.4725  loss_heatmap: 0.3878  layer_-1_loss_cls: 0.0990  layer_-1_loss_bbox: 0.4136  matched_ious: 0.5464  aux_depth_loss: 0.5720  sec_per_iter: 0.8607  iters_per_sec: 1.1600  samples_per_sec: 18.5900  samples_per_sec_per_gpu: 4.6500  max_mem_allocated_mb: 664.7000  max_mem_reserved_mb: 22048.0000
2026/04/07 15:08:24 - mmengine - INFO - Epoch(train)  [4][2200/5000]  lr: 4.7858e-04  eta: 9:59:54  time: 0.9195  data_time: 0.0187  memory: 17749  grad_norm: 3.6184  loss: 1.4571  loss_heatmap: 0.3789  layer_-1_loss_cls: 0.0990  layer_-1_loss_bbox: 0.4076  matched_ious: 0.6063  aux_depth_loss: 0.5717  sec_per_iter: 0.8631  iters_per_sec: 1.1600  samples_per_sec: 18.5400  samples_per_sec_per_gpu: 4.6300  max_mem_allocated_mb: 664.7000  max_mem_reserved_mb: 22048.0000
2026/04/07 15:09:08 - mmengine - INFO - Epoch(train)  [4][2250/5000]  lr: 4.7933e-04  eta: 9:59:15  time: 0.8696  data_time: 0.0160  memory: 17593  grad_norm: 3.8779  loss: 1.4862  loss_heatmap: 0.4215  layer_-1_loss_cls: 0.1055  layer_-1_loss_bbox: 0.4085  matched_ious: 0.4770  aux_depth_loss: 0.5508  sec_per_iter: 0.8643  iters_per_sec: 1.1600  samples_per_sec: 18.5100  samples_per_sec_per_gpu: 4.6300  max_mem_allocated_mb: 664.7000  max_mem_reserved_mb: 22048.0000
2026/04/07 15:09:50 - mmengine - INFO - Epoch(train)  [4][2300/5000]  lr: 4.8006e-04  eta: 9:58:34  time: 0.8478  data_time: 0.0277  memory: 17791  grad_norm: 4.4608  loss: 1.6157  loss_heatmap: 0.4456  layer_-1_loss_cls: 0.1112  layer_-1_loss_bbox: 0.4593  matched_ious: 0.5350  aux_depth_loss: 0.5997  sec_per_iter: 0.8645  iters_per_sec: 1.1600  samples_per_sec: 18.5100  samples_per_sec_per_gpu: 4.6300  max_mem_allocated_mb: 664.7000  max_mem_reserved_mb: 22048.0000
2026/04/07 15:10:35 - mmengine - INFO - Epoch(train)  [4][2350/5000]  lr: 4.8078e-04  eta: 9:57:58  time: 0.8920  data_time: 0.0440  memory: 17672  grad_norm: 3.2249  loss: 1.4939  loss_heatmap: 0.4086  layer_-1_loss_cls: 0.1064  layer_-1_loss_bbox: 0.4196  matched_ious: 0.5704  aux_depth_loss: 0.5593  sec_per_iter: 0.8642  iters_per_sec: 1.1600  samples_per_sec: 18.5200  samples_per_sec_per_gpu: 4.6300  max_mem_allocated_mb: 664.7000  max_mem_reserved_mb: 22048.0000
2026/04/07 15:11:19 - mmengine - INFO - Epoch(train)  [4][2400/5000]  lr: 4.8149e-04  eta: 9:57:21  time: 0.8822  data_time: 0.0199  memory: 17822  grad_norm: 3.5458  loss: 1.5219  loss_heatmap: 0.4177  layer_-1_loss_cls: 0.1022  layer_-1_loss_bbox: 0.4555  matched_ious: 0.5623  aux_depth_loss: 0.5464  sec_per_iter: 0.8647  iters_per_sec: 1.1600  samples_per_sec: 18.5000  samples_per_sec_per_gpu: 4.6300  max_mem_allocated_mb: 664.7000  max_mem_reserved_mb: 22048.0000
2026/04/07 15:12:01 - mmengine - INFO - Epoch(train)  [4][2450/5000]  lr: 4.8219e-04  eta: 9:56:40  time: 0.8465  data_time: 0.0154  memory: 17610  grad_norm: 4.1225  loss: 1.5325  loss_heatmap: 0.4070  layer_-1_loss_cls: 0.1030  layer_-1_loss_bbox: 0.4531  matched_ious: 0.5597  aux_depth_loss: 0.5694  sec_per_iter: 0.8650  iters_per_sec: 1.1600  samples_per_sec: 18.5000  samples_per_sec_per_gpu: 4.6200  max_mem_allocated_mb: 664.7000  max_mem_reserved_mb: 22048.0000
2026/04/07 15:12:43 - mmengine - INFO - Epoch(train)  [4][2500/5000]  lr: 4.8287e-04  eta: 9:55:56  time: 0.8257  data_time: 0.0143  memory: 17752  grad_norm: 3.8575  loss: 1.5012  loss_heatmap: 0.4107  layer_-1_loss_cls: 0.1028  layer_-1_loss_bbox: 0.4103  matched_ious: 0.5886  aux_depth_loss: 0.5774  sec_per_iter: 0.8647  iters_per_sec: 1.1600  samples_per_sec: 18.5000  samples_per_sec_per_gpu: 4.6300  max_mem_allocated_mb: 664.7000  max_mem_reserved_mb: 22048.0000
2026/04/07 15:13:26 - mmengine - INFO - Epoch(train)  [4][2550/5000]  lr: 4.8354e-04  eta: 9:55:16  time: 0.8623  data_time: 0.0204  memory: 17883  grad_norm: 3.5236  loss: 1.5341  loss_heatmap: 0.4246  layer_-1_loss_cls: 0.1058  layer_-1_loss_bbox: 0.4518  matched_ious: 0.5785  aux_depth_loss: 0.5519  sec_per_iter: 0.8639  iters_per_sec: 1.1600  samples_per_sec: 18.5200  samples_per_sec_per_gpu: 4.6300  max_mem_allocated_mb: 664.7000  max_mem_reserved_mb: 22048.0000
2026/04/07 15:14:07 - mmengine - INFO - Epoch(train)  [4][2600/5000]  lr: 4.8420e-04  eta: 9:54:33  time: 0.8308  data_time: 0.0163  memory: 17787  grad_norm: 4.4960  loss: 1.6246  loss_heatmap: 0.4368  layer_-1_loss_cls: 0.1079  layer_-1_loss_bbox: 0.4888  matched_ious: 0.5167  aux_depth_loss: 0.5911  sec_per_iter: 0.8639  iters_per_sec: 1.1600  samples_per_sec: 18.5200  samples_per_sec_per_gpu: 4.6300  max_mem_allocated_mb: 664.7000  max_mem_reserved_mb: 22048.0000
2026/04/07 15:14:49 - mmengine - INFO - Epoch(train)  [4][2650/5000]  lr: 4.8484e-04  eta: 9:53:51  time: 0.8371  data_time: 0.0163  memory: 17906  grad_norm: nan  loss: 1.5905  loss_heatmap: 0.4347  layer_-1_loss_cls: 0.1040  layer_-1_loss_bbox: 0.4732  matched_ious: 0.6161  aux_depth_loss: 0.5786  sec_per_iter: 0.8632  iters_per_sec: 1.1600  samples_per_sec: 18.5400  samples_per_sec_per_gpu: 4.6300  max_mem_allocated_mb: 664.7000  max_mem_reserved_mb: 22048.0000
2026/04/07 15:15:30 - mmengine - INFO - Epoch(train)  [4][2700/5000]  lr: 4.8547e-04  eta: 9:53:06  time: 0.8249  data_time: 0.0161  memory: 17933  grad_norm: 3.2951  loss: 1.4939  loss_heatmap: 0.4028  layer_-1_loss_cls: 0.0965  layer_-1_loss_bbox: 0.4366  matched_ious: 0.4375  aux_depth_loss: 0.5580  sec_per_iter: 0.8627  iters_per_sec: 1.1600  samples_per_sec: 18.5500  samples_per_sec_per_gpu: 4.6400  max_mem_allocated_mb: 664.7000  max_mem_reserved_mb: 22048.0000
2026/04/07 15:16:12 - mmengine - INFO - Epoch(train)  [4][2750/5000]  lr: 4.8609e-04  eta: 9:52:23  time: 0.8304  data_time: 0.0228  memory: 17807  grad_norm: 3.9840  loss: 1.5650  loss_heatmap: 0.4412  layer_-1_loss_cls: 0.1108  layer_-1_loss_bbox: 0.4383  matched_ious: 0.4513  aux_depth_loss: 0.5747  sec_per_iter: 0.8620  iters_per_sec: 1.1600  samples_per_sec: 18.5600  samples_per_sec_per_gpu: 4.6400  max_mem_allocated_mb: 664.7000  max_mem_reserved_mb: 22048.0000
2026/04/07 15:16:55 - mmengine - INFO - Epoch(train)  [4][2800/5000]  lr: 4.8669e-04  eta: 9:51:43  time: 0.8590  data_time: 0.0267  memory: 17788  grad_norm: 3.1338  loss: 1.4675  loss_heatmap: 0.4018  layer_-1_loss_cls: 0.1015  layer_-1_loss_bbox: 0.4108  matched_ious: 0.5509  aux_depth_loss: 0.5534  sec_per_iter: 0.8615  iters_per_sec: 1.1600  samples_per_sec: 18.5700  samples_per_sec_per_gpu: 4.6400  max_mem_allocated_mb: 664.7000  max_mem_reserved_mb: 22048.0000
2026/04/07 15:17:37 - mmengine - INFO - Epoch(train)  [4][2850/5000]  lr: 4.8729e-04  eta: 9:51:01  time: 0.8385  data_time: 0.0261  memory: 17815  grad_norm: 3.4043  loss: 1.5311  loss_heatmap: 0.4123  layer_-1_loss_cls: 0.1028  layer_-1_loss_bbox: 0.4820  matched_ious: 0.5217  aux_depth_loss: 0.5341  sec_per_iter: 0.8615  iters_per_sec: 1.1600  samples_per_sec: 18.5700  samples_per_sec_per_gpu: 4.6400  max_mem_allocated_mb: 664.7000  max_mem_reserved_mb: 22048.0000
2026/04/07 15:18:21 - mmengine - INFO - Epoch(train)  [4][2900/5000]  lr: 4.8787e-04  eta: 9:50:22  time: 0.8720  data_time: 0.0258  memory: 17892  grad_norm: 3.6638  loss: 1.5315  loss_heatmap: 0.4275  layer_-1_loss_cls: 0.1073  layer_-1_loss_bbox: 0.4318  matched_ious: 0.5524  aux_depth_loss: 0.5649  sec_per_iter: 0.8610  iters_per_sec: 1.1600  samples_per_sec: 18.5800  samples_per_sec_per_gpu: 4.6500  max_mem_allocated_mb: 664.7000  max_mem_reserved_mb: 22048.0000
2026/04/07 15:19:04 - mmengine - INFO - Epoch(train)  [4][2950/5000]  lr: 4.8843e-04  eta: 9:49:43  time: 0.8677  data_time: 0.0242  memory: 17681  grad_norm: 3.4732  loss: 1.5180  loss_heatmap: 0.4201  layer_-1_loss_cls: 0.1072  layer_-1_loss_bbox: 0.4307  matched_ious: 0.5674  aux_depth_loss: 0.5600  sec_per_iter: 0.8613  iters_per_sec: 1.1600  samples_per_sec: 18.5800  samples_per_sec_per_gpu: 4.6400  max_mem_allocated_mb: 664.7000  max_mem_reserved_mb: 22048.0000
2026/04/07 15:19:49 - mmengine - INFO - Exp name: zod_bevfusion_finetune_20260407_104526
2026/04/07 15:19:49 - mmengine - INFO - Epoch(train)  [4][3000/5000]  lr: 4.8898e-04  eta: 9:49:07  time: 0.8940  data_time: 0.0222  memory: 17963  grad_norm: 3.9195  loss: 1.4991  loss_heatmap: 0.4182  layer_-1_loss_cls: 0.1056  layer_-1_loss_bbox: 0.4113  matched_ious: 0.5505  aux_depth_loss: 0.5640  sec_per_iter: 0.8613  iters_per_sec: 1.1600  samples_per_sec: 18.5800  samples_per_sec_per_gpu: 4.6400  max_mem_allocated_mb: 664.7000  max_mem_reserved_mb: 22048.0000
2026/04/07 15:20:32 - mmengine - INFO - Epoch(train)  [4][3050/5000]  lr: 4.8952e-04  eta: 9:48:28  time: 0.8638  data_time: 0.0165  memory: 17739  grad_norm: 3.2756  loss: 1.5703  loss_heatmap: 0.4365  layer_-1_loss_cls: 0.1044  layer_-1_loss_bbox: 0.4732  matched_ious: 0.5708  aux_depth_loss: 0.5562  sec_per_iter: 0.8619  iters_per_sec: 1.1600  samples_per_sec: 18.5600  samples_per_sec_per_gpu: 4.6400  max_mem_allocated_mb: 664.7000  max_mem_reserved_mb: 22048.0000
2026/04/07 15:21:17 - mmengine - INFO - Epoch(train)  [4][3100/5000]  lr: 4.9005e-04  eta: 9:47:53  time: 0.9024  data_time: 0.0195  memory: 17717  grad_norm: 3.6454  loss: 1.5447  loss_heatmap: 0.4283  layer_-1_loss_cls: 0.1032  layer_-1_loss_bbox: 0.4571  matched_ious: 0.4822  aux_depth_loss: 0.5560  sec_per_iter: 0.8619  iters_per_sec: 1.1600  samples_per_sec: 18.5600  samples_per_sec_per_gpu: 4.6400  max_mem_allocated_mb: 664.7000  max_mem_reserved_mb: 22048.0000
2026/04/07 15:22:03 - mmengine - INFO - Epoch(train)  [4][3150/5000]  lr: 4.9056e-04  eta: 9:47:19  time: 0.9164  data_time: 0.0180  memory: 17777  grad_norm: 3.6998  loss: 1.4468  loss_heatmap: 0.4006  layer_-1_loss_cls: 0.1088  layer_-1_loss_bbox: 0.3855  matched_ious: 0.5871  aux_depth_loss: 0.5519  sec_per_iter: 0.8625  iters_per_sec: 1.1600  samples_per_sec: 18.5500  samples_per_sec_per_gpu: 4.6400  max_mem_allocated_mb: 664.7000  max_mem_reserved_mb: 22048.0000
2026/04/07 15:22:49 - mmengine - INFO - Epoch(train)  [4][3200/5000]  lr: 4.9106e-04  eta: 9:46:46  time: 0.9195  data_time: 0.0260  memory: 17607  grad_norm: 3.6950  loss: 1.4851  loss_heatmap: 0.4082  layer_-1_loss_cls: 0.1051  layer_-1_loss_bbox: 0.4243  matched_ious: 0.5567  aux_depth_loss: 0.5475  sec_per_iter: 0.8634  iters_per_sec: 1.1600  samples_per_sec: 18.5300  samples_per_sec_per_gpu: 4.6300  max_mem_allocated_mb: 664.7000  max_mem_reserved_mb: 22048.0000
2026/04/07 15:23:31 - mmengine - INFO - Epoch(train)  [4][3250/5000]  lr: 4.9155e-04  eta: 9:46:04  time: 0.8425  data_time: 0.0175  memory: 17667  grad_norm: 3.2424  loss: 1.4982  loss_heatmap: 0.4073  layer_-1_loss_cls: 0.1060  layer_-1_loss_bbox: 0.4245  matched_ious: 0.6053  aux_depth_loss: 0.5604  sec_per_iter: 0.8643  iters_per_sec: 1.1600  samples_per_sec: 18.5100  samples_per_sec_per_gpu: 4.6300  max_mem_allocated_mb: 664.7000  max_mem_reserved_mb: 22048.0000
2026/04/07 15:24:14 - mmengine - INFO - Epoch(train)  [4][3300/5000]  lr: 4.9202e-04  eta: 9:45:26  time: 0.8740  data_time: 0.0176  memory: 17858  grad_norm: 5.0346  loss: 1.6353  loss_heatmap: 0.4404  layer_-1_loss_cls: 0.1066  layer_-1_loss_bbox: 0.4536  matched_ious: 0.5008  aux_depth_loss: 0.6347  sec_per_iter: 0.8639  iters_per_sec: 1.1600  samples_per_sec: 18.5200  samples_per_sec_per_gpu: 4.6300  max_mem_allocated_mb: 664.7000  max_mem_reserved_mb: 22048.0000
2026/04/07 15:24:59 - mmengine - INFO - Epoch(train)  [4][3350/5000]  lr: 4.9248e-04  eta: 9:44:48  time: 0.8812  data_time: 0.0184  memory: 17880  grad_norm: 3.2131  loss: 1.5685  loss_heatmap: 0.4489  layer_-1_loss_cls: 0.1063  layer_-1_loss_bbox: 0.4526  matched_ious: 0.5634  aux_depth_loss: 0.5607  sec_per_iter: 0.8641  iters_per_sec: 1.1600  samples_per_sec: 18.5200  samples_per_sec_per_gpu: 4.6300  max_mem_allocated_mb: 664.7000  max_mem_reserved_mb: 22048.0000
2026/04/07 15:25:44 - mmengine - INFO - Epoch(train)  [4][3400/5000]  lr: 4.9293e-04  eta: 9:44:12  time: 0.9006  data_time: 0.0159  memory: 17683  grad_norm: 4.0036  loss: 1.4593  loss_heatmap: 0.4112  layer_-1_loss_cls: 0.1050  layer_-1_loss_bbox: 0.3951  matched_ious: 0.6084  aux_depth_loss: 0.5481  sec_per_iter: 0.8644  iters_per_sec: 1.1600  samples_per_sec: 18.5100  samples_per_sec_per_gpu: 4.6300  max_mem_allocated_mb: 664.7000  max_mem_reserved_mb: 22048.0000
2026/04/07 15:26:29 - mmengine - INFO - Epoch(train)  [4][3450/5000]  lr: 4.9336e-04  eta: 9:43:37  time: 0.9057  data_time: 0.0149  memory: 17733  grad_norm: 3.8069  loss: 1.5931  loss_heatmap: 0.4554  layer_-1_loss_cls: 0.1109  layer_-1_loss_bbox: 0.4570  matched_ious: 0.5349  aux_depth_loss: 0.5699  sec_per_iter: 0.8649  iters_per_sec: 1.1600  samples_per_sec: 18.5000  samples_per_sec_per_gpu: 4.6200  max_mem_allocated_mb: 664.7000  max_mem_reserved_mb: 22048.0000
2026/04/07 15:27:09 - mmengine - INFO - Epoch(train)  [4][3500/5000]  lr: 4.9378e-04  eta: 9:42:52  time: 0.8122  data_time: 0.0134  memory: 17756  grad_norm: 3.3442  loss: 1.6293  loss_heatmap: 0.4547  layer_-1_loss_cls: 0.1083  layer_-1_loss_bbox: 0.5176  matched_ious: 0.5299  aux_depth_loss: 0.5486  sec_per_iter: 0.8655  iters_per_sec: 1.1600  samples_per_sec: 18.4900  samples_per_sec_per_gpu: 4.6200  max_mem_allocated_mb: 664.7000  max_mem_reserved_mb: 22048.0000
2026/04/07 15:27:55 - mmengine - INFO - Epoch(train)  [4][3550/5000]  lr: 4.9418e-04  eta: 9:42:18  time: 0.9200  data_time: 0.0401  memory: 17747  grad_norm: 3.2846  loss: 1.5100  loss_heatmap: 0.4235  layer_-1_loss_cls: 0.1086  layer_-1_loss_bbox: 0.4299  matched_ious: 0.5799  aux_depth_loss: 0.5481  sec_per_iter: 0.8647  iters_per_sec: 1.1600  samples_per_sec: 18.5000  samples_per_sec_per_gpu: 4.6300  max_mem_allocated_mb: 664.7000  max_mem_reserved_mb: 22048.0000
2026/04/07 15:28:39 - mmengine - INFO - Epoch(train)  [4][3600/5000]  lr: 4.9458e-04  eta: 9:41:39  time: 0.8719  data_time: 0.0232  memory: 17826  grad_norm: 3.3806  loss: 1.5565  loss_heatmap: 0.4536  layer_-1_loss_cls: 0.1124  layer_-1_loss_bbox: 0.4365  matched_ious: 0.5454  aux_depth_loss: 0.5539  sec_per_iter: 0.8655  iters_per_sec: 1.1600  samples_per_sec: 18.4900  samples_per_sec_per_gpu: 4.6200  max_mem_allocated_mb: 664.7000  max_mem_reserved_mb: 22048.0000
2026/04/07 15:29:22 - mmengine - INFO - Epoch(train)  [4][3650/5000]  lr: 4.9496e-04  eta: 9:40:59  time: 0.8601  data_time: 0.0162  memory: 18047  grad_norm: 3.5059  loss: 1.5492  loss_heatmap: 0.4377  layer_-1_loss_cls: 0.1069  layer_-1_loss_bbox: 0.4437  matched_ious: 0.5708  aux_depth_loss: 0.5609  sec_per_iter: 0.8656  iters_per_sec: 1.1600  samples_per_sec: 18.4800  samples_per_sec_per_gpu: 4.6200  max_mem_allocated_mb: 664.7000  max_mem_reserved_mb: 22048.0000
2026/04/07 15:30:03 - mmengine - INFO - Epoch(train)  [4][3700/5000]  lr: 4.9532e-04  eta: 9:40:15  time: 0.8283  data_time: 0.0151  memory: 17683  grad_norm: 3.2986  loss: 1.4511  loss_heatmap: 0.4041  layer_-1_loss_cls: 0.0978  layer_-1_loss_bbox: 0.4111  matched_ious: 0.5603  aux_depth_loss: 0.5381  sec_per_iter: 0.8655  iters_per_sec: 1.1600  samples_per_sec: 18.4900  samples_per_sec_per_gpu: 4.6200  max_mem_allocated_mb: 664.7000  max_mem_reserved_mb: 22048.0000
2026/04/07 15:30:46 - mmengine - INFO - Epoch(train)  [4][3750/5000]  lr: 4.9567e-04  eta: 9:39:33  time: 0.8453  data_time: 0.0203  memory: 17839  grad_norm: 4.0838  loss: 1.5593  loss_heatmap: 0.4327  layer_-1_loss_cls: 0.1100  layer_-1_loss_bbox: 0.4546  matched_ious: 0.5841  aux_depth_loss: 0.5621  sec_per_iter: 0.8650  iters_per_sec: 1.1600  samples_per_sec: 18.5000  samples_per_sec_per_gpu: 4.6200  max_mem_allocated_mb: 664.7000  max_mem_reserved_mb: 22048.0000
2026/04/07 15:31:30 - mmengine - INFO - Epoch(train)  [4][3800/5000]  lr: 4.9601e-04  eta: 9:38:56  time: 0.8902  data_time: 0.0282  memory: 17742  grad_norm: 3.3235  loss: 1.4497  loss_heatmap: 0.4091  layer_-1_loss_cls: 0.0994  layer_-1_loss_bbox: 0.3912  matched_ious: 0.5501  aux_depth_loss: 0.5500  sec_per_iter: 0.8648  iters_per_sec: 1.1600  samples_per_sec: 18.5000  samples_per_sec_per_gpu: 4.6300  max_mem_allocated_mb: 664.7000  max_mem_reserved_mb: 22048.0000
2026/04/07 15:32:14 - mmengine - INFO - Epoch(train)  [4][3850/5000]  lr: 4.9633e-04  eta: 9:38:17  time: 0.8729  data_time: 0.0135  memory: 17725  grad_norm: 3.4439  loss: 1.5077  loss_heatmap: 0.4197  layer_-1_loss_cls: 0.0999  layer_-1_loss_bbox: 0.4451  matched_ious: 0.4962  aux_depth_loss: 0.5429  sec_per_iter: 0.8651  iters_per_sec: 1.1600  samples_per_sec: 18.5000  samples_per_sec_per_gpu: 4.6200  max_mem_allocated_mb: 664.7000  max_mem_reserved_mb: 22048.0000
2026/04/07 15:32:56 - mmengine - INFO - Epoch(train)  [4][3900/5000]  lr: 4.9665e-04  eta: 9:37:36  time: 0.8506  data_time: 0.0163  memory: 17825  grad_norm: 3.6639  loss: 1.4791  loss_heatmap: 0.4082  layer_-1_loss_cls: 0.0996  layer_-1_loss_bbox: 0.4287  matched_ious: 0.5648  aux_depth_loss: 0.5426  sec_per_iter: 0.8652  iters_per_sec: 1.1600  samples_per_sec: 18.4900  samples_per_sec_per_gpu: 4.6200  max_mem_allocated_mb: 664.7000  max_mem_reserved_mb: 22048.0000
2026/04/07 15:33:41 - mmengine - INFO - Epoch(train)  [4][3950/5000]  lr: 4.9694e-04  eta: 9:36:59  time: 0.8921  data_time: 0.0186  memory: 17772  grad_norm: 3.4956  loss: 1.5064  loss_heatmap: 0.4223  layer_-1_loss_cls: 0.1069  layer_-1_loss_bbox: 0.4297  matched_ious: 0.4886  aux_depth_loss: 0.5476  sec_per_iter: 0.8650  iters_per_sec: 1.1600  samples_per_sec: 18.5000  samples_per_sec_per_gpu: 4.6200  max_mem_allocated_mb: 664.7000  max_mem_reserved_mb: 22048.0000
2026/04/07 15:34:24 - mmengine - INFO - Exp name: zod_bevfusion_finetune_20260407_104526
2026/04/07 15:34:24 - mmengine - INFO - Epoch(train)  [4][4000/5000]  lr: 4.9723e-04  eta: 9:36:19  time: 0.8628  data_time: 0.0159  memory: 17749  grad_norm: 3.8273  loss: 1.6162  loss_heatmap: 0.4565  layer_-1_loss_cls: 0.1062  layer_-1_loss_bbox: 0.4817  matched_ious: 0.4057  aux_depth_loss: 0.5717  sec_per_iter: 0.8654  iters_per_sec: 1.1600  samples_per_sec: 18.4900  samples_per_sec_per_gpu: 4.6200  max_mem_allocated_mb: 664.7000  max_mem_reserved_mb: 22048.0000
2026/04/07 15:35:10 - mmengine - INFO - Epoch(train)  [4][4050/5000]  lr: 4.9750e-04  eta: 9:35:46  time: 0.9236  data_time: 0.0173  memory: 17716  grad_norm: 3.5642  loss: 1.4822  loss_heatmap: 0.4074  layer_-1_loss_cls: 0.1030  layer_-1_loss_bbox: 0.4166  matched_ious: 0.5557  aux_depth_loss: 0.5552  sec_per_iter: 0.8653  iters_per_sec: 1.1600  samples_per_sec: 18.4900  samples_per_sec_per_gpu: 4.6200  max_mem_allocated_mb: 664.7000  max_mem_reserved_mb: 22048.0000
2026/04/07 15:35:56 - mmengine - INFO - Epoch(train)  [4][4100/5000]  lr: 4.9775e-04  eta: 9:35:12  time: 0.9218  data_time: 0.0166  memory: 17754  grad_norm: 3.2239  loss: 1.4661  loss_heatmap: 0.4059  layer_-1_loss_cls: 0.1056  layer_-1_loss_bbox: 0.4103  matched_ious: 0.4928  aux_depth_loss: 0.5442  sec_per_iter: 0.8660  iters_per_sec: 1.1500  samples_per_sec: 18.4700  samples_per_sec_per_gpu: 4.6200  max_mem_allocated_mb: 664.7000  max_mem_reserved_mb: 22048.0000
2026/04/07 15:36:44 - mmengine - INFO - Epoch(train)  [4][4150/5000]  lr: 4.9799e-04  eta: 9:34:41  time: 0.9516  data_time: 0.0219  memory: 17771  grad_norm: 3.8164  loss: 1.5861  loss_heatmap: 0.4554  layer_-1_loss_cls: 0.1111  layer_-1_loss_bbox: 0.4468  matched_ious: 0.5467  aux_depth_loss: 0.5728  sec_per_iter: 0.8667  iters_per_sec: 1.1500  samples_per_sec: 18.4600  samples_per_sec_per_gpu: 4.6200  max_mem_allocated_mb: 664.7000  max_mem_reserved_mb: 22048.0000
2026/04/07 15:37:28 - mmengine - INFO - Epoch(train)  [4][4200/5000]  lr: 4.9822e-04  eta: 9:34:03  time: 0.8857  data_time: 0.0188  memory: 17684  grad_norm: 3.3032  loss: 1.4601  loss_heatmap: 0.4001  layer_-1_loss_cls: 0.1006  layer_-1_loss_bbox: 0.4133  matched_ious: 0.5258  aux_depth_loss: 0.5462  sec_per_iter: 0.8677  iters_per_sec: 1.1500  samples_per_sec: 18.4400  samples_per_sec_per_gpu: 4.6100  max_mem_allocated_mb: 664.7000  max_mem_reserved_mb: 22048.0000
2026/04/07 15:38:13 - mmengine - INFO - Epoch(train)  [4][4250/5000]  lr: 4.9844e-04  eta: 9:33:27  time: 0.8987  data_time: 0.0204  memory: 17937  grad_norm: 4.0799  loss: 1.5227  loss_heatmap: 0.4190  layer_-1_loss_cls: 0.1020  layer_-1_loss_bbox: 0.4353  matched_ious: 0.5374  aux_depth_loss: 0.5665  sec_per_iter: 0.8680  iters_per_sec: 1.1500  samples_per_sec: 18.4300  samples_per_sec_per_gpu: 4.6100  max_mem_allocated_mb: 664.7000  max_mem_reserved_mb: 22048.0000
2026/04/07 15:39:04 - mmengine - INFO - Epoch(train)  [4][4300/5000]  lr: 4.9864e-04  eta: 9:33:02  time: 1.0099  data_time: 0.0231  memory: 17825  grad_norm: nan  loss: 1.5868  loss_heatmap: 0.4520  layer_-1_loss_cls: 0.1063  layer_-1_loss_bbox: 0.4892  matched_ious: 0.5730  aux_depth_loss: 0.5393  sec_per_iter: 0.8684  iters_per_sec: 1.1500  samples_per_sec: 18.4300  samples_per_sec_per_gpu: 4.6100  max_mem_allocated_mb: 664.7000  max_mem_reserved_mb: 22048.0000
2026/04/07 15:39:49 - mmengine - INFO - Epoch(train)  [4][4350/5000]  lr: 4.9883e-04  eta: 9:32:26  time: 0.9073  data_time: 0.0262  memory: 17834  grad_norm: 3.3390  loss: 1.5074  loss_heatmap: 0.4221  layer_-1_loss_cls: 0.1014  layer_-1_loss_bbox: 0.4305  matched_ious: 0.4910  aux_depth_loss: 0.5534  sec_per_iter: 0.8700  iters_per_sec: 1.1500  samples_per_sec: 18.3900  samples_per_sec_per_gpu: 4.6000  max_mem_allocated_mb: 664.7000  max_mem_reserved_mb: 22048.0000
2026/04/07 15:40:30 - mmengine - INFO - Epoch(train)  [4][4400/5000]  lr: 4.9900e-04  eta: 9:31:42  time: 0.8259  data_time: 0.0154  memory: 17802  grad_norm: 3.3951  loss: 1.5069  loss_heatmap: 0.4309  layer_-1_loss_cls: 0.1052  layer_-1_loss_bbox: 0.4381  matched_ious: 0.5454  aux_depth_loss: 0.5327  sec_per_iter: 0.8704  iters_per_sec: 1.1500  samples_per_sec: 18.3800  samples_per_sec_per_gpu: 4.6000  max_mem_allocated_mb: 664.7000  max_mem_reserved_mb: 22048.0000
2026/04/07 15:41:16 - mmengine - INFO - Epoch(train)  [4][4450/5000]  lr: 4.9916e-04  eta: 9:31:06  time: 0.9047  data_time: 0.0156  memory: 17814  grad_norm: 4.1700  loss: 1.5762  loss_heatmap: 0.4407  layer_-1_loss_cls: 0.1087  layer_-1_loss_bbox: 0.4599  matched_ious: 0.5811  aux_depth_loss: 0.5668  sec_per_iter: 0.8699  iters_per_sec: 1.1500  samples_per_sec: 18.3900  samples_per_sec_per_gpu: 4.6000  max_mem_allocated_mb: 664.7000  max_mem_reserved_mb: 22048.0000
2026/04/07 15:42:03 - mmengine - INFO - Epoch(train)  [4][4500/5000]  lr: 4.9930e-04  eta: 9:30:34  time: 0.9422  data_time: 0.0203  memory: 17729  grad_norm: 3.3966  loss: 1.4926  loss_heatmap: 0.4140  layer_-1_loss_cls: 0.1078  layer_-1_loss_bbox: 0.4300  matched_ious: 0.5048  aux_depth_loss: 0.5407  sec_per_iter: 0.8703  iters_per_sec: 1.1500  samples_per_sec: 18.3800  samples_per_sec_per_gpu: 4.6000  max_mem_allocated_mb: 664.7000  max_mem_reserved_mb: 22048.0000
2026/04/07 15:42:47 - mmengine - INFO - Epoch(train)  [4][4550/5000]  lr: 4.9944e-04  eta: 9:29:55  time: 0.8751  data_time: 0.0268  memory: 17663  grad_norm: 3.8674  loss: 1.4966  loss_heatmap: 0.4105  layer_-1_loss_cls: 0.0976  layer_-1_loss_bbox: 0.4272  matched_ious: 0.5417  aux_depth_loss: 0.5613  sec_per_iter: 0.8711  iters_per_sec: 1.1500  samples_per_sec: 18.3700  samples_per_sec_per_gpu: 4.5900  max_mem_allocated_mb: 664.7000  max_mem_reserved_mb: 22048.0000
2026/04/07 15:43:30 - mmengine - INFO - Epoch(train)  [4][4600/5000]  lr: 4.9955e-04  eta: 9:29:14  time: 0.8636  data_time: 0.0185  memory: 17787  grad_norm: 3.6621  loss: 1.4993  loss_heatmap: 0.4169  layer_-1_loss_cls: 0.1055  layer_-1_loss_bbox: 0.4213  matched_ious: 0.5218  aux_depth_loss: 0.5557  sec_per_iter: 0.8711  iters_per_sec: 1.1500  samples_per_sec: 18.3700  samples_per_sec_per_gpu: 4.5900  max_mem_allocated_mb: 664.7000  max_mem_reserved_mb: 22048.0000
2026/04/07 15:44:14 - mmengine - INFO - Epoch(train)  [4][4650/5000]  lr: 4.9966e-04  eta: 9:28:37  time: 0.8902  data_time: 0.0274  memory: 17719  grad_norm: 2.9274  loss: 1.4682  loss_heatmap: 0.4261  layer_-1_loss_cls: 0.1055  layer_-1_loss_bbox: 0.4109  matched_ious: 0.5372  aux_depth_loss: 0.5257  sec_per_iter: 0.8711  iters_per_sec: 1.1500  samples_per_sec: 18.3700  samples_per_sec_per_gpu: 4.5900  max_mem_allocated_mb: 664.7000  max_mem_reserved_mb: 22048.0000
2026/04/07 15:44:59 - mmengine - INFO - Epoch(train)  [4][4700/5000]  lr: 4.9975e-04  eta: 9:27:59  time: 0.8913  data_time: 0.0286  memory: 17665  grad_norm: 3.4990  loss: 1.4891  loss_heatmap: 0.4277  layer_-1_loss_cls: 0.1061  layer_-1_loss_bbox: 0.4248  matched_ious: 0.4955  aux_depth_loss: 0.5305  sec_per_iter: 0.8713  iters_per_sec: 1.1500  samples_per_sec: 18.3600  samples_per_sec_per_gpu: 4.5900  max_mem_allocated_mb: 664.7000  max_mem_reserved_mb: 22048.0000
2026/04/07 15:45:42 - mmengine - INFO - Epoch(train)  [4][4750/5000]  lr: 4.9983e-04  eta: 9:27:18  time: 0.8542  data_time: 0.0312  memory: 17896  grad_norm: 3.6902  loss: 1.5124  loss_heatmap: 0.4253  layer_-1_loss_cls: 0.1073  layer_-1_loss_bbox: 0.4381  matched_ious: 0.5241  aux_depth_loss: 0.5417  sec_per_iter: 0.8715  iters_per_sec: 1.1500  samples_per_sec: 18.3600  samples_per_sec_per_gpu: 4.5900  max_mem_allocated_mb: 664.7000  max_mem_reserved_mb: 22048.0000
2026/04/07 15:46:25 - mmengine - INFO - Epoch(train)  [4][4800/5000]  lr: 4.9989e-04  eta: 9:26:38  time: 0.8750  data_time: 0.0224  memory: 17778  grad_norm: 3.5915  loss: 1.5314  loss_heatmap: 0.4223  layer_-1_loss_cls: 0.1047  layer_-1_loss_bbox: 0.4636  matched_ious: 0.5379  aux_depth_loss: 0.5408  sec_per_iter: 0.8713  iters_per_sec: 1.1500  samples_per_sec: 18.3600  samples_per_sec_per_gpu: 4.5900  max_mem_allocated_mb: 664.7000  max_mem_reserved_mb: 22048.0000
2026/04/07 15:47:10 - mmengine - INFO - Epoch(train)  [4][4850/5000]  lr: 4.9994e-04  eta: 9:26:01  time: 0.8890  data_time: 0.0194  memory: 17745  grad_norm: 3.6851  loss: 1.4832  loss_heatmap: 0.4254  layer_-1_loss_cls: 0.1079  layer_-1_loss_bbox: 0.3955  matched_ious: 0.5326  aux_depth_loss: 0.5543  sec_per_iter: 0.8713  iters_per_sec: 1.1500  samples_per_sec: 18.3600  samples_per_sec_per_gpu: 4.5900  max_mem_allocated_mb: 664.7000  max_mem_reserved_mb: 22048.0000
2026/04/07 15:47:56 - mmengine - INFO - Epoch(train)  [4][4900/5000]  lr: 4.9997e-04  eta: 9:25:26  time: 0.9246  data_time: 0.0206  memory: 17774  grad_norm: 3.9099  loss: 1.5891  loss_heatmap: 0.4648  layer_-1_loss_cls: 0.1103  layer_-1_loss_bbox: 0.4599  matched_ious: 0.5386  aux_depth_loss: 0.5541  sec_per_iter: 0.8715  iters_per_sec: 1.1500  samples_per_sec: 18.3600  samples_per_sec_per_gpu: 4.5900  max_mem_allocated_mb: 664.7000  max_mem_reserved_mb: 22048.0000
2026/04/07 15:48:38 - mmengine - INFO - Epoch(train)  [4][4950/5000]  lr: 4.9999e-04  eta: 9:24:44  time: 0.8501  data_time: 0.0186  memory: 17910  grad_norm: 3.3843  loss: 1.5129  loss_heatmap: 0.4278  layer_-1_loss_cls: 0.1003  layer_-1_loss_bbox: 0.4502  matched_ious: 0.5477  aux_depth_loss: 0.5345  sec_per_iter: 0.8720  iters_per_sec: 1.1500  samples_per_sec: 18.3500  samples_per_sec_per_gpu: 4.5900  max_mem_allocated_mb: 664.7000  max_mem_reserved_mb: 22048.0000
2026/04/07 15:49:22 - mmengine - INFO - Exp name: zod_bevfusion_finetune_20260407_104526
2026/04/07 15:49:22 - mmengine - INFO - Epoch(train)  [4][5000/5000]  lr: 5.0000e-04  eta: 9:24:05  time: 0.8728  data_time: 0.0237  memory: 17720  grad_norm: 3.9563  loss: 1.5068  loss_heatmap: 0.4188  layer_-1_loss_cls: 0.1049  layer_-1_loss_bbox: 0.4316  matched_ious: 0.5409  aux_depth_loss: 0.5514  sec_per_iter: 0.8718  iters_per_sec: 1.1500  samples_per_sec: 18.3500  samples_per_sec_per_gpu: 4.5900  max_mem_allocated_mb: 664.7000  max_mem_reserved_mb: 22048.0000
2026/04/07 15:49:22 - mmengine - INFO - [Efficiency] Epoch 4: wall=4359.2s  iters=5000  sec/iter=0.872  mem_alloc=665MB  mem_rsv=22048MB
2026/04/07 15:49:22 - mmengine - INFO - Saving checkpoint at 4 epochs
2026/04/07 15:49:38 - mmengine - INFO - Epoch(val)  [4][  50/1250]    eta: 0:04:58  time: 0.2489  data_time: 0.0084  memory: 4779  
2026/04/07 15:49:51 - mmengine - INFO - Epoch(val)  [4][ 100/1250]    eta: 0:04:44  time: 0.2464  data_time: 0.0073  memory: 4784  
2026/04/07 15:50:03 - mmengine - INFO - Epoch(val)  [4][ 150/1250]    eta: 0:04:32  time: 0.2472  data_time: 0.0073  memory: 4788  
2026/04/07 15:50:16 - mmengine - INFO - Epoch(val)  [4][ 200/1250]    eta: 0:04:23  time: 0.2608  data_time: 0.0056  memory: 4785  
2026/04/07 15:50:29 - mmengine - INFO - Epoch(val)  [4][ 250/1250]    eta: 0:04:11  time: 0.2533  data_time: 0.0055  memory: 4775  
2026/04/07 15:50:41 - mmengine - INFO - Epoch(val)  [4][ 300/1250]    eta: 0:03:58  time: 0.2491  data_time: 0.0055  memory: 4783  
2026/04/07 15:50:53 - mmengine - INFO - Epoch(val)  [4][ 350/1250]    eta: 0:03:45  time: 0.2454  data_time: 0.0059  memory: 4785  
2026/04/07 15:51:06 - mmengine - INFO - Epoch(val)  [4][ 400/1250]    eta: 0:03:33  time: 0.2559  data_time: 0.0063  memory: 4775  
2026/04/07 15:51:18 - mmengine - INFO - Epoch(val)  [4][ 450/1250]    eta: 0:03:20  time: 0.2442  data_time: 0.0062  memory: 4779  
2026/04/07 15:51:31 - mmengine - INFO - Epoch(val)  [4][ 500/1250]    eta: 0:03:07  time: 0.2510  data_time: 0.0068  memory: 4778  
2026/04/07 15:51:43 - mmengine - INFO - Epoch(val)  [4][ 550/1250]    eta: 0:02:55  time: 0.2478  data_time: 0.0059  memory: 4778  
2026/04/07 15:51:56 - mmengine - INFO - Epoch(val)  [4][ 600/1250]    eta: 0:02:42  time: 0.2506  data_time: 0.0067  memory: 4782  
2026/04/07 15:52:09 - mmengine - INFO - Epoch(val)  [4][ 650/1250]    eta: 0:02:30  time: 0.2571  data_time: 0.0054  memory: 4782  
2026/04/07 15:52:21 - mmengine - INFO - Epoch(val)  [4][ 700/1250]    eta: 0:02:17  time: 0.2400  data_time: 0.0055  memory: 4779  
2026/04/07 15:52:34 - mmengine - INFO - Epoch(val)  [4][ 750/1250]    eta: 0:02:05  time: 0.2664  data_time: 0.0079  memory: 4781  
2026/04/07 15:52:47 - mmengine - INFO - Epoch(val)  [4][ 800/1250]    eta: 0:01:53  time: 0.2599  data_time: 0.0059  memory: 4776  
2026/04/07 15:53:00 - mmengine - INFO - Epoch(val)  [4][ 850/1250]    eta: 0:01:40  time: 0.2652  data_time: 0.0076  memory: 4781  
2026/04/07 15:53:13 - mmengine - INFO - Epoch(val)  [4][ 900/1250]    eta: 0:01:28  time: 0.2434  data_time: 0.0053  memory: 4786  
2026/04/07 15:53:24 - mmengine - INFO - Epoch(val)  [4][ 950/1250]    eta: 0:01:15  time: 0.2329  data_time: 0.0055  memory: 4782  
2026/04/07 15:53:36 - mmengine - INFO - Epoch(val)  [4][1000/1250]    eta: 0:01:02  time: 0.2431  data_time: 0.0065  memory: 4785  
2026/04/07 15:53:49 - mmengine - INFO - Epoch(val)  [4][1050/1250]    eta: 0:00:50  time: 0.2495  data_time: 0.0056  memory: 4785  
2026/04/07 15:54:01 - mmengine - INFO - Epoch(val)  [4][1100/1250]    eta: 0:00:37  time: 0.2481  data_time: 0.0051  memory: 4785  
2026/04/07 15:54:13 - mmengine - INFO - Epoch(val)  [4][1150/1250]    eta: 0:00:25  time: 0.2454  data_time: 0.0058  memory: 4780  
2026/04/07 15:54:26 - mmengine - INFO - Epoch(val)  [4][1200/1250]    eta: 0:00:12  time: 0.2454  data_time: 0.0053  memory: 4778  
2026/04/07 15:54:38 - mmengine - INFO - Epoch(val)  [4][1250/1250]    eta: 0:00:00  time: 0.2379  data_time: 0.0075  memory: 4782  
2026/04/07 15:55:56 - mmengine - INFO - 
+------------+---------+---------+---------+---------+
| classes    | AP_0.25 | AR_0.25 | AP_0.50 | AR_0.50 |
+------------+---------+---------+---------+---------+
| pedestrian | 0.7733  | 0.9331  | 0.5126  | 0.6772  |
+------------+---------+---------+---------+---------+
| Overall    | 0.7733  | 0.9331  | 0.5126  | 0.6772  |
+------------+---------+---------+---------+---------+
2026/04/07 15:56:25 - mmengine - INFO - 
+------------+---------+---------+---------+---------+---------+---------+---------+---------+
| classes    | AP_0.5m | AR_0.5m | AP_1.0m | AR_1.0m | AP_2.0m | AR_2.0m | AP_4.0m | AR_4.0m |
+------------+---------+---------+---------+---------+---------+---------+---------+---------+
| pedestrian | 0.7972  | 0.9661  | 0.8054  | 0.9736  | 0.8100  | 0.9776  | 0.8159  | 0.9833  |
+------------+---------+---------+---------+---------+---------+---------+---------+---------+
| Overall    | 0.7972  | 0.9661  | 0.8054  | 0.9736  | 0.8100  | 0.9776  | 0.8159  | 0.9833  |
+------------+---------+---------+---------+---------+---------+---------+---------+---------+
2026/04/07 15:56:26 - mmengine - INFO - Epoch(val) [4][1250/1250]    pedestrian_AP_0.25: 0.7733  mAP_0.25: 0.7733  pedestrian_rec_0.25: 0.9331  mAR_0.25: 0.9331  pedestrian_AP_0.50: 0.5126  mAP_0.50: 0.5126  pedestrian_rec_0.50: 0.6772  mAR_0.50: 0.6772  pedestrian_AP_0.5m: 0.7972  pedestrian_rec_0.5m: 0.9661  pedestrian_AP_1.0m: 0.8054  pedestrian_rec_1.0m: 0.9736  pedestrian_AP_2.0m: 0.8100  pedestrian_rec_2.0m: 0.9776  pedestrian_AP_4.0m: 0.8159  pedestrian_rec_4.0m: 0.9833  mAP_0.5m: 0.7972  mAR_0.5m: 0.9661  mAP_1.0m: 0.8054  mAR_1.0m: 0.9736  mAP_2.0m: 0.8100  mAR_2.0m: 0.9776  mAP_4.0m: 0.8159  mAR_4.0m: 0.9833  data_time: 0.0062  time: 0.2494
2026/04/07 15:57:13 - mmengine - INFO - Epoch(train)  [5][  50/5000]  lr: 5.0000e-04  eta: 9:23:30  time: 0.9266  data_time: 0.0398  memory: 17718  grad_norm: 3.0840  loss: 1.5708  loss_heatmap: 0.4403  layer_-1_loss_cls: 0.1033  layer_-1_loss_bbox: 0.4932  matched_ious: 0.5430  aux_depth_loss: 0.5339  sec_per_iter: 0.8718  iters_per_sec: 1.1500  samples_per_sec: 18.3500  samples_per_sec_per_gpu: 4.5900  max_mem_allocated_mb: 664.7000  max_mem_reserved_mb: 22048.0000
2026/04/07 15:58:00 - mmengine - INFO - Epoch(train)  [5][ 100/5000]  lr: 4.9999e-04  eta: 9:22:57  time: 0.9346  data_time: 0.0207  memory: 17669  grad_norm: 3.3790  loss: 1.4503  loss_heatmap: 0.4063  layer_-1_loss_cls: 0.1053  layer_-1_loss_bbox: 0.3965  matched_ious: 0.6365  aux_depth_loss: 0.5423  sec_per_iter: 0.9279  iters_per_sec: 1.0800  samples_per_sec: 17.2400  samples_per_sec_per_gpu: 4.3100  max_mem_allocated_mb: 664.7000  max_mem_reserved_mb: 22048.0000
2026/04/07 15:58:43 - mmengine - INFO - Epoch(train)  [5][ 150/5000]  lr: 4.9998e-04  eta: 9:22:17  time: 0.8712  data_time: 0.0146  memory: 17729  grad_norm: 3.6736  loss: 1.4751  loss_heatmap: 0.4009  layer_-1_loss_cls: 0.1004  layer_-1_loss_bbox: 0.4167  matched_ious: 0.5390  aux_depth_loss: 0.5571  sec_per_iter: 0.9314  iters_per_sec: 1.0700  samples_per_sec: 17.1800  samples_per_sec_per_gpu: 4.2900  max_mem_allocated_mb: 664.7000  max_mem_reserved_mb: 22048.0000
2026/04/07 15:59:27 - mmengine - INFO - Epoch(train)  [5][ 200/5000]  lr: 4.9997e-04  eta: 9:21:37  time: 0.8733  data_time: 0.0184  memory: 17796  grad_norm: 3.8679  loss: 1.5029  loss_heatmap: 0.4117  layer_-1_loss_cls: 0.0996  layer_-1_loss_bbox: 0.4546  matched_ious: 0.5252  aux_depth_loss: 0.5369  sec_per_iter: 0.9116  iters_per_sec: 1.1000  samples_per_sec: 17.5500  samples_per_sec_per_gpu: 4.3900  max_mem_allocated_mb: 664.7000  max_mem_reserved_mb: 22048.0000
2026/04/07 16:00:09 - mmengine - INFO - Epoch(train)  [5][ 250/5000]  lr: 4.9995e-04  eta: 9:20:55  time: 0.8453  data_time: 0.0207  memory: 17678  grad_norm: 3.5700  loss: 1.4676  loss_heatmap: 0.4047  layer_-1_loss_cls: 0.1027  layer_-1_loss_bbox: 0.4162  matched_ious: 0.5573  aux_depth_loss: 0.5439  sec_per_iter: 0.9016  iters_per_sec: 1.1100  samples_per_sec: 17.7500  samples_per_sec_per_gpu: 4.4400  max_mem_allocated_mb: 664.7000  max_mem_reserved_mb: 22048.0000
2026/04/07 16:01:00 - mmengine - INFO - Epoch(train)  [5][ 300/5000]  lr: 4.9993e-04  eta: 9:20:30  time: 1.0225  data_time: 0.0369  memory: 17733  grad_norm: 3.7640  loss: 1.5377  loss_heatmap: 0.4317  layer_-1_loss_cls: 0.1004  layer_-1_loss_bbox: 0.4461  matched_ious: 0.5155  aux_depth_loss: 0.5594  sec_per_iter: 0.8903  iters_per_sec: 1.1200  samples_per_sec: 17.9700  samples_per_sec_per_gpu: 4.4900  max_mem_allocated_mb: 664.7000  max_mem_reserved_mb: 22048.0000
2026/04/07 16:01:44 - mmengine - INFO - Epoch(train)  [5][ 350/5000]  lr: 4.9991e-04  eta: 9:19:50  time: 0.8784  data_time: 0.0159  memory: 17877  grad_norm: 3.9919  loss: 1.5878  loss_heatmap: 0.4573  layer_-1_loss_cls: 0.1087  layer_-1_loss_bbox: 0.4618  matched_ious: 0.5567  aux_depth_loss: 0.5600  sec_per_iter: 0.9124  iters_per_sec: 1.1000  samples_per_sec: 17.5400  samples_per_sec_per_gpu: 4.3800  max_mem_allocated_mb: 664.7000  max_mem_reserved_mb: 22048.0000
2026/04/07 16:02:30 - mmengine - INFO - Epoch(train)  [5][ 400/5000]  lr: 4.9988e-04  eta: 9:19:16  time: 0.9256  data_time: 0.0209  memory: 17752  grad_norm: 3.1973  loss: 1.5219  loss_heatmap: 0.4271  layer_-1_loss_cls: 0.1065  layer_-1_loss_bbox: 0.4447  matched_ious: 0.4558  aux_depth_loss: 0.5435  sec_per_iter: 0.9075  iters_per_sec: 1.1000  samples_per_sec: 17.6300  samples_per_sec_per_gpu: 4.4100  max_mem_allocated_mb: 664.7000  max_mem_reserved_mb: 22048.0000
2026/04/07 16:03:16 - mmengine - INFO - Epoch(train)  [5][ 450/5000]  lr: 4.9984e-04  eta: 9:18:39  time: 0.9037  data_time: 0.0189  memory: 17727  grad_norm: 3.1473  loss: 1.5722  loss_heatmap: 0.4543  layer_-1_loss_cls: 0.1121  layer_-1_loss_bbox: 0.4764  matched_ious: 0.5934  aux_depth_loss: 0.5294  sec_per_iter: 0.9098  iters_per_sec: 1.1000  samples_per_sec: 17.5900  samples_per_sec_per_gpu: 4.4000  max_mem_allocated_mb: 664.7000  max_mem_reserved_mb: 22048.0000
2026/04/07 16:04:15 - mmengine - INFO - Epoch(train)  [5][ 500/5000]  lr: 4.9981e-04  eta: 9:18:30  time: 1.1926  data_time: 0.0280  memory: 18006  grad_norm: 3.5589  loss: 1.5162  loss_heatmap: 0.4286  layer_-1_loss_cls: 0.1041  layer_-1_loss_bbox: 0.4423  matched_ious: 0.5759  aux_depth_loss: 0.5411  sec_per_iter: 0.9091  iters_per_sec: 1.1000  samples_per_sec: 17.6000  samples_per_sec_per_gpu: 4.4000  max_mem_allocated_mb: 664.7000  max_mem_reserved_mb: 22048.0000
2026/04/07 16:05:02 - mmengine - INFO - Epoch(train)  [5][ 550/5000]  lr: 4.9977e-04  eta: 9:17:56  time: 0.9424  data_time: 0.0192  memory: 17858  grad_norm: 3.7612  loss: 1.4224  loss_heatmap: 0.3949  layer_-1_loss_cls: 0.0993  layer_-1_loss_bbox: 0.3950  matched_ious: 0.5240  aux_depth_loss: 0.5332  sec_per_iter: 0.9376  iters_per_sec: 1.0700  samples_per_sec: 17.0700  samples_per_sec_per_gpu: 4.2700  max_mem_allocated_mb: 664.7000  max_mem_reserved_mb: 22048.0000
2026/04/07 16:05:56 - mmengine - INFO - Epoch(train)  [5][ 600/5000]  lr: 4.9972e-04  eta: 9:17:34  time: 1.0646  data_time: 0.0160  memory: 17726  grad_norm: 3.3064  loss: 1.4493  loss_heatmap: 0.3794  layer_-1_loss_cls: 0.0991  layer_-1_loss_bbox: 0.4297  matched_ious: 0.5401  aux_depth_loss: 0.5411  sec_per_iter: 0.9379  iters_per_sec: 1.0700  samples_per_sec: 17.0600  samples_per_sec_per_gpu: 4.2600  max_mem_allocated_mb: 664.7000  max_mem_reserved_mb: 22048.0000
2026/04/07 16:06:42 - mmengine - INFO - Epoch(train)  [5][ 650/5000]  lr: 4.9968e-04  eta: 9:17:00  time: 0.9390  data_time: 0.0199  memory: 17765  grad_norm: 3.2810  loss: 1.4860  loss_heatmap: 0.4217  layer_-1_loss_cls: 0.1073  layer_-1_loss_bbox: 0.4100  matched_ious: 0.5495  aux_depth_loss: 0.5470  sec_per_iter: 0.9485  iters_per_sec: 1.0500  samples_per_sec: 16.8700  samples_per_sec_per_gpu: 4.2200  max_mem_allocated_mb: 664.7000  max_mem_reserved_mb: 22048.0000
2026/04/07 16:07:30 - mmengine - INFO - Epoch(train)  [5][ 700/5000]  lr: 4.9962e-04  eta: 9:16:26  time: 0.9379  data_time: 0.0219  memory: 17886  grad_norm: 3.4369  loss: 1.5441  loss_heatmap: 0.4320  layer_-1_loss_cls: 0.1049  layer_-1_loss_bbox: 0.4702  matched_ious: 0.5194  aux_depth_loss: 0.5370  sec_per_iter: 0.9478  iters_per_sec: 1.0600  samples_per_sec: 16.8800  samples_per_sec_per_gpu: 4.2200  max_mem_allocated_mb: 664.7000  max_mem_reserved_mb: 22048.0000
2026/04/07 16:08:20 - mmengine - INFO - Epoch(train)  [5][ 750/5000]  lr: 4.9957e-04  eta: 9:16:00  time: 1.0184  data_time: 0.0402  memory: 17847  grad_norm: 3.1679  loss: 1.4376  loss_heatmap: 0.4020  layer_-1_loss_cls: 0.1017  layer_-1_loss_bbox: 0.4156  matched_ious: 0.4781  aux_depth_loss: 0.5184  sec_per_iter: 0.9477  iters_per_sec: 1.0600  samples_per_sec: 16.8800  samples_per_sec_per_gpu: 4.2200  max_mem_allocated_mb: 664.7000  max_mem_reserved_mb: 22048.0000
2026/04/07 16:09:08 - mmengine - INFO - Epoch(train)  [5][ 800/5000]  lr: 4.9951e-04  eta: 9:15:28  time: 0.9615  data_time: 0.0322  memory: 17752  grad_norm: 3.5905  loss: 1.4936  loss_heatmap: 0.4068  layer_-1_loss_cls: 0.0966  layer_-1_loss_bbox: 0.4496  matched_ious: 0.5759  aux_depth_loss: 0.5405  sec_per_iter: 0.9518  iters_per_sec: 1.0500  samples_per_sec: 16.8100  samples_per_sec_per_gpu: 4.2000  max_mem_allocated_mb: 664.7000  max_mem_reserved_mb: 22048.0000
2026/04/07 16:09:56 - mmengine - INFO - Epoch(train)  [5][ 850/5000]  lr: 4.9944e-04  eta: 9:14:55  time: 0.9539  data_time: 0.0185  memory: 17814  grad_norm: 3.5294  loss: 1.5585  loss_heatmap: 0.4341  layer_-1_loss_cls: 0.1007  layer_-1_loss_bbox: 0.4819  matched_ious: 0.5431  aux_depth_loss: 0.5419  sec_per_iter: 0.9524  iters_per_sec: 1.0500  samples_per_sec: 16.8000  samples_per_sec_per_gpu: 4.2000  max_mem_allocated_mb: 664.7000  max_mem_reserved_mb: 22048.0000
2026/04/07 16:10:42 - mmengine - INFO - Epoch(train)  [5][ 900/5000]  lr: 4.9938e-04  eta: 9:14:19  time: 0.9227  data_time: 0.0172  memory: 17909  grad_norm: 2.9832  loss: 1.4545  loss_heatmap: 0.3898  layer_-1_loss_cls: 0.0928  layer_-1_loss_bbox: 0.4458  matched_ious: 0.5696  aux_depth_loss: 0.5261  sec_per_iter: 0.9525  iters_per_sec: 1.0500  samples_per_sec: 16.8000  samples_per_sec_per_gpu: 4.2000  max_mem_allocated_mb: 664.7000  max_mem_reserved_mb: 22048.0000
2026/04/07 16:11:29 - mmengine - INFO - Epoch(train)  [5][ 950/5000]  lr: 4.9931e-04  eta: 9:13:45  time: 0.9336  data_time: 0.0171  memory: 17627  grad_norm: 3.6288  loss: 1.4700  loss_heatmap: 0.4088  layer_-1_loss_cls: 0.1022  layer_-1_loss_bbox: 0.4243  matched_ious: 0.5337  aux_depth_loss: 0.5347  sec_per_iter: 0.9509  iters_per_sec: 1.0500  samples_per_sec: 16.8300  samples_per_sec_per_gpu: 4.2100  max_mem_allocated_mb: 664.7000  max_mem_reserved_mb: 22048.0000
2026/04/07 16:12:17 - mmengine - INFO - Exp name: zod_bevfusion_finetune_20260407_104526
2026/04/07 16:12:18 - mmengine - INFO - Epoch(train)  [5][1000/5000]  lr: 4.9923e-04  eta: 9:13:13  time: 0.9709  data_time: 0.0175  memory: 17789  grad_norm: 3.7969  loss: 1.5967  loss_heatmap: 0.4470  layer_-1_loss_cls: 0.1104  layer_-1_loss_bbox: 0.4894  matched_ious: 0.4898  aux_depth_loss: 0.5499  sec_per_iter: 0.9500  iters_per_sec: 1.0500  samples_per_sec: 16.8400  samples_per_sec_per_gpu: 4.2100  max_mem_allocated_mb: 664.7000  max_mem_reserved_mb: 22048.0000
2026/04/07 16:13:02 - mmengine - INFO - Epoch(train)  [5][1050/5000]  lr: 4.9915e-04  eta: 9:12:35  time: 0.8946  data_time: 0.0245  memory: 17706  grad_norm: 3.9301  loss: 1.5939  loss_heatmap: 0.4505  layer_-1_loss_cls: 0.1088  layer_-1_loss_bbox: 0.4853  matched_ious: 0.5286  aux_depth_loss: 0.5493  sec_per_iter: 0.9511  iters_per_sec: 1.0500  samples_per_sec: 16.8200  samples_per_sec_per_gpu: 4.2100  max_mem_allocated_mb: 664.7000  max_mem_reserved_mb: 22048.0000
2026/04/07 16:13:48 - mmengine - INFO - Epoch(train)  [5][1100/5000]  lr: 4.9907e-04  eta: 9:11:58  time: 0.9206  data_time: 0.0181  memory: 17692  grad_norm: 3.5523  loss: 1.5213  loss_heatmap: 0.4249  layer_-1_loss_cls: 0.1037  layer_-1_loss_bbox: 0.4410  matched_ious: 0.5450  aux_depth_loss: 0.5518  sec_per_iter: 0.9484  iters_per_sec: 1.0500  samples_per_sec: 16.8700  samples_per_sec_per_gpu: 4.2200  max_mem_allocated_mb: 664.7000  max_mem_reserved_mb: 22048.0000
2026/04/07 16:14:39 - mmengine - INFO - Epoch(train)  [5][1150/5000]  lr: 4.9898e-04  eta: 9:11:31  time: 1.0154  data_time: 0.0409  memory: 17741  grad_norm: 3.3127  loss: 1.5106  loss_heatmap: 0.4247  layer_-1_loss_cls: 0.1065  layer_-1_loss_bbox: 0.4404  matched_ious: 0.5515  aux_depth_loss: 0.5391  sec_per_iter: 0.9474  iters_per_sec: 1.0600  samples_per_sec: 16.8900  samples_per_sec_per_gpu: 4.2200  max_mem_allocated_mb: 664.7000  max_mem_reserved_mb: 22048.0000
2026/04/07 16:15:24 - mmengine - INFO - Epoch(train)  [5][1200/5000]  lr: 4.9889e-04  eta: 9:10:53  time: 0.8987  data_time: 0.0322  memory: 17940  grad_norm: 3.1491  loss: 1.5150  loss_heatmap: 0.4221  layer_-1_loss_cls: 0.1038  layer_-1_loss_bbox: 0.4503  matched_ious: 0.5375  aux_depth_loss: 0.5389  sec_per_iter: 0.9500  iters_per_sec: 1.0500  samples_per_sec: 16.8400  samples_per_sec_per_gpu: 4.2100  max_mem_allocated_mb: 664.7000  max_mem_reserved_mb: 22048.0000
2026/04/07 16:16:10 - mmengine - INFO - Epoch(train)  [5][1250/5000]  lr: 4.9880e-04  eta: 9:10:16  time: 0.9144  data_time: 0.0285  memory: 18011  grad_norm: 3.0378  loss: 1.4960  loss_heatmap: 0.4150  layer_-1_loss_cls: 0.1046  layer_-1_loss_bbox: 0.4472  matched_ious: 0.5120  aux_depth_loss: 0.5292  sec_per_iter: 0.9479  iters_per_sec: 1.0500  samples_per_sec: 16.8800  samples_per_sec_per_gpu: 4.2200  max_mem_allocated_mb: 664.7000  max_mem_reserved_mb: 22048.0000
2026/04/07 16:16:57 - mmengine - INFO - Epoch(train)  [5][1300/5000]  lr: 4.9870e-04  eta: 9:09:42  time: 0.9446  data_time: 0.0194  memory: 17810  grad_norm: 3.8502  loss: 1.4794  loss_heatmap: 0.4163  layer_-1_loss_cls: 0.1066  layer_-1_loss_bbox: 0.4110  matched_ious: 0.5741  aux_depth_loss: 0.5455  sec_per_iter: 0.9466  iters_per_sec: 1.0600  samples_per_sec: 16.9000  samples_per_sec_per_gpu: 4.2300  max_mem_allocated_mb: 664.7000  max_mem_reserved_mb: 22048.0000
2026/04/07 16:17:42 - mmengine - INFO - Epoch(train)  [5][1350/5000]  lr: 4.9860e-04  eta: 9:09:03  time: 0.8933  data_time: 0.0218  memory: 17813  grad_norm: 2.8711  loss: 1.4494  loss_heatmap: 0.4156  layer_-1_loss_cls: 0.1042  layer_-1_loss_bbox: 0.4120  matched_ious: 0.5531  aux_depth_loss: 0.5176  sec_per_iter: 0.9465  iters_per_sec: 1.0600  samples_per_sec: 16.9000  samples_per_sec_per_gpu: 4.2300  max_mem_allocated_mb: 664.7000  max_mem_reserved_mb: 22048.0000
2026/04/07 16:18:25 - mmengine - INFO - Epoch(train)  [5][1400/5000]  lr: 4.9849e-04  eta: 9:08:22  time: 0.8688  data_time: 0.0156  memory: 17698  grad_norm: 4.3246  loss: 1.5877  loss_heatmap: 0.4439  layer_-1_loss_cls: 0.1075  layer_-1_loss_bbox: 0.4779  matched_ious: 0.5660  aux_depth_loss: 0.5584  sec_per_iter: 0.9445  iters_per_sec: 1.0600  samples_per_sec: 16.9400  samples_per_sec_per_gpu: 4.2300  max_mem_allocated_mb: 664.7000  max_mem_reserved_mb: 22048.0000
2026/04/07 16:19:11 - mmengine - INFO - Epoch(train)  [5][1450/5000]  lr: 4.9838e-04  eta: 9:07:44  time: 0.9124  data_time: 0.0183  memory: 17851  grad_norm: 3.2146  loss: 1.4930  loss_heatmap: 0.4145  layer_-1_loss_cls: 0.1038  layer_-1_loss_bbox: 0.4431  matched_ious: 0.5442  aux_depth_loss: 0.5317  sec_per_iter: 0.9419  iters_per_sec: 1.0600  samples_per_sec: 16.9900  samples_per_sec_per_gpu: 4.2500  max_mem_allocated_mb: 664.7000  max_mem_reserved_mb: 22048.0000
2026/04/07 16:19:56 - mmengine - INFO - Epoch(train)  [5][1500/5000]  lr: 4.9827e-04  eta: 9:07:06  time: 0.8986  data_time: 0.0214  memory: 17813  grad_norm: 2.6813  loss: 1.4183  loss_heatmap: 0.3887  layer_-1_loss_cls: 0.0988  layer_-1_loss_bbox: 0.4208  matched_ious: 0.5015  aux_depth_loss: 0.5100  sec_per_iter: 0.9408  iters_per_sec: 1.0600  samples_per_sec: 17.0100  samples_per_sec_per_gpu: 4.2500  max_mem_allocated_mb: 664.7000  max_mem_reserved_mb: 22048.0000
2026/04/07 16:20:40 - mmengine - INFO - Epoch(train)  [5][1550/5000]  lr: 4.9815e-04  eta: 9:06:27  time: 0.8989  data_time: 0.0196  memory: 17907  grad_norm: 3.1210  loss: 1.4641  loss_heatmap: 0.4068  layer_-1_loss_cls: 0.0983  layer_-1_loss_bbox: 0.4407  matched_ious: 0.5340  aux_depth_loss: 0.5182  sec_per_iter: 0.9394  iters_per_sec: 1.0600  samples_per_sec: 17.0300  samples_per_sec_per_gpu: 4.2600  max_mem_allocated_mb: 664.7000  max_mem_reserved_mb: 22048.0000
2026/04/07 16:21:29 - mmengine - INFO - Epoch(train)  [5][1600/5000]  lr: 4.9803e-04  eta: 9:05:55  time: 0.9697  data_time: 0.0327  memory: 17737  grad_norm: 3.0903  loss: 1.4418  loss_heatmap: 0.4065  layer_-1_loss_cls: 0.1018  layer_-1_loss_bbox: 0.4129  matched_ious: 0.5473  aux_depth_loss: 0.5206  sec_per_iter: 0.9381  iters_per_sec: 1.0700  samples_per_sec: 17.0600  samples_per_sec_per_gpu: 4.2600  max_mem_allocated_mb: 664.7000  max_mem_reserved_mb: 22048.0000
2026/04/07 16:22:12 - mmengine - INFO - Epoch(train)  [5][1650/5000]  lr: 4.9791e-04  eta: 9:05:12  time: 0.8532  data_time: 0.0207  memory: 17732  grad_norm: 3.1340  loss: 1.4925  loss_heatmap: 0.4144  layer_-1_loss_cls: 0.1052  layer_-1_loss_bbox: 0.4399  matched_ious: 0.5641  aux_depth_loss: 0.5329  sec_per_iter: 0.9391  iters_per_sec: 1.0600  samples_per_sec: 17.0400  samples_per_sec_per_gpu: 4.2600  max_mem_allocated_mb: 664.7000  max_mem_reserved_mb: 22048.0000
2026/04/07 16:22:59 - mmengine - INFO - Epoch(train)  [5][1700/5000]  lr: 4.9778e-04  eta: 9:04:39  time: 0.9532  data_time: 0.0201  memory: 17641  grad_norm: 3.4249  loss: 1.4638  loss_heatmap: 0.3985  layer_-1_loss_cls: 0.0997  layer_-1_loss_bbox: 0.4302  matched_ious: 0.5131  aux_depth_loss: 0.5353  sec_per_iter: 0.9365  iters_per_sec: 1.0700  samples_per_sec: 17.0900  samples_per_sec_per_gpu: 4.2700  max_mem_allocated_mb: 664.7000  max_mem_reserved_mb: 22048.0000
2026/04/07 16:23:44 - mmengine - INFO - Epoch(train)  [5][1750/5000]  lr: 4.9765e-04  eta: 9:04:00  time: 0.8946  data_time: 0.0198  memory: 17721  grad_norm: 3.2754  loss: 1.4205  loss_heatmap: 0.3814  layer_-1_loss_cls: 0.0988  layer_-1_loss_bbox: 0.4163  matched_ious: 0.5775  aux_depth_loss: 0.5240  sec_per_iter: 0.9370  iters_per_sec: 1.0700  samples_per_sec: 17.0800  samples_per_sec_per_gpu: 4.2700  max_mem_allocated_mb: 664.7000  max_mem_reserved_mb: 22048.0000
2026/04/07 16:24:27 - mmengine - INFO - Epoch(train)  [5][1800/5000]  lr: 4.9751e-04  eta: 9:03:17  time: 0.8536  data_time: 0.0184  memory: 17821  grad_norm: 4.1843  loss: 1.4771  loss_heatmap: 0.3935  layer_-1_loss_cls: 0.1009  layer_-1_loss_bbox: 0.4210  matched_ious: 0.5526  aux_depth_loss: 0.5617  sec_per_iter: 0.9358  iters_per_sec: 1.0700  samples_per_sec: 17.1000  samples_per_sec_per_gpu: 4.2700  max_mem_allocated_mb: 664.7000  max_mem_reserved_mb: 22048.0000
2026/04/07 16:25:13 - mmengine - INFO - Epoch(train)  [5][1850/5000]  lr: 4.9737e-04  eta: 9:02:41  time: 0.9339  data_time: 0.0198  memory: 17743  grad_norm: 3.0814  loss: 1.4708  loss_heatmap: 0.4049  layer_-1_loss_cls: 0.1025  layer_-1_loss_bbox: 0.4304  matched_ious: 0.5587  aux_depth_loss: 0.5329  sec_per_iter: 0.9335  iters_per_sec: 1.0700  samples_per_sec: 17.1400  samples_per_sec_per_gpu: 4.2900  max_mem_allocated_mb: 664.7000  max_mem_reserved_mb: 22048.0000
2026/04/07 16:26:00 - mmengine - INFO - Epoch(train)  [5][1900/5000]  lr: 4.9722e-04  eta: 9:02:06  time: 0.9377  data_time: 0.0233  memory: 17800  grad_norm: 3.6039  loss: 1.4948  loss_heatmap: 0.4076  layer_-1_loss_cls: 0.0997  layer_-1_loss_bbox: 0.4516  matched_ious: 0.4843  aux_depth_loss: 0.5359  sec_per_iter: 0.9335  iters_per_sec: 1.0700  samples_per_sec: 17.1400  samples_per_sec_per_gpu: 4.2800  max_mem_allocated_mb: 664.7000  max_mem_reserved_mb: 22048.0000
2026/04/07 16:26:44 - mmengine - INFO - Epoch(train)  [5][1950/5000]  lr: 4.9708e-04  eta: 9:01:25  time: 0.8702  data_time: 0.0206  memory: 17794  grad_norm: 3.7405  loss: 1.4506  loss_heatmap: 0.3935  layer_-1_loss_cls: 0.1010  layer_-1_loss_bbox: 0.4205  matched_ious: 0.4875  aux_depth_loss: 0.5356  sec_per_iter: 0.9337  iters_per_sec: 1.0700  samples_per_sec: 17.1400  samples_per_sec_per_gpu: 4.2800  max_mem_allocated_mb: 664.7000  max_mem_reserved_mb: 22048.0000
2026/04/07 16:27:30 - mmengine - INFO - Exp name: zod_bevfusion_finetune_20260407_104526
2026/04/07 16:27:30 - mmengine - INFO - Epoch(train)  [5][2000/5000]  lr: 4.9693e-04  eta: 9:00:49  time: 0.9286  data_time: 0.0280  memory: 17725  grad_norm: 2.8887  loss: 1.4395  loss_heatmap: 0.4129  layer_-1_loss_cls: 0.1006  layer_-1_loss_bbox: 0.4159  matched_ious: 0.4988  aux_depth_loss: 0.5101  sec_per_iter: 0.9320  iters_per_sec: 1.0700  samples_per_sec: 17.1700  samples_per_sec_per_gpu: 4.2900  max_mem_allocated_mb: 664.7000  max_mem_reserved_mb: 22048.0000
2026/04/07 16:28:20 - mmengine - INFO - Epoch(train)  [5][2050/5000]  lr: 4.9677e-04  eta: 9:00:17  time: 0.9889  data_time: 0.0167  memory: 17761  grad_norm: 3.2006  loss: 1.4955  loss_heatmap: 0.4243  layer_-1_loss_cls: 0.1079  layer_-1_loss_bbox: 0.4414  matched_ious: 0.5702  aux_depth_loss: 0.5220  sec_per_iter: 0.9319  iters_per_sec: 1.0700  samples_per_sec: 17.1700  samples_per_sec_per_gpu: 4.2900  max_mem_allocated_mb: 664.7000  max_mem_reserved_mb: 22048.0000
2026/04/07 16:29:07 - mmengine - INFO - Epoch(train)  [5][2100/5000]  lr: 4.9661e-04  eta: 8:59:43  time: 0.9535  data_time: 0.0250  memory: 17794  grad_norm: 2.8586  loss: 1.4653  loss_heatmap: 0.4114  layer_-1_loss_cls: 0.1008  layer_-1_loss_bbox: 0.4486  matched_ious: 0.5018  aux_depth_loss: 0.5045  sec_per_iter: 0.9333  iters_per_sec: 1.0700  samples_per_sec: 17.1400  samples_per_sec_per_gpu: 4.2900  max_mem_allocated_mb: 664.7000  max_mem_reserved_mb: 22048.0000
2026/04/07 16:29:52 - mmengine - INFO - Epoch(train)  [5][2150/5000]  lr: 4.9645e-04  eta: 8:59:03  time: 0.8867  data_time: 0.0183  memory: 17846  grad_norm: 3.2181  loss: 1.4890  loss_heatmap: 0.4198  layer_-1_loss_cls: 0.0991  layer_-1_loss_bbox: 0.4473  matched_ious: 0.5227  aux_depth_loss: 0.5228  sec_per_iter: 0.9338  iters_per_sec: 1.0700  samples_per_sec: 17.1400  samples_per_sec_per_gpu: 4.2800  max_mem_allocated_mb: 664.7000  max_mem_reserved_mb: 22048.0000
2026/04/07 16:30:44 - mmengine - INFO - Epoch(train)  [5][2200/5000]  lr: 4.9628e-04  eta: 8:58:38  time: 1.0563  data_time: 0.0197  memory: 17779  grad_norm: 3.7576  loss: 1.5742  loss_heatmap: 0.4306  layer_-1_loss_cls: 0.1016  layer_-1_loss_bbox: 0.4867  matched_ious: 0.4739  aux_depth_loss: 0.5554  sec_per_iter: 0.9327  iters_per_sec: 1.0700  samples_per_sec: 17.1500  samples_per_sec_per_gpu: 4.2900  max_mem_allocated_mb: 664.7000  max_mem_reserved_mb: 22048.0000
2026/04/07 16:31:30 - mmengine - INFO - Epoch(train)  [5][2250/5000]  lr: 4.9611e-04  eta: 8:58:00  time: 0.9095  data_time: 0.0189  memory: 17853  grad_norm: 3.7909  loss: 1.4636  loss_heatmap: 0.4074  layer_-1_loss_cls: 0.1032  layer_-1_loss_bbox: 0.3956  matched_ious: 0.5022  aux_depth_loss: 0.5573  sec_per_iter: 0.9355  iters_per_sec: 1.0700  samples_per_sec: 17.1000  samples_per_sec_per_gpu: 4.2800  max_mem_allocated_mb: 664.7000  max_mem_reserved_mb: 22048.0000
2026/04/07 16:32:17 - mmengine - INFO - Epoch(train)  [5][2300/5000]  lr: 4.9594e-04  eta: 8:57:24  time: 0.9431  data_time: 0.0256  memory: 17822  grad_norm: 2.9148  loss: 1.4118  loss_heatmap: 0.3859  layer_-1_loss_cls: 0.0971  layer_-1_loss_bbox: 0.4208  matched_ious: 0.5402  aux_depth_loss: 0.5080  sec_per_iter: 0.9349  iters_per_sec: 1.0700  samples_per_sec: 17.1100  samples_per_sec_per_gpu: 4.2800  max_mem_allocated_mb: 664.7000  max_mem_reserved_mb: 22048.0000
2026/04/07 16:33:05 - mmengine - INFO - Epoch(train)  [5][2350/5000]  lr: 4.9576e-04  eta: 8:56:50  time: 0.9609  data_time: 0.0234  memory: 17782  grad_norm: 3.4891  loss: 1.5006  loss_heatmap: 0.4154  layer_-1_loss_cls: 0.1009  layer_-1_loss_bbox: 0.4547  matched_ious: 0.4547  aux_depth_loss: 0.5296  sec_per_iter: 0.9351  iters_per_sec: 1.0700  samples_per_sec: 17.1100  samples_per_sec_per_gpu: 4.2800  max_mem_allocated_mb: 664.7000  max_mem_reserved_mb: 22048.0000
2026/04/07 16:33:53 - mmengine - INFO - Epoch(train)  [5][2400/5000]  lr: 4.9558e-04  eta: 8:56:15  time: 0.9479  data_time: 0.0226  memory: 17850  grad_norm: 3.8939  loss: 1.5438  loss_heatmap: 0.4151  layer_-1_loss_cls: 0.1015  layer_-1_loss_bbox: 0.4399  matched_ious: 0.5371  aux_depth_loss: 0.5874  sec_per_iter: 0.9356  iters_per_sec: 1.0700  samples_per_sec: 17.1000  samples_per_sec_per_gpu: 4.2800  max_mem_allocated_mb: 664.7000  max_mem_reserved_mb: 22048.0000
2026/04/07 16:34:36 - mmengine - INFO - Epoch(train)  [5][2450/5000]  lr: 4.9539e-04  eta: 8:55:33  time: 0.8630  data_time: 0.0171  memory: 17792  grad_norm: 3.0789  loss: 1.4821  loss_heatmap: 0.4219  layer_-1_loss_cls: 0.1005  layer_-1_loss_bbox: 0.4433  matched_ious: 0.5020  aux_depth_loss: 0.5164  sec_per_iter: 0.9359  iters_per_sec: 1.0700  samples_per_sec: 17.1000  samples_per_sec_per_gpu: 4.2700  max_mem_allocated_mb: 664.7000  max_mem_reserved_mb: 22048.0000
2026/04/07 16:35:19 - mmengine - INFO - Epoch(train)  [5][2500/5000]  lr: 4.9520e-04  eta: 8:54:51  time: 0.8635  data_time: 0.0193  memory: 17749  grad_norm: 3.2735  loss: 1.5155  loss_heatmap: 0.4232  layer_-1_loss_cls: 0.1036  layer_-1_loss_bbox: 0.4635  matched_ious: 0.5715  aux_depth_loss: 0.5252  sec_per_iter: 0.9344  iters_per_sec: 1.0700  samples_per_sec: 17.1200  samples_per_sec_per_gpu: 4.2800  max_mem_allocated_mb: 664.7000  max_mem_reserved_mb: 22048.0000
2026/04/07 16:36:04 - mmengine - INFO - Epoch(train)  [5][2550/5000]  lr: 4.9501e-04  eta: 8:54:13  time: 0.9092  data_time: 0.0200  memory: 17855  grad_norm: 3.1824  loss: 1.4618  loss_heatmap: 0.4111  layer_-1_loss_cls: 0.0986  layer_-1_loss_bbox: 0.4129  matched_ious: 0.5859  aux_depth_loss: 0.5392  sec_per_iter: 0.9330  iters_per_sec: 1.0700  samples_per_sec: 17.1500  samples_per_sec_per_gpu: 4.2900  max_mem_allocated_mb: 664.7000  max_mem_reserved_mb: 22048.0000
2026/04/07 16:36:53 - mmengine - INFO - Epoch(train)  [5][2600/5000]  lr: 4.9481e-04  eta: 8:53:40  time: 0.9732  data_time: 0.0348  memory: 17772  grad_norm: 3.8999  loss: 1.4882  loss_heatmap: 0.4056  layer_-1_loss_cls: 0.1006  layer_-1_loss_bbox: 0.4390  matched_ious: 0.5559  aux_depth_loss: 0.5430  sec_per_iter: 0.9325  iters_per_sec: 1.0700  samples_per_sec: 17.1600  samples_per_sec_per_gpu: 4.2900  max_mem_allocated_mb: 664.7000  max_mem_reserved_mb: 22048.0000
2026/04/07 16:37:39 - mmengine - INFO - Epoch(train)  [5][2650/5000]  lr: 4.9461e-04  eta: 8:53:01  time: 0.9128  data_time: 0.0179  memory: 17806  grad_norm: 3.7176  loss: 1.4543  loss_heatmap: 0.3947  layer_-1_loss_cls: 0.0974  layer_-1_loss_bbox: 0.4283  matched_ious: 0.5368  aux_depth_loss: 0.5339  sec_per_iter: 0.9333  iters_per_sec: 1.0700  samples_per_sec: 17.1400  samples_per_sec_per_gpu: 4.2900  max_mem_allocated_mb: 664.7000  max_mem_reserved_mb: 22048.0000
2026/04/07 16:38:22 - mmengine - INFO - Epoch(train)  [5][2700/5000]  lr: 4.9440e-04  eta: 8:52:20  time: 0.8682  data_time: 0.0172  memory: 17777  grad_norm: 3.0060  loss: 1.4513  loss_heatmap: 0.4009  layer_-1_loss_cls: 0.1009  layer_-1_loss_bbox: 0.4192  matched_ious: 0.5304  aux_depth_loss: 0.5303  sec_per_iter: 0.9329  iters_per_sec: 1.0700  samples_per_sec: 17.1500  samples_per_sec_per_gpu: 4.2900  max_mem_allocated_mb: 664.7000  max_mem_reserved_mb: 22048.0000
2026/04/07 16:39:07 - mmengine - INFO - Epoch(train)  [5][2750/5000]  lr: 4.9420e-04  eta: 8:51:40  time: 0.8993  data_time: 0.0192  memory: 17814  grad_norm: 3.1733  loss: 1.4350  loss_heatmap: 0.3974  layer_-1_loss_cls: 0.0999  layer_-1_loss_bbox: 0.4152  matched_ious: 0.4959  aux_depth_loss: 0.5226  sec_per_iter: 0.9317  iters_per_sec: 1.0700  samples_per_sec: 17.1700  samples_per_sec_per_gpu: 4.2900  max_mem_allocated_mb: 664.7000  max_mem_reserved_mb: 22048.0000
2026/04/07 16:39:51 - mmengine - INFO - Epoch(train)  [5][2800/5000]  lr: 4.9398e-04  eta: 8:50:59  time: 0.8741  data_time: 0.0257  memory: 17832  grad_norm: 2.7697  loss: 1.5165  loss_heatmap: 0.4264  layer_-1_loss_cls: 0.1017  layer_-1_loss_bbox: 0.4719  matched_ious: 0.4954  aux_depth_loss: 0.5165  sec_per_iter: 0.9311  iters_per_sec: 1.0700  samples_per_sec: 17.1800  samples_per_sec_per_gpu: 4.3000  max_mem_allocated_mb: 664.7000  max_mem_reserved_mb: 22048.0000
2026/04/07 16:40:34 - mmengine - INFO - Epoch(train)  [5][2850/5000]  lr: 4.9377e-04  eta: 8:50:18  time: 0.8744  data_time: 0.0183  memory: 17747  grad_norm: 3.4799  loss: 1.5022  loss_heatmap: 0.4349  layer_-1_loss_cls: 0.1050  layer_-1_loss_bbox: 0.4286  matched_ious: 0.5300  aux_depth_loss: 0.5337  sec_per_iter: 0.9301  iters_per_sec: 1.0800  samples_per_sec: 17.2000  samples_per_sec_per_gpu: 4.3000  max_mem_allocated_mb: 664.7000  max_mem_reserved_mb: 22048.0000
2026/04/07 16:41:20 - mmengine - INFO - Epoch(train)  [5][2900/5000]  lr: 4.9355e-04  eta: 8:49:40  time: 0.9191  data_time: 0.0245  memory: 17787  grad_norm: 2.6023  loss: 1.4544  loss_heatmap: 0.4114  layer_-1_loss_cls: 0.1035  layer_-1_loss_bbox: 0.4278  matched_ious: 0.5633  aux_depth_loss: 0.5117  sec_per_iter: 0.9291  iters_per_sec: 1.0800  samples_per_sec: 17.2200  samples_per_sec_per_gpu: 4.3100  max_mem_allocated_mb: 664.7000  max_mem_reserved_mb: 22048.0000
2026/04/07 16:42:05 - mmengine - INFO - Epoch(train)  [5][2950/5000]  lr: 4.9332e-04  eta: 8:49:00  time: 0.8981  data_time: 0.0161  memory: 17650  grad_norm: 3.6022  loss: 1.4185  loss_heatmap: 0.3893  layer_-1_loss_cls: 0.1006  layer_-1_loss_bbox: 0.4003  matched_ious: 0.5608  aux_depth_loss: 0.5283  sec_per_iter: 0.9290  iters_per_sec: 1.0800  samples_per_sec: 17.2200  samples_per_sec_per_gpu: 4.3100  max_mem_allocated_mb: 664.7000  max_mem_reserved_mb: 22048.0000
2026/04/07 16:42:51 - mmengine - INFO - Exp name: zod_bevfusion_finetune_20260407_104526
2026/04/07 16:42:51 - mmengine - INFO - Epoch(train)  [5][3000/5000]  lr: 4.9310e-04  eta: 8:48:22  time: 0.9067  data_time: 0.0196  memory: 17760  grad_norm: 2.8763  loss: 1.4657  loss_heatmap: 0.4151  layer_-1_loss_cls: 0.1022  layer_-1_loss_bbox: 0.4351  matched_ious: 0.5347  aux_depth_loss: 0.5132  sec_per_iter: 0.9284  iters_per_sec: 1.0800  samples_per_sec: 17.2300  samples_per_sec_per_gpu: 4.3100  max_mem_allocated_mb: 664.7000  max_mem_reserved_mb: 22048.0000
2026/04/07 16:43:33 - mmengine - INFO - Epoch(train)  [5][3050/5000]  lr: 4.9287e-04  eta: 8:47:39  time: 0.8544  data_time: 0.0184  memory: 17837  grad_norm: 3.6206  loss: 1.4943  loss_heatmap: 0.4126  layer_-1_loss_cls: 0.0987  layer_-1_loss_bbox: 0.4461  matched_ious: 0.5685  aux_depth_loss: 0.5369  sec_per_iter: 0.9281  iters_per_sec: 1.0800  samples_per_sec: 17.2400  samples_per_sec_per_gpu: 4.3100  max_mem_allocated_mb: 664.7000  max_mem_reserved_mb: 22048.0000
2026/04/07 16:44:17 - mmengine - INFO - Epoch(train)  [5][3100/5000]  lr: 4.9263e-04  eta: 8:46:58  time: 0.8806  data_time: 0.0238  memory: 17794  grad_norm: 2.8938  loss: 1.3998  loss_heatmap: 0.3904  layer_-1_loss_cls: 0.0970  layer_-1_loss_bbox: 0.3998  matched_ious: 0.5433  aux_depth_loss: 0.5126  sec_per_iter: 0.9269  iters_per_sec: 1.0800  samples_per_sec: 17.2600  samples_per_sec_per_gpu: 4.3200  max_mem_allocated_mb: 664.7000  max_mem_reserved_mb: 22048.0000
2026/04/07 16:45:05 - mmengine - INFO - Epoch(train)  [5][3150/5000]  lr: 4.9239e-04  eta: 8:46:22  time: 0.9427  data_time: 0.0187  memory: 17889  grad_norm: 3.3210  loss: 1.4385  loss_heatmap: 0.3901  layer_-1_loss_cls: 0.0951  layer_-1_loss_bbox: 0.4372  matched_ious: 0.5349  aux_depth_loss: 0.5160  sec_per_iter: 0.9261  iters_per_sec: 1.0800  samples_per_sec: 17.2800  samples_per_sec_per_gpu: 4.3200  max_mem_allocated_mb: 664.7000  max_mem_reserved_mb: 22048.0000
2026/04/07 16:45:47 - mmengine - INFO - Epoch(train)  [5][3200/5000]  lr: 4.9215e-04  eta: 8:45:38  time: 0.8496  data_time: 0.0154  memory: 17796  grad_norm: 3.2659  loss: 1.4061  loss_heatmap: 0.3885  layer_-1_loss_cls: 0.0944  layer_-1_loss_bbox: 0.4099  matched_ious: 0.5902  aux_depth_loss: 0.5133  sec_per_iter: 0.9264  iters_per_sec: 1.0800  samples_per_sec: 17.2700  samples_per_sec_per_gpu: 4.3200  max_mem_allocated_mb: 664.7000  max_mem_reserved_mb: 22048.0000
2026/04/07 16:46:35 - mmengine - INFO - Epoch(train)  [5][3250/5000]  lr: 4.9190e-04  eta: 8:45:03  time: 0.9520  data_time: 0.0195  memory: 17859  grad_norm: 3.3968  loss: 1.3975  loss_heatmap: 0.3719  layer_-1_loss_cls: 0.0983  layer_-1_loss_bbox: 0.4023  matched_ious: 0.5588  aux_depth_loss: 0.5250  sec_per_iter: 0.9252  iters_per_sec: 1.0800  samples_per_sec: 17.2900  samples_per_sec_per_gpu: 4.3200  max_mem_allocated_mb: 664.7000  max_mem_reserved_mb: 22048.0000
2026/04/07 16:47:21 - mmengine - INFO - Epoch(train)  [5][3300/5000]  lr: 4.9166e-04  eta: 8:44:25  time: 0.9184  data_time: 0.0207  memory: 17816  grad_norm: 2.9469  loss: 1.3812  loss_heatmap: 0.3730  layer_-1_loss_cls: 0.0973  layer_-1_loss_bbox: 0.4033  matched_ious: 0.5487  aux_depth_loss: 0.5076  sec_per_iter: 0.9256  iters_per_sec: 1.0800  samples_per_sec: 17.2900  samples_per_sec_per_gpu: 4.3200  max_mem_allocated_mb: 664.7000  max_mem_reserved_mb: 22048.0000
2026/04/07 16:48:04 - mmengine - INFO - Epoch(train)  [5][3350/5000]  lr: 4.9140e-04  eta: 8:43:43  time: 0.8767  data_time: 0.0210  memory: 17805  grad_norm: 2.7473  loss: 1.4881  loss_heatmap: 0.4235  layer_-1_loss_cls: 0.1043  layer_-1_loss_bbox: 0.4552  matched_ious: 0.5384  aux_depth_loss: 0.5051  sec_per_iter: 0.9255  iters_per_sec: 1.0800  samples_per_sec: 17.2900  samples_per_sec_per_gpu: 4.3200  max_mem_allocated_mb: 664.7000  max_mem_reserved_mb: 22048.0000
2026/04/07 16:48:47 - mmengine - INFO - Epoch(train)  [5][3400/5000]  lr: 4.9114e-04  eta: 8:43:00  time: 0.8459  data_time: 0.0205  memory: 17867  grad_norm: 3.3271  loss: 1.4829  loss_heatmap: 0.4333  layer_-1_loss_cls: 0.1105  layer_-1_loss_bbox: 0.4236  matched_ious: 0.4977  aux_depth_loss: 0.5155  sec_per_iter: 0.9248  iters_per_sec: 1.0800  samples_per_sec: 17.3000  samples_per_sec_per_gpu: 4.3300  max_mem_allocated_mb: 664.7000  max_mem_reserved_mb: 22048.0000
2026/04/07 16:49:33 - mmengine - INFO - Epoch(train)  [5][3450/5000]  lr: 4.9088e-04  eta: 8:42:23  time: 0.9326  data_time: 0.0203  memory: 17788  grad_norm: 3.1855  loss: 1.3753  loss_heatmap: 0.3727  layer_-1_loss_cls: 0.0938  layer_-1_loss_bbox: 0.3928  matched_ious: 0.5848  aux_depth_loss: 0.5160  sec_per_iter: 0.9236  iters_per_sec: 1.0800  samples_per_sec: 17.3200  samples_per_sec_per_gpu: 4.3300  max_mem_allocated_mb: 664.7000  max_mem_reserved_mb: 22048.0000
2026/04/07 16:50:19 - mmengine - INFO - Epoch(train)  [5][3500/5000]  lr: 4.9062e-04  eta: 8:41:45  time: 0.9202  data_time: 0.0193  memory: 17807  grad_norm: 3.4446  loss: 1.4248  loss_heatmap: 0.3950  layer_-1_loss_cls: 0.1002  layer_-1_loss_bbox: 0.4030  matched_ious: 0.5715  aux_depth_loss: 0.5266  sec_per_iter: 0.9237  iters_per_sec: 1.0800  samples_per_sec: 17.3200  samples_per_sec_per_gpu: 4.3300  max_mem_allocated_mb: 664.7000  max_mem_reserved_mb: 22048.0000
2026/04/07 16:51:11 - mmengine - INFO - Epoch(train)  [5][3550/5000]  lr: 4.9035e-04  eta: 8:41:15  time: 1.0278  data_time: 0.0184  memory: 17891  grad_norm: 3.8759  loss: 1.4803  loss_heatmap: 0.4068  layer_-1_loss_cls: 0.0964  layer_-1_loss_bbox: 0.4426  matched_ious: 0.5194  aux_depth_loss: 0.5344  sec_per_iter: 0.9237  iters_per_sec: 1.0800  samples_per_sec: 17.3200  samples_per_sec_per_gpu: 4.3300  max_mem_allocated_mb: 664.7000  max_mem_reserved_mb: 22048.0000
2026/04/07 16:51:55 - mmengine - INFO - Epoch(train)  [5][3600/5000]  lr: 4.9008e-04  eta: 8:40:33  time: 0.8769  data_time: 0.0165  memory: 17959  grad_norm: 3.6689  loss: 1.4673  loss_heatmap: 0.4040  layer_-1_loss_cls: 0.1040  layer_-1_loss_bbox: 0.4262  matched_ious: 0.5352  aux_depth_loss: 0.5332  sec_per_iter: 0.9252  iters_per_sec: 1.0800  samples_per_sec: 17.2900  samples_per_sec_per_gpu: 4.3200  max_mem_allocated_mb: 664.7000  max_mem_reserved_mb: 22048.0000
2026/04/07 16:52:38 - mmengine - INFO - Epoch(train)  [5][3650/5000]  lr: 4.8980e-04  eta: 8:39:51  time: 0.8687  data_time: 0.0176  memory: 17960  grad_norm: 2.9584  loss: 1.4209  loss_heatmap: 0.4017  layer_-1_loss_cls: 0.1059  layer_-1_loss_bbox: 0.4179  matched_ious: 0.5765  aux_depth_loss: 0.4954  sec_per_iter: 0.9245  iters_per_sec: 1.0800  samples_per_sec: 17.3100  samples_per_sec_per_gpu: 4.3300  max_mem_allocated_mb: 664.7000  max_mem_reserved_mb: 22048.0000
2026/04/07 16:53:24 - mmengine - INFO - Epoch(train)  [5][3700/5000]  lr: 4.8952e-04  eta: 8:39:13  time: 0.9184  data_time: 0.0175  memory: 17829  grad_norm: 2.9235  loss: 1.4126  loss_heatmap: 0.3879  layer_-1_loss_cls: 0.0996  layer_-1_loss_bbox: 0.4296  matched_ious: 0.5041  aux_depth_loss: 0.4956  sec_per_iter: 0.9237  iters_per_sec: 1.0800  samples_per_sec: 17.3200  samples_per_sec_per_gpu: 4.3300  max_mem_allocated_mb: 664.7000  max_mem_reserved_mb: 22048.0000
2026/04/07 16:54:05 - mmengine - INFO - Epoch(train)  [5][3750/5000]  lr: 4.8924e-04  eta: 8:38:27  time: 0.8215  data_time: 0.0151  memory: 17796  grad_norm: 3.2298  loss: 1.4648  loss_heatmap: 0.4205  layer_-1_loss_cls: 0.1079  layer_-1_loss_bbox: 0.4257  matched_ious: 0.5114  aux_depth_loss: 0.5107  sec_per_iter: 0.9237  iters_per_sec: 1.0800  samples_per_sec: 17.3200  samples_per_sec_per_gpu: 4.3300  max_mem_allocated_mb: 664.7000  max_mem_reserved_mb: 22048.0000
2026/04/07 16:54:52 - mmengine - INFO - Epoch(train)  [5][3800/5000]  lr: 4.8895e-04  eta: 8:37:50  time: 0.9327  data_time: 0.0181  memory: 17792  grad_norm: 3.2973  loss: 1.4447  loss_heatmap: 0.3954  layer_-1_loss_cls: 0.0966  layer_-1_loss_bbox: 0.4409  matched_ious: 0.5631  aux_depth_loss: 0.5118  sec_per_iter: 0.9223  iters_per_sec: 1.0800  samples_per_sec: 17.3500  samples_per_sec_per_gpu: 4.3400  max_mem_allocated_mb: 664.7000  max_mem_reserved_mb: 22048.0000
2026/04/07 16:55:35 - mmengine - INFO - Epoch(train)  [5][3850/5000]  lr: 4.8866e-04  eta: 8:37:07  time: 0.8610  data_time: 0.0153  memory: 17726  grad_norm: 3.5636  loss: 1.5040  loss_heatmap: 0.4321  layer_-1_loss_cls: 0.1067  layer_-1_loss_bbox: 0.4517  matched_ious: 0.5160  aux_depth_loss: 0.5134  sec_per_iter: 0.9224  iters_per_sec: 1.0800  samples_per_sec: 17.3500  samples_per_sec_per_gpu: 4.3400  max_mem_allocated_mb: 664.7000  max_mem_reserved_mb: 22048.0000
2026/04/07 16:56:18 - mmengine - INFO - Epoch(train)  [5][3900/5000]  lr: 4.8837e-04  eta: 8:36:25  time: 0.8599  data_time: 0.0179  memory: 17644  grad_norm: 3.0656  loss: 1.4284  loss_heatmap: 0.4167  layer_-1_loss_cls: 0.1059  layer_-1_loss_bbox: 0.3897  matched_ious: 0.5104  aux_depth_loss: 0.5162  sec_per_iter: 0.9216  iters_per_sec: 1.0900  samples_per_sec: 17.3600  samples_per_sec_per_gpu: 4.3400  max_mem_allocated_mb: 664.7000  max_mem_reserved_mb: 22048.0000
2026/04/07 16:57:04 - mmengine - INFO - Epoch(train)  [5][3950/5000]  lr: 4.8807e-04  eta: 8:35:47  time: 0.9231  data_time: 0.0244  memory: 17704  grad_norm: 3.8912  loss: 1.5009  loss_heatmap: 0.4230  layer_-1_loss_cls: 0.1017  layer_-1_loss_bbox: 0.4477  matched_ious: 0.5126  aux_depth_loss: 0.5285  sec_per_iter: 0.9209  iters_per_sec: 1.0900  samples_per_sec: 17.3800  samples_per_sec_per_gpu: 4.3400  max_mem_allocated_mb: 664.7000  max_mem_reserved_mb: 22048.0000
2026/04/07 16:57:48 - mmengine - INFO - Exp name: zod_bevfusion_finetune_20260407_104526
2026/04/07 16:57:48 - mmengine - INFO - Epoch(train)  [5][4000/5000]  lr: 4.8777e-04  eta: 8:35:05  time: 0.8763  data_time: 0.0172  memory: 17853  grad_norm: 2.6969  loss: 1.3972  loss_heatmap: 0.3857  layer_-1_loss_cls: 0.0967  layer_-1_loss_bbox: 0.4147  matched_ious: 0.5501  aux_depth_loss: 0.5001  sec_per_iter: 0.9209  iters_per_sec: 1.0900  samples_per_sec: 17.3700  samples_per_sec_per_gpu: 4.3400  max_mem_allocated_mb: 664.7000  max_mem_reserved_mb: 22048.0000
2026/04/07 16:58:36 - mmengine - INFO - Epoch(train)  [5][4050/5000]  lr: 4.8747e-04  eta: 8:34:30  time: 0.9583  data_time: 0.0238  memory: 17822  grad_norm: 3.3653  loss: 1.5046  loss_heatmap: 0.4289  layer_-1_loss_cls: 0.1015  layer_-1_loss_bbox: 0.4552  matched_ious: 0.5430  aux_depth_loss: 0.5190  sec_per_iter: 0.9203  iters_per_sec: 1.0900  samples_per_sec: 17.3900  samples_per_sec_per_gpu: 4.3500  max_mem_allocated_mb: 664.7000  max_mem_reserved_mb: 22048.0000
2026/04/07 16:59:20 - mmengine - INFO - Epoch(train)  [5][4100/5000]  lr: 4.8716e-04  eta: 8:33:49  time: 0.8893  data_time: 0.0300  memory: 17752  grad_norm: 3.5267  loss: 1.5711  loss_heatmap: 0.4575  layer_-1_loss_cls: 0.1100  layer_-1_loss_bbox: 0.4651  matched_ious: 0.5772  aux_depth_loss: 0.5385  sec_per_iter: 0.9208  iters_per_sec: 1.0900  samples_per_sec: 17.3800  samples_per_sec_per_gpu: 4.3400  max_mem_allocated_mb: 664.7000  max_mem_reserved_mb: 22048.0000
2026/04/07 17:00:04 - mmengine - INFO - Epoch(train)  [5][4150/5000]  lr: 4.8684e-04  eta: 8:33:07  time: 0.8756  data_time: 0.0171  memory: 17902  grad_norm: 3.7414  loss: 1.5071  loss_heatmap: 0.4212  layer_-1_loss_cls: 0.1033  layer_-1_loss_bbox: 0.4492  matched_ious: 0.5474  aux_depth_loss: 0.5333  sec_per_iter: 0.9204  iters_per_sec: 1.0900  samples_per_sec: 17.3800  samples_per_sec_per_gpu: 4.3500  max_mem_allocated_mb: 664.7000  max_mem_reserved_mb: 22048.0000
2026/04/07 17:00:48 - mmengine - INFO - Epoch(train)  [5][4200/5000]  lr: 4.8653e-04  eta: 8:32:26  time: 0.8856  data_time: 0.0196  memory: 17714  grad_norm: 3.5692  loss: 1.4784  loss_heatmap: 0.4145  layer_-1_loss_cls: 0.1044  layer_-1_loss_bbox: 0.4201  matched_ious: 0.5302  aux_depth_loss: 0.5394  sec_per_iter: 0.9199  iters_per_sec: 1.0900  samples_per_sec: 17.3900  samples_per_sec_per_gpu: 4.3500  max_mem_allocated_mb: 664.7000  max_mem_reserved_mb: 22048.0000
2026/04/07 17:01:32 - mmengine - INFO - Epoch(train)  [5][4250/5000]  lr: 4.8621e-04  eta: 8:31:44  time: 0.8740  data_time: 0.0164  memory: 17757  grad_norm: 2.8767  loss: 1.4721  loss_heatmap: 0.4286  layer_-1_loss_cls: 0.1078  layer_-1_loss_bbox: 0.4280  matched_ious: 0.5548  aux_depth_loss: 0.5077  sec_per_iter: 0.9195  iters_per_sec: 1.0900  samples_per_sec: 17.4000  samples_per_sec_per_gpu: 4.3500  max_mem_allocated_mb: 664.7000  max_mem_reserved_mb: 22048.0000
2026/04/07 17:02:14 - mmengine - INFO - Epoch(train)  [5][4300/5000]  lr: 4.8588e-04  eta: 8:31:00  time: 0.8427  data_time: 0.0152  memory: 17838  grad_norm: 3.3107  loss: 1.4033  loss_heatmap: 0.3704  layer_-1_loss_cls: 0.0954  layer_-1_loss_bbox: 0.4213  matched_ious: 0.5960  aux_depth_loss: 0.5162  sec_per_iter: 0.9189  iters_per_sec: 1.0900  samples_per_sec: 17.4100  samples_per_sec_per_gpu: 4.3500  max_mem_allocated_mb: 664.7000  max_mem_reserved_mb: 22048.0000
2026/04/07 17:03:03 - mmengine - INFO - Epoch(train)  [5][4350/5000]  lr: 4.8556e-04  eta: 8:30:26  time: 0.9786  data_time: 0.0216  memory: 17640  grad_norm: 3.4559  loss: 1.5064  loss_heatmap: 0.4186  layer_-1_loss_cls: 0.1021  layer_-1_loss_bbox: 0.4724  matched_ious: 0.5572  aux_depth_loss: 0.5132  sec_per_iter: 0.9180  iters_per_sec: 1.0900  samples_per_sec: 17.4300  samples_per_sec_per_gpu: 4.3600  max_mem_allocated_mb: 664.7000  max_mem_reserved_mb: 22048.0000
2026/04/07 17:03:57 - mmengine - INFO - Epoch(train)  [5][4400/5000]  lr: 4.8523e-04  eta: 8:29:59  time: 1.0750  data_time: 0.0193  memory: 17790  grad_norm: 3.3292  loss: 1.4739  loss_heatmap: 0.4257  layer_-1_loss_cls: 0.1058  layer_-1_loss_bbox: 0.4266  matched_ious: 0.5220  aux_depth_loss: 0.5159  sec_per_iter: 0.9187  iters_per_sec: 1.0900  samples_per_sec: 17.4200  samples_per_sec_per_gpu: 4.3500  max_mem_allocated_mb: 664.7000  max_mem_reserved_mb: 22048.0000
2026/04/07 17:04:42 - mmengine - INFO - Epoch(train)  [5][4450/5000]  lr: 4.8489e-04  eta: 8:29:19  time: 0.9042  data_time: 0.0187  memory: 17802  grad_norm: 3.4122  loss: 1.4574  loss_heatmap: 0.3943  layer_-1_loss_cls: 0.0982  layer_-1_loss_bbox: 0.4273  matched_ious: 0.5750  aux_depth_loss: 0.5375  sec_per_iter: 0.9205  iters_per_sec: 1.0900  samples_per_sec: 17.3800  samples_per_sec_per_gpu: 4.3500  max_mem_allocated_mb: 664.7000  max_mem_reserved_mb: 22048.0000
2026/04/07 17:05:27 - mmengine - INFO - Epoch(train)  [5][4500/5000]  lr: 4.8455e-04  eta: 8:28:40  time: 0.9058  data_time: 0.0377  memory: 17893  grad_norm: 3.4680  loss: 1.4889  loss_heatmap: 0.4217  layer_-1_loss_cls: 0.1055  layer_-1_loss_bbox: 0.4401  matched_ious: 0.5234  aux_depth_loss: 0.5217  sec_per_iter: 0.9203  iters_per_sec: 1.0900  samples_per_sec: 17.3900  samples_per_sec_per_gpu: 4.3500  max_mem_allocated_mb: 664.7000  max_mem_reserved_mb: 22048.0000
2026/04/07 17:06:12 - mmengine - INFO - Epoch(train)  [5][4550/5000]  lr: 4.8421e-04  eta: 8:27:59  time: 0.8928  data_time: 0.0179  memory: 17741  grad_norm: 3.1468  loss: 1.4047  loss_heatmap: 0.3874  layer_-1_loss_cls: 0.0988  layer_-1_loss_bbox: 0.4124  matched_ious: 0.5300  aux_depth_loss: 0.5061  sec_per_iter: 0.9202  iters_per_sec: 1.0900  samples_per_sec: 17.3900  samples_per_sec_per_gpu: 4.3500  max_mem_allocated_mb: 664.7000  max_mem_reserved_mb: 22048.0000
2026/04/07 17:06:55 - mmengine - INFO - Epoch(train)  [5][4600/5000]  lr: 4.8387e-04  eta: 8:27:17  time: 0.8710  data_time: 0.0149  memory: 17781  grad_norm: 3.0954  loss: 1.4131  loss_heatmap: 0.3973  layer_-1_loss_cls: 0.1016  layer_-1_loss_bbox: 0.4082  matched_ious: 0.5145  aux_depth_loss: 0.5061  sec_per_iter: 0.9199  iters_per_sec: 1.0900  samples_per_sec: 17.3900  samples_per_sec_per_gpu: 4.3500  max_mem_allocated_mb: 664.7000  max_mem_reserved_mb: 22048.0000
2026/04/07 17:07:46 - mmengine - INFO - Epoch(train)  [5][4650/5000]  lr: 4.8352e-04  eta: 8:26:44  time: 1.0046  data_time: 0.0280  memory: 17803  grad_norm: 3.1229  loss: 1.4278  loss_heatmap: 0.3918  layer_-1_loss_cls: 0.0975  layer_-1_loss_bbox: 0.4191  matched_ious: 0.5547  aux_depth_loss: 0.5194  sec_per_iter: 0.9193  iters_per_sec: 1.0900  samples_per_sec: 17.4000  samples_per_sec_per_gpu: 4.3500  max_mem_allocated_mb: 664.7000  max_mem_reserved_mb: 22048.0000
2026/04/07 17:08:31 - mmengine - INFO - Epoch(train)  [5][4700/5000]  lr: 4.8317e-04  eta: 8:26:05  time: 0.9128  data_time: 0.0195  memory: 17828  grad_norm: 3.3214  loss: 1.5418  loss_heatmap: 0.4537  layer_-1_loss_cls: 0.1107  layer_-1_loss_bbox: 0.4586  matched_ious: 0.5887  aux_depth_loss: 0.5189  sec_per_iter: 0.9203  iters_per_sec: 1.0900  samples_per_sec: 17.3900  samples_per_sec_per_gpu: 4.3500  max_mem_allocated_mb: 664.7000  max_mem_reserved_mb: 22048.0000
2026/04/07 17:09:16 - mmengine - INFO - Epoch(train)  [5][4750/5000]  lr: 4.8281e-04  eta: 8:25:25  time: 0.8979  data_time: 0.0168  memory: 17802  grad_norm: 3.4121  loss: 1.4108  loss_heatmap: 0.3856  layer_-1_loss_cls: 0.1011  layer_-1_loss_bbox: 0.4139  matched_ious: 0.5597  aux_depth_loss: 0.5102  sec_per_iter: 0.9202  iters_per_sec: 1.0900  samples_per_sec: 17.3900  samples_per_sec_per_gpu: 4.3500  max_mem_allocated_mb: 664.7000  max_mem_reserved_mb: 22048.0000
2026/04/07 17:10:03 - mmengine - INFO - Epoch(train)  [5][4800/5000]  lr: 4.8245e-04  eta: 8:24:47  time: 0.9364  data_time: 0.0475  memory: 17678  grad_norm: 2.9959  loss: 1.4402  loss_heatmap: 0.4056  layer_-1_loss_cls: 0.1026  layer_-1_loss_bbox: 0.4227  matched_ious: 0.5634  aux_depth_loss: 0.5092  sec_per_iter: 0.9199  iters_per_sec: 1.0900  samples_per_sec: 17.3900  samples_per_sec_per_gpu: 4.3500  max_mem_allocated_mb: 664.7000  max_mem_reserved_mb: 22048.0000
2026/04/07 17:10:46 - mmengine - INFO - Epoch(train)  [5][4850/5000]  lr: 4.8209e-04  eta: 8:24:03  time: 0.8539  data_time: 0.0145  memory: 17792  grad_norm: 2.9045  loss: 1.3911  loss_heatmap: 0.3894  layer_-1_loss_cls: 0.0993  layer_-1_loss_bbox: 0.4099  matched_ious: 0.5599  aux_depth_loss: 0.4926  sec_per_iter: 0.9201  iters_per_sec: 1.0900  samples_per_sec: 17.3900  samples_per_sec_per_gpu: 4.3500  max_mem_allocated_mb: 664.7000  max_mem_reserved_mb: 22048.0000
2026/04/07 17:11:32 - mmengine - INFO - Epoch(train)  [5][4900/5000]  lr: 4.8172e-04  eta: 8:23:26  time: 0.9329  data_time: 0.0224  memory: 17755  grad_norm: 3.3612  loss: 1.4081  loss_heatmap: 0.3863  layer_-1_loss_cls: 0.1000  layer_-1_loss_bbox: 0.4131  matched_ious: 0.6569  aux_depth_loss: 0.5087  sec_per_iter: 0.9194  iters_per_sec: 1.0900  samples_per_sec: 17.4000  samples_per_sec_per_gpu: 4.3500  max_mem_allocated_mb: 664.7000  max_mem_reserved_mb: 22048.0000
2026/04/07 17:12:16 - mmengine - INFO - Epoch(train)  [5][4950/5000]  lr: 4.8135e-04  eta: 8:22:44  time: 0.8776  data_time: 0.0168  memory: 17743  grad_norm: 3.5630  loss: 1.3878  loss_heatmap: 0.3791  layer_-1_loss_cls: 0.0965  layer_-1_loss_bbox: 0.3894  matched_ious: 0.5037  aux_depth_loss: 0.5228  sec_per_iter: 0.9196  iters_per_sec: 1.0900  samples_per_sec: 17.4000  samples_per_sec_per_gpu: 4.3500  max_mem_allocated_mb: 664.7000  max_mem_reserved_mb: 22048.0000
2026/04/07 17:13:01 - mmengine - INFO - Exp name: zod_bevfusion_finetune_20260407_104526
2026/04/07 17:13:01 - mmengine - INFO - Epoch(train)  [5][5000/5000]  lr: 4.8098e-04  eta: 8:22:03  time: 0.8951  data_time: 0.0161  memory: 17889  grad_norm: 3.6245  loss: 1.4854  loss_heatmap: 0.4231  layer_-1_loss_cls: 0.1007  layer_-1_loss_bbox: 0.4474  matched_ious: 0.5710  aux_depth_loss: 0.5141  sec_per_iter: 0.9191  iters_per_sec: 1.0900  samples_per_sec: 17.4100  samples_per_sec_per_gpu: 4.3500  max_mem_allocated_mb: 664.7000  max_mem_reserved_mb: 22048.0000
2026/04/07 17:13:01 - mmengine - INFO - [Efficiency] Epoch 5: wall=4594.6s  iters=5000  sec/iter=0.919  mem_alloc=665MB  mem_rsv=22048MB
2026/04/07 17:13:02 - mmengine - INFO - Saved /home/users/u103958/projects/multimodal-MoE/outputs/runs/zod_bevfusion_finetune/bevfusion-finetune_4456392/visualizations/bev_before_backbone_epoch_5.png
2026/04/07 17:13:03 - mmengine - INFO - Saved /home/users/u103958/projects/multimodal-MoE/outputs/runs/zod_bevfusion_finetune/bevfusion-finetune_4456392/visualizations/bev_after_fpn_epoch_5.png
2026/04/07 17:13:04 - mmengine - INFO - Saved /home/users/u103958/projects/multimodal-MoE/outputs/runs/zod_bevfusion_finetune/bevfusion-finetune_4456392/visualizations/bev_pred_vs_gt_epoch_5.png  (GT=16, pred=12, max_score=0.627)
2026/04/07 17:13:04 - mmengine - INFO - Saved /home/users/u103958/projects/multimodal-MoE/outputs/runs/zod_bevfusion_finetune/bevfusion-finetune_4456392/visualizations/bev_val_pred_vs_gt_epoch_5.png  (GT=25, pred=17, max_score=0.646)
2026/04/07 17:13:05 - mmengine - INFO - Saved /home/users/u103958/projects/multimodal-MoE/outputs/runs/zod_bevfusion_finetune/bevfusion-finetune_4456392/visualizations/camera_bev_features_epoch_5.png
2026/04/07 17:13:05 - mmengine - INFO - Saved /home/users/u103958/projects/multimodal-MoE/outputs/runs/zod_bevfusion_finetune/bevfusion-finetune_4456392/visualizations/fused_bev_features_epoch_5.png
2026/04/07 17:13:06 - mmengine - INFO - Saved /home/users/u103958/projects/multimodal-MoE/outputs/runs/zod_bevfusion_finetune/bevfusion-finetune_4456392/visualizations/depth_transform_diagnostic_epoch_5.png
2026/04/07 17:13:06 - mmengine - INFO - ========================================================================
2026/04/07 17:13:06 - mmengine - INFO -   DEPTH PROJECTION DEBUG — Sparse depth analysis
2026/04/07 17:13:06 - mmengine - INFO - ========================================================================
2026/04/07 17:13:06 - mmengine - INFO -   lidar2img  shape=(1, 4, 4)
2026/04/07 17:13:06 - mmengine - INFO -     [  622.2576  -478.3849    -1.9513 -1257.4954]
2026/04/07 17:13:06 - mmengine - INFO -     [ 350.0951    7.6426 -478.2796 -167.8321]
2026/04/07 17:13:06 - mmengine - INFO -     [ 1.      0.003   0.0074 -2.0314]
2026/04/07 17:13:06 - mmengine - INFO -     [0. 0. 0. 1.]
2026/04/07 17:13:06 - mmengine - INFO -   cam2img  shape=(1, 4, 4)
2026/04/07 17:13:06 - mmengine - INFO -     [480.324    0.     620.7651   0.    ]
2026/04/07 17:13:06 - mmengine - INFO -     [  0.     480.9149 346.5506   0.    ]
2026/04/07 17:13:06 - mmengine - INFO -     [0. 0. 1. 0.]
2026/04/07 17:13:06 - mmengine - INFO -     [0. 0. 0. 1.]
2026/04/07 17:13:06 - mmengine - INFO -   img_aug_matrix  shape=(1, 4, 4)
2026/04/07 17:13:06 - mmengine - INFO -     [1. 0. 0. 0.]
2026/04/07 17:13:06 - mmengine - INFO -     [0. 1. 0. 0.]
2026/04/07 17:13:06 - mmengine - INFO -     [0. 0. 1. 0.]
2026/04/07 17:13:06 - mmengine - INFO -     [0. 0. 0. 1.]
2026/04/07 17:13:06 - mmengine - INFO -   lidar_aug_matrix  shape=(4, 4)
2026/04/07 17:13:06 - mmengine - INFO -     [1. 0. 0. 0.]
2026/04/07 17:13:06 - mmengine - INFO -     [0. 1. 0. 0.]
2026/04/07 17:13:06 - mmengine - INFO -     [0. 0. 1. 0.]
2026/04/07 17:13:06 - mmengine - INFO -     [0. 0. 0. 1.]
2026/04/07 17:13:06 - mmengine - INFO -   img tensor shape: (1, 1, 3, 704, 1248)
2026/04/07 17:13:06 - mmengine - INFO -   points[0] shape:  (50570, 4)
2026/04/07 17:13:06 - mmengine - INFO -   image_size=[704, 1248]  feature_size=[88, 156]  D=178
2026/04/07 17:13:06 - mmengine - INFO -   projected: 50570 / 50570 on image
2026/04/07 17:13:06 - mmengine - INFO -   row min/max/mean: 226.9 / 703.6 / 382.4
2026/04/07 17:13:06 - mmengine - INFO - ------------------------------------------------------------------------
2026/04/07 17:13:06 - mmengine - INFO -   MULTI-HIT / OVERWRITE ANALYSIS (full-res depth map)
2026/04/07 17:13:06 - mmengine - INFO -   total LiDAR hits on image:     50570
2026/04/07 17:13:06 - mmengine - INFO -   unique pixels occupied:         45944
2026/04/07 17:13:06 - mmengine - INFO -   pixels with >1 hit:             4354
2026/04/07 17:13:06 - mmengine - INFO -   overwritten points (lost):      4626  (9.1%)
2026/04/07 17:13:06 - mmengine - INFO -   multi-hit max/mean:             4 / 2.1
2026/04/07 17:13:06 - mmengine - INFO -   full-res occupancy:             45944 / 878592 = 5.229%
2026/04/07 17:13:06 - mmengine - INFO - ------------------------------------------------------------------------
2026/04/07 17:13:06 - mmengine - INFO -   OCCUPANCY THROUGH DEPTH PIPELINE
2026/04/07 17:13:06 - mmengine - INFO -   sparse_depth (full-res):  (1, 1, 704, 1248)
2026/04/07 17:13:06 - mmengine - INFO -     nonzero: 156662 / 878592  (17.831%)
2026/04/07 17:13:06 - mmengine - INFO -     active rows: 479/704  cols: 1248/1248
2026/04/07 17:13:06 - mmengine - INFO -   dtransform output:        (1, 64, 88, 156)
2026/04/07 17:13:06 - mmengine - INFO -     active cells (any ch>0): 13728 / 13728  (100.00%)
2026/04/07 17:13:06 - mmengine - INFO -   img_features:             (1, 1, 256, 88, 156)
2026/04/07 17:13:06 - mmengine - INFO -   depthnet output:          (1, 258, 88, 156)
2026/04/07 17:13:06 - mmengine - INFO -   camera BEV:               (1, 80, 180, 180)
2026/04/07 17:13:10 - mmengine - INFO -   Saved /home/users/u103958/projects/multimodal-MoE/outputs/runs/zod_bevfusion_finetune/bevfusion-finetune_4456392/debug/sparse_depth_pipeline.png
2026/04/07 17:13:11 - mmengine - INFO -   Saved /home/users/u103958/projects/multimodal-MoE/outputs/runs/zod_bevfusion_finetune/bevfusion-finetune_4456392/debug/lidar_projection_overlay.png
2026/04/07 17:13:11 - mmengine - INFO - ========================================================================
2026/04/07 17:13:25 - mmengine - INFO - Epoch(val)  [5][  50/1250]    eta: 0:05:18  time: 0.2651  data_time: 0.0161  memory: 4844  
2026/04/07 17:13:38 - mmengine - INFO - Epoch(val)  [5][ 100/1250]    eta: 0:05:04  time: 0.2652  data_time: 0.0070  memory: 4850  
2026/04/07 17:13:52 - mmengine - INFO - Epoch(val)  [5][ 150/1250]    eta: 0:05:00  time: 0.2906  data_time: 0.0057  memory: 4838  
2026/04/07 17:14:05 - mmengine - INFO - Epoch(val)  [5][ 200/1250]    eta: 0:04:39  time: 0.2442  data_time: 0.0072  memory: 4785  
2026/04/07 17:14:17 - mmengine - INFO - Epoch(val)  [5][ 250/1250]    eta: 0:04:22  time: 0.2488  data_time: 0.0061  memory: 4775  
2026/04/07 17:14:30 - mmengine - INFO - Epoch(val)  [5][ 300/1250]    eta: 0:04:07  time: 0.2508  data_time: 0.0061  memory: 4783  
2026/04/07 17:14:43 - mmengine - INFO - Epoch(val)  [5][ 350/1250]    eta: 0:03:56  time: 0.2770  data_time: 0.0065  memory: 4785  
2026/04/07 17:14:55 - mmengine - INFO - Epoch(val)  [5][ 400/1250]    eta: 0:03:40  time: 0.2360  data_time: 0.0051  memory: 4775  
2026/04/07 17:15:09 - mmengine - INFO - Epoch(val)  [5][ 450/1250]    eta: 0:03:28  time: 0.2708  data_time: 0.0055  memory: 4779  
2026/04/07 17:15:21 - mmengine - INFO - Epoch(val)  [5][ 500/1250]    eta: 0:03:15  time: 0.2515  data_time: 0.0056  memory: 4778  
2026/04/07 17:15:34 - mmengine - INFO - Epoch(val)  [5][ 550/1250]    eta: 0:03:01  time: 0.2519  data_time: 0.0051  memory: 4778  
2026/04/07 17:15:46 - mmengine - INFO - Epoch(val)  [5][ 600/1250]    eta: 0:02:47  time: 0.2422  data_time: 0.0051  memory: 4782  
2026/04/07 17:15:58 - mmengine - INFO - Epoch(val)  [5][ 650/1250]    eta: 0:02:34  time: 0.2453  data_time: 0.0049  memory: 4782  
2026/04/07 17:16:12 - mmengine - INFO - Epoch(val)  [5][ 700/1250]    eta: 0:02:21  time: 0.2679  data_time: 0.0105  memory: 4779  
2026/04/07 17:16:25 - mmengine - INFO - Epoch(val)  [5][ 750/1250]    eta: 0:02:08  time: 0.2553  data_time: 0.0053  memory: 4781  
2026/04/07 17:16:37 - mmengine - INFO - Epoch(val)  [5][ 800/1250]    eta: 0:01:55  time: 0.2556  data_time: 0.0058  memory: 4776  
2026/04/07 17:16:52 - mmengine - INFO - Epoch(val)  [5][ 850/1250]    eta: 0:01:43  time: 0.2966  data_time: 0.0054  memory: 4781  
2026/04/07 17:17:05 - mmengine - INFO - Epoch(val)  [5][ 900/1250]    eta: 0:01:30  time: 0.2585  data_time: 0.0071  memory: 4786  
2026/04/07 17:17:18 - mmengine - INFO - Epoch(val)  [5][ 950/1250]    eta: 0:01:17  time: 0.2579  data_time: 0.0065  memory: 4782  
2026/04/07 17:17:31 - mmengine - INFO - Epoch(val)  [5][1000/1250]    eta: 0:01:04  time: 0.2531  data_time: 0.0050  memory: 4785  
2026/04/07 17:17:44 - mmengine - INFO - Epoch(val)  [5][1050/1250]    eta: 0:00:51  time: 0.2618  data_time: 0.0050  memory: 4785  
2026/04/07 17:17:56 - mmengine - INFO - Epoch(val)  [5][1100/1250]    eta: 0:00:38  time: 0.2464  data_time: 0.0050  memory: 4785  
2026/04/07 17:18:09 - mmengine - INFO - Epoch(val)  [5][1150/1250]    eta: 0:00:25  time: 0.2607  data_time: 0.0051  memory: 4780  
2026/04/07 17:18:21 - mmengine - INFO - Epoch(val)  [5][1200/1250]    eta: 0:00:12  time: 0.2365  data_time: 0.0048  memory: 4778  
2026/04/07 17:18:33 - mmengine - INFO - Epoch(val)  [5][1250/1250]    eta: 0:00:00  time: 0.2372  data_time: 0.0048  memory: 4782  
2026/04/07 17:19:49 - mmengine - INFO - 
+------------+---------+---------+---------+---------+
| classes    | AP_0.25 | AR_0.25 | AP_0.50 | AR_0.50 |
+------------+---------+---------+---------+---------+
| pedestrian | 0.7687  | 0.9316  | 0.5171  | 0.6832  |
+------------+---------+---------+---------+---------+
| Overall    | 0.7687  | 0.9316  | 0.5171  | 0.6832  |
+------------+---------+---------+---------+---------+
2026/04/07 17:20:21 - mmengine - INFO - 
+------------+---------+---------+---------+---------+---------+---------+---------+---------+
| classes    | AP_0.5m | AR_0.5m | AP_1.0m | AR_1.0m | AP_2.0m | AR_2.0m | AP_4.0m | AR_4.0m |
+------------+---------+---------+---------+---------+---------+---------+---------+---------+
| pedestrian | 0.7910  | 0.9616  | 0.7994  | 0.9689  | 0.8040  | 0.9730  | 0.8098  | 0.9787  |
+------------+---------+---------+---------+---------+---------+---------+---------+---------+
| Overall    | 0.7910  | 0.9616  | 0.7994  | 0.9689  | 0.8040  | 0.9730  | 0.8098  | 0.9787  |
+------------+---------+---------+---------+---------+---------+---------+---------+---------+
2026/04/07 17:20:22 - mmengine - INFO - Epoch(val) [5][1250/1250]    pedestrian_AP_0.25: 0.7687  mAP_0.25: 0.7687  pedestrian_rec_0.25: 0.9316  mAR_0.25: 0.9316  pedestrian_AP_0.50: 0.5171  mAP_0.50: 0.5171  pedestrian_rec_0.50: 0.6832  mAR_0.50: 0.6832  pedestrian_AP_0.5m: 0.7910  pedestrian_rec_0.5m: 0.9616  pedestrian_AP_1.0m: 0.7994  pedestrian_rec_1.0m: 0.9689  pedestrian_AP_2.0m: 0.8040  pedestrian_rec_2.0m: 0.9730  pedestrian_AP_4.0m: 0.8098  pedestrian_rec_4.0m: 0.9787  mAP_0.5m: 0.7910  mAR_0.5m: 0.9616  mAP_1.0m: 0.7994  mAR_1.0m: 0.9689  mAP_2.0m: 0.8040  mAR_2.0m: 0.9730  mAP_4.0m: 0.8098  mAR_4.0m: 0.9787  data_time: 0.0063  time: 0.2571
2026/04/07 17:21:14 - mmengine - INFO - Epoch(train)  [6][  50/5000]  lr: 4.8060e-04  eta: 8:21:32  time: 1.0365  data_time: 0.0295  memory: 17834  grad_norm: 3.3940  loss: 1.3993  loss_heatmap: 0.3871  layer_-1_loss_cls: 0.0965  layer_-1_loss_bbox: 0.4096  matched_ious: 0.5522  aux_depth_loss: 0.5062  sec_per_iter: 0.9189  iters_per_sec: 1.0900  samples_per_sec: 17.4100  samples_per_sec_per_gpu: 4.3500  max_mem_allocated_mb: 664.7000  max_mem_reserved_mb: 22048.0000
2026/04/07 17:22:07 - mmengine - INFO - Epoch(train)  [6][ 100/5000]  lr: 4.8022e-04  eta: 8:21:03  time: 1.0651  data_time: 0.0210  memory: 17778  grad_norm: 2.9291  loss: 1.4608  loss_heatmap: 0.4117  layer_-1_loss_cls: 0.1018  layer_-1_loss_bbox: 0.4399  matched_ious: 0.5506  aux_depth_loss: 0.5075  sec_per_iter: 1.0380  iters_per_sec: 0.9600  samples_per_sec: 15.4100  samples_per_sec_per_gpu: 3.8500  max_mem_allocated_mb: 664.7000  max_mem_reserved_mb: 22048.0000
2026/04/07 17:22:59 - mmengine - INFO - Epoch(train)  [6][ 150/5000]  lr: 4.7983e-04  eta: 8:20:33  time: 1.0403  data_time: 0.0174  memory: 17759  grad_norm: 2.9955  loss: 1.4963  loss_heatmap: 0.4323  layer_-1_loss_cls: 0.1056  layer_-1_loss_bbox: 0.4589  matched_ious: 0.5240  aux_depth_loss: 0.4995  sec_per_iter: 1.0513  iters_per_sec: 0.9500  samples_per_sec: 15.2200  samples_per_sec_per_gpu: 3.8000  max_mem_allocated_mb: 664.7000  max_mem_reserved_mb: 22048.0000
2026/04/07 17:23:45 - mmengine - INFO - Epoch(train)  [6][ 200/5000]  lr: 4.7945e-04  eta: 8:19:53  time: 0.9096  data_time: 0.0259  memory: 17798  grad_norm: 3.2891  loss: 1.4337  loss_heatmap: 0.4108  layer_-1_loss_cls: 0.1020  layer_-1_loss_bbox: 0.4128  matched_ious: 0.5482  aux_depth_loss: 0.5081  sec_per_iter: 1.0475  iters_per_sec: 0.9500  samples_per_sec: 15.2700  samples_per_sec_per_gpu: 3.8200  max_mem_allocated_mb: 664.7000  max_mem_reserved_mb: 22048.0000
2026/04/07 17:24:36 - mmengine - INFO - Epoch(train)  [6][ 250/5000]  lr: 4.7906e-04  eta: 8:19:22  time: 1.0321  data_time: 0.0338  memory: 17807  grad_norm: 3.3976  loss: 1.4818  loss_heatmap: 0.4046  layer_-1_loss_cls: 0.1001  layer_-1_loss_bbox: 0.4532  matched_ious: 0.5532  aux_depth_loss: 0.5239  sec_per_iter: 1.0131  iters_per_sec: 0.9900  samples_per_sec: 15.7900  samples_per_sec_per_gpu: 3.9500  max_mem_allocated_mb: 664.7000  max_mem_reserved_mb: 22048.0000
2026/04/07 17:25:30 - mmengine - INFO - Epoch(train)  [6][ 300/5000]  lr: 4.7866e-04  eta: 8:18:52  time: 1.0653  data_time: 0.0220  memory: 17671  grad_norm: inf  loss: 1.5026  loss_heatmap: 0.4017  layer_-1_loss_cls: 0.0955  layer_-1_loss_bbox: 0.4733  matched_ious: 0.5036  aux_depth_loss: 0.5321  sec_per_iter: 1.0170  iters_per_sec: 0.9800  samples_per_sec: 15.7300  samples_per_sec_per_gpu: 3.9300  max_mem_allocated_mb: 664.7000  max_mem_reserved_mb: 22048.0000
2026/04/07 17:26:14 - mmengine - INFO - Epoch(train)  [6][ 350/5000]  lr: 4.7826e-04  eta: 8:18:11  time: 0.8870  data_time: 0.0166  memory: 17759  grad_norm: 3.1281  loss: 1.4217  loss_heatmap: 0.3963  layer_-1_loss_cls: 0.0987  layer_-1_loss_bbox: 0.4141  matched_ious: 0.5063  aux_depth_loss: 0.5126  sec_per_iter: 1.0251  iters_per_sec: 0.9800  samples_per_sec: 15.6100  samples_per_sec_per_gpu: 3.9000  max_mem_allocated_mb: 664.7000  max_mem_reserved_mb: 22048.0000
2026/04/07 17:27:05 - mmengine - INFO - Epoch(train)  [6][ 400/5000]  lr: 4.7786e-04  eta: 8:17:38  time: 1.0129  data_time: 0.0180  memory: 17845  grad_norm: 3.3026  loss: 1.4638  loss_heatmap: 0.4003  layer_-1_loss_cls: 0.0997  layer_-1_loss_bbox: 0.4415  matched_ious: 0.5401  aux_depth_loss: 0.5223  sec_per_iter: 1.0056  iters_per_sec: 0.9900  samples_per_sec: 15.9100  samples_per_sec_per_gpu: 3.9800  max_mem_allocated_mb: 664.7000  max_mem_reserved_mb: 22048.0000
2026/04/07 17:27:53 - mmengine - INFO - Epoch(train)  [6][ 450/5000]  lr: 4.7745e-04  eta: 8:17:02  time: 0.9603  data_time: 0.0176  memory: 17787  grad_norm: 3.7607  loss: 1.4484  loss_heatmap: 0.3826  layer_-1_loss_cls: 0.0946  layer_-1_loss_bbox: 0.4450  matched_ious: 0.5306  aux_depth_loss: 0.5261  sec_per_iter: 1.0063  iters_per_sec: 0.9900  samples_per_sec: 15.9000  samples_per_sec_per_gpu: 3.9800  max_mem_allocated_mb: 664.7000  max_mem_reserved_mb: 22048.0000
2026/04/07 17:28:48 - mmengine - INFO - Epoch(train)  [6][ 500/5000]  lr: 4.7704e-04  eta: 8:16:35  time: 1.1051  data_time: 0.0270  memory: 17856  grad_norm: 3.0062  loss: 1.4648  loss_heatmap: 0.4020  layer_-1_loss_cls: 0.0970  layer_-1_loss_bbox: 0.4587  matched_ious: 0.5282  aux_depth_loss: 0.5072  sec_per_iter: 1.0012  iters_per_sec: 1.0000  samples_per_sec: 15.9800  samples_per_sec_per_gpu: 4.0000  max_mem_allocated_mb: 664.7000  max_mem_reserved_mb: 22048.0000
2026/04/07 17:29:32 - mmengine - INFO - Epoch(train)  [6][ 550/5000]  lr: 4.7663e-04  eta: 8:15:53  time: 0.8856  data_time: 0.0194  memory: 17815  grad_norm: 3.5518  loss: 1.4156  loss_heatmap: 0.3961  layer_-1_loss_cls: 0.0973  layer_-1_loss_bbox: 0.4134  matched_ious: 0.5371  aux_depth_loss: 0.5087  sec_per_iter: 1.0115  iters_per_sec: 0.9900  samples_per_sec: 15.8200  samples_per_sec_per_gpu: 3.9500  max_mem_allocated_mb: 664.7000  max_mem_reserved_mb: 22048.0000
2026/04/07 17:30:28 - mmengine - INFO - Epoch(train)  [6][ 600/5000]  lr: 4.7622e-04  eta: 8:15:27  time: 1.1155  data_time: 0.0305  memory: 17881  grad_norm: 3.4900  loss: 1.4999  loss_heatmap: 0.4215  layer_-1_loss_cls: 0.1094  layer_-1_loss_bbox: 0.4332  matched_ious: 0.5315  aux_depth_loss: 0.5359  sec_per_iter: 1.0002  iters_per_sec: 1.0000  samples_per_sec: 16.0000  samples_per_sec_per_gpu: 4.0000  max_mem_allocated_mb: 664.7000  max_mem_reserved_mb: 22048.0000
2026/04/07 17:31:18 - mmengine - INFO - Epoch(train)  [6][ 650/5000]  lr: 4.7580e-04  eta: 8:14:53  time: 1.0057  data_time: 0.0294  memory: 17881  grad_norm: 3.1024  loss: 1.4292  loss_heatmap: 0.3614  layer_-1_loss_cls: 0.0894  layer_-1_loss_bbox: 0.4497  matched_ious: 0.5777  aux_depth_loss: 0.5288  sec_per_iter: 1.0098  iters_per_sec: 0.9900  samples_per_sec: 15.8400  samples_per_sec_per_gpu: 3.9600  max_mem_allocated_mb: 664.7000  max_mem_reserved_mb: 22048.0000
2026/04/07 17:32:03 - mmengine - INFO - Epoch(train)  [6][ 700/5000]  lr: 4.7537e-04  eta: 8:14:11  time: 0.8877  data_time: 0.0185  memory: 17826  grad_norm: 3.2789  loss: 1.4324  loss_heatmap: 0.3918  layer_-1_loss_cls: 0.0957  layer_-1_loss_bbox: 0.4266  matched_ious: 0.5652  aux_depth_loss: 0.5184  sec_per_iter: 1.0094  iters_per_sec: 0.9900  samples_per_sec: 15.8500  samples_per_sec_per_gpu: 3.9600  max_mem_allocated_mb: 664.7000  max_mem_reserved_mb: 22048.0000
2026/04/07 17:32:51 - mmengine - INFO - Epoch(train)  [6][ 750/5000]  lr: 4.7495e-04  eta: 8:13:34  time: 0.9577  data_time: 0.0270  memory: 17831  grad_norm: 3.2974  loss: 1.4184  loss_heatmap: 0.3919  layer_-1_loss_cls: 0.0961  layer_-1_loss_bbox: 0.4077  matched_ious: 0.5270  aux_depth_loss: 0.5226  sec_per_iter: 1.0007  iters_per_sec: 1.0000  samples_per_sec: 15.9900  samples_per_sec_per_gpu: 4.0000  max_mem_allocated_mb: 664.7000  max_mem_reserved_mb: 22048.0000
2026/04/07 17:33:37 - mmengine - INFO - Epoch(train)  [6][ 800/5000]  lr: 4.7452e-04  eta: 8:12:55  time: 0.9248  data_time: 0.0180  memory: 17852  grad_norm: 3.3110  loss: 1.4214  loss_heatmap: 0.3830  layer_-1_loss_cls: 0.0951  layer_-1_loss_bbox: 0.4176  matched_ious: 0.5354  aux_depth_loss: 0.5258  sec_per_iter: 0.9979  iters_per_sec: 1.0000  samples_per_sec: 16.0300  samples_per_sec_per_gpu: 4.0100  max_mem_allocated_mb: 664.7000  max_mem_reserved_mb: 22048.0000
2026/04/07 17:34:22 - mmengine - INFO - Epoch(train)  [6][ 850/5000]  lr: 4.7408e-04  eta: 8:12:15  time: 0.9057  data_time: 0.0172  memory: 17648  grad_norm: 3.4399  loss: 1.4002  loss_heatmap: 0.3712  layer_-1_loss_cls: 0.0904  layer_-1_loss_bbox: 0.4263  matched_ious: 0.5365  aux_depth_loss: 0.5124  sec_per_iter: 0.9933  iters_per_sec: 1.0100  samples_per_sec: 16.1100  samples_per_sec_per_gpu: 4.0300  max_mem_allocated_mb: 664.7000  max_mem_reserved_mb: 22048.0000
2026/04/07 17:35:07 - mmengine - INFO - Epoch(train)  [6][ 900/5000]  lr: 4.7365e-04  eta: 8:11:34  time: 0.9006  data_time: 0.0190  memory: 17801  grad_norm: 3.1630  loss: 1.3607  loss_heatmap: 0.3653  layer_-1_loss_cls: 0.0917  layer_-1_loss_bbox: 0.3996  matched_ious: 0.5618  aux_depth_loss: 0.5041  sec_per_iter: 0.9882  iters_per_sec: 1.0100  samples_per_sec: 16.1900  samples_per_sec_per_gpu: 4.0500  max_mem_allocated_mb: 664.7000  max_mem_reserved_mb: 22048.0000
2026/04/07 17:35:52 - mmengine - INFO - Epoch(train)  [6][ 950/5000]  lr: 4.7320e-04  eta: 8:10:52  time: 0.8941  data_time: 0.0193  memory: 17667  grad_norm: 3.1934  loss: 1.4194  loss_heatmap: 0.3923  layer_-1_loss_cls: 0.0976  layer_-1_loss_bbox: 0.4261  matched_ious: 0.5619  aux_depth_loss: 0.5033  sec_per_iter: 0.9833  iters_per_sec: 1.0200  samples_per_sec: 16.2700  samples_per_sec_per_gpu: 4.0700  max_mem_allocated_mb: 664.7000  max_mem_reserved_mb: 22048.0000
2026/04/07 17:36:45 - mmengine - INFO - Exp name: zod_bevfusion_finetune_20260407_104526
2026/04/07 17:36:45 - mmengine - INFO - Epoch(train)  [6][1000/5000]  lr: 4.7276e-04  eta: 8:10:22  time: 1.0666  data_time: 0.0220  memory: 17766  grad_norm: 3.0445  loss: 1.4253  loss_heatmap: 0.4027  layer_-1_loss_cls: 0.1023  layer_-1_loss_bbox: 0.4252  matched_ious: 0.5644  aux_depth_loss: 0.4951  sec_per_iter: 0.9786  iters_per_sec: 1.0200  samples_per_sec: 16.3500  samples_per_sec_per_gpu: 4.0900  max_mem_allocated_mb: 664.7000  max_mem_reserved_mb: 22048.0000
2026/04/07 17:37:31 - mmengine - INFO - Epoch(train)  [6][1050/5000]  lr: 4.7231e-04  eta: 8:09:43  time: 0.9245  data_time: 0.0206  memory: 17751  grad_norm: 2.8341  loss: 1.4078  loss_heatmap: 0.4001  layer_-1_loss_cls: 0.0985  layer_-1_loss_bbox: 0.4192  matched_ious: 0.5483  aux_depth_loss: 0.4901  sec_per_iter: 0.9830  iters_per_sec: 1.0200  samples_per_sec: 16.2800  samples_per_sec_per_gpu: 4.0700  max_mem_allocated_mb: 664.7000  max_mem_reserved_mb: 22048.0000
2026/04/07 17:38:20 - mmengine - INFO - Epoch(train)  [6][1100/5000]  lr: 4.7186e-04  eta: 8:09:06  time: 0.9706  data_time: 0.0176  memory: 18034  grad_norm: 4.1665  loss: 1.4295  loss_heatmap: 0.3883  layer_-1_loss_cls: 0.0987  layer_-1_loss_bbox: 0.4064  matched_ious: 0.5643  aux_depth_loss: 0.5361  sec_per_iter: 0.9802  iters_per_sec: 1.0200  samples_per_sec: 16.3200  samples_per_sec_per_gpu: 4.0800  max_mem_allocated_mb: 664.7000  max_mem_reserved_mb: 22048.0000
2026/04/07 17:39:16 - mmengine - INFO - Epoch(train)  [6][1150/5000]  lr: 4.7141e-04  eta: 8:08:39  time: 1.1179  data_time: 0.0219  memory: 17897  grad_norm: 3.5035  loss: 1.4904  loss_heatmap: 0.4054  layer_-1_loss_cls: 0.1006  layer_-1_loss_bbox: 0.4588  matched_ious: 0.6080  aux_depth_loss: 0.5255  sec_per_iter: 0.9798  iters_per_sec: 1.0200  samples_per_sec: 16.3300  samples_per_sec_per_gpu: 4.0800  max_mem_allocated_mb: 664.7000  max_mem_reserved_mb: 22048.0000
2026/04/07 17:40:00 - mmengine - INFO - Epoch(train)  [6][1200/5000]  lr: 4.7095e-04  eta: 8:07:58  time: 0.8916  data_time: 0.0184  memory: 17719  grad_norm: 3.3361  loss: 1.3898  loss_heatmap: 0.3900  layer_-1_loss_cls: 0.0990  layer_-1_loss_bbox: 0.3926  matched_ious: 0.5161  aux_depth_loss: 0.5081  sec_per_iter: 0.9858  iters_per_sec: 1.0100  samples_per_sec: 16.2300  samples_per_sec_per_gpu: 4.0600  max_mem_allocated_mb: 664.7000  max_mem_reserved_mb: 22048.0000
2026/04/07 17:40:47 - mmengine - INFO - Epoch(train)  [6][1250/5000]  lr: 4.7049e-04  eta: 8:07:19  time: 0.9389  data_time: 0.0213  memory: 18031  grad_norm: 2.8434  loss: 1.3967  loss_heatmap: 0.3925  layer_-1_loss_cls: 0.1013  layer_-1_loss_bbox: 0.4085  matched_ious: 0.5451  aux_depth_loss: 0.4943  sec_per_iter: 0.9819  iters_per_sec: 1.0200  samples_per_sec: 16.3000  samples_per_sec_per_gpu: 4.0700  max_mem_allocated_mb: 664.7000  max_mem_reserved_mb: 22048.0000
2026/04/07 17:41:38 - mmengine - INFO - Epoch(train)  [6][1300/5000]  lr: 4.7003e-04  eta: 8:06:45  time: 1.0104  data_time: 0.0180  memory: 17780  grad_norm: 3.1426  loss: 1.4204  loss_heatmap: 0.4110  layer_-1_loss_cls: 0.1043  layer_-1_loss_bbox: 0.4117  matched_ious: 0.5136  aux_depth_loss: 0.4935  sec_per_iter: 0.9802  iters_per_sec: 1.0200  samples_per_sec: 16.3200  samples_per_sec_per_gpu: 4.0800  max_mem_allocated_mb: 664.7000  max_mem_reserved_mb: 22048.0000
2026/04/07 17:42:30 - mmengine - INFO - Epoch(train)  [6][1350/5000]  lr: 4.6956e-04  eta: 8:06:12  time: 1.0338  data_time: 0.0251  memory: 17838  grad_norm: 3.3540  loss: 1.4343  loss_heatmap: 0.4073  layer_-1_loss_cls: 0.1037  layer_-1_loss_bbox: 0.4178  matched_ious: 0.5514  aux_depth_loss: 0.5055  sec_per_iter: 0.9814  iters_per_sec: 1.0200  samples_per_sec: 16.3000  samples_per_sec_per_gpu: 4.0800  max_mem_allocated_mb: 664.7000  max_mem_reserved_mb: 22048.0000
2026/04/07 17:43:16 - mmengine - INFO - Epoch(train)  [6][1400/5000]  lr: 4.6909e-04  eta: 8:05:33  time: 0.9312  data_time: 0.0194  memory: 17693  grad_norm: 3.0531  loss: 1.5837  loss_heatmap: 0.4539  layer_-1_loss_cls: 0.1086  layer_-1_loss_bbox: 0.5123  matched_ious: 0.5872  aux_depth_loss: 0.5089  sec_per_iter: 0.9833  iters_per_sec: 1.0200  samples_per_sec: 16.2700  samples_per_sec_per_gpu: 4.0700  max_mem_allocated_mb: 664.7000  max_mem_reserved_mb: 22048.0000
2026/04/07 17:44:04 - mmengine - INFO - Epoch(train)  [6][1450/5000]  lr: 4.6861e-04  eta: 8:04:56  time: 0.9579  data_time: 0.0209  memory: 17728  grad_norm: 3.3657  loss: 1.4516  loss_heatmap: 0.3992  layer_-1_loss_cls: 0.1032  layer_-1_loss_bbox: 0.4375  matched_ious: 0.5458  aux_depth_loss: 0.5117  sec_per_iter: 0.9814  iters_per_sec: 1.0200  samples_per_sec: 16.3000  samples_per_sec_per_gpu: 4.0800  max_mem_allocated_mb: 664.7000  max_mem_reserved_mb: 22048.0000
2026/04/07 17:44:47 - mmengine - INFO - Epoch(train)  [6][1500/5000]  lr: 4.6813e-04  eta: 8:04:12  time: 0.8637  data_time: 0.0169  memory: 17822  grad_norm: 3.0771  loss: 1.3997  loss_heatmap: 0.3939  layer_-1_loss_cls: 0.1002  layer_-1_loss_bbox: 0.4003  matched_ious: 0.5147  aux_depth_loss: 0.5053  sec_per_iter: 0.9806  iters_per_sec: 1.0200  samples_per_sec: 16.3200  samples_per_sec_per_gpu: 4.0800  max_mem_allocated_mb: 664.7000  max_mem_reserved_mb: 22048.0000
2026/04/07 17:45:29 - mmengine - INFO - Epoch(train)  [6][1550/5000]  lr: 4.6765e-04  eta: 8:03:27  time: 0.8390  data_time: 0.0166  memory: 17822  grad_norm: 3.3689  loss: 1.3999  loss_heatmap: 0.3897  layer_-1_loss_cls: 0.0956  layer_-1_loss_bbox: 0.4113  matched_ious: 0.5703  aux_depth_loss: 0.5033  sec_per_iter: 0.9767  iters_per_sec: 1.0200  samples_per_sec: 16.3800  samples_per_sec_per_gpu: 4.1000  max_mem_allocated_mb: 664.7000  max_mem_reserved_mb: 22048.0000
2026/04/07 17:46:12 - mmengine - INFO - Epoch(train)  [6][1600/5000]  lr: 4.6717e-04  eta: 8:02:43  time: 0.8589  data_time: 0.0149  memory: 17949  grad_norm: 3.4019  loss: 1.4728  loss_heatmap: 0.4094  layer_-1_loss_cls: 0.0989  layer_-1_loss_bbox: 0.4641  matched_ious: 0.5882  aux_depth_loss: 0.5004  sec_per_iter: 0.9723  iters_per_sec: 1.0300  samples_per_sec: 16.4600  samples_per_sec_per_gpu: 4.1100  max_mem_allocated_mb: 664.7000  max_mem_reserved_mb: 22048.0000
2026/04/07 17:46:55 - mmengine - INFO - Epoch(train)  [6][1650/5000]  lr: 4.6668e-04  eta: 8:01:59  time: 0.8627  data_time: 0.0166  memory: 17655  grad_norm: 3.3611  loss: 1.4674  loss_heatmap: 0.4023  layer_-1_loss_cls: 0.1002  layer_-1_loss_bbox: 0.4537  matched_ious: 0.5631  aux_depth_loss: 0.5112  sec_per_iter: 0.9687  iters_per_sec: 1.0300  samples_per_sec: 16.5200  samples_per_sec_per_gpu: 4.1300  max_mem_allocated_mb: 664.7000  max_mem_reserved_mb: 22048.0000
2026/04/07 17:47:42 - mmengine - INFO - Epoch(train)  [6][1700/5000]  lr: 4.6619e-04  eta: 8:01:20  time: 0.9359  data_time: 0.0199  memory: 17813  grad_norm: 3.1795  loss: 1.4998  loss_heatmap: 0.4046  layer_-1_loss_cls: 0.0952  layer_-1_loss_bbox: 0.4920  matched_ious: 0.5457  aux_depth_loss: 0.5080  sec_per_iter: 0.9656  iters_per_sec: 1.0400  samples_per_sec: 16.5700  samples_per_sec_per_gpu: 4.1400  max_mem_allocated_mb: 664.7000  max_mem_reserved_mb: 22048.0000
2026/04/07 17:48:32 - mmengine - INFO - Epoch(train)  [6][1750/5000]  lr: 4.6569e-04  eta: 8:00:45  time: 1.0002  data_time: 0.0221  memory: 17805  grad_norm: 3.4775  loss: 1.3928  loss_heatmap: 0.3777  layer_-1_loss_cls: 0.0949  layer_-1_loss_bbox: 0.4080  matched_ious: 0.5278  aux_depth_loss: 0.5122  sec_per_iter: 0.9646  iters_per_sec: 1.0400  samples_per_sec: 16.5900  samples_per_sec_per_gpu: 4.1500  max_mem_allocated_mb: 664.7000  max_mem_reserved_mb: 22048.0000
2026/04/07 17:49:19 - mmengine - INFO - Epoch(train)  [6][1800/5000]  lr: 4.6520e-04  eta: 8:00:06  time: 0.9363  data_time: 0.0188  memory: 17827  grad_norm: 2.7858  loss: 1.4431  loss_heatmap: 0.4022  layer_-1_loss_cls: 0.0987  layer_-1_loss_bbox: 0.4440  matched_ious: 0.5808  aux_depth_loss: 0.4982  sec_per_iter: 0.9657  iters_per_sec: 1.0400  samples_per_sec: 16.5700  samples_per_sec_per_gpu: 4.1400  max_mem_allocated_mb: 664.7000  max_mem_reserved_mb: 22048.0000
2026/04/07 17:50:10 - mmengine - INFO - Epoch(train)  [6][1850/5000]  lr: 4.6469e-04  eta: 7:59:32  time: 1.0215  data_time: 0.0210  memory: 17770  grad_norm: 3.0942  loss: 1.4512  loss_heatmap: 0.4190  layer_-1_loss_cls: 0.1045  layer_-1_loss_bbox: 0.4377  matched_ious: 0.4864  aux_depth_loss: 0.4901  sec_per_iter: 0.9649  iters_per_sec: 1.0400  samples_per_sec: 16.5800  samples_per_sec_per_gpu: 4.1500  max_mem_allocated_mb: 664.7000  max_mem_reserved_mb: 22048.0000
2026/04/07 17:50:56 - mmengine - INFO - Epoch(train)  [6][1900/5000]  lr: 4.6419e-04  eta: 7:58:52  time: 0.9144  data_time: 0.0232  memory: 17751  grad_norm: 3.4085  loss: 1.4335  loss_heatmap: 0.3967  layer_-1_loss_cls: 0.0953  layer_-1_loss_bbox: 0.4360  matched_ious: 0.5669  aux_depth_loss: 0.5055  sec_per_iter: 0.9664  iters_per_sec: 1.0300  samples_per_sec: 16.5600  samples_per_sec_per_gpu: 4.1400  max_mem_allocated_mb: 664.7000  max_mem_reserved_mb: 22048.0000
2026/04/07 17:51:42 - mmengine - INFO - Epoch(train)  [6][1950/5000]  lr: 4.6368e-04  eta: 7:58:12  time: 0.9336  data_time: 0.0191  memory: 17850  grad_norm: 3.3789  loss: 1.4091  loss_heatmap: 0.3958  layer_-1_loss_cls: 0.1021  layer_-1_loss_bbox: 0.4160  matched_ious: 0.5635  aux_depth_loss: 0.4952  sec_per_iter: 0.9650  iters_per_sec: 1.0400  samples_per_sec: 16.5800  samples_per_sec_per_gpu: 4.1500  max_mem_allocated_mb: 664.7000  max_mem_reserved_mb: 22048.0000
2026/04/07 17:52:32 - mmengine - INFO - Exp name: zod_bevfusion_finetune_20260407_104526
2026/04/07 17:52:32 - mmengine - INFO - Epoch(train)  [6][2000/5000]  lr: 4.6317e-04  eta: 7:57:36  time: 0.9822  data_time: 0.0184  memory: 17927  grad_norm: 3.3635  loss: 1.3695  loss_heatmap: 0.3685  layer_-1_loss_cls: 0.0953  layer_-1_loss_bbox: 0.3917  matched_ious: 0.5663  aux_depth_loss: 0.5140  sec_per_iter: 0.9642  iters_per_sec: 1.0400  samples_per_sec: 16.5900  samples_per_sec_per_gpu: 4.1500  max_mem_allocated_mb: 664.7000  max_mem_reserved_mb: 22048.0000
2026/04/07 17:53:22 - mmengine - INFO - Epoch(train)  [6][2050/5000]  lr: 4.6266e-04  eta: 7:57:01  time: 1.0039  data_time: 0.0196  memory: 17871  grad_norm: 2.8596  loss: 1.3898  loss_heatmap: 0.3810  layer_-1_loss_cls: 0.0921  layer_-1_loss_bbox: 0.4181  matched_ious: 0.5772  aux_depth_loss: 0.4986  sec_per_iter: 0.9646  iters_per_sec: 1.0400  samples_per_sec: 16.5900  samples_per_sec_per_gpu: 4.1500  max_mem_allocated_mb: 664.7000  max_mem_reserved_mb: 22048.0000
2026/04/07 17:54:14 - mmengine - INFO - Epoch(train)  [6][2100/5000]  lr: 4.6214e-04  eta: 7:56:28  time: 1.0417  data_time: 0.0261  memory: 17879  grad_norm: 3.0919  loss: 1.3552  loss_heatmap: 0.3717  layer_-1_loss_cls: 0.0943  layer_-1_loss_bbox: 0.4031  matched_ious: 0.5841  aux_depth_loss: 0.4860  sec_per_iter: 0.9656  iters_per_sec: 1.0400  samples_per_sec: 16.5700  samples_per_sec_per_gpu: 4.1400  max_mem_allocated_mb: 664.7000  max_mem_reserved_mb: 22048.0000
2026/04/07 17:55:08 - mmengine - INFO - Epoch(train)  [6][2150/5000]  lr: 4.6162e-04  eta: 7:55:58  time: 1.0925  data_time: 0.0207  memory: 17910  grad_norm: 3.1142  loss: 1.4214  loss_heatmap: 0.4056  layer_-1_loss_cls: 0.1008  layer_-1_loss_bbox: 0.4065  matched_ious: 0.5149  aux_depth_loss: 0.5086  sec_per_iter: 0.9674  iters_per_sec: 1.0300  samples_per_sec: 16.5400  samples_per_sec_per_gpu: 4.1300  max_mem_allocated_mb: 664.7000  max_mem_reserved_mb: 22048.0000
2026/04/07 17:56:00 - mmengine - INFO - Epoch(train)  [6][2200/5000]  lr: 4.6109e-04  eta: 7:55:24  time: 1.0385  data_time: 0.0252  memory: 17737  grad_norm: 3.3069  loss: 1.4081  loss_heatmap: 0.3927  layer_-1_loss_cls: 0.1014  layer_-1_loss_bbox: 0.4127  matched_ious: 0.5646  aux_depth_loss: 0.5012  sec_per_iter: 0.9703  iters_per_sec: 1.0300  samples_per_sec: 16.4900  samples_per_sec_per_gpu: 4.1200  max_mem_allocated_mb: 664.7000  max_mem_reserved_mb: 22048.0000
2026/04/07 17:56:57 - mmengine - INFO - Epoch(train)  [6][2250/5000]  lr: 4.6057e-04  eta: 7:54:57  time: 1.1324  data_time: 0.0315  memory: 17828  grad_norm: 3.1483  loss: 1.4472  loss_heatmap: 0.4067  layer_-1_loss_cls: 0.0963  layer_-1_loss_bbox: 0.4459  matched_ious: 0.5822  aux_depth_loss: 0.4983  sec_per_iter: 0.9719  iters_per_sec: 1.0300  samples_per_sec: 16.4600  samples_per_sec_per_gpu: 4.1200  max_mem_allocated_mb: 664.7000  max_mem_reserved_mb: 22048.0000
2026/04/07 17:58:08 - mmengine - INFO - Epoch(train)  [6][2300/5000]  lr: 4.6003e-04  eta: 7:54:46  time: 1.4223  data_time: 0.0316  memory: 17886  grad_norm: nan  loss: 1.4901  loss_heatmap: 0.4301  layer_-1_loss_cls: 0.1037  layer_-1_loss_bbox: 0.4579  matched_ious: 0.5415  aux_depth_loss: 0.4984  sec_per_iter: 0.9755  iters_per_sec: 1.0300  samples_per_sec: 16.4000  samples_per_sec_per_gpu: 4.1000  max_mem_allocated_mb: 664.7000  max_mem_reserved_mb: 22048.0000
2026/04/07 17:59:06 - mmengine - INFO - Epoch(train)  [6][2350/5000]  lr: 4.5950e-04  eta: 7:54:20  time: 1.1570  data_time: 0.0279  memory: 17943  grad_norm: 3.0984  loss: 1.4694  loss_heatmap: 0.4103  layer_-1_loss_cls: 0.1008  layer_-1_loss_bbox: 0.4716  matched_ious: 0.6129  aux_depth_loss: 0.4868  sec_per_iter: 0.9852  iters_per_sec: 1.0200  samples_per_sec: 16.2400  samples_per_sec_per_gpu: 4.0600  max_mem_allocated_mb: 664.7000  max_mem_reserved_mb: 22048.0000
2026/04/07 18:00:01 - mmengine - INFO - Epoch(train)  [6][2400/5000]  lr: 4.5896e-04  eta: 7:53:50  time: 1.0988  data_time: 0.0284  memory: 17759  grad_norm: 3.6728  loss: 1.4009  loss_heatmap: 0.3923  layer_-1_loss_cls: 0.0998  layer_-1_loss_bbox: 0.4052  matched_ious: 0.5679  aux_depth_loss: 0.5036  sec_per_iter: 0.9888  iters_per_sec: 1.0100  samples_per_sec: 16.1800  samples_per_sec_per_gpu: 4.0500  max_mem_allocated_mb: 664.7000  max_mem_reserved_mb: 22048.0000
2026/04/07 18:01:05 - mmengine - INFO - Epoch(train)  [6][2450/5000]  lr: 4.5842e-04  eta: 7:53:31  time: 1.2891  data_time: 0.0626  memory: 17772  grad_norm: 3.6815  loss: 1.4413  loss_heatmap: 0.3899  layer_-1_loss_cls: 0.0976  layer_-1_loss_bbox: 0.4143  matched_ious: 0.5482  aux_depth_loss: 0.5396  sec_per_iter: 0.9913  iters_per_sec: 1.0100  samples_per_sec: 16.1400  samples_per_sec_per_gpu: 4.0400  max_mem_allocated_mb: 664.7000  max_mem_reserved_mb: 22048.0000
2026/04/07 18:01:58 - mmengine - INFO - Epoch(train)  [6][2500/5000]  lr: 4.5788e-04  eta: 7:52:58  time: 1.0566  data_time: 0.0293  memory: 17880  grad_norm: 2.8120  loss: 1.4298  loss_heatmap: 0.4002  layer_-1_loss_cls: 0.0987  layer_-1_loss_bbox: 0.4455  matched_ious: 0.5811  aux_depth_loss: 0.4853  sec_per_iter: 0.9972  iters_per_sec: 1.0000  samples_per_sec: 16.0400  samples_per_sec_per_gpu: 4.0100  max_mem_allocated_mb: 664.7000  max_mem_reserved_mb: 22048.0000
2026/04/07 18:03:06 - mmengine - INFO - Epoch(train)  [6][2550/5000]  lr: 4.5733e-04  eta: 7:52:42  time: 1.3476  data_time: 0.0437  memory: 17823  grad_norm: 3.0705  loss: 1.3984  loss_heatmap: 0.3863  layer_-1_loss_cls: 0.0944  layer_-1_loss_bbox: 0.4336  matched_ious: 0.5226  aux_depth_loss: 0.4841  sec_per_iter: 0.9984  iters_per_sec: 1.0000  samples_per_sec: 16.0300  samples_per_sec_per_gpu: 4.0100  max_mem_allocated_mb: 664.7000  max_mem_reserved_mb: 22048.0000
2026/04/07 18:04:06 - mmengine - INFO - Epoch(train)  [6][2600/5000]  lr: 4.5678e-04  eta: 7:52:18  time: 1.2027  data_time: 0.0237  memory: 17845  grad_norm: 3.2559  loss: 1.4438  loss_heatmap: 0.3802  layer_-1_loss_cls: 0.0908  layer_-1_loss_bbox: 0.4780  matched_ious: 0.5518  aux_depth_loss: 0.4949  sec_per_iter: 1.0052  iters_per_sec: 0.9900  samples_per_sec: 15.9200  samples_per_sec_per_gpu: 3.9800  max_mem_allocated_mb: 664.7000  max_mem_reserved_mb: 22048.0000
2026/04/07 18:05:00 - mmengine - INFO - Epoch(train)  [6][2650/5000]  lr: 4.5623e-04  eta: 7:51:47  time: 1.0938  data_time: 0.0193  memory: 17915  grad_norm: 3.6705  loss: 1.4216  loss_heatmap: 0.3811  layer_-1_loss_cls: 0.0967  layer_-1_loss_bbox: 0.4352  matched_ious: 0.5638  aux_depth_loss: 0.5085  sec_per_iter: 1.0090  iters_per_sec: 0.9900  samples_per_sec: 15.8600  samples_per_sec_per_gpu: 3.9600  max_mem_allocated_mb: 664.7000  max_mem_reserved_mb: 22048.0000
2026/04/07 18:05:59 - mmengine - INFO - Epoch(train)  [6][2700/5000]  lr: 4.5567e-04  eta: 7:51:20  time: 1.1699  data_time: 0.0261  memory: 17706  grad_norm: 3.1686  loss: 1.4237  loss_heatmap: 0.3913  layer_-1_loss_cls: 0.0973  layer_-1_loss_bbox: 0.4324  matched_ious: 0.5608  aux_depth_loss: 0.5028  sec_per_iter: 1.0106  iters_per_sec: 0.9900  samples_per_sec: 15.8300  samples_per_sec_per_gpu: 3.9600  max_mem_allocated_mb: 664.7000  max_mem_reserved_mb: 22048.0000
2026/04/07 18:07:00 - mmengine - INFO - Epoch(train)  [6][2750/5000]  lr: 4.5511e-04  eta: 7:50:57  time: 1.2163  data_time: 0.0192  memory: 17871  grad_norm: 3.1727  loss: 1.5002  loss_heatmap: 0.4190  layer_-1_loss_cls: 0.1020  layer_-1_loss_bbox: 0.4603  matched_ious: 0.5850  aux_depth_loss: 0.5189  sec_per_iter: 1.0136  iters_per_sec: 0.9900  samples_per_sec: 15.7900  samples_per_sec_per_gpu: 3.9500  max_mem_allocated_mb: 664.7000  max_mem_reserved_mb: 22048.0000
2026/04/07 18:08:01 - mmengine - INFO - Epoch(train)  [6][2800/5000]  lr: 4.5455e-04  eta: 7:50:33  time: 1.2212  data_time: 0.0540  memory: 17847  grad_norm: 3.1052  loss: 1.3644  loss_heatmap: 0.3737  layer_-1_loss_cls: 0.0972  layer_-1_loss_bbox: 0.3967  matched_ious: 0.5104  aux_depth_loss: 0.4969  sec_per_iter: 1.0173  iters_per_sec: 0.9800  samples_per_sec: 15.7300  samples_per_sec_per_gpu: 3.9300  max_mem_allocated_mb: 664.7000  max_mem_reserved_mb: 22048.0000
2026/04/07 18:08:52 - mmengine - INFO - Epoch(train)  [6][2850/5000]  lr: 4.5398e-04  eta: 7:49:57  time: 1.0241  data_time: 0.0276  memory: 17768  grad_norm: 3.5547  loss: 1.4283  loss_heatmap: 0.3945  layer_-1_loss_cls: 0.0978  layer_-1_loss_bbox: 0.4427  matched_ious: 0.5642  aux_depth_loss: 0.4933  sec_per_iter: 1.0209  iters_per_sec: 0.9800  samples_per_sec: 15.6700  samples_per_sec_per_gpu: 3.9200  max_mem_allocated_mb: 664.7000  max_mem_reserved_mb: 22048.0000
2026/04/07 18:09:52 - mmengine - INFO - Epoch(train)  [6][2900/5000]  lr: 4.5341e-04  eta: 7:49:32  time: 1.1985  data_time: 0.0313  memory: 18035  grad_norm: 3.5737  loss: 1.4315  loss_heatmap: 0.3895  layer_-1_loss_cls: 0.0992  layer_-1_loss_bbox: 0.4271  matched_ious: 0.5425  aux_depth_loss: 0.5156  sec_per_iter: 1.0210  iters_per_sec: 0.9800  samples_per_sec: 15.6700  samples_per_sec_per_gpu: 3.9200  max_mem_allocated_mb: 664.7000  max_mem_reserved_mb: 22048.0000
2026/04/07 18:10:45 - mmengine - INFO - Epoch(train)  [6][2950/5000]  lr: 4.5284e-04  eta: 7:48:58  time: 1.0559  data_time: 0.0188  memory: 17767  grad_norm: 3.1413  loss: 1.4771  loss_heatmap: 0.4191  layer_-1_loss_cls: 0.0997  layer_-1_loss_bbox: 0.4582  matched_ious: 0.5961  aux_depth_loss: 0.5001  sec_per_iter: 1.0240  iters_per_sec: 0.9800  samples_per_sec: 15.6200  samples_per_sec_per_gpu: 3.9100  max_mem_allocated_mb: 664.7000  max_mem_reserved_mb: 22048.0000
2026/04/07 18:11:58 - mmengine - INFO - Exp name: zod_bevfusion_finetune_20260407_104526
2026/04/07 18:11:58 - mmengine - INFO - Epoch(train)  [6][3000/5000]  lr: 4.5227e-04  eta: 7:48:48  time: 1.4682  data_time: 0.0351  memory: 17795  grad_norm: 3.4620  loss: 1.5303  loss_heatmap: 0.4411  layer_-1_loss_cls: 0.1060  layer_-1_loss_bbox: 0.4766  matched_ious: 0.5659  aux_depth_loss: 0.5066  sec_per_iter: 1.0246  iters_per_sec: 0.9800  samples_per_sec: 15.6200  samples_per_sec_per_gpu: 3.9000  max_mem_allocated_mb: 664.7000  max_mem_reserved_mb: 22048.0000
2026/04/07 18:12:57 - mmengine - INFO - Epoch(train)  [6][3050/5000]  lr: 4.5169e-04  eta: 7:48:21  time: 1.1746  data_time: 0.0249  memory: 17840  grad_norm: 3.5613  loss: 1.3792  loss_heatmap: 0.3807  layer_-1_loss_cls: 0.0994  layer_-1_loss_bbox: 0.3948  matched_ious: 0.5398  aux_depth_loss: 0.5043  sec_per_iter: 1.0320  iters_per_sec: 0.9700  samples_per_sec: 15.5000  samples_per_sec_per_gpu: 3.8800  max_mem_allocated_mb: 664.7000  max_mem_reserved_mb: 22048.0000
2026/04/07 18:13:56 - mmengine - INFO - Epoch(train)  [6][3100/5000]  lr: 4.5111e-04  eta: 7:47:54  time: 1.1809  data_time: 0.0270  memory: 17791  grad_norm: 3.3639  loss: 1.4858  loss_heatmap: 0.4079  layer_-1_loss_cls: 0.1000  layer_-1_loss_bbox: 0.4814  matched_ious: 0.5371  aux_depth_loss: 0.4965  sec_per_iter: 1.0343  iters_per_sec: 0.9700  samples_per_sec: 15.4700  samples_per_sec_per_gpu: 3.8700  max_mem_allocated_mb: 664.7000  max_mem_reserved_mb: 22048.0000
2026/04/07 18:15:00 - mmengine - INFO - Epoch(train)  [6][3150/5000]  lr: 4.5052e-04  eta: 7:47:33  time: 1.2844  data_time: 0.0458  memory: 17854  grad_norm: 3.6849  loss: 1.4787  loss_heatmap: 0.4338  layer_-1_loss_cls: 0.1011  layer_-1_loss_bbox: 0.4387  matched_ious: 0.5667  aux_depth_loss: 0.5051  sec_per_iter: 1.0367  iters_per_sec: 0.9600  samples_per_sec: 15.4300  samples_per_sec_per_gpu: 3.8600  max_mem_allocated_mb: 664.7000  max_mem_reserved_mb: 22048.0000
2026/04/07 18:15:57 - mmengine - INFO - Epoch(train)  [6][3200/5000]  lr: 4.4993e-04  eta: 7:47:03  time: 1.1279  data_time: 0.0172  memory: 17706  grad_norm: 4.0679  loss: 1.4582  loss_heatmap: 0.4129  layer_-1_loss_cls: 0.1000  layer_-1_loss_bbox: 0.4334  matched_ious: 0.5460  aux_depth_loss: 0.5120  sec_per_iter: 1.0406  iters_per_sec: 0.9600  samples_per_sec: 15.3800  samples_per_sec_per_gpu: 3.8400  max_mem_allocated_mb: 664.7000  max_mem_reserved_mb: 22048.0000
2026/04/07 18:16:58 - mmengine - INFO - Epoch(train)  [6][3250/5000]  lr: 4.4934e-04  eta: 7:46:38  time: 1.2287  data_time: 0.0211  memory: 17748  grad_norm: 3.3590  loss: 1.3864  loss_heatmap: 0.3810  layer_-1_loss_cls: 0.0958  layer_-1_loss_bbox: 0.4194  matched_ious: 0.5568  aux_depth_loss: 0.4902  sec_per_iter: 1.0420  iters_per_sec: 0.9600  samples_per_sec: 15.3600  samples_per_sec_per_gpu: 3.8400  max_mem_allocated_mb: 664.7000  max_mem_reserved_mb: 22048.0000
2026/04/07 18:17:56 - mmengine - INFO - Epoch(train)  [6][3300/5000]  lr: 4.4875e-04  eta: 7:46:10  time: 1.1652  data_time: 0.0356  memory: 18162  grad_norm: 3.5198  loss: 1.4398  loss_heatmap: 0.4004  layer_-1_loss_cls: 0.0961  layer_-1_loss_bbox: 0.4340  matched_ious: 0.5694  aux_depth_loss: 0.5093  sec_per_iter: 1.0449  iters_per_sec: 0.9600  samples_per_sec: 15.3100  samples_per_sec_per_gpu: 3.8300  max_mem_allocated_mb: 664.7000  max_mem_reserved_mb: 22048.0000
2026/04/07 18:18:46 - mmengine - INFO - Epoch(train)  [6][3350/5000]  lr: 4.4815e-04  eta: 7:45:32  time: 0.9964  data_time: 0.0263  memory: 17798  grad_norm: 3.4911  loss: 1.3899  loss_heatmap: 0.3696  layer_-1_loss_cls: 0.0940  layer_-1_loss_bbox: 0.4325  matched_ious: 0.5212  aux_depth_loss: 0.4938  sec_per_iter: 1.0467  iters_per_sec: 0.9600  samples_per_sec: 15.2900  samples_per_sec_per_gpu: 3.8200  max_mem_allocated_mb: 664.7000  max_mem_reserved_mb: 22048.0000
2026/04/07 18:19:52 - mmengine - INFO - Epoch(train)  [6][3400/5000]  lr: 4.4755e-04  eta: 7:45:12  time: 1.3168  data_time: 0.0272  memory: 17711  grad_norm: 3.5817  loss: 1.4123  loss_heatmap: 0.3917  layer_-1_loss_cls: 0.0984  layer_-1_loss_bbox: 0.4155  matched_ious: 0.5368  aux_depth_loss: 0.5067  sec_per_iter: 1.0459  iters_per_sec: 0.9600  samples_per_sec: 15.3000  samples_per_sec_per_gpu: 3.8200  max_mem_allocated_mb: 664.7000  max_mem_reserved_mb: 22048.0000
2026/04/07 18:20:47 - mmengine - INFO - Epoch(train)  [6][3450/5000]  lr: 4.4695e-04  eta: 7:44:40  time: 1.0981  data_time: 0.0337  memory: 17660  grad_norm: 2.8963  loss: 1.3942  loss_heatmap: 0.3864  layer_-1_loss_cls: 0.0972  layer_-1_loss_bbox: 0.4158  matched_ious: 0.5479  aux_depth_loss: 0.4949  sec_per_iter: 1.0499  iters_per_sec: 0.9500  samples_per_sec: 15.2400  samples_per_sec_per_gpu: 3.8100  max_mem_allocated_mb: 664.7000  max_mem_reserved_mb: 22048.0000
2026/04/07 18:21:44 - mmengine - INFO - Epoch(train)  [6][3500/5000]  lr: 4.4634e-04  eta: 7:44:10  time: 1.1342  data_time: 0.0356  memory: 17794  grad_norm: 3.3918  loss: 1.5122  loss_heatmap: 0.4320  layer_-1_loss_cls: 0.1007  layer_-1_loss_bbox: 0.4904  matched_ious: 0.5194  aux_depth_loss: 0.4891  sec_per_iter: 1.0506  iters_per_sec: 0.9500  samples_per_sec: 15.2300  samples_per_sec_per_gpu: 3.8100  max_mem_allocated_mb: 664.7000  max_mem_reserved_mb: 22048.0000
2026/04/07 18:22:36 - mmengine - INFO - Epoch(train)  [6][3550/5000]  lr: 4.4573e-04  eta: 7:43:35  time: 1.0471  data_time: 0.0318  memory: 17874  grad_norm: 3.1895  loss: 1.3507  loss_heatmap: 0.3723  layer_-1_loss_cls: 0.0957  layer_-1_loss_bbox: 0.4000  matched_ious: 0.5628  aux_depth_loss: 0.4828  sec_per_iter: 1.0518  iters_per_sec: 0.9500  samples_per_sec: 15.2100  samples_per_sec_per_gpu: 3.8000  max_mem_allocated_mb: 664.7000  max_mem_reserved_mb: 22048.0000
2026/04/07 18:23:33 - mmengine - INFO - Epoch(train)  [6][3600/5000]  lr: 4.4512e-04  eta: 7:43:04  time: 1.1369  data_time: 0.0422  memory: 17740  grad_norm: 2.9522  loss: 1.3813  loss_heatmap: 0.3806  layer_-1_loss_cls: 0.0941  layer_-1_loss_bbox: 0.4253  matched_ious: 0.5444  aux_depth_loss: 0.4814  sec_per_iter: 1.0517  iters_per_sec: 0.9500  samples_per_sec: 15.2100  samples_per_sec_per_gpu: 3.8000  max_mem_allocated_mb: 664.7000  max_mem_reserved_mb: 22048.0000
2026/04/07 18:24:33 - mmengine - INFO - Epoch(train)  [6][3650/5000]  lr: 4.4451e-04  eta: 7:42:38  time: 1.2049  data_time: 0.0279  memory: 17743  grad_norm: 3.5295  loss: 1.4052  loss_heatmap: 0.3870  layer_-1_loss_cls: 0.0933  layer_-1_loss_bbox: 0.4326  matched_ious: 0.4952  aux_depth_loss: 0.4924  sec_per_iter: 1.0530  iters_per_sec: 0.9500  samples_per_sec: 15.2000  samples_per_sec_per_gpu: 3.8000  max_mem_allocated_mb: 664.7000  max_mem_reserved_mb: 22048.0000
2026/04/07 18:25:45 - mmengine - INFO - Epoch(train)  [6][3700/5000]  lr: 4.4389e-04  eta: 7:42:23  time: 1.4308  data_time: 0.0622  memory: 17699  grad_norm: 4.4357  loss: 1.4561  loss_heatmap: 0.3834  layer_-1_loss_cls: 0.1011  layer_-1_loss_bbox: 0.4406  matched_ious: 0.5770  aux_depth_loss: 0.5311  sec_per_iter: 1.0550  iters_per_sec: 0.9500  samples_per_sec: 15.1700  samples_per_sec_per_gpu: 3.7900  max_mem_allocated_mb: 664.7000  max_mem_reserved_mb: 22048.0000
2026/04/07 18:26:41 - mmengine - INFO - Epoch(train)  [6][3750/5000]  lr: 4.4327e-04  eta: 7:41:52  time: 1.1348  data_time: 0.0267  memory: 17729  grad_norm: 2.7327  loss: 1.4082  loss_heatmap: 0.3886  layer_-1_loss_cls: 0.0965  layer_-1_loss_bbox: 0.4350  matched_ious: 0.5504  aux_depth_loss: 0.4880  sec_per_iter: 1.0601  iters_per_sec: 0.9400  samples_per_sec: 15.0900  samples_per_sec_per_gpu: 3.7700  max_mem_allocated_mb: 664.7000  max_mem_reserved_mb: 22048.0000
2026/04/07 18:27:40 - mmengine - INFO - Epoch(train)  [6][3800/5000]  lr: 4.4264e-04  eta: 7:41:23  time: 1.1680  data_time: 0.0323  memory: 17686  grad_norm: 3.0217  loss: 1.4359  loss_heatmap: 0.4175  layer_-1_loss_cls: 0.1017  layer_-1_loss_bbox: 0.4335  matched_ious: 0.5275  aux_depth_loss: 0.4833  sec_per_iter: 1.0611  iters_per_sec: 0.9400  samples_per_sec: 15.0800  samples_per_sec_per_gpu: 3.7700  max_mem_allocated_mb: 664.7000  max_mem_reserved_mb: 22048.0000
2026/04/07 18:28:39 - mmengine - INFO - Epoch(train)  [6][3850/5000]  lr: 4.4201e-04  eta: 7:40:55  time: 1.1850  data_time: 0.0310  memory: 17791  grad_norm: 3.0918  loss: 1.4422  loss_heatmap: 0.4024  layer_-1_loss_cls: 0.1005  layer_-1_loss_bbox: 0.4580  matched_ious: 0.5252  aux_depth_loss: 0.4813  sec_per_iter: 1.0625  iters_per_sec: 0.9400  samples_per_sec: 15.0600  samples_per_sec_per_gpu: 3.7600  max_mem_allocated_mb: 664.7000  max_mem_reserved_mb: 22048.0000
2026/04/07 18:29:42 - mmengine - INFO - Epoch(train)  [6][3900/5000]  lr: 4.4138e-04  eta: 7:40:30  time: 1.2535  data_time: 0.0252  memory: 17722  grad_norm: 3.0946  loss: 1.3667  loss_heatmap: 0.3807  layer_-1_loss_cls: 0.0998  layer_-1_loss_bbox: 0.4025  matched_ious: 0.5306  aux_depth_loss: 0.4837  sec_per_iter: 1.0641  iters_per_sec: 0.9400  samples_per_sec: 15.0400  samples_per_sec_per_gpu: 3.7600  max_mem_allocated_mb: 664.7000  max_mem_reserved_mb: 22048.0000
2026/04/07 18:30:41 - mmengine - INFO - Epoch(train)  [6][3950/5000]  lr: 4.4075e-04  eta: 7:40:02  time: 1.1970  data_time: 0.0261  memory: 17757  grad_norm: 2.8615  loss: 1.3159  loss_heatmap: 0.3624  layer_-1_loss_cls: 0.0961  layer_-1_loss_bbox: 0.3796  matched_ious: 0.6062  aux_depth_loss: 0.4779  sec_per_iter: 1.0665  iters_per_sec: 0.9400  samples_per_sec: 15.0000  samples_per_sec_per_gpu: 3.7500  max_mem_allocated_mb: 664.7000  max_mem_reserved_mb: 22048.0000
2026/04/07 18:31:38 - mmengine - INFO - Exp name: zod_bevfusion_finetune_20260407_104526
2026/04/07 18:31:38 - mmengine - INFO - Epoch(train)  [6][4000/5000]  lr: 4.4011e-04  eta: 7:39:31  time: 1.1302  data_time: 0.0249  memory: 17730  grad_norm: 3.4747  loss: 1.3884  loss_heatmap: 0.3753  layer_-1_loss_cls: 0.0959  layer_-1_loss_bbox: 0.4307  matched_ious: 0.5919  aux_depth_loss: 0.4865  sec_per_iter: 1.0681  iters_per_sec: 0.9400  samples_per_sec: 14.9800  samples_per_sec_per_gpu: 3.7400  max_mem_allocated_mb: 664.7000  max_mem_reserved_mb: 22048.0000
2026/04/07 18:32:45 - mmengine - INFO - Epoch(train)  [6][4050/5000]  lr: 4.3948e-04  eta: 7:39:10  time: 1.3322  data_time: 0.0297  memory: 17779  grad_norm: 3.9004  loss: 1.3855  loss_heatmap: 0.3760  layer_-1_loss_cls: 0.0934  layer_-1_loss_bbox: 0.4136  matched_ious: 0.5147  aux_depth_loss: 0.5026  sec_per_iter: 1.0689  iters_per_sec: 0.9400  samples_per_sec: 14.9700  samples_per_sec_per_gpu: 3.7400  max_mem_allocated_mb: 664.7000  max_mem_reserved_mb: 22048.0000
2026/04/07 18:33:37 - mmengine - INFO - Epoch(train)  [6][4100/5000]  lr: 4.3883e-04  eta: 7:38:33  time: 1.0460  data_time: 0.0199  memory: 17736  grad_norm: 2.9074  loss: 1.3466  loss_heatmap: 0.3698  layer_-1_loss_cls: 0.0973  layer_-1_loss_bbox: 0.3997  matched_ious: 0.5532  aux_depth_loss: 0.4798  sec_per_iter: 1.0722  iters_per_sec: 0.9300  samples_per_sec: 14.9200  samples_per_sec_per_gpu: 3.7300  max_mem_allocated_mb: 664.7000  max_mem_reserved_mb: 22048.0000
2026/04/07 18:34:43 - mmengine - INFO - Epoch(train)  [6][4150/5000]  lr: 4.3819e-04  eta: 7:38:11  time: 1.3142  data_time: 0.0392  memory: 17804  grad_norm: 3.4466  loss: 1.4262  loss_heatmap: 0.4047  layer_-1_loss_cls: 0.0984  layer_-1_loss_bbox: 0.4235  matched_ious: 0.6216  aux_depth_loss: 0.4996  sec_per_iter: 1.0719  iters_per_sec: 0.9300  samples_per_sec: 14.9300  samples_per_sec_per_gpu: 3.7300  max_mem_allocated_mb: 664.7000  max_mem_reserved_mb: 22048.0000
2026/04/07 18:35:42 - mmengine - INFO - Epoch(train)  [6][4200/5000]  lr: 4.3754e-04  eta: 7:37:43  time: 1.1957  data_time: 0.0471  memory: 17832  grad_norm: 3.4611  loss: 1.3778  loss_heatmap: 0.3802  layer_-1_loss_cls: 0.0960  layer_-1_loss_bbox: 0.4114  matched_ious: 0.5054  aux_depth_loss: 0.4902  sec_per_iter: 1.0748  iters_per_sec: 0.9300  samples_per_sec: 14.8900  samples_per_sec_per_gpu: 3.7200  max_mem_allocated_mb: 664.7000  max_mem_reserved_mb: 22048.0000
2026/04/07 18:36:47 - mmengine - INFO - Epoch(train)  [6][4250/5000]  lr: 4.3689e-04  eta: 7:37:19  time: 1.2933  data_time: 0.0414  memory: 17995  grad_norm: 2.9532  loss: 1.3479  loss_heatmap: 0.3681  layer_-1_loss_cls: 0.0964  layer_-1_loss_bbox: 0.3970  matched_ious: 0.5615  aux_depth_loss: 0.4864  sec_per_iter: 1.0762  iters_per_sec: 0.9300  samples_per_sec: 14.8700  samples_per_sec_per_gpu: 3.7200  max_mem_allocated_mb: 664.7000  max_mem_reserved_mb: 22048.0000
2026/04/07 18:37:54 - mmengine - INFO - Epoch(train)  [6][4300/5000]  lr: 4.3624e-04  eta: 7:36:59  time: 1.3494  data_time: 0.0519  memory: 17742  grad_norm: 3.5072  loss: 1.4092  loss_heatmap: 0.3901  layer_-1_loss_cls: 0.0911  layer_-1_loss_bbox: 0.4232  matched_ious: 0.5303  aux_depth_loss: 0.5049  sec_per_iter: 1.0788  iters_per_sec: 0.9300  samples_per_sec: 14.8300  samples_per_sec_per_gpu: 3.7100  max_mem_allocated_mb: 664.7000  max_mem_reserved_mb: 22048.0000
2026/04/07 18:38:50 - mmengine - INFO - Epoch(train)  [6][4350/5000]  lr: 4.3558e-04  eta: 7:36:25  time: 1.1040  data_time: 0.0248  memory: 17845  grad_norm: 3.3212  loss: 1.3969  loss_heatmap: 0.3756  layer_-1_loss_cls: 0.0914  layer_-1_loss_bbox: 0.4271  matched_ious: 0.5571  aux_depth_loss: 0.5028  sec_per_iter: 1.0819  iters_per_sec: 0.9200  samples_per_sec: 14.7900  samples_per_sec_per_gpu: 3.7000  max_mem_allocated_mb: 664.7000  max_mem_reserved_mb: 22048.0000
2026/04/07 18:39:59 - mmengine - INFO - Epoch(train)  [6][4400/5000]  lr: 4.3492e-04  eta: 7:36:06  time: 1.3893  data_time: 0.0284  memory: 17791  grad_norm: 3.3697  loss: 1.4177  loss_heatmap: 0.3927  layer_-1_loss_cls: 0.0956  layer_-1_loss_bbox: 0.4414  matched_ious: 0.5526  aux_depth_loss: 0.4880  sec_per_iter: 1.0822  iters_per_sec: 0.9200  samples_per_sec: 14.7800  samples_per_sec_per_gpu: 3.7000  max_mem_allocated_mb: 664.7000  max_mem_reserved_mb: 22048.0000
2026/04/07 18:40:50 - mmengine - INFO - Epoch(train)  [6][4450/5000]  lr: 4.3426e-04  eta: 7:35:27  time: 1.0095  data_time: 0.0239  memory: 17690  grad_norm: 3.3229  loss: 1.4018  loss_heatmap: 0.3912  layer_-1_loss_cls: 0.1011  layer_-1_loss_bbox: 0.4212  matched_ious: 0.5649  aux_depth_loss: 0.4883  sec_per_iter: 1.0857  iters_per_sec: 0.9200  samples_per_sec: 14.7400  samples_per_sec_per_gpu: 3.6800  max_mem_allocated_mb: 664.7000  max_mem_reserved_mb: 22048.0000
2026/04/07 18:41:58 - mmengine - INFO - Epoch(train)  [6][4500/5000]  lr: 4.3359e-04  eta: 7:35:07  time: 1.3631  data_time: 0.0234  memory: 17730  grad_norm: inf  loss: 1.3509  loss_heatmap: 0.3640  layer_-1_loss_cls: 0.0921  layer_-1_loss_bbox: 0.4146  matched_ious: 0.5591  aux_depth_loss: 0.4803  sec_per_iter: 1.0848  iters_per_sec: 0.9200  samples_per_sec: 14.7500  samples_per_sec_per_gpu: 3.6900  max_mem_allocated_mb: 664.7000  max_mem_reserved_mb: 22048.0000
2026/04/07 18:42:51 - mmengine - INFO - Epoch(train)  [6][4550/5000]  lr: 4.3293e-04  eta: 7:34:31  time: 1.0562  data_time: 0.0208  memory: 17695  grad_norm: 3.1280  loss: 1.3161  loss_heatmap: 0.3637  layer_-1_loss_cls: 0.0905  layer_-1_loss_bbox: 0.3929  matched_ious: 0.5624  aux_depth_loss: 0.4690  sec_per_iter: 1.0879  iters_per_sec: 0.9200  samples_per_sec: 14.7100  samples_per_sec_per_gpu: 3.6800  max_mem_allocated_mb: 664.7000  max_mem_reserved_mb: 22048.0000
2026/04/07 18:43:43 - mmengine - INFO - Epoch(train)  [6][4600/5000]  lr: 4.3226e-04  eta: 7:33:54  time: 1.0507  data_time: 0.0206  memory: 17799  grad_norm: 3.5603  loss: 1.4313  loss_heatmap: 0.3891  layer_-1_loss_cls: 0.0979  layer_-1_loss_bbox: 0.4388  matched_ious: 0.5185  aux_depth_loss: 0.5056  sec_per_iter: 1.0876  iters_per_sec: 0.9200  samples_per_sec: 14.7100  samples_per_sec_per_gpu: 3.6800  max_mem_allocated_mb: 664.7000  max_mem_reserved_mb: 22048.0000
2026/04/07 18:44:40 - mmengine - INFO - Epoch(train)  [6][4650/5000]  lr: 4.3158e-04  eta: 7:33:22  time: 1.1446  data_time: 0.0187  memory: 17821  grad_norm: 3.2063  loss: 1.3518  loss_heatmap: 0.3677  layer_-1_loss_cls: 0.0954  layer_-1_loss_bbox: 0.4008  matched_ious: 0.5616  aux_depth_loss: 0.4880  sec_per_iter: 1.0872  iters_per_sec: 0.9200  samples_per_sec: 14.7200  samples_per_sec_per_gpu: 3.6800  max_mem_allocated_mb: 664.7000  max_mem_reserved_mb: 22048.0000
2026/04/07 18:45:33 - mmengine - INFO - Epoch(train)  [6][4700/5000]  lr: 4.3091e-04  eta: 7:32:44  time: 1.0460  data_time: 0.0178  memory: 17820  grad_norm: 2.9990  loss: 1.4584  loss_heatmap: 0.4117  layer_-1_loss_cls: 0.1018  layer_-1_loss_bbox: 0.4637  matched_ious: 0.5425  aux_depth_loss: 0.4812  sec_per_iter: 1.0878  iters_per_sec: 0.9200  samples_per_sec: 14.7100  samples_per_sec_per_gpu: 3.6800  max_mem_allocated_mb: 664.7000  max_mem_reserved_mb: 22048.0000
2026/04/07 18:46:34 - mmengine - INFO - Epoch(train)  [6][4750/5000]  lr: 4.3023e-04  eta: 7:32:16  time: 1.2268  data_time: 0.0324  memory: 17669  grad_norm: 3.2978  loss: 1.3416  loss_heatmap: 0.3521  layer_-1_loss_cls: 0.0925  layer_-1_loss_bbox: 0.4116  matched_ious: 0.5414  aux_depth_loss: 0.4854  sec_per_iter: 1.0873  iters_per_sec: 0.9200  samples_per_sec: 14.7100  samples_per_sec_per_gpu: 3.6800  max_mem_allocated_mb: 664.7000  max_mem_reserved_mb: 22048.0000
2026/04/07 18:47:34 - mmengine - INFO - Epoch(train)  [6][4800/5000]  lr: 4.2955e-04  eta: 7:31:47  time: 1.2012  data_time: 0.0319  memory: 17800  grad_norm: 3.3419  loss: 1.4048  loss_heatmap: 0.3903  layer_-1_loss_cls: 0.0959  layer_-1_loss_bbox: 0.4337  matched_ious: 0.5603  aux_depth_loss: 0.4849  sec_per_iter: 1.0889  iters_per_sec: 0.9200  samples_per_sec: 14.6900  samples_per_sec_per_gpu: 3.6700  max_mem_allocated_mb: 664.7000  max_mem_reserved_mb: 22048.0000
2026/04/07 18:48:26 - mmengine - INFO - Epoch(train)  [6][4850/5000]  lr: 4.2886e-04  eta: 7:31:10  time: 1.0443  data_time: 0.0208  memory: 17668  grad_norm: 3.6213  loss: 1.3380  loss_heatmap: 0.3603  layer_-1_loss_cls: 0.0927  layer_-1_loss_bbox: 0.3914  matched_ious: 0.5654  aux_depth_loss: 0.4936  sec_per_iter: 1.0900  iters_per_sec: 0.9200  samples_per_sec: 14.6800  samples_per_sec_per_gpu: 3.6700  max_mem_allocated_mb: 664.7000  max_mem_reserved_mb: 22048.0000
2026/04/07 18:49:32 - mmengine - INFO - Epoch(train)  [6][4900/5000]  lr: 4.2817e-04  eta: 7:30:45  time: 1.3046  data_time: 0.0343  memory: 17731  grad_norm: 2.8352  loss: 1.3296  loss_heatmap: 0.3471  layer_-1_loss_cls: 0.0858  layer_-1_loss_bbox: 0.4180  matched_ious: 0.5410  aux_depth_loss: 0.4787  sec_per_iter: 1.0895  iters_per_sec: 0.9200  samples_per_sec: 14.6900  samples_per_sec_per_gpu: 3.6700  max_mem_allocated_mb: 664.7000  max_mem_reserved_mb: 22048.0000
2026/04/07 18:50:28 - mmengine - INFO - Epoch(train)  [6][4950/5000]  lr: 4.2748e-04  eta: 7:30:12  time: 1.1268  data_time: 0.0211  memory: 17731  grad_norm: 2.9172  loss: 1.3686  loss_heatmap: 0.3900  layer_-1_loss_cls: 0.0934  layer_-1_loss_bbox: 0.4096  matched_ious: 0.5315  aux_depth_loss: 0.4756  sec_per_iter: 1.0917  iters_per_sec: 0.9200  samples_per_sec: 14.6600  samples_per_sec_per_gpu: 3.6600  max_mem_allocated_mb: 664.7000  max_mem_reserved_mb: 22048.0000
2026/04/07 18:51:25 - mmengine - INFO - Exp name: zod_bevfusion_finetune_20260407_104526
2026/04/07 18:51:25 - mmengine - INFO - Epoch(train)  [6][5000/5000]  lr: 4.2679e-04  eta: 7:29:39  time: 1.1498  data_time: 0.0221  memory: 17798  grad_norm: 2.9019  loss: 1.2976  loss_heatmap: 0.3530  layer_-1_loss_cls: 0.0893  layer_-1_loss_bbox: 0.3886  matched_ious: 0.5504  aux_depth_loss: 0.4667  sec_per_iter: 1.0920  iters_per_sec: 0.9200  samples_per_sec: 14.6500  samples_per_sec_per_gpu: 3.6600  max_mem_allocated_mb: 664.7000  max_mem_reserved_mb: 22048.0000
2026/04/07 18:51:25 - mmengine - INFO - [Efficiency] Epoch 6: wall=5463.1s  iters=5000  sec/iter=1.093  mem_alloc=665MB  mem_rsv=22048MB
2026/04/07 18:51:25 - mmengine - INFO - Saving checkpoint at 6 epochs
2026/04/07 18:51:44 - mmengine - INFO - Epoch(val)  [6][  50/1250]    eta: 0:06:02  time: 0.3021  data_time: 0.0096  memory: 4779  
2026/04/07 18:51:59 - mmengine - INFO - Epoch(val)  [6][ 100/1250]    eta: 0:05:48  time: 0.3044  data_time: 0.0089  memory: 4784  
2026/04/07 18:52:13 - mmengine - INFO - Epoch(val)  [6][ 150/1250]    eta: 0:05:21  time: 0.2699  data_time: 0.0066  memory: 4788  
2026/04/07 18:52:29 - mmengine - INFO - Epoch(val)  [6][ 200/1250]    eta: 0:05:17  time: 0.3342  data_time: 0.0082  memory: 4785  
2026/04/07 18:52:42 - mmengine - INFO - Epoch(val)  [6][ 250/1250]    eta: 0:04:54  time: 0.2615  data_time: 0.0073  memory: 4775  
2026/04/07 18:52:57 - mmengine - INFO - Epoch(val)  [6][ 300/1250]    eta: 0:04:38  time: 0.2856  data_time: 0.0077  memory: 4783  
2026/04/07 18:53:11 - mmengine - INFO - Epoch(val)  [6][ 350/1250]    eta: 0:04:23  time: 0.2883  data_time: 0.0053  memory: 4785  
2026/04/07 18:53:24 - mmengine - INFO - Epoch(val)  [6][ 400/1250]    eta: 0:04:04  time: 0.2561  data_time: 0.0057  memory: 4775  
2026/04/07 18:53:38 - mmengine - INFO - Epoch(val)  [6][ 450/1250]    eta: 0:03:50  time: 0.2875  data_time: 0.0054  memory: 4779  
2026/04/07 18:53:53 - mmengine - INFO - Epoch(val)  [6][ 500/1250]    eta: 0:03:36  time: 0.2994  data_time: 0.0079  memory: 4778  
2026/04/07 18:54:06 - mmengine - INFO - Epoch(val)  [6][ 550/1250]    eta: 0:03:19  time: 0.2502  data_time: 0.0055  memory: 4778  
2026/04/07 18:54:19 - mmengine - INFO - Epoch(val)  [6][ 600/1250]    eta: 0:03:04  time: 0.2590  data_time: 0.0060  memory: 4782  
2026/04/07 18:54:33 - mmengine - INFO - Epoch(val)  [6][ 650/1250]    eta: 0:02:50  time: 0.2924  data_time: 0.0079  memory: 4782  
2026/04/07 18:54:49 - mmengine - INFO - Epoch(val)  [6][ 700/1250]    eta: 0:02:37  time: 0.3129  data_time: 0.0055  memory: 4779  
2026/04/07 18:55:02 - mmengine - INFO - Epoch(val)  [6][ 750/1250]    eta: 0:02:21  time: 0.2553  data_time: 0.0054  memory: 4781  
2026/04/07 18:55:15 - mmengine - INFO - Epoch(val)  [6][ 800/1250]    eta: 0:02:07  time: 0.2655  data_time: 0.0057  memory: 4776  
2026/04/07 18:55:29 - mmengine - INFO - Epoch(val)  [6][ 850/1250]    eta: 0:01:53  time: 0.2793  data_time: 0.0070  memory: 4781  
2026/04/07 18:55:47 - mmengine - INFO - Epoch(val)  [6][ 900/1250]    eta: 0:01:40  time: 0.3571  data_time: 0.0094  memory: 4786  
2026/04/07 18:56:02 - mmengine - INFO - Epoch(val)  [6][ 950/1250]    eta: 0:01:26  time: 0.3050  data_time: 0.0072  memory: 4782  
2026/04/07 18:56:18 - mmengine - INFO - Epoch(val)  [6][1000/1250]    eta: 0:01:12  time: 0.3175  data_time: 0.0076  memory: 4785  
2026/04/07 18:56:30 - mmengine - INFO - Epoch(val)  [6][1050/1250]    eta: 0:00:57  time: 0.2465  data_time: 0.0056  memory: 4785  
2026/04/07 18:56:46 - mmengine - INFO - Epoch(val)  [6][1100/1250]    eta: 0:00:43  time: 0.3087  data_time: 0.0102  memory: 4785  
2026/04/07 18:57:00 - mmengine - INFO - Epoch(val)  [6][1150/1250]    eta: 0:00:28  time: 0.2903  data_time: 0.0077  memory: 4780  
2026/04/07 18:57:15 - mmengine - INFO - Epoch(val)  [6][1200/1250]    eta: 0:00:14  time: 0.2890  data_time: 0.0108  memory: 4778  
2026/04/07 18:57:28 - mmengine - INFO - Epoch(val)  [6][1250/1250]    eta: 0:00:00  time: 0.2725  data_time: 0.0073  memory: 4782  
2026/04/07 18:58:49 - mmengine - INFO - 
+------------+---------+---------+---------+---------+
| classes    | AP_0.25 | AR_0.25 | AP_0.50 | AR_0.50 |
+------------+---------+---------+---------+---------+
| pedestrian | 0.7503  | 0.9315  | 0.5026  | 0.6926  |
+------------+---------+---------+---------+---------+
| Overall    | 0.7503  | 0.9315  | 0.5026  | 0.6926  |
+------------+---------+---------+---------+---------+
2026/04/07 18:59:20 - mmengine - INFO - 
+------------+---------+---------+---------+---------+---------+---------+---------+---------+
| classes    | AP_0.5m | AR_0.5m | AP_1.0m | AR_1.0m | AP_2.0m | AR_2.0m | AP_4.0m | AR_4.0m |
+------------+---------+---------+---------+---------+---------+---------+---------+---------+
| pedestrian | 0.7735  | 0.9620  | 0.7827  | 0.9698  | 0.7888  | 0.9748  | 0.7960  | 0.9811  |
+------------+---------+---------+---------+---------+---------+---------+---------+---------+
| Overall    | 0.7735  | 0.9620  | 0.7827  | 0.9698  | 0.7888  | 0.9748  | 0.7960  | 0.9811  |
+------------+---------+---------+---------+---------+---------+---------+---------+---------+
2026/04/07 18:59:23 - mmengine - INFO - Epoch(val) [6][1250/1250]    pedestrian_AP_0.25: 0.7503  mAP_0.25: 0.7503  pedestrian_rec_0.25: 0.9315  mAR_0.25: 0.9315  pedestrian_AP_0.50: 0.5026  mAP_0.50: 0.5026  pedestrian_rec_0.50: 0.6926  mAR_0.50: 0.6926  pedestrian_AP_0.5m: 0.7735  pedestrian_rec_0.5m: 0.9620  pedestrian_AP_1.0m: 0.7827  pedestrian_rec_1.0m: 0.9698  pedestrian_AP_2.0m: 0.7888  pedestrian_rec_2.0m: 0.9748  pedestrian_AP_4.0m: 0.7960  pedestrian_rec_4.0m: 0.9811  mAP_0.5m: 0.7735  mAR_0.5m: 0.9620  mAP_1.0m: 0.7827  mAR_1.0m: 0.9698  mAP_2.0m: 0.7888  mAR_2.0m: 0.9748  mAP_4.0m: 0.7960  mAR_4.0m: 0.9811  data_time: 0.0072  time: 0.2876
2026/04/07 19:00:32 - mmengine - INFO - Epoch(train)  [7][  50/5000]  lr: 4.2610e-04  eta: 7:29:17  time: 1.3537  data_time: 0.0662  memory: 17892  grad_norm: 3.3150  loss: 1.4190  loss_heatmap: 0.3850  layer_-1_loss_cls: 0.0930  layer_-1_loss_bbox: 0.4593  matched_ious: 0.5392  aux_depth_loss: 0.4817  sec_per_iter: 1.0926  iters_per_sec: 0.9200  samples_per_sec: 14.6400  samples_per_sec_per_gpu: 3.6600  max_mem_allocated_mb: 664.7000  max_mem_reserved_mb: 22048.0000
2026/04/07 19:01:26 - mmengine - INFO - Epoch(train)  [7][ 100/5000]  lr: 4.2540e-04  eta: 7:28:42  time: 1.0941  data_time: 0.0315  memory: 17743  grad_norm: 3.1925  loss: 1.4211  loss_heatmap: 0.3930  layer_-1_loss_cls: 0.0918  layer_-1_loss_bbox: 0.4352  matched_ious: 0.5847  aux_depth_loss: 0.5010  sec_per_iter: 1.3577  iters_per_sec: 0.7400  samples_per_sec: 11.7800  samples_per_sec_per_gpu: 2.9500  max_mem_allocated_mb: 664.7000  max_mem_reserved_mb: 22048.0000
2026/04/07 19:02:27 - mmengine - INFO - Epoch(train)  [7][ 150/5000]  lr: 4.2470e-04  eta: 7:28:11  time: 1.2025  data_time: 0.0208  memory: 17747  grad_norm: 3.3094  loss: 1.3786  loss_heatmap: 0.3829  layer_-1_loss_cls: 0.0960  layer_-1_loss_bbox: 0.4158  matched_ious: 0.5094  aux_depth_loss: 0.4839  sec_per_iter: 1.2243  iters_per_sec: 0.8200  samples_per_sec: 13.0700  samples_per_sec_per_gpu: 3.2700  max_mem_allocated_mb: 664.7000  max_mem_reserved_mb: 22048.0000
2026/04/07 19:03:22 - mmengine - INFO - Epoch(train)  [7][ 200/5000]  lr: 4.2399e-04  eta: 7:27:36  time: 1.1052  data_time: 0.0332  memory: 17761  grad_norm: 3.0903  loss: 1.3247  loss_heatmap: 0.3563  layer_-1_loss_cls: 0.0933  layer_-1_loss_bbox: 0.4035  matched_ious: 0.5707  aux_depth_loss: 0.4715  sec_per_iter: 1.2173  iters_per_sec: 0.8200  samples_per_sec: 13.1400  samples_per_sec_per_gpu: 3.2900  max_mem_allocated_mb: 664.7000  max_mem_reserved_mb: 22048.0000
2026/04/07 19:04:09 - mmengine - INFO - Epoch(train)  [7][ 250/5000]  lr: 4.2329e-04  eta: 7:26:54  time: 0.9501  data_time: 0.0173  memory: 17725  grad_norm: 3.5818  loss: 1.3517  loss_heatmap: 0.3711  layer_-1_loss_cls: 0.0936  layer_-1_loss_bbox: 0.4022  matched_ious: 0.5466  aux_depth_loss: 0.4848  sec_per_iter: 1.1893  iters_per_sec: 0.8400  samples_per_sec: 13.4500  samples_per_sec_per_gpu: 3.3600  max_mem_allocated_mb: 664.7000  max_mem_reserved_mb: 22048.0000
2026/04/07 19:04:58 - mmengine - INFO - Epoch(train)  [7][ 300/5000]  lr: 4.2258e-04  eta: 7:26:13  time: 0.9811  data_time: 0.0199  memory: 17780  grad_norm: 3.7681  loss: 1.3493  loss_heatmap: 0.3669  layer_-1_loss_cls: 0.0948  layer_-1_loss_bbox: 0.3995  matched_ious: 0.5219  aux_depth_loss: 0.4882  sec_per_iter: 1.1413  iters_per_sec: 0.8800  samples_per_sec: 14.0200  samples_per_sec_per_gpu: 3.5000  max_mem_allocated_mb: 664.7000  max_mem_reserved_mb: 22048.0000
2026/04/07 19:05:46 - mmengine - INFO - Epoch(train)  [7][ 350/5000]  lr: 4.2187e-04  eta: 7:25:30  time: 0.9495  data_time: 0.0181  memory: 17655  grad_norm: 3.7209  loss: 1.3836  loss_heatmap: 0.3688  layer_-1_loss_cls: 0.0929  layer_-1_loss_bbox: 0.4266  matched_ious: 0.5636  aux_depth_loss: 0.4952  sec_per_iter: 1.1146  iters_per_sec: 0.9000  samples_per_sec: 14.3600  samples_per_sec_per_gpu: 3.5900  max_mem_allocated_mb: 664.7000  max_mem_reserved_mb: 22048.0000
2026/04/07 19:06:35 - mmengine - INFO - Epoch(train)  [7][ 400/5000]  lr: 4.2115e-04  eta: 7:24:49  time: 0.9825  data_time: 0.0169  memory: 17831  grad_norm: 3.1173  loss: 1.3331  loss_heatmap: 0.3570  layer_-1_loss_cls: 0.0894  layer_-1_loss_bbox: 0.4070  matched_ious: 0.5067  aux_depth_loss: 0.4797  sec_per_iter: 1.0911  iters_per_sec: 0.9200  samples_per_sec: 14.6600  samples_per_sec_per_gpu: 3.6700  max_mem_allocated_mb: 664.7000  max_mem_reserved_mb: 22048.0000
2026/04/07 19:07:25 - mmengine - INFO - Epoch(train)  [7][ 450/5000]  lr: 4.2043e-04  eta: 7:24:09  time: 1.0014  data_time: 0.0174  memory: 17780  grad_norm: 3.7048  loss: 1.4149  loss_heatmap: 0.3747  layer_-1_loss_cls: 0.0941  layer_-1_loss_bbox: 0.4477  matched_ious: 0.5464  aux_depth_loss: 0.4985  sec_per_iter: 1.0776  iters_per_sec: 0.9300  samples_per_sec: 14.8500  samples_per_sec_per_gpu: 3.7100  max_mem_allocated_mb: 664.7000  max_mem_reserved_mb: 22048.0000
2026/04/07 19:08:18 - mmengine - INFO - Epoch(train)  [7][ 500/5000]  lr: 4.1972e-04  eta: 7:23:31  time: 1.0543  data_time: 0.0206  memory: 17736  grad_norm: 3.6745  loss: 1.4284  loss_heatmap: 0.3942  layer_-1_loss_cls: 0.0935  layer_-1_loss_bbox: 0.4567  matched_ious: 0.5061  aux_depth_loss: 0.4840  sec_per_iter: 1.0690  iters_per_sec: 0.9400  samples_per_sec: 14.9700  samples_per_sec_per_gpu: 3.7400  max_mem_allocated_mb: 664.7000  max_mem_reserved_mb: 22048.0000
2026/04/07 19:09:18 - mmengine - INFO - Epoch(train)  [7][ 550/5000]  lr: 4.1899e-04  eta: 7:23:00  time: 1.1993  data_time: 0.0205  memory: 17962  grad_norm: 3.1748  loss: 1.4322  loss_heatmap: 0.4062  layer_-1_loss_cls: 0.1000  layer_-1_loss_bbox: 0.4421  matched_ious: 0.5545  aux_depth_loss: 0.4839  sec_per_iter: 1.0676  iters_per_sec: 0.9400  samples_per_sec: 14.9900  samples_per_sec_per_gpu: 3.7500  max_mem_allocated_mb: 664.7000  max_mem_reserved_mb: 22048.0000
2026/04/07 19:10:11 - mmengine - INFO - Epoch(train)  [7][ 600/5000]  lr: 4.1827e-04  eta: 7:22:22  time: 1.0557  data_time: 0.0198  memory: 17797  grad_norm: 3.4330  loss: 1.3251  loss_heatmap: 0.3556  layer_-1_loss_cls: 0.0914  layer_-1_loss_bbox: 0.3994  matched_ious: 0.5486  aux_depth_loss: 0.4787  sec_per_iter: 1.0797  iters_per_sec: 0.9300  samples_per_sec: 14.8200  samples_per_sec_per_gpu: 3.7000  max_mem_allocated_mb: 664.7000  max_mem_reserved_mb: 22048.0000
2026/04/07 19:11:00 - mmengine - INFO - Epoch(train)  [7][ 650/5000]  lr: 4.1754e-04  eta: 7:21:41  time: 0.9910  data_time: 0.0272  memory: 17745  grad_norm: 3.0349  loss: 1.3820  loss_heatmap: 0.3899  layer_-1_loss_cls: 0.0927  layer_-1_loss_bbox: 0.4335  matched_ious: 0.5862  aux_depth_loss: 0.4660  sec_per_iter: 1.0776  iters_per_sec: 0.9300  samples_per_sec: 14.8500  samples_per_sec_per_gpu: 3.7100  max_mem_allocated_mb: 664.7000  max_mem_reserved_mb: 22048.0000
2026/04/07 19:11:50 - mmengine - INFO - Epoch(train)  [7][ 700/5000]  lr: 4.1681e-04  eta: 7:21:01  time: 0.9976  data_time: 0.0180  memory: 17651  grad_norm: 3.6017  loss: 1.4011  loss_heatmap: 0.3842  layer_-1_loss_cls: 0.0970  layer_-1_loss_bbox: 0.4243  matched_ious: 0.5635  aux_depth_loss: 0.4956  sec_per_iter: 1.0710  iters_per_sec: 0.9300  samples_per_sec: 14.9400  samples_per_sec_per_gpu: 3.7300  max_mem_allocated_mb: 664.7000  max_mem_reserved_mb: 22048.0000
2026/04/07 19:12:37 - mmengine - INFO - Epoch(train)  [7][ 750/5000]  lr: 4.1608e-04  eta: 7:20:17  time: 0.9353  data_time: 0.0186  memory: 17709  grad_norm: 3.4966  loss: 1.3255  loss_heatmap: 0.3526  layer_-1_loss_cls: 0.0912  layer_-1_loss_bbox: 0.3843  matched_ious: 0.5147  aux_depth_loss: 0.4974  sec_per_iter: 1.0657  iters_per_sec: 0.9400  samples_per_sec: 15.0100  samples_per_sec_per_gpu: 3.7500  max_mem_allocated_mb: 664.7000  max_mem_reserved_mb: 22048.0000
2026/04/07 19:13:27 - mmengine - INFO - Epoch(train)  [7][ 800/5000]  lr: 4.1534e-04  eta: 7:19:37  time: 1.0043  data_time: 0.0192  memory: 17796  grad_norm: 4.1041  loss: 1.3239  loss_heatmap: 0.3434  layer_-1_loss_cls: 0.0843  layer_-1_loss_bbox: 0.3922  matched_ious: 0.5989  aux_depth_loss: 0.5040  sec_per_iter: 1.0570  iters_per_sec: 0.9500  samples_per_sec: 15.1400  samples_per_sec_per_gpu: 3.7800  max_mem_allocated_mb: 664.7000  max_mem_reserved_mb: 22048.0000
2026/04/07 19:14:14 - mmengine - INFO - Epoch(train)  [7][ 850/5000]  lr: 4.1461e-04  eta: 7:18:53  time: 0.9433  data_time: 0.0176  memory: 17835  grad_norm: 3.5596  loss: 1.3975  loss_heatmap: 0.3777  layer_-1_loss_cls: 0.0935  layer_-1_loss_bbox: 0.4134  matched_ious: 0.5015  aux_depth_loss: 0.5129  sec_per_iter: 1.0537  iters_per_sec: 0.9500  samples_per_sec: 15.1800  samples_per_sec_per_gpu: 3.8000  max_mem_allocated_mb: 664.7000  max_mem_reserved_mb: 22048.0000
2026/04/07 19:15:06 - mmengine - INFO - Epoch(train)  [7][ 900/5000]  lr: 4.1387e-04  eta: 7:18:15  time: 1.0391  data_time: 0.0268  memory: 17722  grad_norm: 3.5421  loss: 1.4150  loss_heatmap: 0.3789  layer_-1_loss_cls: 0.0952  layer_-1_loss_bbox: 0.4487  matched_ious: 0.5727  aux_depth_loss: 0.4923  sec_per_iter: 1.0472  iters_per_sec: 0.9500  samples_per_sec: 15.2800  samples_per_sec_per_gpu: 3.8200  max_mem_allocated_mb: 664.7000  max_mem_reserved_mb: 22048.0000
2026/04/07 19:15:56 - mmengine - INFO - Epoch(train)  [7][ 950/5000]  lr: 4.1312e-04  eta: 7:17:34  time: 0.9992  data_time: 0.0236  memory: 18169  grad_norm: 3.4277  loss: 1.4061  loss_heatmap: 0.3759  layer_-1_loss_cls: 0.0943  layer_-1_loss_bbox: 0.4402  matched_ious: 0.5691  aux_depth_loss: 0.4957  sec_per_iter: 1.0468  iters_per_sec: 0.9600  samples_per_sec: 15.2900  samples_per_sec_per_gpu: 3.8200  max_mem_allocated_mb: 664.7000  max_mem_reserved_mb: 22048.0000
2026/04/07 19:16:49 - mmengine - INFO - Exp name: zod_bevfusion_finetune_20260407_104526
2026/04/07 19:16:49 - mmengine - INFO - Epoch(train)  [7][1000/5000]  lr: 4.1238e-04  eta: 7:16:56  time: 1.0522  data_time: 0.0299  memory: 17964  grad_norm: 3.0611  loss: 1.3208  loss_heatmap: 0.3623  layer_-1_loss_cls: 0.0936  layer_-1_loss_bbox: 0.3877  matched_ious: 0.5553  aux_depth_loss: 0.4772  sec_per_iter: 1.0443  iters_per_sec: 0.9600  samples_per_sec: 15.3200  samples_per_sec_per_gpu: 3.8300  max_mem_allocated_mb: 664.7000  max_mem_reserved_mb: 22048.0000
2026/04/07 19:17:45 - mmengine - INFO - Epoch(train)  [7][1050/5000]  lr: 4.1163e-04  eta: 7:16:21  time: 1.1254  data_time: 0.0284  memory: 17774  grad_norm: 3.6440  loss: 1.3853  loss_heatmap: 0.3721  layer_-1_loss_cls: 0.0922  layer_-1_loss_bbox: 0.4237  matched_ious: 0.5727  aux_depth_loss: 0.4973  sec_per_iter: 1.0449  iters_per_sec: 0.9600  samples_per_sec: 15.3100  samples_per_sec_per_gpu: 3.8300  max_mem_allocated_mb: 664.7000  max_mem_reserved_mb: 22048.0000
2026/04/07 19:18:36 - mmengine - INFO - Epoch(train)  [7][1100/5000]  lr: 4.1088e-04  eta: 7:15:41  time: 1.0226  data_time: 0.0441  memory: 17811  grad_norm: 3.1896  loss: 1.3963  loss_heatmap: 0.3754  layer_-1_loss_cls: 0.0908  layer_-1_loss_bbox: 0.4391  matched_ious: 0.5774  aux_depth_loss: 0.4911  sec_per_iter: 1.0487  iters_per_sec: 0.9500  samples_per_sec: 15.2600  samples_per_sec_per_gpu: 3.8100  max_mem_allocated_mb: 664.7000  max_mem_reserved_mb: 22048.0000
2026/04/07 19:19:37 - mmengine - INFO - Epoch(train)  [7][1150/5000]  lr: 4.1013e-04  eta: 7:15:10  time: 1.2100  data_time: 0.0412  memory: 17734  grad_norm: 3.5419  loss: 1.3174  loss_heatmap: 0.3521  layer_-1_loss_cls: 0.0867  layer_-1_loss_bbox: 0.3921  matched_ious: 0.5510  aux_depth_loss: 0.4864  sec_per_iter: 1.0474  iters_per_sec: 0.9500  samples_per_sec: 15.2800  samples_per_sec_per_gpu: 3.8200  max_mem_allocated_mb: 664.7000  max_mem_reserved_mb: 22048.0000
2026/04/07 19:20:37 - mmengine - INFO - Epoch(train)  [7][1200/5000]  lr: 4.0937e-04  eta: 7:14:38  time: 1.2010  data_time: 0.0323  memory: 17678  grad_norm: 3.2203  loss: 1.3560  loss_heatmap: 0.3674  layer_-1_loss_cls: 0.0934  layer_-1_loss_bbox: 0.4095  matched_ious: 0.5008  aux_depth_loss: 0.4857  sec_per_iter: 1.0544  iters_per_sec: 0.9500  samples_per_sec: 15.1700  samples_per_sec_per_gpu: 3.7900  max_mem_allocated_mb: 664.7000  max_mem_reserved_mb: 22048.0000
2026/04/07 19:21:28 - mmengine - INFO - Epoch(train)  [7][1250/5000]  lr: 4.0861e-04  eta: 7:13:59  time: 1.0251  data_time: 0.0247  memory: 17866  grad_norm: 3.0066  loss: 1.3064  loss_heatmap: 0.3454  layer_-1_loss_cls: 0.0876  layer_-1_loss_bbox: 0.3916  matched_ious: 0.5779  aux_depth_loss: 0.4817  sec_per_iter: 1.0605  iters_per_sec: 0.9400  samples_per_sec: 15.0900  samples_per_sec_per_gpu: 3.7700  max_mem_allocated_mb: 664.7000  max_mem_reserved_mb: 22048.0000
2026/04/07 19:22:27 - mmengine - INFO - Epoch(train)  [7][1300/5000]  lr: 4.0785e-04  eta: 7:13:26  time: 1.1790  data_time: 0.0265  memory: 17825  grad_norm: 3.1446  loss: 1.3619  loss_heatmap: 0.3717  layer_-1_loss_cls: 0.0972  layer_-1_loss_bbox: 0.4089  matched_ious: 0.5791  aux_depth_loss: 0.4842  sec_per_iter: 1.0591  iters_per_sec: 0.9400  samples_per_sec: 15.1100  samples_per_sec_per_gpu: 3.7800  max_mem_allocated_mb: 664.7000  max_mem_reserved_mb: 22048.0000
2026/04/07 19:23:18 - mmengine - INFO - Epoch(train)  [7][1350/5000]  lr: 4.0709e-04  eta: 7:12:46  time: 1.0262  data_time: 0.0231  memory: 17864  grad_norm: 2.7716  loss: 1.3630  loss_heatmap: 0.3771  layer_-1_loss_cls: 0.1003  layer_-1_loss_bbox: 0.4051  matched_ious: 0.5797  aux_depth_loss: 0.4805  sec_per_iter: 1.0638  iters_per_sec: 0.9400  samples_per_sec: 15.0400  samples_per_sec_per_gpu: 3.7600  max_mem_allocated_mb: 664.7000  max_mem_reserved_mb: 22048.0000
2026/04/07 19:24:05 - mmengine - INFO - Epoch(train)  [7][1400/5000]  lr: 4.0633e-04  eta: 7:12:02  time: 0.9356  data_time: 0.0172  memory: 17838  grad_norm: 3.1392  loss: 1.4084  loss_heatmap: 0.3803  layer_-1_loss_cls: 0.0905  layer_-1_loss_bbox: 0.4508  matched_ious: 0.5254  aux_depth_loss: 0.4868  sec_per_iter: 1.0624  iters_per_sec: 0.9400  samples_per_sec: 15.0600  samples_per_sec_per_gpu: 3.7700  max_mem_allocated_mb: 664.7000  max_mem_reserved_mb: 22048.0000
2026/04/07 19:24:57 - mmengine - INFO - Epoch(train)  [7][1450/5000]  lr: 4.0556e-04  eta: 7:11:23  time: 1.0369  data_time: 0.0333  memory: 17790  grad_norm: 2.8814  loss: 1.3704  loss_heatmap: 0.3827  layer_-1_loss_cls: 0.0937  layer_-1_loss_bbox: 0.4251  matched_ious: 0.5480  aux_depth_loss: 0.4688  sec_per_iter: 1.0578  iters_per_sec: 0.9500  samples_per_sec: 15.1300  samples_per_sec_per_gpu: 3.7800  max_mem_allocated_mb: 664.7000  max_mem_reserved_mb: 22048.0000
2026/04/07 19:25:49 - mmengine - INFO - Epoch(train)  [7][1500/5000]  lr: 4.0479e-04  eta: 7:10:44  time: 1.0449  data_time: 0.0263  memory: 17726  grad_norm: 3.6047  loss: 1.3853  loss_heatmap: 0.3852  layer_-1_loss_cls: 0.0961  layer_-1_loss_bbox: 0.4205  matched_ious: 0.5499  aux_depth_loss: 0.4835  sec_per_iter: 1.0571  iters_per_sec: 0.9500  samples_per_sec: 15.1400  samples_per_sec_per_gpu: 3.7800  max_mem_allocated_mb: 664.7000  max_mem_reserved_mb: 22048.0000
2026/04/07 19:26:43 - mmengine - INFO - Epoch(train)  [7][1550/5000]  lr: 4.0402e-04  eta: 7:10:06  time: 1.0727  data_time: 0.0187  memory: 17857  grad_norm: nan  loss: 1.3259  loss_heatmap: 0.3583  layer_-1_loss_cls: 0.0879  layer_-1_loss_bbox: 0.4042  matched_ious: 0.5242  aux_depth_loss: 0.4755  sec_per_iter: 1.0567  iters_per_sec: 0.9500  samples_per_sec: 15.1400  samples_per_sec_per_gpu: 3.7900  max_mem_allocated_mb: 664.7000  max_mem_reserved_mb: 22048.0000
2026/04/07 19:27:42 - mmengine - INFO - Epoch(train)  [7][1600/5000]  lr: 4.0324e-04  eta: 7:09:33  time: 1.1805  data_time: 0.0498  memory: 17773  grad_norm: 2.9676  loss: 1.3118  loss_heatmap: 0.3591  layer_-1_loss_cls: 0.0888  layer_-1_loss_bbox: 0.3950  matched_ious: 0.5623  aux_depth_loss: 0.4690  sec_per_iter: 1.0572  iters_per_sec: 0.9500  samples_per_sec: 15.1300  samples_per_sec_per_gpu: 3.7800  max_mem_allocated_mb: 664.7000  max_mem_reserved_mb: 22048.0000
2026/04/07 19:28:39 - mmengine - INFO - Epoch(train)  [7][1650/5000]  lr: 4.0247e-04  eta: 7:08:58  time: 1.1411  data_time: 0.0287  memory: 17728  grad_norm: 2.8132  loss: 1.3349  loss_heatmap: 0.3589  layer_-1_loss_cls: 0.0906  layer_-1_loss_bbox: 0.4149  matched_ious: 0.5709  aux_depth_loss: 0.4705  sec_per_iter: 1.0611  iters_per_sec: 0.9400  samples_per_sec: 15.0800  samples_per_sec_per_gpu: 3.7700  max_mem_allocated_mb: 664.7000  max_mem_reserved_mb: 22048.0000
2026/04/07 19:29:26 - mmengine - INFO - Epoch(train)  [7][1700/5000]  lr: 4.0169e-04  eta: 7:08:14  time: 0.9508  data_time: 0.0215  memory: 17880  grad_norm: 3.4947  loss: 1.3709  loss_heatmap: 0.3559  layer_-1_loss_cls: 0.0902  layer_-1_loss_bbox: 0.4471  matched_ious: 0.5682  aux_depth_loss: 0.4777  sec_per_iter: 1.0635  iters_per_sec: 0.9400  samples_per_sec: 15.0400  samples_per_sec_per_gpu: 3.7600  max_mem_allocated_mb: 664.7000  max_mem_reserved_mb: 22048.0000
2026/04/07 19:30:12 - mmengine - INFO - Epoch(train)  [7][1750/5000]  lr: 4.0091e-04  eta: 7:07:30  time: 0.9208  data_time: 0.0185  memory: 17933  grad_norm: 2.9476  loss: 1.3313  loss_heatmap: 0.3655  layer_-1_loss_cls: 0.0926  layer_-1_loss_bbox: 0.3877  matched_ious: 0.5495  aux_depth_loss: 0.4855  sec_per_iter: 1.0602  iters_per_sec: 0.9400  samples_per_sec: 15.0900  samples_per_sec_per_gpu: 3.7700  max_mem_allocated_mb: 664.7000  max_mem_reserved_mb: 22048.0000
2026/04/07 19:31:14 - mmengine - INFO - Epoch(train)  [7][1800/5000]  lr: 4.0012e-04  eta: 7:06:59  time: 1.2335  data_time: 0.0351  memory: 17809  grad_norm: 3.3671  loss: 1.3191  loss_heatmap: 0.3525  layer_-1_loss_cls: 0.0924  layer_-1_loss_bbox: 0.3972  matched_ious: 0.5817  aux_depth_loss: 0.4770  sec_per_iter: 1.0562  iters_per_sec: 0.9500  samples_per_sec: 15.1500  samples_per_sec_per_gpu: 3.7900  max_mem_allocated_mb: 664.7000  max_mem_reserved_mb: 22048.0000
2026/04/07 19:32:09 - mmengine - INFO - Epoch(train)  [7][1850/5000]  lr: 3.9934e-04  eta: 7:06:21  time: 1.0958  data_time: 0.0305  memory: 17663  grad_norm: 2.9962  loss: 1.2757  loss_heatmap: 0.3356  layer_-1_loss_cls: 0.0865  layer_-1_loss_bbox: 0.3861  matched_ious: 0.6041  aux_depth_loss: 0.4675  sec_per_iter: 1.0612  iters_per_sec: 0.9400  samples_per_sec: 15.0800  samples_per_sec_per_gpu: 3.7700  max_mem_allocated_mb: 664.7000  max_mem_reserved_mb: 22048.0000
2026/04/07 19:33:01 - mmengine - INFO - Epoch(train)  [7][1900/5000]  lr: 3.9855e-04  eta: 7:05:42  time: 1.0381  data_time: 0.0171  memory: 17836  grad_norm: 3.2138  loss: 1.2949  loss_heatmap: 0.3322  layer_-1_loss_cls: 0.0813  layer_-1_loss_bbox: 0.4069  matched_ious: 0.5444  aux_depth_loss: 0.4746  sec_per_iter: 1.0620  iters_per_sec: 0.9400  samples_per_sec: 15.0700  samples_per_sec_per_gpu: 3.7700  max_mem_allocated_mb: 664.7000  max_mem_reserved_mb: 22048.0000
2026/04/07 19:34:00 - mmengine - INFO - Epoch(train)  [7][1950/5000]  lr: 3.9776e-04  eta: 7:05:08  time: 1.1769  data_time: 0.0301  memory: 17974  grad_norm: 3.2862  loss: 1.3541  loss_heatmap: 0.3812  layer_-1_loss_cls: 0.0946  layer_-1_loss_bbox: 0.4029  matched_ious: 0.5983  aux_depth_loss: 0.4754  sec_per_iter: 1.0614  iters_per_sec: 0.9400  samples_per_sec: 15.0700  samples_per_sec_per_gpu: 3.7700  max_mem_allocated_mb: 664.7000  max_mem_reserved_mb: 22048.0000
2026/04/07 19:34:50 - mmengine - INFO - Exp name: zod_bevfusion_finetune_20260407_104526
2026/04/07 19:34:50 - mmengine - INFO - Epoch(train)  [7][2000/5000]  lr: 3.9696e-04  eta: 7:04:27  time: 1.0043  data_time: 0.0221  memory: 17734  grad_norm: 4.0830  loss: 1.3145  loss_heatmap: 0.3530  layer_-1_loss_cls: 0.0905  layer_-1_loss_bbox: 0.3794  matched_ious: 0.5403  aux_depth_loss: 0.4915  sec_per_iter: 1.0644  iters_per_sec: 0.9400  samples_per_sec: 15.0300  samples_per_sec_per_gpu: 3.7600  max_mem_allocated_mb: 664.7000  max_mem_reserved_mb: 22048.0000
2026/04/07 19:35:39 - mmengine - INFO - Epoch(train)  [7][2050/5000]  lr: 3.9617e-04  eta: 7:03:45  time: 0.9886  data_time: 0.0189  memory: 17742  grad_norm: 3.4460  loss: 1.3812  loss_heatmap: 0.3833  layer_-1_loss_cls: 0.0965  layer_-1_loss_bbox: 0.4306  matched_ious: 0.5888  aux_depth_loss: 0.4708  sec_per_iter: 1.0629  iters_per_sec: 0.9400  samples_per_sec: 15.0500  samples_per_sec_per_gpu: 3.7600  max_mem_allocated_mb: 664.7000  max_mem_reserved_mb: 22048.0000
2026/04/07 19:36:32 - mmengine - INFO - Epoch(train)  [7][2100/5000]  lr: 3.9537e-04  eta: 7:03:05  time: 1.0502  data_time: 0.0199  memory: 17796  grad_norm: 3.7522  loss: 1.4288  loss_heatmap: 0.3898  layer_-1_loss_cls: 0.0952  layer_-1_loss_bbox: 0.4517  matched_ious: 0.5405  aux_depth_loss: 0.4921  sec_per_iter: 1.0611  iters_per_sec: 0.9400  samples_per_sec: 15.0800  samples_per_sec_per_gpu: 3.7700  max_mem_allocated_mb: 664.7000  max_mem_reserved_mb: 22048.0000
2026/04/07 19:37:26 - mmengine - INFO - Epoch(train)  [7][2150/5000]  lr: 3.9457e-04  eta: 7:02:28  time: 1.0941  data_time: 0.0263  memory: 17725  grad_norm: 3.1684  loss: 1.4006  loss_heatmap: 0.3957  layer_-1_loss_cls: 0.0981  layer_-1_loss_bbox: 0.4358  matched_ious: 0.5580  aux_depth_loss: 0.4709  sec_per_iter: 1.0608  iters_per_sec: 0.9400  samples_per_sec: 15.0800  samples_per_sec_per_gpu: 3.7700  max_mem_allocated_mb: 664.7000  max_mem_reserved_mb: 22048.0000
2026/04/07 19:38:26 - mmengine - INFO - Epoch(train)  [7][2200/5000]  lr: 3.9377e-04  eta: 7:01:54  time: 1.1911  data_time: 0.0242  memory: 17762  grad_norm: 3.3983  loss: 1.4046  loss_heatmap: 0.3760  layer_-1_loss_cls: 0.0913  layer_-1_loss_bbox: 0.4628  matched_ious: 0.5960  aux_depth_loss: 0.4744  sec_per_iter: 1.0616  iters_per_sec: 0.9400  samples_per_sec: 15.0700  samples_per_sec_per_gpu: 3.7700  max_mem_allocated_mb: 664.7000  max_mem_reserved_mb: 22048.0000
2026/04/07 19:39:22 - mmengine - INFO - Epoch(train)  [7][2250/5000]  lr: 3.9296e-04  eta: 7:01:18  time: 1.1184  data_time: 0.0320  memory: 17708  grad_norm: 3.3945  loss: 1.3755  loss_heatmap: 0.3846  layer_-1_loss_cls: 0.0972  layer_-1_loss_bbox: 0.4115  matched_ious: 0.5530  aux_depth_loss: 0.4822  sec_per_iter: 1.0646  iters_per_sec: 0.9400  samples_per_sec: 15.0300  samples_per_sec_per_gpu: 3.7600  max_mem_allocated_mb: 664.7000  max_mem_reserved_mb: 22048.0000
2026/04/07 19:40:13 - mmengine - INFO - Epoch(train)  [7][2300/5000]  lr: 3.9216e-04  eta: 7:00:37  time: 1.0171  data_time: 0.0206  memory: 17819  grad_norm: 2.9924  loss: 1.2729  loss_heatmap: 0.3482  layer_-1_loss_cls: 0.0905  layer_-1_loss_bbox: 0.3709  matched_ious: 0.5984  aux_depth_loss: 0.4633  sec_per_iter: 1.0658  iters_per_sec: 0.9400  samples_per_sec: 15.0100  samples_per_sec_per_gpu: 3.7500  max_mem_allocated_mb: 664.7000  max_mem_reserved_mb: 22048.0000
2026/04/07 19:41:01 - mmengine - INFO - Epoch(train)  [7][2350/5000]  lr: 3.9135e-04  eta: 6:59:54  time: 0.9652  data_time: 0.0167  memory: 17832  grad_norm: 3.6838  loss: 1.3264  loss_heatmap: 0.3597  layer_-1_loss_cls: 0.0914  layer_-1_loss_bbox: 0.3922  matched_ious: 0.5493  aux_depth_loss: 0.4831  sec_per_iter: 1.0647  iters_per_sec: 0.9400  samples_per_sec: 15.0300  samples_per_sec_per_gpu: 3.7600  max_mem_allocated_mb: 664.7000  max_mem_reserved_mb: 22048.0000
2026/04/07 19:41:52 - mmengine - INFO - Epoch(train)  [7][2400/5000]  lr: 3.9054e-04  eta: 6:59:12  time: 1.0109  data_time: 0.0227  memory: 17723  grad_norm: 3.2852  loss: 1.3925  loss_heatmap: 0.3786  layer_-1_loss_cls: 0.0937  layer_-1_loss_bbox: 0.4363  matched_ious: 0.5455  aux_depth_loss: 0.4838  sec_per_iter: 1.0626  iters_per_sec: 0.9400  samples_per_sec: 15.0600  samples_per_sec_per_gpu: 3.7600  max_mem_allocated_mb: 664.7000  max_mem_reserved_mb: 22048.0000
2026/04/07 19:42:38 - mmengine - INFO - Epoch(train)  [7][2450/5000]  lr: 3.8973e-04  eta: 6:58:27  time: 0.9270  data_time: 0.0199  memory: 17788  grad_norm: 3.2532  loss: 1.4103  loss_heatmap: 0.3886  layer_-1_loss_cls: 0.0990  layer_-1_loss_bbox: 0.4431  matched_ious: 0.5547  aux_depth_loss: 0.4797  sec_per_iter: 1.0615  iters_per_sec: 0.9400  samples_per_sec: 15.0700  samples_per_sec_per_gpu: 3.7700  max_mem_allocated_mb: 664.7000  max_mem_reserved_mb: 22048.0000
2026/04/07 19:43:24 - mmengine - INFO - Epoch(train)  [7][2500/5000]  lr: 3.8891e-04  eta: 6:57:42  time: 0.9208  data_time: 0.0226  memory: 17871  grad_norm: 3.4563  loss: 1.3073  loss_heatmap: 0.3474  layer_-1_loss_cls: 0.0879  layer_-1_loss_bbox: 0.3911  matched_ious: 0.5762  aux_depth_loss: 0.4809  sec_per_iter: 1.0587  iters_per_sec: 0.9400  samples_per_sec: 15.1100  samples_per_sec_per_gpu: 3.7800  max_mem_allocated_mb: 664.7000  max_mem_reserved_mb: 22048.0000
2026/04/07 19:44:12 - mmengine - INFO - Epoch(train)  [7][2550/5000]  lr: 3.8809e-04  eta: 6:56:58  time: 0.9497  data_time: 0.0183  memory: 17793  grad_norm: 2.6922  loss: 1.3731  loss_heatmap: 0.3833  layer_-1_loss_cls: 0.0937  layer_-1_loss_bbox: 0.4314  matched_ious: 0.5341  aux_depth_loss: 0.4646  sec_per_iter: 1.0560  iters_per_sec: 0.9500  samples_per_sec: 15.1500  samples_per_sec_per_gpu: 3.7900  max_mem_allocated_mb: 664.7000  max_mem_reserved_mb: 22048.0000
2026/04/07 19:44:54 - mmengine - INFO - Epoch(train)  [7][2600/5000]  lr: 3.8727e-04  eta: 6:56:10  time: 0.8599  data_time: 0.0167  memory: 17630  grad_norm: 3.2088  loss: 1.3501  loss_heatmap: 0.3872  layer_-1_loss_cls: 0.0965  layer_-1_loss_bbox: 0.4029  matched_ious: 0.5685  aux_depth_loss: 0.4636  sec_per_iter: 1.0539  iters_per_sec: 0.9500  samples_per_sec: 15.1800  samples_per_sec_per_gpu: 3.8000  max_mem_allocated_mb: 664.7000  max_mem_reserved_mb: 22048.0000
2026/04/07 19:45:39 - mmengine - INFO - Epoch(train)  [7][2650/5000]  lr: 3.8645e-04  eta: 6:55:24  time: 0.8960  data_time: 0.0172  memory: 17742  grad_norm: 3.3116  loss: 1.3545  loss_heatmap: 0.3661  layer_-1_loss_cls: 0.0924  layer_-1_loss_bbox: 0.4140  matched_ious: 0.5365  aux_depth_loss: 0.4821  sec_per_iter: 1.0502  iters_per_sec: 0.9500  samples_per_sec: 15.2400  samples_per_sec_per_gpu: 3.8100  max_mem_allocated_mb: 664.7000  max_mem_reserved_mb: 22048.0000
2026/04/07 19:46:25 - mmengine - INFO - Epoch(train)  [7][2700/5000]  lr: 3.8563e-04  eta: 6:54:39  time: 0.9138  data_time: 0.0240  memory: 17697  grad_norm: 3.5988  loss: 1.3443  loss_heatmap: 0.3701  layer_-1_loss_cls: 0.0908  layer_-1_loss_bbox: 0.3998  matched_ious: 0.5324  aux_depth_loss: 0.4836  sec_per_iter: 1.0473  iters_per_sec: 0.9500  samples_per_sec: 15.2800  samples_per_sec_per_gpu: 3.8200  max_mem_allocated_mb: 664.7000  max_mem_reserved_mb: 22048.0000
2026/04/07 19:47:13 - mmengine - INFO - Epoch(train)  [7][2750/5000]  lr: 3.8480e-04  eta: 6:53:55  time: 0.9531  data_time: 0.0176  memory: 17821  grad_norm: 3.7455  loss: 1.3554  loss_heatmap: 0.3566  layer_-1_loss_cls: 0.0870  layer_-1_loss_bbox: 0.4210  matched_ious: 0.5781  aux_depth_loss: 0.4908  sec_per_iter: 1.0448  iters_per_sec: 0.9600  samples_per_sec: 15.3100  samples_per_sec_per_gpu: 3.8300  max_mem_allocated_mb: 664.7000  max_mem_reserved_mb: 22048.0000
2026/04/07 19:47:58 - mmengine - INFO - Epoch(train)  [7][2800/5000]  lr: 3.8397e-04  eta: 6:53:09  time: 0.8999  data_time: 0.0193  memory: 17714  grad_norm: 3.5484  loss: 1.3513  loss_heatmap: 0.3728  layer_-1_loss_cls: 0.0915  layer_-1_loss_bbox: 0.4143  matched_ious: 0.5621  aux_depth_loss: 0.4726  sec_per_iter: 1.0431  iters_per_sec: 0.9600  samples_per_sec: 15.3400  samples_per_sec_per_gpu: 3.8300  max_mem_allocated_mb: 664.7000  max_mem_reserved_mb: 22048.0000
2026/04/07 19:48:44 - mmengine - INFO - Epoch(train)  [7][2850/5000]  lr: 3.8314e-04  eta: 6:52:24  time: 0.9307  data_time: 0.0207  memory: 17811  grad_norm: 4.1027  loss: 1.2872  loss_heatmap: 0.3340  layer_-1_loss_cls: 0.0878  layer_-1_loss_bbox: 0.3650  matched_ious: 0.5559  aux_depth_loss: 0.5004  sec_per_iter: 1.0406  iters_per_sec: 0.9600  samples_per_sec: 15.3800  samples_per_sec_per_gpu: 3.8400  max_mem_allocated_mb: 664.7000  max_mem_reserved_mb: 22048.0000
2026/04/07 19:49:41 - mmengine - INFO - Epoch(train)  [7][2900/5000]  lr: 3.8231e-04  eta: 6:51:48  time: 1.1281  data_time: 0.0244  memory: 17823  grad_norm: 3.5033  loss: 1.2708  loss_heatmap: 0.3420  layer_-1_loss_cls: 0.0859  layer_-1_loss_bbox: 0.3756  matched_ious: 0.5911  aux_depth_loss: 0.4673  sec_per_iter: 1.0387  iters_per_sec: 0.9600  samples_per_sec: 15.4000  samples_per_sec_per_gpu: 3.8500  max_mem_allocated_mb: 664.7000  max_mem_reserved_mb: 22048.0000
2026/04/07 19:50:35 - mmengine - INFO - Epoch(train)  [7][2950/5000]  lr: 3.8148e-04  eta: 6:51:09  time: 1.0892  data_time: 0.0183  memory: 17912  grad_norm: 3.3507  loss: 1.3145  loss_heatmap: 0.3609  layer_-1_loss_cls: 0.0925  layer_-1_loss_bbox: 0.3807  matched_ious: 0.5577  aux_depth_loss: 0.4804  sec_per_iter: 1.0402  iters_per_sec: 0.9600  samples_per_sec: 15.3800  samples_per_sec_per_gpu: 3.8500  max_mem_allocated_mb: 664.7000  max_mem_reserved_mb: 22048.0000
2026/04/07 19:51:25 - mmengine - INFO - Exp name: zod_bevfusion_finetune_20260407_104526
2026/04/07 19:51:25 - mmengine - INFO - Epoch(train)  [7][3000/5000]  lr: 3.8064e-04  eta: 6:50:27  time: 0.9916  data_time: 0.0182  memory: 17717  grad_norm: 3.1683  loss: 1.3496  loss_heatmap: 0.3734  layer_-1_loss_cls: 0.0907  layer_-1_loss_bbox: 0.4204  matched_ious: 0.5461  aux_depth_loss: 0.4651  sec_per_iter: 1.0410  iters_per_sec: 0.9600  samples_per_sec: 15.3700  samples_per_sec_per_gpu: 3.8400  max_mem_allocated_mb: 664.7000  max_mem_reserved_mb: 22048.0000
2026/04/07 19:52:13 - mmengine - INFO - Epoch(train)  [7][3050/5000]  lr: 3.7980e-04  eta: 6:49:43  time: 0.9626  data_time: 0.0308  memory: 17644  grad_norm: 3.5850  loss: 1.3216  loss_heatmap: 0.3739  layer_-1_loss_cls: 0.0889  layer_-1_loss_bbox: 0.3945  matched_ious: 0.4664  aux_depth_loss: 0.4642  sec_per_iter: 1.0402  iters_per_sec: 0.9600  samples_per_sec: 15.3800  samples_per_sec_per_gpu: 3.8500  max_mem_allocated_mb: 664.7000  max_mem_reserved_mb: 22048.0000
2026/04/07 19:53:06 - mmengine - INFO - Epoch(train)  [7][3100/5000]  lr: 3.7896e-04  eta: 6:49:04  time: 1.0645  data_time: 0.0360  memory: 17761  grad_norm: 3.6183  loss: 1.3238  loss_heatmap: 0.3611  layer_-1_loss_cls: 0.0898  layer_-1_loss_bbox: 0.4024  matched_ious: 0.5713  aux_depth_loss: 0.4705  sec_per_iter: 1.0389  iters_per_sec: 0.9600  samples_per_sec: 15.4000  samples_per_sec_per_gpu: 3.8500  max_mem_allocated_mb: 664.7000  max_mem_reserved_mb: 22048.0000
2026/04/07 19:53:49 - mmengine - INFO - Epoch(train)  [7][3150/5000]  lr: 3.7812e-04  eta: 6:48:16  time: 0.8650  data_time: 0.0183  memory: 17759  grad_norm: 3.0609  loss: 1.3104  loss_heatmap: 0.3591  layer_-1_loss_cls: 0.0900  layer_-1_loss_bbox: 0.3965  matched_ious: 0.5334  aux_depth_loss: 0.4648  sec_per_iter: 1.0393  iters_per_sec: 0.9600  samples_per_sec: 15.3900  samples_per_sec_per_gpu: 3.8500  max_mem_allocated_mb: 664.7000  max_mem_reserved_mb: 22048.0000
2026/04/07 19:54:36 - mmengine - INFO - Epoch(train)  [7][3200/5000]  lr: 3.7728e-04  eta: 6:47:32  time: 0.9424  data_time: 0.0159  memory: 17874  grad_norm: 3.4517  loss: 1.3409  loss_heatmap: 0.3774  layer_-1_loss_cls: 0.0946  layer_-1_loss_bbox: 0.4002  matched_ious: 0.5743  aux_depth_loss: 0.4686  sec_per_iter: 1.0366  iters_per_sec: 0.9600  samples_per_sec: 15.4400  samples_per_sec_per_gpu: 3.8600  max_mem_allocated_mb: 664.7000  max_mem_reserved_mb: 22048.0000
2026/04/07 19:55:23 - mmengine - INFO - Epoch(train)  [7][3250/5000]  lr: 3.7643e-04  eta: 6:46:47  time: 0.9250  data_time: 0.0194  memory: 17764  grad_norm: 3.2234  loss: 1.3596  loss_heatmap: 0.3776  layer_-1_loss_cls: 0.0929  layer_-1_loss_bbox: 0.4239  matched_ious: 0.5570  aux_depth_loss: 0.4652  sec_per_iter: 1.0351  iters_per_sec: 0.9700  samples_per_sec: 15.4600  samples_per_sec_per_gpu: 3.8600  max_mem_allocated_mb: 664.7000  max_mem_reserved_mb: 22048.0000
2026/04/07 19:56:12 - mmengine - INFO - Epoch(train)  [7][3300/5000]  lr: 3.7558e-04  eta: 6:46:04  time: 0.9780  data_time: 0.0331  memory: 17746  grad_norm: 3.2291  loss: 1.3461  loss_heatmap: 0.3637  layer_-1_loss_cls: 0.0920  layer_-1_loss_bbox: 0.4283  matched_ious: 0.5773  aux_depth_loss: 0.4620  sec_per_iter: 1.0334  iters_per_sec: 0.9700  samples_per_sec: 15.4800  samples_per_sec_per_gpu: 3.8700  max_mem_allocated_mb: 664.7000  max_mem_reserved_mb: 22048.0000
2026/04/07 19:57:00 - mmengine - INFO - Epoch(train)  [7][3350/5000]  lr: 3.7473e-04  eta: 6:45:20  time: 0.9690  data_time: 0.0180  memory: 17702  grad_norm: 3.3984  loss: 1.2612  loss_heatmap: 0.3398  layer_-1_loss_cls: 0.0886  layer_-1_loss_bbox: 0.3709  matched_ious: 0.5582  aux_depth_loss: 0.4619  sec_per_iter: 1.0326  iters_per_sec: 0.9700  samples_per_sec: 15.5000  samples_per_sec_per_gpu: 3.8700  max_mem_allocated_mb: 664.7000  max_mem_reserved_mb: 22048.0000
2026/04/07 19:57:48 - mmengine - INFO - Epoch(train)  [7][3400/5000]  lr: 3.7388e-04  eta: 6:44:37  time: 0.9657  data_time: 0.0182  memory: 17760  grad_norm: 3.5149  loss: 1.3526  loss_heatmap: 0.3614  layer_-1_loss_cls: 0.0872  layer_-1_loss_bbox: 0.4260  matched_ious: 0.6202  aux_depth_loss: 0.4780  sec_per_iter: 1.0316  iters_per_sec: 0.9700  samples_per_sec: 15.5100  samples_per_sec_per_gpu: 3.8800  max_mem_allocated_mb: 664.7000  max_mem_reserved_mb: 22048.0000
2026/04/07 19:58:38 - mmengine - INFO - Epoch(train)  [7][3450/5000]  lr: 3.7303e-04  eta: 6:43:55  time: 0.9985  data_time: 0.0287  memory: 17858  grad_norm: 3.0518  loss: 1.2694  loss_heatmap: 0.3407  layer_-1_loss_cls: 0.0877  layer_-1_loss_bbox: 0.3717  matched_ious: 0.5730  aux_depth_loss: 0.4693  sec_per_iter: 1.0307  iters_per_sec: 0.9700  samples_per_sec: 15.5200  samples_per_sec_per_gpu: 3.8800  max_mem_allocated_mb: 664.7000  max_mem_reserved_mb: 22048.0000
2026/04/07 19:59:22 - mmengine - INFO - Epoch(train)  [7][3500/5000]  lr: 3.7217e-04  eta: 6:43:08  time: 0.8778  data_time: 0.0191  memory: 17673  grad_norm: 3.3692  loss: 1.3050  loss_heatmap: 0.3458  layer_-1_loss_cls: 0.0851  layer_-1_loss_bbox: 0.4042  matched_ious: 0.5920  aux_depth_loss: 0.4699  sec_per_iter: 1.0302  iters_per_sec: 0.9700  samples_per_sec: 15.5300  samples_per_sec_per_gpu: 3.8800  max_mem_allocated_mb: 664.7000  max_mem_reserved_mb: 22048.0000
2026/04/07 20:00:11 - mmengine - INFO - Epoch(train)  [7][3550/5000]  lr: 3.7132e-04  eta: 6:42:25  time: 0.9855  data_time: 0.0199  memory: 17668  grad_norm: 2.9325  loss: 1.2896  loss_heatmap: 0.3452  layer_-1_loss_cls: 0.0885  layer_-1_loss_bbox: 0.3954  matched_ious: 0.6007  aux_depth_loss: 0.4604  sec_per_iter: 1.0280  iters_per_sec: 0.9700  samples_per_sec: 15.5600  samples_per_sec_per_gpu: 3.8900  max_mem_allocated_mb: 664.7000  max_mem_reserved_mb: 22048.0000
2026/04/07 20:01:05 - mmengine - INFO - Epoch(train)  [7][3600/5000]  lr: 3.7046e-04  eta: 6:41:45  time: 1.0642  data_time: 0.0188  memory: 17720  grad_norm: 3.2911  loss: 1.3692  loss_heatmap: 0.3846  layer_-1_loss_cls: 0.0969  layer_-1_loss_bbox: 0.4222  matched_ious: 0.6163  aux_depth_loss: 0.4655  sec_per_iter: 1.0274  iters_per_sec: 0.9700  samples_per_sec: 15.5700  samples_per_sec_per_gpu: 3.8900  max_mem_allocated_mb: 664.7000  max_mem_reserved_mb: 22048.0000
2026/04/07 20:01:57 - mmengine - INFO - Epoch(train)  [7][3650/5000]  lr: 3.6960e-04  eta: 6:41:05  time: 1.0458  data_time: 0.0205  memory: 17830  grad_norm: 3.3425  loss: 1.2871  loss_heatmap: 0.3433  layer_-1_loss_cls: 0.0838  layer_-1_loss_bbox: 0.3952  matched_ious: 0.5687  aux_depth_loss: 0.4648  sec_per_iter: 1.0279  iters_per_sec: 0.9700  samples_per_sec: 15.5700  samples_per_sec_per_gpu: 3.8900  max_mem_allocated_mb: 664.7000  max_mem_reserved_mb: 22048.0000
2026/04/07 20:02:45 - mmengine - INFO - Epoch(train)  [7][3700/5000]  lr: 3.6873e-04  eta: 6:40:21  time: 0.9603  data_time: 0.0178  memory: 17813  grad_norm: 3.3278  loss: 1.3463  loss_heatmap: 0.3501  layer_-1_loss_cls: 0.0840  layer_-1_loss_bbox: 0.4431  matched_ious: 0.5721  aux_depth_loss: 0.4692  sec_per_iter: 1.0282  iters_per_sec: 0.9700  samples_per_sec: 15.5600  samples_per_sec_per_gpu: 3.8900  max_mem_allocated_mb: 664.7000  max_mem_reserved_mb: 22048.0000
2026/04/07 20:03:32 - mmengine - INFO - Epoch(train)  [7][3750/5000]  lr: 3.6787e-04  eta: 6:39:36  time: 0.9442  data_time: 0.0328  memory: 17734  grad_norm: 3.1338  loss: 1.3042  loss_heatmap: 0.3587  layer_-1_loss_cls: 0.0873  layer_-1_loss_bbox: 0.3909  matched_ious: 0.5329  aux_depth_loss: 0.4672  sec_per_iter: 1.0273  iters_per_sec: 0.9700  samples_per_sec: 15.5800  samples_per_sec_per_gpu: 3.8900  max_mem_allocated_mb: 664.7000  max_mem_reserved_mb: 22048.0000
2026/04/07 20:04:22 - mmengine - INFO - Epoch(train)  [7][3800/5000]  lr: 3.6700e-04  eta: 6:38:54  time: 1.0063  data_time: 0.0163  memory: 17750  grad_norm: 3.2696  loss: 1.3173  loss_heatmap: 0.3621  layer_-1_loss_cls: 0.0849  layer_-1_loss_bbox: 0.4039  matched_ious: 0.5515  aux_depth_loss: 0.4665  sec_per_iter: 1.0262  iters_per_sec: 0.9700  samples_per_sec: 15.5900  samples_per_sec_per_gpu: 3.9000  max_mem_allocated_mb: 664.7000  max_mem_reserved_mb: 22048.0000
2026/04/07 20:05:13 - mmengine - INFO - Epoch(train)  [7][3850/5000]  lr: 3.6613e-04  eta: 6:38:12  time: 1.0099  data_time: 0.0275  memory: 17679  grad_norm: 3.1001  loss: 1.3401  loss_heatmap: 0.3671  layer_-1_loss_cls: 0.0898  layer_-1_loss_bbox: 0.4296  matched_ious: 0.5819  aux_depth_loss: 0.4536  sec_per_iter: 1.0259  iters_per_sec: 0.9700  samples_per_sec: 15.6000  samples_per_sec_per_gpu: 3.9000  max_mem_allocated_mb: 664.7000  max_mem_reserved_mb: 22048.0000
2026/04/07 20:06:14 - mmengine - INFO - Epoch(train)  [7][3900/5000]  lr: 3.6526e-04  eta: 6:37:38  time: 1.2138  data_time: 0.0325  memory: 17720  grad_norm: 3.5805  loss: 1.2593  loss_heatmap: 0.3271  layer_-1_loss_cls: 0.0884  layer_-1_loss_bbox: 0.3794  matched_ious: 0.5041  aux_depth_loss: 0.4644  sec_per_iter: 1.0257  iters_per_sec: 0.9700  samples_per_sec: 15.6000  samples_per_sec_per_gpu: 3.9000  max_mem_allocated_mb: 664.7000  max_mem_reserved_mb: 22048.0000
2026/04/07 20:07:08 - mmengine - INFO - Epoch(train)  [7][3950/5000]  lr: 3.6439e-04  eta: 6:36:59  time: 1.0869  data_time: 0.0370  memory: 17847  grad_norm: 3.3104  loss: 1.3260  loss_heatmap: 0.3542  layer_-1_loss_cls: 0.0896  layer_-1_loss_bbox: 0.4106  matched_ious: 0.5545  aux_depth_loss: 0.4717  sec_per_iter: 1.0282  iters_per_sec: 0.9700  samples_per_sec: 15.5600  samples_per_sec_per_gpu: 3.8900  max_mem_allocated_mb: 664.7000  max_mem_reserved_mb: 22048.0000
2026/04/07 20:08:05 - mmengine - INFO - Exp name: zod_bevfusion_finetune_20260407_104526
2026/04/07 20:08:05 - mmengine - INFO - Epoch(train)  [7][4000/5000]  lr: 3.6352e-04  eta: 6:36:22  time: 1.1375  data_time: 0.0235  memory: 17845  grad_norm: 2.9822  loss: 1.2928  loss_heatmap: 0.3480  layer_-1_loss_cls: 0.0858  layer_-1_loss_bbox: 0.3996  matched_ious: 0.5406  aux_depth_loss: 0.4595  sec_per_iter: 1.0289  iters_per_sec: 0.9700  samples_per_sec: 15.5500  samples_per_sec_per_gpu: 3.8900  max_mem_allocated_mb: 664.7000  max_mem_reserved_mb: 22048.0000
2026/04/07 20:08:54 - mmengine - INFO - Epoch(train)  [7][4050/5000]  lr: 3.6264e-04  eta: 6:35:39  time: 0.9755  data_time: 0.0288  memory: 17677  grad_norm: 3.6663  loss: 1.3134  loss_heatmap: 0.3538  layer_-1_loss_cls: 0.0848  layer_-1_loss_bbox: 0.4111  matched_ious: 0.5172  aux_depth_loss: 0.4638  sec_per_iter: 1.0302  iters_per_sec: 0.9700  samples_per_sec: 15.5300  samples_per_sec_per_gpu: 3.8800  max_mem_allocated_mb: 664.7000  max_mem_reserved_mb: 22048.0000
2026/04/07 20:09:48 - mmengine - INFO - Epoch(train)  [7][4100/5000]  lr: 3.6176e-04  eta: 6:34:59  time: 1.0801  data_time: 0.0210  memory: 17809  grad_norm: 3.4139  loss: 1.2595  loss_heatmap: 0.3330  layer_-1_loss_cls: 0.0818  layer_-1_loss_bbox: 0.3848  matched_ious: 0.6227  aux_depth_loss: 0.4599  sec_per_iter: 1.0295  iters_per_sec: 0.9700  samples_per_sec: 15.5400  samples_per_sec_per_gpu: 3.8900  max_mem_allocated_mb: 664.7000  max_mem_reserved_mb: 22048.0000
2026/04/07 20:10:36 - mmengine - INFO - Epoch(train)  [7][4150/5000]  lr: 3.6088e-04  eta: 6:34:15  time: 0.9697  data_time: 0.0199  memory: 17671  grad_norm: 2.9537  loss: 1.3398  loss_heatmap: 0.3580  layer_-1_loss_cls: 0.0859  layer_-1_loss_bbox: 0.4237  matched_ious: 0.5554  aux_depth_loss: 0.4721  sec_per_iter: 1.0301  iters_per_sec: 0.9700  samples_per_sec: 15.5300  samples_per_sec_per_gpu: 3.8800  max_mem_allocated_mb: 664.7000  max_mem_reserved_mb: 22048.0000
2026/04/07 20:11:24 - mmengine - INFO - Epoch(train)  [7][4200/5000]  lr: 3.6000e-04  eta: 6:33:31  time: 0.9498  data_time: 0.0189  memory: 17785  grad_norm: 2.6825  loss: 1.2867  loss_heatmap: 0.3525  layer_-1_loss_cls: 0.0893  layer_-1_loss_bbox: 0.3892  matched_ious: 0.6029  aux_depth_loss: 0.4557  sec_per_iter: 1.0294  iters_per_sec: 0.9700  samples_per_sec: 15.5400  samples_per_sec_per_gpu: 3.8900  max_mem_allocated_mb: 664.7000  max_mem_reserved_mb: 22048.0000
2026/04/07 20:12:12 - mmengine - INFO - Epoch(train)  [7][4250/5000]  lr: 3.5912e-04  eta: 6:32:48  time: 0.9774  data_time: 0.0193  memory: 17824  grad_norm: 4.1698  loss: 1.3555  loss_heatmap: 0.3722  layer_-1_loss_cls: 0.0923  layer_-1_loss_bbox: 0.4087  matched_ious: 0.5248  aux_depth_loss: 0.4824  sec_per_iter: 1.0285  iters_per_sec: 0.9700  samples_per_sec: 15.5600  samples_per_sec_per_gpu: 3.8900  max_mem_allocated_mb: 664.7000  max_mem_reserved_mb: 22048.0000
2026/04/07 20:13:02 - mmengine - INFO - Epoch(train)  [7][4300/5000]  lr: 3.5824e-04  eta: 6:32:04  time: 0.9846  data_time: 0.0179  memory: 17768  grad_norm: 3.8090  loss: 1.3525  loss_heatmap: 0.3589  layer_-1_loss_cls: 0.0913  layer_-1_loss_bbox: 0.4173  matched_ious: 0.5519  aux_depth_loss: 0.4849  sec_per_iter: 1.0279  iters_per_sec: 0.9700  samples_per_sec: 15.5700  samples_per_sec_per_gpu: 3.8900  max_mem_allocated_mb: 664.7000  max_mem_reserved_mb: 22048.0000
2026/04/07 20:13:54 - mmengine - INFO - Epoch(train)  [7][4350/5000]  lr: 3.5735e-04  eta: 6:31:23  time: 1.0371  data_time: 0.0255  memory: 17817  grad_norm: 3.2195  loss: 1.3290  loss_heatmap: 0.3704  layer_-1_loss_cls: 0.0954  layer_-1_loss_bbox: 0.3974  matched_ious: 0.6006  aux_depth_loss: 0.4658  sec_per_iter: 1.0274  iters_per_sec: 0.9700  samples_per_sec: 15.5700  samples_per_sec_per_gpu: 3.8900  max_mem_allocated_mb: 664.7000  max_mem_reserved_mb: 22048.0000
2026/04/07 20:14:46 - mmengine - INFO - Epoch(train)  [7][4400/5000]  lr: 3.5646e-04  eta: 6:30:43  time: 1.0536  data_time: 0.0179  memory: 17829  grad_norm: 3.3836  loss: 1.3055  loss_heatmap: 0.3449  layer_-1_loss_cls: 0.0854  layer_-1_loss_bbox: 0.4177  matched_ious: 0.5741  aux_depth_loss: 0.4575  sec_per_iter: 1.0275  iters_per_sec: 0.9700  samples_per_sec: 15.5700  samples_per_sec_per_gpu: 3.8900  max_mem_allocated_mb: 664.7000  max_mem_reserved_mb: 22048.0000
2026/04/07 20:15:32 - mmengine - INFO - Epoch(train)  [7][4450/5000]  lr: 3.5557e-04  eta: 6:29:57  time: 0.9188  data_time: 0.0189  memory: 17883  grad_norm: 3.0088  loss: 1.2957  loss_heatmap: 0.3549  layer_-1_loss_cls: 0.0921  layer_-1_loss_bbox: 0.3934  matched_ious: 0.5564  aux_depth_loss: 0.4552  sec_per_iter: 1.0278  iters_per_sec: 0.9700  samples_per_sec: 15.5700  samples_per_sec_per_gpu: 3.8900  max_mem_allocated_mb: 664.7000  max_mem_reserved_mb: 22048.0000
2026/04/07 20:16:21 - mmengine - INFO - Epoch(train)  [7][4500/5000]  lr: 3.5468e-04  eta: 6:29:14  time: 0.9799  data_time: 0.0224  memory: 17836  grad_norm: inf  loss: 1.2944  loss_heatmap: 0.3432  layer_-1_loss_cls: 0.0870  layer_-1_loss_bbox: 0.4001  matched_ious: 0.5712  aux_depth_loss: 0.4641  sec_per_iter: 1.0266  iters_per_sec: 0.9700  samples_per_sec: 15.5800  samples_per_sec_per_gpu: 3.9000  max_mem_allocated_mb: 664.7000  max_mem_reserved_mb: 22048.0000
2026/04/07 20:17:07 - mmengine - INFO - Epoch(train)  [7][4550/5000]  lr: 3.5379e-04  eta: 6:28:28  time: 0.9172  data_time: 0.0325  memory: 17823  grad_norm: 3.4784  loss: 1.3013  loss_heatmap: 0.3577  layer_-1_loss_cls: 0.0908  layer_-1_loss_bbox: 0.3915  matched_ious: 0.5552  aux_depth_loss: 0.4614  sec_per_iter: 1.0260  iters_per_sec: 0.9700  samples_per_sec: 15.5900  samples_per_sec_per_gpu: 3.9000  max_mem_allocated_mb: 664.7000  max_mem_reserved_mb: 22048.0000
2026/04/07 20:17:50 - mmengine - INFO - Epoch(train)  [7][4600/5000]  lr: 3.5290e-04  eta: 6:27:40  time: 0.8682  data_time: 0.0152  memory: 17803  grad_norm: 3.6232  loss: 1.2718  loss_heatmap: 0.3353  layer_-1_loss_cls: 0.0847  layer_-1_loss_bbox: 0.3803  matched_ious: 0.4842  aux_depth_loss: 0.4715  sec_per_iter: 1.0248  iters_per_sec: 0.9800  samples_per_sec: 15.6100  samples_per_sec_per_gpu: 3.9000  max_mem_allocated_mb: 664.7000  max_mem_reserved_mb: 22048.0000
2026/04/07 20:18:39 - mmengine - INFO - Epoch(train)  [7][4650/5000]  lr: 3.5200e-04  eta: 6:26:56  time: 0.9664  data_time: 0.0287  memory: 17730  grad_norm: 3.4095  loss: 1.3687  loss_heatmap: 0.3614  layer_-1_loss_cls: 0.0886  layer_-1_loss_bbox: 0.4394  matched_ious: 0.5122  aux_depth_loss: 0.4794  sec_per_iter: 1.0231  iters_per_sec: 0.9800  samples_per_sec: 15.6400  samples_per_sec_per_gpu: 3.9100  max_mem_allocated_mb: 664.7000  max_mem_reserved_mb: 22048.0000
2026/04/07 20:19:29 - mmengine - INFO - Epoch(train)  [7][4700/5000]  lr: 3.5111e-04  eta: 6:26:14  time: 1.0141  data_time: 0.0217  memory: 17737  grad_norm: 3.5656  loss: 1.3673  loss_heatmap: 0.3724  layer_-1_loss_cls: 0.0905  layer_-1_loss_bbox: 0.4295  matched_ious: 0.5515  aux_depth_loss: 0.4750  sec_per_iter: 1.0225  iters_per_sec: 0.9800  samples_per_sec: 15.6500  samples_per_sec_per_gpu: 3.9100  max_mem_allocated_mb: 664.7000  max_mem_reserved_mb: 22048.0000
2026/04/07 20:20:22 - mmengine - INFO - Epoch(train)  [7][4750/5000]  lr: 3.5021e-04  eta: 6:25:33  time: 1.0482  data_time: 0.0237  memory: 17825  grad_norm: 3.7111  loss: 1.2786  loss_heatmap: 0.3373  layer_-1_loss_cls: 0.0839  layer_-1_loss_bbox: 0.3750  matched_ious: 0.5606  aux_depth_loss: 0.4825  sec_per_iter: 1.0224  iters_per_sec: 0.9800  samples_per_sec: 15.6500  samples_per_sec_per_gpu: 3.9100  max_mem_allocated_mb: 664.7000  max_mem_reserved_mb: 22048.0000
2026/04/07 20:21:10 - mmengine - INFO - Epoch(train)  [7][4800/5000]  lr: 3.4931e-04  eta: 6:24:49  time: 0.9627  data_time: 0.0176  memory: 17856  grad_norm: 3.3800  loss: 1.3176  loss_heatmap: 0.3625  layer_-1_loss_cls: 0.0879  layer_-1_loss_bbox: 0.4083  matched_ious: 0.5226  aux_depth_loss: 0.4589  sec_per_iter: 1.0227  iters_per_sec: 0.9800  samples_per_sec: 15.6400  samples_per_sec_per_gpu: 3.9100  max_mem_allocated_mb: 664.7000  max_mem_reserved_mb: 22048.0000
2026/04/07 20:22:02 - mmengine - INFO - Epoch(train)  [7][4850/5000]  lr: 3.4840e-04  eta: 6:24:07  time: 1.0298  data_time: 0.0255  memory: 17661  grad_norm: 3.5585  loss: 1.2685  loss_heatmap: 0.3350  layer_-1_loss_cls: 0.0854  layer_-1_loss_bbox: 0.3819  matched_ious: 0.5356  aux_depth_loss: 0.4663  sec_per_iter: 1.0221  iters_per_sec: 0.9800  samples_per_sec: 15.6500  samples_per_sec_per_gpu: 3.9100  max_mem_allocated_mb: 664.7000  max_mem_reserved_mb: 22048.0000
2026/04/07 20:22:48 - mmengine - INFO - Epoch(train)  [7][4900/5000]  lr: 3.4750e-04  eta: 6:23:22  time: 0.9239  data_time: 0.0157  memory: 17678  grad_norm: 3.5723  loss: 1.3312  loss_heatmap: 0.3685  layer_-1_loss_cls: 0.0933  layer_-1_loss_bbox: 0.4028  matched_ious: 0.5806  aux_depth_loss: 0.4666  sec_per_iter: 1.0222  iters_per_sec: 0.9800  samples_per_sec: 15.6500  samples_per_sec_per_gpu: 3.9100  max_mem_allocated_mb: 664.7000  max_mem_reserved_mb: 22048.0000
2026/04/07 20:23:30 - mmengine - INFO - Epoch(train)  [7][4950/5000]  lr: 3.4660e-04  eta: 6:22:33  time: 0.8405  data_time: 0.0158  memory: 17704  grad_norm: 2.9877  loss: 1.3181  loss_heatmap: 0.3682  layer_-1_loss_cls: 0.0922  layer_-1_loss_bbox: 0.4001  matched_ious: 0.6134  aux_depth_loss: 0.4575  sec_per_iter: 1.0212  iters_per_sec: 0.9800  samples_per_sec: 15.6700  samples_per_sec_per_gpu: 3.9200  max_mem_allocated_mb: 664.7000  max_mem_reserved_mb: 22048.0000
2026/04/07 20:24:14 - mmengine - INFO - Exp name: zod_bevfusion_finetune_20260407_104526
2026/04/07 20:24:14 - mmengine - INFO - Epoch(train)  [7][5000/5000]  lr: 3.4569e-04  eta: 6:21:46  time: 0.8811  data_time: 0.0155  memory: 17765  grad_norm: 2.7772  loss: 1.3092  loss_heatmap: 0.3370  layer_-1_loss_cls: 0.0829  layer_-1_loss_bbox: 0.4363  matched_ious: 0.5379  aux_depth_loss: 0.4530  sec_per_iter: 1.0193  iters_per_sec: 0.9800  samples_per_sec: 15.7000  samples_per_sec_per_gpu: 3.9200  max_mem_allocated_mb: 664.7000  max_mem_reserved_mb: 22048.0000
2026/04/07 20:24:14 - mmengine - INFO - [Efficiency] Epoch 7: wall=5089.9s  iters=5000  sec/iter=1.018  mem_alloc=665MB  mem_rsv=22048MB
2026/04/07 20:24:16 - mmengine - INFO - Saved /home/users/u103958/projects/multimodal-MoE/outputs/runs/zod_bevfusion_finetune/bevfusion-finetune_4456392/visualizations/bev_before_backbone_epoch_7.png
2026/04/07 20:24:16 - mmengine - INFO - Saved /home/users/u103958/projects/multimodal-MoE/outputs/runs/zod_bevfusion_finetune/bevfusion-finetune_4456392/visualizations/bev_after_fpn_epoch_7.png
2026/04/07 20:24:17 - mmengine - INFO - Saved /home/users/u103958/projects/multimodal-MoE/outputs/runs/zod_bevfusion_finetune/bevfusion-finetune_4456392/visualizations/bev_pred_vs_gt_epoch_7.png  (GT=16, pred=15, max_score=0.773)
2026/04/07 20:24:17 - mmengine - INFO - Saved /home/users/u103958/projects/multimodal-MoE/outputs/runs/zod_bevfusion_finetune/bevfusion-finetune_4456392/visualizations/bev_val_pred_vs_gt_epoch_7.png  (GT=25, pred=17, max_score=0.766)
2026/04/07 20:24:18 - mmengine - INFO - Saved /home/users/u103958/projects/multimodal-MoE/outputs/runs/zod_bevfusion_finetune/bevfusion-finetune_4456392/visualizations/camera_bev_features_epoch_7.png
2026/04/07 20:24:18 - mmengine - INFO - Saved /home/users/u103958/projects/multimodal-MoE/outputs/runs/zod_bevfusion_finetune/bevfusion-finetune_4456392/visualizations/fused_bev_features_epoch_7.png
2026/04/07 20:24:20 - mmengine - INFO - Saved /home/users/u103958/projects/multimodal-MoE/outputs/runs/zod_bevfusion_finetune/bevfusion-finetune_4456392/visualizations/depth_transform_diagnostic_epoch_7.png
2026/04/07 20:24:20 - mmengine - INFO - ========================================================================
2026/04/07 20:24:20 - mmengine - INFO -   DEPTH PROJECTION DEBUG — Sparse depth analysis
2026/04/07 20:24:20 - mmengine - INFO - ========================================================================
2026/04/07 20:24:20 - mmengine - INFO -   lidar2img  shape=(1, 4, 4)
2026/04/07 20:24:20 - mmengine - INFO -     [  622.2576  -478.3849    -1.9513 -1257.4954]
2026/04/07 20:24:20 - mmengine - INFO -     [ 350.0951    7.6426 -478.2796 -167.8321]
2026/04/07 20:24:20 - mmengine - INFO -     [ 1.      0.003   0.0074 -2.0314]
2026/04/07 20:24:20 - mmengine - INFO -     [0. 0. 0. 1.]
2026/04/07 20:24:20 - mmengine - INFO -   cam2img  shape=(1, 4, 4)
2026/04/07 20:24:20 - mmengine - INFO -     [480.324    0.     620.7651   0.    ]
2026/04/07 20:24:20 - mmengine - INFO -     [  0.     480.9149 346.5506   0.    ]
2026/04/07 20:24:20 - mmengine - INFO -     [0. 0. 1. 0.]
2026/04/07 20:24:20 - mmengine - INFO -     [0. 0. 0. 1.]
2026/04/07 20:24:20 - mmengine - INFO -   img_aug_matrix  shape=(1, 4, 4)
2026/04/07 20:24:20 - mmengine - INFO -     [1. 0. 0. 0.]
2026/04/07 20:24:20 - mmengine - INFO -     [0. 1. 0. 0.]
2026/04/07 20:24:20 - mmengine - INFO -     [0. 0. 1. 0.]
2026/04/07 20:24:20 - mmengine - INFO -     [0. 0. 0. 1.]
2026/04/07 20:24:20 - mmengine - INFO -   lidar_aug_matrix  shape=(4, 4)
2026/04/07 20:24:20 - mmengine - INFO -     [1. 0. 0. 0.]
2026/04/07 20:24:20 - mmengine - INFO -     [0. 1. 0. 0.]
2026/04/07 20:24:20 - mmengine - INFO -     [0. 0. 1. 0.]
2026/04/07 20:24:20 - mmengine - INFO -     [0. 0. 0. 1.]
2026/04/07 20:24:20 - mmengine - INFO -   img tensor shape: (1, 1, 3, 704, 1248)
2026/04/07 20:24:20 - mmengine - INFO -   points[0] shape:  (50570, 4)
2026/04/07 20:24:20 - mmengine - INFO -   image_size=[704, 1248]  feature_size=[88, 156]  D=178
2026/04/07 20:24:20 - mmengine - INFO -   projected: 50570 / 50570 on image
2026/04/07 20:24:20 - mmengine - INFO -   row min/max/mean: 226.9 / 703.6 / 382.4
2026/04/07 20:24:20 - mmengine - INFO - ------------------------------------------------------------------------
2026/04/07 20:24:20 - mmengine - INFO -   MULTI-HIT / OVERWRITE ANALYSIS (full-res depth map)
2026/04/07 20:24:20 - mmengine - INFO -   total LiDAR hits on image:     50570
2026/04/07 20:24:20 - mmengine - INFO -   unique pixels occupied:         45944
2026/04/07 20:24:20 - mmengine - INFO -   pixels with >1 hit:             4354
2026/04/07 20:24:20 - mmengine - INFO -   overwritten points (lost):      4626  (9.1%)
2026/04/07 20:24:20 - mmengine - INFO -   multi-hit max/mean:             4 / 2.1
2026/04/07 20:24:20 - mmengine - INFO -   full-res occupancy:             45944 / 878592 = 5.229%
2026/04/07 20:24:20 - mmengine - INFO - ------------------------------------------------------------------------
2026/04/07 20:24:20 - mmengine - INFO -   OCCUPANCY THROUGH DEPTH PIPELINE
2026/04/07 20:24:20 - mmengine - INFO -   sparse_depth (full-res):  (1, 1, 704, 1248)
2026/04/07 20:24:20 - mmengine - INFO -     nonzero: 156662 / 878592  (17.831%)
2026/04/07 20:24:20 - mmengine - INFO -     active rows: 479/704  cols: 1248/1248
2026/04/07 20:24:20 - mmengine - INFO -   dtransform output:        (1, 64, 88, 156)
2026/04/07 20:24:20 - mmengine - INFO -     active cells (any ch>0): 13728 / 13728  (100.00%)
2026/04/07 20:24:20 - mmengine - INFO -   img_features:             (1, 1, 256, 88, 156)
2026/04/07 20:24:20 - mmengine - INFO -   depthnet output:          (1, 258, 88, 156)
2026/04/07 20:24:20 - mmengine - INFO -   camera BEV:               (1, 80, 180, 180)
2026/04/07 20:24:23 - mmengine - INFO -   Saved /home/users/u103958/projects/multimodal-MoE/outputs/runs/zod_bevfusion_finetune/bevfusion-finetune_4456392/debug/sparse_depth_pipeline.png
2026/04/07 20:24:25 - mmengine - INFO -   Saved /home/users/u103958/projects/multimodal-MoE/outputs/runs/zod_bevfusion_finetune/bevfusion-finetune_4456392/debug/lidar_projection_overlay.png
2026/04/07 20:24:25 - mmengine - INFO - ========================================================================
2026/04/07 20:24:38 - mmengine - INFO - Epoch(val)  [7][  50/1250]    eta: 0:05:16  time: 0.2634  data_time: 0.0113  memory: 4874  
2026/04/07 20:24:50 - mmengine - INFO - Epoch(val)  [7][ 100/1250]    eta: 0:04:45  time: 0.2328  data_time: 0.0056  memory: 4880  
2026/04/07 20:25:02 - mmengine - INFO - Epoch(val)  [7][ 150/1250]    eta: 0:04:27  time: 0.2339  data_time: 0.0059  memory: 4883  
2026/04/07 20:25:14 - mmengine - INFO - Epoch(val)  [7][ 200/1250]    eta: 0:04:15  time: 0.2416  data_time: 0.0064  memory: 4880  
2026/04/07 20:25:26 - mmengine - INFO - Epoch(val)  [7][ 250/1250]    eta: 0:04:03  time: 0.2473  data_time: 0.0056  memory: 4870  
2026/04/07 20:25:39 - mmengine - INFO - Epoch(val)  [7][ 300/1250]    eta: 0:03:53  time: 0.2527  data_time: 0.0070  memory: 4878  
2026/04/07 20:25:52 - mmengine - INFO - Epoch(val)  [7][ 350/1250]    eta: 0:03:42  time: 0.2566  data_time: 0.0058  memory: 4880  
2026/04/07 20:26:04 - mmengine - INFO - Epoch(val)  [7][ 400/1250]    eta: 0:03:29  time: 0.2437  data_time: 0.0062  memory: 4870  
2026/04/07 20:26:17 - mmengine - INFO - Epoch(val)  [7][ 450/1250]    eta: 0:03:18  time: 0.2648  data_time: 0.0051  memory: 4874  
2026/04/07 20:26:31 - mmengine - INFO - Epoch(val)  [7][ 500/1250]    eta: 0:03:08  time: 0.2733  data_time: 0.0075  memory: 4873  
2026/04/07 20:26:43 - mmengine - INFO - Epoch(val)  [7][ 550/1250]    eta: 0:02:54  time: 0.2382  data_time: 0.0055  memory: 4873  
2026/04/07 20:26:56 - mmengine - INFO - Epoch(val)  [7][ 600/1250]    eta: 0:02:42  time: 0.2599  data_time: 0.0066  memory: 4878  
2026/04/07 20:27:09 - mmengine - INFO - Epoch(val)  [7][ 650/1250]    eta: 0:02:30  time: 0.2601  data_time: 0.0063  memory: 4878  
2026/04/07 20:27:21 - mmengine - INFO - Epoch(val)  [7][ 700/1250]    eta: 0:02:18  time: 0.2508  data_time: 0.0081  memory: 4874  
2026/04/07 20:27:34 - mmengine - INFO - Epoch(val)  [7][ 750/1250]    eta: 0:02:05  time: 0.2492  data_time: 0.0058  memory: 4876  
2026/04/07 20:27:46 - mmengine - INFO - Epoch(val)  [7][ 800/1250]    eta: 0:01:52  time: 0.2447  data_time: 0.0054  memory: 4871  
2026/04/07 20:27:58 - mmengine - INFO - Epoch(val)  [7][ 850/1250]    eta: 0:01:39  time: 0.2346  data_time: 0.0052  memory: 4876  
2026/04/07 20:28:10 - mmengine - INFO - Epoch(val)  [7][ 900/1250]    eta: 0:01:27  time: 0.2456  data_time: 0.0058  memory: 4881  
2026/04/07 20:28:22 - mmengine - INFO - Epoch(val)  [7][ 950/1250]    eta: 0:01:14  time: 0.2447  data_time: 0.0054  memory: 4877  
2026/04/07 20:28:35 - mmengine - INFO - Epoch(val)  [7][1000/1250]    eta: 0:01:02  time: 0.2535  data_time: 0.0052  memory: 4880  
2026/04/07 20:28:48 - mmengine - INFO - Epoch(val)  [7][1050/1250]    eta: 0:00:50  time: 0.2663  data_time: 0.0073  memory: 4880  
2026/04/07 20:29:00 - mmengine - INFO - Epoch(val)  [7][1100/1250]    eta: 0:00:37  time: 0.2333  data_time: 0.0052  memory: 4880  
2026/04/07 20:29:13 - mmengine - INFO - Epoch(val)  [7][1150/1250]    eta: 0:00:24  time: 0.2582  data_time: 0.0053  memory: 4875  
2026/04/07 20:29:25 - mmengine - INFO - Epoch(val)  [7][1200/1250]    eta: 0:00:12  time: 0.2455  data_time: 0.0053  memory: 4873  
2026/04/07 20:29:37 - mmengine - INFO - Epoch(val)  [7][1250/1250]    eta: 0:00:00  time: 0.2410  data_time: 0.0049  memory: 4877  
2026/04/07 20:30:56 - mmengine - INFO - 
+------------+---------+---------+---------+---------+
| classes    | AP_0.25 | AR_0.25 | AP_0.50 | AR_0.50 |
+------------+---------+---------+---------+---------+
| pedestrian | 0.7695  | 0.9346  | 0.5127  | 0.6906  |
+------------+---------+---------+---------+---------+
| Overall    | 0.7695  | 0.9346  | 0.5127  | 0.6906  |
+------------+---------+---------+---------+---------+
2026/04/07 20:31:26 - mmengine - INFO - 
+------------+---------+---------+---------+---------+---------+---------+---------+---------+
| classes    | AP_0.5m | AR_0.5m | AP_1.0m | AR_1.0m | AP_2.0m | AR_2.0m | AP_4.0m | AR_4.0m |
+------------+---------+---------+---------+---------+---------+---------+---------+---------+
| pedestrian | 0.7919  | 0.9648  | 0.8007  | 0.9723  | 0.8054  | 0.9764  | 0.8121  | 0.9824  |
+------------+---------+---------+---------+---------+---------+---------+---------+---------+
| Overall    | 0.7919  | 0.9648  | 0.8007  | 0.9723  | 0.8054  | 0.9764  | 0.8121  | 0.9824  |
+------------+---------+---------+---------+---------+---------+---------+---------+---------+
2026/04/07 20:31:28 - mmengine - INFO - Epoch(val) [7][1250/1250]    pedestrian_AP_0.25: 0.7695  mAP_0.25: 0.7695  pedestrian_rec_0.25: 0.9346  mAR_0.25: 0.9346  pedestrian_AP_0.50: 0.5127  mAP_0.50: 0.5127  pedestrian_rec_0.50: 0.6906  mAR_0.50: 0.6906  pedestrian_AP_0.5m: 0.7919  pedestrian_rec_0.5m: 0.9648  pedestrian_AP_1.0m: 0.8007  pedestrian_rec_1.0m: 0.9723  pedestrian_AP_2.0m: 0.8054  pedestrian_rec_2.0m: 0.9764  pedestrian_AP_4.0m: 0.8121  pedestrian_rec_4.0m: 0.9824  mAP_0.5m: 0.7919  mAR_0.5m: 0.9648  mAP_1.0m: 0.8007  mAR_1.0m: 0.9723  mAP_2.0m: 0.8054  mAR_2.0m: 0.9764  mAP_4.0m: 0.8121  mAR_4.0m: 0.9824  data_time: 0.0062  time: 0.2494
2026/04/07 20:32:22 - mmengine - INFO - Epoch(train)  [8][  50/5000]  lr: 3.4478e-04  eta: 6:21:06  time: 1.0674  data_time: 0.0542  memory: 17815  grad_norm: 3.2274  loss: 1.3131  loss_heatmap: 0.3515  layer_-1_loss_cls: 0.0856  layer_-1_loss_bbox: 0.4231  matched_ious: 0.5374  aux_depth_loss: 0.4529  sec_per_iter: 1.0180  iters_per_sec: 0.9800  samples_per_sec: 15.7200  samples_per_sec_per_gpu: 3.9300  max_mem_allocated_mb: 664.7000  max_mem_reserved_mb: 22048.0000
2026/04/07 20:33:07 - mmengine - INFO - Epoch(train)  [8][ 100/5000]  lr: 3.4387e-04  eta: 6:20:19  time: 0.8978  data_time: 0.0155  memory: 17789  grad_norm: 3.1834  loss: 1.2517  loss_heatmap: 0.3307  layer_-1_loss_cls: 0.0854  layer_-1_loss_bbox: 0.3696  matched_ious: 0.5338  aux_depth_loss: 0.4659  sec_per_iter: 1.0685  iters_per_sec: 0.9400  samples_per_sec: 14.9700  samples_per_sec_per_gpu: 3.7400  max_mem_allocated_mb: 664.7000  max_mem_reserved_mb: 22048.0000
2026/04/07 20:33:53 - mmengine - INFO - Epoch(train)  [8][ 150/5000]  lr: 3.4296e-04  eta: 6:19:33  time: 0.9158  data_time: 0.0156  memory: 17999  grad_norm: 3.9140  loss: 1.3481  loss_heatmap: 0.3615  layer_-1_loss_cls: 0.0837  layer_-1_loss_bbox: 0.4460  matched_ious: 0.5135  aux_depth_loss: 0.4569  sec_per_iter: 0.9832  iters_per_sec: 1.0200  samples_per_sec: 16.2700  samples_per_sec_per_gpu: 4.0700  max_mem_allocated_mb: 664.7000  max_mem_reserved_mb: 22048.0000
2026/04/07 20:34:39 - mmengine - INFO - Epoch(train)  [8][ 200/5000]  lr: 3.4205e-04  eta: 6:18:48  time: 0.9204  data_time: 0.0170  memory: 17838  grad_norm: 3.1700  loss: 1.3090  loss_heatmap: 0.3374  layer_-1_loss_cls: 0.0825  layer_-1_loss_bbox: 0.4309  matched_ious: 0.5698  aux_depth_loss: 0.4582  sec_per_iter: 0.9608  iters_per_sec: 1.0400  samples_per_sec: 16.6500  samples_per_sec_per_gpu: 4.1600  max_mem_allocated_mb: 664.7000  max_mem_reserved_mb: 22048.0000
2026/04/07 20:35:31 - mmengine - INFO - Epoch(train)  [8][ 250/5000]  lr: 3.4114e-04  eta: 6:18:07  time: 1.0512  data_time: 0.0266  memory: 17942  grad_norm: 3.4927  loss: 1.2561  loss_heatmap: 0.3289  layer_-1_loss_cls: 0.0818  layer_-1_loss_bbox: 0.3914  matched_ious: 0.6215  aux_depth_loss: 0.4540  sec_per_iter: 0.9506  iters_per_sec: 1.0500  samples_per_sec: 16.8300  samples_per_sec_per_gpu: 4.2100  max_mem_allocated_mb: 664.7000  max_mem_reserved_mb: 22048.0000
2026/04/07 20:36:23 - mmengine - INFO - Epoch(train)  [8][ 300/5000]  lr: 3.4022e-04  eta: 6:17:24  time: 1.0224  data_time: 0.0224  memory: 17807  grad_norm: 2.9730  loss: 1.2268  loss_heatmap: 0.3151  layer_-1_loss_cls: 0.0810  layer_-1_loss_bbox: 0.3766  matched_ious: 0.5976  aux_depth_loss: 0.4540  sec_per_iter: 0.9708  iters_per_sec: 1.0300  samples_per_sec: 16.4800  samples_per_sec_per_gpu: 4.1200  max_mem_allocated_mb: 664.7000  max_mem_reserved_mb: 22048.0000
2026/04/07 20:37:11 - mmengine - INFO - Epoch(train)  [8][ 350/5000]  lr: 3.3931e-04  eta: 6:16:40  time: 0.9646  data_time: 0.0296  memory: 17839  grad_norm: 3.2669  loss: 1.3084  loss_heatmap: 0.3430  layer_-1_loss_cls: 0.0818  layer_-1_loss_bbox: 0.4293  matched_ious: 0.6058  aux_depth_loss: 0.4543  sec_per_iter: 0.9799  iters_per_sec: 1.0200  samples_per_sec: 16.3300  samples_per_sec_per_gpu: 4.0800  max_mem_allocated_mb: 664.7000  max_mem_reserved_mb: 22048.0000
2026/04/07 20:37:59 - mmengine - INFO - Epoch(train)  [8][ 400/5000]  lr: 3.3839e-04  eta: 6:15:56  time: 0.9633  data_time: 0.0153  memory: 17851  grad_norm: 2.8366  loss: 1.2520  loss_heatmap: 0.3324  layer_-1_loss_cls: 0.0831  layer_-1_loss_bbox: 0.3929  matched_ious: 0.6046  aux_depth_loss: 0.4435  sec_per_iter: 0.9774  iters_per_sec: 1.0200  samples_per_sec: 16.3700  samples_per_sec_per_gpu: 4.0900  max_mem_allocated_mb: 664.7000  max_mem_reserved_mb: 22048.0000
2026/04/07 20:38:47 - mmengine - INFO - Epoch(train)  [8][ 450/5000]  lr: 3.3747e-04  eta: 6:15:12  time: 0.9597  data_time: 0.0228  memory: 17766  grad_norm: 2.9717  loss: 1.3182  loss_heatmap: 0.3517  layer_-1_loss_cls: 0.0844  layer_-1_loss_bbox: 0.4373  matched_ious: 0.5164  aux_depth_loss: 0.4448  sec_per_iter: 0.9757  iters_per_sec: 1.0200  samples_per_sec: 16.4000  samples_per_sec_per_gpu: 4.1000  max_mem_allocated_mb: 664.7000  max_mem_reserved_mb: 22048.0000
2026/04/07 20:39:34 - mmengine - INFO - Epoch(train)  [8][ 500/5000]  lr: 3.3655e-04  eta: 6:14:27  time: 0.9475  data_time: 0.0192  memory: 17840  grad_norm: 3.3348  loss: 1.2948  loss_heatmap: 0.3456  layer_-1_loss_cls: 0.0881  layer_-1_loss_bbox: 0.4138  matched_ious: 0.4622  aux_depth_loss: 0.4473  sec_per_iter: 0.9738  iters_per_sec: 1.0300  samples_per_sec: 16.4300  samples_per_sec_per_gpu: 4.1100  max_mem_allocated_mb: 664.7000  max_mem_reserved_mb: 22048.0000
2026/04/07 20:40:27 - mmengine - INFO - Epoch(train)  [8][ 550/5000]  lr: 3.3563e-04  eta: 6:13:45  time: 1.0475  data_time: 0.0273  memory: 17749  grad_norm: 3.3393  loss: 1.3352  loss_heatmap: 0.3691  layer_-1_loss_cls: 0.0885  layer_-1_loss_bbox: 0.4235  matched_ious: 0.5706  aux_depth_loss: 0.4541  sec_per_iter: 0.9712  iters_per_sec: 1.0300  samples_per_sec: 16.4700  samples_per_sec_per_gpu: 4.1200  max_mem_allocated_mb: 664.7000  max_mem_reserved_mb: 22048.0000
2026/04/07 20:41:13 - mmengine - INFO - Epoch(train)  [8][ 600/5000]  lr: 3.3470e-04  eta: 6:13:00  time: 0.9269  data_time: 0.0170  memory: 17787  grad_norm: 3.7255  loss: 1.2514  loss_heatmap: 0.3158  layer_-1_loss_cls: 0.0778  layer_-1_loss_bbox: 0.3866  matched_ious: 0.5886  aux_depth_loss: 0.4712  sec_per_iter: 0.9781  iters_per_sec: 1.0200  samples_per_sec: 16.3600  samples_per_sec_per_gpu: 4.0900  max_mem_allocated_mb: 664.7000  max_mem_reserved_mb: 22048.0000
2026/04/07 20:42:01 - mmengine - INFO - Epoch(train)  [8][ 650/5000]  lr: 3.3378e-04  eta: 6:12:15  time: 0.9561  data_time: 0.0170  memory: 17708  grad_norm: 2.9017  loss: 1.2673  loss_heatmap: 0.3198  layer_-1_loss_cls: 0.0805  layer_-1_loss_bbox: 0.4218  matched_ious: 0.5120  aux_depth_loss: 0.4452  sec_per_iter: 0.9739  iters_per_sec: 1.0300  samples_per_sec: 16.4300  samples_per_sec_per_gpu: 4.1100  max_mem_allocated_mb: 664.7000  max_mem_reserved_mb: 22048.0000
2026/04/07 20:42:48 - mmengine - INFO - Epoch(train)  [8][ 700/5000]  lr: 3.3285e-04  eta: 6:11:30  time: 0.9361  data_time: 0.0166  memory: 17909  grad_norm: 2.8021  loss: 1.2700  loss_heatmap: 0.3212  layer_-1_loss_cls: 0.0812  layer_-1_loss_bbox: 0.4079  matched_ious: 0.5769  aux_depth_loss: 0.4597  sec_per_iter: 0.9725  iters_per_sec: 1.0300  samples_per_sec: 16.4500  samples_per_sec_per_gpu: 4.1100  max_mem_allocated_mb: 664.7000  max_mem_reserved_mb: 22048.0000
2026/04/07 20:43:31 - mmengine - INFO - Epoch(train)  [8][ 750/5000]  lr: 3.3193e-04  eta: 6:10:43  time: 0.8730  data_time: 0.0167  memory: 17692  grad_norm: 3.1210  loss: 1.3072  loss_heatmap: 0.3532  layer_-1_loss_cls: 0.0881  layer_-1_loss_bbox: 0.4141  matched_ious: 0.5403  aux_depth_loss: 0.4517  sec_per_iter: 0.9699  iters_per_sec: 1.0300  samples_per_sec: 16.5000  samples_per_sec_per_gpu: 4.1200  max_mem_allocated_mb: 664.7000  max_mem_reserved_mb: 22048.0000
2026/04/07 20:44:21 - mmengine - INFO - Epoch(train)  [8][ 800/5000]  lr: 3.3100e-04  eta: 6:10:00  time: 0.9982  data_time: 0.0184  memory: 17729  grad_norm: 3.3760  loss: 1.2386  loss_heatmap: 0.3195  layer_-1_loss_cls: 0.0819  layer_-1_loss_bbox: 0.3837  matched_ious: 0.5737  aux_depth_loss: 0.4535  sec_per_iter: 0.9634  iters_per_sec: 1.0400  samples_per_sec: 16.6100  samples_per_sec_per_gpu: 4.1500  max_mem_allocated_mb: 664.7000  max_mem_reserved_mb: 22048.0000
2026/04/07 20:45:15 - mmengine - INFO - Epoch(train)  [8][ 850/5000]  lr: 3.3007e-04  eta: 6:09:19  time: 1.0730  data_time: 0.0257  memory: 17753  grad_norm: 3.9546  loss: 1.2128  loss_heatmap: 0.3052  layer_-1_loss_cls: 0.0770  layer_-1_loss_bbox: 0.3559  matched_ious: 0.6071  aux_depth_loss: 0.4747  sec_per_iter: 0.9656  iters_per_sec: 1.0400  samples_per_sec: 16.5700  samples_per_sec_per_gpu: 4.1400  max_mem_allocated_mb: 664.7000  max_mem_reserved_mb: 22048.0000
2026/04/07 20:46:07 - mmengine - INFO - Epoch(train)  [8][ 900/5000]  lr: 3.2914e-04  eta: 6:08:37  time: 1.0366  data_time: 0.0258  memory: 17914  grad_norm: 2.9533  loss: 1.2565  loss_heatmap: 0.3224  layer_-1_loss_cls: 0.0815  layer_-1_loss_bbox: 0.4024  matched_ious: 0.5653  aux_depth_loss: 0.4502  sec_per_iter: 0.9720  iters_per_sec: 1.0300  samples_per_sec: 16.4600  samples_per_sec_per_gpu: 4.1200  max_mem_allocated_mb: 664.7000  max_mem_reserved_mb: 22048.0000
2026/04/07 20:46:54 - mmengine - INFO - Epoch(train)  [8][ 950/5000]  lr: 3.2821e-04  eta: 6:07:52  time: 0.9426  data_time: 0.0296  memory: 17872  grad_norm: 4.0551  loss: 1.3196  loss_heatmap: 0.3330  layer_-1_loss_cls: 0.0828  layer_-1_loss_bbox: 0.4231  matched_ious: 0.5816  aux_depth_loss: 0.4807  sec_per_iter: 0.9756  iters_per_sec: 1.0300  samples_per_sec: 16.4000  samples_per_sec_per_gpu: 4.1000  max_mem_allocated_mb: 664.7000  max_mem_reserved_mb: 22048.0000
2026/04/07 20:47:42 - mmengine - INFO - Exp name: zod_bevfusion_finetune_20260407_104526
2026/04/07 20:47:42 - mmengine - INFO - Epoch(train)  [8][1000/5000]  lr: 3.2727e-04  eta: 6:07:08  time: 0.9669  data_time: 0.0166  memory: 17745  grad_norm: 3.9094  loss: 1.3204  loss_heatmap: 0.3469  layer_-1_loss_cls: 0.0890  layer_-1_loss_bbox: 0.4110  matched_ious: 0.5170  aux_depth_loss: 0.4736  sec_per_iter: 0.9738  iters_per_sec: 1.0300  samples_per_sec: 16.4300  samples_per_sec_per_gpu: 4.1100  max_mem_allocated_mb: 664.7000  max_mem_reserved_mb: 22048.0000
2026/04/07 20:48:30 - mmengine - INFO - Epoch(train)  [8][1050/5000]  lr: 3.2634e-04  eta: 6:06:23  time: 0.9515  data_time: 0.0154  memory: 17911  grad_norm: 3.1888  loss: 1.2550  loss_heatmap: 0.3281  layer_-1_loss_cls: 0.0860  layer_-1_loss_bbox: 0.3801  matched_ious: 0.5331  aux_depth_loss: 0.4608  sec_per_iter: 0.9734  iters_per_sec: 1.0300  samples_per_sec: 16.4400  samples_per_sec_per_gpu: 4.1100  max_mem_allocated_mb: 664.7000  max_mem_reserved_mb: 22048.0000
2026/04/07 20:49:16 - mmengine - INFO - Epoch(train)  [8][1100/5000]  lr: 3.2540e-04  eta: 6:05:38  time: 0.9275  data_time: 0.0197  memory: 17779  grad_norm: 3.3465  loss: 1.2811  loss_heatmap: 0.3332  layer_-1_loss_cls: 0.0837  layer_-1_loss_bbox: 0.4092  matched_ious: 0.5814  aux_depth_loss: 0.4550  sec_per_iter: 0.9724  iters_per_sec: 1.0300  samples_per_sec: 16.4500  samples_per_sec_per_gpu: 4.1100  max_mem_allocated_mb: 664.7000  max_mem_reserved_mb: 22048.0000
2026/04/07 20:49:59 - mmengine - INFO - Epoch(train)  [8][1150/5000]  lr: 3.2447e-04  eta: 6:04:49  time: 0.8523  data_time: 0.0194  memory: 17738  grad_norm: 3.0302  loss: 1.2332  loss_heatmap: 0.3232  layer_-1_loss_cls: 0.0799  layer_-1_loss_bbox: 0.3814  matched_ious: 0.5590  aux_depth_loss: 0.4487  sec_per_iter: 0.9704  iters_per_sec: 1.0300  samples_per_sec: 16.4900  samples_per_sec_per_gpu: 4.1200  max_mem_allocated_mb: 664.7000  max_mem_reserved_mb: 22048.0000
2026/04/07 20:50:47 - mmengine - INFO - Epoch(train)  [8][1200/5000]  lr: 3.2353e-04  eta: 6:04:05  time: 0.9611  data_time: 0.0171  memory: 17793  grad_norm: 3.1713  loss: 1.2793  loss_heatmap: 0.3512  layer_-1_loss_cls: 0.0866  layer_-1_loss_bbox: 0.3934  matched_ious: 0.5312  aux_depth_loss: 0.4481  sec_per_iter: 0.9653  iters_per_sec: 1.0400  samples_per_sec: 16.5800  samples_per_sec_per_gpu: 4.1400  max_mem_allocated_mb: 664.7000  max_mem_reserved_mb: 22048.0000
2026/04/07 20:51:34 - mmengine - INFO - Epoch(train)  [8][1250/5000]  lr: 3.2259e-04  eta: 6:03:20  time: 0.9427  data_time: 0.0184  memory: 17853  grad_norm: 3.5689  loss: 1.2572  loss_heatmap: 0.3244  layer_-1_loss_cls: 0.0802  layer_-1_loss_bbox: 0.3963  matched_ious: 0.5818  aux_depth_loss: 0.4563  sec_per_iter: 0.9651  iters_per_sec: 1.0400  samples_per_sec: 16.5800  samples_per_sec_per_gpu: 4.1400  max_mem_allocated_mb: 664.7000  max_mem_reserved_mb: 22048.0000
2026/04/07 20:52:24 - mmengine - INFO - Epoch(train)  [8][1300/5000]  lr: 3.2165e-04  eta: 6:02:36  time: 0.9920  data_time: 0.0177  memory: 17757  grad_norm: 3.6788  loss: 1.2721  loss_heatmap: 0.3345  layer_-1_loss_cls: 0.0793  layer_-1_loss_bbox: 0.3943  matched_ious: 0.6009  aux_depth_loss: 0.4639  sec_per_iter: 0.9642  iters_per_sec: 1.0400  samples_per_sec: 16.5900  samples_per_sec_per_gpu: 4.1500  max_mem_allocated_mb: 664.7000  max_mem_reserved_mb: 22048.0000
2026/04/07 20:53:18 - mmengine - INFO - Epoch(train)  [8][1350/5000]  lr: 3.2071e-04  eta: 6:01:56  time: 1.0944  data_time: 0.0321  memory: 17783  grad_norm: 3.3389  loss: 1.3325  loss_heatmap: 0.3560  layer_-1_loss_cls: 0.0869  layer_-1_loss_bbox: 0.4274  matched_ious: 0.5782  aux_depth_loss: 0.4622  sec_per_iter: 0.9655  iters_per_sec: 1.0400  samples_per_sec: 16.5700  samples_per_sec_per_gpu: 4.1400  max_mem_allocated_mb: 664.7000  max_mem_reserved_mb: 22048.0000
2026/04/07 20:54:06 - mmengine - INFO - Epoch(train)  [8][1400/5000]  lr: 3.1977e-04  eta: 6:01:11  time: 0.9473  data_time: 0.0329  memory: 17923  grad_norm: 3.5591  loss: 1.2788  loss_heatmap: 0.3274  layer_-1_loss_cls: 0.0784  layer_-1_loss_bbox: 0.4098  matched_ious: 0.5239  aux_depth_loss: 0.4631  sec_per_iter: 0.9701  iters_per_sec: 1.0300  samples_per_sec: 16.4900  samples_per_sec_per_gpu: 4.1200  max_mem_allocated_mb: 664.7000  max_mem_reserved_mb: 22048.0000
2026/04/07 20:54:53 - mmengine - INFO - Epoch(train)  [8][1450/5000]  lr: 3.1883e-04  eta: 6:00:26  time: 0.9491  data_time: 0.0229  memory: 17976  grad_norm: 3.0237  loss: 1.2527  loss_heatmap: 0.3198  layer_-1_loss_cls: 0.0848  layer_-1_loss_bbox: 0.3964  matched_ious: 0.5259  aux_depth_loss: 0.4517  sec_per_iter: 0.9694  iters_per_sec: 1.0300  samples_per_sec: 16.5100  samples_per_sec_per_gpu: 4.1300  max_mem_allocated_mb: 664.7000  max_mem_reserved_mb: 22048.0000
2026/04/07 20:55:41 - mmengine - INFO - Epoch(train)  [8][1500/5000]  lr: 3.1788e-04  eta: 5:59:42  time: 0.9592  data_time: 0.0216  memory: 17715  grad_norm: 3.5472  loss: 1.2805  loss_heatmap: 0.3397  layer_-1_loss_cls: 0.0844  layer_-1_loss_bbox: 0.4067  matched_ious: 0.5675  aux_depth_loss: 0.4497  sec_per_iter: 0.9686  iters_per_sec: 1.0300  samples_per_sec: 16.5200  samples_per_sec_per_gpu: 4.1300  max_mem_allocated_mb: 664.7000  max_mem_reserved_mb: 22048.0000
2026/04/07 20:56:30 - mmengine - INFO - Epoch(train)  [8][1550/5000]  lr: 3.1694e-04  eta: 5:58:57  time: 0.9672  data_time: 0.0254  memory: 17841  grad_norm: nan  loss: 1.3187  loss_heatmap: 0.3534  layer_-1_loss_cls: 0.0861  layer_-1_loss_bbox: 0.4267  matched_ious: 0.5202  aux_depth_loss: 0.4525  sec_per_iter: 0.9682  iters_per_sec: 1.0300  samples_per_sec: 16.5300  samples_per_sec_per_gpu: 4.1300  max_mem_allocated_mb: 664.7000  max_mem_reserved_mb: 22048.0000
2026/04/07 20:57:27 - mmengine - INFO - Epoch(train)  [8][1600/5000]  lr: 3.1599e-04  eta: 5:58:19  time: 1.1542  data_time: 0.0217  memory: 17699  grad_norm: 3.6491  loss: 1.2756  loss_heatmap: 0.3355  layer_-1_loss_cls: 0.0865  layer_-1_loss_bbox: 0.3957  matched_ious: 0.5207  aux_depth_loss: 0.4578  sec_per_iter: 0.9683  iters_per_sec: 1.0300  samples_per_sec: 16.5200  samples_per_sec_per_gpu: 4.1300  max_mem_allocated_mb: 664.7000  max_mem_reserved_mb: 22048.0000
2026/04/07 20:58:24 - mmengine - INFO - Epoch(train)  [8][1650/5000]  lr: 3.1504e-04  eta: 5:57:40  time: 1.1358  data_time: 0.0233  memory: 17819  grad_norm: 2.6255  loss: 1.3015  loss_heatmap: 0.3492  layer_-1_loss_cls: 0.0841  layer_-1_loss_bbox: 0.4132  matched_ious: 0.5789  aux_depth_loss: 0.4549  sec_per_iter: 0.9740  iters_per_sec: 1.0300  samples_per_sec: 16.4300  samples_per_sec_per_gpu: 4.1100  max_mem_allocated_mb: 664.7000  max_mem_reserved_mb: 22048.0000
2026/04/07 20:59:11 - mmengine - INFO - Epoch(train)  [8][1700/5000]  lr: 3.1409e-04  eta: 5:56:54  time: 0.9324  data_time: 0.0198  memory: 17782  grad_norm: 3.2423  loss: 1.2365  loss_heatmap: 0.3263  layer_-1_loss_cls: 0.0784  layer_-1_loss_bbox: 0.3857  matched_ious: 0.6054  aux_depth_loss: 0.4463  sec_per_iter: 0.9790  iters_per_sec: 1.0200  samples_per_sec: 16.3400  samples_per_sec_per_gpu: 4.0900  max_mem_allocated_mb: 664.7000  max_mem_reserved_mb: 22048.0000
2026/04/07 20:59:59 - mmengine - INFO - Epoch(train)  [8][1750/5000]  lr: 3.1314e-04  eta: 5:56:10  time: 0.9748  data_time: 0.0161  memory: 17765  grad_norm: 3.3884  loss: 1.2434  loss_heatmap: 0.3219  layer_-1_loss_cls: 0.0834  layer_-1_loss_bbox: 0.3898  matched_ious: 0.5709  aux_depth_loss: 0.4483  sec_per_iter: 0.9776  iters_per_sec: 1.0200  samples_per_sec: 16.3700  samples_per_sec_per_gpu: 4.0900  max_mem_allocated_mb: 664.7000  max_mem_reserved_mb: 22048.0000
2026/04/07 21:00:46 - mmengine - INFO - Epoch(train)  [8][1800/5000]  lr: 3.1219e-04  eta: 5:55:25  time: 0.9325  data_time: 0.0162  memory: 17877  grad_norm: 3.2559  loss: 1.1996  loss_heatmap: 0.3061  layer_-1_loss_cls: 0.0757  layer_-1_loss_bbox: 0.3677  matched_ious: 0.5272  aux_depth_loss: 0.4502  sec_per_iter: 0.9775  iters_per_sec: 1.0200  samples_per_sec: 16.3700  samples_per_sec_per_gpu: 4.0900  max_mem_allocated_mb: 664.7000  max_mem_reserved_mb: 22048.0000
2026/04/07 21:01:40 - mmengine - INFO - Epoch(train)  [8][1850/5000]  lr: 3.1124e-04  eta: 5:54:44  time: 1.0901  data_time: 0.0237  memory: 17805  grad_norm: 3.6042  loss: 1.3181  loss_heatmap: 0.3565  layer_-1_loss_cls: 0.0854  layer_-1_loss_bbox: 0.4209  matched_ious: 0.5088  aux_depth_loss: 0.4553  sec_per_iter: 0.9762  iters_per_sec: 1.0200  samples_per_sec: 16.3900  samples_per_sec_per_gpu: 4.1000  max_mem_allocated_mb: 664.7000  max_mem_reserved_mb: 22048.0000
2026/04/07 21:02:28 - mmengine - INFO - Epoch(train)  [8][1900/5000]  lr: 3.1029e-04  eta: 5:53:59  time: 0.9603  data_time: 0.0193  memory: 17798  grad_norm: 3.8155  loss: 1.2610  loss_heatmap: 0.3229  layer_-1_loss_cls: 0.0767  layer_-1_loss_bbox: 0.3987  matched_ious: 0.5925  aux_depth_loss: 0.4628  sec_per_iter: 0.9793  iters_per_sec: 1.0200  samples_per_sec: 16.3400  samples_per_sec_per_gpu: 4.0800  max_mem_allocated_mb: 664.7000  max_mem_reserved_mb: 22048.0000
2026/04/07 21:03:12 - mmengine - INFO - Epoch(train)  [8][1950/5000]  lr: 3.0934e-04  eta: 5:53:12  time: 0.8713  data_time: 0.0169  memory: 17717  grad_norm: 3.3099  loss: 1.3483  loss_heatmap: 0.3569  layer_-1_loss_cls: 0.0835  layer_-1_loss_bbox: 0.4430  matched_ious: 0.5725  aux_depth_loss: 0.4649  sec_per_iter: 0.9788  iters_per_sec: 1.0200  samples_per_sec: 16.3500  samples_per_sec_per_gpu: 4.0900  max_mem_allocated_mb: 664.7000  max_mem_reserved_mb: 22048.0000
2026/04/07 21:03:56 - mmengine - INFO - Exp name: zod_bevfusion_finetune_20260407_104526
2026/04/07 21:03:56 - mmengine - INFO - Epoch(train)  [8][2000/5000]  lr: 3.0838e-04  eta: 5:52:25  time: 0.8796  data_time: 0.0152  memory: 17735  grad_norm: 3.3457  loss: 1.2032  loss_heatmap: 0.2983  layer_-1_loss_cls: 0.0745  layer_-1_loss_bbox: 0.3756  matched_ious: 0.5730  aux_depth_loss: 0.4548  sec_per_iter: 0.9760  iters_per_sec: 1.0200  samples_per_sec: 16.3900  samples_per_sec_per_gpu: 4.1000  max_mem_allocated_mb: 664.7000  max_mem_reserved_mb: 22048.0000
2026/04/07 21:04:43 - mmengine - INFO - Epoch(train)  [8][2050/5000]  lr: 3.0743e-04  eta: 5:51:39  time: 0.9318  data_time: 0.0167  memory: 17945  grad_norm: 3.5788  loss: 1.2865  loss_heatmap: 0.3410  layer_-1_loss_cls: 0.0846  layer_-1_loss_bbox: 0.4058  matched_ious: 0.5352  aux_depth_loss: 0.4551  sec_per_iter: 0.9736  iters_per_sec: 1.0300  samples_per_sec: 16.4300  samples_per_sec_per_gpu: 4.1100  max_mem_allocated_mb: 664.7000  max_mem_reserved_mb: 22048.0000
2026/04/07 21:05:31 - mmengine - INFO - Epoch(train)  [8][2100/5000]  lr: 3.0647e-04  eta: 5:50:55  time: 0.9668  data_time: 0.0283  memory: 17736  grad_norm: 3.8415  loss: 1.2590  loss_heatmap: 0.3249  layer_-1_loss_cls: 0.0817  layer_-1_loss_bbox: 0.3911  matched_ious: 0.5766  aux_depth_loss: 0.4612  sec_per_iter: 0.9726  iters_per_sec: 1.0300  samples_per_sec: 16.4500  samples_per_sec_per_gpu: 4.1100  max_mem_allocated_mb: 664.7000  max_mem_reserved_mb: 22048.0000
2026/04/07 21:06:19 - mmengine - INFO - Epoch(train)  [8][2150/5000]  lr: 3.0551e-04  eta: 5:50:10  time: 0.9514  data_time: 0.0156  memory: 17735  grad_norm: 2.7378  loss: 1.2302  loss_heatmap: 0.3185  layer_-1_loss_cls: 0.0812  layer_-1_loss_bbox: 0.3822  matched_ious: 0.5629  aux_depth_loss: 0.4482  sec_per_iter: 0.9725  iters_per_sec: 1.0300  samples_per_sec: 16.4500  samples_per_sec_per_gpu: 4.1100  max_mem_allocated_mb: 664.7000  max_mem_reserved_mb: 22048.0000
2026/04/07 21:07:08 - mmengine - INFO - Epoch(train)  [8][2200/5000]  lr: 3.0456e-04  eta: 5:49:26  time: 0.9845  data_time: 0.0386  memory: 17728  grad_norm: 2.9241  loss: 1.2141  loss_heatmap: 0.3257  layer_-1_loss_cls: 0.0826  layer_-1_loss_bbox: 0.3696  matched_ious: 0.5748  aux_depth_loss: 0.4363  sec_per_iter: 0.9720  iters_per_sec: 1.0300  samples_per_sec: 16.4600  samples_per_sec_per_gpu: 4.1200  max_mem_allocated_mb: 664.7000  max_mem_reserved_mb: 22048.0000
2026/04/07 21:07:55 - mmengine - INFO - Epoch(train)  [8][2250/5000]  lr: 3.0360e-04  eta: 5:48:41  time: 0.9496  data_time: 0.0178  memory: 17812  grad_norm: 2.8288  loss: 1.2585  loss_heatmap: 0.3228  layer_-1_loss_cls: 0.0794  layer_-1_loss_bbox: 0.4129  matched_ious: 0.5646  aux_depth_loss: 0.4434  sec_per_iter: 0.9723  iters_per_sec: 1.0300  samples_per_sec: 16.4600  samples_per_sec_per_gpu: 4.1100  max_mem_allocated_mb: 664.7000  max_mem_reserved_mb: 22048.0000
2026/04/07 21:08:41 - mmengine - INFO - Epoch(train)  [8][2300/5000]  lr: 3.0264e-04  eta: 5:47:54  time: 0.9074  data_time: 0.0145  memory: 17706  grad_norm: 3.0228  loss: 1.2216  loss_heatmap: 0.3123  layer_-1_loss_cls: 0.0793  layer_-1_loss_bbox: 0.3838  matched_ious: 0.5091  aux_depth_loss: 0.4461  sec_per_iter: 0.9718  iters_per_sec: 1.0300  samples_per_sec: 16.4600  samples_per_sec_per_gpu: 4.1200  max_mem_allocated_mb: 664.7000  max_mem_reserved_mb: 22048.0000
2026/04/07 21:09:26 - mmengine - INFO - Epoch(train)  [8][2350/5000]  lr: 3.0168e-04  eta: 5:47:08  time: 0.8982  data_time: 0.0152  memory: 17869  grad_norm: 2.9111  loss: 1.2262  loss_heatmap: 0.3217  layer_-1_loss_cls: 0.0790  layer_-1_loss_bbox: 0.3866  matched_ious: 0.5557  aux_depth_loss: 0.4388  sec_per_iter: 0.9704  iters_per_sec: 1.0300  samples_per_sec: 16.4900  samples_per_sec_per_gpu: 4.1200  max_mem_allocated_mb: 664.7000  max_mem_reserved_mb: 22048.0000
2026/04/07 21:10:10 - mmengine - INFO - Epoch(train)  [8][2400/5000]  lr: 3.0072e-04  eta: 5:46:21  time: 0.8888  data_time: 0.0143  memory: 17697  grad_norm: 3.4412  loss: 1.2370  loss_heatmap: 0.3133  layer_-1_loss_cls: 0.0779  layer_-1_loss_bbox: 0.3969  matched_ious: 0.5905  aux_depth_loss: 0.4489  sec_per_iter: 0.9688  iters_per_sec: 1.0300  samples_per_sec: 16.5100  samples_per_sec_per_gpu: 4.1300  max_mem_allocated_mb: 664.7000  max_mem_reserved_mb: 22048.0000
2026/04/07 21:10:54 - mmengine - INFO - Epoch(train)  [8][2450/5000]  lr: 2.9976e-04  eta: 5:45:34  time: 0.8808  data_time: 0.0142  memory: 17876  grad_norm: 3.6481  loss: 1.2996  loss_heatmap: 0.3473  layer_-1_loss_cls: 0.0820  layer_-1_loss_bbox: 0.4193  matched_ious: 0.5108  aux_depth_loss: 0.4510  sec_per_iter: 0.9672  iters_per_sec: 1.0300  samples_per_sec: 16.5400  samples_per_sec_per_gpu: 4.1400  max_mem_allocated_mb: 664.7000  max_mem_reserved_mb: 22048.0000
2026/04/07 21:11:44 - mmengine - INFO - Epoch(train)  [8][2500/5000]  lr: 2.9879e-04  eta: 5:44:50  time: 0.9976  data_time: 0.0179  memory: 17766  grad_norm: 3.4940  loss: 1.2596  loss_heatmap: 0.3281  layer_-1_loss_cls: 0.0802  layer_-1_loss_bbox: 0.3999  matched_ious: 0.5480  aux_depth_loss: 0.4514  sec_per_iter: 0.9654  iters_per_sec: 1.0400  samples_per_sec: 16.5700  samples_per_sec_per_gpu: 4.1400  max_mem_allocated_mb: 664.7000  max_mem_reserved_mb: 22048.0000
2026/04/07 21:12:37 - mmengine - INFO - Epoch(train)  [8][2550/5000]  lr: 2.9783e-04  eta: 5:44:08  time: 1.0660  data_time: 0.0268  memory: 17958  grad_norm: 3.5036  loss: 1.2667  loss_heatmap: 0.3327  layer_-1_loss_cls: 0.0783  layer_-1_loss_bbox: 0.4035  matched_ious: 0.5941  aux_depth_loss: 0.4522  sec_per_iter: 0.9661  iters_per_sec: 1.0400  samples_per_sec: 16.5600  samples_per_sec_per_gpu: 4.1400  max_mem_allocated_mb: 664.7000  max_mem_reserved_mb: 22048.0000
2026/04/07 21:13:22 - mmengine - INFO - Epoch(train)  [8][2600/5000]  lr: 2.9687e-04  eta: 5:43:22  time: 0.8967  data_time: 0.0183  memory: 17753  grad_norm: 3.4185  loss: 1.2145  loss_heatmap: 0.3151  layer_-1_loss_cls: 0.0812  layer_-1_loss_bbox: 0.3642  matched_ious: 0.5675  aux_depth_loss: 0.4540  sec_per_iter: 0.9680  iters_per_sec: 1.0300  samples_per_sec: 16.5300  samples_per_sec_per_gpu: 4.1300  max_mem_allocated_mb: 664.7000  max_mem_reserved_mb: 22048.0000
2026/04/07 21:14:04 - mmengine - INFO - Epoch(train)  [8][2650/5000]  lr: 2.9590e-04  eta: 5:42:33  time: 0.8443  data_time: 0.0128  memory: 17779  grad_norm: 2.9619  loss: 1.2302  loss_heatmap: 0.3271  layer_-1_loss_cls: 0.0868  layer_-1_loss_bbox: 0.3789  matched_ious: 0.5625  aux_depth_loss: 0.4374  sec_per_iter: 0.9666  iters_per_sec: 1.0300  samples_per_sec: 16.5500  samples_per_sec_per_gpu: 4.1400  max_mem_allocated_mb: 664.7000  max_mem_reserved_mb: 22048.0000
2026/04/07 21:14:46 - mmengine - INFO - Epoch(train)  [8][2700/5000]  lr: 2.9494e-04  eta: 5:41:45  time: 0.8387  data_time: 0.0146  memory: 17944  grad_norm: 3.4812  loss: 1.2481  loss_heatmap: 0.3279  layer_-1_loss_cls: 0.0809  layer_-1_loss_bbox: 0.3847  matched_ious: 0.5685  aux_depth_loss: 0.4546  sec_per_iter: 0.9644  iters_per_sec: 1.0400  samples_per_sec: 16.5900  samples_per_sec_per_gpu: 4.1500  max_mem_allocated_mb: 664.7000  max_mem_reserved_mb: 22048.0000
2026/04/07 21:15:29 - mmengine - INFO - Epoch(train)  [8][2750/5000]  lr: 2.9397e-04  eta: 5:40:57  time: 0.8636  data_time: 0.0179  memory: 17880  grad_norm: 3.3128  loss: 1.2357  loss_heatmap: 0.3120  layer_-1_loss_cls: 0.0755  layer_-1_loss_bbox: 0.3994  matched_ious: 0.5326  aux_depth_loss: 0.4489  sec_per_iter: 0.9620  iters_per_sec: 1.0400  samples_per_sec: 16.6300  samples_per_sec_per_gpu: 4.1600  max_mem_allocated_mb: 664.7000  max_mem_reserved_mb: 22048.0000
2026/04/07 21:16:12 - mmengine - INFO - Epoch(train)  [8][2800/5000]  lr: 2.9300e-04  eta: 5:40:10  time: 0.8565  data_time: 0.0171  memory: 17836  grad_norm: 3.4944  loss: 1.2609  loss_heatmap: 0.3348  layer_-1_loss_cls: 0.0820  layer_-1_loss_bbox: 0.3905  matched_ious: 0.5850  aux_depth_loss: 0.4537  sec_per_iter: 0.9602  iters_per_sec: 1.0400  samples_per_sec: 16.6600  samples_per_sec_per_gpu: 4.1700  max_mem_allocated_mb: 664.7000  max_mem_reserved_mb: 22048.0000
2026/04/07 21:16:55 - mmengine - INFO - Epoch(train)  [8][2850/5000]  lr: 2.9204e-04  eta: 5:39:22  time: 0.8479  data_time: 0.0155  memory: 17746  grad_norm: 3.2171  loss: 1.2099  loss_heatmap: 0.3134  layer_-1_loss_cls: 0.0784  layer_-1_loss_bbox: 0.3670  matched_ious: 0.6291  aux_depth_loss: 0.4512  sec_per_iter: 0.9584  iters_per_sec: 1.0400  samples_per_sec: 16.6900  samples_per_sec_per_gpu: 4.1700  max_mem_allocated_mb: 664.7000  max_mem_reserved_mb: 22048.0000
2026/04/07 21:17:39 - mmengine - INFO - Epoch(train)  [8][2900/5000]  lr: 2.9107e-04  eta: 5:38:34  time: 0.8789  data_time: 0.0162  memory: 17714  grad_norm: 2.9518  loss: 1.2543  loss_heatmap: 0.3210  layer_-1_loss_cls: 0.0807  layer_-1_loss_bbox: 0.4120  matched_ious: 0.5629  aux_depth_loss: 0.4407  sec_per_iter: 0.9565  iters_per_sec: 1.0500  samples_per_sec: 16.7300  samples_per_sec_per_gpu: 4.1800  max_mem_allocated_mb: 664.7000  max_mem_reserved_mb: 22048.0000
2026/04/07 21:18:23 - mmengine - INFO - Epoch(train)  [8][2950/5000]  lr: 2.9010e-04  eta: 5:37:48  time: 0.8924  data_time: 0.0156  memory: 17799  grad_norm: 3.2229  loss: 1.2859  loss_heatmap: 0.3331  layer_-1_loss_cls: 0.0799  layer_-1_loss_bbox: 0.4274  matched_ious: 0.5594  aux_depth_loss: 0.4454  sec_per_iter: 0.9551  iters_per_sec: 1.0500  samples_per_sec: 16.7500  samples_per_sec_per_gpu: 4.1900  max_mem_allocated_mb: 664.7000  max_mem_reserved_mb: 22048.0000
2026/04/07 21:19:06 - mmengine - INFO - Exp name: zod_bevfusion_finetune_20260407_104526
2026/04/07 21:19:06 - mmengine - INFO - Epoch(train)  [8][3000/5000]  lr: 2.8913e-04  eta: 5:37:00  time: 0.8536  data_time: 0.0135  memory: 18031  grad_norm: 2.7077  loss: 1.2075  loss_heatmap: 0.3148  layer_-1_loss_cls: 0.0778  layer_-1_loss_bbox: 0.3801  matched_ious: 0.5810  aux_depth_loss: 0.4348  sec_per_iter: 0.9540  iters_per_sec: 1.0500  samples_per_sec: 16.7700  samples_per_sec_per_gpu: 4.1900  max_mem_allocated_mb: 664.7000  max_mem_reserved_mb: 22048.0000
2026/04/07 21:19:48 - mmengine - INFO - Epoch(train)  [8][3050/5000]  lr: 2.8816e-04  eta: 5:36:12  time: 0.8415  data_time: 0.0153  memory: 17599  grad_norm: 3.7644  loss: 1.2843  loss_heatmap: 0.3271  layer_-1_loss_cls: 0.0795  layer_-1_loss_bbox: 0.4271  matched_ious: 0.5135  aux_depth_loss: 0.4506  sec_per_iter: 0.9524  iters_per_sec: 1.0500  samples_per_sec: 16.8000  samples_per_sec_per_gpu: 4.2000  max_mem_allocated_mb: 664.7000  max_mem_reserved_mb: 22048.0000
2026/04/07 21:20:29 - mmengine - INFO - Epoch(train)  [8][3100/5000]  lr: 2.8719e-04  eta: 5:35:23  time: 0.8271  data_time: 0.0162  memory: 17775  grad_norm: 3.3115  loss: 1.2468  loss_heatmap: 0.3354  layer_-1_loss_cls: 0.0827  layer_-1_loss_bbox: 0.3859  matched_ious: 0.5409  aux_depth_loss: 0.4427  sec_per_iter: 0.9506  iters_per_sec: 1.0500  samples_per_sec: 16.8300  samples_per_sec_per_gpu: 4.2100  max_mem_allocated_mb: 664.7000  max_mem_reserved_mb: 22048.0000
2026/04/07 21:21:20 - mmengine - INFO - Epoch(train)  [8][3150/5000]  lr: 2.8622e-04  eta: 5:34:40  time: 1.0211  data_time: 0.0241  memory: 17789  grad_norm: 3.2364  loss: 1.2386  loss_heatmap: 0.3315  layer_-1_loss_cls: 0.0854  layer_-1_loss_bbox: 0.3791  matched_ious: 0.5724  aux_depth_loss: 0.4426  sec_per_iter: 0.9486  iters_per_sec: 1.0500  samples_per_sec: 16.8700  samples_per_sec_per_gpu: 4.2200  max_mem_allocated_mb: 664.7000  max_mem_reserved_mb: 22048.0000
2026/04/07 21:22:06 - mmengine - INFO - Epoch(train)  [8][3200/5000]  lr: 2.8525e-04  eta: 5:33:54  time: 0.9069  data_time: 0.0172  memory: 17779  grad_norm: 3.1672  loss: 1.2531  loss_heatmap: 0.3242  layer_-1_loss_cls: 0.0782  layer_-1_loss_bbox: 0.4037  matched_ious: 0.5592  aux_depth_loss: 0.4470  sec_per_iter: 0.9497  iters_per_sec: 1.0500  samples_per_sec: 16.8500  samples_per_sec_per_gpu: 4.2100  max_mem_allocated_mb: 664.7000  max_mem_reserved_mb: 22048.0000
2026/04/07 21:22:57 - mmengine - INFO - Epoch(train)  [8][3250/5000]  lr: 2.8427e-04  eta: 5:33:11  time: 1.0199  data_time: 0.0223  memory: 17780  grad_norm: 3.5393  loss: 1.2299  loss_heatmap: 0.3240  layer_-1_loss_cls: 0.0787  layer_-1_loss_bbox: 0.3756  matched_ious: 0.5364  aux_depth_loss: 0.4517  sec_per_iter: 0.9491  iters_per_sec: 1.0500  samples_per_sec: 16.8600  samples_per_sec_per_gpu: 4.2100  max_mem_allocated_mb: 664.7000  max_mem_reserved_mb: 22048.0000
2026/04/07 21:23:42 - mmengine - INFO - Epoch(train)  [8][3300/5000]  lr: 2.8330e-04  eta: 5:32:24  time: 0.9093  data_time: 0.0207  memory: 17694  grad_norm: 3.3986  loss: 1.2727  loss_heatmap: 0.3261  layer_-1_loss_cls: 0.0769  layer_-1_loss_bbox: 0.4195  matched_ious: 0.6091  aux_depth_loss: 0.4502  sec_per_iter: 0.9501  iters_per_sec: 1.0500  samples_per_sec: 16.8400  samples_per_sec_per_gpu: 4.2100  max_mem_allocated_mb: 664.7000  max_mem_reserved_mb: 22048.0000
2026/04/07 21:24:30 - mmengine - INFO - Epoch(train)  [8][3350/5000]  lr: 2.8233e-04  eta: 5:31:39  time: 0.9517  data_time: 0.0171  memory: 17910  grad_norm: 4.3308  loss: 1.2383  loss_heatmap: 0.3159  layer_-1_loss_cls: 0.0788  layer_-1_loss_bbox: 0.3797  matched_ious: 0.6033  aux_depth_loss: 0.4639  sec_per_iter: 0.9495  iters_per_sec: 1.0500  samples_per_sec: 16.8500  samples_per_sec_per_gpu: 4.2100  max_mem_allocated_mb: 664.7000  max_mem_reserved_mb: 22048.0000
2026/04/07 21:25:18 - mmengine - INFO - Epoch(train)  [8][3400/5000]  lr: 2.8135e-04  eta: 5:30:55  time: 0.9711  data_time: 0.0289  memory: 17754  grad_norm: 3.2820  loss: 1.2503  loss_heatmap: 0.3218  layer_-1_loss_cls: 0.0794  layer_-1_loss_bbox: 0.4033  matched_ious: 0.5414  aux_depth_loss: 0.4458  sec_per_iter: 0.9496  iters_per_sec: 1.0500  samples_per_sec: 16.8500  samples_per_sec_per_gpu: 4.2100  max_mem_allocated_mb: 664.7000  max_mem_reserved_mb: 22048.0000
2026/04/07 21:26:05 - mmengine - INFO - Epoch(train)  [8][3450/5000]  lr: 2.8038e-04  eta: 5:30:10  time: 0.9416  data_time: 0.0262  memory: 17758  grad_norm: 3.9786  loss: 1.2825  loss_heatmap: 0.3283  layer_-1_loss_cls: 0.0784  layer_-1_loss_bbox: 0.4315  matched_ious: 0.5518  aux_depth_loss: 0.4444  sec_per_iter: 0.9499  iters_per_sec: 1.0500  samples_per_sec: 16.8400  samples_per_sec_per_gpu: 4.2100  max_mem_allocated_mb: 664.7000  max_mem_reserved_mb: 22048.0000
2026/04/07 21:26:51 - mmengine - INFO - Epoch(train)  [8][3500/5000]  lr: 2.7941e-04  eta: 5:29:24  time: 0.9165  data_time: 0.0197  memory: 17789  grad_norm: 4.0012  loss: 1.2646  loss_heatmap: 0.3365  layer_-1_loss_cls: 0.0811  layer_-1_loss_bbox: 0.3866  matched_ious: 0.5478  aux_depth_loss: 0.4603  sec_per_iter: 0.9498  iters_per_sec: 1.0500  samples_per_sec: 16.8500  samples_per_sec_per_gpu: 4.2100  max_mem_allocated_mb: 664.7000  max_mem_reserved_mb: 22048.0000
2026/04/07 21:27:39 - mmengine - INFO - Epoch(train)  [8][3550/5000]  lr: 2.7843e-04  eta: 5:28:39  time: 0.9543  data_time: 0.0220  memory: 17738  grad_norm: 3.5915  loss: 1.2463  loss_heatmap: 0.3161  layer_-1_loss_cls: 0.0777  layer_-1_loss_bbox: 0.3962  matched_ious: 0.5750  aux_depth_loss: 0.4563  sec_per_iter: 0.9493  iters_per_sec: 1.0500  samples_per_sec: 16.8500  samples_per_sec_per_gpu: 4.2100  max_mem_allocated_mb: 664.7000  max_mem_reserved_mb: 22048.0000
2026/04/07 21:28:27 - mmengine - INFO - Epoch(train)  [8][3600/5000]  lr: 2.7746e-04  eta: 5:27:54  time: 0.9575  data_time: 0.0285  memory: 17979  grad_norm: nan  loss: 1.2371  loss_heatmap: 0.3266  layer_-1_loss_cls: 0.0832  layer_-1_loss_bbox: 0.3803  matched_ious: 0.5939  aux_depth_loss: 0.4470  sec_per_iter: 0.9494  iters_per_sec: 1.0500  samples_per_sec: 16.8500  samples_per_sec_per_gpu: 4.2100  max_mem_allocated_mb: 664.7000  max_mem_reserved_mb: 22048.0000
2026/04/07 21:29:13 - mmengine - INFO - Epoch(train)  [8][3650/5000]  lr: 2.7648e-04  eta: 5:27:08  time: 0.9206  data_time: 0.0228  memory: 17869  grad_norm: 3.3892  loss: 1.3081  loss_heatmap: 0.3382  layer_-1_loss_cls: 0.0845  layer_-1_loss_bbox: 0.4190  matched_ious: 0.5153  aux_depth_loss: 0.4663  sec_per_iter: 0.9495  iters_per_sec: 1.0500  samples_per_sec: 16.8500  samples_per_sec_per_gpu: 4.2100  max_mem_allocated_mb: 664.7000  max_mem_reserved_mb: 22048.0000
2026/04/07 21:30:00 - mmengine - INFO - Epoch(train)  [8][3700/5000]  lr: 2.7550e-04  eta: 5:26:22  time: 0.9371  data_time: 0.0172  memory: 17718  grad_norm: 3.1033  loss: 1.2772  loss_heatmap: 0.3277  layer_-1_loss_cls: 0.0831  layer_-1_loss_bbox: 0.4264  matched_ious: 0.5269  aux_depth_loss: 0.4399  sec_per_iter: 0.9491  iters_per_sec: 1.0500  samples_per_sec: 16.8600  samples_per_sec_per_gpu: 4.2100  max_mem_allocated_mb: 664.7000  max_mem_reserved_mb: 22048.0000
2026/04/07 21:30:48 - mmengine - INFO - Epoch(train)  [8][3750/5000]  lr: 2.7453e-04  eta: 5:25:37  time: 0.9565  data_time: 0.0172  memory: 17802  grad_norm: 3.5506  loss: 1.2877  loss_heatmap: 0.3301  layer_-1_loss_cls: 0.0826  layer_-1_loss_bbox: 0.4303  matched_ious: 0.5527  aux_depth_loss: 0.4448  sec_per_iter: 0.9489  iters_per_sec: 1.0500  samples_per_sec: 16.8600  samples_per_sec_per_gpu: 4.2200  max_mem_allocated_mb: 664.7000  max_mem_reserved_mb: 22048.0000
2026/04/07 21:31:32 - mmengine - INFO - Epoch(train)  [8][3800/5000]  lr: 2.7355e-04  eta: 5:24:51  time: 0.8938  data_time: 0.0186  memory: 17942  grad_norm: 4.7432  loss: 1.2808  loss_heatmap: 0.3322  layer_-1_loss_cls: 0.0800  layer_-1_loss_bbox: 0.3917  matched_ious: 0.5339  aux_depth_loss: 0.4769  sec_per_iter: 0.9490  iters_per_sec: 1.0500  samples_per_sec: 16.8600  samples_per_sec_per_gpu: 4.2100  max_mem_allocated_mb: 664.7000  max_mem_reserved_mb: 22048.0000
2026/04/07 21:32:18 - mmengine - INFO - Epoch(train)  [8][3850/5000]  lr: 2.7257e-04  eta: 5:24:05  time: 0.9241  data_time: 0.0206  memory: 17827  grad_norm: 3.9769  loss: 1.2381  loss_heatmap: 0.3179  layer_-1_loss_cls: 0.0791  layer_-1_loss_bbox: 0.3757  matched_ious: 0.5519  aux_depth_loss: 0.4654  sec_per_iter: 0.9483  iters_per_sec: 1.0500  samples_per_sec: 16.8700  samples_per_sec_per_gpu: 4.2200  max_mem_allocated_mb: 664.7000  max_mem_reserved_mb: 22048.0000
2026/04/07 21:33:07 - mmengine - INFO - Epoch(train)  [8][3900/5000]  lr: 2.7159e-04  eta: 5:23:20  time: 0.9745  data_time: 0.0213  memory: 17851  grad_norm: 4.0981  loss: 1.2789  loss_heatmap: 0.3189  layer_-1_loss_cls: 0.0784  layer_-1_loss_bbox: 0.4096  matched_ious: 0.5647  aux_depth_loss: 0.4721  sec_per_iter: 0.9480  iters_per_sec: 1.0500  samples_per_sec: 16.8800  samples_per_sec_per_gpu: 4.2200  max_mem_allocated_mb: 664.7000  max_mem_reserved_mb: 22048.0000
2026/04/07 21:33:58 - mmengine - INFO - Epoch(train)  [8][3950/5000]  lr: 2.7062e-04  eta: 5:22:37  time: 1.0209  data_time: 0.0231  memory: 17846  grad_norm: 3.4216  loss: 1.2568  loss_heatmap: 0.3132  layer_-1_loss_cls: 0.0748  layer_-1_loss_bbox: 0.4129  matched_ious: 0.6208  aux_depth_loss: 0.4558  sec_per_iter: 0.9483  iters_per_sec: 1.0500  samples_per_sec: 16.8700  samples_per_sec_per_gpu: 4.2200  max_mem_allocated_mb: 664.7000  max_mem_reserved_mb: 22048.0000
2026/04/07 21:34:45 - mmengine - INFO - Exp name: zod_bevfusion_finetune_20260407_104526
2026/04/07 21:34:45 - mmengine - INFO - Epoch(train)  [8][4000/5000]  lr: 2.6964e-04  eta: 5:21:51  time: 0.9295  data_time: 0.0207  memory: 17760  grad_norm: nan  loss: 1.2402  loss_heatmap: 0.3300  layer_-1_loss_cls: 0.0786  layer_-1_loss_bbox: 0.3977  matched_ious: 0.5923  aux_depth_loss: 0.4339  sec_per_iter: 0.9492  iters_per_sec: 1.0500  samples_per_sec: 16.8600  samples_per_sec_per_gpu: 4.2100  max_mem_allocated_mb: 664.7000  max_mem_reserved_mb: 22048.0000
2026/04/07 21:35:36 - mmengine - INFO - Epoch(train)  [8][4050/5000]  lr: 2.6866e-04  eta: 5:21:08  time: 1.0188  data_time: 0.0277  memory: 17725  grad_norm: 3.4443  loss: 1.1973  loss_heatmap: 0.3005  layer_-1_loss_cls: 0.0784  layer_-1_loss_bbox: 0.3723  matched_ious: 0.5807  aux_depth_loss: 0.4460  sec_per_iter: 0.9490  iters_per_sec: 1.0500  samples_per_sec: 16.8600  samples_per_sec_per_gpu: 4.2100  max_mem_allocated_mb: 664.7000  max_mem_reserved_mb: 22048.0000
2026/04/07 21:36:24 - mmengine - INFO - Epoch(train)  [8][4100/5000]  lr: 2.6768e-04  eta: 5:20:23  time: 0.9729  data_time: 0.0229  memory: 17768  grad_norm: 3.4852  loss: 1.2137  loss_heatmap: 0.3086  layer_-1_loss_cls: 0.0777  layer_-1_loss_bbox: 0.3848  matched_ious: 0.5697  aux_depth_loss: 0.4426  sec_per_iter: 0.9499  iters_per_sec: 1.0500  samples_per_sec: 16.8400  samples_per_sec_per_gpu: 4.2100  max_mem_allocated_mb: 664.7000  max_mem_reserved_mb: 22048.0000
2026/04/07 21:37:13 - mmengine - INFO - Epoch(train)  [8][4150/5000]  lr: 2.6670e-04  eta: 5:19:39  time: 0.9665  data_time: 0.0168  memory: 17897  grad_norm: 3.7049  loss: 1.2808  loss_heatmap: 0.3358  layer_-1_loss_cls: 0.0814  layer_-1_loss_bbox: 0.4229  matched_ious: 0.6061  aux_depth_loss: 0.4408  sec_per_iter: 0.9501  iters_per_sec: 1.0500  samples_per_sec: 16.8400  samples_per_sec_per_gpu: 4.2100  max_mem_allocated_mb: 664.7000  max_mem_reserved_mb: 22048.0000
2026/04/07 21:38:00 - mmengine - INFO - Epoch(train)  [8][4200/5000]  lr: 2.6572e-04  eta: 5:18:53  time: 0.9368  data_time: 0.0158  memory: 17801  grad_norm: 3.6661  loss: 1.3229  loss_heatmap: 0.3338  layer_-1_loss_cls: 0.0803  layer_-1_loss_bbox: 0.4634  matched_ious: 0.5239  aux_depth_loss: 0.4453  sec_per_iter: 0.9503  iters_per_sec: 1.0500  samples_per_sec: 16.8400  samples_per_sec_per_gpu: 4.2100  max_mem_allocated_mb: 664.7000  max_mem_reserved_mb: 22048.0000
2026/04/07 21:38:47 - mmengine - INFO - Epoch(train)  [8][4250/5000]  lr: 2.6474e-04  eta: 5:18:08  time: 0.9448  data_time: 0.0279  memory: 17687  grad_norm: 3.3494  loss: 1.2063  loss_heatmap: 0.3190  layer_-1_loss_cls: 0.0840  layer_-1_loss_bbox: 0.3581  matched_ious: 0.5737  aux_depth_loss: 0.4453  sec_per_iter: 0.9502  iters_per_sec: 1.0500  samples_per_sec: 16.8400  samples_per_sec_per_gpu: 4.2100  max_mem_allocated_mb: 664.7000  max_mem_reserved_mb: 22048.0000
2026/04/07 21:39:36 - mmengine - INFO - Epoch(train)  [8][4300/5000]  lr: 2.6376e-04  eta: 5:17:23  time: 0.9790  data_time: 0.0203  memory: 17836  grad_norm: 3.6190  loss: 1.2611  loss_heatmap: 0.3416  layer_-1_loss_cls: 0.0863  layer_-1_loss_bbox: 0.3926  matched_ious: 0.5664  aux_depth_loss: 0.4406  sec_per_iter: 0.9501  iters_per_sec: 1.0500  samples_per_sec: 16.8400  samples_per_sec_per_gpu: 4.2100  max_mem_allocated_mb: 664.7000  max_mem_reserved_mb: 22048.0000
2026/04/07 21:40:26 - mmengine - INFO - Epoch(train)  [8][4350/5000]  lr: 2.6278e-04  eta: 5:16:40  time: 1.0158  data_time: 0.0263  memory: 17792  grad_norm: 3.7689  loss: 1.2443  loss_heatmap: 0.3230  layer_-1_loss_cls: 0.0789  layer_-1_loss_bbox: 0.3962  matched_ious: 0.5220  aux_depth_loss: 0.4462  sec_per_iter: 0.9504  iters_per_sec: 1.0500  samples_per_sec: 16.8300  samples_per_sec_per_gpu: 4.2100  max_mem_allocated_mb: 664.7000  max_mem_reserved_mb: 22048.0000
2026/04/07 21:41:18 - mmengine - INFO - Epoch(train)  [8][4400/5000]  lr: 2.6180e-04  eta: 5:15:57  time: 1.0300  data_time: 0.0237  memory: 17877  grad_norm: 2.9630  loss: 1.1925  loss_heatmap: 0.3015  layer_-1_loss_cls: 0.0760  layer_-1_loss_bbox: 0.3783  matched_ious: 0.5526  aux_depth_loss: 0.4367  sec_per_iter: 0.9512  iters_per_sec: 1.0500  samples_per_sec: 16.8200  samples_per_sec_per_gpu: 4.2100  max_mem_allocated_mb: 664.7000  max_mem_reserved_mb: 22048.0000
2026/04/07 21:42:07 - mmengine - INFO - Epoch(train)  [8][4450/5000]  lr: 2.6082e-04  eta: 5:15:12  time: 0.9738  data_time: 0.0168  memory: 17737  grad_norm: 3.0685  loss: 1.2019  loss_heatmap: 0.3166  layer_-1_loss_cls: 0.0795  layer_-1_loss_bbox: 0.3666  matched_ious: 0.5607  aux_depth_loss: 0.4391  sec_per_iter: 0.9521  iters_per_sec: 1.0500  samples_per_sec: 16.8100  samples_per_sec_per_gpu: 4.2000  max_mem_allocated_mb: 664.7000  max_mem_reserved_mb: 22048.0000
2026/04/07 21:42:54 - mmengine - INFO - Epoch(train)  [8][4500/5000]  lr: 2.5984e-04  eta: 5:14:27  time: 0.9398  data_time: 0.0249  memory: 17750  grad_norm: 3.2601  loss: 1.2211  loss_heatmap: 0.3261  layer_-1_loss_cls: 0.0797  layer_-1_loss_bbox: 0.3786  matched_ious: 0.6071  aux_depth_loss: 0.4366  sec_per_iter: 0.9523  iters_per_sec: 1.0500  samples_per_sec: 16.8000  samples_per_sec_per_gpu: 4.2000  max_mem_allocated_mb: 664.7000  max_mem_reserved_mb: 22048.0000
2026/04/07 21:43:42 - mmengine - INFO - Epoch(train)  [8][4550/5000]  lr: 2.5886e-04  eta: 5:13:42  time: 0.9571  data_time: 0.0183  memory: 17734  grad_norm: 3.0140  loss: 1.2430  loss_heatmap: 0.3164  layer_-1_loss_cls: 0.0796  layer_-1_loss_bbox: 0.4050  matched_ious: 0.5567  aux_depth_loss: 0.4420  sec_per_iter: 0.9522  iters_per_sec: 1.0500  samples_per_sec: 16.8000  samples_per_sec_per_gpu: 4.2000  max_mem_allocated_mb: 664.7000  max_mem_reserved_mb: 22048.0000
2026/04/07 21:44:30 - mmengine - INFO - Epoch(train)  [8][4600/5000]  lr: 2.5787e-04  eta: 5:12:57  time: 0.9719  data_time: 0.0317  memory: 17843  grad_norm: 3.2661  loss: 1.1956  loss_heatmap: 0.2928  layer_-1_loss_cls: 0.0725  layer_-1_loss_bbox: 0.3862  matched_ious: 0.5662  aux_depth_loss: 0.4441  sec_per_iter: 0.9523  iters_per_sec: 1.0500  samples_per_sec: 16.8000  samples_per_sec_per_gpu: 4.2000  max_mem_allocated_mb: 664.7000  max_mem_reserved_mb: 22048.0000
2026/04/07 21:45:19 - mmengine - INFO - Epoch(train)  [8][4650/5000]  lr: 2.5689e-04  eta: 5:12:12  time: 0.9781  data_time: 0.0294  memory: 17852  grad_norm: nan  loss: 1.2092  loss_heatmap: 0.3082  layer_-1_loss_cls: 0.0787  layer_-1_loss_bbox: 0.3807  matched_ious: 0.5656  aux_depth_loss: 0.4417  sec_per_iter: 0.9525  iters_per_sec: 1.0500  samples_per_sec: 16.8000  samples_per_sec_per_gpu: 4.2000  max_mem_allocated_mb: 664.7000  max_mem_reserved_mb: 22048.0000
2026/04/07 21:46:09 - mmengine - INFO - Epoch(train)  [8][4700/5000]  lr: 2.5591e-04  eta: 5:11:28  time: 0.9960  data_time: 0.0276  memory: 17785  grad_norm: 3.5704  loss: 1.2178  loss_heatmap: 0.3088  layer_-1_loss_cls: 0.0789  layer_-1_loss_bbox: 0.3798  matched_ious: 0.5470  aux_depth_loss: 0.4502  sec_per_iter: 0.9528  iters_per_sec: 1.0500  samples_per_sec: 16.7900  samples_per_sec_per_gpu: 4.2000  max_mem_allocated_mb: 664.7000  max_mem_reserved_mb: 22048.0000
2026/04/07 21:46:57 - mmengine - INFO - Epoch(train)  [8][4750/5000]  lr: 2.5493e-04  eta: 5:10:43  time: 0.9508  data_time: 0.0187  memory: 17873  grad_norm: 3.7204  loss: 1.2210  loss_heatmap: 0.3141  layer_-1_loss_cls: 0.0811  layer_-1_loss_bbox: 0.3770  matched_ious: 0.5723  aux_depth_loss: 0.4487  sec_per_iter: 0.9532  iters_per_sec: 1.0500  samples_per_sec: 16.7900  samples_per_sec_per_gpu: 4.2000  max_mem_allocated_mb: 664.7000  max_mem_reserved_mb: 22048.0000
2026/04/07 21:47:42 - mmengine - INFO - Epoch(train)  [8][4800/5000]  lr: 2.5395e-04  eta: 5:09:57  time: 0.9087  data_time: 0.0209  memory: 17802  grad_norm: 3.2209  loss: 1.2262  loss_heatmap: 0.3290  layer_-1_loss_cls: 0.0794  layer_-1_loss_bbox: 0.3808  matched_ious: 0.5840  aux_depth_loss: 0.4369  sec_per_iter: 0.9532  iters_per_sec: 1.0500  samples_per_sec: 16.7900  samples_per_sec_per_gpu: 4.2000  max_mem_allocated_mb: 664.7000  max_mem_reserved_mb: 22048.0000
2026/04/07 21:48:33 - mmengine - INFO - Epoch(train)  [8][4850/5000]  lr: 2.5297e-04  eta: 5:09:13  time: 1.0125  data_time: 0.0208  memory: 17716  grad_norm: 3.2733  loss: 1.2010  loss_heatmap: 0.3000  layer_-1_loss_cls: 0.0769  layer_-1_loss_bbox: 0.3901  matched_ious: 0.4741  aux_depth_loss: 0.4340  sec_per_iter: 0.9527  iters_per_sec: 1.0500  samples_per_sec: 16.7900  samples_per_sec_per_gpu: 4.2000  max_mem_allocated_mb: 664.7000  max_mem_reserved_mb: 22048.0000
2026/04/07 21:49:20 - mmengine - INFO - Epoch(train)  [8][4900/5000]  lr: 2.5199e-04  eta: 5:08:28  time: 0.9517  data_time: 0.0192  memory: 17883  grad_norm: 3.4948  loss: 1.2343  loss_heatmap: 0.3212  layer_-1_loss_cls: 0.0808  layer_-1_loss_bbox: 0.3811  matched_ious: 0.5370  aux_depth_loss: 0.4511  sec_per_iter: 0.9534  iters_per_sec: 1.0500  samples_per_sec: 16.7800  samples_per_sec_per_gpu: 4.2000  max_mem_allocated_mb: 664.7000  max_mem_reserved_mb: 22048.0000
2026/04/07 21:50:06 - mmengine - INFO - Epoch(train)  [8][4950/5000]  lr: 2.5100e-04  eta: 5:07:42  time: 0.9224  data_time: 0.0289  memory: 17811  grad_norm: 2.8062  loss: 1.1925  loss_heatmap: 0.3002  layer_-1_loss_cls: 0.0739  layer_-1_loss_bbox: 0.3759  matched_ious: 0.5231  aux_depth_loss: 0.4425  sec_per_iter: 0.9533  iters_per_sec: 1.0500  samples_per_sec: 16.7800  samples_per_sec_per_gpu: 4.2000  max_mem_allocated_mb: 664.7000  max_mem_reserved_mb: 22048.0000
2026/04/07 21:50:58 - mmengine - INFO - Exp name: zod_bevfusion_finetune_20260407_104526
2026/04/07 21:50:58 - mmengine - INFO - Epoch(train)  [8][5000/5000]  lr: 2.5002e-04  eta: 5:06:59  time: 1.0463  data_time: 0.0152  memory: 17787  grad_norm: 3.6187  loss: 1.2135  loss_heatmap: 0.3107  layer_-1_loss_cls: 0.0761  layer_-1_loss_bbox: 0.3790  matched_ious: 0.5382  aux_depth_loss: 0.4477  sec_per_iter: 0.9530  iters_per_sec: 1.0500  samples_per_sec: 16.7900  samples_per_sec_per_gpu: 4.2000  max_mem_allocated_mb: 664.7000  max_mem_reserved_mb: 22048.0000
2026/04/07 21:50:59 - mmengine - INFO - [Efficiency] Epoch 8: wall=4769.7s  iters=5000  sec/iter=0.954  mem_alloc=665MB  mem_rsv=22048MB
2026/04/07 21:50:59 - mmengine - INFO - Saving checkpoint at 8 epochs
2026/04/07 21:51:14 - mmengine - INFO - Epoch(val)  [8][  50/1250]    eta: 0:05:06  time: 0.2556  data_time: 0.0087  memory: 4779  
2026/04/07 21:51:27 - mmengine - INFO - Epoch(val)  [8][ 100/1250]    eta: 0:04:52  time: 0.2536  data_time: 0.0077  memory: 4784  
2026/04/07 21:51:40 - mmengine - INFO - Epoch(val)  [8][ 150/1250]    eta: 0:04:40  time: 0.2550  data_time: 0.0063  memory: 4788  
2026/04/07 21:51:52 - mmengine - INFO - Epoch(val)  [8][ 200/1250]    eta: 0:04:24  time: 0.2445  data_time: 0.0051  memory: 4785  
2026/04/07 21:52:05 - mmengine - INFO - Epoch(val)  [8][ 250/1250]    eta: 0:04:12  time: 0.2529  data_time: 0.0073  memory: 4775  
2026/04/07 21:52:17 - mmengine - INFO - Epoch(val)  [8][ 300/1250]    eta: 0:03:59  time: 0.2482  data_time: 0.0066  memory: 4783  
2026/04/07 21:52:29 - mmengine - INFO - Epoch(val)  [8][ 350/1250]    eta: 0:03:46  time: 0.2496  data_time: 0.0053  memory: 4785  
2026/04/07 21:52:42 - mmengine - INFO - Epoch(val)  [8][ 400/1250]    eta: 0:03:33  time: 0.2511  data_time: 0.0063  memory: 4775  
2026/04/07 21:52:55 - mmengine - INFO - Epoch(val)  [8][ 450/1250]    eta: 0:03:21  time: 0.2526  data_time: 0.0060  memory: 4779  
2026/04/07 21:53:10 - mmengine - INFO - Epoch(val)  [8][ 500/1250]    eta: 0:03:12  time: 0.3039  data_time: 0.0083  memory: 4778  
2026/04/07 21:53:22 - mmengine - INFO - Epoch(val)  [8][ 550/1250]    eta: 0:02:59  time: 0.2472  data_time: 0.0061  memory: 4778  
2026/04/07 21:53:36 - mmengine - INFO - Epoch(val)  [8][ 600/1250]    eta: 0:02:47  time: 0.2701  data_time: 0.0064  memory: 4782  
2026/04/07 21:53:49 - mmengine - INFO - Epoch(val)  [8][ 650/1250]    eta: 0:02:34  time: 0.2601  data_time: 0.0053  memory: 4782  
2026/04/07 21:54:01 - mmengine - INFO - Epoch(val)  [8][ 700/1250]    eta: 0:02:21  time: 0.2461  data_time: 0.0061  memory: 4779  
2026/04/07 21:54:13 - mmengine - INFO - Epoch(val)  [8][ 750/1250]    eta: 0:02:07  time: 0.2312  data_time: 0.0053  memory: 4781  
2026/04/07 21:54:26 - mmengine - INFO - Epoch(val)  [8][ 800/1250]    eta: 0:01:54  time: 0.2584  data_time: 0.0053  memory: 4776  
2026/04/07 21:54:38 - mmengine - INFO - Epoch(val)  [8][ 850/1250]    eta: 0:01:41  time: 0.2414  data_time: 0.0073  memory: 4781  
2026/04/07 21:54:50 - mmengine - INFO - Epoch(val)  [8][ 900/1250]    eta: 0:01:28  time: 0.2550  data_time: 0.0058  memory: 4786  
2026/04/07 21:55:02 - mmengine - INFO - Epoch(val)  [8][ 950/1250]    eta: 0:01:15  time: 0.2360  data_time: 0.0058  memory: 4782  
2026/04/07 21:55:15 - mmengine - INFO - Epoch(val)  [8][1000/1250]    eta: 0:01:03  time: 0.2545  data_time: 0.0057  memory: 4785  
2026/04/07 21:55:29 - mmengine - INFO - Epoch(val)  [8][1050/1250]    eta: 0:00:50  time: 0.2730  data_time: 0.0092  memory: 4785  
2026/04/07 21:55:41 - mmengine - INFO - Epoch(val)  [8][1100/1250]    eta: 0:00:38  time: 0.2548  data_time: 0.0069  memory: 4785  
2026/04/07 21:55:54 - mmengine - INFO - Epoch(val)  [8][1150/1250]    eta: 0:00:25  time: 0.2503  data_time: 0.0074  memory: 4780  
2026/04/07 21:56:06 - mmengine - INFO - Epoch(val)  [8][1200/1250]    eta: 0:00:12  time: 0.2489  data_time: 0.0059  memory: 4778  
2026/04/07 21:56:19 - mmengine - INFO - Epoch(val)  [8][1250/1250]    eta: 0:00:00  time: 0.2584  data_time: 0.0059  memory: 4782  
2026/04/07 21:57:37 - mmengine - INFO - 
+------------+---------+---------+---------+---------+
| classes    | AP_0.25 | AR_0.25 | AP_0.50 | AR_0.50 |
+------------+---------+---------+---------+---------+
| pedestrian | 0.7799  | 0.9373  | 0.5490  | 0.7087  |
+------------+---------+---------+---------+---------+
| Overall    | 0.7799  | 0.9373  | 0.5490  | 0.7087  |
+------------+---------+---------+---------+---------+
2026/04/07 21:58:07 - mmengine - INFO - 
+------------+---------+---------+---------+---------+---------+---------+---------+---------+
| classes    | AP_0.5m | AR_0.5m | AP_1.0m | AR_1.0m | AP_2.0m | AR_2.0m | AP_4.0m | AR_4.0m |
+------------+---------+---------+---------+---------+---------+---------+---------+---------+
| pedestrian | 0.7989  | 0.9639  | 0.8070  | 0.9712  | 0.8116  | 0.9750  | 0.8180  | 0.9814  |
+------------+---------+---------+---------+---------+---------+---------+---------+---------+
| Overall    | 0.7989  | 0.9639  | 0.8070  | 0.9712  | 0.8116  | 0.9750  | 0.8180  | 0.9814  |
+------------+---------+---------+---------+---------+---------+---------+---------+---------+
2026/04/07 21:58:09 - mmengine - INFO - Epoch(val) [8][1250/1250]    pedestrian_AP_0.25: 0.7799  mAP_0.25: 0.7799  pedestrian_rec_0.25: 0.9373  mAR_0.25: 0.9373  pedestrian_AP_0.50: 0.5490  mAP_0.50: 0.5490  pedestrian_rec_0.50: 0.7087  mAR_0.50: 0.7087  pedestrian_AP_0.5m: 0.7989  pedestrian_rec_0.5m: 0.9639  pedestrian_AP_1.0m: 0.8070  pedestrian_rec_1.0m: 0.9712  pedestrian_AP_2.0m: 0.8116  pedestrian_rec_2.0m: 0.9750  pedestrian_AP_4.0m: 0.8180  pedestrian_rec_4.0m: 0.9814  mAP_0.5m: 0.7989  mAR_0.5m: 0.9639  mAP_1.0m: 0.8070  mAR_1.0m: 0.9712  mAP_2.0m: 0.8116  mAR_2.0m: 0.9750  mAP_4.0m: 0.8180  mAR_4.0m: 0.9814  data_time: 0.0065  time: 0.2541
2026/04/07 21:58:09 - mmengine - INFO - The previous best checkpoint /home/users/u103958/projects/multimodal-MoE/outputs/runs/zod_bevfusion_finetune/bevfusion-finetune_4456392/best_mAP_0.50_epoch_2.pth is removed
2026/04/07 21:58:11 - mmengine - INFO - The best checkpoint with 0.5490 mAP_0.50 at 8 epoch is saved to best_mAP_0.50_epoch_8.pth.
2026/04/07 21:59:10 - mmengine - INFO - Epoch(train)  [9][  50/5000]  lr: 2.4904e-04  eta: 5:06:18  time: 1.1213  data_time: 0.0267  memory: 17859  grad_norm: 2.9888  loss: 1.1841  loss_heatmap: 0.2959  layer_-1_loss_cls: 0.0732  layer_-1_loss_bbox: 0.3755  matched_ious: 0.6115  aux_depth_loss: 0.4394  sec_per_iter: 0.9539  iters_per_sec: 1.0500  samples_per_sec: 16.7700  samples_per_sec_per_gpu: 4.1900  max_mem_allocated_mb: 664.7000  max_mem_reserved_mb: 22048.0000
2026/04/07 22:00:03 - mmengine - INFO - Epoch(train)  [9][ 100/5000]  lr: 2.4806e-04  eta: 5:05:35  time: 1.0606  data_time: 0.0235  memory: 17763  grad_norm: 3.6621  loss: 1.2418  loss_heatmap: 0.3072  layer_-1_loss_cls: 0.0749  layer_-1_loss_bbox: 0.4135  matched_ious: 0.5914  aux_depth_loss: 0.4461  sec_per_iter: 1.1227  iters_per_sec: 0.8900  samples_per_sec: 14.2500  samples_per_sec_per_gpu: 3.5600  max_mem_allocated_mb: 664.7000  max_mem_reserved_mb: 22048.0000
2026/04/07 22:00:50 - mmengine - INFO - Epoch(train)  [9][ 150/5000]  lr: 2.4708e-04  eta: 5:04:50  time: 0.9476  data_time: 0.0179  memory: 17779  grad_norm: 4.3109  loss: 1.2529  loss_heatmap: 0.3137  layer_-1_loss_cls: 0.0746  layer_-1_loss_bbox: 0.4166  matched_ious: 0.4878  aux_depth_loss: 0.4481  sec_per_iter: 1.0916  iters_per_sec: 0.9200  samples_per_sec: 14.6600  samples_per_sec_per_gpu: 3.6600  max_mem_allocated_mb: 664.7000  max_mem_reserved_mb: 22048.0000
2026/04/07 22:01:41 - mmengine - INFO - Epoch(train)  [9][ 200/5000]  lr: 2.4610e-04  eta: 5:04:06  time: 1.0194  data_time: 0.0231  memory: 17904  grad_norm: 3.6792  loss: 1.2425  loss_heatmap: 0.3177  layer_-1_loss_cls: 0.0819  layer_-1_loss_bbox: 0.3987  matched_ious: 0.5735  aux_depth_loss: 0.4442  sec_per_iter: 1.0436  iters_per_sec: 0.9600  samples_per_sec: 15.3300  samples_per_sec_per_gpu: 3.8300  max_mem_allocated_mb: 664.7000  max_mem_reserved_mb: 22048.0000
2026/04/07 22:02:28 - mmengine - INFO - Epoch(train)  [9][ 250/5000]  lr: 2.4511e-04  eta: 5:03:20  time: 0.9328  data_time: 0.0180  memory: 17846  grad_norm: 3.1068  loss: 1.2116  loss_heatmap: 0.3005  layer_-1_loss_cls: 0.0735  layer_-1_loss_bbox: 0.3954  matched_ious: 0.6085  aux_depth_loss: 0.4421  sec_per_iter: 1.0376  iters_per_sec: 0.9600  samples_per_sec: 15.4200  samples_per_sec_per_gpu: 3.8600  max_mem_allocated_mb: 664.7000  max_mem_reserved_mb: 22048.0000
2026/04/07 22:03:22 - mmengine - INFO - Epoch(train)  [9][ 300/5000]  lr: 2.4413e-04  eta: 5:02:38  time: 1.0926  data_time: 0.0189  memory: 17790  grad_norm: 3.8541  loss: 1.2228  loss_heatmap: 0.3080  layer_-1_loss_cls: 0.0755  layer_-1_loss_bbox: 0.3924  matched_ious: 0.5743  aux_depth_loss: 0.4469  sec_per_iter: 1.0168  iters_per_sec: 0.9800  samples_per_sec: 15.7400  samples_per_sec_per_gpu: 3.9300  max_mem_allocated_mb: 664.7000  max_mem_reserved_mb: 22048.0000
2026/04/07 22:04:10 - mmengine - INFO - Epoch(train)  [9][ 350/5000]  lr: 2.4315e-04  eta: 5:01:53  time: 0.9519  data_time: 0.0414  memory: 17709  grad_norm: 2.8913  loss: 1.1265  loss_heatmap: 0.2756  layer_-1_loss_cls: 0.0692  layer_-1_loss_bbox: 0.3452  matched_ious: 0.6081  aux_depth_loss: 0.4366  sec_per_iter: 1.0293  iters_per_sec: 0.9700  samples_per_sec: 15.5400  samples_per_sec_per_gpu: 3.8900  max_mem_allocated_mb: 664.7000  max_mem_reserved_mb: 22048.0000
2026/04/07 22:04:58 - mmengine - INFO - Epoch(train)  [9][ 400/5000]  lr: 2.4217e-04  eta: 5:01:08  time: 0.9573  data_time: 0.0297  memory: 17839  grad_norm: 4.3884  loss: 1.2286  loss_heatmap: 0.3145  layer_-1_loss_cls: 0.0778  layer_-1_loss_bbox: 0.3917  matched_ious: 0.5789  aux_depth_loss: 0.4446  sec_per_iter: 1.0183  iters_per_sec: 0.9800  samples_per_sec: 15.7100  samples_per_sec_per_gpu: 3.9300  max_mem_allocated_mb: 664.7000  max_mem_reserved_mb: 22048.0000
2026/04/07 22:05:48 - mmengine - INFO - Epoch(train)  [9][ 450/5000]  lr: 2.4119e-04  eta: 5:00:24  time: 1.0053  data_time: 0.0169  memory: 17772  grad_norm: 3.8432  loss: 1.2062  loss_heatmap: 0.3045  layer_-1_loss_cls: 0.0773  layer_-1_loss_bbox: 0.3777  matched_ious: 0.5776  aux_depth_loss: 0.4467  sec_per_iter: 1.0106  iters_per_sec: 0.9900  samples_per_sec: 15.8300  samples_per_sec_per_gpu: 3.9600  max_mem_allocated_mb: 664.7000  max_mem_reserved_mb: 22048.0000
2026/04/07 22:06:36 - mmengine - INFO - Epoch(train)  [9][ 500/5000]  lr: 2.4021e-04  eta: 4:59:38  time: 0.9465  data_time: 0.0197  memory: 17920  grad_norm: 3.1651  loss: 1.2438  loss_heatmap: 0.3187  layer_-1_loss_cls: 0.0741  layer_-1_loss_bbox: 0.4050  matched_ious: 0.5417  aux_depth_loss: 0.4461  sec_per_iter: 1.0101  iters_per_sec: 0.9900  samples_per_sec: 15.8400  samples_per_sec_per_gpu: 3.9600  max_mem_allocated_mb: 664.7000  max_mem_reserved_mb: 22048.0000
2026/04/07 22:07:27 - mmengine - INFO - Epoch(train)  [9][ 550/5000]  lr: 2.3923e-04  eta: 4:58:55  time: 1.0318  data_time: 0.0279  memory: 17905  grad_norm: 3.6844  loss: 1.1592  loss_heatmap: 0.2868  layer_-1_loss_cls: 0.0704  layer_-1_loss_bbox: 0.3583  matched_ious: 0.5362  aux_depth_loss: 0.4437  sec_per_iter: 1.0037  iters_per_sec: 1.0000  samples_per_sec: 15.9400  samples_per_sec_per_gpu: 3.9900  max_mem_allocated_mb: 664.7000  max_mem_reserved_mb: 22048.0000
2026/04/07 22:08:25 - mmengine - INFO - Epoch(train)  [9][ 600/5000]  lr: 2.3825e-04  eta: 4:58:14  time: 1.1665  data_time: 0.0351  memory: 17797  grad_norm: 3.8971  loss: 1.2635  loss_heatmap: 0.3233  layer_-1_loss_cls: 0.0774  layer_-1_loss_bbox: 0.4182  matched_ious: 0.5276  aux_depth_loss: 0.4446  sec_per_iter: 1.0063  iters_per_sec: 0.9900  samples_per_sec: 15.9000  samples_per_sec_per_gpu: 3.9700  max_mem_allocated_mb: 664.7000  max_mem_reserved_mb: 22048.0000
2026/04/07 22:09:14 - mmengine - INFO - Epoch(train)  [9][ 650/5000]  lr: 2.3727e-04  eta: 4:57:29  time: 0.9648  data_time: 0.0195  memory: 17703  grad_norm: 2.9017  loss: 1.1763  loss_heatmap: 0.2858  layer_-1_loss_cls: 0.0684  layer_-1_loss_bbox: 0.3934  matched_ious: 0.5728  aux_depth_loss: 0.4288  sec_per_iter: 1.0196  iters_per_sec: 0.9800  samples_per_sec: 15.6900  samples_per_sec_per_gpu: 3.9200  max_mem_allocated_mb: 664.7000  max_mem_reserved_mb: 22048.0000
2026/04/07 22:10:07 - mmengine - INFO - Epoch(train)  [9][ 700/5000]  lr: 2.3628e-04  eta: 4:56:47  time: 1.0654  data_time: 0.0226  memory: 17742  grad_norm: 2.8599  loss: 1.1807  loss_heatmap: 0.3003  layer_-1_loss_cls: 0.0758  layer_-1_loss_bbox: 0.3761  matched_ious: 0.5519  aux_depth_loss: 0.4285  sec_per_iter: 1.0154  iters_per_sec: 0.9800  samples_per_sec: 15.7600  samples_per_sec_per_gpu: 3.9400  max_mem_allocated_mb: 664.7000  max_mem_reserved_mb: 22048.0000
2026/04/07 22:10:56 - mmengine - INFO - Epoch(train)  [9][ 750/5000]  lr: 2.3530e-04  eta: 4:56:02  time: 0.9877  data_time: 0.0317  memory: 17672  grad_norm: 2.8739  loss: 1.1852  loss_heatmap: 0.2937  layer_-1_loss_cls: 0.0696  layer_-1_loss_bbox: 0.3932  matched_ious: 0.5304  aux_depth_loss: 0.4287  sec_per_iter: 1.0190  iters_per_sec: 0.9800  samples_per_sec: 15.7000  samples_per_sec_per_gpu: 3.9300  max_mem_allocated_mb: 664.7000  max_mem_reserved_mb: 22048.0000
2026/04/07 22:11:49 - mmengine - INFO - Epoch(train)  [9][ 800/5000]  lr: 2.3432e-04  eta: 4:55:19  time: 1.0552  data_time: 0.0273  memory: 17792  grad_norm: 3.2229  loss: 1.1809  loss_heatmap: 0.2826  layer_-1_loss_cls: 0.0731  layer_-1_loss_bbox: 0.3838  matched_ious: 0.6265  aux_depth_loss: 0.4414  sec_per_iter: 1.0169  iters_per_sec: 0.9800  samples_per_sec: 15.7300  samples_per_sec_per_gpu: 3.9300  max_mem_allocated_mb: 664.7000  max_mem_reserved_mb: 22048.0000
2026/04/07 22:12:38 - mmengine - INFO - Epoch(train)  [9][ 850/5000]  lr: 2.3334e-04  eta: 4:54:34  time: 0.9679  data_time: 0.0211  memory: 17771  grad_norm: 2.7376  loss: 1.1313  loss_heatmap: 0.2842  layer_-1_loss_cls: 0.0716  layer_-1_loss_bbox: 0.3488  matched_ious: 0.5515  aux_depth_loss: 0.4268  sec_per_iter: 1.0193  iters_per_sec: 0.9800  samples_per_sec: 15.7000  samples_per_sec_per_gpu: 3.9200  max_mem_allocated_mb: 664.7000  max_mem_reserved_mb: 22048.0000
2026/04/07 22:13:29 - mmengine - INFO - Epoch(train)  [9][ 900/5000]  lr: 2.3237e-04  eta: 4:53:50  time: 1.0257  data_time: 0.0194  memory: 17787  grad_norm: 2.8829  loss: 1.1538  loss_heatmap: 0.2834  layer_-1_loss_cls: 0.0704  layer_-1_loss_bbox: 0.3802  matched_ious: 0.5526  aux_depth_loss: 0.4198  sec_per_iter: 1.0163  iters_per_sec: 0.9800  samples_per_sec: 15.7400  samples_per_sec_per_gpu: 3.9400  max_mem_allocated_mb: 664.7000  max_mem_reserved_mb: 22048.0000
2026/04/07 22:14:20 - mmengine - INFO - Epoch(train)  [9][ 950/5000]  lr: 2.3139e-04  eta: 4:53:06  time: 1.0212  data_time: 0.0228  memory: 17888  grad_norm: 3.6688  loss: 1.2185  loss_heatmap: 0.3025  layer_-1_loss_cls: 0.0757  layer_-1_loss_bbox: 0.4051  matched_ious: 0.5506  aux_depth_loss: 0.4353  sec_per_iter: 1.0169  iters_per_sec: 0.9800  samples_per_sec: 15.7300  samples_per_sec_per_gpu: 3.9300  max_mem_allocated_mb: 664.7000  max_mem_reserved_mb: 22048.0000
2026/04/07 22:15:08 - mmengine - INFO - Exp name: zod_bevfusion_finetune_20260407_104526
2026/04/07 22:15:08 - mmengine - INFO - Epoch(train)  [9][1000/5000]  lr: 2.3041e-04  eta: 4:52:21  time: 0.9658  data_time: 0.0242  memory: 17683  grad_norm: 2.9572  loss: 1.2389  loss_heatmap: 0.3200  layer_-1_loss_cls: 0.0799  layer_-1_loss_bbox: 0.4106  matched_ious: 0.6003  aux_depth_loss: 0.4283  sec_per_iter: 1.0170  iters_per_sec: 0.9800  samples_per_sec: 15.7300  samples_per_sec_per_gpu: 3.9300  max_mem_allocated_mb: 664.7000  max_mem_reserved_mb: 22048.0000
2026/04/07 22:15:57 - mmengine - INFO - Epoch(train)  [9][1050/5000]  lr: 2.2943e-04  eta: 4:51:36  time: 0.9773  data_time: 0.0190  memory: 17947  grad_norm: 3.7483  loss: 1.2081  loss_heatmap: 0.3103  layer_-1_loss_cls: 0.0783  layer_-1_loss_bbox: 0.3838  matched_ious: 0.5877  aux_depth_loss: 0.4357  sec_per_iter: 1.0145  iters_per_sec: 0.9900  samples_per_sec: 15.7700  samples_per_sec_per_gpu: 3.9400  max_mem_allocated_mb: 664.7000  max_mem_reserved_mb: 22048.0000
2026/04/07 22:16:47 - mmengine - INFO - Epoch(train)  [9][1100/5000]  lr: 2.2845e-04  eta: 4:50:52  time: 0.9954  data_time: 0.0248  memory: 17873  grad_norm: 3.5571  loss: 1.2062  loss_heatmap: 0.2973  layer_-1_loss_cls: 0.0741  layer_-1_loss_bbox: 0.3930  matched_ious: 0.5185  aux_depth_loss: 0.4418  sec_per_iter: 1.0128  iters_per_sec: 0.9900  samples_per_sec: 15.8000  samples_per_sec_per_gpu: 3.9500  max_mem_allocated_mb: 664.7000  max_mem_reserved_mb: 22048.0000
2026/04/07 22:17:35 - mmengine - INFO - Epoch(train)  [9][1150/5000]  lr: 2.2747e-04  eta: 4:50:06  time: 0.9656  data_time: 0.0217  memory: 17798  grad_norm: 3.5446  loss: 1.1532  loss_heatmap: 0.2655  layer_-1_loss_cls: 0.0692  layer_-1_loss_bbox: 0.3718  matched_ious: 0.5911  aux_depth_loss: 0.4468  sec_per_iter: 1.0120  iters_per_sec: 0.9900  samples_per_sec: 15.8100  samples_per_sec_per_gpu: 3.9500  max_mem_allocated_mb: 664.7000  max_mem_reserved_mb: 22048.0000
2026/04/07 22:18:24 - mmengine - INFO - Epoch(train)  [9][1200/5000]  lr: 2.2650e-04  eta: 4:49:22  time: 0.9770  data_time: 0.0232  memory: 17947  grad_norm: 3.1486  loss: 1.2114  loss_heatmap: 0.3013  layer_-1_loss_cls: 0.0729  layer_-1_loss_bbox: 0.3960  matched_ious: 0.6375  aux_depth_loss: 0.4411  sec_per_iter: 1.0099  iters_per_sec: 0.9900  samples_per_sec: 15.8400  samples_per_sec_per_gpu: 3.9600  max_mem_allocated_mb: 664.7000  max_mem_reserved_mb: 22048.0000
2026/04/07 22:19:10 - mmengine - INFO - Epoch(train)  [9][1250/5000]  lr: 2.2552e-04  eta: 4:48:35  time: 0.9282  data_time: 0.0244  memory: 17861  grad_norm: 3.1939  loss: 1.2068  loss_heatmap: 0.2955  layer_-1_loss_cls: 0.0764  layer_-1_loss_bbox: 0.3933  matched_ious: 0.5684  aux_depth_loss: 0.4416  sec_per_iter: 1.0085  iters_per_sec: 0.9900  samples_per_sec: 15.8600  samples_per_sec_per_gpu: 3.9700  max_mem_allocated_mb: 664.7000  max_mem_reserved_mb: 22048.0000
2026/04/07 22:19:57 - mmengine - INFO - Epoch(train)  [9][1300/5000]  lr: 2.2454e-04  eta: 4:47:50  time: 0.9388  data_time: 0.0254  memory: 17887  grad_norm: 3.4029  loss: 1.1912  loss_heatmap: 0.3049  layer_-1_loss_cls: 0.0762  layer_-1_loss_bbox: 0.3666  matched_ious: 0.5156  aux_depth_loss: 0.4435  sec_per_iter: 1.0053  iters_per_sec: 0.9900  samples_per_sec: 15.9200  samples_per_sec_per_gpu: 3.9800  max_mem_allocated_mb: 664.7000  max_mem_reserved_mb: 22048.0000
2026/04/07 22:20:45 - mmengine - INFO - Epoch(train)  [9][1350/5000]  lr: 2.2356e-04  eta: 4:47:04  time: 0.9489  data_time: 0.0178  memory: 17832  grad_norm: 3.4770  loss: 1.1509  loss_heatmap: 0.2809  layer_-1_loss_cls: 0.0684  layer_-1_loss_bbox: 0.3615  matched_ious: 0.5676  aux_depth_loss: 0.4401  sec_per_iter: 1.0028  iters_per_sec: 1.0000  samples_per_sec: 15.9500  samples_per_sec_per_gpu: 3.9900  max_mem_allocated_mb: 664.7000  max_mem_reserved_mb: 22048.0000
2026/04/07 22:21:30 - mmengine - INFO - Epoch(train)  [9][1400/5000]  lr: 2.2259e-04  eta: 4:46:18  time: 0.9082  data_time: 0.0176  memory: 17916  grad_norm: 4.2122  loss: 1.2191  loss_heatmap: 0.3034  layer_-1_loss_cls: 0.0753  layer_-1_loss_bbox: 0.3921  matched_ious: 0.5448  aux_depth_loss: 0.4484  sec_per_iter: 1.0008  iters_per_sec: 1.0000  samples_per_sec: 15.9900  samples_per_sec_per_gpu: 4.0000  max_mem_allocated_mb: 664.7000  max_mem_reserved_mb: 22048.0000
2026/04/07 22:22:18 - mmengine - INFO - Epoch(train)  [9][1450/5000]  lr: 2.2161e-04  eta: 4:45:32  time: 0.9561  data_time: 0.0252  memory: 17680  grad_norm: 3.8952  loss: 1.2047  loss_heatmap: 0.3043  layer_-1_loss_cls: 0.0749  layer_-1_loss_bbox: 0.3804  matched_ious: 0.5445  aux_depth_loss: 0.4451  sec_per_iter: 0.9976  iters_per_sec: 1.0000  samples_per_sec: 16.0400  samples_per_sec_per_gpu: 4.0100  max_mem_allocated_mb: 664.7000  max_mem_reserved_mb: 22048.0000
2026/04/07 22:23:04 - mmengine - INFO - Epoch(train)  [9][1500/5000]  lr: 2.2064e-04  eta: 4:44:46  time: 0.9177  data_time: 0.0171  memory: 17738  grad_norm: 3.3473  loss: 1.1975  loss_heatmap: 0.3039  layer_-1_loss_cls: 0.0707  layer_-1_loss_bbox: 0.3767  matched_ious: 0.5537  aux_depth_loss: 0.4463  sec_per_iter: 0.9961  iters_per_sec: 1.0000  samples_per_sec: 16.0600  samples_per_sec_per_gpu: 4.0200  max_mem_allocated_mb: 664.7000  max_mem_reserved_mb: 22048.0000
2026/04/07 22:23:48 - mmengine - INFO - Epoch(train)  [9][1550/5000]  lr: 2.1966e-04  eta: 4:43:59  time: 0.8922  data_time: 0.0202  memory: 17837  grad_norm: 3.2124  loss: 1.1718  loss_heatmap: 0.2944  layer_-1_loss_cls: 0.0723  layer_-1_loss_bbox: 0.3734  matched_ious: 0.5731  aux_depth_loss: 0.4317  sec_per_iter: 0.9934  iters_per_sec: 1.0100  samples_per_sec: 16.1100  samples_per_sec_per_gpu: 4.0300  max_mem_allocated_mb: 664.7000  max_mem_reserved_mb: 22048.0000
2026/04/07 22:24:37 - mmengine - INFO - Epoch(train)  [9][1600/5000]  lr: 2.1869e-04  eta: 4:43:14  time: 0.9690  data_time: 0.0228  memory: 17891  grad_norm: 2.9002  loss: 1.2382  loss_heatmap: 0.3261  layer_-1_loss_cls: 0.0770  layer_-1_loss_bbox: 0.4042  matched_ious: 0.5496  aux_depth_loss: 0.4309  sec_per_iter: 0.9902  iters_per_sec: 1.0100  samples_per_sec: 16.1600  samples_per_sec_per_gpu: 4.0400  max_mem_allocated_mb: 664.7000  max_mem_reserved_mb: 22048.0000
2026/04/07 22:25:25 - mmengine - INFO - Epoch(train)  [9][1650/5000]  lr: 2.1772e-04  eta: 4:42:29  time: 0.9704  data_time: 0.0205  memory: 17812  grad_norm: 3.7798  loss: 1.1634  loss_heatmap: 0.2939  layer_-1_loss_cls: 0.0745  layer_-1_loss_bbox: 0.3579  matched_ious: 0.5867  aux_depth_loss: 0.4372  sec_per_iter: 0.9895  iters_per_sec: 1.0100  samples_per_sec: 16.1700  samples_per_sec_per_gpu: 4.0400  max_mem_allocated_mb: 664.7000  max_mem_reserved_mb: 22048.0000
2026/04/07 22:26:12 - mmengine - INFO - Epoch(train)  [9][1700/5000]  lr: 2.1674e-04  eta: 4:41:43  time: 0.9335  data_time: 0.0217  memory: 17756  grad_norm: 3.3861  loss: 1.1803  loss_heatmap: 0.2939  layer_-1_loss_cls: 0.0704  layer_-1_loss_bbox: 0.3897  matched_ious: 0.6164  aux_depth_loss: 0.4264  sec_per_iter: 0.9890  iters_per_sec: 1.0100  samples_per_sec: 16.1800  samples_per_sec_per_gpu: 4.0400  max_mem_allocated_mb: 664.7000  max_mem_reserved_mb: 22048.0000
2026/04/07 22:27:00 - mmengine - INFO - Epoch(train)  [9][1750/5000]  lr: 2.1577e-04  eta: 4:40:57  time: 0.9605  data_time: 0.0198  memory: 17789  grad_norm: 3.2068  loss: 1.1429  loss_heatmap: 0.2807  layer_-1_loss_cls: 0.0696  layer_-1_loss_bbox: 0.3653  matched_ious: 0.5100  aux_depth_loss: 0.4273  sec_per_iter: 0.9873  iters_per_sec: 1.0100  samples_per_sec: 16.2100  samples_per_sec_per_gpu: 4.0500  max_mem_allocated_mb: 664.7000  max_mem_reserved_mb: 22048.0000
2026/04/07 22:27:50 - mmengine - INFO - Epoch(train)  [9][1800/5000]  lr: 2.1480e-04  eta: 4:40:13  time: 1.0062  data_time: 0.0230  memory: 17974  grad_norm: 3.5019  loss: 1.1744  loss_heatmap: 0.2894  layer_-1_loss_cls: 0.0678  layer_-1_loss_bbox: 0.3782  matched_ious: 0.5428  aux_depth_loss: 0.4390  sec_per_iter: 0.9866  iters_per_sec: 1.0100  samples_per_sec: 16.2200  samples_per_sec_per_gpu: 4.0500  max_mem_allocated_mb: 664.7000  max_mem_reserved_mb: 22048.0000
2026/04/07 22:28:37 - mmengine - INFO - Epoch(train)  [9][1850/5000]  lr: 2.1383e-04  eta: 4:39:27  time: 0.9323  data_time: 0.0161  memory: 17815  grad_norm: 3.7528  loss: 1.2190  loss_heatmap: 0.3108  layer_-1_loss_cls: 0.0766  layer_-1_loss_bbox: 0.3984  matched_ious: 0.5670  aux_depth_loss: 0.4331  sec_per_iter: 0.9871  iters_per_sec: 1.0100  samples_per_sec: 16.2100  samples_per_sec_per_gpu: 4.0500  max_mem_allocated_mb: 664.7000  max_mem_reserved_mb: 22048.0000
2026/04/07 22:29:28 - mmengine - INFO - Epoch(train)  [9][1900/5000]  lr: 2.1285e-04  eta: 4:38:43  time: 1.0241  data_time: 0.0241  memory: 17776  grad_norm: 2.7028  loss: 1.1475  loss_heatmap: 0.2893  layer_-1_loss_cls: 0.0686  layer_-1_loss_bbox: 0.3749  matched_ious: 0.5874  aux_depth_loss: 0.4146  sec_per_iter: 0.9857  iters_per_sec: 1.0100  samples_per_sec: 16.2300  samples_per_sec_per_gpu: 4.0600  max_mem_allocated_mb: 664.7000  max_mem_reserved_mb: 22048.0000
2026/04/07 22:30:20 - mmengine - INFO - Epoch(train)  [9][1950/5000]  lr: 2.1188e-04  eta: 4:37:59  time: 1.0253  data_time: 0.0264  memory: 17761  grad_norm: 3.0590  loss: 1.1280  loss_heatmap: 0.2677  layer_-1_loss_cls: 0.0695  layer_-1_loss_bbox: 0.3678  matched_ious: 0.5959  aux_depth_loss: 0.4230  sec_per_iter: 0.9868  iters_per_sec: 1.0100  samples_per_sec: 16.2100  samples_per_sec_per_gpu: 4.0500  max_mem_allocated_mb: 664.7000  max_mem_reserved_mb: 22048.0000
2026/04/07 22:31:04 - mmengine - INFO - Exp name: zod_bevfusion_finetune_20260407_104526
2026/04/07 22:31:04 - mmengine - INFO - Epoch(train)  [9][2000/5000]  lr: 2.1091e-04  eta: 4:37:12  time: 0.8853  data_time: 0.0194  memory: 17694  grad_norm: 3.0852  loss: 1.1403  loss_heatmap: 0.2770  layer_-1_loss_cls: 0.0700  layer_-1_loss_bbox: 0.3743  matched_ious: 0.5797  aux_depth_loss: 0.4191  sec_per_iter: 0.9876  iters_per_sec: 1.0100  samples_per_sec: 16.2000  samples_per_sec_per_gpu: 4.0500  max_mem_allocated_mb: 664.7000  max_mem_reserved_mb: 22048.0000
2026/04/07 22:31:56 - mmengine - INFO - Epoch(train)  [9][2050/5000]  lr: 2.0994e-04  eta: 4:36:28  time: 1.0504  data_time: 0.0252  memory: 17652  grad_norm: 2.9345  loss: 1.1746  loss_heatmap: 0.2927  layer_-1_loss_cls: 0.0719  layer_-1_loss_bbox: 0.3878  matched_ious: 0.6157  aux_depth_loss: 0.4222  sec_per_iter: 0.9851  iters_per_sec: 1.0200  samples_per_sec: 16.2400  samples_per_sec_per_gpu: 4.0600  max_mem_allocated_mb: 664.7000  max_mem_reserved_mb: 22048.0000
2026/04/07 22:32:43 - mmengine - INFO - Epoch(train)  [9][2100/5000]  lr: 2.0898e-04  eta: 4:35:42  time: 0.9278  data_time: 0.0255  memory: 17752  grad_norm: 2.9066  loss: 1.1048  loss_heatmap: 0.2691  layer_-1_loss_cls: 0.0675  layer_-1_loss_bbox: 0.3368  matched_ious: 0.5845  aux_depth_loss: 0.4314  sec_per_iter: 0.9867  iters_per_sec: 1.0100  samples_per_sec: 16.2200  samples_per_sec_per_gpu: 4.0500  max_mem_allocated_mb: 664.7000  max_mem_reserved_mb: 22048.0000
2026/04/07 22:33:29 - mmengine - INFO - Epoch(train)  [9][2150/5000]  lr: 2.0801e-04  eta: 4:34:56  time: 0.9294  data_time: 0.0193  memory: 17878  grad_norm: 2.6923  loss: 1.1511  loss_heatmap: 0.2855  layer_-1_loss_cls: 0.0699  layer_-1_loss_bbox: 0.3711  matched_ious: 0.5441  aux_depth_loss: 0.4247  sec_per_iter: 0.9853  iters_per_sec: 1.0100  samples_per_sec: 16.2400  samples_per_sec_per_gpu: 4.0600  max_mem_allocated_mb: 664.7000  max_mem_reserved_mb: 22048.0000
2026/04/07 22:34:18 - mmengine - INFO - Epoch(train)  [9][2200/5000]  lr: 2.0704e-04  eta: 4:34:11  time: 0.9828  data_time: 0.0207  memory: 17575  grad_norm: 2.8736  loss: 1.1610  loss_heatmap: 0.2898  layer_-1_loss_cls: 0.0694  layer_-1_loss_bbox: 0.3811  matched_ious: 0.5461  aux_depth_loss: 0.4207  sec_per_iter: 0.9840  iters_per_sec: 1.0200  samples_per_sec: 16.2600  samples_per_sec_per_gpu: 4.0700  max_mem_allocated_mb: 664.7000  max_mem_reserved_mb: 22048.0000
2026/04/07 22:35:06 - mmengine - INFO - Epoch(train)  [9][2250/5000]  lr: 2.0607e-04  eta: 4:33:25  time: 0.9505  data_time: 0.0254  memory: 17746  grad_norm: 3.7923  loss: 1.1409  loss_heatmap: 0.2814  layer_-1_loss_cls: 0.0714  layer_-1_loss_bbox: 0.3616  matched_ious: 0.5834  aux_depth_loss: 0.4265  sec_per_iter: 0.9839  iters_per_sec: 1.0200  samples_per_sec: 16.2600  samples_per_sec_per_gpu: 4.0700  max_mem_allocated_mb: 664.7000  max_mem_reserved_mb: 22048.0000
2026/04/07 22:35:54 - mmengine - INFO - Epoch(train)  [9][2300/5000]  lr: 2.0511e-04  eta: 4:32:40  time: 0.9597  data_time: 0.0295  memory: 17728  grad_norm: 3.6133  loss: 1.1822  loss_heatmap: 0.3045  layer_-1_loss_cls: 0.0718  layer_-1_loss_bbox: 0.3666  matched_ious: 0.5251  aux_depth_loss: 0.4393  sec_per_iter: 0.9832  iters_per_sec: 1.0200  samples_per_sec: 16.2700  samples_per_sec_per_gpu: 4.0700  max_mem_allocated_mb: 664.7000  max_mem_reserved_mb: 22048.0000
2026/04/07 22:36:41 - mmengine - INFO - Epoch(train)  [9][2350/5000]  lr: 2.0414e-04  eta: 4:31:54  time: 0.9403  data_time: 0.0318  memory: 17773  grad_norm: 3.1575  loss: 1.1149  loss_heatmap: 0.2712  layer_-1_loss_cls: 0.0677  layer_-1_loss_bbox: 0.3439  matched_ious: 0.5723  aux_depth_loss: 0.4321  sec_per_iter: 0.9827  iters_per_sec: 1.0200  samples_per_sec: 16.2800  samples_per_sec_per_gpu: 4.0700  max_mem_allocated_mb: 664.7000  max_mem_reserved_mb: 22048.0000
2026/04/07 22:37:28 - mmengine - INFO - Epoch(train)  [9][2400/5000]  lr: 2.0318e-04  eta: 4:31:08  time: 0.9387  data_time: 0.0211  memory: 17910  grad_norm: 2.7966  loss: 1.1098  loss_heatmap: 0.2672  layer_-1_loss_cls: 0.0688  layer_-1_loss_bbox: 0.3540  matched_ious: 0.5639  aux_depth_loss: 0.4197  sec_per_iter: 0.9818  iters_per_sec: 1.0200  samples_per_sec: 16.3000  samples_per_sec_per_gpu: 4.0700  max_mem_allocated_mb: 664.7000  max_mem_reserved_mb: 22048.0000
2026/04/07 22:38:19 - mmengine - INFO - Epoch(train)  [9][2450/5000]  lr: 2.0221e-04  eta: 4:30:24  time: 1.0200  data_time: 0.0390  memory: 17711  grad_norm: 3.8377  loss: 1.1555  loss_heatmap: 0.2802  layer_-1_loss_cls: 0.0689  layer_-1_loss_bbox: 0.3711  matched_ious: 0.5638  aux_depth_loss: 0.4353  sec_per_iter: 0.9809  iters_per_sec: 1.0200  samples_per_sec: 16.3100  samples_per_sec_per_gpu: 4.0800  max_mem_allocated_mb: 664.7000  max_mem_reserved_mb: 22048.0000
2026/04/07 22:39:12 - mmengine - INFO - Epoch(train)  [9][2500/5000]  lr: 2.0125e-04  eta: 4:29:40  time: 1.0560  data_time: 0.0320  memory: 17769  grad_norm: 3.4117  loss: 1.1707  loss_heatmap: 0.2929  layer_-1_loss_cls: 0.0710  layer_-1_loss_bbox: 0.3814  matched_ious: 0.5350  aux_depth_loss: 0.4254  sec_per_iter: 0.9818  iters_per_sec: 1.0200  samples_per_sec: 16.3000  samples_per_sec_per_gpu: 4.0700  max_mem_allocated_mb: 664.7000  max_mem_reserved_mb: 22048.0000
2026/04/07 22:40:01 - mmengine - INFO - Epoch(train)  [9][2550/5000]  lr: 2.0029e-04  eta: 4:28:55  time: 0.9778  data_time: 0.0512  memory: 17716  grad_norm: 3.9674  loss: 1.1508  loss_heatmap: 0.2694  layer_-1_loss_cls: 0.0688  layer_-1_loss_bbox: 0.3740  matched_ious: 0.5927  aux_depth_loss: 0.4387  sec_per_iter: 0.9832  iters_per_sec: 1.0200  samples_per_sec: 16.2700  samples_per_sec_per_gpu: 4.0700  max_mem_allocated_mb: 664.7000  max_mem_reserved_mb: 22048.0000
2026/04/07 22:40:50 - mmengine - INFO - Epoch(train)  [9][2600/5000]  lr: 1.9933e-04  eta: 4:28:10  time: 0.9949  data_time: 0.0439  memory: 17758  grad_norm: 3.8318  loss: 1.2203  loss_heatmap: 0.3107  layer_-1_loss_cls: 0.0723  layer_-1_loss_bbox: 0.3863  matched_ious: 0.5803  aux_depth_loss: 0.4510  sec_per_iter: 0.9831  iters_per_sec: 1.0200  samples_per_sec: 16.2800  samples_per_sec_per_gpu: 4.0700  max_mem_allocated_mb: 664.7000  max_mem_reserved_mb: 22048.0000
2026/04/07 22:41:36 - mmengine - INFO - Epoch(train)  [9][2650/5000]  lr: 1.9836e-04  eta: 4:27:24  time: 0.9226  data_time: 0.0180  memory: 17880  grad_norm: 2.7819  loss: 1.1877  loss_heatmap: 0.2963  layer_-1_loss_cls: 0.0716  layer_-1_loss_bbox: 0.3917  matched_ious: 0.5241  aux_depth_loss: 0.4281  sec_per_iter: 0.9833  iters_per_sec: 1.0200  samples_per_sec: 16.2700  samples_per_sec_per_gpu: 4.0700  max_mem_allocated_mb: 664.7000  max_mem_reserved_mb: 22048.0000
2026/04/07 22:42:22 - mmengine - INFO - Epoch(train)  [9][2700/5000]  lr: 1.9740e-04  eta: 4:26:38  time: 0.9187  data_time: 0.0202  memory: 17797  grad_norm: 3.5594  loss: 1.1949  loss_heatmap: 0.2996  layer_-1_loss_cls: 0.0724  layer_-1_loss_bbox: 0.3989  matched_ious: 0.5903  aux_depth_loss: 0.4240  sec_per_iter: 0.9822  iters_per_sec: 1.0200  samples_per_sec: 16.2900  samples_per_sec_per_gpu: 4.0700  max_mem_allocated_mb: 664.7000  max_mem_reserved_mb: 22048.0000
2026/04/07 22:43:15 - mmengine - INFO - Epoch(train)  [9][2750/5000]  lr: 1.9644e-04  eta: 4:25:54  time: 1.0600  data_time: 0.0289  memory: 17959  grad_norm: 3.8623  loss: 1.2073  loss_heatmap: 0.3042  layer_-1_loss_cls: 0.0740  layer_-1_loss_bbox: 0.3903  matched_ious: 0.5676  aux_depth_loss: 0.4387  sec_per_iter: 0.9810  iters_per_sec: 1.0200  samples_per_sec: 16.3100  samples_per_sec_per_gpu: 4.0800  max_mem_allocated_mb: 664.7000  max_mem_reserved_mb: 22048.0000
2026/04/07 22:44:02 - mmengine - INFO - Epoch(train)  [9][2800/5000]  lr: 1.9549e-04  eta: 4:25:08  time: 0.9402  data_time: 0.0265  memory: 17781  grad_norm: 3.7009  loss: 1.1898  loss_heatmap: 0.2889  layer_-1_loss_cls: 0.0685  layer_-1_loss_bbox: 0.3961  matched_ious: 0.5644  aux_depth_loss: 0.4363  sec_per_iter: 0.9824  iters_per_sec: 1.0200  samples_per_sec: 16.2900  samples_per_sec_per_gpu: 4.0700  max_mem_allocated_mb: 664.7000  max_mem_reserved_mb: 22048.0000
2026/04/07 22:44:52 - mmengine - INFO - Epoch(train)  [9][2850/5000]  lr: 1.9453e-04  eta: 4:24:23  time: 0.9784  data_time: 0.0253  memory: 17815  grad_norm: 3.4882  loss: 1.1823  loss_heatmap: 0.2967  layer_-1_loss_cls: 0.0697  layer_-1_loss_bbox: 0.3828  matched_ious: 0.5423  aux_depth_loss: 0.4331  sec_per_iter: 0.9817  iters_per_sec: 1.0200  samples_per_sec: 16.3000  samples_per_sec_per_gpu: 4.0700  max_mem_allocated_mb: 664.7000  max_mem_reserved_mb: 22048.0000
2026/04/07 22:45:46 - mmengine - INFO - Epoch(train)  [9][2900/5000]  lr: 1.9357e-04  eta: 4:23:40  time: 1.0943  data_time: 0.0287  memory: 17889  grad_norm: 3.0792  loss: 1.1842  loss_heatmap: 0.2945  layer_-1_loss_cls: 0.0725  layer_-1_loss_bbox: 0.3935  matched_ious: 0.5583  aux_depth_loss: 0.4237  sec_per_iter: 0.9817  iters_per_sec: 1.0200  samples_per_sec: 16.3000  samples_per_sec_per_gpu: 4.0700  max_mem_allocated_mb: 664.7000  max_mem_reserved_mb: 22048.0000
2026/04/07 22:46:33 - mmengine - INFO - Epoch(train)  [9][2950/5000]  lr: 1.9262e-04  eta: 4:22:54  time: 0.9306  data_time: 0.0200  memory: 17827  grad_norm: 3.4659  loss: 1.1758  loss_heatmap: 0.2834  layer_-1_loss_cls: 0.0669  layer_-1_loss_bbox: 0.3957  matched_ious: 0.6210  aux_depth_loss: 0.4297  sec_per_iter: 0.9836  iters_per_sec: 1.0200  samples_per_sec: 16.2700  samples_per_sec_per_gpu: 4.0700  max_mem_allocated_mb: 664.7000  max_mem_reserved_mb: 22048.0000
2026/04/07 22:47:22 - mmengine - INFO - Exp name: zod_bevfusion_finetune_20260407_104526
2026/04/07 22:47:22 - mmengine - INFO - Epoch(train)  [9][3000/5000]  lr: 1.9166e-04  eta: 4:22:09  time: 0.9795  data_time: 0.0185  memory: 17864  grad_norm: 2.8828  loss: 1.1064  loss_heatmap: 0.2672  layer_-1_loss_cls: 0.0645  layer_-1_loss_bbox: 0.3459  matched_ious: 0.6152  aux_depth_loss: 0.4287  sec_per_iter: 0.9827  iters_per_sec: 1.0200  samples_per_sec: 16.2800  samples_per_sec_per_gpu: 4.0700  max_mem_allocated_mb: 664.7000  max_mem_reserved_mb: 22048.0000
2026/04/07 22:48:14 - mmengine - INFO - Epoch(train)  [9][3050/5000]  lr: 1.9071e-04  eta: 4:21:25  time: 1.0542  data_time: 0.0200  memory: 17721  grad_norm: 2.9331  loss: 1.2032  loss_heatmap: 0.2970  layer_-1_loss_cls: 0.0696  layer_-1_loss_bbox: 0.4128  matched_ious: 0.5785  aux_depth_loss: 0.4237  sec_per_iter: 0.9826  iters_per_sec: 1.0200  samples_per_sec: 16.2800  samples_per_sec_per_gpu: 4.0700  max_mem_allocated_mb: 664.7000  max_mem_reserved_mb: 22048.0000
2026/04/07 22:49:04 - mmengine - INFO - Epoch(train)  [9][3100/5000]  lr: 1.8975e-04  eta: 4:20:40  time: 0.9856  data_time: 0.0312  memory: 17763  grad_norm: 3.4167  loss: 1.1877  loss_heatmap: 0.3001  layer_-1_loss_cls: 0.0726  layer_-1_loss_bbox: 0.3911  matched_ious: 0.5832  aux_depth_loss: 0.4238  sec_per_iter: 0.9838  iters_per_sec: 1.0200  samples_per_sec: 16.2600  samples_per_sec_per_gpu: 4.0700  max_mem_allocated_mb: 664.7000  max_mem_reserved_mb: 22048.0000
2026/04/07 22:49:55 - mmengine - INFO - Epoch(train)  [9][3150/5000]  lr: 1.8880e-04  eta: 4:19:56  time: 1.0380  data_time: 0.0351  memory: 17748  grad_norm: 2.9976  loss: 1.1306  loss_heatmap: 0.2767  layer_-1_loss_cls: 0.0664  layer_-1_loss_bbox: 0.3573  matched_ious: 0.6091  aux_depth_loss: 0.4303  sec_per_iter: 0.9838  iters_per_sec: 1.0200  samples_per_sec: 16.2600  samples_per_sec_per_gpu: 4.0700  max_mem_allocated_mb: 664.7000  max_mem_reserved_mb: 22048.0000
2026/04/07 22:50:45 - mmengine - INFO - Epoch(train)  [9][3200/5000]  lr: 1.8785e-04  eta: 4:19:11  time: 0.9840  data_time: 0.0255  memory: 17784  grad_norm: 3.0560  loss: 1.1231  loss_heatmap: 0.2792  layer_-1_loss_cls: 0.0712  layer_-1_loss_bbox: 0.3531  matched_ious: 0.5980  aux_depth_loss: 0.4196  sec_per_iter: 0.9847  iters_per_sec: 1.0200  samples_per_sec: 16.2500  samples_per_sec_per_gpu: 4.0600  max_mem_allocated_mb: 664.7000  max_mem_reserved_mb: 22048.0000
2026/04/07 22:51:33 - mmengine - INFO - Epoch(train)  [9][3250/5000]  lr: 1.8690e-04  eta: 4:18:25  time: 0.9560  data_time: 0.0226  memory: 17933  grad_norm: 3.0316  loss: 1.1579  loss_heatmap: 0.2886  layer_-1_loss_cls: 0.0706  layer_-1_loss_bbox: 0.3792  matched_ious: 0.5909  aux_depth_loss: 0.4195  sec_per_iter: 0.9847  iters_per_sec: 1.0200  samples_per_sec: 16.2500  samples_per_sec_per_gpu: 4.0600  max_mem_allocated_mb: 664.7000  max_mem_reserved_mb: 22048.0000
2026/04/07 22:52:20 - mmengine - INFO - Epoch(train)  [9][3300/5000]  lr: 1.8595e-04  eta: 4:17:39  time: 0.9510  data_time: 0.0405  memory: 17686  grad_norm: 3.6570  loss: 1.1690  loss_heatmap: 0.2924  layer_-1_loss_cls: 0.0722  layer_-1_loss_bbox: 0.3728  matched_ious: 0.6074  aux_depth_loss: 0.4315  sec_per_iter: 0.9843  iters_per_sec: 1.0200  samples_per_sec: 16.2600  samples_per_sec_per_gpu: 4.0600  max_mem_allocated_mb: 664.7000  max_mem_reserved_mb: 22048.0000
2026/04/07 22:53:09 - mmengine - INFO - Epoch(train)  [9][3350/5000]  lr: 1.8500e-04  eta: 4:16:54  time: 0.9879  data_time: 0.0248  memory: 17729  grad_norm: 4.7002  loss: 1.1884  loss_heatmap: 0.2930  layer_-1_loss_cls: 0.0699  layer_-1_loss_bbox: 0.3806  matched_ious: 0.5784  aux_depth_loss: 0.4448  sec_per_iter: 0.9837  iters_per_sec: 1.0200  samples_per_sec: 16.2600  samples_per_sec_per_gpu: 4.0700  max_mem_allocated_mb: 664.7000  max_mem_reserved_mb: 22048.0000
2026/04/07 22:53:57 - mmengine - INFO - Epoch(train)  [9][3400/5000]  lr: 1.8405e-04  eta: 4:16:09  time: 0.9532  data_time: 0.0231  memory: 17756  grad_norm: 3.2911  loss: 1.1404  loss_heatmap: 0.2701  layer_-1_loss_cls: 0.0699  layer_-1_loss_bbox: 0.3738  matched_ious: 0.5902  aux_depth_loss: 0.4265  sec_per_iter: 0.9838  iters_per_sec: 1.0200  samples_per_sec: 16.2600  samples_per_sec_per_gpu: 4.0700  max_mem_allocated_mb: 664.7000  max_mem_reserved_mb: 22048.0000
2026/04/07 22:54:46 - mmengine - INFO - Epoch(train)  [9][3450/5000]  lr: 1.8311e-04  eta: 4:15:23  time: 0.9803  data_time: 0.0241  memory: 17785  grad_norm: 2.8589  loss: 1.1057  loss_heatmap: 0.2576  layer_-1_loss_cls: 0.0656  layer_-1_loss_bbox: 0.3585  matched_ious: 0.6474  aux_depth_loss: 0.4240  sec_per_iter: 0.9833  iters_per_sec: 1.0200  samples_per_sec: 16.2700  samples_per_sec_per_gpu: 4.0700  max_mem_allocated_mb: 664.7000  max_mem_reserved_mb: 22048.0000
2026/04/07 22:55:34 - mmengine - INFO - Epoch(train)  [9][3500/5000]  lr: 1.8216e-04  eta: 4:14:38  time: 0.9652  data_time: 0.0167  memory: 17785  grad_norm: 3.2515  loss: 1.1433  loss_heatmap: 0.2733  layer_-1_loss_cls: 0.0657  layer_-1_loss_bbox: 0.3683  matched_ious: 0.5955  aux_depth_loss: 0.4360  sec_per_iter: 0.9833  iters_per_sec: 1.0200  samples_per_sec: 16.2700  samples_per_sec_per_gpu: 4.0700  max_mem_allocated_mb: 664.7000  max_mem_reserved_mb: 22048.0000
2026/04/07 22:56:24 - mmengine - INFO - Epoch(train)  [9][3550/5000]  lr: 1.8122e-04  eta: 4:13:53  time: 0.9905  data_time: 0.0298  memory: 17840  grad_norm: 3.3512  loss: 1.1120  loss_heatmap: 0.2652  layer_-1_loss_cls: 0.0658  layer_-1_loss_bbox: 0.3666  matched_ious: 0.5087  aux_depth_loss: 0.4143  sec_per_iter: 0.9831  iters_per_sec: 1.0200  samples_per_sec: 16.2800  samples_per_sec_per_gpu: 4.0700  max_mem_allocated_mb: 664.7000  max_mem_reserved_mb: 22048.0000
2026/04/07 22:57:16 - mmengine - INFO - Epoch(train)  [9][3600/5000]  lr: 1.8027e-04  eta: 4:13:09  time: 1.0514  data_time: 0.0492  memory: 17773  grad_norm: 2.9929  loss: 1.1469  loss_heatmap: 0.2757  layer_-1_loss_cls: 0.0675  layer_-1_loss_bbox: 0.3757  matched_ious: 0.5072  aux_depth_loss: 0.4281  sec_per_iter: 0.9832  iters_per_sec: 1.0200  samples_per_sec: 16.2700  samples_per_sec_per_gpu: 4.0700  max_mem_allocated_mb: 664.7000  max_mem_reserved_mb: 22048.0000
2026/04/07 22:58:03 - mmengine - INFO - Epoch(train)  [9][3650/5000]  lr: 1.7933e-04  eta: 4:12:23  time: 0.9342  data_time: 0.0175  memory: 17953  grad_norm: 3.5417  loss: 1.1741  loss_heatmap: 0.3025  layer_-1_loss_cls: 0.0692  layer_-1_loss_bbox: 0.3730  matched_ious: 0.5773  aux_depth_loss: 0.4294  sec_per_iter: 0.9841  iters_per_sec: 1.0200  samples_per_sec: 16.2600  samples_per_sec_per_gpu: 4.0600  max_mem_allocated_mb: 664.7000  max_mem_reserved_mb: 22048.0000
2026/04/07 22:58:51 - mmengine - INFO - Epoch(train)  [9][3700/5000]  lr: 1.7839e-04  eta: 4:11:37  time: 0.9478  data_time: 0.0237  memory: 17663  grad_norm: 2.8532  loss: 1.1639  loss_heatmap: 0.2888  layer_-1_loss_cls: 0.0684  layer_-1_loss_bbox: 0.3941  matched_ious: 0.6315  aux_depth_loss: 0.4127  sec_per_iter: 0.9835  iters_per_sec: 1.0200  samples_per_sec: 16.2700  samples_per_sec_per_gpu: 4.0700  max_mem_allocated_mb: 664.7000  max_mem_reserved_mb: 22048.0000
2026/04/07 22:59:37 - mmengine - INFO - Epoch(train)  [9][3750/5000]  lr: 1.7745e-04  eta: 4:10:50  time: 0.9194  data_time: 0.0261  memory: 17746  grad_norm: 3.4289  loss: 1.1565  loss_heatmap: 0.2764  layer_-1_loss_cls: 0.0665  layer_-1_loss_bbox: 0.3951  matched_ious: 0.6128  aux_depth_loss: 0.4184  sec_per_iter: 0.9829  iters_per_sec: 1.0200  samples_per_sec: 16.2800  samples_per_sec_per_gpu: 4.0700  max_mem_allocated_mb: 664.7000  max_mem_reserved_mb: 22048.0000
2026/04/07 23:00:26 - mmengine - INFO - Epoch(train)  [9][3800/5000]  lr: 1.7651e-04  eta: 4:10:05  time: 0.9881  data_time: 0.0245  memory: 17683  grad_norm: 3.0679  loss: 1.1016  loss_heatmap: 0.2731  layer_-1_loss_cls: 0.0684  layer_-1_loss_bbox: 0.3445  matched_ious: 0.5754  aux_depth_loss: 0.4156  sec_per_iter: 0.9821  iters_per_sec: 1.0200  samples_per_sec: 16.2900  samples_per_sec_per_gpu: 4.0700  max_mem_allocated_mb: 664.7000  max_mem_reserved_mb: 22048.0000
2026/04/07 23:01:11 - mmengine - INFO - Epoch(train)  [9][3850/5000]  lr: 1.7557e-04  eta: 4:09:18  time: 0.8914  data_time: 0.0165  memory: 17681  grad_norm: 3.2219  loss: 1.1438  loss_heatmap: 0.2888  layer_-1_loss_cls: 0.0709  layer_-1_loss_bbox: 0.3637  matched_ious: 0.5122  aux_depth_loss: 0.4204  sec_per_iter: 0.9822  iters_per_sec: 1.0200  samples_per_sec: 16.2900  samples_per_sec_per_gpu: 4.0700  max_mem_allocated_mb: 664.7000  max_mem_reserved_mb: 22048.0000
2026/04/07 23:02:03 - mmengine - INFO - Epoch(train)  [9][3900/5000]  lr: 1.7464e-04  eta: 4:08:34  time: 1.0573  data_time: 0.0206  memory: 17751  grad_norm: 3.3391  loss: 1.1502  loss_heatmap: 0.2700  layer_-1_loss_cls: 0.0653  layer_-1_loss_bbox: 0.3935  matched_ious: 0.5386  aux_depth_loss: 0.4214  sec_per_iter: 0.9810  iters_per_sec: 1.0200  samples_per_sec: 16.3100  samples_per_sec_per_gpu: 4.0800  max_mem_allocated_mb: 664.7000  max_mem_reserved_mb: 22048.0000
2026/04/07 23:02:55 - mmengine - INFO - Epoch(train)  [9][3950/5000]  lr: 1.7370e-04  eta: 4:07:50  time: 1.0311  data_time: 0.0207  memory: 17815  grad_norm: 3.5689  loss: 1.1346  loss_heatmap: 0.2788  layer_-1_loss_cls: 0.0698  layer_-1_loss_bbox: 0.3642  matched_ious: 0.5637  aux_depth_loss: 0.4219  sec_per_iter: 0.9820  iters_per_sec: 1.0200  samples_per_sec: 16.2900  samples_per_sec_per_gpu: 4.0700  max_mem_allocated_mb: 664.7000  max_mem_reserved_mb: 22048.0000
2026/04/07 23:03:41 - mmengine - INFO - Exp name: zod_bevfusion_finetune_20260407_104526
2026/04/07 23:03:41 - mmengine - INFO - Epoch(train)  [9][4000/5000]  lr: 1.7277e-04  eta: 4:07:03  time: 0.9153  data_time: 0.0205  memory: 17807  grad_norm: 3.5358  loss: 1.1352  loss_heatmap: 0.2751  layer_-1_loss_cls: 0.0667  layer_-1_loss_bbox: 0.3670  matched_ious: 0.5684  aux_depth_loss: 0.4264  sec_per_iter: 0.9826  iters_per_sec: 1.0200  samples_per_sec: 16.2800  samples_per_sec_per_gpu: 4.0700  max_mem_allocated_mb: 664.7000  max_mem_reserved_mb: 22048.0000
2026/04/07 23:04:31 - mmengine - INFO - Epoch(train)  [9][4050/5000]  lr: 1.7183e-04  eta: 4:06:18  time: 0.9962  data_time: 0.0223  memory: 17753  grad_norm: 2.7872  loss: 1.0868  loss_heatmap: 0.2604  layer_-1_loss_cls: 0.0647  layer_-1_loss_bbox: 0.3498  matched_ious: 0.5451  aux_depth_loss: 0.4119  sec_per_iter: 0.9817  iters_per_sec: 1.0200  samples_per_sec: 16.3000  samples_per_sec_per_gpu: 4.0700  max_mem_allocated_mb: 664.7000  max_mem_reserved_mb: 22048.0000
2026/04/07 23:05:20 - mmengine - INFO - Epoch(train)  [9][4100/5000]  lr: 1.7090e-04  eta: 4:05:33  time: 0.9888  data_time: 0.0368  memory: 17854  grad_norm: 3.7278  loss: 1.1215  loss_heatmap: 0.2703  layer_-1_loss_cls: 0.0688  layer_-1_loss_bbox: 0.3635  matched_ious: 0.5797  aux_depth_loss: 0.4188  sec_per_iter: 0.9819  iters_per_sec: 1.0200  samples_per_sec: 16.2900  samples_per_sec_per_gpu: 4.0700  max_mem_allocated_mb: 664.7000  max_mem_reserved_mb: 22048.0000
2026/04/07 23:06:10 - mmengine - INFO - Epoch(train)  [9][4150/5000]  lr: 1.6997e-04  eta: 4:04:48  time: 0.9908  data_time: 0.0149  memory: 17715  grad_norm: 4.2004  loss: 1.1147  loss_heatmap: 0.2707  layer_-1_loss_cls: 0.0699  layer_-1_loss_bbox: 0.3445  matched_ious: 0.6178  aux_depth_loss: 0.4296  sec_per_iter: 0.9820  iters_per_sec: 1.0200  samples_per_sec: 16.2900  samples_per_sec_per_gpu: 4.0700  max_mem_allocated_mb: 664.7000  max_mem_reserved_mb: 22048.0000
2026/04/07 23:06:59 - mmengine - INFO - Epoch(train)  [9][4200/5000]  lr: 1.6904e-04  eta: 4:04:03  time: 0.9878  data_time: 0.0151  memory: 17717  grad_norm: 3.9930  loss: 1.1663  loss_heatmap: 0.2939  layer_-1_loss_cls: 0.0739  layer_-1_loss_bbox: 0.3670  matched_ious: 0.5944  aux_depth_loss: 0.4315  sec_per_iter: 0.9821  iters_per_sec: 1.0200  samples_per_sec: 16.2900  samples_per_sec_per_gpu: 4.0700  max_mem_allocated_mb: 664.7000  max_mem_reserved_mb: 22048.0000
2026/04/07 23:07:49 - mmengine - INFO - Epoch(train)  [9][4250/5000]  lr: 1.6811e-04  eta: 4:03:17  time: 0.9948  data_time: 0.0179  memory: 17782  grad_norm: 3.1258  loss: 1.1339  loss_heatmap: 0.2772  layer_-1_loss_cls: 0.0704  layer_-1_loss_bbox: 0.3626  matched_ious: 0.5516  aux_depth_loss: 0.4238  sec_per_iter: 0.9822  iters_per_sec: 1.0200  samples_per_sec: 16.2900  samples_per_sec_per_gpu: 4.0700  max_mem_allocated_mb: 664.7000  max_mem_reserved_mb: 22048.0000
2026/04/07 23:08:39 - mmengine - INFO - Epoch(train)  [9][4300/5000]  lr: 1.6719e-04  eta: 4:02:32  time: 1.0026  data_time: 0.0232  memory: 17778  grad_norm: 3.0256  loss: 1.1375  loss_heatmap: 0.2678  layer_-1_loss_cls: 0.0672  layer_-1_loss_bbox: 0.3840  matched_ious: 0.5712  aux_depth_loss: 0.4185  sec_per_iter: 0.9823  iters_per_sec: 1.0200  samples_per_sec: 16.2900  samples_per_sec_per_gpu: 4.0700  max_mem_allocated_mb: 664.7000  max_mem_reserved_mb: 22048.0000
2026/04/07 23:09:27 - mmengine - INFO - Epoch(train)  [9][4350/5000]  lr: 1.6626e-04  eta: 4:01:47  time: 0.9608  data_time: 0.0246  memory: 17774  grad_norm: 3.0499  loss: 1.0988  loss_heatmap: 0.2655  layer_-1_loss_cls: 0.0663  layer_-1_loss_bbox: 0.3449  matched_ious: 0.5150  aux_depth_loss: 0.4220  sec_per_iter: 0.9826  iters_per_sec: 1.0200  samples_per_sec: 16.2800  samples_per_sec_per_gpu: 4.0700  max_mem_allocated_mb: 664.7000  max_mem_reserved_mb: 22048.0000
2026/04/07 23:10:14 - mmengine - INFO - Epoch(train)  [9][4400/5000]  lr: 1.6534e-04  eta: 4:01:01  time: 0.9401  data_time: 0.0229  memory: 17937  grad_norm: 3.1715  loss: 1.1053  loss_heatmap: 0.2638  layer_-1_loss_cls: 0.0669  layer_-1_loss_bbox: 0.3564  matched_ious: 0.5675  aux_depth_loss: 0.4183  sec_per_iter: 0.9824  iters_per_sec: 1.0200  samples_per_sec: 16.2900  samples_per_sec_per_gpu: 4.0700  max_mem_allocated_mb: 664.7000  max_mem_reserved_mb: 22048.0000
2026/04/07 23:11:02 - mmengine - INFO - Epoch(train)  [9][4450/5000]  lr: 1.6441e-04  eta: 4:00:15  time: 0.9736  data_time: 0.0261  memory: 17785  grad_norm: 3.4139  loss: 1.1390  loss_heatmap: 0.2872  layer_-1_loss_cls: 0.0714  layer_-1_loss_bbox: 0.3598  matched_ious: 0.5830  aux_depth_loss: 0.4205  sec_per_iter: 0.9819  iters_per_sec: 1.0200  samples_per_sec: 16.3000  samples_per_sec_per_gpu: 4.0700  max_mem_allocated_mb: 664.7000  max_mem_reserved_mb: 22048.0000
2026/04/07 23:11:52 - mmengine - INFO - Epoch(train)  [9][4500/5000]  lr: 1.6349e-04  eta: 3:59:30  time: 0.9849  data_time: 0.0285  memory: 17845  grad_norm: inf  loss: 1.1207  loss_heatmap: 0.2790  layer_-1_loss_cls: 0.0663  layer_-1_loss_bbox: 0.3580  matched_ious: 0.5310  aux_depth_loss: 0.4174  sec_per_iter: 0.9818  iters_per_sec: 1.0200  samples_per_sec: 16.3000  samples_per_sec_per_gpu: 4.0700  max_mem_allocated_mb: 664.7000  max_mem_reserved_mb: 22048.0000
2026/04/07 23:12:45 - mmengine - INFO - Epoch(train)  [9][4550/5000]  lr: 1.6257e-04  eta: 3:58:46  time: 1.0558  data_time: 0.0339  memory: 18016  grad_norm: 3.2883  loss: 1.1517  loss_heatmap: 0.2818  layer_-1_loss_cls: 0.0690  layer_-1_loss_bbox: 0.3773  matched_ious: 0.6165  aux_depth_loss: 0.4237  sec_per_iter: 0.9818  iters_per_sec: 1.0200  samples_per_sec: 16.3000  samples_per_sec_per_gpu: 4.0700  max_mem_allocated_mb: 664.7000  max_mem_reserved_mb: 22048.0000
2026/04/07 23:13:30 - mmengine - INFO - Epoch(train)  [9][4600/5000]  lr: 1.6165e-04  eta: 3:57:59  time: 0.9023  data_time: 0.0234  memory: 17705  grad_norm: 3.4942  loss: 1.0869  loss_heatmap: 0.2527  layer_-1_loss_cls: 0.0664  layer_-1_loss_bbox: 0.3435  matched_ious: 0.6218  aux_depth_loss: 0.4243  sec_per_iter: 0.9827  iters_per_sec: 1.0200  samples_per_sec: 16.2800  samples_per_sec_per_gpu: 4.0700  max_mem_allocated_mb: 664.7000  max_mem_reserved_mb: 22048.0000
2026/04/07 23:14:18 - mmengine - INFO - Epoch(train)  [9][4650/5000]  lr: 1.6074e-04  eta: 3:57:13  time: 0.9637  data_time: 0.0235  memory: 17825  grad_norm: 3.3219  loss: 1.1128  loss_heatmap: 0.2664  layer_-1_loss_cls: 0.0678  layer_-1_loss_bbox: 0.3601  matched_ious: 0.6304  aux_depth_loss: 0.4186  sec_per_iter: 0.9817  iters_per_sec: 1.0200  samples_per_sec: 16.3000  samples_per_sec_per_gpu: 4.0700  max_mem_allocated_mb: 664.7000  max_mem_reserved_mb: 22048.0000
2026/04/07 23:15:04 - mmengine - INFO - Epoch(train)  [9][4700/5000]  lr: 1.5982e-04  eta: 3:56:27  time: 0.9240  data_time: 0.0145  memory: 17694  grad_norm: 3.7906  loss: 1.1485  loss_heatmap: 0.2804  layer_-1_loss_cls: 0.0670  layer_-1_loss_bbox: 0.3787  matched_ious: 0.5646  aux_depth_loss: 0.4223  sec_per_iter: 0.9815  iters_per_sec: 1.0200  samples_per_sec: 16.3000  samples_per_sec_per_gpu: 4.0800  max_mem_allocated_mb: 664.7000  max_mem_reserved_mb: 22048.0000
2026/04/07 23:15:50 - mmengine - INFO - Epoch(train)  [9][4750/5000]  lr: 1.5890e-04  eta: 3:55:40  time: 0.9282  data_time: 0.0185  memory: 17732  grad_norm: 3.3502  loss: 1.1429  loss_heatmap: 0.2728  layer_-1_loss_cls: 0.0655  layer_-1_loss_bbox: 0.3858  matched_ious: 0.5823  aux_depth_loss: 0.4188  sec_per_iter: 0.9809  iters_per_sec: 1.0200  samples_per_sec: 16.3100  samples_per_sec_per_gpu: 4.0800  max_mem_allocated_mb: 664.7000  max_mem_reserved_mb: 22048.0000
2026/04/07 23:16:40 - mmengine - INFO - Epoch(train)  [9][4800/5000]  lr: 1.5799e-04  eta: 3:54:55  time: 0.9926  data_time: 0.0486  memory: 17717  grad_norm: 3.5687  loss: 1.1504  loss_heatmap: 0.2815  layer_-1_loss_cls: 0.0713  layer_-1_loss_bbox: 0.3741  matched_ious: 0.5872  aux_depth_loss: 0.4236  sec_per_iter: 0.9804  iters_per_sec: 1.0200  samples_per_sec: 16.3200  samples_per_sec_per_gpu: 4.0800  max_mem_allocated_mb: 664.7000  max_mem_reserved_mb: 22048.0000
2026/04/07 23:17:33 - mmengine - INFO - Epoch(train)  [9][4850/5000]  lr: 1.5708e-04  eta: 3:54:11  time: 1.0671  data_time: 0.0205  memory: 17708  grad_norm: 3.7583  loss: 1.1608  loss_heatmap: 0.2870  layer_-1_loss_cls: 0.0711  layer_-1_loss_bbox: 0.3719  matched_ious: 0.5893  aux_depth_loss: 0.4307  sec_per_iter: 0.9805  iters_per_sec: 1.0200  samples_per_sec: 16.3200  samples_per_sec_per_gpu: 4.0800  max_mem_allocated_mb: 664.7000  max_mem_reserved_mb: 22048.0000
2026/04/07 23:18:28 - mmengine - INFO - Epoch(train)  [9][4900/5000]  lr: 1.5617e-04  eta: 3:53:27  time: 1.0832  data_time: 0.0308  memory: 17871  grad_norm: 2.9790  loss: 1.0912  loss_heatmap: 0.2515  layer_-1_loss_cls: 0.0638  layer_-1_loss_bbox: 0.3565  matched_ious: 0.5547  aux_depth_loss: 0.4195  sec_per_iter: 0.9814  iters_per_sec: 1.0200  samples_per_sec: 16.3000  samples_per_sec_per_gpu: 4.0800  max_mem_allocated_mb: 664.7000  max_mem_reserved_mb: 22048.0000
2026/04/07 23:19:16 - mmengine - INFO - Epoch(train)  [9][4950/5000]  lr: 1.5526e-04  eta: 3:52:42  time: 0.9732  data_time: 0.0289  memory: 17788  grad_norm: 2.9052  loss: 1.1683  loss_heatmap: 0.2830  layer_-1_loss_cls: 0.0701  layer_-1_loss_bbox: 0.4040  matched_ious: 0.5589  aux_depth_loss: 0.4112  sec_per_iter: 0.9824  iters_per_sec: 1.0200  samples_per_sec: 16.2900  samples_per_sec_per_gpu: 4.0700  max_mem_allocated_mb: 664.7000  max_mem_reserved_mb: 22048.0000
2026/04/07 23:20:13 - mmengine - INFO - Exp name: zod_bevfusion_finetune_20260407_104526
2026/04/07 23:20:13 - mmengine - INFO - Epoch(train)  [9][5000/5000]  lr: 1.5435e-04  eta: 3:51:59  time: 1.1257  data_time: 0.0418  memory: 17723  grad_norm: 3.5410  loss: 1.1290  loss_heatmap: 0.2652  layer_-1_loss_cls: 0.0670  layer_-1_loss_bbox: 0.3752  matched_ious: 0.5542  aux_depth_loss: 0.4216  sec_per_iter: 0.9823  iters_per_sec: 1.0200  samples_per_sec: 16.2900  samples_per_sec_per_gpu: 4.0700  max_mem_allocated_mb: 664.7000  max_mem_reserved_mb: 22048.0000
2026/04/07 23:20:13 - mmengine - INFO - [Efficiency] Epoch 9: wall=4918.9s  iters=5000  sec/iter=0.984  mem_alloc=665MB  mem_rsv=22048MB
2026/04/07 23:20:25 - mmengine - INFO - Epoch(val)  [9][  50/1250]    eta: 0:04:51  time: 0.2430  data_time: 0.0117  memory: 4779  
2026/04/07 23:20:40 - mmengine - INFO - Epoch(val)  [9][ 100/1250]    eta: 0:05:10  time: 0.2969  data_time: 0.0063  memory: 4784  
2026/04/07 23:20:53 - mmengine - INFO - Epoch(val)  [9][ 150/1250]    eta: 0:04:52  time: 0.2585  data_time: 0.0072  memory: 4788  
2026/04/07 23:21:05 - mmengine - INFO - Epoch(val)  [9][ 200/1250]    eta: 0:04:36  time: 0.2557  data_time: 0.0057  memory: 4785  
2026/04/07 23:21:18 - mmengine - INFO - Epoch(val)  [9][ 250/1250]    eta: 0:04:21  time: 0.2537  data_time: 0.0072  memory: 4775  
2026/04/07 23:21:31 - mmengine - INFO - Epoch(val)  [9][ 300/1250]    eta: 0:04:07  time: 0.2572  data_time: 0.0060  memory: 4783  
2026/04/07 23:21:44 - mmengine - INFO - Epoch(val)  [9][ 350/1250]    eta: 0:03:55  time: 0.2692  data_time: 0.0067  memory: 4785  
2026/04/07 23:21:57 - mmengine - INFO - Epoch(val)  [9][ 400/1250]    eta: 0:03:42  time: 0.2561  data_time: 0.0062  memory: 4775  
2026/04/07 23:22:10 - mmengine - INFO - Epoch(val)  [9][ 450/1250]    eta: 0:03:27  time: 0.2471  data_time: 0.0071  memory: 4779  
2026/04/07 23:22:24 - mmengine - INFO - Epoch(val)  [9][ 500/1250]    eta: 0:03:16  time: 0.2841  data_time: 0.0062  memory: 4778  
2026/04/07 23:22:37 - mmengine - INFO - Epoch(val)  [9][ 550/1250]    eta: 0:03:04  time: 0.2714  data_time: 0.0069  memory: 4778  
2026/04/07 23:22:51 - mmengine - INFO - Epoch(val)  [9][ 600/1250]    eta: 0:02:51  time: 0.2694  data_time: 0.0075  memory: 4782  
2026/04/07 23:23:03 - mmengine - INFO - Epoch(val)  [9][ 650/1250]    eta: 0:02:36  time: 0.2385  data_time: 0.0054  memory: 4782  
2026/04/07 23:23:16 - mmengine - INFO - Epoch(val)  [9][ 700/1250]    eta: 0:02:23  time: 0.2623  data_time: 0.0083  memory: 4779  
2026/04/07 23:23:30 - mmengine - INFO - Epoch(val)  [9][ 750/1250]    eta: 0:02:11  time: 0.2714  data_time: 0.0058  memory: 4781  
2026/04/07 23:23:42 - mmengine - INFO - Epoch(val)  [9][ 800/1250]    eta: 0:01:57  time: 0.2442  data_time: 0.0048  memory: 4776  
2026/04/07 23:23:55 - mmengine - INFO - Epoch(val)  [9][ 850/1250]    eta: 0:01:44  time: 0.2641  data_time: 0.0052  memory: 4781  
2026/04/07 23:24:08 - mmengine - INFO - Epoch(val)  [9][ 900/1250]    eta: 0:01:31  time: 0.2525  data_time: 0.0056  memory: 4786  
2026/04/07 23:24:21 - mmengine - INFO - Epoch(val)  [9][ 950/1250]    eta: 0:01:18  time: 0.2598  data_time: 0.0069  memory: 4782  
2026/04/07 23:24:32 - mmengine - INFO - Epoch(val)  [9][1000/1250]    eta: 0:01:04  time: 0.2373  data_time: 0.0056  memory: 4785  
2026/04/07 23:24:45 - mmengine - INFO - Epoch(val)  [9][1050/1250]    eta: 0:00:51  time: 0.2438  data_time: 0.0049  memory: 4785  
2026/04/07 23:24:58 - mmengine - INFO - Epoch(val)  [9][1100/1250]    eta: 0:00:38  time: 0.2713  data_time: 0.0050  memory: 4785  
2026/04/07 23:25:10 - mmengine - INFO - Epoch(val)  [9][1150/1250]    eta: 0:00:25  time: 0.2409  data_time: 0.0047  memory: 4780  
2026/04/07 23:25:23 - mmengine - INFO - Epoch(val)  [9][1200/1250]    eta: 0:00:12  time: 0.2600  data_time: 0.0050  memory: 4778  
2026/04/07 23:25:35 - mmengine - INFO - Epoch(val)  [9][1250/1250]    eta: 0:00:00  time: 0.2346  data_time: 0.0056  memory: 4782  
2026/04/07 23:26:51 - mmengine - INFO - 
+------------+---------+---------+---------+---------+
| classes    | AP_0.25 | AR_0.25 | AP_0.50 | AR_0.50 |
+------------+---------+---------+---------+---------+
| pedestrian | 0.7628  | 0.9370  | 0.5402  | 0.7156  |
+------------+---------+---------+---------+---------+
| Overall    | 0.7628  | 0.9370  | 0.5402  | 0.7156  |
+------------+---------+---------+---------+---------+
2026/04/07 23:27:23 - mmengine - INFO - 
+------------+---------+---------+---------+---------+---------+---------+---------+---------+
| classes    | AP_0.5m | AR_0.5m | AP_1.0m | AR_1.0m | AP_2.0m | AR_2.0m | AP_4.0m | AR_4.0m |
+------------+---------+---------+---------+---------+---------+---------+---------+---------+
| pedestrian | 0.7819  | 0.9633  | 0.7905  | 0.9701  | 0.7961  | 0.9744  | 0.8036  | 0.9809  |
+------------+---------+---------+---------+---------+---------+---------+---------+---------+
| Overall    | 0.7819  | 0.9633  | 0.7905  | 0.9701  | 0.7961  | 0.9744  | 0.8036  | 0.9809  |
+------------+---------+---------+---------+---------+---------+---------+---------+---------+
2026/04/07 23:27:25 - mmengine - INFO - Epoch(val) [9][1250/1250]    pedestrian_AP_0.25: 0.7628  mAP_0.25: 0.7628  pedestrian_rec_0.25: 0.9370  mAR_0.25: 0.9370  pedestrian_AP_0.50: 0.5402  mAP_0.50: 0.5402  pedestrian_rec_0.50: 0.7156  mAR_0.50: 0.7156  pedestrian_AP_0.5m: 0.7819  pedestrian_rec_0.5m: 0.9633  pedestrian_AP_1.0m: 0.7905  pedestrian_rec_1.0m: 0.9701  pedestrian_AP_2.0m: 0.7961  pedestrian_rec_2.0m: 0.9744  pedestrian_AP_4.0m: 0.8036  pedestrian_rec_4.0m: 0.9809  mAP_0.5m: 0.7819  mAR_0.5m: 0.9633  mAP_1.0m: 0.7905  mAR_1.0m: 0.9701  mAP_2.0m: 0.7961  mAR_2.0m: 0.9744  mAP_4.0m: 0.8036  mAR_4.0m: 0.9809  data_time: 0.0063  time: 0.2577
2026/04/07 23:28:24 - mmengine - INFO - Epoch(train) [10][  50/5000]  lr: 1.5344e-04  eta: 3:51:16  time: 1.1558  data_time: 0.0498  memory: 17806  grad_norm: 4.2419  loss: 1.1136  loss_heatmap: 0.2543  layer_-1_loss_cls: 0.0644  layer_-1_loss_bbox: 0.3615  matched_ious: 0.6337  aux_depth_loss: 0.4334  sec_per_iter: 0.9838  iters_per_sec: 1.0200  samples_per_sec: 16.2600  samples_per_sec_per_gpu: 4.0700  max_mem_allocated_mb: 664.7000  max_mem_reserved_mb: 22048.0000
2026/04/07 23:29:12 - mmengine - INFO - Epoch(train) [10][ 100/5000]  lr: 1.5254e-04  eta: 3:50:30  time: 0.9584  data_time: 0.0196  memory: 17703  grad_norm: 3.1845  loss: 1.1413  loss_heatmap: 0.2662  layer_-1_loss_cls: 0.0688  layer_-1_loss_bbox: 0.3847  matched_ious: 0.5147  aux_depth_loss: 0.4216  sec_per_iter: 1.1568  iters_per_sec: 0.8600  samples_per_sec: 13.8300  samples_per_sec_per_gpu: 3.4600  max_mem_allocated_mb: 664.7000  max_mem_reserved_mb: 22048.0000
2026/04/07 23:30:02 - mmengine - INFO - Epoch(train) [10][ 150/5000]  lr: 1.5164e-04  eta: 3:49:45  time: 1.0066  data_time: 0.0184  memory: 17665  grad_norm: 3.4046  loss: 1.1013  loss_heatmap: 0.2515  layer_-1_loss_cls: 0.0615  layer_-1_loss_bbox: 0.3711  matched_ious: 0.5766  aux_depth_loss: 0.4171  sec_per_iter: 1.0577  iters_per_sec: 0.9500  samples_per_sec: 15.1300  samples_per_sec_per_gpu: 3.7800  max_mem_allocated_mb: 664.7000  max_mem_reserved_mb: 22048.0000
2026/04/07 23:30:52 - mmengine - INFO - Epoch(train) [10][ 200/5000]  lr: 1.5073e-04  eta: 3:48:59  time: 0.9891  data_time: 0.0269  memory: 17677  grad_norm: 2.8042  loss: 1.0824  loss_heatmap: 0.2548  layer_-1_loss_cls: 0.0614  layer_-1_loss_bbox: 0.3531  matched_ious: 0.5574  aux_depth_loss: 0.4130  sec_per_iter: 1.0408  iters_per_sec: 0.9600  samples_per_sec: 15.3700  samples_per_sec_per_gpu: 3.8400  max_mem_allocated_mb: 664.7000  max_mem_reserved_mb: 22048.0000
2026/04/07 23:31:43 - mmengine - INFO - Epoch(train) [10][ 250/5000]  lr: 1.4983e-04  eta: 3:48:14  time: 1.0168  data_time: 0.0335  memory: 17716  grad_norm: 3.8868  loss: 1.0885  loss_heatmap: 0.2482  layer_-1_loss_cls: 0.0635  layer_-1_loss_bbox: 0.3424  matched_ious: 0.6128  aux_depth_loss: 0.4344  sec_per_iter: 1.0284  iters_per_sec: 0.9700  samples_per_sec: 15.5600  samples_per_sec_per_gpu: 3.8900  max_mem_allocated_mb: 664.7000  max_mem_reserved_mb: 22048.0000
2026/04/07 23:32:33 - mmengine - INFO - Epoch(train) [10][ 300/5000]  lr: 1.4894e-04  eta: 3:47:29  time: 1.0097  data_time: 0.0306  memory: 17834  grad_norm: 3.4923  loss: 1.1420  loss_heatmap: 0.2696  layer_-1_loss_cls: 0.0684  layer_-1_loss_bbox: 0.3786  matched_ious: 0.6256  aux_depth_loss: 0.4254  sec_per_iter: 1.0260  iters_per_sec: 0.9700  samples_per_sec: 15.6000  samples_per_sec_per_gpu: 3.9000  max_mem_allocated_mb: 664.7000  max_mem_reserved_mb: 22048.0000
2026/04/07 23:33:25 - mmengine - INFO - Epoch(train) [10][ 350/5000]  lr: 1.4804e-04  eta: 3:46:45  time: 1.0480  data_time: 0.0208  memory: 17837  grad_norm: 2.9252  loss: 1.1447  loss_heatmap: 0.2706  layer_-1_loss_cls: 0.0662  layer_-1_loss_bbox: 0.3858  matched_ious: 0.5385  aux_depth_loss: 0.4221  sec_per_iter: 1.0229  iters_per_sec: 0.9800  samples_per_sec: 15.6400  samples_per_sec_per_gpu: 3.9100  max_mem_allocated_mb: 664.7000  max_mem_reserved_mb: 22048.0000
2026/04/07 23:34:15 - mmengine - INFO - Epoch(train) [10][ 400/5000]  lr: 1.4714e-04  eta: 3:45:59  time: 0.9887  data_time: 0.0245  memory: 17752  grad_norm: 3.9913  loss: 1.1292  loss_heatmap: 0.2638  layer_-1_loss_cls: 0.0643  layer_-1_loss_bbox: 0.3823  matched_ious: 0.5574  aux_depth_loss: 0.4189  sec_per_iter: 1.0266  iters_per_sec: 0.9700  samples_per_sec: 15.5900  samples_per_sec_per_gpu: 3.9000  max_mem_allocated_mb: 664.7000  max_mem_reserved_mb: 22048.0000
2026/04/07 23:35:07 - mmengine - INFO - Epoch(train) [10][ 450/5000]  lr: 1.4625e-04  eta: 3:45:15  time: 1.0359  data_time: 0.0252  memory: 18033  grad_norm: 3.2041  loss: 1.0848  loss_heatmap: 0.2470  layer_-1_loss_cls: 0.0624  layer_-1_loss_bbox: 0.3512  matched_ious: 0.5257  aux_depth_loss: 0.4243  sec_per_iter: 1.0220  iters_per_sec: 0.9800  samples_per_sec: 15.6600  samples_per_sec_per_gpu: 3.9100  max_mem_allocated_mb: 664.7000  max_mem_reserved_mb: 22048.0000
2026/04/07 23:35:55 - mmengine - INFO - Epoch(train) [10][ 500/5000]  lr: 1.4536e-04  eta: 3:44:29  time: 0.9737  data_time: 0.0258  memory: 17724  grad_norm: 3.1708  loss: 1.0883  loss_heatmap: 0.2466  layer_-1_loss_cls: 0.0606  layer_-1_loss_bbox: 0.3619  matched_ious: 0.5858  aux_depth_loss: 0.4194  sec_per_iter: 1.0235  iters_per_sec: 0.9800  samples_per_sec: 15.6300  samples_per_sec_per_gpu: 3.9100  max_mem_allocated_mb: 664.7000  max_mem_reserved_mb: 22048.0000
2026/04/07 23:36:44 - mmengine - INFO - Epoch(train) [10][ 550/5000]  lr: 1.4447e-04  eta: 3:43:43  time: 0.9816  data_time: 0.0184  memory: 17838  grad_norm: 3.4985  loss: 1.1291  loss_heatmap: 0.2643  layer_-1_loss_cls: 0.0631  layer_-1_loss_bbox: 0.3778  matched_ious: 0.5590  aux_depth_loss: 0.4238  sec_per_iter: 1.0185  iters_per_sec: 0.9800  samples_per_sec: 15.7100  samples_per_sec_per_gpu: 3.9300  max_mem_allocated_mb: 664.7000  max_mem_reserved_mb: 22048.0000
2026/04/07 23:37:35 - mmengine - INFO - Epoch(train) [10][ 600/5000]  lr: 1.4358e-04  eta: 3:42:58  time: 1.0002  data_time: 0.0173  memory: 17915  grad_norm: 3.1980  loss: 1.1043  loss_heatmap: 0.2566  layer_-1_loss_cls: 0.0650  layer_-1_loss_bbox: 0.3619  matched_ious: 0.6174  aux_depth_loss: 0.4209  sec_per_iter: 1.0151  iters_per_sec: 0.9900  samples_per_sec: 15.7600  samples_per_sec_per_gpu: 3.9400  max_mem_allocated_mb: 664.7000  max_mem_reserved_mb: 22048.0000
2026/04/07 23:38:28 - mmengine - INFO - Epoch(train) [10][ 650/5000]  lr: 1.4269e-04  eta: 3:42:14  time: 1.0701  data_time: 0.0280  memory: 17794  grad_norm: 3.0331  loss: 1.1095  loss_heatmap: 0.2736  layer_-1_loss_cls: 0.0639  layer_-1_loss_bbox: 0.3607  matched_ious: 0.5840  aux_depth_loss: 0.4113  sec_per_iter: 1.0144  iters_per_sec: 0.9900  samples_per_sec: 15.7700  samples_per_sec_per_gpu: 3.9400  max_mem_allocated_mb: 664.7000  max_mem_reserved_mb: 22048.0000
2026/04/07 23:39:20 - mmengine - INFO - Epoch(train) [10][ 700/5000]  lr: 1.4180e-04  eta: 3:41:29  time: 1.0389  data_time: 0.0247  memory: 17792  grad_norm: 3.4336  loss: 1.1376  loss_heatmap: 0.2683  layer_-1_loss_cls: 0.0638  layer_-1_loss_bbox: 0.3847  matched_ious: 0.5645  aux_depth_loss: 0.4207  sec_per_iter: 1.0182  iters_per_sec: 0.9800  samples_per_sec: 15.7100  samples_per_sec_per_gpu: 3.9300  max_mem_allocated_mb: 664.7000  max_mem_reserved_mb: 22048.0000
2026/04/07 23:40:08 - mmengine - INFO - Epoch(train) [10][ 750/5000]  lr: 1.4092e-04  eta: 3:40:43  time: 0.9554  data_time: 0.0235  memory: 17897  grad_norm: 3.7233  loss: 1.1205  loss_heatmap: 0.2681  layer_-1_loss_cls: 0.0683  layer_-1_loss_bbox: 0.3658  matched_ious: 0.6007  aux_depth_loss: 0.4183  sec_per_iter: 1.0197  iters_per_sec: 0.9800  samples_per_sec: 15.6900  samples_per_sec_per_gpu: 3.9200  max_mem_allocated_mb: 664.7000  max_mem_reserved_mb: 22048.0000
2026/04/07 23:41:01 - mmengine - INFO - Epoch(train) [10][ 800/5000]  lr: 1.4004e-04  eta: 3:39:59  time: 1.0596  data_time: 0.0202  memory: 17905  grad_norm: 3.3023  loss: 1.1005  loss_heatmap: 0.2660  layer_-1_loss_cls: 0.0629  layer_-1_loss_bbox: 0.3620  matched_ious: 0.6003  aux_depth_loss: 0.4095  sec_per_iter: 1.0154  iters_per_sec: 0.9800  samples_per_sec: 15.7600  samples_per_sec_per_gpu: 3.9400  max_mem_allocated_mb: 664.7000  max_mem_reserved_mb: 22048.0000
2026/04/07 23:41:52 - mmengine - INFO - Epoch(train) [10][ 850/5000]  lr: 1.3916e-04  eta: 3:39:14  time: 1.0251  data_time: 0.0359  memory: 17784  grad_norm: 3.0870  loss: 1.1432  loss_heatmap: 0.2726  layer_-1_loss_cls: 0.0660  layer_-1_loss_bbox: 0.3954  matched_ious: 0.5631  aux_depth_loss: 0.4091  sec_per_iter: 1.0181  iters_per_sec: 0.9800  samples_per_sec: 15.7100  samples_per_sec_per_gpu: 3.9300  max_mem_allocated_mb: 664.7000  max_mem_reserved_mb: 22048.0000
2026/04/07 23:42:44 - mmengine - INFO - Epoch(train) [10][ 900/5000]  lr: 1.3828e-04  eta: 3:38:29  time: 1.0385  data_time: 0.0280  memory: 17765  grad_norm: 3.1601  loss: 1.0955  loss_heatmap: 0.2628  layer_-1_loss_cls: 0.0665  layer_-1_loss_bbox: 0.3537  matched_ious: 0.5692  aux_depth_loss: 0.4125  sec_per_iter: 1.0186  iters_per_sec: 0.9800  samples_per_sec: 15.7100  samples_per_sec_per_gpu: 3.9300  max_mem_allocated_mb: 664.7000  max_mem_reserved_mb: 22048.0000
2026/04/07 23:43:36 - mmengine - INFO - Epoch(train) [10][ 950/5000]  lr: 1.3740e-04  eta: 3:37:44  time: 1.0508  data_time: 0.0257  memory: 17728  grad_norm: 3.3585  loss: 1.1029  loss_heatmap: 0.2588  layer_-1_loss_cls: 0.0651  layer_-1_loss_bbox: 0.3654  matched_ious: 0.4915  aux_depth_loss: 0.4136  sec_per_iter: 1.0197  iters_per_sec: 0.9800  samples_per_sec: 15.6900  samples_per_sec_per_gpu: 3.9200  max_mem_allocated_mb: 664.7000  max_mem_reserved_mb: 22048.0000
2026/04/07 23:44:30 - mmengine - INFO - Exp name: zod_bevfusion_finetune_20260407_104526
2026/04/07 23:44:30 - mmengine - INFO - Epoch(train) [10][1000/5000]  lr: 1.3652e-04  eta: 3:37:00  time: 1.0746  data_time: 0.0271  memory: 17760  grad_norm: 3.3141  loss: 1.1236  loss_heatmap: 0.2607  layer_-1_loss_cls: 0.0614  layer_-1_loss_bbox: 0.3879  matched_ious: 0.6337  aux_depth_loss: 0.4136  sec_per_iter: 1.0213  iters_per_sec: 0.9800  samples_per_sec: 15.6700  samples_per_sec_per_gpu: 3.9200  max_mem_allocated_mb: 664.7000  max_mem_reserved_mb: 22048.0000
2026/04/07 23:45:23 - mmengine - INFO - Epoch(train) [10][1050/5000]  lr: 1.3565e-04  eta: 3:36:15  time: 1.0510  data_time: 0.0189  memory: 17688  grad_norm: 3.4178  loss: 1.0880  loss_heatmap: 0.2473  layer_-1_loss_cls: 0.0595  layer_-1_loss_bbox: 0.3686  matched_ious: 0.5377  aux_depth_loss: 0.4126  sec_per_iter: 1.0240  iters_per_sec: 0.9800  samples_per_sec: 15.6300  samples_per_sec_per_gpu: 3.9100  max_mem_allocated_mb: 664.7000  max_mem_reserved_mb: 22048.0000
2026/04/07 23:46:21 - mmengine - INFO - Epoch(train) [10][1100/5000]  lr: 1.3478e-04  eta: 3:35:32  time: 1.1762  data_time: 0.0339  memory: 17776  grad_norm: 3.1644  loss: 1.0837  loss_heatmap: 0.2517  layer_-1_loss_cls: 0.0608  layer_-1_loss_bbox: 0.3558  matched_ious: 0.6113  aux_depth_loss: 0.4155  sec_per_iter: 1.0253  iters_per_sec: 0.9800  samples_per_sec: 15.6000  samples_per_sec_per_gpu: 3.9000  max_mem_allocated_mb: 664.7000  max_mem_reserved_mb: 22048.0000
2026/04/07 23:47:11 - mmengine - INFO - Epoch(train) [10][1150/5000]  lr: 1.3391e-04  eta: 3:34:47  time: 0.9860  data_time: 0.0194  memory: 17730  grad_norm: 3.4103  loss: 1.0799  loss_heatmap: 0.2440  layer_-1_loss_cls: 0.0603  layer_-1_loss_bbox: 0.3611  matched_ious: 0.5980  aux_depth_loss: 0.4144  sec_per_iter: 1.0322  iters_per_sec: 0.9700  samples_per_sec: 15.5000  samples_per_sec_per_gpu: 3.8800  max_mem_allocated_mb: 664.7000  max_mem_reserved_mb: 22048.0000
2026/04/07 23:48:01 - mmengine - INFO - Epoch(train) [10][1200/5000]  lr: 1.3304e-04  eta: 3:34:01  time: 1.0019  data_time: 0.0204  memory: 17729  grad_norm: 3.2379  loss: 1.1396  loss_heatmap: 0.2701  layer_-1_loss_cls: 0.0602  layer_-1_loss_bbox: 0.3969  matched_ious: 0.6151  aux_depth_loss: 0.4124  sec_per_iter: 1.0302  iters_per_sec: 0.9700  samples_per_sec: 15.5300  samples_per_sec_per_gpu: 3.8800  max_mem_allocated_mb: 664.7000  max_mem_reserved_mb: 22048.0000
2026/04/07 23:48:48 - mmengine - INFO - Epoch(train) [10][1250/5000]  lr: 1.3217e-04  eta: 3:33:15  time: 0.9420  data_time: 0.0259  memory: 17752  grad_norm: 3.5145  loss: 1.0957  loss_heatmap: 0.2571  layer_-1_loss_cls: 0.0632  layer_-1_loss_bbox: 0.3587  matched_ious: 0.5255  aux_depth_loss: 0.4167  sec_per_iter: 1.0291  iters_per_sec: 0.9700  samples_per_sec: 15.5500  samples_per_sec_per_gpu: 3.8900  max_mem_allocated_mb: 664.7000  max_mem_reserved_mb: 22048.0000
2026/04/07 23:49:41 - mmengine - INFO - Epoch(train) [10][1300/5000]  lr: 1.3131e-04  eta: 3:32:30  time: 1.0564  data_time: 0.0374  memory: 17672  grad_norm: 3.8599  loss: 1.0788  loss_heatmap: 0.2510  layer_-1_loss_cls: 0.0614  layer_-1_loss_bbox: 0.3514  matched_ious: 0.5997  aux_depth_loss: 0.4149  sec_per_iter: 1.0256  iters_per_sec: 0.9700  samples_per_sec: 15.6000  samples_per_sec_per_gpu: 3.9000  max_mem_allocated_mb: 664.7000  max_mem_reserved_mb: 22048.0000
2026/04/07 23:50:32 - mmengine - INFO - Epoch(train) [10][1350/5000]  lr: 1.3044e-04  eta: 3:31:45  time: 1.0193  data_time: 0.0240  memory: 17863  grad_norm: 3.3546  loss: 1.0760  loss_heatmap: 0.2518  layer_-1_loss_cls: 0.0604  layer_-1_loss_bbox: 0.3493  matched_ious: 0.5607  aux_depth_loss: 0.4144  sec_per_iter: 1.0267  iters_per_sec: 0.9700  samples_per_sec: 15.5800  samples_per_sec_per_gpu: 3.9000  max_mem_allocated_mb: 664.7000  max_mem_reserved_mb: 22048.0000
2026/04/07 23:51:25 - mmengine - INFO - Epoch(train) [10][1400/5000]  lr: 1.2958e-04  eta: 3:31:00  time: 1.0576  data_time: 0.0268  memory: 17816  grad_norm: 3.3812  loss: 1.0876  loss_heatmap: 0.2525  layer_-1_loss_cls: 0.0608  layer_-1_loss_bbox: 0.3644  matched_ious: 0.5438  aux_depth_loss: 0.4100  sec_per_iter: 1.0264  iters_per_sec: 0.9700  samples_per_sec: 15.5900  samples_per_sec_per_gpu: 3.9000  max_mem_allocated_mb: 664.7000  max_mem_reserved_mb: 22048.0000
2026/04/07 23:52:17 - mmengine - INFO - Epoch(train) [10][1450/5000]  lr: 1.2872e-04  eta: 3:30:15  time: 1.0444  data_time: 0.0217  memory: 17688  grad_norm: 3.4010  loss: 1.0991  loss_heatmap: 0.2585  layer_-1_loss_cls: 0.0642  layer_-1_loss_bbox: 0.3662  matched_ious: 0.5793  aux_depth_loss: 0.4102  sec_per_iter: 1.0276  iters_per_sec: 0.9700  samples_per_sec: 15.5700  samples_per_sec_per_gpu: 3.8900  max_mem_allocated_mb: 664.7000  max_mem_reserved_mb: 22048.0000
2026/04/07 23:53:04 - mmengine - INFO - Epoch(train) [10][1500/5000]  lr: 1.2787e-04  eta: 3:29:29  time: 0.9455  data_time: 0.0210  memory: 17859  grad_norm: 3.6377  loss: 1.1061  loss_heatmap: 0.2558  layer_-1_loss_cls: 0.0607  layer_-1_loss_bbox: 0.3742  matched_ious: 0.6086  aux_depth_loss: 0.4154  sec_per_iter: 1.0281  iters_per_sec: 0.9700  samples_per_sec: 15.5600  samples_per_sec_per_gpu: 3.8900  max_mem_allocated_mb: 664.7000  max_mem_reserved_mb: 22048.0000
2026/04/07 23:53:57 - mmengine - INFO - Epoch(train) [10][1550/5000]  lr: 1.2701e-04  eta: 3:28:44  time: 1.0581  data_time: 0.0250  memory: 17993  grad_norm: 5.6025  loss: 1.1267  loss_heatmap: 0.2667  layer_-1_loss_cls: 0.0616  layer_-1_loss_bbox: 0.3594  matched_ious: 0.6140  aux_depth_loss: 0.4389  sec_per_iter: 1.0254  iters_per_sec: 0.9800  samples_per_sec: 15.6000  samples_per_sec_per_gpu: 3.9000  max_mem_allocated_mb: 664.7000  max_mem_reserved_mb: 22048.0000
2026/04/07 23:54:50 - mmengine - INFO - Epoch(train) [10][1600/5000]  lr: 1.2616e-04  eta: 3:28:00  time: 1.0580  data_time: 0.0177  memory: 17894  grad_norm: 4.7779  loss: 1.1202  loss_heatmap: 0.2666  layer_-1_loss_cls: 0.0613  layer_-1_loss_bbox: 0.3608  matched_ious: 0.5686  aux_depth_loss: 0.4314  sec_per_iter: 1.0264  iters_per_sec: 0.9700  samples_per_sec: 15.5900  samples_per_sec_per_gpu: 3.9000  max_mem_allocated_mb: 664.7000  max_mem_reserved_mb: 22048.0000
2026/04/07 23:55:39 - mmengine - INFO - Epoch(train) [10][1650/5000]  lr: 1.2530e-04  eta: 3:27:14  time: 0.9721  data_time: 0.0177  memory: 17792  grad_norm: 3.4367  loss: 1.0897  loss_heatmap: 0.2493  layer_-1_loss_cls: 0.0617  layer_-1_loss_bbox: 0.3540  matched_ious: 0.5604  aux_depth_loss: 0.4247  sec_per_iter: 1.0274  iters_per_sec: 0.9700  samples_per_sec: 15.5700  samples_per_sec_per_gpu: 3.8900  max_mem_allocated_mb: 664.7000  max_mem_reserved_mb: 22048.0000
2026/04/07 23:56:25 - mmengine - INFO - Epoch(train) [10][1700/5000]  lr: 1.2445e-04  eta: 3:26:27  time: 0.9347  data_time: 0.0165  memory: 17905  grad_norm: 4.5297  loss: 1.0997  loss_heatmap: 0.2552  layer_-1_loss_cls: 0.0620  layer_-1_loss_bbox: 0.3597  matched_ious: 0.5658  aux_depth_loss: 0.4228  sec_per_iter: 1.0257  iters_per_sec: 0.9700  samples_per_sec: 15.6000  samples_per_sec_per_gpu: 3.9000  max_mem_allocated_mb: 664.7000  max_mem_reserved_mb: 22048.0000
2026/04/07 23:57:14 - mmengine - INFO - Epoch(train) [10][1750/5000]  lr: 1.2361e-04  eta: 3:25:41  time: 0.9676  data_time: 0.0176  memory: 17791  grad_norm: 3.1396  loss: 1.0782  loss_heatmap: 0.2436  layer_-1_loss_cls: 0.0568  layer_-1_loss_bbox: 0.3608  matched_ious: 0.5570  aux_depth_loss: 0.4170  sec_per_iter: 1.0231  iters_per_sec: 0.9800  samples_per_sec: 15.6400  samples_per_sec_per_gpu: 3.9100  max_mem_allocated_mb: 664.7000  max_mem_reserved_mb: 22048.0000
2026/04/07 23:58:04 - mmengine - INFO - Epoch(train) [10][1800/5000]  lr: 1.2276e-04  eta: 3:24:55  time: 0.9993  data_time: 0.0294  memory: 17711  grad_norm: 2.7730  loss: 1.0536  loss_heatmap: 0.2399  layer_-1_loss_cls: 0.0575  layer_-1_loss_bbox: 0.3504  matched_ious: 0.5792  aux_depth_loss: 0.4058  sec_per_iter: 1.0215  iters_per_sec: 0.9800  samples_per_sec: 15.6600  samples_per_sec_per_gpu: 3.9200  max_mem_allocated_mb: 664.7000  max_mem_reserved_mb: 22048.0000
2026/04/07 23:58:52 - mmengine - INFO - Epoch(train) [10][1850/5000]  lr: 1.2192e-04  eta: 3:24:09  time: 0.9629  data_time: 0.0222  memory: 17825  grad_norm: 3.2536  loss: 1.0845  loss_heatmap: 0.2514  layer_-1_loss_cls: 0.0636  layer_-1_loss_bbox: 0.3623  matched_ious: 0.5873  aux_depth_loss: 0.4071  sec_per_iter: 1.0209  iters_per_sec: 0.9800  samples_per_sec: 15.6700  samples_per_sec_per_gpu: 3.9200  max_mem_allocated_mb: 664.7000  max_mem_reserved_mb: 22048.0000
2026/04/07 23:59:39 - mmengine - INFO - Epoch(train) [10][1900/5000]  lr: 1.2107e-04  eta: 3:23:23  time: 0.9369  data_time: 0.0280  memory: 17658  grad_norm: 3.7223  loss: 1.0275  loss_heatmap: 0.2233  layer_-1_loss_cls: 0.0558  layer_-1_loss_bbox: 0.3366  matched_ious: 0.6017  aux_depth_loss: 0.4119  sec_per_iter: 1.0193  iters_per_sec: 0.9800  samples_per_sec: 15.7000  samples_per_sec_per_gpu: 3.9200  max_mem_allocated_mb: 664.7000  max_mem_reserved_mb: 22048.0000
2026/04/08 00:00:29 - mmengine - INFO - Epoch(train) [10][1950/5000]  lr: 1.2023e-04  eta: 3:22:37  time: 0.9987  data_time: 0.0176  memory: 17706  grad_norm: 3.2145  loss: 1.0369  loss_heatmap: 0.2342  layer_-1_loss_cls: 0.0563  layer_-1_loss_bbox: 0.3356  matched_ious: 0.5588  aux_depth_loss: 0.4108  sec_per_iter: 1.0171  iters_per_sec: 0.9800  samples_per_sec: 15.7300  samples_per_sec_per_gpu: 3.9300  max_mem_allocated_mb: 664.7000  max_mem_reserved_mb: 22048.0000
2026/04/08 00:01:13 - mmengine - INFO - Exp name: zod_bevfusion_finetune_20260407_104526
2026/04/08 00:01:13 - mmengine - INFO - Epoch(train) [10][2000/5000]  lr: 1.1940e-04  eta: 3:21:50  time: 0.8798  data_time: 0.0201  memory: 17736  grad_norm: 3.3267  loss: 1.0961  loss_heatmap: 0.2530  layer_-1_loss_cls: 0.0596  layer_-1_loss_bbox: 0.3743  matched_ious: 0.5739  aux_depth_loss: 0.4092  sec_per_iter: 1.0167  iters_per_sec: 0.9800  samples_per_sec: 15.7400  samples_per_sec_per_gpu: 3.9300  max_mem_allocated_mb: 664.7000  max_mem_reserved_mb: 22048.0000
2026/04/08 00:01:57 - mmengine - INFO - Epoch(train) [10][2050/5000]  lr: 1.1856e-04  eta: 3:21:03  time: 0.8960  data_time: 0.0201  memory: 17770  grad_norm: 3.6273  loss: 1.1037  loss_heatmap: 0.2537  layer_-1_loss_cls: 0.0621  layer_-1_loss_bbox: 0.3746  matched_ious: 0.6219  aux_depth_loss: 0.4132  sec_per_iter: 1.0132  iters_per_sec: 0.9900  samples_per_sec: 15.7900  samples_per_sec_per_gpu: 3.9500  max_mem_allocated_mb: 664.7000  max_mem_reserved_mb: 22048.0000
2026/04/08 00:02:46 - mmengine - INFO - Epoch(train) [10][2100/5000]  lr: 1.1773e-04  eta: 3:20:17  time: 0.9658  data_time: 0.0173  memory: 17782  grad_norm: 3.1709  loss: 1.0963  loss_heatmap: 0.2581  layer_-1_loss_cls: 0.0615  layer_-1_loss_bbox: 0.3677  matched_ious: 0.5744  aux_depth_loss: 0.4089  sec_per_iter: 1.0104  iters_per_sec: 0.9900  samples_per_sec: 15.8400  samples_per_sec_per_gpu: 3.9600  max_mem_allocated_mb: 664.7000  max_mem_reserved_mb: 22048.0000
2026/04/08 00:03:31 - mmengine - INFO - Epoch(train) [10][2150/5000]  lr: 1.1689e-04  eta: 3:19:30  time: 0.9047  data_time: 0.0167  memory: 17736  grad_norm: 3.4389  loss: 1.0808  loss_heatmap: 0.2464  layer_-1_loss_cls: 0.0586  layer_-1_loss_bbox: 0.3681  matched_ious: 0.5779  aux_depth_loss: 0.4077  sec_per_iter: 1.0093  iters_per_sec: 0.9900  samples_per_sec: 15.8500  samples_per_sec_per_gpu: 3.9600  max_mem_allocated_mb: 664.7000  max_mem_reserved_mb: 22048.0000
2026/04/08 00:04:17 - mmengine - INFO - Epoch(train) [10][2200/5000]  lr: 1.1606e-04  eta: 3:18:43  time: 0.9298  data_time: 0.0169  memory: 17756  grad_norm: 3.1609  loss: 1.0853  loss_heatmap: 0.2471  layer_-1_loss_cls: 0.0613  layer_-1_loss_bbox: 0.3674  matched_ious: 0.5073  aux_depth_loss: 0.4095  sec_per_iter: 1.0069  iters_per_sec: 0.9900  samples_per_sec: 15.8900  samples_per_sec_per_gpu: 3.9700  max_mem_allocated_mb: 664.7000  max_mem_reserved_mb: 22048.0000
2026/04/08 00:05:03 - mmengine - INFO - Epoch(train) [10][2250/5000]  lr: 1.1524e-04  eta: 3:17:56  time: 0.9088  data_time: 0.0187  memory: 17760  grad_norm: 3.2981  loss: 1.0734  loss_heatmap: 0.2475  layer_-1_loss_cls: 0.0618  layer_-1_loss_bbox: 0.3569  matched_ious: 0.5717  aux_depth_loss: 0.4072  sec_per_iter: 1.0051  iters_per_sec: 0.9900  samples_per_sec: 15.9200  samples_per_sec_per_gpu: 3.9800  max_mem_allocated_mb: 664.7000  max_mem_reserved_mb: 22048.0000
2026/04/08 00:05:47 - mmengine - INFO - Epoch(train) [10][2300/5000]  lr: 1.1441e-04  eta: 3:17:09  time: 0.8907  data_time: 0.0218  memory: 17724  grad_norm: 3.8756  loss: 1.1419  loss_heatmap: 0.2688  layer_-1_loss_cls: 0.0648  layer_-1_loss_bbox: 0.3985  matched_ious: 0.5243  aux_depth_loss: 0.4098  sec_per_iter: 1.0031  iters_per_sec: 1.0000  samples_per_sec: 15.9500  samples_per_sec_per_gpu: 3.9900  max_mem_allocated_mb: 664.7000  max_mem_reserved_mb: 22048.0000
2026/04/08 00:06:35 - mmengine - INFO - Epoch(train) [10][2350/5000]  lr: 1.1359e-04  eta: 3:16:23  time: 0.9490  data_time: 0.0413  memory: 17757  grad_norm: 4.6039  loss: 1.0525  loss_heatmap: 0.2367  layer_-1_loss_cls: 0.0583  layer_-1_loss_bbox: 0.3481  matched_ious: 0.5723  aux_depth_loss: 0.4095  sec_per_iter: 1.0005  iters_per_sec: 1.0000  samples_per_sec: 15.9900  samples_per_sec_per_gpu: 4.0000  max_mem_allocated_mb: 664.7000  max_mem_reserved_mb: 22048.0000
2026/04/08 00:07:25 - mmengine - INFO - Epoch(train) [10][2400/5000]  lr: 1.1276e-04  eta: 3:15:37  time: 0.9964  data_time: 0.0217  memory: 17705  grad_norm: 3.2311  loss: 1.0807  loss_heatmap: 0.2532  layer_-1_loss_cls: 0.0594  layer_-1_loss_bbox: 0.3565  matched_ious: 0.5874  aux_depth_loss: 0.4116  sec_per_iter: 0.9995  iters_per_sec: 1.0000  samples_per_sec: 16.0100  samples_per_sec_per_gpu: 4.0000  max_mem_allocated_mb: 664.7000  max_mem_reserved_mb: 22048.0000
2026/04/08 00:08:12 - mmengine - INFO - Epoch(train) [10][2450/5000]  lr: 1.1195e-04  eta: 3:14:51  time: 0.9473  data_time: 0.0297  memory: 17719  grad_norm: 3.3899  loss: 1.0665  loss_heatmap: 0.2424  layer_-1_loss_cls: 0.0591  layer_-1_loss_bbox: 0.3534  matched_ious: 0.5596  aux_depth_loss: 0.4116  sec_per_iter: 0.9994  iters_per_sec: 1.0000  samples_per_sec: 16.0100  samples_per_sec_per_gpu: 4.0000  max_mem_allocated_mb: 664.7000  max_mem_reserved_mb: 22048.0000
2026/04/08 00:09:03 - mmengine - INFO - Epoch(train) [10][2500/5000]  lr: 1.1113e-04  eta: 3:14:05  time: 1.0160  data_time: 0.0561  memory: 17948  grad_norm: 3.6035  loss: 1.0813  loss_heatmap: 0.2519  layer_-1_loss_cls: 0.0600  layer_-1_loss_bbox: 0.3570  matched_ious: 0.5581  aux_depth_loss: 0.4123  sec_per_iter: 0.9984  iters_per_sec: 1.0000  samples_per_sec: 16.0300  samples_per_sec_per_gpu: 4.0100  max_mem_allocated_mb: 664.7000  max_mem_reserved_mb: 22048.0000
2026/04/08 00:09:51 - mmengine - INFO - Epoch(train) [10][2550/5000]  lr: 1.1031e-04  eta: 3:13:19  time: 0.9555  data_time: 0.0278  memory: 17770  grad_norm: 4.0549  loss: 1.1399  loss_heatmap: 0.2604  layer_-1_loss_cls: 0.0627  layer_-1_loss_bbox: 0.3924  matched_ious: 0.5960  aux_depth_loss: 0.4244  sec_per_iter: 0.9988  iters_per_sec: 1.0000  samples_per_sec: 16.0200  samples_per_sec_per_gpu: 4.0000  max_mem_allocated_mb: 664.7000  max_mem_reserved_mb: 22048.0000
2026/04/08 00:10:37 - mmengine - INFO - Epoch(train) [10][2600/5000]  lr: 1.0950e-04  eta: 3:12:32  time: 0.9283  data_time: 0.0157  memory: 17688  grad_norm: 3.0971  loss: 1.0388  loss_heatmap: 0.2430  layer_-1_loss_cls: 0.0587  layer_-1_loss_bbox: 0.3322  matched_ious: 0.5649  aux_depth_loss: 0.4048  sec_per_iter: 0.9978  iters_per_sec: 1.0000  samples_per_sec: 16.0300  samples_per_sec_per_gpu: 4.0100  max_mem_allocated_mb: 664.7000  max_mem_reserved_mb: 22048.0000
2026/04/08 00:11:31 - mmengine - INFO - Epoch(train) [10][2650/5000]  lr: 1.0869e-04  eta: 3:11:48  time: 1.0834  data_time: 0.0283  memory: 17926  grad_norm: 3.1704  loss: 1.0841  loss_heatmap: 0.2536  layer_-1_loss_cls: 0.0617  layer_-1_loss_bbox: 0.3618  matched_ious: 0.5817  aux_depth_loss: 0.4071  sec_per_iter: 0.9965  iters_per_sec: 1.0000  samples_per_sec: 16.0600  samples_per_sec_per_gpu: 4.0100  max_mem_allocated_mb: 664.7000  max_mem_reserved_mb: 22048.0000
2026/04/08 00:12:20 - mmengine - INFO - Epoch(train) [10][2700/5000]  lr: 1.0788e-04  eta: 3:11:02  time: 0.9761  data_time: 0.0181  memory: 17655  grad_norm: 3.8791  loss: 1.0761  loss_heatmap: 0.2519  layer_-1_loss_cls: 0.0606  layer_-1_loss_bbox: 0.3592  matched_ious: 0.5502  aux_depth_loss: 0.4043  sec_per_iter: 0.9982  iters_per_sec: 1.0000  samples_per_sec: 16.0300  samples_per_sec_per_gpu: 4.0100  max_mem_allocated_mb: 664.7000  max_mem_reserved_mb: 22048.0000
2026/04/08 00:13:07 - mmengine - INFO - Epoch(train) [10][2750/5000]  lr: 1.0707e-04  eta: 3:10:15  time: 0.9346  data_time: 0.0458  memory: 17718  grad_norm: 2.9577  loss: 1.0755  loss_heatmap: 0.2359  layer_-1_loss_cls: 0.0611  layer_-1_loss_bbox: 0.3694  matched_ious: 0.5560  aux_depth_loss: 0.4091  sec_per_iter: 0.9978  iters_per_sec: 1.0000  samples_per_sec: 16.0400  samples_per_sec_per_gpu: 4.0100  max_mem_allocated_mb: 664.7000  max_mem_reserved_mb: 22048.0000
2026/04/08 00:13:56 - mmengine - INFO - Epoch(train) [10][2800/5000]  lr: 1.0627e-04  eta: 3:09:29  time: 0.9881  data_time: 0.0188  memory: 17691  grad_norm: 3.0857  loss: 1.0672  loss_heatmap: 0.2452  layer_-1_loss_cls: 0.0593  layer_-1_loss_bbox: 0.3514  matched_ious: 0.6370  aux_depth_loss: 0.4113  sec_per_iter: 0.9966  iters_per_sec: 1.0000  samples_per_sec: 16.0500  samples_per_sec_per_gpu: 4.0100  max_mem_allocated_mb: 664.7000  max_mem_reserved_mb: 22048.0000
2026/04/08 00:14:44 - mmengine - INFO - Epoch(train) [10][2850/5000]  lr: 1.0547e-04  eta: 3:08:43  time: 0.9652  data_time: 0.0169  memory: 17865  grad_norm: 3.4279  loss: 1.0425  loss_heatmap: 0.2325  layer_-1_loss_cls: 0.0592  layer_-1_loss_bbox: 0.3355  matched_ious: 0.5966  aux_depth_loss: 0.4154  sec_per_iter: 0.9965  iters_per_sec: 1.0000  samples_per_sec: 16.0600  samples_per_sec_per_gpu: 4.0100  max_mem_allocated_mb: 664.7000  max_mem_reserved_mb: 22048.0000
2026/04/08 00:15:32 - mmengine - INFO - Epoch(train) [10][2900/5000]  lr: 1.0467e-04  eta: 3:07:57  time: 0.9450  data_time: 0.0195  memory: 17819  grad_norm: 3.7235  loss: 1.0932  loss_heatmap: 0.2460  layer_-1_loss_cls: 0.0588  layer_-1_loss_bbox: 0.3772  matched_ious: 0.5709  aux_depth_loss: 0.4112  sec_per_iter: 0.9959  iters_per_sec: 1.0000  samples_per_sec: 16.0700  samples_per_sec_per_gpu: 4.0200  max_mem_allocated_mb: 664.7000  max_mem_reserved_mb: 22048.0000
2026/04/08 00:16:19 - mmengine - INFO - Epoch(train) [10][2950/5000]  lr: 1.0387e-04  eta: 3:07:10  time: 0.9465  data_time: 0.0271  memory: 17872  grad_norm: 4.4342  loss: 1.1111  loss_heatmap: 0.2557  layer_-1_loss_cls: 0.0625  layer_-1_loss_bbox: 0.3749  matched_ious: 0.6038  aux_depth_loss: 0.4180  sec_per_iter: 0.9950  iters_per_sec: 1.0100  samples_per_sec: 16.0800  samples_per_sec_per_gpu: 4.0200  max_mem_allocated_mb: 664.7000  max_mem_reserved_mb: 22048.0000
2026/04/08 00:17:09 - mmengine - INFO - Exp name: zod_bevfusion_finetune_20260407_104526
2026/04/08 00:17:09 - mmengine - INFO - Epoch(train) [10][3000/5000]  lr: 1.0307e-04  eta: 3:06:24  time: 0.9987  data_time: 0.0370  memory: 17707  grad_norm: 4.0970  loss: 1.1020  loss_heatmap: 0.2508  layer_-1_loss_cls: 0.0635  layer_-1_loss_bbox: 0.3807  matched_ious: 0.5959  aux_depth_loss: 0.4069  sec_per_iter: 0.9942  iters_per_sec: 1.0100  samples_per_sec: 16.0900  samples_per_sec_per_gpu: 4.0200  max_mem_allocated_mb: 664.7000  max_mem_reserved_mb: 22048.0000
2026/04/08 00:17:52 - mmengine - INFO - Epoch(train) [10][3050/5000]  lr: 1.0228e-04  eta: 3:05:37  time: 0.8629  data_time: 0.0153  memory: 17726  grad_norm: 3.7434  loss: 1.0294  loss_heatmap: 0.2358  layer_-1_loss_cls: 0.0578  layer_-1_loss_bbox: 0.3346  matched_ious: 0.5128  aux_depth_loss: 0.4012  sec_per_iter: 0.9943  iters_per_sec: 1.0100  samples_per_sec: 16.0900  samples_per_sec_per_gpu: 4.0200  max_mem_allocated_mb: 664.7000  max_mem_reserved_mb: 22048.0000
2026/04/08 00:18:34 - mmengine - INFO - Epoch(train) [10][3100/5000]  lr: 1.0149e-04  eta: 3:04:49  time: 0.8401  data_time: 0.0173  memory: 17872  grad_norm: 3.6797  loss: 1.0677  loss_heatmap: 0.2426  layer_-1_loss_cls: 0.0608  layer_-1_loss_bbox: 0.3579  matched_ious: 0.5632  aux_depth_loss: 0.4064  sec_per_iter: 0.9921  iters_per_sec: 1.0100  samples_per_sec: 16.1300  samples_per_sec_per_gpu: 4.0300  max_mem_allocated_mb: 664.7000  max_mem_reserved_mb: 22048.0000
2026/04/08 00:19:18 - mmengine - INFO - Epoch(train) [10][3150/5000]  lr: 1.0070e-04  eta: 3:04:02  time: 0.8695  data_time: 0.0194  memory: 17894  grad_norm: 3.7475  loss: 1.1021  loss_heatmap: 0.2477  layer_-1_loss_cls: 0.0620  layer_-1_loss_bbox: 0.3837  matched_ious: 0.6169  aux_depth_loss: 0.4087  sec_per_iter: 0.9897  iters_per_sec: 1.0100  samples_per_sec: 16.1700  samples_per_sec_per_gpu: 4.0400  max_mem_allocated_mb: 664.7000  max_mem_reserved_mb: 22048.0000
2026/04/08 00:20:05 - mmengine - INFO - Epoch(train) [10][3200/5000]  lr: 9.9915e-05  eta: 3:03:15  time: 0.9495  data_time: 0.0241  memory: 17928  grad_norm: 3.6721  loss: 1.0791  loss_heatmap: 0.2526  layer_-1_loss_cls: 0.0604  layer_-1_loss_bbox: 0.3587  matched_ious: 0.6001  aux_depth_loss: 0.4075  sec_per_iter: 0.9878  iters_per_sec: 1.0100  samples_per_sec: 16.2000  samples_per_sec_per_gpu: 4.0500  max_mem_allocated_mb: 664.7000  max_mem_reserved_mb: 22048.0000
2026/04/08 00:20:48 - mmengine - INFO - Epoch(train) [10][3250/5000]  lr: 9.9131e-05  eta: 3:02:28  time: 0.8690  data_time: 0.0247  memory: 17815  grad_norm: 3.5897  loss: 1.0896  loss_heatmap: 0.2556  layer_-1_loss_cls: 0.0625  layer_-1_loss_bbox: 0.3632  matched_ious: 0.6064  aux_depth_loss: 0.4083  sec_per_iter: 0.9872  iters_per_sec: 1.0100  samples_per_sec: 16.2100  samples_per_sec_per_gpu: 4.0500  max_mem_allocated_mb: 664.7000  max_mem_reserved_mb: 22048.0000
2026/04/08 00:21:32 - mmengine - INFO - Epoch(train) [10][3300/5000]  lr: 9.8349e-05  eta: 3:01:41  time: 0.8745  data_time: 0.0184  memory: 17866  grad_norm: 3.7443  loss: 1.0479  loss_heatmap: 0.2361  layer_-1_loss_cls: 0.0588  layer_-1_loss_bbox: 0.3458  matched_ious: 0.4947  aux_depth_loss: 0.4071  sec_per_iter: 0.9854  iters_per_sec: 1.0100  samples_per_sec: 16.2400  samples_per_sec_per_gpu: 4.0600  max_mem_allocated_mb: 664.7000  max_mem_reserved_mb: 22048.0000
2026/04/08 00:22:15 - mmengine - INFO - Epoch(train) [10][3350/5000]  lr: 9.7570e-05  eta: 3:00:53  time: 0.8515  data_time: 0.0288  memory: 17681  grad_norm: 3.6278  loss: 1.0261  loss_heatmap: 0.2322  layer_-1_loss_cls: 0.0578  layer_-1_loss_bbox: 0.3329  matched_ious: 0.5957  aux_depth_loss: 0.4032  sec_per_iter: 0.9837  iters_per_sec: 1.0200  samples_per_sec: 16.2700  samples_per_sec_per_gpu: 4.0700  max_mem_allocated_mb: 664.7000  max_mem_reserved_mb: 22048.0000
2026/04/08 00:22:56 - mmengine - INFO - Epoch(train) [10][3400/5000]  lr: 9.6793e-05  eta: 3:00:05  time: 0.8257  data_time: 0.0208  memory: 17732  grad_norm: 3.3889  loss: 1.0176  loss_heatmap: 0.2219  layer_-1_loss_cls: 0.0562  layer_-1_loss_bbox: 0.3330  matched_ious: 0.6197  aux_depth_loss: 0.4065  sec_per_iter: 0.9817  iters_per_sec: 1.0200  samples_per_sec: 16.3000  samples_per_sec_per_gpu: 4.0700  max_mem_allocated_mb: 664.7000  max_mem_reserved_mb: 22048.0000
2026/04/08 00:23:38 - mmengine - INFO - Epoch(train) [10][3450/5000]  lr: 9.6018e-05  eta: 2:59:18  time: 0.8332  data_time: 0.0138  memory: 17745  grad_norm: 3.7884  loss: 1.0706  loss_heatmap: 0.2480  layer_-1_loss_cls: 0.0589  layer_-1_loss_bbox: 0.3590  matched_ious: 0.6071  aux_depth_loss: 0.4047  sec_per_iter: 0.9794  iters_per_sec: 1.0200  samples_per_sec: 16.3400  samples_per_sec_per_gpu: 4.0800  max_mem_allocated_mb: 664.7000  max_mem_reserved_mb: 22048.0000
2026/04/08 00:24:21 - mmengine - INFO - Epoch(train) [10][3500/5000]  lr: 9.5246e-05  eta: 2:58:30  time: 0.8683  data_time: 0.0170  memory: 17896  grad_norm: 4.3411  loss: 1.0849  loss_heatmap: 0.2609  layer_-1_loss_cls: 0.0628  layer_-1_loss_bbox: 0.3535  matched_ious: 0.5528  aux_depth_loss: 0.4076  sec_per_iter: 0.9773  iters_per_sec: 1.0200  samples_per_sec: 16.3700  samples_per_sec_per_gpu: 4.0900  max_mem_allocated_mb: 664.7000  max_mem_reserved_mb: 22048.0000
2026/04/08 00:25:07 - mmengine - INFO - Epoch(train) [10][3550/5000]  lr: 9.4476e-05  eta: 2:57:44  time: 0.9136  data_time: 0.0234  memory: 17923  grad_norm: inf  loss: 1.0591  loss_heatmap: 0.2440  layer_-1_loss_cls: 0.0568  layer_-1_loss_bbox: 0.3480  matched_ious: 0.6170  aux_depth_loss: 0.4103  sec_per_iter: 0.9757  iters_per_sec: 1.0200  samples_per_sec: 16.4000  samples_per_sec_per_gpu: 4.1000  max_mem_allocated_mb: 664.7000  max_mem_reserved_mb: 22048.0000
2026/04/08 00:25:54 - mmengine - INFO - Epoch(train) [10][3600/5000]  lr: 9.3709e-05  eta: 2:56:57  time: 0.9386  data_time: 0.0137  memory: 17809  grad_norm: 3.7886  loss: 1.1071  loss_heatmap: 0.2608  layer_-1_loss_cls: 0.0608  layer_-1_loss_bbox: 0.3735  matched_ious: 0.6067  aux_depth_loss: 0.4120  sec_per_iter: 0.9749  iters_per_sec: 1.0300  samples_per_sec: 16.4100  samples_per_sec_per_gpu: 4.1000  max_mem_allocated_mb: 664.7000  max_mem_reserved_mb: 22048.0000
2026/04/08 00:26:37 - mmengine - INFO - Epoch(train) [10][3650/5000]  lr: 9.2944e-05  eta: 2:56:10  time: 0.8674  data_time: 0.0172  memory: 17688  grad_norm: 3.8901  loss: 1.0866  loss_heatmap: 0.2540  layer_-1_loss_cls: 0.0599  layer_-1_loss_bbox: 0.3618  matched_ious: 0.5854  aux_depth_loss: 0.4110  sec_per_iter: 0.9744  iters_per_sec: 1.0300  samples_per_sec: 16.4200  samples_per_sec_per_gpu: 4.1100  max_mem_allocated_mb: 664.7000  max_mem_reserved_mb: 22048.0000
2026/04/08 00:27:20 - mmengine - INFO - Epoch(train) [10][3700/5000]  lr: 9.2181e-05  eta: 2:55:22  time: 0.8501  data_time: 0.0156  memory: 17829  grad_norm: 3.7361  loss: 1.0719  loss_heatmap: 0.2452  layer_-1_loss_cls: 0.0593  layer_-1_loss_bbox: 0.3606  matched_ious: 0.5729  aux_depth_loss: 0.4068  sec_per_iter: 0.9729  iters_per_sec: 1.0300  samples_per_sec: 16.4500  samples_per_sec_per_gpu: 4.1100  max_mem_allocated_mb: 664.7000  max_mem_reserved_mb: 22048.0000
2026/04/08 00:28:05 - mmengine - INFO - Epoch(train) [10][3750/5000]  lr: 9.1421e-05  eta: 2:54:35  time: 0.9122  data_time: 0.0163  memory: 17874  grad_norm: 3.8540  loss: 1.0481  loss_heatmap: 0.2410  layer_-1_loss_cls: 0.0591  layer_-1_loss_bbox: 0.3451  matched_ious: 0.5618  aux_depth_loss: 0.4030  sec_per_iter: 0.9712  iters_per_sec: 1.0300  samples_per_sec: 16.4700  samples_per_sec_per_gpu: 4.1200  max_mem_allocated_mb: 664.7000  max_mem_reserved_mb: 22048.0000
2026/04/08 00:28:46 - mmengine - INFO - Epoch(train) [10][3800/5000]  lr: 9.0663e-05  eta: 2:53:48  time: 0.8059  data_time: 0.0130  memory: 17794  grad_norm: inf  loss: 1.0892  loss_heatmap: 0.2437  layer_-1_loss_cls: 0.0588  layer_-1_loss_bbox: 0.3728  matched_ious: 0.5425  aux_depth_loss: 0.4139  sec_per_iter: 0.9705  iters_per_sec: 1.0300  samples_per_sec: 16.4900  samples_per_sec_per_gpu: 4.1200  max_mem_allocated_mb: 664.7000  max_mem_reserved_mb: 22048.0000
2026/04/08 00:29:29 - mmengine - INFO - Epoch(train) [10][3850/5000]  lr: 8.9908e-05  eta: 2:53:00  time: 0.8757  data_time: 0.0210  memory: 17774  grad_norm: 3.6261  loss: 1.0544  loss_heatmap: 0.2382  layer_-1_loss_cls: 0.0541  layer_-1_loss_bbox: 0.3594  matched_ious: 0.5824  aux_depth_loss: 0.4027  sec_per_iter: 0.9683  iters_per_sec: 1.0300  samples_per_sec: 16.5200  samples_per_sec_per_gpu: 4.1300  max_mem_allocated_mb: 664.7000  max_mem_reserved_mb: 22048.0000
2026/04/08 00:30:11 - mmengine - INFO - Epoch(train) [10][3900/5000]  lr: 8.9155e-05  eta: 2:52:13  time: 0.8341  data_time: 0.0160  memory: 17730  grad_norm: 4.0320  loss: 1.0747  loss_heatmap: 0.2536  layer_-1_loss_cls: 0.0575  layer_-1_loss_bbox: 0.3639  matched_ious: 0.5597  aux_depth_loss: 0.3997  sec_per_iter: 0.9671  iters_per_sec: 1.0300  samples_per_sec: 16.5400  samples_per_sec_per_gpu: 4.1400  max_mem_allocated_mb: 664.7000  max_mem_reserved_mb: 22048.0000
2026/04/08 00:30:53 - mmengine - INFO - Epoch(train) [10][3950/5000]  lr: 8.8405e-05  eta: 2:51:25  time: 0.8397  data_time: 0.0266  memory: 17848  grad_norm: 3.6833  loss: 1.0466  loss_heatmap: 0.2332  layer_-1_loss_cls: 0.0575  layer_-1_loss_bbox: 0.3564  matched_ious: 0.5430  aux_depth_loss: 0.3995  sec_per_iter: 0.9654  iters_per_sec: 1.0400  samples_per_sec: 16.5700  samples_per_sec_per_gpu: 4.1400  max_mem_allocated_mb: 664.7000  max_mem_reserved_mb: 22048.0000
2026/04/08 00:31:35 - mmengine - INFO - Exp name: zod_bevfusion_finetune_20260407_104526
2026/04/08 00:31:36 - mmengine - INFO - Epoch(train) [10][4000/5000]  lr: 8.7657e-05  eta: 2:50:38  time: 0.8482  data_time: 0.0150  memory: 17951  grad_norm: 3.2786  loss: 1.0568  loss_heatmap: 0.2447  layer_-1_loss_cls: 0.0574  layer_-1_loss_bbox: 0.3540  matched_ious: 0.5718  aux_depth_loss: 0.4007  sec_per_iter: 0.9638  iters_per_sec: 1.0400  samples_per_sec: 16.6000  samples_per_sec_per_gpu: 4.1500  max_mem_allocated_mb: 664.7000  max_mem_reserved_mb: 22048.0000
2026/04/08 00:32:21 - mmengine - INFO - Epoch(train) [10][4050/5000]  lr: 8.6912e-05  eta: 2:49:51  time: 0.9162  data_time: 0.0166  memory: 17832  grad_norm: 3.9897  loss: 1.0137  loss_heatmap: 0.2230  layer_-1_loss_cls: 0.0568  layer_-1_loss_bbox: 0.3266  matched_ious: 0.5368  aux_depth_loss: 0.4074  sec_per_iter: 0.9624  iters_per_sec: 1.0400  samples_per_sec: 16.6300  samples_per_sec_per_gpu: 4.1600  max_mem_allocated_mb: 664.7000  max_mem_reserved_mb: 22048.0000
2026/04/08 00:33:05 - mmengine - INFO - Epoch(train) [10][4100/5000]  lr: 8.6169e-05  eta: 2:49:04  time: 0.8750  data_time: 0.0264  memory: 17874  grad_norm: 4.1180  loss: 1.0566  loss_heatmap: 0.2281  layer_-1_loss_cls: 0.0545  layer_-1_loss_bbox: 0.3647  matched_ious: 0.5539  aux_depth_loss: 0.4094  sec_per_iter: 0.9618  iters_per_sec: 1.0400  samples_per_sec: 16.6400  samples_per_sec_per_gpu: 4.1600  max_mem_allocated_mb: 664.7000  max_mem_reserved_mb: 22048.0000
2026/04/08 00:33:50 - mmengine - INFO - Epoch(train) [10][4150/5000]  lr: 8.5429e-05  eta: 2:48:17  time: 0.9035  data_time: 0.0189  memory: 17655  grad_norm: 4.0740  loss: 1.0908  loss_heatmap: 0.2463  layer_-1_loss_cls: 0.0564  layer_-1_loss_bbox: 0.3714  matched_ious: 0.5527  aux_depth_loss: 0.4166  sec_per_iter: 0.9607  iters_per_sec: 1.0400  samples_per_sec: 16.6500  samples_per_sec_per_gpu: 4.1600  max_mem_allocated_mb: 664.7000  max_mem_reserved_mb: 22048.0000
2026/04/08 00:34:35 - mmengine - INFO - Epoch(train) [10][4200/5000]  lr: 8.4691e-05  eta: 2:47:30  time: 0.8889  data_time: 0.0221  memory: 18054  grad_norm: 3.3336  loss: 1.0299  loss_heatmap: 0.2311  layer_-1_loss_cls: 0.0536  layer_-1_loss_bbox: 0.3490  matched_ious: 0.5578  aux_depth_loss: 0.3963  sec_per_iter: 0.9600  iters_per_sec: 1.0400  samples_per_sec: 16.6700  samples_per_sec_per_gpu: 4.1700  max_mem_allocated_mb: 664.7000  max_mem_reserved_mb: 22048.0000
2026/04/08 00:35:18 - mmengine - INFO - Epoch(train) [10][4250/5000]  lr: 8.3956e-05  eta: 2:46:43  time: 0.8763  data_time: 0.0214  memory: 17737  grad_norm: 3.9474  loss: 1.0679  loss_heatmap: 0.2443  layer_-1_loss_cls: 0.0610  layer_-1_loss_bbox: 0.3564  matched_ious: 0.5988  aux_depth_loss: 0.4061  sec_per_iter: 0.9592  iters_per_sec: 1.0400  samples_per_sec: 16.6800  samples_per_sec_per_gpu: 4.1700  max_mem_allocated_mb: 664.7000  max_mem_reserved_mb: 22048.0000
2026/04/08 00:36:00 - mmengine - INFO - Epoch(train) [10][4300/5000]  lr: 8.3223e-05  eta: 2:45:55  time: 0.8361  data_time: 0.0229  memory: 17798  grad_norm: 4.2261  loss: 1.0450  loss_heatmap: 0.2385  layer_-1_loss_cls: 0.0584  layer_-1_loss_bbox: 0.3418  matched_ious: 0.5321  aux_depth_loss: 0.4063  sec_per_iter: 0.9582  iters_per_sec: 1.0400  samples_per_sec: 16.7000  samples_per_sec_per_gpu: 4.1700  max_mem_allocated_mb: 664.7000  max_mem_reserved_mb: 22048.0000
2026/04/08 00:36:46 - mmengine - INFO - Epoch(train) [10][4350/5000]  lr: 8.2493e-05  eta: 2:45:09  time: 0.9207  data_time: 0.0135  memory: 17820  grad_norm: 3.8124  loss: 1.0225  loss_heatmap: 0.2204  layer_-1_loss_cls: 0.0565  layer_-1_loss_bbox: 0.3415  matched_ious: 0.6222  aux_depth_loss: 0.4041  sec_per_iter: 0.9568  iters_per_sec: 1.0500  samples_per_sec: 16.7200  samples_per_sec_per_gpu: 4.1800  max_mem_allocated_mb: 664.7000  max_mem_reserved_mb: 22048.0000
2026/04/08 00:37:29 - mmengine - INFO - Epoch(train) [10][4400/5000]  lr: 8.1766e-05  eta: 2:44:21  time: 0.8480  data_time: 0.0158  memory: 17756  grad_norm: 3.7080  loss: 1.0650  loss_heatmap: 0.2462  layer_-1_loss_cls: 0.0590  layer_-1_loss_bbox: 0.3586  matched_ious: 0.5646  aux_depth_loss: 0.4012  sec_per_iter: 0.9564  iters_per_sec: 1.0500  samples_per_sec: 16.7300  samples_per_sec_per_gpu: 4.1800  max_mem_allocated_mb: 664.7000  max_mem_reserved_mb: 22048.0000
2026/04/08 00:38:15 - mmengine - INFO - Epoch(train) [10][4450/5000]  lr: 8.1041e-05  eta: 2:43:35  time: 0.9347  data_time: 0.0171  memory: 17844  grad_norm: 3.7070  loss: 1.0551  loss_heatmap: 0.2389  layer_-1_loss_cls: 0.0572  layer_-1_loss_bbox: 0.3532  matched_ious: 0.5967  aux_depth_loss: 0.4057  sec_per_iter: 0.9552  iters_per_sec: 1.0500  samples_per_sec: 16.7500  samples_per_sec_per_gpu: 4.1900  max_mem_allocated_mb: 664.7000  max_mem_reserved_mb: 22048.0000
2026/04/08 00:39:00 - mmengine - INFO - Epoch(train) [10][4500/5000]  lr: 8.0318e-05  eta: 2:42:48  time: 0.8905  data_time: 0.0187  memory: 17716  grad_norm: 5.1813  loss: 1.0113  loss_heatmap: 0.2232  layer_-1_loss_cls: 0.0575  layer_-1_loss_bbox: 0.3341  matched_ious: 0.6279  aux_depth_loss: 0.3965  sec_per_iter: 0.9549  iters_per_sec: 1.0500  samples_per_sec: 16.7600  samples_per_sec_per_gpu: 4.1900  max_mem_allocated_mb: 664.7000  max_mem_reserved_mb: 22048.0000
2026/04/08 00:39:42 - mmengine - INFO - Epoch(train) [10][4550/5000]  lr: 7.9599e-05  eta: 2:42:00  time: 0.8494  data_time: 0.0177  memory: 17870  grad_norm: 5.3342  loss: 1.0520  loss_heatmap: 0.2381  layer_-1_loss_cls: 0.0576  layer_-1_loss_bbox: 0.3439  matched_ious: 0.6138  aux_depth_loss: 0.4124  sec_per_iter: 0.9542  iters_per_sec: 1.0500  samples_per_sec: 16.7700  samples_per_sec_per_gpu: 4.1900  max_mem_allocated_mb: 664.7000  max_mem_reserved_mb: 22048.0000
2026/04/08 00:40:24 - mmengine - INFO - Epoch(train) [10][4600/5000]  lr: 7.8882e-05  eta: 2:41:13  time: 0.8380  data_time: 0.0155  memory: 17809  grad_norm: 4.7481  loss: 1.0450  loss_heatmap: 0.2409  layer_-1_loss_cls: 0.0576  layer_-1_loss_bbox: 0.3410  matched_ious: 0.5462  aux_depth_loss: 0.4054  sec_per_iter: 0.9531  iters_per_sec: 1.0500  samples_per_sec: 16.7900  samples_per_sec_per_gpu: 4.2000  max_mem_allocated_mb: 664.7000  max_mem_reserved_mb: 22048.0000
2026/04/08 00:41:05 - mmengine - INFO - Epoch(train) [10][4650/5000]  lr: 7.8167e-05  eta: 2:40:25  time: 0.8110  data_time: 0.0160  memory: 17694  grad_norm: 4.9715  loss: 1.0581  loss_heatmap: 0.2383  layer_-1_loss_cls: 0.0568  layer_-1_loss_bbox: 0.3511  matched_ious: 0.6374  aux_depth_loss: 0.4119  sec_per_iter: 0.9518  iters_per_sec: 1.0500  samples_per_sec: 16.8100  samples_per_sec_per_gpu: 4.2000  max_mem_allocated_mb: 664.7000  max_mem_reserved_mb: 22048.0000
2026/04/08 00:41:47 - mmengine - INFO - Epoch(train) [10][4700/5000]  lr: 7.7456e-05  eta: 2:39:38  time: 0.8444  data_time: 0.0151  memory: 17763  grad_norm: 5.2863  loss: 1.0396  loss_heatmap: 0.2217  layer_-1_loss_cls: 0.0547  layer_-1_loss_bbox: 0.3568  matched_ious: 0.6150  aux_depth_loss: 0.4064  sec_per_iter: 0.9503  iters_per_sec: 1.0500  samples_per_sec: 16.8400  samples_per_sec_per_gpu: 4.2100  max_mem_allocated_mb: 664.7000  max_mem_reserved_mb: 22048.0000
2026/04/08 00:42:29 - mmengine - INFO - Epoch(train) [10][4750/5000]  lr: 7.6747e-05  eta: 2:38:50  time: 0.8390  data_time: 0.0172  memory: 17829  grad_norm: 4.5592  loss: 1.0214  loss_heatmap: 0.2322  layer_-1_loss_cls: 0.0544  layer_-1_loss_bbox: 0.3333  matched_ious: 0.5479  aux_depth_loss: 0.4014  sec_per_iter: 0.9492  iters_per_sec: 1.0500  samples_per_sec: 16.8600  samples_per_sec_per_gpu: 4.2100  max_mem_allocated_mb: 664.7000  max_mem_reserved_mb: 22048.0000
2026/04/08 00:43:15 - mmengine - INFO - Epoch(train) [10][4800/5000]  lr: 7.6040e-05  eta: 2:38:04  time: 0.9131  data_time: 0.0164  memory: 17764  grad_norm: 4.3965  loss: 1.0668  loss_heatmap: 0.2477  layer_-1_loss_cls: 0.0580  layer_-1_loss_bbox: 0.3547  matched_ious: 0.5908  aux_depth_loss: 0.4064  sec_per_iter: 0.9480  iters_per_sec: 1.0500  samples_per_sec: 16.8800  samples_per_sec_per_gpu: 4.2200  max_mem_allocated_mb: 664.7000  max_mem_reserved_mb: 22048.0000
2026/04/08 00:43:58 - mmengine - INFO - Epoch(train) [10][4850/5000]  lr: 7.5336e-05  eta: 2:37:17  time: 0.8692  data_time: 0.0181  memory: 17760  grad_norm: 4.1127  loss: 1.0359  loss_heatmap: 0.2354  layer_-1_loss_cls: 0.0538  layer_-1_loss_bbox: 0.3446  matched_ious: 0.5811  aux_depth_loss: 0.4020  sec_per_iter: 0.9477  iters_per_sec: 1.0600  samples_per_sec: 16.8800  samples_per_sec_per_gpu: 4.2200  max_mem_allocated_mb: 664.7000  max_mem_reserved_mb: 22048.0000
2026/04/08 00:44:41 - mmengine - INFO - Epoch(train) [10][4900/5000]  lr: 7.4635e-05  eta: 2:36:29  time: 0.8645  data_time: 0.0180  memory: 17745  grad_norm: 3.8447  loss: 1.0417  loss_heatmap: 0.2363  layer_-1_loss_cls: 0.0560  layer_-1_loss_bbox: 0.3471  matched_ious: 0.6128  aux_depth_loss: 0.4022  sec_per_iter: 0.9468  iters_per_sec: 1.0600  samples_per_sec: 16.9000  samples_per_sec_per_gpu: 4.2200  max_mem_allocated_mb: 664.7000  max_mem_reserved_mb: 22048.0000
2026/04/08 00:45:25 - mmengine - INFO - Epoch(train) [10][4950/5000]  lr: 7.3937e-05  eta: 2:35:42  time: 0.8634  data_time: 0.0162  memory: 17770  grad_norm: 4.1405  loss: 1.0630  loss_heatmap: 0.2363  layer_-1_loss_cls: 0.0597  layer_-1_loss_bbox: 0.3635  matched_ious: 0.6189  aux_depth_loss: 0.4035  sec_per_iter: 0.9460  iters_per_sec: 1.0600  samples_per_sec: 16.9100  samples_per_sec_per_gpu: 4.2300  max_mem_allocated_mb: 664.7000  max_mem_reserved_mb: 22048.0000
2026/04/08 00:46:08 - mmengine - INFO - Exp name: zod_bevfusion_finetune_20260407_104526
2026/04/08 00:46:08 - mmengine - INFO - Epoch(train) [10][5000/5000]  lr: 7.3241e-05  eta: 2:34:55  time: 0.8663  data_time: 0.0174  memory: 17652  grad_norm: 4.0047  loss: 1.0587  loss_heatmap: 0.2309  layer_-1_loss_cls: 0.0548  layer_-1_loss_bbox: 0.3691  matched_ious: 0.5773  aux_depth_loss: 0.4039  sec_per_iter: 0.9452  iters_per_sec: 1.0600  samples_per_sec: 16.9300  samples_per_sec_per_gpu: 4.2300  max_mem_allocated_mb: 664.7000  max_mem_reserved_mb: 22048.0000
2026/04/08 00:46:08 - mmengine - INFO - [Efficiency] Epoch 10: wall=4721.9s  iters=5000  sec/iter=0.944  mem_alloc=665MB  mem_rsv=22048MB
2026/04/08 00:46:10 - mmengine - INFO - Saved /home/users/u103958/projects/multimodal-MoE/outputs/runs/zod_bevfusion_finetune/bevfusion-finetune_4456392/visualizations/bev_before_backbone_epoch_10.png
2026/04/08 00:46:10 - mmengine - INFO - Saved /home/users/u103958/projects/multimodal-MoE/outputs/runs/zod_bevfusion_finetune/bevfusion-finetune_4456392/visualizations/bev_after_fpn_epoch_10.png
2026/04/08 00:46:10 - mmengine - INFO - Saved /home/users/u103958/projects/multimodal-MoE/outputs/runs/zod_bevfusion_finetune/bevfusion-finetune_4456392/visualizations/bev_pred_vs_gt_epoch_10.png  (GT=16, pred=15, max_score=0.762)
2026/04/08 00:46:11 - mmengine - INFO - Saved /home/users/u103958/projects/multimodal-MoE/outputs/runs/zod_bevfusion_finetune/bevfusion-finetune_4456392/visualizations/bev_val_pred_vs_gt_epoch_10.png  (GT=25, pred=20, max_score=0.796)
2026/04/08 00:46:11 - mmengine - INFO - Saved /home/users/u103958/projects/multimodal-MoE/outputs/runs/zod_bevfusion_finetune/bevfusion-finetune_4456392/visualizations/camera_bev_features_epoch_10.png
2026/04/08 00:46:12 - mmengine - INFO - Saved /home/users/u103958/projects/multimodal-MoE/outputs/runs/zod_bevfusion_finetune/bevfusion-finetune_4456392/visualizations/fused_bev_features_epoch_10.png
2026/04/08 00:46:13 - mmengine - INFO - Saved /home/users/u103958/projects/multimodal-MoE/outputs/runs/zod_bevfusion_finetune/bevfusion-finetune_4456392/visualizations/depth_transform_diagnostic_epoch_10.png
2026/04/08 00:46:13 - mmengine - INFO - ========================================================================
2026/04/08 00:46:13 - mmengine - INFO -   DEPTH PROJECTION DEBUG — Sparse depth analysis
2026/04/08 00:46:13 - mmengine - INFO - ========================================================================
2026/04/08 00:46:13 - mmengine - INFO -   lidar2img  shape=(1, 4, 4)
2026/04/08 00:46:13 - mmengine - INFO -     [  622.2576  -478.3849    -1.9513 -1257.4954]
2026/04/08 00:46:13 - mmengine - INFO -     [ 350.0951    7.6426 -478.2796 -167.8321]
2026/04/08 00:46:13 - mmengine - INFO -     [ 1.      0.003   0.0074 -2.0314]
2026/04/08 00:46:13 - mmengine - INFO -     [0. 0. 0. 1.]
2026/04/08 00:46:13 - mmengine - INFO -   cam2img  shape=(1, 4, 4)
2026/04/08 00:46:13 - mmengine - INFO -     [480.324    0.     620.7651   0.    ]
2026/04/08 00:46:13 - mmengine - INFO -     [  0.     480.9149 346.5506   0.    ]
2026/04/08 00:46:13 - mmengine - INFO -     [0. 0. 1. 0.]
2026/04/08 00:46:13 - mmengine - INFO -     [0. 0. 0. 1.]
2026/04/08 00:46:13 - mmengine - INFO -   img_aug_matrix  shape=(1, 4, 4)
2026/04/08 00:46:13 - mmengine - INFO -     [1. 0. 0. 0.]
2026/04/08 00:46:13 - mmengine - INFO -     [0. 1. 0. 0.]
2026/04/08 00:46:13 - mmengine - INFO -     [0. 0. 1. 0.]
2026/04/08 00:46:13 - mmengine - INFO -     [0. 0. 0. 1.]
2026/04/08 00:46:13 - mmengine - INFO -   lidar_aug_matrix  shape=(4, 4)
2026/04/08 00:46:13 - mmengine - INFO -     [1. 0. 0. 0.]
2026/04/08 00:46:13 - mmengine - INFO -     [0. 1. 0. 0.]
2026/04/08 00:46:13 - mmengine - INFO -     [0. 0. 1. 0.]
2026/04/08 00:46:13 - mmengine - INFO -     [0. 0. 0. 1.]
2026/04/08 00:46:13 - mmengine - INFO -   img tensor shape: (1, 1, 3, 704, 1248)
2026/04/08 00:46:13 - mmengine - INFO -   points[0] shape:  (50570, 4)
2026/04/08 00:46:13 - mmengine - INFO -   image_size=[704, 1248]  feature_size=[88, 156]  D=178
2026/04/08 00:46:13 - mmengine - INFO -   projected: 50570 / 50570 on image
2026/04/08 00:46:13 - mmengine - INFO -   row min/max/mean: 226.9 / 703.6 / 382.4
2026/04/08 00:46:13 - mmengine - INFO - ------------------------------------------------------------------------
2026/04/08 00:46:13 - mmengine - INFO -   MULTI-HIT / OVERWRITE ANALYSIS (full-res depth map)
2026/04/08 00:46:13 - mmengine - INFO -   total LiDAR hits on image:     50570
2026/04/08 00:46:13 - mmengine - INFO -   unique pixels occupied:         45944
2026/04/08 00:46:13 - mmengine - INFO -   pixels with >1 hit:             4354
2026/04/08 00:46:13 - mmengine - INFO -   overwritten points (lost):      4626  (9.1%)
2026/04/08 00:46:13 - mmengine - INFO -   multi-hit max/mean:             4 / 2.1
2026/04/08 00:46:13 - mmengine - INFO -   full-res occupancy:             45944 / 878592 = 5.229%
2026/04/08 00:46:13 - mmengine - INFO - ------------------------------------------------------------------------
2026/04/08 00:46:13 - mmengine - INFO -   OCCUPANCY THROUGH DEPTH PIPELINE
2026/04/08 00:46:13 - mmengine - INFO -   sparse_depth (full-res):  (1, 1, 704, 1248)
2026/04/08 00:46:13 - mmengine - INFO -     nonzero: 156662 / 878592  (17.831%)
2026/04/08 00:46:13 - mmengine - INFO -     active rows: 479/704  cols: 1248/1248
2026/04/08 00:46:13 - mmengine - INFO -   dtransform output:        (1, 64, 88, 156)
2026/04/08 00:46:13 - mmengine - INFO -     active cells (any ch>0): 13728 / 13728  (100.00%)
2026/04/08 00:46:13 - mmengine - INFO -   img_features:             (1, 1, 256, 88, 156)
2026/04/08 00:46:13 - mmengine - INFO -   depthnet output:          (1, 258, 88, 156)
2026/04/08 00:46:13 - mmengine - INFO -   camera BEV:               (1, 80, 180, 180)
2026/04/08 00:46:16 - mmengine - INFO -   Saved /home/users/u103958/projects/multimodal-MoE/outputs/runs/zod_bevfusion_finetune/bevfusion-finetune_4456392/debug/sparse_depth_pipeline.png
2026/04/08 00:46:18 - mmengine - INFO -   Saved /home/users/u103958/projects/multimodal-MoE/outputs/runs/zod_bevfusion_finetune/bevfusion-finetune_4456392/debug/lidar_projection_overlay.png
2026/04/08 00:46:18 - mmengine - INFO - ========================================================================
2026/04/08 00:46:18 - mmengine - INFO - Saving checkpoint at 10 epochs
2026/04/08 00:46:33 - mmengine - INFO - Epoch(val) [10][  50/1250]    eta: 0:04:56  time: 0.2470  data_time: 0.0075  memory: 4779  
2026/04/08 00:46:44 - mmengine - INFO - Epoch(val) [10][ 100/1250]    eta: 0:04:37  time: 0.2357  data_time: 0.0051  memory: 4784  
2026/04/08 00:46:56 - mmengine - INFO - Epoch(val) [10][ 150/1250]    eta: 0:04:22  time: 0.2333  data_time: 0.0057  memory: 4788  
2026/04/08 00:47:08 - mmengine - INFO - Epoch(val) [10][ 200/1250]    eta: 0:04:09  time: 0.2335  data_time: 0.0052  memory: 4785  
2026/04/08 00:47:21 - mmengine - INFO - Epoch(val) [10][ 250/1250]    eta: 0:04:00  time: 0.2545  data_time: 0.0054  memory: 4775  
2026/04/08 00:47:32 - mmengine - INFO - Epoch(val) [10][ 300/1250]    eta: 0:03:47  time: 0.2345  data_time: 0.0048  memory: 4783  
2026/04/08 00:47:45 - mmengine - INFO - Epoch(val) [10][ 350/1250]    eta: 0:03:37  time: 0.2565  data_time: 0.0069  memory: 4785  
2026/04/08 00:47:57 - mmengine - INFO - Epoch(val) [10][ 400/1250]    eta: 0:03:25  time: 0.2437  data_time: 0.0049  memory: 4775  
2026/04/08 00:48:10 - mmengine - INFO - Epoch(val) [10][ 450/1250]    eta: 0:03:14  time: 0.2546  data_time: 0.0053  memory: 4779  
2026/04/08 00:48:22 - mmengine - INFO - Epoch(val) [10][ 500/1250]    eta: 0:03:02  time: 0.2388  data_time: 0.0053  memory: 4778  
2026/04/08 00:48:35 - mmengine - INFO - Epoch(val) [10][ 550/1250]    eta: 0:02:51  time: 0.2567  data_time: 0.0058  memory: 4778  
2026/04/08 00:48:47 - mmengine - INFO - Epoch(val) [10][ 600/1250]    eta: 0:02:39  time: 0.2503  data_time: 0.0062  memory: 4782  
2026/04/08 00:48:59 - mmengine - INFO - Epoch(val) [10][ 650/1250]    eta: 0:02:26  time: 0.2436  data_time: 0.0057  memory: 4782  
2026/04/08 00:49:12 - mmengine - INFO - Epoch(val) [10][ 700/1250]    eta: 0:02:14  time: 0.2405  data_time: 0.0051  memory: 4779  
2026/04/08 00:49:24 - mmengine - INFO - Epoch(val) [10][ 750/1250]    eta: 0:02:02  time: 0.2414  data_time: 0.0058  memory: 4781  
2026/04/08 00:49:36 - mmengine - INFO - Epoch(val) [10][ 800/1250]    eta: 0:01:49  time: 0.2401  data_time: 0.0051  memory: 4776  
2026/04/08 00:49:48 - mmengine - INFO - Epoch(val) [10][ 850/1250]    eta: 0:01:37  time: 0.2392  data_time: 0.0057  memory: 4781  
2026/04/08 00:50:00 - mmengine - INFO - Epoch(val) [10][ 900/1250]    eta: 0:01:25  time: 0.2448  data_time: 0.0057  memory: 4786  
2026/04/08 00:50:12 - mmengine - INFO - Epoch(val) [10][ 950/1250]    eta: 0:01:13  time: 0.2359  data_time: 0.0052  memory: 4782  
2026/04/08 00:50:25 - mmengine - INFO - Epoch(val) [10][1000/1250]    eta: 0:01:01  time: 0.2729  data_time: 0.0048  memory: 4785  
2026/04/08 00:50:39 - mmengine - INFO - Epoch(val) [10][1050/1250]    eta: 0:00:49  time: 0.2743  data_time: 0.0052  memory: 4785  
2026/04/08 00:50:51 - mmengine - INFO - Epoch(val) [10][1100/1250]    eta: 0:00:36  time: 0.2460  data_time: 0.0053  memory: 4785  
2026/04/08 00:51:04 - mmengine - INFO - Epoch(val) [10][1150/1250]    eta: 0:00:24  time: 0.2484  data_time: 0.0060  memory: 4780  
2026/04/08 00:51:15 - mmengine - INFO - Epoch(val) [10][1200/1250]    eta: 0:00:12  time: 0.2347  data_time: 0.0052  memory: 4778  
2026/04/08 00:51:27 - mmengine - INFO - Epoch(val) [10][1250/1250]    eta: 0:00:00  time: 0.2345  data_time: 0.0066  memory: 4782  
2026/04/08 00:52:42 - mmengine - INFO - 
+------------+---------+---------+---------+---------+
| classes    | AP_0.25 | AR_0.25 | AP_0.50 | AR_0.50 |
+------------+---------+---------+---------+---------+
| pedestrian | 0.7726  | 0.9366  | 0.5613  | 0.7277  |
+------------+---------+---------+---------+---------+
| Overall    | 0.7726  | 0.9366  | 0.5613  | 0.7277  |
+------------+---------+---------+---------+---------+
2026/04/08 00:53:13 - mmengine - INFO - 
+------------+---------+---------+---------+---------+---------+---------+---------+---------+
| classes    | AP_0.5m | AR_0.5m | AP_1.0m | AR_1.0m | AP_2.0m | AR_2.0m | AP_4.0m | AR_4.0m |
+------------+---------+---------+---------+---------+---------+---------+---------+---------+
| pedestrian | 0.7905  | 0.9617  | 0.7985  | 0.9688  | 0.8036  | 0.9733  | 0.8112  | 0.9800  |
+------------+---------+---------+---------+---------+---------+---------+---------+---------+
| Overall    | 0.7905  | 0.9617  | 0.7985  | 0.9688  | 0.8036  | 0.9733  | 0.8112  | 0.9800  |
+------------+---------+---------+---------+---------+---------+---------+---------+---------+
2026/04/08 00:53:14 - mmengine - INFO - Epoch(val) [10][1250/1250]    pedestrian_AP_0.25: 0.7726  mAP_0.25: 0.7726  pedestrian_rec_0.25: 0.9366  mAR_0.25: 0.9366  pedestrian_AP_0.50: 0.5613  mAP_0.50: 0.5613  pedestrian_rec_0.50: 0.7277  mAR_0.50: 0.7277  pedestrian_AP_0.5m: 0.7905  pedestrian_rec_0.5m: 0.9617  pedestrian_AP_1.0m: 0.7985  pedestrian_rec_1.0m: 0.9688  pedestrian_AP_2.0m: 0.8036  pedestrian_rec_2.0m: 0.9733  pedestrian_AP_4.0m: 0.8112  pedestrian_rec_4.0m: 0.9800  mAP_0.5m: 0.7905  mAR_0.5m: 0.9617  mAP_1.0m: 0.7985  mAR_1.0m: 0.9688  mAP_2.0m: 0.8036  mAR_2.0m: 0.9733  mAP_4.0m: 0.8112  mAR_4.0m: 0.9800  data_time: 0.0056  time: 0.2454
2026/04/08 00:53:15 - mmengine - INFO - The previous best checkpoint /home/users/u103958/projects/multimodal-MoE/outputs/runs/zod_bevfusion_finetune/bevfusion-finetune_4456392/best_mAP_0.50_epoch_8.pth is removed
2026/04/08 00:53:17 - mmengine - INFO - The best checkpoint with 0.5613 mAP_0.50 at 10 epoch is saved to best_mAP_0.50_epoch_10.pth.
2026/04/08 00:54:01 - mmengine - INFO - Epoch(train) [11][  50/5000]  lr: 7.2549e-05  eta: 2:34:08  time: 0.8483  data_time: 0.0214  memory: 17713  grad_norm: 4.8440  loss: 1.0619  loss_heatmap: 0.2425  layer_-1_loss_cls: 0.0546  layer_-1_loss_bbox: 0.3677  matched_ious: 0.5821  aux_depth_loss: 0.3970  sec_per_iter: 0.9444  iters_per_sec: 1.0600  samples_per_sec: 16.9400  samples_per_sec_per_gpu: 4.2400  max_mem_allocated_mb: 664.7000  max_mem_reserved_mb: 22048.0000
2026/04/08 00:54:43 - mmengine - INFO - Epoch(train) [11][ 100/5000]  lr: 7.1858e-05  eta: 2:33:21  time: 0.8360  data_time: 0.0170  memory: 17836  grad_norm: 4.2312  loss: 1.0451  loss_heatmap: 0.2276  layer_-1_loss_cls: 0.0539  layer_-1_loss_bbox: 0.3609  matched_ious: 0.5888  aux_depth_loss: 0.4027  sec_per_iter: 0.8494  iters_per_sec: 1.1800  samples_per_sec: 18.8400  samples_per_sec_per_gpu: 4.7100  max_mem_allocated_mb: 664.7000  max_mem_reserved_mb: 22048.0000
2026/04/08 00:55:25 - mmengine - INFO - Epoch(train) [11][ 150/5000]  lr: 7.1171e-05  eta: 2:32:33  time: 0.8365  data_time: 0.0144  memory: 17784  grad_norm: 4.0308  loss: 0.9984  loss_heatmap: 0.2146  layer_-1_loss_cls: 0.0526  layer_-1_loss_bbox: 0.3383  matched_ious: 0.5564  aux_depth_loss: 0.3929  sec_per_iter: 0.8429  iters_per_sec: 1.1900  samples_per_sec: 18.9800  samples_per_sec_per_gpu: 4.7500  max_mem_allocated_mb: 664.7000  max_mem_reserved_mb: 22048.0000
2026/04/08 00:56:07 - mmengine - INFO - Epoch(train) [11][ 200/5000]  lr: 7.0486e-05  eta: 2:31:46  time: 0.8491  data_time: 0.0157  memory: 17901  grad_norm: 4.3466  loss: 1.0244  loss_heatmap: 0.2337  layer_-1_loss_cls: 0.0552  layer_-1_loss_bbox: 0.3370  matched_ious: 0.5816  aux_depth_loss: 0.3984  sec_per_iter: 0.8407  iters_per_sec: 1.1900  samples_per_sec: 19.0300  samples_per_sec_per_gpu: 4.7600  max_mem_allocated_mb: 664.7000  max_mem_reserved_mb: 22048.0000
2026/04/08 00:56:50 - mmengine - INFO - Epoch(train) [11][ 250/5000]  lr: 6.9805e-05  eta: 2:30:59  time: 0.8602  data_time: 0.0192  memory: 17767  grad_norm: 4.7841  loss: 1.0068  loss_heatmap: 0.2129  layer_-1_loss_cls: 0.0539  layer_-1_loss_bbox: 0.3461  matched_ious: 0.6141  aux_depth_loss: 0.3938  sec_per_iter: 0.8429  iters_per_sec: 1.1900  samples_per_sec: 18.9800  samples_per_sec_per_gpu: 4.7500  max_mem_allocated_mb: 664.7000  max_mem_reserved_mb: 22048.0000
2026/04/08 00:57:34 - mmengine - INFO - Epoch(train) [11][ 300/5000]  lr: 6.9125e-05  eta: 2:30:12  time: 0.8660  data_time: 0.0170  memory: 17860  grad_norm: 8.5405  loss: 1.0346  loss_heatmap: 0.2344  layer_-1_loss_cls: 0.0526  layer_-1_loss_bbox: 0.3477  matched_ious: 0.5798  aux_depth_loss: 0.3999  sec_per_iter: 0.8464  iters_per_sec: 1.1800  samples_per_sec: 18.9000  samples_per_sec_per_gpu: 4.7300  max_mem_allocated_mb: 664.7000  max_mem_reserved_mb: 22048.0000
2026/04/08 00:58:18 - mmengine - INFO - Epoch(train) [11][ 350/5000]  lr: 6.8449e-05  eta: 2:29:25  time: 0.8778  data_time: 0.0135  memory: 17811  grad_norm: 6.9789  loss: 1.0266  loss_heatmap: 0.2304  layer_-1_loss_cls: 0.0557  layer_-1_loss_bbox: 0.3290  matched_ious: 0.5674  aux_depth_loss: 0.4115  sec_per_iter: 0.8495  iters_per_sec: 1.1800  samples_per_sec: 18.8300  samples_per_sec_per_gpu: 4.7100  max_mem_allocated_mb: 664.7000  max_mem_reserved_mb: 22048.0000
2026/04/08 00:59:00 - mmengine - INFO - Epoch(train) [11][ 400/5000]  lr: 6.7776e-05  eta: 2:28:37  time: 0.8426  data_time: 0.0154  memory: 17775  grad_norm: 5.5664  loss: 1.0138  loss_heatmap: 0.2265  layer_-1_loss_cls: 0.0557  layer_-1_loss_bbox: 0.3324  matched_ious: 0.5629  aux_depth_loss: 0.3993  sec_per_iter: 0.8536  iters_per_sec: 1.1700  samples_per_sec: 18.7400  samples_per_sec_per_gpu: 4.6900  max_mem_allocated_mb: 664.7000  max_mem_reserved_mb: 22048.0000
2026/04/08 00:59:40 - mmengine - INFO - Epoch(train) [11][ 450/5000]  lr: 6.7105e-05  eta: 2:27:50  time: 0.8082  data_time: 0.0142  memory: 17789  grad_norm: 3.5122  loss: 1.0637  loss_heatmap: 0.2463  layer_-1_loss_cls: 0.0531  layer_-1_loss_bbox: 0.3561  matched_ious: 0.5688  aux_depth_loss: 0.4082  sec_per_iter: 0.8523  iters_per_sec: 1.1700  samples_per_sec: 18.7700  samples_per_sec_per_gpu: 4.6900  max_mem_allocated_mb: 664.7000  max_mem_reserved_mb: 22048.0000
2026/04/08 01:00:21 - mmengine - INFO - Epoch(train) [11][ 500/5000]  lr: 6.6437e-05  eta: 2:27:03  time: 0.8288  data_time: 0.0155  memory: 17828  grad_norm: 3.2147  loss: 1.0053  loss_heatmap: 0.2186  layer_-1_loss_cls: 0.0543  layer_-1_loss_bbox: 0.3314  matched_ious: 0.5998  aux_depth_loss: 0.4011  sec_per_iter: 0.8474  iters_per_sec: 1.1800  samples_per_sec: 18.8800  samples_per_sec_per_gpu: 4.7200  max_mem_allocated_mb: 664.7000  max_mem_reserved_mb: 22048.0000
2026/04/08 01:01:06 - mmengine - INFO - Epoch(train) [11][ 550/5000]  lr: 6.5772e-05  eta: 2:26:16  time: 0.8818  data_time: 0.0167  memory: 17752  grad_norm: 2.8087  loss: 1.0212  loss_heatmap: 0.2195  layer_-1_loss_cls: 0.0548  layer_-1_loss_bbox: 0.3518  matched_ious: 0.5646  aux_depth_loss: 0.3951  sec_per_iter: 0.8455  iters_per_sec: 1.1800  samples_per_sec: 18.9200  samples_per_sec_per_gpu: 4.7300  max_mem_allocated_mb: 664.7000  max_mem_reserved_mb: 22048.0000
2026/04/08 01:01:49 - mmengine - INFO - Epoch(train) [11][ 600/5000]  lr: 6.5110e-05  eta: 2:25:29  time: 0.8773  data_time: 0.0164  memory: 17925  grad_norm: 3.2666  loss: 1.0273  loss_heatmap: 0.2224  layer_-1_loss_cls: 0.0498  layer_-1_loss_bbox: 0.3510  matched_ious: 0.5765  aux_depth_loss: 0.4041  sec_per_iter: 0.8488  iters_per_sec: 1.1800  samples_per_sec: 18.8500  samples_per_sec_per_gpu: 4.7100  max_mem_allocated_mb: 664.7000  max_mem_reserved_mb: 22048.0000
2026/04/08 01:02:31 - mmengine - INFO - Epoch(train) [11][ 650/5000]  lr: 6.4450e-05  eta: 2:24:41  time: 0.8236  data_time: 0.0187  memory: 17976  grad_norm: 2.9092  loss: 1.0284  loss_heatmap: 0.2298  layer_-1_loss_cls: 0.0554  layer_-1_loss_bbox: 0.3383  matched_ious: 0.6214  aux_depth_loss: 0.4049  sec_per_iter: 0.8512  iters_per_sec: 1.1700  samples_per_sec: 18.8000  samples_per_sec_per_gpu: 4.7000  max_mem_allocated_mb: 664.7000  max_mem_reserved_mb: 22048.0000
2026/04/08 01:03:11 - mmengine - INFO - Epoch(train) [11][ 700/5000]  lr: 6.3794e-05  eta: 2:23:54  time: 0.8144  data_time: 0.0177  memory: 17742  grad_norm: 3.5311  loss: 1.0869  loss_heatmap: 0.2419  layer_-1_loss_cls: 0.0530  layer_-1_loss_bbox: 0.3906  matched_ious: 0.5840  aux_depth_loss: 0.4014  sec_per_iter: 0.8491  iters_per_sec: 1.1800  samples_per_sec: 18.8400  samples_per_sec_per_gpu: 4.7100  max_mem_allocated_mb: 664.7000  max_mem_reserved_mb: 22048.0000
2026/04/08 01:03:56 - mmengine - INFO - Epoch(train) [11][ 750/5000]  lr: 6.3140e-05  eta: 2:23:07  time: 0.9000  data_time: 0.0160  memory: 17866  grad_norm: 3.0245  loss: 1.0077  loss_heatmap: 0.2196  layer_-1_loss_cls: 0.0548  layer_-1_loss_bbox: 0.3389  matched_ious: 0.5517  aux_depth_loss: 0.3944  sec_per_iter: 0.8466  iters_per_sec: 1.1800  samples_per_sec: 18.9000  samples_per_sec_per_gpu: 4.7200  max_mem_allocated_mb: 664.7000  max_mem_reserved_mb: 22048.0000
2026/04/08 01:04:44 - mmengine - INFO - Epoch(train) [11][ 800/5000]  lr: 6.2490e-05  eta: 2:22:21  time: 0.9560  data_time: 0.0195  memory: 17772  grad_norm: 3.0072  loss: 1.0161  loss_heatmap: 0.2284  layer_-1_loss_cls: 0.0578  layer_-1_loss_bbox: 0.3350  matched_ious: 0.6169  aux_depth_loss: 0.3949  sec_per_iter: 0.8503  iters_per_sec: 1.1800  samples_per_sec: 18.8200  samples_per_sec_per_gpu: 4.7000  max_mem_allocated_mb: 664.7000  max_mem_reserved_mb: 22048.0000
2026/04/08 01:05:26 - mmengine - INFO - Epoch(train) [11][ 850/5000]  lr: 6.1842e-05  eta: 2:21:34  time: 0.8456  data_time: 0.0146  memory: 17919  grad_norm: 3.6404  loss: 1.0467  loss_heatmap: 0.2373  layer_-1_loss_cls: 0.0540  layer_-1_loss_bbox: 0.3556  matched_ious: 0.6189  aux_depth_loss: 0.3997  sec_per_iter: 0.8568  iters_per_sec: 1.1700  samples_per_sec: 18.6700  samples_per_sec_per_gpu: 4.6700  max_mem_allocated_mb: 664.7000  max_mem_reserved_mb: 22048.0000
2026/04/08 01:06:10 - mmengine - INFO - Epoch(train) [11][ 900/5000]  lr: 6.1197e-05  eta: 2:20:47  time: 0.8645  data_time: 0.0188  memory: 17673  grad_norm: 4.7630  loss: 1.0601  loss_heatmap: 0.2303  layer_-1_loss_cls: 0.0532  layer_-1_loss_bbox: 0.3732  matched_ious: 0.5868  aux_depth_loss: 0.4035  sec_per_iter: 0.8562  iters_per_sec: 1.1700  samples_per_sec: 18.6900  samples_per_sec_per_gpu: 4.6700  max_mem_allocated_mb: 664.7000  max_mem_reserved_mb: 22048.0000
2026/04/08 01:06:52 - mmengine - INFO - Epoch(train) [11][ 950/5000]  lr: 6.0555e-05  eta: 2:20:00  time: 0.8444  data_time: 0.0137  memory: 17800  grad_norm: inf  loss: 1.0808  loss_heatmap: 0.2385  layer_-1_loss_cls: 0.0570  layer_-1_loss_bbox: 0.3726  matched_ious: 0.6034  aux_depth_loss: 0.4127  sec_per_iter: 0.8566  iters_per_sec: 1.1700  samples_per_sec: 18.6800  samples_per_sec_per_gpu: 4.6700  max_mem_allocated_mb: 664.7000  max_mem_reserved_mb: 22048.0000
2026/04/08 01:07:36 - mmengine - INFO - Exp name: zod_bevfusion_finetune_20260407_104526
2026/04/08 01:07:36 - mmengine - INFO - Epoch(train) [11][1000/5000]  lr: 5.9916e-05  eta: 2:19:13  time: 0.8865  data_time: 0.0208  memory: 17815  grad_norm: 5.5103  loss: 1.0153  loss_heatmap: 0.2219  layer_-1_loss_cls: 0.0536  layer_-1_loss_bbox: 0.3314  matched_ious: 0.5676  aux_depth_loss: 0.4083  sec_per_iter: 0.8560  iters_per_sec: 1.1700  samples_per_sec: 18.6900  samples_per_sec_per_gpu: 4.6700  max_mem_allocated_mb: 664.7000  max_mem_reserved_mb: 22048.0000
2026/04/08 01:08:17 - mmengine - INFO - Epoch(train) [11][1050/5000]  lr: 5.9279e-05  eta: 2:18:26  time: 0.8225  data_time: 0.0168  memory: 17778  grad_norm: 4.8624  loss: 1.0529  loss_heatmap: 0.2375  layer_-1_loss_cls: 0.0544  layer_-1_loss_bbox: 0.3577  matched_ious: 0.5434  aux_depth_loss: 0.4033  sec_per_iter: 0.8575  iters_per_sec: 1.1700  samples_per_sec: 18.6600  samples_per_sec_per_gpu: 4.6600  max_mem_allocated_mb: 664.7000  max_mem_reserved_mb: 22048.0000
2026/04/08 01:09:00 - mmengine - INFO - Epoch(train) [11][1100/5000]  lr: 5.8646e-05  eta: 2:17:38  time: 0.8440  data_time: 0.0161  memory: 17866  grad_norm: 5.1489  loss: 1.0928  loss_heatmap: 0.2458  layer_-1_loss_cls: 0.0560  layer_-1_loss_bbox: 0.3791  matched_ious: 0.5531  aux_depth_loss: 0.4119  sec_per_iter: 0.8558  iters_per_sec: 1.1700  samples_per_sec: 18.6900  samples_per_sec_per_gpu: 4.6700  max_mem_allocated_mb: 664.7000  max_mem_reserved_mb: 22048.0000
2026/04/08 01:09:42 - mmengine - INFO - Epoch(train) [11][1150/5000]  lr: 5.8016e-05  eta: 2:16:51  time: 0.8444  data_time: 0.0139  memory: 17712  grad_norm: 4.1858  loss: 1.0626  loss_heatmap: 0.2413  layer_-1_loss_cls: 0.0546  layer_-1_loss_bbox: 0.3588  matched_ious: 0.6025  aux_depth_loss: 0.4079  sec_per_iter: 0.8553  iters_per_sec: 1.1700  samples_per_sec: 18.7100  samples_per_sec_per_gpu: 4.6800  max_mem_allocated_mb: 664.7000  max_mem_reserved_mb: 22048.0000
2026/04/08 01:10:28 - mmengine - INFO - Epoch(train) [11][1200/5000]  lr: 5.7389e-05  eta: 2:16:05  time: 0.9153  data_time: 0.0210  memory: 17852  grad_norm: nan  loss: 1.0263  loss_heatmap: 0.2325  layer_-1_loss_cls: 0.0558  layer_-1_loss_bbox: 0.3458  matched_ious: 0.6099  aux_depth_loss: 0.3922  sec_per_iter: 0.8548  iters_per_sec: 1.1700  samples_per_sec: 18.7200  samples_per_sec_per_gpu: 4.6800  max_mem_allocated_mb: 664.7000  max_mem_reserved_mb: 22048.0000
2026/04/08 01:11:10 - mmengine - INFO - Epoch(train) [11][1250/5000]  lr: 5.6764e-05  eta: 2:15:18  time: 0.8460  data_time: 0.0181  memory: 17803  grad_norm: 4.6686  loss: 1.0505  loss_heatmap: 0.2363  layer_-1_loss_cls: 0.0541  layer_-1_loss_bbox: 0.3606  matched_ious: 0.5922  aux_depth_loss: 0.3994  sec_per_iter: 0.8574  iters_per_sec: 1.1700  samples_per_sec: 18.6600  samples_per_sec_per_gpu: 4.6700  max_mem_allocated_mb: 664.7000  max_mem_reserved_mb: 22048.0000
2026/04/08 01:11:51 - mmengine - INFO - Epoch(train) [11][1300/5000]  lr: 5.6143e-05  eta: 2:14:30  time: 0.8252  data_time: 0.0130  memory: 17742  grad_norm: 5.9199  loss: 1.0355  loss_heatmap: 0.2296  layer_-1_loss_cls: 0.0555  layer_-1_loss_bbox: 0.3481  matched_ious: 0.5504  aux_depth_loss: 0.4023  sec_per_iter: 0.8569  iters_per_sec: 1.1700  samples_per_sec: 18.6700  samples_per_sec_per_gpu: 4.6700  max_mem_allocated_mb: 664.7000  max_mem_reserved_mb: 22048.0000
2026/04/08 01:12:34 - mmengine - INFO - Epoch(train) [11][1350/5000]  lr: 5.5525e-05  eta: 2:13:43  time: 0.8522  data_time: 0.0172  memory: 17689  grad_norm: 4.8724  loss: 1.0111  loss_heatmap: 0.2256  layer_-1_loss_cls: 0.0496  layer_-1_loss_bbox: 0.3428  matched_ious: 0.5184  aux_depth_loss: 0.3930  sec_per_iter: 0.8557  iters_per_sec: 1.1700  samples_per_sec: 18.7000  samples_per_sec_per_gpu: 4.6700  max_mem_allocated_mb: 664.7000  max_mem_reserved_mb: 22048.0000
2026/04/08 01:13:17 - mmengine - INFO - Epoch(train) [11][1400/5000]  lr: 5.4909e-05  eta: 2:12:57  time: 0.8712  data_time: 0.0202  memory: 17774  grad_norm: 6.4602  loss: 1.0559  loss_heatmap: 0.2315  layer_-1_loss_cls: 0.0540  layer_-1_loss_bbox: 0.3722  matched_ious: 0.6040  aux_depth_loss: 0.3982  sec_per_iter: 0.8556  iters_per_sec: 1.1700  samples_per_sec: 18.7000  samples_per_sec_per_gpu: 4.6800  max_mem_allocated_mb: 664.7000  max_mem_reserved_mb: 22048.0000
2026/04/08 01:14:00 - mmengine - INFO - Epoch(train) [11][1450/5000]  lr: 5.4297e-05  eta: 2:12:10  time: 0.8560  data_time: 0.0161  memory: 17745  grad_norm: 4.5343  loss: 1.0312  loss_heatmap: 0.2314  layer_-1_loss_cls: 0.0565  layer_-1_loss_bbox: 0.3398  matched_ious: 0.6063  aux_depth_loss: 0.4035  sec_per_iter: 0.8561  iters_per_sec: 1.1700  samples_per_sec: 18.6900  samples_per_sec_per_gpu: 4.6700  max_mem_allocated_mb: 664.7000  max_mem_reserved_mb: 22048.0000
2026/04/08 01:14:41 - mmengine - INFO - Epoch(train) [11][1500/5000]  lr: 5.3687e-05  eta: 2:11:22  time: 0.8220  data_time: 0.0131  memory: 17734  grad_norm: 4.2794  loss: 1.0465  loss_heatmap: 0.2391  layer_-1_loss_cls: 0.0569  layer_-1_loss_bbox: 0.3479  matched_ious: 0.5828  aux_depth_loss: 0.4026  sec_per_iter: 0.8561  iters_per_sec: 1.1700  samples_per_sec: 18.6900  samples_per_sec_per_gpu: 4.6700  max_mem_allocated_mb: 664.7000  max_mem_reserved_mb: 22048.0000
2026/04/08 01:15:24 - mmengine - INFO - Epoch(train) [11][1550/5000]  lr: 5.3081e-05  eta: 2:10:35  time: 0.8483  data_time: 0.0148  memory: 17702  grad_norm: 4.3556  loss: 1.0245  loss_heatmap: 0.2197  layer_-1_loss_cls: 0.0548  layer_-1_loss_bbox: 0.3509  matched_ious: 0.5895  aux_depth_loss: 0.3991  sec_per_iter: 0.8550  iters_per_sec: 1.1700  samples_per_sec: 18.7100  samples_per_sec_per_gpu: 4.6800  max_mem_allocated_mb: 664.7000  max_mem_reserved_mb: 22048.0000
2026/04/08 01:16:09 - mmengine - INFO - Epoch(train) [11][1600/5000]  lr: 5.2478e-05  eta: 2:09:49  time: 0.9069  data_time: 0.0197  memory: 17750  grad_norm: 5.3343  loss: 1.0498  loss_heatmap: 0.2284  layer_-1_loss_cls: 0.0528  layer_-1_loss_bbox: 0.3647  matched_ious: 0.6133  aux_depth_loss: 0.4039  sec_per_iter: 0.8548  iters_per_sec: 1.1700  samples_per_sec: 18.7200  samples_per_sec_per_gpu: 4.6800  max_mem_allocated_mb: 664.7000  max_mem_reserved_mb: 22048.0000
2026/04/08 01:16:55 - mmengine - INFO - Epoch(train) [11][1650/5000]  lr: 5.1878e-05  eta: 2:09:02  time: 0.9202  data_time: 0.0143  memory: 17771  grad_norm: 3.7572  loss: 1.0380  loss_heatmap: 0.2272  layer_-1_loss_cls: 0.0546  layer_-1_loss_bbox: 0.3498  matched_ious: 0.6260  aux_depth_loss: 0.4063  sec_per_iter: 0.8564  iters_per_sec: 1.1700  samples_per_sec: 18.6800  samples_per_sec_per_gpu: 4.6700  max_mem_allocated_mb: 664.7000  max_mem_reserved_mb: 22048.0000
2026/04/08 01:17:43 - mmengine - INFO - Epoch(train) [11][1700/5000]  lr: 5.1280e-05  eta: 2:08:16  time: 0.9614  data_time: 0.0175  memory: 17732  grad_norm: 3.8535  loss: 1.0424  loss_heatmap: 0.2307  layer_-1_loss_cls: 0.0537  layer_-1_loss_bbox: 0.3526  matched_ious: 0.5941  aux_depth_loss: 0.4054  sec_per_iter: 0.8583  iters_per_sec: 1.1700  samples_per_sec: 18.6400  samples_per_sec_per_gpu: 4.6600  max_mem_allocated_mb: 664.7000  max_mem_reserved_mb: 22048.0000
2026/04/08 01:18:32 - mmengine - INFO - Epoch(train) [11][1750/5000]  lr: 5.0686e-05  eta: 2:07:30  time: 0.9752  data_time: 0.0163  memory: 17728  grad_norm: 4.0260  loss: 1.0662  loss_heatmap: 0.2462  layer_-1_loss_cls: 0.0575  layer_-1_loss_bbox: 0.3623  matched_ious: 0.5942  aux_depth_loss: 0.4003  sec_per_iter: 0.8614  iters_per_sec: 1.1600  samples_per_sec: 18.5800  samples_per_sec_per_gpu: 4.6400  max_mem_allocated_mb: 664.7000  max_mem_reserved_mb: 22048.0000
2026/04/08 01:19:22 - mmengine - INFO - Epoch(train) [11][1800/5000]  lr: 5.0095e-05  eta: 2:06:45  time: 1.0050  data_time: 0.0366  memory: 17671  grad_norm: 3.7892  loss: 1.0068  loss_heatmap: 0.2161  layer_-1_loss_cls: 0.0521  layer_-1_loss_bbox: 0.3462  matched_ious: 0.5640  aux_depth_loss: 0.3924  sec_per_iter: 0.8646  iters_per_sec: 1.1600  samples_per_sec: 18.5000  samples_per_sec_per_gpu: 4.6300  max_mem_allocated_mb: 664.7000  max_mem_reserved_mb: 22048.0000
2026/04/08 01:20:09 - mmengine - INFO - Epoch(train) [11][1850/5000]  lr: 4.9507e-05  eta: 2:05:58  time: 0.9331  data_time: 0.0201  memory: 17896  grad_norm: 3.7039  loss: 1.0309  loss_heatmap: 0.2333  layer_-1_loss_cls: 0.0553  layer_-1_loss_bbox: 0.3461  matched_ious: 0.5749  aux_depth_loss: 0.3962  sec_per_iter: 0.8685  iters_per_sec: 1.1500  samples_per_sec: 18.4200  samples_per_sec_per_gpu: 4.6100  max_mem_allocated_mb: 664.7000  max_mem_reserved_mb: 22048.0000
2026/04/08 01:20:52 - mmengine - INFO - Epoch(train) [11][1900/5000]  lr: 4.8922e-05  eta: 2:05:11  time: 0.8689  data_time: 0.0152  memory: 17638  grad_norm: 4.2631  loss: 1.0281  loss_heatmap: 0.2307  layer_-1_loss_cls: 0.0544  layer_-1_loss_bbox: 0.3470  matched_ious: 0.5899  aux_depth_loss: 0.3961  sec_per_iter: 0.8703  iters_per_sec: 1.1500  samples_per_sec: 18.3900  samples_per_sec_per_gpu: 4.6000  max_mem_allocated_mb: 664.7000  max_mem_reserved_mb: 22048.0000
2026/04/08 01:21:36 - mmengine - INFO - Epoch(train) [11][1950/5000]  lr: 4.8340e-05  eta: 2:04:25  time: 0.8830  data_time: 0.0144  memory: 17761  grad_norm: 4.4039  loss: 1.0180  loss_heatmap: 0.2248  layer_-1_loss_cls: 0.0521  layer_-1_loss_bbox: 0.3434  matched_ious: 0.5750  aux_depth_loss: 0.3977  sec_per_iter: 0.8702  iters_per_sec: 1.1500  samples_per_sec: 18.3900  samples_per_sec_per_gpu: 4.6000  max_mem_allocated_mb: 664.7000  max_mem_reserved_mb: 22048.0000
2026/04/08 01:22:30 - mmengine - INFO - Exp name: zod_bevfusion_finetune_20260407_104526
2026/04/08 01:22:30 - mmengine - INFO - Epoch(train) [11][2000/5000]  lr: 4.7762e-05  eta: 2:03:39  time: 1.0710  data_time: 0.0227  memory: 17698  grad_norm: 4.8241  loss: 1.0595  loss_heatmap: 0.2392  layer_-1_loss_cls: 0.0577  layer_-1_loss_bbox: 0.3631  matched_ious: 0.5161  aux_depth_loss: 0.3994  sec_per_iter: 0.8706  iters_per_sec: 1.1500  samples_per_sec: 18.3800  samples_per_sec_per_gpu: 4.5900  max_mem_allocated_mb: 664.7000  max_mem_reserved_mb: 22048.0000
2026/04/08 01:23:20 - mmengine - INFO - Epoch(train) [11][2050/5000]  lr: 4.7186e-05  eta: 2:02:54  time: 1.0091  data_time: 0.0305  memory: 17899  grad_norm: 5.6560  loss: 1.0228  loss_heatmap: 0.2318  layer_-1_loss_cls: 0.0570  layer_-1_loss_bbox: 0.3318  matched_ious: 0.6152  aux_depth_loss: 0.4021  sec_per_iter: 0.8756  iters_per_sec: 1.1400  samples_per_sec: 18.2700  samples_per_sec_per_gpu: 4.5700  max_mem_allocated_mb: 664.7000  max_mem_reserved_mb: 22048.0000
2026/04/08 01:24:18 - mmengine - INFO - Epoch(train) [11][2100/5000]  lr: 4.6614e-05  eta: 2:02:09  time: 1.1495  data_time: 0.0502  memory: 17822  grad_norm: 5.9949  loss: 1.0351  loss_heatmap: 0.2318  layer_-1_loss_cls: 0.0558  layer_-1_loss_bbox: 0.3528  matched_ious: 0.5401  aux_depth_loss: 0.3946  sec_per_iter: 0.8788  iters_per_sec: 1.1400  samples_per_sec: 18.2100  samples_per_sec_per_gpu: 4.5500  max_mem_allocated_mb: 664.7000  max_mem_reserved_mb: 22048.0000
2026/04/08 01:25:05 - mmengine - INFO - Epoch(train) [11][2150/5000]  lr: 4.6045e-05  eta: 2:01:23  time: 0.9410  data_time: 0.0183  memory: 17769  grad_norm: 5.8623  loss: 0.9974  loss_heatmap: 0.2163  layer_-1_loss_cls: 0.0526  layer_-1_loss_bbox: 0.3359  matched_ious: 0.6046  aux_depth_loss: 0.3926  sec_per_iter: 0.8853  iters_per_sec: 1.1300  samples_per_sec: 18.0700  samples_per_sec_per_gpu: 4.5200  max_mem_allocated_mb: 664.7000  max_mem_reserved_mb: 22048.0000
2026/04/08 01:25:53 - mmengine - INFO - Epoch(train) [11][2200/5000]  lr: 4.5478e-05  eta: 2:00:37  time: 0.9583  data_time: 0.0172  memory: 17774  grad_norm: 5.3415  loss: 1.0232  loss_heatmap: 0.2207  layer_-1_loss_cls: 0.0541  layer_-1_loss_bbox: 0.3510  matched_ious: 0.5730  aux_depth_loss: 0.3973  sec_per_iter: 0.8866  iters_per_sec: 1.1300  samples_per_sec: 18.0500  samples_per_sec_per_gpu: 4.5100  max_mem_allocated_mb: 664.7000  max_mem_reserved_mb: 22048.0000
2026/04/08 01:26:40 - mmengine - INFO - Epoch(train) [11][2250/5000]  lr: 4.4915e-05  eta: 1:59:50  time: 0.9484  data_time: 0.0241  memory: 17927  grad_norm: 6.1579  loss: 1.0354  loss_heatmap: 0.2299  layer_-1_loss_cls: 0.0529  layer_-1_loss_bbox: 0.3513  matched_ious: 0.6107  aux_depth_loss: 0.4013  sec_per_iter: 0.8882  iters_per_sec: 1.1300  samples_per_sec: 18.0100  samples_per_sec_per_gpu: 4.5000  max_mem_allocated_mb: 664.7000  max_mem_reserved_mb: 22048.0000
2026/04/08 01:27:31 - mmengine - INFO - Epoch(train) [11][2300/5000]  lr: 4.4356e-05  eta: 1:59:04  time: 1.0069  data_time: 0.0204  memory: 17696  grad_norm: 8.0716  loss: 1.0252  loss_heatmap: 0.2256  layer_-1_loss_cls: 0.0534  layer_-1_loss_bbox: 0.3527  matched_ious: 0.5253  aux_depth_loss: 0.3935  sec_per_iter: 0.8896  iters_per_sec: 1.1200  samples_per_sec: 17.9900  samples_per_sec_per_gpu: 4.5000  max_mem_allocated_mb: 664.7000  max_mem_reserved_mb: 22048.0000
2026/04/08 01:28:20 - mmengine - INFO - Epoch(train) [11][2350/5000]  lr: 4.3799e-05  eta: 1:58:18  time: 0.9816  data_time: 0.0263  memory: 17764  grad_norm: 5.6310  loss: 1.0158  loss_heatmap: 0.2296  layer_-1_loss_cls: 0.0542  layer_-1_loss_bbox: 0.3345  matched_ious: 0.5603  aux_depth_loss: 0.3975  sec_per_iter: 0.8922  iters_per_sec: 1.1200  samples_per_sec: 17.9300  samples_per_sec_per_gpu: 4.4800  max_mem_allocated_mb: 664.7000  max_mem_reserved_mb: 22048.0000
2026/04/08 01:29:05 - mmengine - INFO - Epoch(train) [11][2400/5000]  lr: 4.3245e-05  eta: 1:57:32  time: 0.9042  data_time: 0.0142  memory: 17903  grad_norm: 4.2922  loss: 1.0491  loss_heatmap: 0.2360  layer_-1_loss_cls: 0.0578  layer_-1_loss_bbox: 0.3610  matched_ious: 0.5754  aux_depth_loss: 0.3944  sec_per_iter: 0.8940  iters_per_sec: 1.1200  samples_per_sec: 17.9000  samples_per_sec_per_gpu: 4.4700  max_mem_allocated_mb: 664.7000  max_mem_reserved_mb: 22048.0000
2026/04/08 01:29:53 - mmengine - INFO - Epoch(train) [11][2450/5000]  lr: 4.2695e-05  eta: 1:56:46  time: 0.9584  data_time: 0.0180  memory: 17847  grad_norm: 4.6303  loss: 1.0015  loss_heatmap: 0.2138  layer_-1_loss_cls: 0.0505  layer_-1_loss_bbox: 0.3401  matched_ious: 0.6060  aux_depth_loss: 0.3971  sec_per_iter: 0.8942  iters_per_sec: 1.1200  samples_per_sec: 17.8900  samples_per_sec_per_gpu: 4.4700  max_mem_allocated_mb: 664.7000  max_mem_reserved_mb: 22048.0000
2026/04/08 01:30:37 - mmengine - INFO - Epoch(train) [11][2500/5000]  lr: 4.2148e-05  eta: 1:55:59  time: 0.8892  data_time: 0.0256  memory: 17799  grad_norm: 5.3888  loss: 1.0219  loss_heatmap: 0.2281  layer_-1_loss_cls: 0.0531  layer_-1_loss_bbox: 0.3452  matched_ious: 0.5442  aux_depth_loss: 0.3955  sec_per_iter: 0.8956  iters_per_sec: 1.1200  samples_per_sec: 17.8600  samples_per_sec_per_gpu: 4.4700  max_mem_allocated_mb: 664.7000  max_mem_reserved_mb: 22048.0000
2026/04/08 01:31:21 - mmengine - INFO - Epoch(train) [11][2550/5000]  lr: 4.1604e-05  eta: 1:55:12  time: 0.8715  data_time: 0.0211  memory: 17772  grad_norm: 5.5341  loss: 1.0388  loss_heatmap: 0.2339  layer_-1_loss_cls: 0.0552  layer_-1_loss_bbox: 0.3480  matched_ious: 0.6224  aux_depth_loss: 0.4018  sec_per_iter: 0.8954  iters_per_sec: 1.1200  samples_per_sec: 17.8700  samples_per_sec_per_gpu: 4.4700  max_mem_allocated_mb: 664.7000  max_mem_reserved_mb: 22048.0000
2026/04/08 01:32:04 - mmengine - INFO - Epoch(train) [11][2600/5000]  lr: 4.1064e-05  eta: 1:54:25  time: 0.8635  data_time: 0.0180  memory: 17864  grad_norm: 4.9790  loss: 1.0176  loss_heatmap: 0.2240  layer_-1_loss_cls: 0.0526  layer_-1_loss_bbox: 0.3403  matched_ious: 0.6076  aux_depth_loss: 0.4007  sec_per_iter: 0.8950  iters_per_sec: 1.1200  samples_per_sec: 17.8800  samples_per_sec_per_gpu: 4.4700  max_mem_allocated_mb: 664.7000  max_mem_reserved_mb: 22048.0000
2026/04/08 01:32:48 - mmengine - INFO - Epoch(train) [11][2650/5000]  lr: 4.0526e-05  eta: 1:53:39  time: 0.8856  data_time: 0.0143  memory: 17892  grad_norm: 5.0202  loss: 1.0022  loss_heatmap: 0.2160  layer_-1_loss_cls: 0.0528  layer_-1_loss_bbox: 0.3312  matched_ious: 0.5855  aux_depth_loss: 0.4022  sec_per_iter: 0.8943  iters_per_sec: 1.1200  samples_per_sec: 17.8900  samples_per_sec_per_gpu: 4.4700  max_mem_allocated_mb: 664.7000  max_mem_reserved_mb: 22048.0000
2026/04/08 01:33:30 - mmengine - INFO - Epoch(train) [11][2700/5000]  lr: 3.9992e-05  eta: 1:52:52  time: 0.8346  data_time: 0.0142  memory: 17783  grad_norm: 5.0784  loss: 0.9959  loss_heatmap: 0.2125  layer_-1_loss_cls: 0.0507  layer_-1_loss_bbox: 0.3310  matched_ious: 0.5922  aux_depth_loss: 0.4016  sec_per_iter: 0.8942  iters_per_sec: 1.1200  samples_per_sec: 17.8900  samples_per_sec_per_gpu: 4.4700  max_mem_allocated_mb: 664.7000  max_mem_reserved_mb: 22048.0000
2026/04/08 01:34:15 - mmengine - INFO - Epoch(train) [11][2750/5000]  lr: 3.9461e-05  eta: 1:52:05  time: 0.8952  data_time: 0.0265  memory: 17800  grad_norm: 5.1252  loss: 0.9921  loss_heatmap: 0.2108  layer_-1_loss_cls: 0.0488  layer_-1_loss_bbox: 0.3336  matched_ious: 0.5818  aux_depth_loss: 0.3989  sec_per_iter: 0.8931  iters_per_sec: 1.1200  samples_per_sec: 17.9100  samples_per_sec_per_gpu: 4.4800  max_mem_allocated_mb: 664.7000  max_mem_reserved_mb: 22048.0000
2026/04/08 01:34:59 - mmengine - INFO - Epoch(train) [11][2800/5000]  lr: 3.8933e-05  eta: 1:51:18  time: 0.8872  data_time: 0.0212  memory: 17761  grad_norm: 5.0638  loss: 1.0013  loss_heatmap: 0.2162  layer_-1_loss_cls: 0.0519  layer_-1_loss_bbox: 0.3367  matched_ious: 0.5573  aux_depth_loss: 0.3965  sec_per_iter: 0.8931  iters_per_sec: 1.1200  samples_per_sec: 17.9100  samples_per_sec_per_gpu: 4.4800  max_mem_allocated_mb: 664.7000  max_mem_reserved_mb: 22048.0000
2026/04/08 01:35:43 - mmengine - INFO - Epoch(train) [11][2850/5000]  lr: 3.8409e-05  eta: 1:50:32  time: 0.8693  data_time: 0.0164  memory: 17747  grad_norm: 6.1900  loss: 1.0497  loss_heatmap: 0.2267  layer_-1_loss_cls: 0.0512  layer_-1_loss_bbox: 0.3710  matched_ious: 0.5868  aux_depth_loss: 0.4008  sec_per_iter: 0.8930  iters_per_sec: 1.1200  samples_per_sec: 17.9200  samples_per_sec_per_gpu: 4.4800  max_mem_allocated_mb: 664.7000  max_mem_reserved_mb: 22048.0000
2026/04/08 01:36:25 - mmengine - INFO - Epoch(train) [11][2900/5000]  lr: 3.7887e-05  eta: 1:49:45  time: 0.8475  data_time: 0.0211  memory: 17710  grad_norm: 5.0383  loss: 1.0044  loss_heatmap: 0.2140  layer_-1_loss_cls: 0.0506  layer_-1_loss_bbox: 0.3385  matched_ious: 0.5739  aux_depth_loss: 0.4012  sec_per_iter: 0.8926  iters_per_sec: 1.1200  samples_per_sec: 17.9300  samples_per_sec_per_gpu: 4.4800  max_mem_allocated_mb: 664.7000  max_mem_reserved_mb: 22048.0000
2026/04/08 01:37:07 - mmengine - INFO - Epoch(train) [11][2950/5000]  lr: 3.7370e-05  eta: 1:48:58  time: 0.8318  data_time: 0.0153  memory: 17632  grad_norm: 4.4236  loss: 1.0004  loss_heatmap: 0.2077  layer_-1_loss_cls: 0.0482  layer_-1_loss_bbox: 0.3486  matched_ious: 0.5814  aux_depth_loss: 0.3960  sec_per_iter: 0.8918  iters_per_sec: 1.1200  samples_per_sec: 17.9400  samples_per_sec_per_gpu: 4.4900  max_mem_allocated_mb: 664.7000  max_mem_reserved_mb: 22048.0000
2026/04/08 01:37:49 - mmengine - INFO - Exp name: zod_bevfusion_finetune_20260407_104526
2026/04/08 01:37:49 - mmengine - INFO - Epoch(train) [11][3000/5000]  lr: 3.6855e-05  eta: 1:48:11  time: 0.8442  data_time: 0.0149  memory: 17694  grad_norm: 4.3202  loss: 1.0409  loss_heatmap: 0.2263  layer_-1_loss_cls: 0.0561  layer_-1_loss_bbox: 0.3643  matched_ious: 0.5437  aux_depth_loss: 0.3941  sec_per_iter: 0.8908  iters_per_sec: 1.1200  samples_per_sec: 17.9600  samples_per_sec_per_gpu: 4.4900  max_mem_allocated_mb: 664.7000  max_mem_reserved_mb: 22048.0000
2026/04/08 01:38:31 - mmengine - INFO - Epoch(train) [11][3050/5000]  lr: 3.6343e-05  eta: 1:47:24  time: 0.8500  data_time: 0.0153  memory: 17716  grad_norm: 4.8653  loss: 1.0152  loss_heatmap: 0.2206  layer_-1_loss_cls: 0.0531  layer_-1_loss_bbox: 0.3400  matched_ious: 0.6038  aux_depth_loss: 0.4015  sec_per_iter: 0.8900  iters_per_sec: 1.1200  samples_per_sec: 17.9800  samples_per_sec_per_gpu: 4.4900  max_mem_allocated_mb: 664.7000  max_mem_reserved_mb: 22048.0000
2026/04/08 01:39:13 - mmengine - INFO - Epoch(train) [11][3100/5000]  lr: 3.5835e-05  eta: 1:46:37  time: 0.8384  data_time: 0.0144  memory: 17739  grad_norm: 5.3978  loss: 0.9858  loss_heatmap: 0.2132  layer_-1_loss_cls: 0.0518  layer_-1_loss_bbox: 0.3273  matched_ious: 0.5781  aux_depth_loss: 0.3935  sec_per_iter: 0.8894  iters_per_sec: 1.1200  samples_per_sec: 17.9900  samples_per_sec_per_gpu: 4.5000  max_mem_allocated_mb: 664.7000  max_mem_reserved_mb: 22048.0000
2026/04/08 01:39:57 - mmengine - INFO - Epoch(train) [11][3150/5000]  lr: 3.5331e-05  eta: 1:45:50  time: 0.8688  data_time: 0.0230  memory: 17938  grad_norm: 4.8084  loss: 1.0075  loss_heatmap: 0.2105  layer_-1_loss_cls: 0.0504  layer_-1_loss_bbox: 0.3483  matched_ious: 0.5827  aux_depth_loss: 0.3983  sec_per_iter: 0.8886  iters_per_sec: 1.1300  samples_per_sec: 18.0100  samples_per_sec_per_gpu: 4.5000  max_mem_allocated_mb: 664.7000  max_mem_reserved_mb: 22048.0000
2026/04/08 01:40:40 - mmengine - INFO - Epoch(train) [11][3200/5000]  lr: 3.4829e-05  eta: 1:45:03  time: 0.8588  data_time: 0.0145  memory: 17694  grad_norm: 4.5750  loss: 0.9980  loss_heatmap: 0.2064  layer_-1_loss_cls: 0.0515  layer_-1_loss_bbox: 0.3390  matched_ious: 0.5819  aux_depth_loss: 0.4011  sec_per_iter: 0.8882  iters_per_sec: 1.1300  samples_per_sec: 18.0100  samples_per_sec_per_gpu: 4.5000  max_mem_allocated_mb: 664.7000  max_mem_reserved_mb: 22048.0000
2026/04/08 01:41:21 - mmengine - INFO - Epoch(train) [11][3250/5000]  lr: 3.4331e-05  eta: 1:44:17  time: 0.8365  data_time: 0.0143  memory: 17809  grad_norm: 3.6478  loss: 1.0087  loss_heatmap: 0.2117  layer_-1_loss_cls: 0.0501  layer_-1_loss_bbox: 0.3487  matched_ious: 0.5754  aux_depth_loss: 0.3982  sec_per_iter: 0.8878  iters_per_sec: 1.1300  samples_per_sec: 18.0200  samples_per_sec_per_gpu: 4.5100  max_mem_allocated_mb: 664.7000  max_mem_reserved_mb: 22048.0000
2026/04/08 01:42:03 - mmengine - INFO - Epoch(train) [11][3300/5000]  lr: 3.3836e-05  eta: 1:43:30  time: 0.8322  data_time: 0.0155  memory: 17799  grad_norm: 4.6000  loss: 1.0415  loss_heatmap: 0.2338  layer_-1_loss_cls: 0.0556  layer_-1_loss_bbox: 0.3567  matched_ious: 0.5374  aux_depth_loss: 0.3954  sec_per_iter: 0.8870  iters_per_sec: 1.1300  samples_per_sec: 18.0400  samples_per_sec_per_gpu: 4.5100  max_mem_allocated_mb: 664.7000  max_mem_reserved_mb: 22048.0000
2026/04/08 01:42:46 - mmengine - INFO - Epoch(train) [11][3350/5000]  lr: 3.3345e-05  eta: 1:42:43  time: 0.8539  data_time: 0.0152  memory: 17715  grad_norm: 3.9370  loss: 1.0215  loss_heatmap: 0.2240  layer_-1_loss_cls: 0.0541  layer_-1_loss_bbox: 0.3503  matched_ious: 0.5582  aux_depth_loss: 0.3932  sec_per_iter: 0.8862  iters_per_sec: 1.1300  samples_per_sec: 18.0600  samples_per_sec_per_gpu: 4.5100  max_mem_allocated_mb: 664.7000  max_mem_reserved_mb: 22048.0000
2026/04/08 01:43:27 - mmengine - INFO - Epoch(train) [11][3400/5000]  lr: 3.2857e-05  eta: 1:41:56  time: 0.8252  data_time: 0.0144  memory: 17772  grad_norm: 4.4356  loss: 1.0150  loss_heatmap: 0.2230  layer_-1_loss_cls: 0.0527  layer_-1_loss_bbox: 0.3405  matched_ious: 0.5796  aux_depth_loss: 0.3988  sec_per_iter: 0.8857  iters_per_sec: 1.1300  samples_per_sec: 18.0700  samples_per_sec_per_gpu: 4.5200  max_mem_allocated_mb: 664.7000  max_mem_reserved_mb: 22048.0000
2026/04/08 01:44:09 - mmengine - INFO - Epoch(train) [11][3450/5000]  lr: 3.2372e-05  eta: 1:41:09  time: 0.8415  data_time: 0.0151  memory: 17787  grad_norm: 4.4710  loss: 1.0357  loss_heatmap: 0.2287  layer_-1_loss_cls: 0.0540  layer_-1_loss_bbox: 0.3568  matched_ious: 0.6239  aux_depth_loss: 0.3962  sec_per_iter: 0.8848  iters_per_sec: 1.1300  samples_per_sec: 18.0800  samples_per_sec_per_gpu: 4.5200  max_mem_allocated_mb: 664.7000  max_mem_reserved_mb: 22048.0000
2026/04/08 01:44:52 - mmengine - INFO - Epoch(train) [11][3500/5000]  lr: 3.1890e-05  eta: 1:40:22  time: 0.8654  data_time: 0.0168  memory: 17718  grad_norm: 5.6828  loss: 1.0176  loss_heatmap: 0.2200  layer_-1_loss_cls: 0.0499  layer_-1_loss_bbox: 0.3499  matched_ious: 0.6056  aux_depth_loss: 0.3978  sec_per_iter: 0.8842  iters_per_sec: 1.1300  samples_per_sec: 18.1000  samples_per_sec_per_gpu: 4.5200  max_mem_allocated_mb: 664.7000  max_mem_reserved_mb: 22048.0000
2026/04/08 01:45:36 - mmengine - INFO - Epoch(train) [11][3550/5000]  lr: 3.1412e-05  eta: 1:39:36  time: 0.8692  data_time: 0.0162  memory: 17679  grad_norm: 5.2662  loss: 0.9840  loss_heatmap: 0.2056  layer_-1_loss_cls: 0.0489  layer_-1_loss_bbox: 0.3413  matched_ious: 0.5991  aux_depth_loss: 0.3883  sec_per_iter: 0.8839  iters_per_sec: 1.1300  samples_per_sec: 18.1000  samples_per_sec_per_gpu: 4.5300  max_mem_allocated_mb: 664.7000  max_mem_reserved_mb: 22048.0000
2026/04/08 01:46:20 - mmengine - INFO - Epoch(train) [11][3600/5000]  lr: 3.0937e-05  eta: 1:38:49  time: 0.8730  data_time: 0.0275  memory: 17762  grad_norm: 5.4015  loss: 0.9955  loss_heatmap: 0.2222  layer_-1_loss_cls: 0.0560  layer_-1_loss_bbox: 0.3222  matched_ious: 0.5893  aux_depth_loss: 0.3951  sec_per_iter: 0.8837  iters_per_sec: 1.1300  samples_per_sec: 18.1100  samples_per_sec_per_gpu: 4.5300  max_mem_allocated_mb: 664.7000  max_mem_reserved_mb: 22048.0000
2026/04/08 01:47:01 - mmengine - INFO - Epoch(train) [11][3650/5000]  lr: 3.0466e-05  eta: 1:38:02  time: 0.8222  data_time: 0.0135  memory: 17746  grad_norm: 5.0960  loss: 0.9810  loss_heatmap: 0.2067  layer_-1_loss_cls: 0.0492  layer_-1_loss_bbox: 0.3354  matched_ious: 0.5331  aux_depth_loss: 0.3898  sec_per_iter: 0.8835  iters_per_sec: 1.1300  samples_per_sec: 18.1100  samples_per_sec_per_gpu: 4.5300  max_mem_allocated_mb: 664.7000  max_mem_reserved_mb: 22048.0000
2026/04/08 01:47:42 - mmengine - INFO - Epoch(train) [11][3700/5000]  lr: 2.9998e-05  eta: 1:37:15  time: 0.8310  data_time: 0.0127  memory: 17744  grad_norm: 4.7066  loss: 0.9965  loss_heatmap: 0.2094  layer_-1_loss_cls: 0.0514  layer_-1_loss_bbox: 0.3369  matched_ious: 0.6027  aux_depth_loss: 0.3988  sec_per_iter: 0.8827  iters_per_sec: 1.1300  samples_per_sec: 18.1300  samples_per_sec_per_gpu: 4.5300  max_mem_allocated_mb: 664.7000  max_mem_reserved_mb: 22048.0000
2026/04/08 01:48:25 - mmengine - INFO - Epoch(train) [11][3750/5000]  lr: 2.9534e-05  eta: 1:36:28  time: 0.8505  data_time: 0.0207  memory: 17742  grad_norm: 5.9041  loss: 1.0243  loss_heatmap: 0.2354  layer_-1_loss_cls: 0.0548  layer_-1_loss_bbox: 0.3457  matched_ious: 0.5927  aux_depth_loss: 0.3883  sec_per_iter: 0.8820  iters_per_sec: 1.1300  samples_per_sec: 18.1400  samples_per_sec_per_gpu: 4.5400  max_mem_allocated_mb: 664.7000  max_mem_reserved_mb: 22048.0000
2026/04/08 01:49:06 - mmengine - INFO - Epoch(train) [11][3800/5000]  lr: 2.9072e-05  eta: 1:35:41  time: 0.8163  data_time: 0.0134  memory: 17829  grad_norm: 4.9510  loss: 1.0041  loss_heatmap: 0.2152  layer_-1_loss_cls: 0.0519  layer_-1_loss_bbox: 0.3442  matched_ious: 0.5591  aux_depth_loss: 0.3928  sec_per_iter: 0.8816  iters_per_sec: 1.1300  samples_per_sec: 18.1500  samples_per_sec_per_gpu: 4.5400  max_mem_allocated_mb: 664.7000  max_mem_reserved_mb: 22048.0000
2026/04/08 01:49:53 - mmengine - INFO - Epoch(train) [11][3850/5000]  lr: 2.8615e-05  eta: 1:34:55  time: 0.9459  data_time: 0.0302  memory: 17921  grad_norm: 5.5576  loss: 1.0095  loss_heatmap: 0.2266  layer_-1_loss_cls: 0.0534  layer_-1_loss_bbox: 0.3402  matched_ious: 0.5970  aux_depth_loss: 0.3892  sec_per_iter: 0.8807  iters_per_sec: 1.1400  samples_per_sec: 18.1700  samples_per_sec_per_gpu: 4.5400  max_mem_allocated_mb: 664.7000  max_mem_reserved_mb: 22048.0000
2026/04/08 01:50:38 - mmengine - INFO - Epoch(train) [11][3900/5000]  lr: 2.8160e-05  eta: 1:34:09  time: 0.9134  data_time: 0.0202  memory: 17976  grad_norm: 5.9470  loss: 1.0074  loss_heatmap: 0.2263  layer_-1_loss_cls: 0.0561  layer_-1_loss_bbox: 0.3305  matched_ious: 0.6379  aux_depth_loss: 0.3946  sec_per_iter: 0.8816  iters_per_sec: 1.1300  samples_per_sec: 18.1500  samples_per_sec_per_gpu: 4.5400  max_mem_allocated_mb: 664.7000  max_mem_reserved_mb: 22048.0000
2026/04/08 01:51:22 - mmengine - INFO - Epoch(train) [11][3950/5000]  lr: 2.7709e-05  eta: 1:33:22  time: 0.8686  data_time: 0.0147  memory: 17881  grad_norm: 6.3163  loss: 1.0266  loss_heatmap: 0.2202  layer_-1_loss_cls: 0.0510  layer_-1_loss_bbox: 0.3571  matched_ious: 0.5031  aux_depth_loss: 0.3984  sec_per_iter: 0.8820  iters_per_sec: 1.1300  samples_per_sec: 18.1400  samples_per_sec_per_gpu: 4.5400  max_mem_allocated_mb: 664.7000  max_mem_reserved_mb: 22048.0000
2026/04/08 01:52:05 - mmengine - INFO - Exp name: zod_bevfusion_finetune_20260407_104526
2026/04/08 01:52:05 - mmengine - INFO - Epoch(train) [11][4000/5000]  lr: 2.7262e-05  eta: 1:32:36  time: 0.8531  data_time: 0.0200  memory: 17696  grad_norm: 6.9362  loss: 0.9955  loss_heatmap: 0.2076  layer_-1_loss_cls: 0.0529  layer_-1_loss_bbox: 0.3377  matched_ious: 0.5807  aux_depth_loss: 0.3974  sec_per_iter: 0.8818  iters_per_sec: 1.1300  samples_per_sec: 18.1400  samples_per_sec_per_gpu: 4.5400  max_mem_allocated_mb: 664.7000  max_mem_reserved_mb: 22048.0000
2026/04/08 01:52:46 - mmengine - INFO - Epoch(train) [11][4050/5000]  lr: 2.6818e-05  eta: 1:31:49  time: 0.8244  data_time: 0.0138  memory: 17834  grad_norm: 5.6922  loss: 1.0460  loss_heatmap: 0.2283  layer_-1_loss_cls: 0.0539  layer_-1_loss_bbox: 0.3694  matched_ious: 0.6314  aux_depth_loss: 0.3945  sec_per_iter: 0.8815  iters_per_sec: 1.1300  samples_per_sec: 18.1500  samples_per_sec_per_gpu: 4.5400  max_mem_allocated_mb: 664.7000  max_mem_reserved_mb: 22048.0000
2026/04/08 01:53:29 - mmengine - INFO - Epoch(train) [11][4100/5000]  lr: 2.6377e-05  eta: 1:31:02  time: 0.8539  data_time: 0.0193  memory: 17700  grad_norm: 4.9305  loss: 1.0135  loss_heatmap: 0.2212  layer_-1_loss_cls: 0.0510  layer_-1_loss_bbox: 0.3449  matched_ious: 0.5710  aux_depth_loss: 0.3963  sec_per_iter: 0.8808  iters_per_sec: 1.1400  samples_per_sec: 18.1600  samples_per_sec_per_gpu: 4.5400  max_mem_allocated_mb: 664.7000  max_mem_reserved_mb: 22048.0000
2026/04/08 01:54:13 - mmengine - INFO - Epoch(train) [11][4150/5000]  lr: 2.5940e-05  eta: 1:30:15  time: 0.8874  data_time: 0.0401  memory: 17684  grad_norm: 4.6572  loss: 1.0221  loss_heatmap: 0.2258  layer_-1_loss_cls: 0.0542  layer_-1_loss_bbox: 0.3498  matched_ious: 0.5048  aux_depth_loss: 0.3923  sec_per_iter: 0.8805  iters_per_sec: 1.1400  samples_per_sec: 18.1700  samples_per_sec_per_gpu: 4.5400  max_mem_allocated_mb: 664.7000  max_mem_reserved_mb: 22048.0000
2026/04/08 01:54:57 - mmengine - INFO - Epoch(train) [11][4200/5000]  lr: 2.5506e-05  eta: 1:29:29  time: 0.8725  data_time: 0.0162  memory: 17791  grad_norm: 5.0053  loss: 1.0043  loss_heatmap: 0.2066  layer_-1_loss_cls: 0.0488  layer_-1_loss_bbox: 0.3441  matched_ious: 0.5714  aux_depth_loss: 0.4049  sec_per_iter: 0.8805  iters_per_sec: 1.1400  samples_per_sec: 18.1700  samples_per_sec_per_gpu: 4.5400  max_mem_allocated_mb: 664.7000  max_mem_reserved_mb: 22048.0000
2026/04/08 01:55:41 - mmengine - INFO - Epoch(train) [11][4250/5000]  lr: 2.5076e-05  eta: 1:28:42  time: 0.8925  data_time: 0.0441  memory: 17831  grad_norm: 5.8836  loss: 1.0214  loss_heatmap: 0.2252  layer_-1_loss_cls: 0.0550  layer_-1_loss_bbox: 0.3470  matched_ious: 0.5375  aux_depth_loss: 0.3943  sec_per_iter: 0.8804  iters_per_sec: 1.1400  samples_per_sec: 18.1700  samples_per_sec_per_gpu: 4.5400  max_mem_allocated_mb: 664.7000  max_mem_reserved_mb: 22048.0000
2026/04/08 01:56:24 - mmengine - INFO - Epoch(train) [11][4300/5000]  lr: 2.4649e-05  eta: 1:27:56  time: 0.8603  data_time: 0.0171  memory: 17848  grad_norm: 5.3264  loss: 1.0317  loss_heatmap: 0.2238  layer_-1_loss_cls: 0.0517  layer_-1_loss_bbox: 0.3637  matched_ious: 0.5960  aux_depth_loss: 0.3925  sec_per_iter: 0.8806  iters_per_sec: 1.1400  samples_per_sec: 18.1700  samples_per_sec_per_gpu: 4.5400  max_mem_allocated_mb: 664.7000  max_mem_reserved_mb: 22048.0000
2026/04/08 01:57:07 - mmengine - INFO - Epoch(train) [11][4350/5000]  lr: 2.4226e-05  eta: 1:27:09  time: 0.8629  data_time: 0.0351  memory: 17735  grad_norm: 4.6243  loss: 0.9824  loss_heatmap: 0.2077  layer_-1_loss_cls: 0.0499  layer_-1_loss_bbox: 0.3326  matched_ious: 0.5958  aux_depth_loss: 0.3923  sec_per_iter: 0.8803  iters_per_sec: 1.1400  samples_per_sec: 18.1700  samples_per_sec_per_gpu: 4.5400  max_mem_allocated_mb: 664.7000  max_mem_reserved_mb: 22048.0000
2026/04/08 01:57:49 - mmengine - INFO - Epoch(train) [11][4400/5000]  lr: 2.3806e-05  eta: 1:26:22  time: 0.8405  data_time: 0.0147  memory: 17835  grad_norm: 6.4234  loss: 1.0522  loss_heatmap: 0.2346  layer_-1_loss_cls: 0.0520  layer_-1_loss_bbox: 0.3670  matched_ious: 0.6030  aux_depth_loss: 0.3985  sec_per_iter: 0.8801  iters_per_sec: 1.1400  samples_per_sec: 18.1800  samples_per_sec_per_gpu: 4.5400  max_mem_allocated_mb: 664.7000  max_mem_reserved_mb: 22048.0000
2026/04/08 01:58:34 - mmengine - INFO - Epoch(train) [11][4450/5000]  lr: 2.3390e-05  eta: 1:25:36  time: 0.8973  data_time: 0.0306  memory: 17936  grad_norm: 5.3074  loss: 1.0125  loss_heatmap: 0.2189  layer_-1_loss_cls: 0.0510  layer_-1_loss_bbox: 0.3533  matched_ious: 0.5381  aux_depth_loss: 0.3893  sec_per_iter: 0.8797  iters_per_sec: 1.1400  samples_per_sec: 18.1900  samples_per_sec_per_gpu: 4.5500  max_mem_allocated_mb: 664.7000  max_mem_reserved_mb: 22048.0000
2026/04/08 01:59:18 - mmengine - INFO - Epoch(train) [11][4500/5000]  lr: 2.2977e-05  eta: 1:24:50  time: 0.8749  data_time: 0.0228  memory: 17836  grad_norm: 5.0392  loss: 0.9887  loss_heatmap: 0.2091  layer_-1_loss_cls: 0.0491  layer_-1_loss_bbox: 0.3419  matched_ious: 0.5866  aux_depth_loss: 0.3887  sec_per_iter: 0.8799  iters_per_sec: 1.1400  samples_per_sec: 18.1800  samples_per_sec_per_gpu: 4.5500  max_mem_allocated_mb: 664.7000  max_mem_reserved_mb: 22048.0000
2026/04/08 02:00:00 - mmengine - INFO - Epoch(train) [11][4550/5000]  lr: 2.2568e-05  eta: 1:24:03  time: 0.8364  data_time: 0.0187  memory: 17802  grad_norm: 6.0631  loss: 0.9955  loss_heatmap: 0.2048  layer_-1_loss_cls: 0.0498  layer_-1_loss_bbox: 0.3471  matched_ious: 0.6054  aux_depth_loss: 0.3937  sec_per_iter: 0.8798  iters_per_sec: 1.1400  samples_per_sec: 18.1900  samples_per_sec_per_gpu: 4.5500  max_mem_allocated_mb: 664.7000  max_mem_reserved_mb: 22048.0000
2026/04/08 02:00:44 - mmengine - INFO - Epoch(train) [11][4600/5000]  lr: 2.2162e-05  eta: 1:23:16  time: 0.8906  data_time: 0.0195  memory: 17766  grad_norm: 6.2629  loss: 0.9981  loss_heatmap: 0.2218  layer_-1_loss_cls: 0.0521  layer_-1_loss_bbox: 0.3333  matched_ious: 0.6014  aux_depth_loss: 0.3908  sec_per_iter: 0.8794  iters_per_sec: 1.1400  samples_per_sec: 18.2000  samples_per_sec_per_gpu: 4.5500  max_mem_allocated_mb: 664.7000  max_mem_reserved_mb: 22048.0000
2026/04/08 02:01:29 - mmengine - INFO - Epoch(train) [11][4650/5000]  lr: 2.1760e-05  eta: 1:22:30  time: 0.9003  data_time: 0.0149  memory: 17919  grad_norm: 6.8037  loss: 0.9888  loss_heatmap: 0.2081  layer_-1_loss_cls: 0.0464  layer_-1_loss_bbox: 0.3433  matched_ious: 0.5577  aux_depth_loss: 0.3909  sec_per_iter: 0.8795  iters_per_sec: 1.1400  samples_per_sec: 18.1900  samples_per_sec_per_gpu: 4.5500  max_mem_allocated_mb: 664.7000  max_mem_reserved_mb: 22048.0000
2026/04/08 02:02:12 - mmengine - INFO - Epoch(train) [11][4700/5000]  lr: 2.1361e-05  eta: 1:21:43  time: 0.8552  data_time: 0.0144  memory: 17775  grad_norm: 8.8868  loss: 1.0077  loss_heatmap: 0.2115  layer_-1_loss_cls: 0.0504  layer_-1_loss_bbox: 0.3407  matched_ious: 0.5786  aux_depth_loss: 0.4050  sec_per_iter: 0.8797  iters_per_sec: 1.1400  samples_per_sec: 18.1900  samples_per_sec_per_gpu: 4.5500  max_mem_allocated_mb: 664.7000  max_mem_reserved_mb: 22048.0000
2026/04/08 02:02:53 - mmengine - INFO - Epoch(train) [11][4750/5000]  lr: 2.0966e-05  eta: 1:20:57  time: 0.8146  data_time: 0.0181  memory: 17868  grad_norm: 7.7372  loss: 1.0328  loss_heatmap: 0.2296  layer_-1_loss_cls: 0.0531  layer_-1_loss_bbox: 0.3593  matched_ious: 0.6258  aux_depth_loss: 0.3908  sec_per_iter: 0.8794  iters_per_sec: 1.1400  samples_per_sec: 18.1900  samples_per_sec_per_gpu: 4.5500  max_mem_allocated_mb: 664.7000  max_mem_reserved_mb: 22048.0000
2026/04/08 02:03:37 - mmengine - INFO - Epoch(train) [11][4800/5000]  lr: 2.0574e-05  eta: 1:20:10  time: 0.8815  data_time: 0.0192  memory: 17824  grad_norm: 6.4852  loss: 1.0283  loss_heatmap: 0.2285  layer_-1_loss_cls: 0.0521  layer_-1_loss_bbox: 0.3530  matched_ious: 0.6231  aux_depth_loss: 0.3946  sec_per_iter: 0.8788  iters_per_sec: 1.1400  samples_per_sec: 18.2100  samples_per_sec_per_gpu: 4.5500  max_mem_allocated_mb: 664.7000  max_mem_reserved_mb: 22048.0000
2026/04/08 02:04:19 - mmengine - INFO - Epoch(train) [11][4850/5000]  lr: 2.0186e-05  eta: 1:19:23  time: 0.8390  data_time: 0.0168  memory: 17918  grad_norm: 6.5638  loss: 1.0250  loss_heatmap: 0.2260  layer_-1_loss_cls: 0.0532  layer_-1_loss_bbox: 0.3534  matched_ious: 0.6097  aux_depth_loss: 0.3924  sec_per_iter: 0.8788  iters_per_sec: 1.1400  samples_per_sec: 18.2100  samples_per_sec_per_gpu: 4.5500  max_mem_allocated_mb: 664.7000  max_mem_reserved_mb: 22048.0000
2026/04/08 02:05:01 - mmengine - INFO - Epoch(train) [11][4900/5000]  lr: 1.9801e-05  eta: 1:18:37  time: 0.8424  data_time: 0.0153  memory: 17693  grad_norm: 5.8889  loss: 1.0174  loss_heatmap: 0.2268  layer_-1_loss_cls: 0.0535  layer_-1_loss_bbox: 0.3472  matched_ious: 0.5337  aux_depth_loss: 0.3900  sec_per_iter: 0.8784  iters_per_sec: 1.1400  samples_per_sec: 18.2200  samples_per_sec_per_gpu: 4.5500  max_mem_allocated_mb: 664.7000  max_mem_reserved_mb: 22048.0000
2026/04/08 02:05:44 - mmengine - INFO - Epoch(train) [11][4950/5000]  lr: 1.9420e-05  eta: 1:17:50  time: 0.8680  data_time: 0.0186  memory: 17703  grad_norm: 5.9868  loss: 1.0291  loss_heatmap: 0.2312  layer_-1_loss_cls: 0.0535  layer_-1_loss_bbox: 0.3456  matched_ious: 0.6103  aux_depth_loss: 0.3988  sec_per_iter: 0.8780  iters_per_sec: 1.1400  samples_per_sec: 18.2200  samples_per_sec_per_gpu: 4.5600  max_mem_allocated_mb: 664.7000  max_mem_reserved_mb: 22048.0000
2026/04/08 02:06:26 - mmengine - INFO - Exp name: zod_bevfusion_finetune_20260407_104526
2026/04/08 02:06:26 - mmengine - INFO - Epoch(train) [11][5000/5000]  lr: 1.9042e-05  eta: 1:17:04  time: 0.8313  data_time: 0.0161  memory: 17872  grad_norm: 7.8761  loss: 1.0259  loss_heatmap: 0.2243  layer_-1_loss_cls: 0.0524  layer_-1_loss_bbox: 0.3536  matched_ious: 0.5948  aux_depth_loss: 0.3956  sec_per_iter: 0.8779  iters_per_sec: 1.1400  samples_per_sec: 18.2300  samples_per_sec_per_gpu: 4.5600  max_mem_allocated_mb: 664.7000  max_mem_reserved_mb: 22048.0000
2026/04/08 02:06:26 - mmengine - INFO - [Efficiency] Epoch 11: wall=4387.3s  iters=5000  sec/iter=0.877  mem_alloc=665MB  mem_rsv=22048MB
2026/04/08 02:06:39 - mmengine - INFO - Epoch(val) [11][  50/1250]    eta: 0:05:11  time: 0.2598  data_time: 0.0151  memory: 4779  
2026/04/08 02:06:52 - mmengine - INFO - Epoch(val) [11][ 100/1250]    eta: 0:04:53  time: 0.2500  data_time: 0.0063  memory: 4784  
2026/04/08 02:07:04 - mmengine - INFO - Epoch(val) [11][ 150/1250]    eta: 0:04:35  time: 0.2412  data_time: 0.0060  memory: 4788  
2026/04/08 02:07:16 - mmengine - INFO - Epoch(val) [11][ 200/1250]    eta: 0:04:20  time: 0.2398  data_time: 0.0057  memory: 4785  
2026/04/08 02:07:29 - mmengine - INFO - Epoch(val) [11][ 250/1250]    eta: 0:04:13  time: 0.2742  data_time: 0.0075  memory: 4775  
2026/04/08 02:07:45 - mmengine - INFO - Epoch(val) [11][ 300/1250]    eta: 0:04:10  time: 0.3165  data_time: 0.0099  memory: 4783  
2026/04/08 02:07:58 - mmengine - INFO - Epoch(val) [11][ 350/1250]    eta: 0:03:55  time: 0.2474  data_time: 0.0053  memory: 4785  
2026/04/08 02:08:10 - mmengine - INFO - Epoch(val) [11][ 400/1250]    eta: 0:03:39  time: 0.2398  data_time: 0.0058  memory: 4775  
2026/04/08 02:08:22 - mmengine - INFO - Epoch(val) [11][ 450/1250]    eta: 0:03:26  time: 0.2529  data_time: 0.0054  memory: 4779  
2026/04/08 02:08:34 - mmengine - INFO - Epoch(val) [11][ 500/1250]    eta: 0:03:11  time: 0.2370  data_time: 0.0059  memory: 4778  
2026/04/08 02:08:46 - mmengine - INFO - Epoch(val) [11][ 550/1250]    eta: 0:02:58  time: 0.2414  data_time: 0.0055  memory: 4778  
2026/04/08 02:08:58 - mmengine - INFO - Epoch(val) [11][ 600/1250]    eta: 0:02:44  time: 0.2350  data_time: 0.0054  memory: 4782  
2026/04/08 02:09:10 - mmengine - INFO - Epoch(val) [11][ 650/1250]    eta: 0:02:30  time: 0.2339  data_time: 0.0055  memory: 4782  
2026/04/08 02:09:22 - mmengine - INFO - Epoch(val) [11][ 700/1250]    eta: 0:02:17  time: 0.2399  data_time: 0.0070  memory: 4779  
2026/04/08 02:09:33 - mmengine - INFO - Epoch(val) [11][ 750/1250]    eta: 0:02:04  time: 0.2328  data_time: 0.0068  memory: 4781  
2026/04/08 02:09:45 - mmengine - INFO - Epoch(val) [11][ 800/1250]    eta: 0:01:51  time: 0.2353  data_time: 0.0054  memory: 4776  
2026/04/08 02:09:57 - mmengine - INFO - Epoch(val) [11][ 850/1250]    eta: 0:01:39  time: 0.2385  data_time: 0.0076  memory: 4781  
2026/04/08 02:10:09 - mmengine - INFO - Epoch(val) [11][ 900/1250]    eta: 0:01:26  time: 0.2341  data_time: 0.0061  memory: 4786  
2026/04/08 02:10:21 - mmengine - INFO - Epoch(val) [11][ 950/1250]    eta: 0:01:14  time: 0.2375  data_time: 0.0051  memory: 4782  
2026/04/08 02:10:32 - mmengine - INFO - Epoch(val) [11][1000/1250]    eta: 0:01:01  time: 0.2327  data_time: 0.0064  memory: 4785  
2026/04/08 02:10:44 - mmengine - INFO - Epoch(val) [11][1050/1250]    eta: 0:00:49  time: 0.2390  data_time: 0.0053  memory: 4785  
2026/04/08 02:10:56 - mmengine - INFO - Epoch(val) [11][1100/1250]    eta: 0:00:36  time: 0.2344  data_time: 0.0052  memory: 4785  
2026/04/08 02:11:07 - mmengine - INFO - Epoch(val) [11][1150/1250]    eta: 0:00:24  time: 0.2331  data_time: 0.0051  memory: 4780  
2026/04/08 02:11:19 - mmengine - INFO - Epoch(val) [11][1200/1250]    eta: 0:00:12  time: 0.2348  data_time: 0.0050  memory: 4778  
2026/04/08 02:11:31 - mmengine - INFO - Epoch(val) [11][1250/1250]    eta: 0:00:00  time: 0.2322  data_time: 0.0058  memory: 4782  
2026/04/08 02:12:46 - mmengine - INFO - 
+------------+---------+---------+---------+---------+
| classes    | AP_0.25 | AR_0.25 | AP_0.50 | AR_0.50 |
+------------+---------+---------+---------+---------+
| pedestrian | 0.7742  | 0.9369  | 0.5653  | 0.7294  |
+------------+---------+---------+---------+---------+
| Overall    | 0.7742  | 0.9369  | 0.5653  | 0.7294  |
+------------+---------+---------+---------+---------+
2026/04/08 02:13:16 - mmengine - INFO - 
+------------+---------+---------+---------+---------+---------+---------+---------+---------+
| classes    | AP_0.5m | AR_0.5m | AP_1.0m | AR_1.0m | AP_2.0m | AR_2.0m | AP_4.0m | AR_4.0m |
+------------+---------+---------+---------+---------+---------+---------+---------+---------+
| pedestrian | 0.7915  | 0.9607  | 0.7991  | 0.9678  | 0.8038  | 0.9719  | 0.8109  | 0.9787  |
+------------+---------+---------+---------+---------+---------+---------+---------+---------+
| Overall    | 0.7915  | 0.9607  | 0.7991  | 0.9678  | 0.8038  | 0.9719  | 0.8109  | 0.9787  |
+------------+---------+---------+---------+---------+---------+---------+---------+---------+
2026/04/08 02:13:17 - mmengine - INFO - Epoch(val) [11][1250/1250]    pedestrian_AP_0.25: 0.7742  mAP_0.25: 0.7742  pedestrian_rec_0.25: 0.9369  mAR_0.25: 0.9369  pedestrian_AP_0.50: 0.5653  mAP_0.50: 0.5653  pedestrian_rec_0.50: 0.7294  mAR_0.50: 0.7294  pedestrian_AP_0.5m: 0.7915  pedestrian_rec_0.5m: 0.9607  pedestrian_AP_1.0m: 0.7991  pedestrian_rec_1.0m: 0.9678  pedestrian_AP_2.0m: 0.8038  pedestrian_rec_2.0m: 0.9719  pedestrian_AP_4.0m: 0.8109  pedestrian_rec_4.0m: 0.9787  mAP_0.5m: 0.7915  mAR_0.5m: 0.9607  mAP_1.0m: 0.7991  mAR_1.0m: 0.9678  mAP_2.0m: 0.8038  mAR_2.0m: 0.9719  mAP_4.0m: 0.8109  mAR_4.0m: 0.9787  data_time: 0.0064  time: 0.2437
2026/04/08 02:13:17 - mmengine - INFO - The previous best checkpoint /home/users/u103958/projects/multimodal-MoE/outputs/runs/zod_bevfusion_finetune/bevfusion-finetune_4456392/best_mAP_0.50_epoch_10.pth is removed
2026/04/08 02:13:18 - mmengine - INFO - The best checkpoint with 0.5653 mAP_0.50 at 11 epoch is saved to best_mAP_0.50_epoch_11.pth.
2026/04/08 02:14:03 - mmengine - INFO - Epoch(train) [12][  50/5000]  lr: 1.8668e-05  eta: 1:16:17  time: 0.8570  data_time: 0.0365  memory: 17812  grad_norm: 6.4725  loss: 0.9899  loss_heatmap: 0.1981  layer_-1_loss_cls: 0.0487  layer_-1_loss_bbox: 0.3421  matched_ious: 0.5481  aux_depth_loss: 0.4010  sec_per_iter: 0.8775  iters_per_sec: 1.1400  samples_per_sec: 18.2300  samples_per_sec_per_gpu: 4.5600  max_mem_allocated_mb: 664.7000  max_mem_reserved_mb: 22048.0000
2026/04/08 02:14:46 - mmengine - INFO - Epoch(train) [12][ 100/5000]  lr: 1.8298e-05  eta: 1:15:31  time: 0.8619  data_time: 0.0179  memory: 17799  grad_norm: 7.1331  loss: 1.0100  loss_heatmap: 0.2157  layer_-1_loss_cls: 0.0490  layer_-1_loss_bbox: 0.3524  matched_ious: 0.5617  aux_depth_loss: 0.3929  sec_per_iter: 0.8578  iters_per_sec: 1.1700  samples_per_sec: 18.6500  samples_per_sec_per_gpu: 4.6600  max_mem_allocated_mb: 664.7000  max_mem_reserved_mb: 22048.0000
2026/04/08 02:15:32 - mmengine - INFO - Epoch(train) [12][ 150/5000]  lr: 1.7931e-05  eta: 1:14:44  time: 0.9274  data_time: 0.0175  memory: 17816  grad_norm: 6.5657  loss: 0.9816  loss_heatmap: 0.1945  layer_-1_loss_cls: 0.0466  layer_-1_loss_bbox: 0.3430  matched_ious: 0.5955  aux_depth_loss: 0.3974  sec_per_iter: 0.8598  iters_per_sec: 1.1600  samples_per_sec: 18.6100  samples_per_sec_per_gpu: 4.6500  max_mem_allocated_mb: 664.7000  max_mem_reserved_mb: 22048.0000
2026/04/08 02:16:14 - mmengine - INFO - Epoch(train) [12][ 200/5000]  lr: 1.7568e-05  eta: 1:13:58  time: 0.8415  data_time: 0.0245  memory: 17841  grad_norm: 6.3160  loss: 1.0404  loss_heatmap: 0.2369  layer_-1_loss_cls: 0.0540  layer_-1_loss_bbox: 0.3576  matched_ious: 0.5750  aux_depth_loss: 0.3920  sec_per_iter: 0.8824  iters_per_sec: 1.1300  samples_per_sec: 18.1300  samples_per_sec_per_gpu: 4.5300  max_mem_allocated_mb: 664.7000  max_mem_reserved_mb: 22048.0000
2026/04/08 02:16:55 - mmengine - INFO - Epoch(train) [12][ 250/5000]  lr: 1.7208e-05  eta: 1:13:11  time: 0.8149  data_time: 0.0190  memory: 17797  grad_norm: 7.8441  loss: 0.9824  loss_heatmap: 0.2047  layer_-1_loss_cls: 0.0460  layer_-1_loss_bbox: 0.3422  matched_ious: 0.5443  aux_depth_loss: 0.3895  sec_per_iter: 0.8722  iters_per_sec: 1.1500  samples_per_sec: 18.3400  samples_per_sec_per_gpu: 4.5900  max_mem_allocated_mb: 664.7000  max_mem_reserved_mb: 22048.0000
2026/04/08 02:17:39 - mmengine - INFO - Epoch(train) [12][ 300/5000]  lr: 1.6852e-05  eta: 1:12:25  time: 0.8810  data_time: 0.0156  memory: 17854  grad_norm: 6.2452  loss: 1.0019  loss_heatmap: 0.2212  layer_-1_loss_cls: 0.0497  layer_-1_loss_bbox: 0.3392  matched_ious: 0.5448  aux_depth_loss: 0.3918  sec_per_iter: 0.8608  iters_per_sec: 1.1600  samples_per_sec: 18.5900  samples_per_sec_per_gpu: 4.6500  max_mem_allocated_mb: 664.7000  max_mem_reserved_mb: 22048.0000
2026/04/08 02:18:21 - mmengine - INFO - Epoch(train) [12][ 350/5000]  lr: 1.6500e-05  eta: 1:11:38  time: 0.8422  data_time: 0.0179  memory: 17703  grad_norm: 6.3281  loss: 0.9668  loss_heatmap: 0.1983  layer_-1_loss_cls: 0.0470  layer_-1_loss_bbox: 0.3311  matched_ious: 0.6030  aux_depth_loss: 0.3904  sec_per_iter: 0.8643  iters_per_sec: 1.1600  samples_per_sec: 18.5100  samples_per_sec_per_gpu: 4.6300  max_mem_allocated_mb: 664.7000  max_mem_reserved_mb: 22048.0000
2026/04/08 02:19:05 - mmengine - INFO - Epoch(train) [12][ 400/5000]  lr: 1.6151e-05  eta: 1:10:52  time: 0.8635  data_time: 0.0234  memory: 17778  grad_norm: 6.8785  loss: 1.0040  loss_heatmap: 0.2111  layer_-1_loss_cls: 0.0470  layer_-1_loss_bbox: 0.3512  matched_ious: 0.6155  aux_depth_loss: 0.3947  sec_per_iter: 0.8613  iters_per_sec: 1.1600  samples_per_sec: 18.5800  samples_per_sec_per_gpu: 4.6400  max_mem_allocated_mb: 664.7000  max_mem_reserved_mb: 22048.0000
2026/04/08 02:19:46 - mmengine - INFO - Epoch(train) [12][ 450/5000]  lr: 1.5805e-05  eta: 1:10:05  time: 0.8289  data_time: 0.0155  memory: 17883  grad_norm: 7.2113  loss: 0.9795  loss_heatmap: 0.2137  layer_-1_loss_cls: 0.0498  layer_-1_loss_bbox: 0.3288  matched_ious: 0.6082  aux_depth_loss: 0.3871  sec_per_iter: 0.8614  iters_per_sec: 1.1600  samples_per_sec: 18.5700  samples_per_sec_per_gpu: 4.6400  max_mem_allocated_mb: 664.7000  max_mem_reserved_mb: 22048.0000
2026/04/08 02:20:28 - mmengine - INFO - Epoch(train) [12][ 500/5000]  lr: 1.5464e-05  eta: 1:09:18  time: 0.8356  data_time: 0.0163  memory: 17614  grad_norm: 9.3168  loss: 0.9791  loss_heatmap: 0.2032  layer_-1_loss_cls: 0.0510  layer_-1_loss_bbox: 0.3309  matched_ious: 0.6032  aux_depth_loss: 0.3940  sec_per_iter: 0.8578  iters_per_sec: 1.1700  samples_per_sec: 18.6500  samples_per_sec_per_gpu: 4.6600  max_mem_allocated_mb: 664.7000  max_mem_reserved_mb: 22048.0000
2026/04/08 02:21:10 - mmengine - INFO - Epoch(train) [12][ 550/5000]  lr: 1.5126e-05  eta: 1:08:32  time: 0.8398  data_time: 0.0136  memory: 17802  grad_norm: 9.7650  loss: 1.0138  loss_heatmap: 0.2169  layer_-1_loss_cls: 0.0518  layer_-1_loss_bbox: 0.3483  matched_ious: 0.5749  aux_depth_loss: 0.3967  sec_per_iter: 0.8555  iters_per_sec: 1.1700  samples_per_sec: 18.7000  samples_per_sec_per_gpu: 4.6800  max_mem_allocated_mb: 664.7000  max_mem_reserved_mb: 22048.0000
2026/04/08 02:21:51 - mmengine - INFO - Epoch(train) [12][ 600/5000]  lr: 1.4791e-05  eta: 1:07:45  time: 0.8294  data_time: 0.0156  memory: 17779  grad_norm: 9.0566  loss: 1.0008  loss_heatmap: 0.2085  layer_-1_loss_cls: 0.0481  layer_-1_loss_bbox: 0.3505  matched_ious: 0.5736  aux_depth_loss: 0.3937  sec_per_iter: 0.8541  iters_per_sec: 1.1700  samples_per_sec: 18.7300  samples_per_sec_per_gpu: 4.6800  max_mem_allocated_mb: 664.7000  max_mem_reserved_mb: 22048.0000
2026/04/08 02:22:35 - mmengine - INFO - Epoch(train) [12][ 650/5000]  lr: 1.4461e-05  eta: 1:06:59  time: 0.8702  data_time: 0.0151  memory: 17986  grad_norm: 8.6260  loss: 0.9907  loss_heatmap: 0.2063  layer_-1_loss_cls: 0.0466  layer_-1_loss_bbox: 0.3447  matched_ious: 0.5780  aux_depth_loss: 0.3930  sec_per_iter: 0.8521  iters_per_sec: 1.1700  samples_per_sec: 18.7800  samples_per_sec_per_gpu: 4.6900  max_mem_allocated_mb: 664.7000  max_mem_reserved_mb: 22048.0000
2026/04/08 02:23:16 - mmengine - INFO - Epoch(train) [12][ 700/5000]  lr: 1.4133e-05  eta: 1:06:12  time: 0.8182  data_time: 0.0141  memory: 17696  grad_norm: 8.1717  loss: 0.9967  loss_heatmap: 0.2115  layer_-1_loss_cls: 0.0503  layer_-1_loss_bbox: 0.3402  matched_ious: 0.5827  aux_depth_loss: 0.3946  sec_per_iter: 0.8535  iters_per_sec: 1.1700  samples_per_sec: 18.7500  samples_per_sec_per_gpu: 4.6900  max_mem_allocated_mb: 664.7000  max_mem_reserved_mb: 22048.0000
2026/04/08 02:23:58 - mmengine - INFO - Epoch(train) [12][ 750/5000]  lr: 1.3810e-05  eta: 1:05:26  time: 0.8402  data_time: 0.0171  memory: 17964  grad_norm: 10.0814  loss: 0.9936  loss_heatmap: 0.2105  layer_-1_loss_cls: 0.0500  layer_-1_loss_bbox: 0.3383  matched_ious: 0.6108  aux_depth_loss: 0.3948  sec_per_iter: 0.8510  iters_per_sec: 1.1800  samples_per_sec: 18.8000  samples_per_sec_per_gpu: 4.7000  max_mem_allocated_mb: 664.7000  max_mem_reserved_mb: 22048.0000
2026/04/08 02:24:38 - mmengine - INFO - Epoch(train) [12][ 800/5000]  lr: 1.3490e-05  eta: 1:04:39  time: 0.8092  data_time: 0.0155  memory: 17748  grad_norm: 9.2258  loss: 0.9866  loss_heatmap: 0.2154  layer_-1_loss_cls: 0.0496  layer_-1_loss_bbox: 0.3300  matched_ious: 0.5800  aux_depth_loss: 0.3916  sec_per_iter: 0.8503  iters_per_sec: 1.1800  samples_per_sec: 18.8200  samples_per_sec_per_gpu: 4.7000  max_mem_allocated_mb: 664.7000  max_mem_reserved_mb: 22048.0000
2026/04/08 02:25:20 - mmengine - INFO - Epoch(train) [12][ 850/5000]  lr: 1.3174e-05  eta: 1:03:53  time: 0.8395  data_time: 0.0140  memory: 17775  grad_norm: 7.0974  loss: 0.9734  loss_heatmap: 0.2067  layer_-1_loss_cls: 0.0495  layer_-1_loss_bbox: 0.3243  matched_ious: 0.6206  aux_depth_loss: 0.3929  sec_per_iter: 0.8477  iters_per_sec: 1.1800  samples_per_sec: 18.8800  samples_per_sec_per_gpu: 4.7200  max_mem_allocated_mb: 664.7000  max_mem_reserved_mb: 22048.0000
2026/04/08 02:26:01 - mmengine - INFO - Epoch(train) [12][ 900/5000]  lr: 1.2861e-05  eta: 1:03:06  time: 0.8126  data_time: 0.0146  memory: 17737  grad_norm: 9.0035  loss: 0.9817  loss_heatmap: 0.2136  layer_-1_loss_cls: 0.0508  layer_-1_loss_bbox: 0.3263  matched_ious: 0.5722  aux_depth_loss: 0.3910  sec_per_iter: 0.8472  iters_per_sec: 1.1800  samples_per_sec: 18.8900  samples_per_sec_per_gpu: 4.7200  max_mem_allocated_mb: 664.7000  max_mem_reserved_mb: 22048.0000
2026/04/08 02:26:44 - mmengine - INFO - Epoch(train) [12][ 950/5000]  lr: 1.2552e-05  eta: 1:02:20  time: 0.8635  data_time: 0.0158  memory: 17698  grad_norm: 8.3287  loss: 0.9873  loss_heatmap: 0.2127  layer_-1_loss_cls: 0.0479  layer_-1_loss_bbox: 0.3367  matched_ious: 0.6131  aux_depth_loss: 0.3901  sec_per_iter: 0.8453  iters_per_sec: 1.1800  samples_per_sec: 18.9300  samples_per_sec_per_gpu: 4.7300  max_mem_allocated_mb: 664.7000  max_mem_reserved_mb: 22048.0000
2026/04/08 02:27:25 - mmengine - INFO - Exp name: zod_bevfusion_finetune_20260407_104526
2026/04/08 02:27:25 - mmengine - INFO - Epoch(train) [12][1000/5000]  lr: 1.2247e-05  eta: 1:01:33  time: 0.8164  data_time: 0.0165  memory: 17851  grad_norm: 7.7538  loss: 0.9865  loss_heatmap: 0.2007  layer_-1_loss_cls: 0.0454  layer_-1_loss_bbox: 0.3480  matched_ious: 0.6278  aux_depth_loss: 0.3924  sec_per_iter: 0.8463  iters_per_sec: 1.1800  samples_per_sec: 18.9100  samples_per_sec_per_gpu: 4.7300  max_mem_allocated_mb: 664.7000  max_mem_reserved_mb: 22048.0000
2026/04/08 02:28:09 - mmengine - INFO - Epoch(train) [12][1050/5000]  lr: 1.1945e-05  eta: 1:00:47  time: 0.8860  data_time: 0.0185  memory: 17761  grad_norm: 7.9635  loss: 0.9722  loss_heatmap: 0.1973  layer_-1_loss_cls: 0.0480  layer_-1_loss_bbox: 0.3387  matched_ious: 0.5633  aux_depth_loss: 0.3882  sec_per_iter: 0.8448  iters_per_sec: 1.1800  samples_per_sec: 18.9400  samples_per_sec_per_gpu: 4.7400  max_mem_allocated_mb: 664.7000  max_mem_reserved_mb: 22048.0000
2026/04/08 02:28:52 - mmengine - INFO - Epoch(train) [12][1100/5000]  lr: 1.1647e-05  eta: 1:00:00  time: 0.8608  data_time: 0.0155  memory: 17793  grad_norm: 11.6286  loss: 1.0547  loss_heatmap: 0.2326  layer_-1_loss_cls: 0.0506  layer_-1_loss_bbox: 0.3768  matched_ious: 0.5291  aux_depth_loss: 0.3947  sec_per_iter: 0.8467  iters_per_sec: 1.1800  samples_per_sec: 18.9000  samples_per_sec_per_gpu: 4.7200  max_mem_allocated_mb: 664.7000  max_mem_reserved_mb: 22048.0000
2026/04/08 02:29:36 - mmengine - INFO - Epoch(train) [12][1150/5000]  lr: 1.1353e-05  eta: 0:59:14  time: 0.8826  data_time: 0.0159  memory: 17757  grad_norm: 9.6275  loss: 0.9931  loss_heatmap: 0.2141  layer_-1_loss_cls: 0.0501  layer_-1_loss_bbox: 0.3357  matched_ious: 0.5970  aux_depth_loss: 0.3932  sec_per_iter: 0.8474  iters_per_sec: 1.1800  samples_per_sec: 18.8800  samples_per_sec_per_gpu: 4.7200  max_mem_allocated_mb: 664.7000  max_mem_reserved_mb: 22048.0000
2026/04/08 02:30:19 - mmengine - INFO - Epoch(train) [12][1200/5000]  lr: 1.1062e-05  eta: 0:58:28  time: 0.8560  data_time: 0.0156  memory: 17843  grad_norm: 8.9458  loss: 1.0211  loss_heatmap: 0.2243  layer_-1_loss_cls: 0.0515  layer_-1_loss_bbox: 0.3549  matched_ious: 0.6055  aux_depth_loss: 0.3903  sec_per_iter: 0.8489  iters_per_sec: 1.1800  samples_per_sec: 18.8500  samples_per_sec_per_gpu: 4.7100  max_mem_allocated_mb: 664.7000  max_mem_reserved_mb: 22048.0000
2026/04/08 02:31:03 - mmengine - INFO - Epoch(train) [12][1250/5000]  lr: 1.0776e-05  eta: 0:57:41  time: 0.8726  data_time: 0.0207  memory: 17787  grad_norm: 10.5502  loss: 1.0100  loss_heatmap: 0.2218  layer_-1_loss_cls: 0.0490  layer_-1_loss_bbox: 0.3556  matched_ious: 0.5621  aux_depth_loss: 0.3837  sec_per_iter: 0.8492  iters_per_sec: 1.1800  samples_per_sec: 18.8400  samples_per_sec_per_gpu: 4.7100  max_mem_allocated_mb: 664.7000  max_mem_reserved_mb: 22048.0000
2026/04/08 02:31:45 - mmengine - INFO - Epoch(train) [12][1300/5000]  lr: 1.0492e-05  eta: 0:56:55  time: 0.8521  data_time: 0.0151  memory: 17872  grad_norm: 7.4098  loss: 1.0709  loss_heatmap: 0.2338  layer_-1_loss_cls: 0.0497  layer_-1_loss_bbox: 0.3965  matched_ious: 0.5834  aux_depth_loss: 0.3910  sec_per_iter: 0.8502  iters_per_sec: 1.1800  samples_per_sec: 18.8200  samples_per_sec_per_gpu: 4.7000  max_mem_allocated_mb: 664.7000  max_mem_reserved_mb: 22048.0000
2026/04/08 02:32:27 - mmengine - INFO - Epoch(train) [12][1350/5000]  lr: 1.0213e-05  eta: 0:56:09  time: 0.8320  data_time: 0.0202  memory: 17735  grad_norm: 8.6661  loss: 0.9751  loss_heatmap: 0.1989  layer_-1_loss_cls: 0.0480  layer_-1_loss_bbox: 0.3425  matched_ious: 0.5656  aux_depth_loss: 0.3857  sec_per_iter: 0.8504  iters_per_sec: 1.1800  samples_per_sec: 18.8100  samples_per_sec_per_gpu: 4.7000  max_mem_allocated_mb: 664.7000  max_mem_reserved_mb: 22048.0000
2026/04/08 02:33:10 - mmengine - INFO - Epoch(train) [12][1400/5000]  lr: 9.9370e-06  eta: 0:55:22  time: 0.8721  data_time: 0.0217  memory: 17870  grad_norm: 9.0979  loss: 0.9941  loss_heatmap: 0.2087  layer_-1_loss_cls: 0.0496  layer_-1_loss_bbox: 0.3472  matched_ious: 0.5569  aux_depth_loss: 0.3887  sec_per_iter: 0.8496  iters_per_sec: 1.1800  samples_per_sec: 18.8300  samples_per_sec_per_gpu: 4.7100  max_mem_allocated_mb: 664.7000  max_mem_reserved_mb: 22048.0000
2026/04/08 02:33:52 - mmengine - INFO - Epoch(train) [12][1450/5000]  lr: 9.6648e-06  eta: 0:54:36  time: 0.8244  data_time: 0.0151  memory: 17761  grad_norm: 7.8975  loss: 0.9778  loss_heatmap: 0.2090  layer_-1_loss_cls: 0.0482  layer_-1_loss_bbox: 0.3331  matched_ious: 0.5953  aux_depth_loss: 0.3876  sec_per_iter: 0.8504  iters_per_sec: 1.1800  samples_per_sec: 18.8200  samples_per_sec_per_gpu: 4.7000  max_mem_allocated_mb: 664.7000  max_mem_reserved_mb: 22048.0000
2026/04/08 02:34:36 - mmengine - INFO - Epoch(train) [12][1500/5000]  lr: 9.3964e-06  eta: 0:53:49  time: 0.8862  data_time: 0.0152  memory: 17773  grad_norm: 7.2814  loss: 1.0346  loss_heatmap: 0.2335  layer_-1_loss_cls: 0.0548  layer_-1_loss_bbox: 0.3589  matched_ious: 0.5931  aux_depth_loss: 0.3874  sec_per_iter: 0.8495  iters_per_sec: 1.1800  samples_per_sec: 18.8400  samples_per_sec_per_gpu: 4.7100  max_mem_allocated_mb: 664.7000  max_mem_reserved_mb: 22048.0000
2026/04/08 02:35:16 - mmengine - INFO - Epoch(train) [12][1550/5000]  lr: 9.1317e-06  eta: 0:53:03  time: 0.8074  data_time: 0.0140  memory: 17826  grad_norm: 7.6987  loss: 1.0130  loss_heatmap: 0.2181  layer_-1_loss_cls: 0.0510  layer_-1_loss_bbox: 0.3502  matched_ious: 0.5712  aux_depth_loss: 0.3936  sec_per_iter: 0.8507  iters_per_sec: 1.1800  samples_per_sec: 18.8100  samples_per_sec_per_gpu: 4.7000  max_mem_allocated_mb: 664.7000  max_mem_reserved_mb: 22048.0000
2026/04/08 02:35:59 - mmengine - INFO - Epoch(train) [12][1600/5000]  lr: 8.8707e-06  eta: 0:52:17  time: 0.8438  data_time: 0.0141  memory: 17835  grad_norm: 6.8374  loss: 1.0007  loss_heatmap: 0.2138  layer_-1_loss_cls: 0.0527  layer_-1_loss_bbox: 0.3438  matched_ious: 0.6116  aux_depth_loss: 0.3904  sec_per_iter: 0.8493  iters_per_sec: 1.1800  samples_per_sec: 18.8400  samples_per_sec_per_gpu: 4.7100  max_mem_allocated_mb: 664.7000  max_mem_reserved_mb: 22048.0000
2026/04/08 02:36:39 - mmengine - INFO - Epoch(train) [12][1650/5000]  lr: 8.6135e-06  eta: 0:51:30  time: 0.8091  data_time: 0.0136  memory: 17761  grad_norm: 7.3950  loss: 0.9928  loss_heatmap: 0.2151  layer_-1_loss_cls: 0.0510  layer_-1_loss_bbox: 0.3390  matched_ious: 0.5688  aux_depth_loss: 0.3877  sec_per_iter: 0.8491  iters_per_sec: 1.1800  samples_per_sec: 18.8400  samples_per_sec_per_gpu: 4.7100  max_mem_allocated_mb: 664.7000  max_mem_reserved_mb: 22048.0000
2026/04/08 02:37:20 - mmengine - INFO - Epoch(train) [12][1700/5000]  lr: 8.3599e-06  eta: 0:50:44  time: 0.8234  data_time: 0.0151  memory: 17804  grad_norm: 8.5097  loss: 0.9963  loss_heatmap: 0.2205  layer_-1_loss_cls: 0.0523  layer_-1_loss_bbox: 0.3320  matched_ious: 0.6140  aux_depth_loss: 0.3916  sec_per_iter: 0.8479  iters_per_sec: 1.1800  samples_per_sec: 18.8700  samples_per_sec_per_gpu: 4.7200  max_mem_allocated_mb: 664.7000  max_mem_reserved_mb: 22048.0000
2026/04/08 02:38:01 - mmengine - INFO - Epoch(train) [12][1750/5000]  lr: 8.1101e-06  eta: 0:49:57  time: 0.8245  data_time: 0.0153  memory: 17716  grad_norm: 8.0641  loss: 0.9774  loss_heatmap: 0.2094  layer_-1_loss_cls: 0.0496  layer_-1_loss_bbox: 0.3350  matched_ious: 0.5600  aux_depth_loss: 0.3834  sec_per_iter: 0.8472  iters_per_sec: 1.1800  samples_per_sec: 18.8900  samples_per_sec_per_gpu: 4.7200  max_mem_allocated_mb: 664.7000  max_mem_reserved_mb: 22048.0000
2026/04/08 02:38:43 - mmengine - INFO - Epoch(train) [12][1800/5000]  lr: 7.8640e-06  eta: 0:49:11  time: 0.8240  data_time: 0.0174  memory: 17771  grad_norm: 8.0131  loss: 0.9806  loss_heatmap: 0.2078  layer_-1_loss_cls: 0.0508  layer_-1_loss_bbox: 0.3326  matched_ious: 0.6449  aux_depth_loss: 0.3893  sec_per_iter: 0.8466  iters_per_sec: 1.1800  samples_per_sec: 18.9000  samples_per_sec_per_gpu: 4.7200  max_mem_allocated_mb: 664.7000  max_mem_reserved_mb: 22048.0000
2026/04/08 02:39:23 - mmengine - INFO - Epoch(train) [12][1850/5000]  lr: 7.6217e-06  eta: 0:48:25  time: 0.8100  data_time: 0.0135  memory: 17831  grad_norm: 7.8950  loss: 1.0018  loss_heatmap: 0.2135  layer_-1_loss_cls: 0.0480  layer_-1_loss_bbox: 0.3509  matched_ious: 0.6279  aux_depth_loss: 0.3895  sec_per_iter: 0.8459  iters_per_sec: 1.1800  samples_per_sec: 18.9100  samples_per_sec_per_gpu: 4.7300  max_mem_allocated_mb: 664.7000  max_mem_reserved_mb: 22048.0000
2026/04/08 02:40:05 - mmengine - INFO - Epoch(train) [12][1900/5000]  lr: 7.3830e-06  eta: 0:47:38  time: 0.8428  data_time: 0.0166  memory: 17690  grad_norm: 8.4750  loss: 0.9360  loss_heatmap: 0.1917  layer_-1_loss_cls: 0.0471  layer_-1_loss_bbox: 0.3082  matched_ious: 0.5520  aux_depth_loss: 0.3891  sec_per_iter: 0.8450  iters_per_sec: 1.1800  samples_per_sec: 18.9400  samples_per_sec_per_gpu: 4.7300  max_mem_allocated_mb: 664.7000  max_mem_reserved_mb: 22048.0000
2026/04/08 02:40:48 - mmengine - INFO - Epoch(train) [12][1950/5000]  lr: 7.1482e-06  eta: 0:46:52  time: 0.8447  data_time: 0.0208  memory: 17766  grad_norm: 8.1257  loss: 0.9927  loss_heatmap: 0.2192  layer_-1_loss_cls: 0.0491  layer_-1_loss_bbox: 0.3379  matched_ious: 0.5773  aux_depth_loss: 0.3865  sec_per_iter: 0.8450  iters_per_sec: 1.1800  samples_per_sec: 18.9400  samples_per_sec_per_gpu: 4.7300  max_mem_allocated_mb: 664.7000  max_mem_reserved_mb: 22048.0000
2026/04/08 02:41:29 - mmengine - INFO - Exp name: zod_bevfusion_finetune_20260407_104526
2026/04/08 02:41:29 - mmengine - INFO - Epoch(train) [12][2000/5000]  lr: 6.9170e-06  eta: 0:46:06  time: 0.8344  data_time: 0.0184  memory: 17776  grad_norm: 8.7624  loss: 1.0086  loss_heatmap: 0.2150  layer_-1_loss_cls: 0.0509  layer_-1_loss_bbox: 0.3491  matched_ious: 0.5805  aux_depth_loss: 0.3936  sec_per_iter: 0.8449  iters_per_sec: 1.1800  samples_per_sec: 18.9400  samples_per_sec_per_gpu: 4.7300  max_mem_allocated_mb: 664.7000  max_mem_reserved_mb: 22048.0000
2026/04/08 02:42:14 - mmengine - INFO - Epoch(train) [12][2050/5000]  lr: 6.6897e-06  eta: 0:45:19  time: 0.8916  data_time: 0.0144  memory: 17818  grad_norm: 9.6748  loss: 1.0104  loss_heatmap: 0.2163  layer_-1_loss_cls: 0.0533  layer_-1_loss_bbox: 0.3460  matched_ious: 0.5839  aux_depth_loss: 0.3948  sec_per_iter: 0.8446  iters_per_sec: 1.1800  samples_per_sec: 18.9400  samples_per_sec_per_gpu: 4.7400  max_mem_allocated_mb: 664.7000  max_mem_reserved_mb: 22048.0000
2026/04/08 02:42:55 - mmengine - INFO - Epoch(train) [12][2100/5000]  lr: 6.4660e-06  eta: 0:44:33  time: 0.8129  data_time: 0.0150  memory: 17784  grad_norm: 10.6209  loss: 0.9972  loss_heatmap: 0.2156  layer_-1_loss_cls: 0.0539  layer_-1_loss_bbox: 0.3385  matched_ious: 0.5835  aux_depth_loss: 0.3892  sec_per_iter: 0.8458  iters_per_sec: 1.1800  samples_per_sec: 18.9200  samples_per_sec_per_gpu: 4.7300  max_mem_allocated_mb: 664.7000  max_mem_reserved_mb: 22048.0000
2026/04/08 02:43:37 - mmengine - INFO - Epoch(train) [12][2150/5000]  lr: 6.2461e-06  eta: 0:43:47  time: 0.8591  data_time: 0.0135  memory: 17794  grad_norm: 9.0138  loss: 1.0424  loss_heatmap: 0.2227  layer_-1_loss_cls: 0.0513  layer_-1_loss_bbox: 0.3732  matched_ious: 0.6186  aux_depth_loss: 0.3952  sec_per_iter: 0.8450  iters_per_sec: 1.1800  samples_per_sec: 18.9300  samples_per_sec_per_gpu: 4.7300  max_mem_allocated_mb: 664.7000  max_mem_reserved_mb: 22048.0000
2026/04/08 02:44:19 - mmengine - INFO - Epoch(train) [12][2200/5000]  lr: 6.0300e-06  eta: 0:43:00  time: 0.8294  data_time: 0.0158  memory: 17783  grad_norm: 9.0946  loss: 0.9636  loss_heatmap: 0.2036  layer_-1_loss_cls: 0.0486  layer_-1_loss_bbox: 0.3216  matched_ious: 0.5814  aux_depth_loss: 0.3898  sec_per_iter: 0.8453  iters_per_sec: 1.1800  samples_per_sec: 18.9300  samples_per_sec_per_gpu: 4.7300  max_mem_allocated_mb: 664.7000  max_mem_reserved_mb: 22048.0000
2026/04/08 02:45:02 - mmengine - INFO - Epoch(train) [12][2250/5000]  lr: 5.8177e-06  eta: 0:42:14  time: 0.8523  data_time: 0.0201  memory: 17704  grad_norm: 9.3544  loss: 1.0031  loss_heatmap: 0.2164  layer_-1_loss_cls: 0.0506  layer_-1_loss_bbox: 0.3448  matched_ious: 0.5255  aux_depth_loss: 0.3913  sec_per_iter: 0.8450  iters_per_sec: 1.1800  samples_per_sec: 18.9400  samples_per_sec_per_gpu: 4.7300  max_mem_allocated_mb: 664.7000  max_mem_reserved_mb: 22048.0000
2026/04/08 02:45:42 - mmengine - INFO - Epoch(train) [12][2300/5000]  lr: 5.6091e-06  eta: 0:41:28  time: 0.8107  data_time: 0.0180  memory: 17795  grad_norm: 9.1416  loss: 0.9784  loss_heatmap: 0.1989  layer_-1_loss_cls: 0.0514  layer_-1_loss_bbox: 0.3430  matched_ious: 0.5480  aux_depth_loss: 0.3851  sec_per_iter: 0.8451  iters_per_sec: 1.1800  samples_per_sec: 18.9300  samples_per_sec_per_gpu: 4.7300  max_mem_allocated_mb: 664.7000  max_mem_reserved_mb: 22048.0000
2026/04/08 02:46:23 - mmengine - INFO - Epoch(train) [12][2350/5000]  lr: 5.4043e-06  eta: 0:40:41  time: 0.8202  data_time: 0.0150  memory: 17783  grad_norm: 9.3789  loss: 1.0003  loss_heatmap: 0.2099  layer_-1_loss_cls: 0.0527  layer_-1_loss_bbox: 0.3469  matched_ious: 0.5691  aux_depth_loss: 0.3908  sec_per_iter: 0.8444  iters_per_sec: 1.1800  samples_per_sec: 18.9500  samples_per_sec_per_gpu: 4.7400  max_mem_allocated_mb: 664.7000  max_mem_reserved_mb: 22048.0000
2026/04/08 02:47:05 - mmengine - INFO - Epoch(train) [12][2400/5000]  lr: 5.2032e-06  eta: 0:39:55  time: 0.8402  data_time: 0.0149  memory: 17729  grad_norm: 9.3978  loss: 1.0130  loss_heatmap: 0.2209  layer_-1_loss_cls: 0.0519  layer_-1_loss_bbox: 0.3478  matched_ious: 0.5457  aux_depth_loss: 0.3924  sec_per_iter: 0.8439  iters_per_sec: 1.1800  samples_per_sec: 18.9600  samples_per_sec_per_gpu: 4.7400  max_mem_allocated_mb: 664.7000  max_mem_reserved_mb: 22048.0000
2026/04/08 02:47:46 - mmengine - INFO - Epoch(train) [12][2450/5000]  lr: 5.0060e-06  eta: 0:39:09  time: 0.8200  data_time: 0.0146  memory: 17746  grad_norm: 10.6087  loss: 0.9912  loss_heatmap: 0.2116  layer_-1_loss_cls: 0.0461  layer_-1_loss_bbox: 0.3387  matched_ious: 0.5876  aux_depth_loss: 0.3949  sec_per_iter: 0.8438  iters_per_sec: 1.1900  samples_per_sec: 18.9600  samples_per_sec_per_gpu: 4.7400  max_mem_allocated_mb: 664.7000  max_mem_reserved_mb: 22048.0000
2026/04/08 02:48:28 - mmengine - INFO - Epoch(train) [12][2500/5000]  lr: 4.8125e-06  eta: 0:38:23  time: 0.8448  data_time: 0.0134  memory: 17722  grad_norm: 11.1866  loss: 0.9808  loss_heatmap: 0.2145  layer_-1_loss_cls: 0.0522  layer_-1_loss_bbox: 0.3233  matched_ious: 0.5701  aux_depth_loss: 0.3908  sec_per_iter: 0.8433  iters_per_sec: 1.1900  samples_per_sec: 18.9700  samples_per_sec_per_gpu: 4.7400  max_mem_allocated_mb: 664.7000  max_mem_reserved_mb: 22048.0000
2026/04/08 02:49:10 - mmengine - INFO - Epoch(train) [12][2550/5000]  lr: 4.6228e-06  eta: 0:37:36  time: 0.8324  data_time: 0.0177  memory: 17782  grad_norm: 11.2383  loss: 0.9636  loss_heatmap: 0.1996  layer_-1_loss_cls: 0.0488  layer_-1_loss_bbox: 0.3305  matched_ious: 0.6072  aux_depth_loss: 0.3847  sec_per_iter: 0.8434  iters_per_sec: 1.1900  samples_per_sec: 18.9700  samples_per_sec_per_gpu: 4.7400  max_mem_allocated_mb: 664.7000  max_mem_reserved_mb: 22048.0000
2026/04/08 02:49:53 - mmengine - INFO - Epoch(train) [12][2600/5000]  lr: 4.4368e-06  eta: 0:36:50  time: 0.8565  data_time: 0.0138  memory: 17788  grad_norm: 9.5556  loss: 1.0047  loss_heatmap: 0.2083  layer_-1_loss_cls: 0.0481  layer_-1_loss_bbox: 0.3487  matched_ious: 0.5677  aux_depth_loss: 0.3995  sec_per_iter: 0.8431  iters_per_sec: 1.1900  samples_per_sec: 18.9800  samples_per_sec_per_gpu: 4.7400  max_mem_allocated_mb: 664.7000  max_mem_reserved_mb: 22048.0000
2026/04/08 02:50:34 - mmengine - INFO - Epoch(train) [12][2650/5000]  lr: 4.2547e-06  eta: 0:36:04  time: 0.8157  data_time: 0.0162  memory: 17862  grad_norm: 11.7195  loss: 1.0196  loss_heatmap: 0.2174  layer_-1_loss_cls: 0.0479  layer_-1_loss_bbox: 0.3600  matched_ious: 0.5643  aux_depth_loss: 0.3943  sec_per_iter: 0.8434  iters_per_sec: 1.1900  samples_per_sec: 18.9700  samples_per_sec_per_gpu: 4.7400  max_mem_allocated_mb: 664.7000  max_mem_reserved_mb: 22048.0000
2026/04/08 02:51:16 - mmengine - INFO - Epoch(train) [12][2700/5000]  lr: 4.0763e-06  eta: 0:35:18  time: 0.8539  data_time: 0.0139  memory: 17828  grad_norm: 9.5749  loss: 0.9965  loss_heatmap: 0.2165  layer_-1_loss_cls: 0.0485  layer_-1_loss_bbox: 0.3417  matched_ious: 0.5859  aux_depth_loss: 0.3898  sec_per_iter: 0.8429  iters_per_sec: 1.1900  samples_per_sec: 18.9800  samples_per_sec_per_gpu: 4.7500  max_mem_allocated_mb: 664.7000  max_mem_reserved_mb: 22048.0000
2026/04/08 02:51:57 - mmengine - INFO - Epoch(train) [12][2750/5000]  lr: 3.9018e-06  eta: 0:34:32  time: 0.8147  data_time: 0.0146  memory: 17852  grad_norm: 9.2452  loss: 0.9730  loss_heatmap: 0.2092  layer_-1_loss_cls: 0.0459  layer_-1_loss_bbox: 0.3271  matched_ious: 0.5800  aux_depth_loss: 0.3908  sec_per_iter: 0.8431  iters_per_sec: 1.1900  samples_per_sec: 18.9800  samples_per_sec_per_gpu: 4.7400  max_mem_allocated_mb: 664.7000  max_mem_reserved_mb: 22048.0000
2026/04/08 02:52:39 - mmengine - INFO - Epoch(train) [12][2800/5000]  lr: 3.7310e-06  eta: 0:33:45  time: 0.8334  data_time: 0.0145  memory: 17764  grad_norm: 11.5461  loss: 0.9887  loss_heatmap: 0.2071  layer_-1_loss_cls: 0.0520  layer_-1_loss_bbox: 0.3395  matched_ious: 0.5910  aux_depth_loss: 0.3901  sec_per_iter: 0.8426  iters_per_sec: 1.1900  samples_per_sec: 18.9900  samples_per_sec_per_gpu: 4.7500  max_mem_allocated_mb: 664.7000  max_mem_reserved_mb: 22048.0000
2026/04/08 02:53:19 - mmengine - INFO - Epoch(train) [12][2850/5000]  lr: 3.5640e-06  eta: 0:32:59  time: 0.8082  data_time: 0.0141  memory: 17741  grad_norm: 9.1006  loss: 0.9552  loss_heatmap: 0.1957  layer_-1_loss_cls: 0.0464  layer_-1_loss_bbox: 0.3229  matched_ious: 0.5620  aux_depth_loss: 0.3902  sec_per_iter: 0.8424  iters_per_sec: 1.1900  samples_per_sec: 18.9900  samples_per_sec_per_gpu: 4.7500  max_mem_allocated_mb: 664.7000  max_mem_reserved_mb: 22048.0000
2026/04/08 02:54:01 - mmengine - INFO - Epoch(train) [12][2900/5000]  lr: 3.4009e-06  eta: 0:32:13  time: 0.8354  data_time: 0.0128  memory: 17724  grad_norm: 12.1617  loss: 0.9887  loss_heatmap: 0.2089  layer_-1_loss_cls: 0.0484  layer_-1_loss_bbox: 0.3374  matched_ious: 0.5827  aux_depth_loss: 0.3940  sec_per_iter: 0.8418  iters_per_sec: 1.1900  samples_per_sec: 19.0100  samples_per_sec_per_gpu: 4.7500  max_mem_allocated_mb: 664.7000  max_mem_reserved_mb: 22048.0000
2026/04/08 02:54:43 - mmengine - INFO - Epoch(train) [12][2950/5000]  lr: 3.2415e-06  eta: 0:31:27  time: 0.8370  data_time: 0.0235  memory: 17860  grad_norm: 9.8823  loss: 0.9700  loss_heatmap: 0.2069  layer_-1_loss_cls: 0.0494  layer_-1_loss_bbox: 0.3322  matched_ious: 0.5931  aux_depth_loss: 0.3815  sec_per_iter: 0.8418  iters_per_sec: 1.1900  samples_per_sec: 19.0100  samples_per_sec_per_gpu: 4.7500  max_mem_allocated_mb: 664.7000  max_mem_reserved_mb: 22048.0000
2026/04/08 02:55:24 - mmengine - INFO - Exp name: zod_bevfusion_finetune_20260407_104526
2026/04/08 02:55:24 - mmengine - INFO - Epoch(train) [12][3000/5000]  lr: 3.0860e-06  eta: 0:30:41  time: 0.8307  data_time: 0.0136  memory: 17864  grad_norm: 9.6919  loss: 1.0227  loss_heatmap: 0.2278  layer_-1_loss_cls: 0.0543  layer_-1_loss_bbox: 0.3487  matched_ious: 0.5571  aux_depth_loss: 0.3920  sec_per_iter: 0.8416  iters_per_sec: 1.1900  samples_per_sec: 19.0100  samples_per_sec_per_gpu: 4.7500  max_mem_allocated_mb: 664.7000  max_mem_reserved_mb: 22048.0000
2026/04/08 02:56:07 - mmengine - INFO - Epoch(train) [12][3050/5000]  lr: 2.9342e-06  eta: 0:29:54  time: 0.8459  data_time: 0.0126  memory: 17799  grad_norm: nan  loss: 1.0392  loss_heatmap: 0.2259  layer_-1_loss_cls: 0.0552  layer_-1_loss_bbox: 0.3682  matched_ious: 0.5063  aux_depth_loss: 0.3899  sec_per_iter: 0.8414  iters_per_sec: 1.1900  samples_per_sec: 19.0200  samples_per_sec_per_gpu: 4.7500  max_mem_allocated_mb: 664.7000  max_mem_reserved_mb: 22048.0000
2026/04/08 02:56:49 - mmengine - INFO - Epoch(train) [12][3100/5000]  lr: 2.7863e-06  eta: 0:29:08  time: 0.8424  data_time: 0.0170  memory: 17744  grad_norm: 9.8049  loss: 0.9735  loss_heatmap: 0.2117  layer_-1_loss_cls: 0.0485  layer_-1_loss_bbox: 0.3353  matched_ious: 0.5419  aux_depth_loss: 0.3780  sec_per_iter: 0.8415  iters_per_sec: 1.1900  samples_per_sec: 19.0100  samples_per_sec_per_gpu: 4.7500  max_mem_allocated_mb: 664.7000  max_mem_reserved_mb: 22048.0000
2026/04/08 02:57:31 - mmengine - INFO - Epoch(train) [12][3150/5000]  lr: 2.6421e-06  eta: 0:28:22  time: 0.8538  data_time: 0.0154  memory: 17961  grad_norm: 9.7485  loss: 0.9860  loss_heatmap: 0.2025  layer_-1_loss_cls: 0.0451  layer_-1_loss_bbox: 0.3468  matched_ious: 0.6288  aux_depth_loss: 0.3917  sec_per_iter: 0.8416  iters_per_sec: 1.1900  samples_per_sec: 19.0100  samples_per_sec_per_gpu: 4.7500  max_mem_allocated_mb: 664.7000  max_mem_reserved_mb: 22048.0000
2026/04/08 02:58:13 - mmengine - INFO - Epoch(train) [12][3200/5000]  lr: 2.5018e-06  eta: 0:27:36  time: 0.8263  data_time: 0.0139  memory: 17892  grad_norm: 11.0518  loss: 1.0131  loss_heatmap: 0.2188  layer_-1_loss_cls: 0.0503  layer_-1_loss_bbox: 0.3520  matched_ious: 0.5791  aux_depth_loss: 0.3920  sec_per_iter: 0.8417  iters_per_sec: 1.1900  samples_per_sec: 19.0100  samples_per_sec_per_gpu: 4.7500  max_mem_allocated_mb: 664.7000  max_mem_reserved_mb: 22048.0000
2026/04/08 02:58:55 - mmengine - INFO - Epoch(train) [12][3250/5000]  lr: 2.3653e-06  eta: 0:26:50  time: 0.8392  data_time: 0.0152  memory: 17715  grad_norm: 9.3367  loss: 1.0296  loss_heatmap: 0.2241  layer_-1_loss_cls: 0.0518  layer_-1_loss_bbox: 0.3626  matched_ious: 0.5659  aux_depth_loss: 0.3911  sec_per_iter: 0.8415  iters_per_sec: 1.1900  samples_per_sec: 19.0100  samples_per_sec_per_gpu: 4.7500  max_mem_allocated_mb: 664.7000  max_mem_reserved_mb: 22048.0000
2026/04/08 02:59:38 - mmengine - INFO - Epoch(train) [12][3300/5000]  lr: 2.2327e-06  eta: 0:26:04  time: 0.8590  data_time: 0.0148  memory: 17683  grad_norm: 10.1318  loss: 0.9862  loss_heatmap: 0.2066  layer_-1_loss_cls: 0.0506  layer_-1_loss_bbox: 0.3440  matched_ious: 0.5899  aux_depth_loss: 0.3850  sec_per_iter: 0.8415  iters_per_sec: 1.1900  samples_per_sec: 19.0100  samples_per_sec_per_gpu: 4.7500  max_mem_allocated_mb: 664.7000  max_mem_reserved_mb: 22048.0000
2026/04/08 03:00:18 - mmengine - INFO - Epoch(train) [12][3350/5000]  lr: 2.1038e-06  eta: 0:25:18  time: 0.8165  data_time: 0.0163  memory: 17818  grad_norm: 8.1687  loss: 1.0188  loss_heatmap: 0.2193  layer_-1_loss_cls: 0.0511  layer_-1_loss_bbox: 0.3558  matched_ious: 0.5965  aux_depth_loss: 0.3925  sec_per_iter: 0.8417  iters_per_sec: 1.1900  samples_per_sec: 19.0100  samples_per_sec_per_gpu: 4.7500  max_mem_allocated_mb: 664.7000  max_mem_reserved_mb: 22048.0000
2026/04/08 03:01:01 - mmengine - INFO - Epoch(train) [12][3400/5000]  lr: 1.9788e-06  eta: 0:24:31  time: 0.8457  data_time: 0.0164  memory: 18006  grad_norm: 10.4508  loss: 0.9973  loss_heatmap: 0.2084  layer_-1_loss_cls: 0.0472  layer_-1_loss_bbox: 0.3506  matched_ious: 0.5883  aux_depth_loss: 0.3912  sec_per_iter: 0.8413  iters_per_sec: 1.1900  samples_per_sec: 19.0200  samples_per_sec_per_gpu: 4.7500  max_mem_allocated_mb: 664.7000  max_mem_reserved_mb: 22048.0000
2026/04/08 03:01:44 - mmengine - INFO - Epoch(train) [12][3450/5000]  lr: 1.8576e-06  eta: 0:23:45  time: 0.8649  data_time: 0.0151  memory: 17866  grad_norm: 9.0827  loss: 0.9852  loss_heatmap: 0.2118  layer_-1_loss_cls: 0.0462  layer_-1_loss_bbox: 0.3368  matched_ious: 0.6024  aux_depth_loss: 0.3905  sec_per_iter: 0.8414  iters_per_sec: 1.1900  samples_per_sec: 19.0200  samples_per_sec_per_gpu: 4.7500  max_mem_allocated_mb: 664.7000  max_mem_reserved_mb: 22048.0000
2026/04/08 03:02:27 - mmengine - INFO - Epoch(train) [12][3500/5000]  lr: 1.7402e-06  eta: 0:22:59  time: 0.8622  data_time: 0.0171  memory: 17759  grad_norm: 8.4290  loss: 1.0168  loss_heatmap: 0.2153  layer_-1_loss_cls: 0.0519  layer_-1_loss_bbox: 0.3589  matched_ious: 0.5599  aux_depth_loss: 0.3907  sec_per_iter: 0.8418  iters_per_sec: 1.1900  samples_per_sec: 19.0100  samples_per_sec_per_gpu: 4.7500  max_mem_allocated_mb: 664.7000  max_mem_reserved_mb: 22048.0000
2026/04/08 03:03:09 - mmengine - INFO - Epoch(train) [12][3550/5000]  lr: 1.6266e-06  eta: 0:22:13  time: 0.8414  data_time: 0.0153  memory: 17881  grad_norm: 9.8281  loss: 1.0154  loss_heatmap: 0.2164  layer_-1_loss_cls: 0.0488  layer_-1_loss_bbox: 0.3556  matched_ious: 0.5876  aux_depth_loss: 0.3946  sec_per_iter: 0.8421  iters_per_sec: 1.1900  samples_per_sec: 19.0000  samples_per_sec_per_gpu: 4.7500  max_mem_allocated_mb: 664.7000  max_mem_reserved_mb: 22048.0000
2026/04/08 03:03:53 - mmengine - INFO - Epoch(train) [12][3600/5000]  lr: 1.5169e-06  eta: 0:21:27  time: 0.8691  data_time: 0.0149  memory: 17875  grad_norm: 12.2420  loss: 0.9611  loss_heatmap: 0.2000  layer_-1_loss_cls: 0.0462  layer_-1_loss_bbox: 0.3267  matched_ious: 0.5804  aux_depth_loss: 0.3882  sec_per_iter: 0.8420  iters_per_sec: 1.1900  samples_per_sec: 19.0000  samples_per_sec_per_gpu: 4.7500  max_mem_allocated_mb: 664.7000  max_mem_reserved_mb: 22048.0000
2026/04/08 03:04:34 - mmengine - INFO - Epoch(train) [12][3650/5000]  lr: 1.4110e-06  eta: 0:20:41  time: 0.8300  data_time: 0.0172  memory: 17918  grad_norm: 9.6722  loss: 0.9877  loss_heatmap: 0.2123  layer_-1_loss_cls: 0.0491  layer_-1_loss_bbox: 0.3378  matched_ious: 0.6078  aux_depth_loss: 0.3885  sec_per_iter: 0.8424  iters_per_sec: 1.1900  samples_per_sec: 18.9900  samples_per_sec_per_gpu: 4.7500  max_mem_allocated_mb: 664.7000  max_mem_reserved_mb: 22048.0000
2026/04/08 03:05:16 - mmengine - INFO - Epoch(train) [12][3700/5000]  lr: 1.3090e-06  eta: 0:19:55  time: 0.8413  data_time: 0.0146  memory: 17648  grad_norm: 10.8553  loss: 0.9967  loss_heatmap: 0.2059  layer_-1_loss_cls: 0.0484  layer_-1_loss_bbox: 0.3544  matched_ious: 0.5911  aux_depth_loss: 0.3879  sec_per_iter: 0.8422  iters_per_sec: 1.1900  samples_per_sec: 19.0000  samples_per_sec_per_gpu: 4.7500  max_mem_allocated_mb: 664.7000  max_mem_reserved_mb: 22048.0000
2026/04/08 03:05:57 - mmengine - INFO - Epoch(train) [12][3750/5000]  lr: 1.2107e-06  eta: 0:19:09  time: 0.8139  data_time: 0.0152  memory: 17613  grad_norm: 9.8722  loss: 1.0444  loss_heatmap: 0.2354  layer_-1_loss_cls: 0.0540  layer_-1_loss_bbox: 0.3662  matched_ious: 0.6062  aux_depth_loss: 0.3889  sec_per_iter: 0.8422  iters_per_sec: 1.1900  samples_per_sec: 19.0000  samples_per_sec_per_gpu: 4.7500  max_mem_allocated_mb: 664.7000  max_mem_reserved_mb: 22048.0000
2026/04/08 03:06:38 - mmengine - INFO - Epoch(train) [12][3800/5000]  lr: 1.1163e-06  eta: 0:18:23  time: 0.8193  data_time: 0.0165  memory: 17905  grad_norm: 9.6534  loss: 0.9911  loss_heatmap: 0.2038  layer_-1_loss_cls: 0.0469  layer_-1_loss_bbox: 0.3496  matched_ious: 0.5856  aux_depth_loss: 0.3908  sec_per_iter: 0.8419  iters_per_sec: 1.1900  samples_per_sec: 19.0100  samples_per_sec_per_gpu: 4.7500  max_mem_allocated_mb: 664.7000  max_mem_reserved_mb: 22048.0000
2026/04/08 03:07:20 - mmengine - INFO - Epoch(train) [12][3850/5000]  lr: 1.0258e-06  eta: 0:17:37  time: 0.8384  data_time: 0.0142  memory: 17727  grad_norm: 9.2857  loss: 0.9994  loss_heatmap: 0.2190  layer_-1_loss_cls: 0.0516  layer_-1_loss_bbox: 0.3425  matched_ious: 0.6372  aux_depth_loss: 0.3863  sec_per_iter: 0.8416  iters_per_sec: 1.1900  samples_per_sec: 19.0100  samples_per_sec_per_gpu: 4.7500  max_mem_allocated_mb: 664.7000  max_mem_reserved_mb: 22048.0000
2026/04/08 03:08:01 - mmengine - INFO - Epoch(train) [12][3900/5000]  lr: 9.3909e-07  eta: 0:16:51  time: 0.8313  data_time: 0.0144  memory: 17793  grad_norm: 11.6790  loss: 1.0157  loss_heatmap: 0.2096  layer_-1_loss_cls: 0.0465  layer_-1_loss_bbox: 0.3666  matched_ious: 0.5591  aux_depth_loss: 0.3930  sec_per_iter: 0.8415  iters_per_sec: 1.1900  samples_per_sec: 19.0100  samples_per_sec_per_gpu: 4.7500  max_mem_allocated_mb: 664.7000  max_mem_reserved_mb: 22048.0000
2026/04/08 03:08:43 - mmengine - INFO - Epoch(train) [12][3950/5000]  lr: 8.5622e-07  eta: 0:16:05  time: 0.8408  data_time: 0.0176  memory: 17813  grad_norm: 11.8271  loss: 0.9833  loss_heatmap: 0.2100  layer_-1_loss_cls: 0.0501  layer_-1_loss_bbox: 0.3348  matched_ious: 0.5751  aux_depth_loss: 0.3884  sec_per_iter: 0.8414  iters_per_sec: 1.1900  samples_per_sec: 19.0200  samples_per_sec_per_gpu: 4.7500  max_mem_allocated_mb: 664.7000  max_mem_reserved_mb: 22048.0000
2026/04/08 03:09:27 - mmengine - INFO - Exp name: zod_bevfusion_finetune_20260407_104526
2026/04/08 03:09:27 - mmengine - INFO - Epoch(train) [12][4000/5000]  lr: 7.7720e-07  eta: 0:15:19  time: 0.8810  data_time: 0.0176  memory: 17677  grad_norm: 8.7596  loss: 0.9572  loss_heatmap: 0.2008  layer_-1_loss_cls: 0.0481  layer_-1_loss_bbox: 0.3195  matched_ious: 0.5962  aux_depth_loss: 0.3888  sec_per_iter: 0.8414  iters_per_sec: 1.1900  samples_per_sec: 19.0200  samples_per_sec_per_gpu: 4.7500  max_mem_allocated_mb: 664.7000  max_mem_reserved_mb: 22048.0000
2026/04/08 03:10:09 - mmengine - INFO - Epoch(train) [12][4050/5000]  lr: 7.0202e-07  eta: 0:14:33  time: 0.8375  data_time: 0.0233  memory: 17800  grad_norm: 11.4651  loss: 1.0052  loss_heatmap: 0.2166  layer_-1_loss_cls: 0.0525  layer_-1_loss_bbox: 0.3469  matched_ious: 0.6398  aux_depth_loss: 0.3893  sec_per_iter: 0.8419  iters_per_sec: 1.1900  samples_per_sec: 19.0100  samples_per_sec_per_gpu: 4.7500  max_mem_allocated_mb: 664.7000  max_mem_reserved_mb: 22048.0000
2026/04/08 03:10:51 - mmengine - INFO - Epoch(train) [12][4100/5000]  lr: 6.3068e-07  eta: 0:13:47  time: 0.8362  data_time: 0.0194  memory: 17809  grad_norm: 10.8708  loss: 0.9730  loss_heatmap: 0.2066  layer_-1_loss_cls: 0.0468  layer_-1_loss_bbox: 0.3294  matched_ious: 0.5889  aux_depth_loss: 0.3902  sec_per_iter: 0.8418  iters_per_sec: 1.1900  samples_per_sec: 19.0100  samples_per_sec_per_gpu: 4.7500  max_mem_allocated_mb: 664.7000  max_mem_reserved_mb: 22048.0000
2026/04/08 03:11:35 - mmengine - INFO - Epoch(train) [12][4150/5000]  lr: 5.6319e-07  eta: 0:13:01  time: 0.8681  data_time: 0.0166  memory: 17671  grad_norm: 10.3981  loss: 0.9781  loss_heatmap: 0.2104  layer_-1_loss_cls: 0.0488  layer_-1_loss_bbox: 0.3288  matched_ious: 0.6209  aux_depth_loss: 0.3900  sec_per_iter: 0.8418  iters_per_sec: 1.1900  samples_per_sec: 19.0100  samples_per_sec_per_gpu: 4.7500  max_mem_allocated_mb: 664.7000  max_mem_reserved_mb: 22048.0000
2026/04/08 03:12:14 - mmengine - INFO - Epoch(train) [12][4200/5000]  lr: 4.9955e-07  eta: 0:12:15  time: 0.7939  data_time: 0.0162  memory: 17700  grad_norm: inf  loss: 0.9711  loss_heatmap: 0.1971  layer_-1_loss_cls: 0.0496  layer_-1_loss_bbox: 0.3365  matched_ious: 0.4884  aux_depth_loss: 0.3878  sec_per_iter: 0.8421  iters_per_sec: 1.1900  samples_per_sec: 19.0000  samples_per_sec_per_gpu: 4.7500  max_mem_allocated_mb: 664.7000  max_mem_reserved_mb: 22048.0000
2026/04/08 03:12:57 - mmengine - INFO - Epoch(train) [12][4250/5000]  lr: 4.3975e-07  eta: 0:11:29  time: 0.8521  data_time: 0.0188  memory: 17793  grad_norm: 9.9066  loss: 0.9661  loss_heatmap: 0.2085  layer_-1_loss_cls: 0.0503  layer_-1_loss_bbox: 0.3163  matched_ious: 0.5758  aux_depth_loss: 0.3911  sec_per_iter: 0.8415  iters_per_sec: 1.1900  samples_per_sec: 19.0100  samples_per_sec_per_gpu: 4.7500  max_mem_allocated_mb: 664.7000  max_mem_reserved_mb: 22048.0000
2026/04/08 03:13:40 - mmengine - INFO - Epoch(train) [12][4300/5000]  lr: 3.8380e-07  eta: 0:10:43  time: 0.8583  data_time: 0.0189  memory: 17882  grad_norm: 9.7609  loss: 0.9830  loss_heatmap: 0.2060  layer_-1_loss_cls: 0.0484  layer_-1_loss_bbox: 0.3404  matched_ious: 0.6145  aux_depth_loss: 0.3881  sec_per_iter: 0.8416  iters_per_sec: 1.1900  samples_per_sec: 19.0100  samples_per_sec_per_gpu: 4.7500  max_mem_allocated_mb: 664.7000  max_mem_reserved_mb: 22048.0000
2026/04/08 03:14:22 - mmengine - INFO - Epoch(train) [12][4350/5000]  lr: 3.3170e-07  eta: 0:09:57  time: 0.8501  data_time: 0.0182  memory: 17854  grad_norm: 11.8640  loss: 1.0540  loss_heatmap: 0.2342  layer_-1_loss_cls: 0.0541  layer_-1_loss_bbox: 0.3741  matched_ious: 0.5966  aux_depth_loss: 0.3916  sec_per_iter: 0.8418  iters_per_sec: 1.1900  samples_per_sec: 19.0100  samples_per_sec_per_gpu: 4.7500  max_mem_allocated_mb: 664.7000  max_mem_reserved_mb: 22048.0000
2026/04/08 03:15:07 - mmengine - INFO - Epoch(train) [12][4400/5000]  lr: 2.8345e-07  eta: 0:09:11  time: 0.9007  data_time: 0.0145  memory: 17904  grad_norm: 10.4557  loss: 0.9773  loss_heatmap: 0.2078  layer_-1_loss_cls: 0.0482  layer_-1_loss_bbox: 0.3371  matched_ious: 0.6021  aux_depth_loss: 0.3842  sec_per_iter: 0.8419  iters_per_sec: 1.1900  samples_per_sec: 19.0000  samples_per_sec_per_gpu: 4.7500  max_mem_allocated_mb: 664.7000  max_mem_reserved_mb: 22048.0000
2026/04/08 03:15:51 - mmengine - INFO - Epoch(train) [12][4450/5000]  lr: 2.3906e-07  eta: 0:08:25  time: 0.8773  data_time: 0.0168  memory: 17884  grad_norm: 11.0015  loss: 1.0229  loss_heatmap: 0.2251  layer_-1_loss_cls: 0.0524  layer_-1_loss_bbox: 0.3538  matched_ious: 0.6009  aux_depth_loss: 0.3916  sec_per_iter: 0.8426  iters_per_sec: 1.1900  samples_per_sec: 18.9900  samples_per_sec_per_gpu: 4.7500  max_mem_allocated_mb: 664.7000  max_mem_reserved_mb: 22048.0000
2026/04/08 03:16:34 - mmengine - INFO - Epoch(train) [12][4500/5000]  lr: 1.9851e-07  eta: 0:07:39  time: 0.8629  data_time: 0.0153  memory: 17787  grad_norm: 8.6635  loss: 0.9710  loss_heatmap: 0.2028  layer_-1_loss_cls: 0.0469  layer_-1_loss_bbox: 0.3372  matched_ious: 0.5883  aux_depth_loss: 0.3841  sec_per_iter: 0.8430  iters_per_sec: 1.1900  samples_per_sec: 18.9800  samples_per_sec_per_gpu: 4.7500  max_mem_allocated_mb: 664.7000  max_mem_reserved_mb: 22048.0000
2026/04/08 03:17:17 - mmengine - INFO - Epoch(train) [12][4550/5000]  lr: 1.6182e-07  eta: 0:06:53  time: 0.8476  data_time: 0.0238  memory: 17780  grad_norm: 10.4691  loss: 0.9720  loss_heatmap: 0.2116  layer_-1_loss_cls: 0.0508  layer_-1_loss_bbox: 0.3175  matched_ious: 0.5247  aux_depth_loss: 0.3922  sec_per_iter: 0.8432  iters_per_sec: 1.1900  samples_per_sec: 18.9800  samples_per_sec_per_gpu: 4.7400  max_mem_allocated_mb: 664.7000  max_mem_reserved_mb: 22048.0000
2026/04/08 03:18:04 - mmengine - INFO - Epoch(train) [12][4600/5000]  lr: 1.2898e-07  eta: 0:06:07  time: 0.9388  data_time: 0.0182  memory: 17772  grad_norm: 8.4381  loss: 0.9674  loss_heatmap: 0.2001  layer_-1_loss_cls: 0.0463  layer_-1_loss_bbox: 0.3284  matched_ious: 0.5682  aux_depth_loss: 0.3926  sec_per_iter: 0.8433  iters_per_sec: 1.1900  samples_per_sec: 18.9700  samples_per_sec_per_gpu: 4.7400  max_mem_allocated_mb: 664.7000  max_mem_reserved_mb: 22048.0000
2026/04/08 03:18:46 - mmengine - INFO - Epoch(train) [12][4650/5000]  lr: 9.9989e-08  eta: 0:05:21  time: 0.8487  data_time: 0.0174  memory: 17877  grad_norm: 12.3726  loss: 1.0039  loss_heatmap: 0.2109  layer_-1_loss_cls: 0.0487  layer_-1_loss_bbox: 0.3525  matched_ious: 0.6080  aux_depth_loss: 0.3918  sec_per_iter: 0.8443  iters_per_sec: 1.1800  samples_per_sec: 18.9500  samples_per_sec_per_gpu: 4.7400  max_mem_allocated_mb: 664.7000  max_mem_reserved_mb: 22048.0000
2026/04/08 03:19:27 - mmengine - INFO - Epoch(train) [12][4700/5000]  lr: 7.4855e-08  eta: 0:04:35  time: 0.8131  data_time: 0.0146  memory: 17826  grad_norm: 12.2608  loss: 0.9978  loss_heatmap: 0.2054  layer_-1_loss_cls: 0.0482  layer_-1_loss_bbox: 0.3525  matched_ious: 0.5246  aux_depth_loss: 0.3916  sec_per_iter: 0.8443  iters_per_sec: 1.1800  samples_per_sec: 18.9500  samples_per_sec_per_gpu: 4.7400  max_mem_allocated_mb: 664.7000  max_mem_reserved_mb: 22048.0000
2026/04/08 03:20:08 - mmengine - INFO - Epoch(train) [12][4750/5000]  lr: 5.3576e-08  eta: 0:03:49  time: 0.8255  data_time: 0.0192  memory: 17710  grad_norm: 9.7212  loss: 0.9551  loss_heatmap: 0.1954  layer_-1_loss_cls: 0.0481  layer_-1_loss_bbox: 0.3260  matched_ious: 0.6040  aux_depth_loss: 0.3856  sec_per_iter: 0.8440  iters_per_sec: 1.1800  samples_per_sec: 18.9600  samples_per_sec_per_gpu: 4.7400  max_mem_allocated_mb: 664.7000  max_mem_reserved_mb: 22048.0000
2026/04/08 03:20:49 - mmengine - INFO - Epoch(train) [12][4800/5000]  lr: 3.6151e-08  eta: 0:03:03  time: 0.8084  data_time: 0.0167  memory: 17796  grad_norm: 9.9008  loss: 0.9819  loss_heatmap: 0.2080  layer_-1_loss_cls: 0.0487  layer_-1_loss_bbox: 0.3403  matched_ious: 0.5748  aux_depth_loss: 0.3850  sec_per_iter: 0.8438  iters_per_sec: 1.1900  samples_per_sec: 18.9600  samples_per_sec_per_gpu: 4.7400  max_mem_allocated_mb: 664.7000  max_mem_reserved_mb: 22048.0000
2026/04/08 03:21:31 - mmengine - INFO - Epoch(train) [12][4850/5000]  lr: 2.2581e-08  eta: 0:02:17  time: 0.8574  data_time: 0.0168  memory: 17684  grad_norm: 10.5645  loss: 0.9968  loss_heatmap: 0.2111  layer_-1_loss_cls: 0.0475  layer_-1_loss_bbox: 0.3441  matched_ious: 0.6310  aux_depth_loss: 0.3941  sec_per_iter: 0.8435  iters_per_sec: 1.1900  samples_per_sec: 18.9700  samples_per_sec_per_gpu: 4.7400  max_mem_allocated_mb: 664.7000  max_mem_reserved_mb: 22048.0000
2026/04/08 03:22:13 - mmengine - INFO - Epoch(train) [12][4900/5000]  lr: 1.2865e-08  eta: 0:01:31  time: 0.8265  data_time: 0.0159  memory: 17687  grad_norm: 10.4719  loss: 1.0117  loss_heatmap: 0.2193  layer_-1_loss_cls: 0.0476  layer_-1_loss_bbox: 0.3575  matched_ious: 0.6097  aux_depth_loss: 0.3873  sec_per_iter: 0.8436  iters_per_sec: 1.1900  samples_per_sec: 18.9700  samples_per_sec_per_gpu: 4.7400  max_mem_allocated_mb: 664.7000  max_mem_reserved_mb: 22048.0000
2026/04/08 03:22:54 - mmengine - INFO - Epoch(train) [12][4950/5000]  lr: 7.0055e-09  eta: 0:00:45  time: 0.8168  data_time: 0.0159  memory: 17838  grad_norm: 11.5543  loss: 0.9953  loss_heatmap: 0.2104  layer_-1_loss_cls: 0.0492  layer_-1_loss_bbox: 0.3450  matched_ious: 0.5907  aux_depth_loss: 0.3907  sec_per_iter: 0.8434  iters_per_sec: 1.1900  samples_per_sec: 18.9700  samples_per_sec_per_gpu: 4.7400  max_mem_allocated_mb: 664.7000  max_mem_reserved_mb: 22048.0000
2026/04/08 03:23:33 - mmengine - INFO - Exp name: zod_bevfusion_finetune_20260407_104526
2026/04/08 03:23:33 - mmengine - INFO - Epoch(train) [12][5000/5000]  lr: 5.0008e-09  eta: 0:00:00  time: 0.7933  data_time: 0.0140  memory: 17778  grad_norm: 9.0501  loss: 0.9993  loss_heatmap: 0.2167  layer_-1_loss_cls: 0.0520  layer_-1_loss_bbox: 0.3364  matched_ious: 0.6040  aux_depth_loss: 0.3942  sec_per_iter: 0.8432  iters_per_sec: 1.1900  samples_per_sec: 18.9800  samples_per_sec_per_gpu: 4.7400  max_mem_allocated_mb: 664.7000  max_mem_reserved_mb: 22048.0000
2026/04/08 03:23:33 - mmengine - INFO - [Efficiency] Epoch 12: wall=4213.3s  iters=5000  sec/iter=0.843  mem_alloc=665MB  mem_rsv=22048MB
2026/04/08 03:23:35 - mmengine - INFO - Saved /home/users/u103958/projects/multimodal-MoE/outputs/runs/zod_bevfusion_finetune/bevfusion-finetune_4456392/visualizations/bev_before_backbone_epoch_12.png
2026/04/08 03:23:35 - mmengine - INFO - Saved /home/users/u103958/projects/multimodal-MoE/outputs/runs/zod_bevfusion_finetune/bevfusion-finetune_4456392/visualizations/bev_after_fpn_epoch_12.png
2026/04/08 03:23:36 - mmengine - INFO - Saved /home/users/u103958/projects/multimodal-MoE/outputs/runs/zod_bevfusion_finetune/bevfusion-finetune_4456392/visualizations/bev_pred_vs_gt_epoch_12.png  (GT=16, pred=15, max_score=0.838)
2026/04/08 03:23:36 - mmengine - INFO - Saved /home/users/u103958/projects/multimodal-MoE/outputs/runs/zod_bevfusion_finetune/bevfusion-finetune_4456392/visualizations/bev_val_pred_vs_gt_epoch_12.png  (GT=25, pred=20, max_score=0.827)
2026/04/08 03:23:37 - mmengine - INFO - Saved /home/users/u103958/projects/multimodal-MoE/outputs/runs/zod_bevfusion_finetune/bevfusion-finetune_4456392/visualizations/camera_bev_features_epoch_12.png
2026/04/08 03:23:37 - mmengine - INFO - Saved /home/users/u103958/projects/multimodal-MoE/outputs/runs/zod_bevfusion_finetune/bevfusion-finetune_4456392/visualizations/fused_bev_features_epoch_12.png
2026/04/08 03:23:38 - mmengine - INFO - Saved /home/users/u103958/projects/multimodal-MoE/outputs/runs/zod_bevfusion_finetune/bevfusion-finetune_4456392/visualizations/depth_transform_diagnostic_epoch_12.png
2026/04/08 03:23:38 - mmengine - INFO - ========================================================================
2026/04/08 03:23:38 - mmengine - INFO -   DEPTH PROJECTION DEBUG — Sparse depth analysis
2026/04/08 03:23:38 - mmengine - INFO - ========================================================================
2026/04/08 03:23:38 - mmengine - INFO -   lidar2img  shape=(1, 4, 4)
2026/04/08 03:23:38 - mmengine - INFO -     [  622.2576  -478.3849    -1.9513 -1257.4954]
2026/04/08 03:23:38 - mmengine - INFO -     [ 350.0951    7.6426 -478.2796 -167.8321]
2026/04/08 03:23:38 - mmengine - INFO -     [ 1.      0.003   0.0074 -2.0314]
2026/04/08 03:23:38 - mmengine - INFO -     [0. 0. 0. 1.]
2026/04/08 03:23:38 - mmengine - INFO -   cam2img  shape=(1, 4, 4)
2026/04/08 03:23:38 - mmengine - INFO -     [480.324    0.     620.7651   0.    ]
2026/04/08 03:23:38 - mmengine - INFO -     [  0.     480.9149 346.5506   0.    ]
2026/04/08 03:23:38 - mmengine - INFO -     [0. 0. 1. 0.]
2026/04/08 03:23:38 - mmengine - INFO -     [0. 0. 0. 1.]
2026/04/08 03:23:38 - mmengine - INFO -   img_aug_matrix  shape=(1, 4, 4)
2026/04/08 03:23:38 - mmengine - INFO -     [1. 0. 0. 0.]
2026/04/08 03:23:38 - mmengine - INFO -     [0. 1. 0. 0.]
2026/04/08 03:23:38 - mmengine - INFO -     [0. 0. 1. 0.]
2026/04/08 03:23:38 - mmengine - INFO -     [0. 0. 0. 1.]
2026/04/08 03:23:38 - mmengine - INFO -   lidar_aug_matrix  shape=(4, 4)
2026/04/08 03:23:38 - mmengine - INFO -     [1. 0. 0. 0.]
2026/04/08 03:23:38 - mmengine - INFO -     [0. 1. 0. 0.]
2026/04/08 03:23:38 - mmengine - INFO -     [0. 0. 1. 0.]
2026/04/08 03:23:38 - mmengine - INFO -     [0. 0. 0. 1.]
2026/04/08 03:23:38 - mmengine - INFO -   img tensor shape: (1, 1, 3, 704, 1248)
2026/04/08 03:23:38 - mmengine - INFO -   points[0] shape:  (50570, 4)
2026/04/08 03:23:38 - mmengine - INFO -   image_size=[704, 1248]  feature_size=[88, 156]  D=178
2026/04/08 03:23:38 - mmengine - INFO -   projected: 50570 / 50570 on image
2026/04/08 03:23:38 - mmengine - INFO -   row min/max/mean: 226.9 / 703.6 / 382.4
2026/04/08 03:23:38 - mmengine - INFO - ------------------------------------------------------------------------
2026/04/08 03:23:38 - mmengine - INFO -   MULTI-HIT / OVERWRITE ANALYSIS (full-res depth map)
2026/04/08 03:23:38 - mmengine - INFO -   total LiDAR hits on image:     50570
2026/04/08 03:23:38 - mmengine - INFO -   unique pixels occupied:         45944
2026/04/08 03:23:38 - mmengine - INFO -   pixels with >1 hit:             4354
2026/04/08 03:23:38 - mmengine - INFO -   overwritten points (lost):      4626  (9.1%)
2026/04/08 03:23:38 - mmengine - INFO -   multi-hit max/mean:             4 / 2.1
2026/04/08 03:23:38 - mmengine - INFO -   full-res occupancy:             45944 / 878592 = 5.229%
2026/04/08 03:23:38 - mmengine - INFO - ------------------------------------------------------------------------
2026/04/08 03:23:38 - mmengine - INFO -   OCCUPANCY THROUGH DEPTH PIPELINE
2026/04/08 03:23:38 - mmengine - INFO -   sparse_depth (full-res):  (1, 1, 704, 1248)
2026/04/08 03:23:38 - mmengine - INFO -     nonzero: 156662 / 878592  (17.831%)
2026/04/08 03:23:38 - mmengine - INFO -     active rows: 479/704  cols: 1248/1248
2026/04/08 03:23:38 - mmengine - INFO -   dtransform output:        (1, 64, 88, 156)
2026/04/08 03:23:38 - mmengine - INFO -     active cells (any ch>0): 13728 / 13728  (100.00%)
2026/04/08 03:23:38 - mmengine - INFO -   img_features:             (1, 1, 256, 88, 156)
2026/04/08 03:23:38 - mmengine - INFO -   depthnet output:          (1, 258, 88, 156)
2026/04/08 03:23:38 - mmengine - INFO -   camera BEV:               (1, 80, 180, 180)
2026/04/08 03:23:42 - mmengine - INFO -   Saved /home/users/u103958/projects/multimodal-MoE/outputs/runs/zod_bevfusion_finetune/bevfusion-finetune_4456392/debug/sparse_depth_pipeline.png
2026/04/08 03:23:44 - mmengine - INFO -   Saved /home/users/u103958/projects/multimodal-MoE/outputs/runs/zod_bevfusion_finetune/bevfusion-finetune_4456392/debug/lidar_projection_overlay.png
2026/04/08 03:23:44 - mmengine - INFO - ========================================================================
2026/04/08 03:23:44 - mmengine - INFO - Saving checkpoint at 12 epochs
2026/04/08 03:23:58 - mmengine - INFO - Epoch(val) [12][  50/1250]    eta: 0:04:51  time: 0.2433  data_time: 0.0085  memory: 4779  
2026/04/08 03:24:10 - mmengine - INFO - Epoch(val) [12][ 100/1250]    eta: 0:04:37  time: 0.2398  data_time: 0.0052  memory: 4784  
2026/04/08 03:24:21 - mmengine - INFO - Epoch(val) [12][ 150/1250]    eta: 0:04:23  time: 0.2367  data_time: 0.0052  memory: 4788  
2026/04/08 03:24:33 - mmengine - INFO - Epoch(val) [12][ 200/1250]    eta: 0:04:11  time: 0.2369  data_time: 0.0053  memory: 4785  
2026/04/08 03:24:45 - mmengine - INFO - Epoch(val) [12][ 250/1250]    eta: 0:03:58  time: 0.2355  data_time: 0.0061  memory: 4775  
2026/04/08 03:24:57 - mmengine - INFO - Epoch(val) [12][ 300/1250]    eta: 0:03:46  time: 0.2364  data_time: 0.0055  memory: 4783  
2026/04/08 03:25:09 - mmengine - INFO - Epoch(val) [12][ 350/1250]    eta: 0:03:33  time: 0.2321  data_time: 0.0055  memory: 4785  
2026/04/08 03:25:21 - mmengine - INFO - Epoch(val) [12][ 400/1250]    eta: 0:03:23  time: 0.2523  data_time: 0.0073  memory: 4775  
2026/04/08 03:25:34 - mmengine - INFO - Epoch(val) [12][ 450/1250]    eta: 0:03:12  time: 0.2478  data_time: 0.0054  memory: 4779  
2026/04/08 03:25:45 - mmengine - INFO - Epoch(val) [12][ 500/1250]    eta: 0:02:59  time: 0.2363  data_time: 0.0054  memory: 4778  
2026/04/08 03:25:57 - mmengine - INFO - Epoch(val) [12][ 550/1250]    eta: 0:02:47  time: 0.2367  data_time: 0.0069  memory: 4778  
2026/04/08 03:26:09 - mmengine - INFO - Epoch(val) [12][ 600/1250]    eta: 0:02:35  time: 0.2390  data_time: 0.0052  memory: 4782  
2026/04/08 03:26:21 - mmengine - INFO - Epoch(val) [12][ 650/1250]    eta: 0:02:23  time: 0.2373  data_time: 0.0052  memory: 4782  
2026/04/08 03:26:33 - mmengine - INFO - Epoch(val) [12][ 700/1250]    eta: 0:02:11  time: 0.2368  data_time: 0.0056  memory: 4779  
2026/04/08 03:26:44 - mmengine - INFO - Epoch(val) [12][ 750/1250]    eta: 0:01:59  time: 0.2317  data_time: 0.0058  memory: 4781  
2026/04/08 03:26:56 - mmengine - INFO - Epoch(val) [12][ 800/1250]    eta: 0:01:47  time: 0.2359  data_time: 0.0052  memory: 4776  
2026/04/08 03:27:08 - mmengine - INFO - Epoch(val) [12][ 850/1250]    eta: 0:01:35  time: 0.2310  data_time: 0.0055  memory: 4781  
2026/04/08 03:27:20 - mmengine - INFO - Epoch(val) [12][ 900/1250]    eta: 0:01:23  time: 0.2417  data_time: 0.0061  memory: 4786  
2026/04/08 03:27:32 - mmengine - INFO - Epoch(val) [12][ 950/1250]    eta: 0:01:11  time: 0.2361  data_time: 0.0052  memory: 4782  
2026/04/08 03:27:43 - mmengine - INFO - Epoch(val) [12][1000/1250]    eta: 0:00:59  time: 0.2316  data_time: 0.0055  memory: 4785  
2026/04/08 03:27:55 - mmengine - INFO - Epoch(val) [12][1050/1250]    eta: 0:00:47  time: 0.2327  data_time: 0.0053  memory: 4785  
2026/04/08 03:28:07 - mmengine - INFO - Epoch(val) [12][1100/1250]    eta: 0:00:35  time: 0.2336  data_time: 0.0054  memory: 4785  
2026/04/08 03:28:18 - mmengine - INFO - Epoch(val) [12][1150/1250]    eta: 0:00:23  time: 0.2339  data_time: 0.0051  memory: 4780  
2026/04/08 03:28:30 - mmengine - INFO - Epoch(val) [12][1200/1250]    eta: 0:00:11  time: 0.2340  data_time: 0.0053  memory: 4778  
2026/04/08 03:28:42 - mmengine - INFO - Epoch(val) [12][1250/1250]    eta: 0:00:00  time: 0.2307  data_time: 0.0050  memory: 4782  
2026/04/08 03:29:57 - mmengine - INFO - 
+------------+---------+---------+---------+---------+
| classes    | AP_0.25 | AR_0.25 | AP_0.50 | AR_0.50 |
+------------+---------+---------+---------+---------+
| pedestrian | 0.7762  | 0.9362  | 0.5705  | 0.7313  |
+------------+---------+---------+---------+---------+
| Overall    | 0.7762  | 0.9362  | 0.5705  | 0.7313  |
+------------+---------+---------+---------+---------+
2026/04/08 03:30:28 - mmengine - INFO - 
+------------+---------+---------+---------+---------+---------+---------+---------+---------+
| classes    | AP_0.5m | AR_0.5m | AP_1.0m | AR_1.0m | AP_2.0m | AR_2.0m | AP_4.0m | AR_4.0m |
+------------+---------+---------+---------+---------+---------+---------+---------+---------+
| pedestrian | 0.7933  | 0.9599  | 0.8008  | 0.9667  | 0.8054  | 0.9706  | 0.8124  | 0.9776  |
+------------+---------+---------+---------+---------+---------+---------+---------+---------+
| Overall    | 0.7933  | 0.9599  | 0.8008  | 0.9667  | 0.8054  | 0.9706  | 0.8124  | 0.9776  |
+------------+---------+---------+---------+---------+---------+---------+---------+---------+
2026/04/08 03:30:29 - mmengine - INFO - Epoch(val) [12][1250/1250]    pedestrian_AP_0.25: 0.7762  mAP_0.25: 0.7762  pedestrian_rec_0.25: 0.9362  mAR_0.25: 0.9362  pedestrian_AP_0.50: 0.5705  mAP_0.50: 0.5705  pedestrian_rec_0.50: 0.7313  mAR_0.50: 0.7313  pedestrian_AP_0.5m: 0.7933  pedestrian_rec_0.5m: 0.9599  pedestrian_AP_1.0m: 0.8008  pedestrian_rec_1.0m: 0.9667  pedestrian_AP_2.0m: 0.8054  pedestrian_rec_2.0m: 0.9706  pedestrian_AP_4.0m: 0.8124  pedestrian_rec_4.0m: 0.9776  mAP_0.5m: 0.7933  mAR_0.5m: 0.9599  mAP_1.0m: 0.8008  mAR_1.0m: 0.9667  mAP_2.0m: 0.8054  mAR_2.0m: 0.9706  mAP_4.0m: 0.8124  mAR_4.0m: 0.9776  data_time: 0.0057  time: 0.2368
2026/04/08 03:30:29 - mmengine - INFO - The previous best checkpoint /home/users/u103958/projects/multimodal-MoE/outputs/runs/zod_bevfusion_finetune/bevfusion-finetune_4456392/best_mAP_0.50_epoch_11.pth is removed
2026/04/08 03:30:32 - mmengine - INFO - The best checkpoint with 0.5705 mAP_0.50 at 12 epoch is saved to best_mAP_0.50_epoch_12.pth.
2026/04/08 03:30:33 - mmengine - INFO - 
========================================================================
  RUN SUMMARY
========================================================================

  A) Run Configuration
     world_size           : 4
     per_gpu_batch_size   : 4
     global_batch_size    : 16
     total_epochs         : 12

  B) Validation Performance
     best_epoch           : 8
     best/pedestrian_AP_0.25: 0.7799
     best/mAP_0.25          : 0.7799
     best/pedestrian_rec_0.25: 0.9373
     best/mAR_0.25          : 0.9373
     best/pedestrian_AP_0.50: 0.5490
     best/mAP_0.50          : 0.5490
     best/pedestrian_rec_0.50: 0.7087
     best/mAR_0.50          : 0.7087
     best/pedestrian_AP_0.5m: 0.7989
     best/pedestrian_rec_0.5m: 0.9639
     best/pedestrian_AP_1.0m: 0.8070
     best/pedestrian_rec_1.0m: 0.9712
     best/pedestrian_AP_2.0m: 0.8116
     best/pedestrian_rec_2.0m: 0.9750
     best/pedestrian_AP_4.0m: 0.8180
     best/pedestrian_rec_4.0m: 0.9814
     best/mAP_0.5m          : 0.7989
     best/mAR_0.5m          : 0.9639
     best/mAP_1.0m          : 0.8070
     best/mAR_1.0m          : 0.9712
     best/mAP_2.0m          : 0.8116
     best/mAR_2.0m          : 0.9750
     best/mAP_4.0m          : 0.8180
     best/mAR_4.0m          : 0.9814

     final/pedestrian_AP_0.25: 0.7762
     final/mAP_0.25         : 0.7762
     final/pedestrian_rec_0.25: 0.9362
     final/mAR_0.25         : 0.9362
     final/pedestrian_AP_0.50: 0.5705
     final/mAP_0.50         : 0.5705
     final/pedestrian_rec_0.50: 0.7313
     final/mAR_0.50         : 0.7313
     final/pedestrian_AP_0.5m: 0.7933
     final/pedestrian_rec_0.5m: 0.9599
     final/pedestrian_AP_1.0m: 0.8008
     final/pedestrian_rec_1.0m: 0.9667
     final/pedestrian_AP_2.0m: 0.8054
     final/pedestrian_rec_2.0m: 0.9706
     final/pedestrian_AP_4.0m: 0.8124
     final/pedestrian_rec_4.0m: 0.9776
     final/mAP_0.5m         : 0.7933
     final/mAR_0.5m         : 0.9599
     final/mAP_1.0m         : 0.8008
     final/mAR_1.0m         : 0.9667
     final/mAP_2.0m         : 0.8054
     final/mAR_2.0m         : 0.9706
     final/mAP_4.0m         : 0.8124
     final/mAR_4.0m         : 0.9776

  C) Training Efficiency
     total_wall_time      : 60273.6s  (16.74h)
     total_iters          : 60000
     avg_sec_per_iter     : 1.0046
     avg_iters_per_sec    : 1.00
     avg_samples_per_sec  : 15.93
     avg_samples/s/gpu    : 3.98
     peak_mem_allocated_mb: 18170
     peak_mem_reserved_mb : 22048

========================================================================
2026/04/08 03:30:33 - mmengine - INFO - Run summary saved to /home/users/u103958/projects/multimodal-MoE/outputs/runs/zod_bevfusion_finetune/bevfusion-finetune_4456392/run_summary.txt
