epoch,time,train/box_loss,train/cls_loss,train/dfl_loss,metrics/precision(B),metrics/recall(B),metrics/mAP50(B),metrics/mAP50-95(B),val/box_loss,val/cls_loss,val/dfl_loss,lr/pg0,lr/pg1,lr/pg2
1,700.582,3.02523,3.54136,0.00332,0.33007,0.16336,0.14224,0.05897,3.00274,2.51279,0.00413,0.000666533,0.000666533,0.000666533
2,1361.77,2.84572,2.26954,0.00294,0.38101,0.20771,0.19312,0.07876,2.88305,2.24856,0.00385,0.000673266,0.000673266,0.000673266
