Using PYTHON=/home/users/u103958/miniconda3/envs/multimodal-moe/bin/python
python /home/users/u103958/miniconda3/envs/multimodal-moe/bin/python
torch 2.4.0+cu121
Camera-side modules + ModalitySpecificMoEBlock registered OK
Dual-init + MoE hooks registered OK
=== Slurm job 4610531 on mel2055 ===
MMDET3D_ROOT=/home/users/u103958/projects/multimodal-MoE/mmdetection3d
CONFIG=configs/zod/zod_moe_modality_specific.py
WORK_DIR=/home/users/u103958/projects/multimodal-MoE/outputs/runs/zod_moe_modality_specific/moe-modality-specific_4610531
CUDA_VISIBLE_DEVICES (step 0): 0,1,2,3     
GPU 0: NVIDIA A100-SXM4-40GB (UUID: GPU-a5ae660f-4aba-2e29-9080-daa9535a9218)
GPU 1: NVIDIA A100-SXM4-40GB (UUID: GPU-25f485b9-5cfd-9010-224b-78a6a951e373)
GPU 2: NVIDIA A100-SXM4-40GB (UUID: GPU-1b4662df-6b6a-28f7-a331-9983a422c50d)
GPU 3: NVIDIA A100-SXM4-40GB (UUID: GPU-3a68a5be-35af-e039-7dab-73c61d80849b)
NCCL version 2.20.5+cuda12.4
05/22 19:56:46 - mmengine - INFO - 
------------------------------------------------------------
System environment:
    sys.platform: linux
    Python: 3.10.20 | packaged by conda-forge | (main, Mar  5 2026, 16:42:22) [GCC 14.3.0]
    CUDA available: True
    MUSA available: False
    numpy_random_seed: 1406866668
    GPU 0: NVIDIA A100-SXM4-40GB
    CUDA_HOME: None
    GCC: gcc (GCC) 8.5.0 20210514 (Red Hat 8.5.0-28)
    PyTorch: 2.4.0+cu121
    PyTorch compiling details: PyTorch built with:
  - GCC 9.3
  - C++ Version: 201703
  - Intel(R) oneAPI Math Kernel Library Version 2022.2-Product Build 20220804 for Intel(R) 64 architecture applications
  - Intel(R) MKL-DNN v3.4.2 (Git Hash 1137e04ec0b5251ca2b4400a4fd3c667ce843d67)
  - OpenMP 201511 (a.k.a. OpenMP 4.5)
  - LAPACK is enabled (usually provided by MKL)
  - NNPACK is enabled
  - CPU capability usage: AVX2
  - CUDA Runtime 12.1
  - NVCC architecture flags: -gencode;arch=compute_50,code=sm_50;-gencode;arch=compute_60,code=sm_60;-gencode;arch=compute_70,code=sm_70;-gencode;arch=compute_75,code=sm_75;-gencode;arch=compute_80,code=sm_80;-gencode;arch=compute_86,code=sm_86;-gencode;arch=compute_90,code=sm_90
  - CuDNN 90.1  (built against CUDA 12.4)
  - Magma 2.6.1
  - Build settings: BLAS_INFO=mkl, BUILD_TYPE=Release, CUDA_VERSION=12.1, CUDNN_VERSION=9.1.0, CXX_COMPILER=/opt/rh/devtoolset-9/root/usr/bin/c++, CXX_FLAGS= -D_GLIBCXX_USE_CXX11_ABI=0 -fabi-version=11 -fvisibility-inlines-hidden -DUSE_PTHREADPOOL -DNDEBUG -DUSE_KINETO -DLIBKINETO_NOROCTRACER -DUSE_FBGEMM -DUSE_PYTORCH_QNNPACK -DUSE_XNNPACK -DSYMBOLICATE_MOBILE_DEBUG_HANDLE -O2 -fPIC -Wall -Wextra -Werror=return-type -Werror=non-virtual-dtor -Werror=bool-operation -Wnarrowing -Wno-missing-field-initializers -Wno-type-limits -Wno-array-bounds -Wno-unknown-pragmas -Wno-unused-parameter -Wno-unused-function -Wno-unused-result -Wno-strict-overflow -Wno-strict-aliasing -Wno-stringop-overflow -Wsuggest-override -Wno-psabi -Wno-error=pedantic -Wno-error=old-style-cast -Wno-missing-braces -fdiagnostics-color=always -faligned-new -Wno-unused-but-set-variable -Wno-maybe-uninitialized -fno-math-errno -fno-trapping-math -Werror=format -Wno-stringop-overflow, LAPACK_INFO=mkl, PERF_WITH_AVX=1, PERF_WITH_AVX2=1, PERF_WITH_AVX512=1, TORCH_VERSION=2.4.0, USE_CUDA=ON, USE_CUDNN=ON, USE_CUSPARSELT=1, USE_EXCEPTION_PTR=1, USE_GFLAGS=OFF, USE_GLOG=OFF, USE_GLOO=ON, USE_MKL=ON, USE_MKLDNN=ON, USE_MPI=OFF, USE_NCCL=1, USE_NNPACK=ON, USE_OPENMP=ON, USE_ROCM=OFF, USE_ROCM_KERNEL_ASSERT=OFF, 

    TorchVision: 0.19.0+cu121
    OpenCV: 4.9.0
    MMEngine: 0.10.7

Runtime environment:
    cudnn_benchmark: False
    mp_cfg: {'mp_start_method': 'fork', 'opencv_num_threads': 0}
    dist_cfg: {'backend': 'nccl'}
    seed: 1406866668
    Distributed launcher: slurm
    Distributed training: True
    GPU number: 4
------------------------------------------------------------

05/22 19:56:47 - mmengine - INFO - Config:
_VIS_EPOCHS = (
    1,
    5,
    10,
    15,
    20,
    25,
    28,
)
auto_scale_lr = dict(enable=False)
backend_args = None
class_names = [
    'pedestrian',
]
custom_hooks = [
    dict(
        camera_ckpt=
        '/home/users/u103958/projects/multimodal-MoE/outputs/runs/zod_camera_only/zod-cam-only_4577582/best_mAP_0.50_epoch_31.pth',
        camera_modules=[
            'img_backbone',
            'img_neck',
            'view_transform',
        ],
        lidar_ckpt=
        '/home/users/u103958/projects/multimodal-MoE/outputs/runs/zod_lidar_only/zod-lidar-only_4570893/best_mAP_0.50_epoch_30.pth',
        lidar_modules=[
            'pts_middle_encoder',
            'pts_backbone',
            'pts_neck',
            'bbox_head',
        ],
        type='DualCheckpointInitHook'),
    dict(
        type='BEVFeatureVisualizationHook',
        vis_epochs=(
            1,
            5,
            10,
            15,
            20,
            25,
            28,
        )),
    dict(
        score_thr=0.15,
        type='BEVPredictionVisualizationHook',
        vis_epochs=(
            1,
            5,
            10,
            15,
            20,
            25,
            28,
        )),
    dict(
        score_thr=0.15,
        type='BEVValPredictionVisualizationHook',
        vis_epochs=(
            1,
            5,
            10,
            15,
            20,
            25,
            28,
        )),
    dict(
        type='BEVCameraFeatureVisualizationHook',
        vis_epochs=(
            1,
            5,
            10,
            15,
            20,
            25,
            28,
        )),
    dict(
        type='DepthTransformDiagnosticHook',
        vis_epochs=(
            1,
            5,
            10,
            15,
            20,
            25,
            28,
        )),
    dict(type='TrainingEfficiencyHook'),
    dict(type='RunSummaryHook'),
    dict(
        type='DepthProjectionDebugHook',
        vis_epochs=(
            1,
            5,
            10,
            15,
            20,
            25,
            28,
        )),
    dict(
        filename='val_curve_ap_0_50_0_5m',
        metric_keys=(
            'mAP_0.50',
            'mAP_0.5m',
        ),
        type='ValidationCurveHook'),
    dict(
        dead_threshold_ratio=0.1,
        max_respawns=5,
        num_experts=4,
        perturbation_std=0.02,
        skip_first_epoch=True,
        type='ExpertRespawnHook'),
    dict(
        ap_metric_key='mAP_0.5m',
        enable_hook_a=True,
        enable_hook_b=True,
        enable_hook_c=True,
        num_experts=4,
        type='MoERoutingHook'),
    dict(type='ContextRoutingStatsHook'),
    dict(type='ContextExpertUsageVisualizationHook'),
]
custom_imports = dict(
    allow_failed_imports=False, imports=[
        'projects.BEVFusion.bevfusion',
    ])
data_prefix = dict(CAM_FRONT='', pts='')
data_root = '/mnt/tier2/project/p201222/u103958/zod_moe/zod_nuscenes/'
dataset_type = 'ZODDataset'
default_hooks = dict(
    checkpoint=dict(
        interval=5,
        rule='greater',
        save_best='mAP_0.50',
        type='CheckpointHook'),
    logger=dict(interval=50, type='LoggerHook'),
    param_scheduler=dict(type='ParamSchedulerHook'),
    sampler_seed=dict(type='DistSamplerSeedHook'),
    timer=dict(type='IterTimerHook'),
    visualization=dict(type='Det3DVisualizationHook'))
default_scope = 'mmdet3d'
env_cfg = dict(
    cudnn_benchmark=False,
    dist_cfg=dict(backend='nccl'),
    mp_cfg=dict(mp_start_method='fork', opencv_num_threads=0))
grid_size = [
    1440,
    1440,
    40,
]
input_modality = dict(use_camera=True, use_lidar=True)
launcher = 'slurm'
load_from = None
log_level = 'INFO'
log_processor = dict(by_epoch=True, type='LogProcessor', window_size=50)
lr = 5e-05
metainfo = dict(
    box_type_3d='LiDAR', classes=[
        'pedestrian',
    ])
modality_specific_moe_cfg = dict(
    cam_channels=80,
    context_aux_cfg=dict(
        class_weights='inverse_frequency',
        label_smoothing=0.05,
        loss_coef=0.03,
        loss_type='weighted_ce',
        target_field='road_type'),
    expert_type='full',
    gate_cfg=dict(temperature=1.0),
    gate_input_detach=True,
    gate_type='dense',
    group_balance_coef=0.004,
    importance_coef=0.005,
    lidar_channels=256,
    load_coef=0.0,
    num_cam_experts=2,
    num_lidar_experts=2,
    out_channels=256,
    residual_gain=1.0,
    router_out_dim=128,
    type='ModalitySpecificMoEBlock',
    z_loss_coef=0.002)
model = dict(
    bbox_head=dict(
        auxiliary=True,
        bbox_coder=dict(
            code_size=8,
            out_size_factor=8,
            pc_range=[
                0.0,
                -54.0,
            ],
            post_center_range=[
                0.0,
                -54.0,
                -10.0,
                108.0,
                54.0,
                10.0,
            ],
            score_threshold=0.0,
            type='TransFusionBBoxCoder',
            voxel_size=[
                0.075,
                0.075,
            ]),
        bn_momentum=0.1,
        common_heads=dict(
            center=[
                2,
                2,
            ], dim=[
                3,
                2,
            ], height=[
                1,
                2,
            ], rot=[
                2,
                2,
            ]),
        decoder_layer=dict(
            cross_attn_cfg=dict(dropout=0.1, embed_dims=128, num_heads=8),
            ffn_cfg=dict(
                act_cfg=dict(inplace=True, type='ReLU'),
                embed_dims=128,
                feedforward_channels=256,
                ffn_drop=0.1,
                num_fcs=2),
            norm_cfg=dict(type='LN'),
            pos_encoding_cfg=dict(input_channel=2, num_pos_feats=128),
            self_attn_cfg=dict(dropout=0.1, embed_dims=128, num_heads=8),
            type='TransformerDecoderLayer'),
        hidden_channel=128,
        in_channels=512,
        loss_bbox=dict(
            loss_weight=0.25, reduction='mean', type='mmdet.L1Loss'),
        loss_cls=dict(
            alpha=0.25,
            gamma=2.0,
            loss_weight=1.0,
            reduction='mean',
            type='mmdet.FocalLoss',
            use_sigmoid=True),
        loss_heatmap=dict(
            loss_weight=1.0, reduction='mean', type='mmdet.GaussianFocalLoss'),
        nms_kernel_size=3,
        num_classes=1,
        num_decoder_layers=1,
        num_proposals=500,
        test_cfg=dict(
            dataset='custom_zod',
            grid_size=[
                1440,
                1440,
                40,
            ],
            nms_type='circle',
            out_size_factor=8,
            pc_range=[
                0.0,
                -54.0,
            ],
            voxel_size=[
                0.075,
                0.075,
            ]),
        train_cfg=dict(
            assigner=dict(
                cls_cost=dict(
                    alpha=0.25,
                    gamma=2.0,
                    type='mmdet.FocalLossCost',
                    weight=0.15),
                iou_calculator=dict(coordinate='lidar', type='BboxOverlaps3D'),
                iou_cost=dict(type='IoU3DCost', weight=0.25),
                reg_cost=dict(type='BBoxBEVL1Cost', weight=0.25),
                type='HungarianAssigner3D'),
            code_weights=[
                1.0,
                1.0,
                1.0,
                1.0,
                1.0,
                1.0,
                1.0,
                1.0,
            ],
            dataset='custom_zod',
            gaussian_overlap=0.1,
            grid_size=[
                1440,
                1440,
                40,
            ],
            min_radius=2,
            out_size_factor=8,
            point_cloud_range=[
                0.0,
                -54.0,
                -5.0,
                108.0,
                54.0,
                3.0,
            ],
            pos_weight=-1,
            voxel_size=[
                0.075,
                0.075,
                0.2,
            ]),
        type='TransFusionHead'),
    data_preprocessor=dict(
        bgr_to_rgb=False,
        mean=[
            123.675,
            116.28,
            103.53,
        ],
        pad_size_divisor=32,
        std=[
            58.395,
            57.12,
            57.375,
        ],
        type='Det3DDataPreprocessor',
        voxelize_cfg=dict(
            max_num_points=10,
            max_voxels=[
                200000,
                240000,
            ],
            point_cloud_range=[
                0.0,
                -54.0,
                -5.0,
                108.0,
                54.0,
                3.0,
            ],
            voxel_size=[
                0.075,
                0.075,
                0.2,
            ],
            voxelize_reduce=True)),
    fusion_layer=None,
    img_backbone=dict(
        attn_drop_rate=0.0,
        convert_weights=True,
        depths=[
            2,
            2,
            6,
            2,
        ],
        drop_path_rate=0.2,
        drop_rate=0.0,
        embed_dims=96,
        init_cfg=dict(
            checkpoint=
            '/mnt/tier2/project/p201222/u103958/checkpoints/swin_tiny_patch4_window7_224.pth',
            type='Pretrained'),
        mlp_ratio=4,
        num_heads=[
            3,
            6,
            12,
            24,
        ],
        out_indices=[
            1,
            2,
            3,
        ],
        patch_norm=True,
        qk_scale=None,
        qkv_bias=True,
        type='mmdet.SwinTransformer',
        window_size=7,
        with_cp=False),
    img_neck=dict(
        act_cfg=dict(inplace=True, type='ReLU'),
        in_channels=[
            192,
            384,
            768,
        ],
        norm_cfg=dict(requires_grad=True, type='BN2d'),
        num_outs=3,
        out_channels=256,
        start_level=0,
        type='GeneralizedLSSFPN',
        upsample_cfg=dict(align_corners=False, mode='bilinear')),
    modality_specific_moe_cfg=dict(
        cam_channels=80,
        context_aux_cfg=dict(
            class_weights='inverse_frequency',
            label_smoothing=0.05,
            loss_coef=0.03,
            loss_type='weighted_ce',
            target_field='road_type'),
        expert_type='full',
        gate_cfg=dict(temperature=1.0),
        gate_input_detach=True,
        gate_type='dense',
        group_balance_coef=0.004,
        importance_coef=0.005,
        lidar_channels=256,
        load_coef=0.0,
        num_cam_experts=2,
        num_lidar_experts=2,
        out_channels=256,
        residual_gain=1.0,
        router_out_dim=128,
        type='ModalitySpecificMoEBlock',
        z_loss_coef=0.002),
    pts_backbone=dict(
        conv_cfg=dict(bias=False, type='Conv2d'),
        in_channels=256,
        layer_nums=[
            5,
            5,
        ],
        layer_strides=[
            1,
            2,
        ],
        norm_cfg=dict(eps=0.001, momentum=0.01, type='BN'),
        out_channels=[
            128,
            256,
        ],
        type='SECOND'),
    pts_middle_encoder=dict(
        block_type='basicblock',
        encoder_channels=(
            (
                16,
                16,
                32,
            ),
            (
                32,
                32,
                64,
            ),
            (
                64,
                64,
                128,
            ),
            (
                128,
                128,
            ),
        ),
        encoder_paddings=(
            (
                0,
                0,
                1,
            ),
            (
                0,
                0,
                1,
            ),
            (
                0,
                0,
                (
                    1,
                    1,
                    0,
                ),
            ),
            (
                0,
                0,
            ),
        ),
        in_channels=4,
        norm_cfg=dict(eps=0.001, momentum=0.01, type='BN1d'),
        order=(
            'conv',
            'norm',
            'act',
        ),
        sparse_shape=[
            1440,
            1440,
            41,
        ],
        type='BEVFusionSparseEncoder'),
    pts_neck=dict(
        in_channels=[
            128,
            256,
        ],
        norm_cfg=dict(eps=0.001, momentum=0.01, type='BN'),
        out_channels=[
            256,
            256,
        ],
        type='SECONDFPN',
        upsample_cfg=dict(bias=False, type='deconv'),
        upsample_strides=[
            1,
            2,
        ],
        use_conv_for_no_stride=True),
    pts_voxel_encoder=dict(num_features=4, type='HardSimpleVFE'),
    type='BEVFusion',
    view_transform=dict(
        aux_depth_loss_weight=0.5,
        dbound=[
            1.0,
            90.0,
            0.5,
        ],
        downsample=2,
        feature_size=[
            88,
            156,
        ],
        image_size=[
            704,
            1248,
        ],
        in_channels=256,
        out_channels=80,
        splat_radius=1,
        type='DepthLSSTransform',
        xbound=[
            0.0,
            108.0,
            0.3,
        ],
        ybound=[
            -54.0,
            54.0,
            0.3,
        ],
        zbound=[
            -10.0,
            10.0,
            20.0,
        ]))
model_wrapper_cfg = dict(
    find_unused_parameters=True, type='MMDistributedDataParallel')
num_cam_experts = 2
num_experts = 4
num_lidar_experts = 2
optim_wrapper = dict(
    accumulative_counts=2,
    clip_grad=dict(max_norm=10, norm_type=2),
    loss_scale='dynamic',
    optimizer=dict(lr=5e-05, type='AdamW', weight_decay=0.01),
    paramwise_cfg=dict(
        custom_keys=dict({
            'bbox_head':
            dict(lr_mult=1.0),
            'modality_specific_moe.cam_summary':
            dict(decay_mult=0.05, lr_mult=1.0),
            'modality_specific_moe.context_head':
            dict(decay_mult=0.05, lr_mult=1.0),
            'modality_specific_moe.gate':
            dict(decay_mult=0.01, lr_mult=1.0),
            'modality_specific_moe.lidar_summary':
            dict(decay_mult=0.05, lr_mult=1.0),
            'pts_backbone':
            dict(lr_mult=1.0),
            'pts_neck':
            dict(lr_mult=1.0)
        })),
    type='AmpOptimWrapper')
out_size_factor = 8
param_scheduler = [
    dict(
        begin=0,
        by_epoch=False,
        end=500,
        start_factor=0.33333333,
        type='LinearLR'),
    dict(
        T_max=4,
        begin=0,
        by_epoch=True,
        convert_to_iter_based=True,
        end=4,
        eta_min=0.0005,
        type='CosineAnnealingLR'),
    dict(
        T_max=24,
        begin=4,
        by_epoch=True,
        convert_to_iter_based=True,
        end=28,
        eta_min=5e-09,
        type='CosineAnnealingLR'),
    dict(
        T_max=4,
        begin=0,
        by_epoch=True,
        convert_to_iter_based=True,
        end=4,
        eta_min=0.8947368421052632,
        type='CosineAnnealingMomentum'),
    dict(
        T_max=24,
        begin=4,
        by_epoch=True,
        convert_to_iter_based=True,
        end=28,
        eta_min=1,
        type='CosineAnnealingMomentum'),
]
point_cloud_range = [
    0.0,
    -54.0,
    -5.0,
    108.0,
    54.0,
    3.0,
]
resume = False
sparse_shape = [
    1440,
    1440,
    41,
]
test_cfg = dict()
test_dataloader = dict(
    batch_size=2,
    dataset=dict(
        ann_file='infos/zod_nuscenes_infos_test.pkl',
        backend_args=None,
        box_type_3d='LiDAR',
        data_prefix=dict(CAM_FRONT='', pts=''),
        data_root='/mnt/tier2/project/p201222/u103958/zod_moe/zod_nuscenes/',
        metainfo=dict(box_type_3d='LiDAR', classes=[
            'pedestrian',
        ]),
        modality=dict(use_camera=True, use_lidar=True),
        pipeline=[
            dict(
                backend_args=None,
                color_type='color',
                num_views=1,
                to_float32=True,
                type='BEVLoadMultiViewImageFromFiles'),
            dict(
                backend_args=None,
                coord_type='LIDAR',
                load_dim=4,
                type='LoadPointsFromFile',
                use_dim=4),
            dict(
                bot_pct_lim=[
                    0.0,
                    0.0,
                ],
                final_dim=[
                    704,
                    1248,
                ],
                is_train=False,
                rand_flip=False,
                resize_lim=[
                    1.0,
                    1.0,
                ],
                rot_lim=[
                    0.0,
                    0.0,
                ],
                type='ImageAug3D'),
            dict(
                point_cloud_range=[
                    0.0,
                    -54.0,
                    -5.0,
                    108.0,
                    54.0,
                    3.0,
                ],
                type='PointsRangeFilter'),
            dict(
                keys=[
                    'img',
                    'points',
                    'gt_bboxes_3d',
                    'gt_labels_3d',
                ],
                meta_keys=[
                    'cam2img',
                    'ori_cam2img',
                    'lidar2cam',
                    'lidar2img',
                    'cam2lidar',
                    'img_aug_matrix',
                    'box_type_3d',
                    'sample_idx',
                    'lidar_path',
                    'img_path',
                    'num_pts_feats',
                    'context',
                ],
                type='Pack3DDetInputs'),
        ],
        test_mode=True,
        type='ZODDataset',
        use_valid_flag=False,
        with_velocity=False),
    drop_last=False,
    num_workers=4,
    persistent_workers=True,
    sampler=dict(shuffle=False, type='DefaultSampler'))
test_evaluator = [
    dict(iou_thr=[
        0.25,
        0.5,
    ], type='IndoorMetric'),
    dict(dist_thr=[
        0.5,
        1.0,
        2.0,
        4.0,
    ], type='CenterDistanceMetric'),
]
test_pipeline = [
    dict(
        backend_args=None,
        color_type='color',
        num_views=1,
        to_float32=True,
        type='BEVLoadMultiViewImageFromFiles'),
    dict(
        backend_args=None,
        coord_type='LIDAR',
        load_dim=4,
        type='LoadPointsFromFile',
        use_dim=4),
    dict(
        bot_pct_lim=[
            0.0,
            0.0,
        ],
        final_dim=[
            704,
            1248,
        ],
        is_train=False,
        rand_flip=False,
        resize_lim=[
            1.0,
            1.0,
        ],
        rot_lim=[
            0.0,
            0.0,
        ],
        type='ImageAug3D'),
    dict(
        point_cloud_range=[
            0.0,
            -54.0,
            -5.0,
            108.0,
            54.0,
            3.0,
        ],
        type='PointsRangeFilter'),
    dict(
        keys=[
            'img',
            'points',
            'gt_bboxes_3d',
            'gt_labels_3d',
        ],
        meta_keys=[
            'cam2img',
            'ori_cam2img',
            'lidar2cam',
            'lidar2img',
            'cam2lidar',
            'img_aug_matrix',
            'box_type_3d',
            'sample_idx',
            'lidar_path',
            'img_path',
            'num_pts_feats',
            'context',
        ],
        type='Pack3DDetInputs'),
]
train_cfg = dict(by_epoch=True, max_epochs=28, val_interval=1)
train_dataloader = dict(
    batch_size=2,
    dataset=dict(
        ann_file='infos/zod_nuscenes_infos_train.pkl',
        box_type_3d='LiDAR',
        data_prefix=dict(CAM_FRONT='', pts=''),
        data_root='/mnt/tier2/project/p201222/u103958/zod_moe/zod_nuscenes/',
        filter_empty_gt=False,
        metainfo=dict(box_type_3d='LiDAR', classes=[
            'pedestrian',
        ]),
        modality=dict(use_camera=True, use_lidar=True),
        pipeline=[
            dict(
                backend_args=None,
                color_type='color',
                num_views=1,
                to_float32=True,
                type='BEVLoadMultiViewImageFromFiles'),
            dict(
                backend_args=None,
                coord_type='LIDAR',
                load_dim=4,
                type='LoadPointsFromFile',
                use_dim=4),
            dict(
                type='LoadAnnotations3D',
                with_attr_label=False,
                with_bbox_3d=True,
                with_label_3d=True),
            dict(
                bot_pct_lim=[
                    0.0,
                    0.0,
                ],
                final_dim=[
                    704,
                    1248,
                ],
                is_train=True,
                rand_flip=False,
                resize_lim=[
                    1.0,
                    1.0,
                ],
                rot_lim=[
                    0.0,
                    0.0,
                ],
                type='ImageAug3D'),
            dict(
                rot_range=[
                    0,
                    0,
                ],
                scale_ratio_range=[
                    0.9,
                    1.1,
                ],
                translation_std=0.5,
                type='BEVFusionGlobalRotScaleTrans'),
            dict(
                point_cloud_range=[
                    0.0,
                    -54.0,
                    -5.0,
                    108.0,
                    54.0,
                    3.0,
                ],
                type='PointsRangeFilter'),
            dict(
                point_cloud_range=[
                    0.0,
                    -54.0,
                    -5.0,
                    108.0,
                    54.0,
                    3.0,
                ],
                type='ObjectRangeFilter'),
            dict(classes=[
                'pedestrian',
            ], type='ObjectNameFilter'),
            dict(
                fixed_prob=True,
                max_epoch=28,
                mode=1,
                offset=False,
                prob=0.0,
                ratio=0.5,
                rotate=1,
                type='GridMask',
                use_h=True,
                use_w=True),
            dict(type='PointShuffle'),
            dict(
                keys=[
                    'points',
                    'img',
                    'gt_bboxes_3d',
                    'gt_labels_3d',
                ],
                meta_keys=[
                    'cam2img',
                    'ori_cam2img',
                    'lidar2cam',
                    'lidar2img',
                    'cam2lidar',
                    'img_aug_matrix',
                    'box_type_3d',
                    'sample_idx',
                    'lidar_path',
                    'img_path',
                    'transformation_3d_flow',
                    'pcd_rotation',
                    'pcd_scale_factor',
                    'pcd_trans',
                    'lidar_aug_matrix',
                    'num_pts_feats',
                    'context',
                ],
                type='Pack3DDetInputs'),
        ],
        test_mode=False,
        type='ZODDataset',
        use_valid_flag=False,
        with_velocity=False),
    num_workers=4,
    persistent_workers=True,
    sampler=dict(shuffle=True, type='DefaultSampler'))
train_pipeline = [
    dict(
        backend_args=None,
        color_type='color',
        num_views=1,
        to_float32=True,
        type='BEVLoadMultiViewImageFromFiles'),
    dict(
        backend_args=None,
        coord_type='LIDAR',
        load_dim=4,
        type='LoadPointsFromFile',
        use_dim=4),
    dict(
        type='LoadAnnotations3D',
        with_attr_label=False,
        with_bbox_3d=True,
        with_label_3d=True),
    dict(
        bot_pct_lim=[
            0.0,
            0.0,
        ],
        final_dim=[
            704,
            1248,
        ],
        is_train=True,
        rand_flip=False,
        resize_lim=[
            1.0,
            1.0,
        ],
        rot_lim=[
            0.0,
            0.0,
        ],
        type='ImageAug3D'),
    dict(
        rot_range=[
            0,
            0,
        ],
        scale_ratio_range=[
            0.9,
            1.1,
        ],
        translation_std=0.5,
        type='BEVFusionGlobalRotScaleTrans'),
    dict(
        point_cloud_range=[
            0.0,
            -54.0,
            -5.0,
            108.0,
            54.0,
            3.0,
        ],
        type='PointsRangeFilter'),
    dict(
        point_cloud_range=[
            0.0,
            -54.0,
            -5.0,
            108.0,
            54.0,
            3.0,
        ],
        type='ObjectRangeFilter'),
    dict(classes=[
        'pedestrian',
    ], type='ObjectNameFilter'),
    dict(
        fixed_prob=True,
        max_epoch=28,
        mode=1,
        offset=False,
        prob=0.0,
        ratio=0.5,
        rotate=1,
        type='GridMask',
        use_h=True,
        use_w=True),
    dict(type='PointShuffle'),
    dict(
        keys=[
            'points',
            'img',
            'gt_bboxes_3d',
            'gt_labels_3d',
        ],
        meta_keys=[
            'cam2img',
            'ori_cam2img',
            'lidar2cam',
            'lidar2img',
            'cam2lidar',
            'img_aug_matrix',
            'box_type_3d',
            'sample_idx',
            'lidar_path',
            'img_path',
            'transformation_3d_flow',
            'pcd_rotation',
            'pcd_scale_factor',
            'pcd_trans',
            'lidar_aug_matrix',
            'num_pts_feats',
            'context',
        ],
        type='Pack3DDetInputs'),
]
val_cfg = dict()
val_dataloader = dict(
    batch_size=2,
    dataset=dict(
        ann_file='infos/zod_nuscenes_infos_val.pkl',
        backend_args=None,
        box_type_3d='LiDAR',
        data_prefix=dict(CAM_FRONT='', pts=''),
        data_root='/mnt/tier2/project/p201222/u103958/zod_moe/zod_nuscenes/',
        metainfo=dict(box_type_3d='LiDAR', classes=[
            'pedestrian',
        ]),
        modality=dict(use_camera=True, use_lidar=True),
        pipeline=[
            dict(
                backend_args=None,
                color_type='color',
                num_views=1,
                to_float32=True,
                type='BEVLoadMultiViewImageFromFiles'),
            dict(
                backend_args=None,
                coord_type='LIDAR',
                load_dim=4,
                type='LoadPointsFromFile',
                use_dim=4),
            dict(
                bot_pct_lim=[
                    0.0,
                    0.0,
                ],
                final_dim=[
                    704,
                    1248,
                ],
                is_train=False,
                rand_flip=False,
                resize_lim=[
                    1.0,
                    1.0,
                ],
                rot_lim=[
                    0.0,
                    0.0,
                ],
                type='ImageAug3D'),
            dict(
                point_cloud_range=[
                    0.0,
                    -54.0,
                    -5.0,
                    108.0,
                    54.0,
                    3.0,
                ],
                type='PointsRangeFilter'),
            dict(
                keys=[
                    'img',
                    'points',
                    'gt_bboxes_3d',
                    'gt_labels_3d',
                ],
                meta_keys=[
                    'cam2img',
                    'ori_cam2img',
                    'lidar2cam',
                    'lidar2img',
                    'cam2lidar',
                    'img_aug_matrix',
                    'box_type_3d',
                    'sample_idx',
                    'lidar_path',
                    'img_path',
                    'num_pts_feats',
                    'context',
                ],
                type='Pack3DDetInputs'),
        ],
        test_mode=True,
        type='ZODDataset',
        use_valid_flag=False,
        with_velocity=False),
    drop_last=False,
    num_workers=4,
    persistent_workers=True,
    sampler=dict(shuffle=False, type='DefaultSampler'))
val_evaluator = [
    dict(iou_thr=[
        0.25,
        0.5,
    ], type='IndoorMetric'),
    dict(dist_thr=[
        0.5,
        1.0,
        2.0,
        4.0,
    ], type='CenterDistanceMetric'),
]
vis_backends = [
    dict(type='LocalVisBackend'),
]
visualizer = dict(
    name='visualizer',
    type='Det3DLocalVisualizer',
    vis_backends=[
        dict(type='LocalVisBackend'),
    ])
voxel_size = [
    0.075,
    0.075,
    0.2,
]
work_dir = '/home/users/u103958/projects/multimodal-MoE/outputs/runs/zod_moe_modality_specific/moe-modality-specific_4610531'

05/22 19:57:13 - mmengine - INFO - Loads checkpoint by local backend from path: /mnt/tier2/project/p201222/u103958/checkpoints/swin_tiny_patch4_window7_224.pth
05/22 19:57:14 - mmengine - INFO - Hooks will be executed in the following order:
before_run:
(VERY_HIGH   ) RuntimeInfoHook                    
(VERY_HIGH   ) DualCheckpointInitHook             
(NORMAL      ) ExpertRespawnHook                  
(BELOW_NORMAL) LoggerHook                         
(BELOW_NORMAL) MoERoutingHook                     
(BELOW_NORMAL) ContextRoutingStatsHook            
(LOW         ) ValidationCurveHook                
(LOW         ) ContextExpertUsageVisualizationHook
 -------------------- 
before_train:
(VERY_HIGH   ) RuntimeInfoHook                    
(NORMAL      ) IterTimerHook                      
(BELOW_NORMAL) TrainingEfficiencyHook             
(VERY_LOW    ) CheckpointHook                     
(VERY_LOW    ) RunSummaryHook                     
 -------------------- 
before_train_epoch:
(VERY_HIGH   ) RuntimeInfoHook                    
(NORMAL      ) IterTimerHook                      
(NORMAL      ) DistSamplerSeedHook                
(BELOW_NORMAL) TrainingEfficiencyHook             
(BELOW_NORMAL) MoERoutingHook                     
 -------------------- 
before_train_iter:
(VERY_HIGH   ) RuntimeInfoHook                    
(NORMAL      ) IterTimerHook                      
 -------------------- 
after_train_iter:
(VERY_HIGH   ) RuntimeInfoHook                    
(NORMAL      ) IterTimerHook                      
(NORMAL      ) ExpertRespawnHook                  
(BELOW_NORMAL) LoggerHook                         
(BELOW_NORMAL) TrainingEfficiencyHook             
(BELOW_NORMAL) MoERoutingHook                     
(LOW         ) ParamSchedulerHook                 
(VERY_LOW    ) CheckpointHook                     
(VERY_LOW    ) RunSummaryHook                     
 -------------------- 
after_train_epoch:
(NORMAL      ) IterTimerHook                      
(NORMAL      ) ExpertRespawnHook                  
(BELOW_NORMAL) TrainingEfficiencyHook             
(BELOW_NORMAL) MoERoutingHook                     
(LOW         ) ParamSchedulerHook                 
(LOW         ) BEVFeatureVisualizationHook        
(LOW         ) BEVPredictionVisualizationHook     
(LOW         ) BEVValPredictionVisualizationHook  
(LOW         ) BEVCameraFeatureVisualizationHook  
(LOW         ) DepthTransformDiagnosticHook       
(LOW         ) DepthProjectionDebugHook           
(VERY_LOW    ) CheckpointHook                     
 -------------------- 
before_val:
(VERY_HIGH   ) RuntimeInfoHook                    
 -------------------- 
before_val_epoch:
(NORMAL      ) IterTimerHook                      
(BELOW_NORMAL) ContextRoutingStatsHook            
(LOW         ) ContextExpertUsageVisualizationHook
 -------------------- 
before_val_iter:
(NORMAL      ) IterTimerHook                      
 -------------------- 
after_val_iter:
(NORMAL      ) IterTimerHook                      
(NORMAL      ) Det3DVisualizationHook             
(BELOW_NORMAL) LoggerHook                         
(BELOW_NORMAL) MoERoutingHook                     
(BELOW_NORMAL) ContextRoutingStatsHook            
(LOW         ) ContextExpertUsageVisualizationHook
 -------------------- 
after_val_epoch:
(VERY_HIGH   ) RuntimeInfoHook                    
(NORMAL      ) IterTimerHook                      
(BELOW_NORMAL) LoggerHook                         
(BELOW_NORMAL) MoERoutingHook                     
(BELOW_NORMAL) ContextRoutingStatsHook            
(LOW         ) ParamSchedulerHook                 
(LOW         ) ValidationCurveHook                
(LOW         ) ContextExpertUsageVisualizationHook
(VERY_LOW    ) CheckpointHook                     
(VERY_LOW    ) RunSummaryHook                     
 -------------------- 
after_val:
(VERY_HIGH   ) RuntimeInfoHook                    
 -------------------- 
after_train:
(VERY_HIGH   ) RuntimeInfoHook                    
(VERY_LOW    ) CheckpointHook                     
(VERY_LOW    ) RunSummaryHook                     
 -------------------- 
before_test:
(VERY_HIGH   ) RuntimeInfoHook                    
 -------------------- 
before_test_epoch:
(NORMAL      ) IterTimerHook                      
 -------------------- 
before_test_iter:
(NORMAL      ) IterTimerHook                      
 -------------------- 
after_test_iter:
(NORMAL      ) IterTimerHook                      
(NORMAL      ) Det3DVisualizationHook             
(BELOW_NORMAL) LoggerHook                         
 -------------------- 
after_test_epoch:
(VERY_HIGH   ) RuntimeInfoHook                    
(NORMAL      ) IterTimerHook                      
(BELOW_NORMAL) LoggerHook                         
 -------------------- 
after_test:
(VERY_HIGH   ) RuntimeInfoHook                    
 -------------------- 
after_run:
(BELOW_NORMAL) LoggerHook                         
 -------------------- 
05/22 19:57:16 - mmengine - WARNING - LiDAR is not a meta file, simply parsed as meta information
05/22 19:57:28 - mmengine - INFO - ------------------------------
05/22 19:57:28 - mmengine - INFO - The length of training dataset: 79999
05/22 19:57:28 - mmengine - INFO - The number of instances per category in the dataset:
+------------+--------+
| category   | number |
+------------+--------+
| pedestrian | 182784 |
+------------+--------+
05/22 19:57:28 - mmengine - WARNING - view_transform.dx is skipped since its requires_grad=False
05/22 19:57:28 - mmengine - WARNING - view_transform.bx is skipped since its requires_grad=False
05/22 19:57:28 - mmengine - WARNING - view_transform.nx is skipped since its requires_grad=False
05/22 19:57:28 - mmengine - WARNING - view_transform.frustum is skipped since its requires_grad=False
05/22 19:57:28 - mmengine - INFO - paramwise_options -- pts_backbone.blocks.0.0.weight:lr=5e-05
05/22 19:57:28 - mmengine - INFO - paramwise_options -- pts_backbone.blocks.0.0.weight:weight_decay=0.01
05/22 19:57:28 - mmengine - INFO - paramwise_options -- pts_backbone.blocks.0.0.weight:lr_mult=1.0
05/22 19:57:28 - mmengine - INFO - paramwise_options -- pts_backbone.blocks.0.1.weight:lr=5e-05
05/22 19:57:28 - mmengine - INFO - paramwise_options -- pts_backbone.blocks.0.1.weight:weight_decay=0.01
05/22 19:57:28 - mmengine - INFO - paramwise_options -- pts_backbone.blocks.0.1.weight:lr_mult=1.0
05/22 19:57:28 - mmengine - INFO - paramwise_options -- pts_backbone.blocks.0.1.bias:lr=5e-05
05/22 19:57:28 - mmengine - INFO - paramwise_options -- pts_backbone.blocks.0.1.bias:weight_decay=0.01
05/22 19:57:28 - mmengine - INFO - paramwise_options -- pts_backbone.blocks.0.1.bias:lr_mult=1.0
05/22 19:57:28 - mmengine - INFO - paramwise_options -- pts_backbone.blocks.0.3.weight:lr=5e-05
05/22 19:57:28 - mmengine - INFO - paramwise_options -- pts_backbone.blocks.0.3.weight:weight_decay=0.01
05/22 19:57:28 - mmengine - INFO - paramwise_options -- pts_backbone.blocks.0.3.weight:lr_mult=1.0
05/22 19:57:28 - mmengine - INFO - paramwise_options -- pts_backbone.blocks.0.4.weight:lr=5e-05
05/22 19:57:28 - mmengine - INFO - paramwise_options -- pts_backbone.blocks.0.4.weight:weight_decay=0.01
05/22 19:57:28 - mmengine - INFO - paramwise_options -- pts_backbone.blocks.0.4.weight:lr_mult=1.0
05/22 19:57:28 - mmengine - INFO - paramwise_options -- pts_backbone.blocks.0.4.bias:lr=5e-05
05/22 19:57:28 - mmengine - INFO - paramwise_options -- pts_backbone.blocks.0.4.bias:weight_decay=0.01
05/22 19:57:28 - mmengine - INFO - paramwise_options -- pts_backbone.blocks.0.4.bias:lr_mult=1.0
05/22 19:57:28 - mmengine - INFO - paramwise_options -- pts_backbone.blocks.0.6.weight:lr=5e-05
05/22 19:57:28 - mmengine - INFO - paramwise_options -- pts_backbone.blocks.0.6.weight:weight_decay=0.01
05/22 19:57:28 - mmengine - INFO - paramwise_options -- pts_backbone.blocks.0.6.weight:lr_mult=1.0
05/22 19:57:28 - mmengine - INFO - paramwise_options -- pts_backbone.blocks.0.7.weight:lr=5e-05
05/22 19:57:28 - mmengine - INFO - paramwise_options -- pts_backbone.blocks.0.7.weight:weight_decay=0.01
05/22 19:57:28 - mmengine - INFO - paramwise_options -- pts_backbone.blocks.0.7.weight:lr_mult=1.0
05/22 19:57:28 - mmengine - INFO - paramwise_options -- pts_backbone.blocks.0.7.bias:lr=5e-05
05/22 19:57:28 - mmengine - INFO - paramwise_options -- pts_backbone.blocks.0.7.bias:weight_decay=0.01
05/22 19:57:28 - mmengine - INFO - paramwise_options -- pts_backbone.blocks.0.7.bias:lr_mult=1.0
05/22 19:57:28 - mmengine - INFO - paramwise_options -- pts_backbone.blocks.0.9.weight:lr=5e-05
05/22 19:57:28 - mmengine - INFO - paramwise_options -- pts_backbone.blocks.0.9.weight:weight_decay=0.01
05/22 19:57:28 - mmengine - INFO - paramwise_options -- pts_backbone.blocks.0.9.weight:lr_mult=1.0
05/22 19:57:28 - mmengine - INFO - paramwise_options -- pts_backbone.blocks.0.10.weight:lr=5e-05
05/22 19:57:28 - mmengine - INFO - paramwise_options -- pts_backbone.blocks.0.10.weight:weight_decay=0.01
05/22 19:57:28 - mmengine - INFO - paramwise_options -- pts_backbone.blocks.0.10.weight:lr_mult=1.0
05/22 19:57:28 - mmengine - INFO - paramwise_options -- pts_backbone.blocks.0.10.bias:lr=5e-05
05/22 19:57:28 - mmengine - INFO - paramwise_options -- pts_backbone.blocks.0.10.bias:weight_decay=0.01
05/22 19:57:28 - mmengine - INFO - paramwise_options -- pts_backbone.blocks.0.10.bias:lr_mult=1.0
05/22 19:57:28 - mmengine - INFO - paramwise_options -- pts_backbone.blocks.0.12.weight:lr=5e-05
05/22 19:57:28 - mmengine - INFO - paramwise_options -- pts_backbone.blocks.0.12.weight:weight_decay=0.01
05/22 19:57:28 - mmengine - INFO - paramwise_options -- pts_backbone.blocks.0.12.weight:lr_mult=1.0
05/22 19:57:28 - mmengine - INFO - paramwise_options -- pts_backbone.blocks.0.13.weight:lr=5e-05
05/22 19:57:28 - mmengine - INFO - paramwise_options -- pts_backbone.blocks.0.13.weight:weight_decay=0.01
05/22 19:57:28 - mmengine - INFO - paramwise_options -- pts_backbone.blocks.0.13.weight:lr_mult=1.0
05/22 19:57:28 - mmengine - INFO - paramwise_options -- pts_backbone.blocks.0.13.bias:lr=5e-05
05/22 19:57:28 - mmengine - INFO - paramwise_options -- pts_backbone.blocks.0.13.bias:weight_decay=0.01
05/22 19:57:28 - mmengine - INFO - paramwise_options -- pts_backbone.blocks.0.13.bias:lr_mult=1.0
05/22 19:57:28 - mmengine - INFO - paramwise_options -- pts_backbone.blocks.0.15.weight:lr=5e-05
05/22 19:57:28 - mmengine - INFO - paramwise_options -- pts_backbone.blocks.0.15.weight:weight_decay=0.01
05/22 19:57:28 - mmengine - INFO - paramwise_options -- pts_backbone.blocks.0.15.weight:lr_mult=1.0
05/22 19:57:28 - mmengine - INFO - paramwise_options -- pts_backbone.blocks.0.16.weight:lr=5e-05
05/22 19:57:28 - mmengine - INFO - paramwise_options -- pts_backbone.blocks.0.16.weight:weight_decay=0.01
05/22 19:57:28 - mmengine - INFO - paramwise_options -- pts_backbone.blocks.0.16.weight:lr_mult=1.0
05/22 19:57:28 - mmengine - INFO - paramwise_options -- pts_backbone.blocks.0.16.bias:lr=5e-05
05/22 19:57:28 - mmengine - INFO - paramwise_options -- pts_backbone.blocks.0.16.bias:weight_decay=0.01
05/22 19:57:28 - mmengine - INFO - paramwise_options -- pts_backbone.blocks.0.16.bias:lr_mult=1.0
05/22 19:57:28 - mmengine - INFO - paramwise_options -- pts_backbone.blocks.1.0.weight:lr=5e-05
05/22 19:57:28 - mmengine - INFO - paramwise_options -- pts_backbone.blocks.1.0.weight:weight_decay=0.01
05/22 19:57:28 - mmengine - INFO - paramwise_options -- pts_backbone.blocks.1.0.weight:lr_mult=1.0
05/22 19:57:28 - mmengine - INFO - paramwise_options -- pts_backbone.blocks.1.1.weight:lr=5e-05
05/22 19:57:28 - mmengine - INFO - paramwise_options -- pts_backbone.blocks.1.1.weight:weight_decay=0.01
05/22 19:57:28 - mmengine - INFO - paramwise_options -- pts_backbone.blocks.1.1.weight:lr_mult=1.0
05/22 19:57:28 - mmengine - INFO - paramwise_options -- pts_backbone.blocks.1.1.bias:lr=5e-05
05/22 19:57:28 - mmengine - INFO - paramwise_options -- pts_backbone.blocks.1.1.bias:weight_decay=0.01
05/22 19:57:28 - mmengine - INFO - paramwise_options -- pts_backbone.blocks.1.1.bias:lr_mult=1.0
05/22 19:57:28 - mmengine - INFO - paramwise_options -- pts_backbone.blocks.1.3.weight:lr=5e-05
05/22 19:57:28 - mmengine - INFO - paramwise_options -- pts_backbone.blocks.1.3.weight:weight_decay=0.01
05/22 19:57:28 - mmengine - INFO - paramwise_options -- pts_backbone.blocks.1.3.weight:lr_mult=1.0
05/22 19:57:28 - mmengine - INFO - paramwise_options -- pts_backbone.blocks.1.4.weight:lr=5e-05
05/22 19:57:28 - mmengine - INFO - paramwise_options -- pts_backbone.blocks.1.4.weight:weight_decay=0.01
05/22 19:57:28 - mmengine - INFO - paramwise_options -- pts_backbone.blocks.1.4.weight:lr_mult=1.0
05/22 19:57:28 - mmengine - INFO - paramwise_options -- pts_backbone.blocks.1.4.bias:lr=5e-05
05/22 19:57:28 - mmengine - INFO - paramwise_options -- pts_backbone.blocks.1.4.bias:weight_decay=0.01
05/22 19:57:28 - mmengine - INFO - paramwise_options -- pts_backbone.blocks.1.4.bias:lr_mult=1.0
05/22 19:57:28 - mmengine - INFO - paramwise_options -- pts_backbone.blocks.1.6.weight:lr=5e-05
05/22 19:57:28 - mmengine - INFO - paramwise_options -- pts_backbone.blocks.1.6.weight:weight_decay=0.01
05/22 19:57:28 - mmengine - INFO - paramwise_options -- pts_backbone.blocks.1.6.weight:lr_mult=1.0
05/22 19:57:28 - mmengine - INFO - paramwise_options -- pts_backbone.blocks.1.7.weight:lr=5e-05
05/22 19:57:28 - mmengine - INFO - paramwise_options -- pts_backbone.blocks.1.7.weight:weight_decay=0.01
05/22 19:57:28 - mmengine - INFO - paramwise_options -- pts_backbone.blocks.1.7.weight:lr_mult=1.0
05/22 19:57:28 - mmengine - INFO - paramwise_options -- pts_backbone.blocks.1.7.bias:lr=5e-05
05/22 19:57:28 - mmengine - INFO - paramwise_options -- pts_backbone.blocks.1.7.bias:weight_decay=0.01
05/22 19:57:28 - mmengine - INFO - paramwise_options -- pts_backbone.blocks.1.7.bias:lr_mult=1.0
05/22 19:57:28 - mmengine - INFO - paramwise_options -- pts_backbone.blocks.1.9.weight:lr=5e-05
05/22 19:57:28 - mmengine - INFO - paramwise_options -- pts_backbone.blocks.1.9.weight:weight_decay=0.01
05/22 19:57:28 - mmengine - INFO - paramwise_options -- pts_backbone.blocks.1.9.weight:lr_mult=1.0
05/22 19:57:28 - mmengine - INFO - paramwise_options -- pts_backbone.blocks.1.10.weight:lr=5e-05
05/22 19:57:28 - mmengine - INFO - paramwise_options -- pts_backbone.blocks.1.10.weight:weight_decay=0.01
05/22 19:57:28 - mmengine - INFO - paramwise_options -- pts_backbone.blocks.1.10.weight:lr_mult=1.0
05/22 19:57:28 - mmengine - INFO - paramwise_options -- pts_backbone.blocks.1.10.bias:lr=5e-05
05/22 19:57:28 - mmengine - INFO - paramwise_options -- pts_backbone.blocks.1.10.bias:weight_decay=0.01
05/22 19:57:28 - mmengine - INFO - paramwise_options -- pts_backbone.blocks.1.10.bias:lr_mult=1.0
05/22 19:57:28 - mmengine - INFO - paramwise_options -- pts_backbone.blocks.1.12.weight:lr=5e-05
05/22 19:57:28 - mmengine - INFO - paramwise_options -- pts_backbone.blocks.1.12.weight:weight_decay=0.01
05/22 19:57:28 - mmengine - INFO - paramwise_options -- pts_backbone.blocks.1.12.weight:lr_mult=1.0
05/22 19:57:28 - mmengine - INFO - paramwise_options -- pts_backbone.blocks.1.13.weight:lr=5e-05
05/22 19:57:28 - mmengine - INFO - paramwise_options -- pts_backbone.blocks.1.13.weight:weight_decay=0.01
05/22 19:57:28 - mmengine - INFO - paramwise_options -- pts_backbone.blocks.1.13.weight:lr_mult=1.0
05/22 19:57:28 - mmengine - INFO - paramwise_options -- pts_backbone.blocks.1.13.bias:lr=5e-05
05/22 19:57:28 - mmengine - INFO - paramwise_options -- pts_backbone.blocks.1.13.bias:weight_decay=0.01
05/22 19:57:28 - mmengine - INFO - paramwise_options -- pts_backbone.blocks.1.13.bias:lr_mult=1.0
05/22 19:57:28 - mmengine - INFO - paramwise_options -- pts_backbone.blocks.1.15.weight:lr=5e-05
05/22 19:57:28 - mmengine - INFO - paramwise_options -- pts_backbone.blocks.1.15.weight:weight_decay=0.01
05/22 19:57:28 - mmengine - INFO - paramwise_options -- pts_backbone.blocks.1.15.weight:lr_mult=1.0
05/22 19:57:28 - mmengine - INFO - paramwise_options -- pts_backbone.blocks.1.16.weight:lr=5e-05
05/22 19:57:28 - mmengine - INFO - paramwise_options -- pts_backbone.blocks.1.16.weight:weight_decay=0.01
05/22 19:57:28 - mmengine - INFO - paramwise_options -- pts_backbone.blocks.1.16.weight:lr_mult=1.0
05/22 19:57:28 - mmengine - INFO - paramwise_options -- pts_backbone.blocks.1.16.bias:lr=5e-05
05/22 19:57:28 - mmengine - INFO - paramwise_options -- pts_backbone.blocks.1.16.bias:weight_decay=0.01
05/22 19:57:28 - mmengine - INFO - paramwise_options -- pts_backbone.blocks.1.16.bias:lr_mult=1.0
05/22 19:57:28 - mmengine - INFO - paramwise_options -- pts_neck.deblocks.0.0.weight:lr=5e-05
05/22 19:57:28 - mmengine - INFO - paramwise_options -- pts_neck.deblocks.0.0.weight:weight_decay=0.01
05/22 19:57:28 - mmengine - INFO - paramwise_options -- pts_neck.deblocks.0.0.weight:lr_mult=1.0
05/22 19:57:28 - mmengine - INFO - paramwise_options -- pts_neck.deblocks.0.1.weight:lr=5e-05
05/22 19:57:28 - mmengine - INFO - paramwise_options -- pts_neck.deblocks.0.1.weight:weight_decay=0.01
05/22 19:57:28 - mmengine - INFO - paramwise_options -- pts_neck.deblocks.0.1.weight:lr_mult=1.0
05/22 19:57:28 - mmengine - INFO - paramwise_options -- pts_neck.deblocks.0.1.bias:lr=5e-05
05/22 19:57:28 - mmengine - INFO - paramwise_options -- pts_neck.deblocks.0.1.bias:weight_decay=0.01
05/22 19:57:28 - mmengine - INFO - paramwise_options -- pts_neck.deblocks.0.1.bias:lr_mult=1.0
05/22 19:57:28 - mmengine - INFO - paramwise_options -- pts_neck.deblocks.1.0.weight:lr=5e-05
05/22 19:57:28 - mmengine - INFO - paramwise_options -- pts_neck.deblocks.1.0.weight:weight_decay=0.01
05/22 19:57:28 - mmengine - INFO - paramwise_options -- pts_neck.deblocks.1.0.weight:lr_mult=1.0
05/22 19:57:28 - mmengine - INFO - paramwise_options -- pts_neck.deblocks.1.1.weight:lr=5e-05
05/22 19:57:28 - mmengine - INFO - paramwise_options -- pts_neck.deblocks.1.1.weight:weight_decay=0.01
05/22 19:57:28 - mmengine - INFO - paramwise_options -- pts_neck.deblocks.1.1.weight:lr_mult=1.0
05/22 19:57:28 - mmengine - INFO - paramwise_options -- pts_neck.deblocks.1.1.bias:lr=5e-05
05/22 19:57:28 - mmengine - INFO - paramwise_options -- pts_neck.deblocks.1.1.bias:weight_decay=0.01
05/22 19:57:28 - mmengine - INFO - paramwise_options -- pts_neck.deblocks.1.1.bias:lr_mult=1.0
05/22 19:57:28 - mmengine - INFO - paramwise_options -- bbox_head.shared_conv.weight:lr=5e-05
05/22 19:57:28 - mmengine - INFO - paramwise_options -- bbox_head.shared_conv.weight:weight_decay=0.01
05/22 19:57:28 - mmengine - INFO - paramwise_options -- bbox_head.shared_conv.weight:lr_mult=1.0
05/22 19:57:28 - mmengine - INFO - paramwise_options -- bbox_head.shared_conv.bias:lr=5e-05
05/22 19:57:28 - mmengine - INFO - paramwise_options -- bbox_head.shared_conv.bias:weight_decay=0.01
05/22 19:57:28 - mmengine - INFO - paramwise_options -- bbox_head.shared_conv.bias:lr_mult=1.0
05/22 19:57:28 - mmengine - INFO - paramwise_options -- bbox_head.heatmap_head.0.conv.weight:lr=5e-05
05/22 19:57:28 - mmengine - INFO - paramwise_options -- bbox_head.heatmap_head.0.conv.weight:weight_decay=0.01
05/22 19:57:28 - mmengine - INFO - paramwise_options -- bbox_head.heatmap_head.0.conv.weight:lr_mult=1.0
05/22 19:57:28 - mmengine - INFO - paramwise_options -- bbox_head.heatmap_head.0.bn.weight:lr=5e-05
05/22 19:57:28 - mmengine - INFO - paramwise_options -- bbox_head.heatmap_head.0.bn.weight:weight_decay=0.01
05/22 19:57:28 - mmengine - INFO - paramwise_options -- bbox_head.heatmap_head.0.bn.weight:lr_mult=1.0
05/22 19:57:28 - mmengine - INFO - paramwise_options -- bbox_head.heatmap_head.0.bn.bias:lr=5e-05
05/22 19:57:28 - mmengine - INFO - paramwise_options -- bbox_head.heatmap_head.0.bn.bias:weight_decay=0.01
05/22 19:57:28 - mmengine - INFO - paramwise_options -- bbox_head.heatmap_head.0.bn.bias:lr_mult=1.0
05/22 19:57:28 - mmengine - INFO - paramwise_options -- bbox_head.heatmap_head.1.weight:lr=5e-05
05/22 19:57:28 - mmengine - INFO - paramwise_options -- bbox_head.heatmap_head.1.weight:weight_decay=0.01
05/22 19:57:28 - mmengine - INFO - paramwise_options -- bbox_head.heatmap_head.1.weight:lr_mult=1.0
05/22 19:57:28 - mmengine - INFO - paramwise_options -- bbox_head.heatmap_head.1.bias:lr=5e-05
05/22 19:57:28 - mmengine - INFO - paramwise_options -- bbox_head.heatmap_head.1.bias:weight_decay=0.01
05/22 19:57:28 - mmengine - INFO - paramwise_options -- bbox_head.heatmap_head.1.bias:lr_mult=1.0
05/22 19:57:28 - mmengine - INFO - paramwise_options -- bbox_head.class_encoding.weight:lr=5e-05
05/22 19:57:28 - mmengine - INFO - paramwise_options -- bbox_head.class_encoding.weight:weight_decay=0.01
05/22 19:57:29 - mmengine - INFO - paramwise_options -- bbox_head.class_encoding.weight:lr_mult=1.0
05/22 19:57:29 - mmengine - INFO - paramwise_options -- bbox_head.class_encoding.bias:lr=5e-05
05/22 19:57:29 - mmengine - INFO - paramwise_options -- bbox_head.class_encoding.bias:weight_decay=0.01
05/22 19:57:29 - mmengine - INFO - paramwise_options -- bbox_head.class_encoding.bias:lr_mult=1.0
05/22 19:57:29 - mmengine - INFO - paramwise_options -- bbox_head.decoder.0.self_attn.attn.in_proj_weight:lr=5e-05
05/22 19:57:29 - mmengine - INFO - paramwise_options -- bbox_head.decoder.0.self_attn.attn.in_proj_weight:weight_decay=0.01
05/22 19:57:29 - mmengine - INFO - paramwise_options -- bbox_head.decoder.0.self_attn.attn.in_proj_weight:lr_mult=1.0
05/22 19:57:29 - mmengine - INFO - paramwise_options -- bbox_head.decoder.0.self_attn.attn.in_proj_bias:lr=5e-05
05/22 19:57:29 - mmengine - INFO - paramwise_options -- bbox_head.decoder.0.self_attn.attn.in_proj_bias:weight_decay=0.01
05/22 19:57:29 - mmengine - INFO - paramwise_options -- bbox_head.decoder.0.self_attn.attn.in_proj_bias:lr_mult=1.0
05/22 19:57:29 - mmengine - INFO - paramwise_options -- bbox_head.decoder.0.self_attn.attn.out_proj.weight:lr=5e-05
05/22 19:57:29 - mmengine - INFO - paramwise_options -- bbox_head.decoder.0.self_attn.attn.out_proj.weight:weight_decay=0.01
05/22 19:57:29 - mmengine - INFO - paramwise_options -- bbox_head.decoder.0.self_attn.attn.out_proj.weight:lr_mult=1.0
05/22 19:57:29 - mmengine - INFO - paramwise_options -- bbox_head.decoder.0.self_attn.attn.out_proj.bias:lr=5e-05
05/22 19:57:29 - mmengine - INFO - paramwise_options -- bbox_head.decoder.0.self_attn.attn.out_proj.bias:weight_decay=0.01
05/22 19:57:29 - mmengine - INFO - paramwise_options -- bbox_head.decoder.0.self_attn.attn.out_proj.bias:lr_mult=1.0
05/22 19:57:29 - mmengine - INFO - paramwise_options -- bbox_head.decoder.0.cross_attn.attn.in_proj_weight:lr=5e-05
05/22 19:57:29 - mmengine - INFO - paramwise_options -- bbox_head.decoder.0.cross_attn.attn.in_proj_weight:weight_decay=0.01
05/22 19:57:29 - mmengine - INFO - paramwise_options -- bbox_head.decoder.0.cross_attn.attn.in_proj_weight:lr_mult=1.0
05/22 19:57:29 - mmengine - INFO - paramwise_options -- bbox_head.decoder.0.cross_attn.attn.in_proj_bias:lr=5e-05
05/22 19:57:29 - mmengine - INFO - paramwise_options -- bbox_head.decoder.0.cross_attn.attn.in_proj_bias:weight_decay=0.01
05/22 19:57:29 - mmengine - INFO - paramwise_options -- bbox_head.decoder.0.cross_attn.attn.in_proj_bias:lr_mult=1.0
05/22 19:57:29 - mmengine - INFO - paramwise_options -- bbox_head.decoder.0.cross_attn.attn.out_proj.weight:lr=5e-05
05/22 19:57:29 - mmengine - INFO - paramwise_options -- bbox_head.decoder.0.cross_attn.attn.out_proj.weight:weight_decay=0.01
05/22 19:57:29 - mmengine - INFO - paramwise_options -- bbox_head.decoder.0.cross_attn.attn.out_proj.weight:lr_mult=1.0
05/22 19:57:29 - mmengine - INFO - paramwise_options -- bbox_head.decoder.0.cross_attn.attn.out_proj.bias:lr=5e-05
05/22 19:57:29 - mmengine - INFO - paramwise_options -- bbox_head.decoder.0.cross_attn.attn.out_proj.bias:weight_decay=0.01
05/22 19:57:29 - mmengine - INFO - paramwise_options -- bbox_head.decoder.0.cross_attn.attn.out_proj.bias:lr_mult=1.0
05/22 19:57:29 - mmengine - INFO - paramwise_options -- bbox_head.decoder.0.ffn.layers.0.0.weight:lr=5e-05
05/22 19:57:29 - mmengine - INFO - paramwise_options -- bbox_head.decoder.0.ffn.layers.0.0.weight:weight_decay=0.01
05/22 19:57:29 - mmengine - INFO - paramwise_options -- bbox_head.decoder.0.ffn.layers.0.0.weight:lr_mult=1.0
05/22 19:57:29 - mmengine - INFO - paramwise_options -- bbox_head.decoder.0.ffn.layers.0.0.bias:lr=5e-05
05/22 19:57:29 - mmengine - INFO - paramwise_options -- bbox_head.decoder.0.ffn.layers.0.0.bias:weight_decay=0.01
05/22 19:57:29 - mmengine - INFO - paramwise_options -- bbox_head.decoder.0.ffn.layers.0.0.bias:lr_mult=1.0
05/22 19:57:29 - mmengine - INFO - paramwise_options -- bbox_head.decoder.0.ffn.layers.1.weight:lr=5e-05
05/22 19:57:29 - mmengine - INFO - paramwise_options -- bbox_head.decoder.0.ffn.layers.1.weight:weight_decay=0.01
05/22 19:57:29 - mmengine - INFO - paramwise_options -- bbox_head.decoder.0.ffn.layers.1.weight:lr_mult=1.0
05/22 19:57:29 - mmengine - INFO - paramwise_options -- bbox_head.decoder.0.ffn.layers.1.bias:lr=5e-05
05/22 19:57:29 - mmengine - INFO - paramwise_options -- bbox_head.decoder.0.ffn.layers.1.bias:weight_decay=0.01
05/22 19:57:29 - mmengine - INFO - paramwise_options -- bbox_head.decoder.0.ffn.layers.1.bias:lr_mult=1.0
05/22 19:57:29 - mmengine - INFO - paramwise_options -- bbox_head.decoder.0.norms.0.weight:lr=5e-05
05/22 19:57:29 - mmengine - INFO - paramwise_options -- bbox_head.decoder.0.norms.0.weight:weight_decay=0.01
05/22 19:57:29 - mmengine - INFO - paramwise_options -- bbox_head.decoder.0.norms.0.weight:lr_mult=1.0
05/22 19:57:29 - mmengine - INFO - paramwise_options -- bbox_head.decoder.0.norms.0.bias:lr=5e-05
05/22 19:57:29 - mmengine - INFO - paramwise_options -- bbox_head.decoder.0.norms.0.bias:weight_decay=0.01
05/22 19:57:29 - mmengine - INFO - paramwise_options -- bbox_head.decoder.0.norms.0.bias:lr_mult=1.0
05/22 19:57:29 - mmengine - INFO - paramwise_options -- bbox_head.decoder.0.norms.1.weight:lr=5e-05
05/22 19:57:29 - mmengine - INFO - paramwise_options -- bbox_head.decoder.0.norms.1.weight:weight_decay=0.01
05/22 19:57:29 - mmengine - INFO - paramwise_options -- bbox_head.decoder.0.norms.1.weight:lr_mult=1.0
05/22 19:57:29 - mmengine - INFO - paramwise_options -- bbox_head.decoder.0.norms.1.bias:lr=5e-05
05/22 19:57:29 - mmengine - INFO - paramwise_options -- bbox_head.decoder.0.norms.1.bias:weight_decay=0.01
05/22 19:57:29 - mmengine - INFO - paramwise_options -- bbox_head.decoder.0.norms.1.bias:lr_mult=1.0
05/22 19:57:29 - mmengine - INFO - paramwise_options -- bbox_head.decoder.0.norms.2.weight:lr=5e-05
05/22 19:57:29 - mmengine - INFO - paramwise_options -- bbox_head.decoder.0.norms.2.weight:weight_decay=0.01
05/22 19:57:29 - mmengine - INFO - paramwise_options -- bbox_head.decoder.0.norms.2.weight:lr_mult=1.0
05/22 19:57:29 - mmengine - INFO - paramwise_options -- bbox_head.decoder.0.norms.2.bias:lr=5e-05
05/22 19:57:29 - mmengine - INFO - paramwise_options -- bbox_head.decoder.0.norms.2.bias:weight_decay=0.01
05/22 19:57:29 - mmengine - INFO - paramwise_options -- bbox_head.decoder.0.norms.2.bias:lr_mult=1.0
05/22 19:57:29 - mmengine - INFO - paramwise_options -- bbox_head.decoder.0.self_posembed.position_embedding_head.0.weight:lr=5e-05
05/22 19:57:29 - mmengine - INFO - paramwise_options -- bbox_head.decoder.0.self_posembed.position_embedding_head.0.weight:weight_decay=0.01
05/22 19:57:29 - mmengine - INFO - paramwise_options -- bbox_head.decoder.0.self_posembed.position_embedding_head.0.weight:lr_mult=1.0
05/22 19:57:29 - mmengine - INFO - paramwise_options -- bbox_head.decoder.0.self_posembed.position_embedding_head.0.bias:lr=5e-05
05/22 19:57:29 - mmengine - INFO - paramwise_options -- bbox_head.decoder.0.self_posembed.position_embedding_head.0.bias:weight_decay=0.01
05/22 19:57:29 - mmengine - INFO - paramwise_options -- bbox_head.decoder.0.self_posembed.position_embedding_head.0.bias:lr_mult=1.0
05/22 19:57:29 - mmengine - INFO - paramwise_options -- bbox_head.decoder.0.self_posembed.position_embedding_head.1.weight:lr=5e-05
05/22 19:57:29 - mmengine - INFO - paramwise_options -- bbox_head.decoder.0.self_posembed.position_embedding_head.1.weight:weight_decay=0.01
05/22 19:57:29 - mmengine - INFO - paramwise_options -- bbox_head.decoder.0.self_posembed.position_embedding_head.1.weight:lr_mult=1.0
05/22 19:57:29 - mmengine - INFO - paramwise_options -- bbox_head.decoder.0.self_posembed.position_embedding_head.1.bias:lr=5e-05
05/22 19:57:29 - mmengine - INFO - paramwise_options -- bbox_head.decoder.0.self_posembed.position_embedding_head.1.bias:weight_decay=0.01
05/22 19:57:29 - mmengine - INFO - paramwise_options -- bbox_head.decoder.0.self_posembed.position_embedding_head.1.bias:lr_mult=1.0
05/22 19:57:29 - mmengine - INFO - paramwise_options -- bbox_head.decoder.0.self_posembed.position_embedding_head.3.weight:lr=5e-05
05/22 19:57:29 - mmengine - INFO - paramwise_options -- bbox_head.decoder.0.self_posembed.position_embedding_head.3.weight:weight_decay=0.01
05/22 19:57:29 - mmengine - INFO - paramwise_options -- bbox_head.decoder.0.self_posembed.position_embedding_head.3.weight:lr_mult=1.0
05/22 19:57:29 - mmengine - INFO - paramwise_options -- bbox_head.decoder.0.self_posembed.position_embedding_head.3.bias:lr=5e-05
05/22 19:57:29 - mmengine - INFO - paramwise_options -- bbox_head.decoder.0.self_posembed.position_embedding_head.3.bias:weight_decay=0.01
05/22 19:57:29 - mmengine - INFO - paramwise_options -- bbox_head.decoder.0.self_posembed.position_embedding_head.3.bias:lr_mult=1.0
05/22 19:57:29 - mmengine - INFO - paramwise_options -- bbox_head.decoder.0.cross_posembed.position_embedding_head.0.weight:lr=5e-05
05/22 19:57:29 - mmengine - INFO - paramwise_options -- bbox_head.decoder.0.cross_posembed.position_embedding_head.0.weight:weight_decay=0.01
05/22 19:57:29 - mmengine - INFO - paramwise_options -- bbox_head.decoder.0.cross_posembed.position_embedding_head.0.weight:lr_mult=1.0
05/22 19:57:29 - mmengine - INFO - paramwise_options -- bbox_head.decoder.0.cross_posembed.position_embedding_head.0.bias:lr=5e-05
05/22 19:57:29 - mmengine - INFO - paramwise_options -- bbox_head.decoder.0.cross_posembed.position_embedding_head.0.bias:weight_decay=0.01
05/22 19:57:29 - mmengine - INFO - paramwise_options -- bbox_head.decoder.0.cross_posembed.position_embedding_head.0.bias:lr_mult=1.0
05/22 19:57:29 - mmengine - INFO - paramwise_options -- bbox_head.decoder.0.cross_posembed.position_embedding_head.1.weight:lr=5e-05
05/22 19:57:29 - mmengine - INFO - paramwise_options -- bbox_head.decoder.0.cross_posembed.position_embedding_head.1.weight:weight_decay=0.01
05/22 19:57:29 - mmengine - INFO - paramwise_options -- bbox_head.decoder.0.cross_posembed.position_embedding_head.1.weight:lr_mult=1.0
05/22 19:57:29 - mmengine - INFO - paramwise_options -- bbox_head.decoder.0.cross_posembed.position_embedding_head.1.bias:lr=5e-05
05/22 19:57:29 - mmengine - INFO - paramwise_options -- bbox_head.decoder.0.cross_posembed.position_embedding_head.1.bias:weight_decay=0.01
05/22 19:57:29 - mmengine - INFO - paramwise_options -- bbox_head.decoder.0.cross_posembed.position_embedding_head.1.bias:lr_mult=1.0
05/22 19:57:29 - mmengine - INFO - paramwise_options -- bbox_head.decoder.0.cross_posembed.position_embedding_head.3.weight:lr=5e-05
05/22 19:57:29 - mmengine - INFO - paramwise_options -- bbox_head.decoder.0.cross_posembed.position_embedding_head.3.weight:weight_decay=0.01
05/22 19:57:29 - mmengine - INFO - paramwise_options -- bbox_head.decoder.0.cross_posembed.position_embedding_head.3.weight:lr_mult=1.0
05/22 19:57:29 - mmengine - INFO - paramwise_options -- bbox_head.decoder.0.cross_posembed.position_embedding_head.3.bias:lr=5e-05
05/22 19:57:29 - mmengine - INFO - paramwise_options -- bbox_head.decoder.0.cross_posembed.position_embedding_head.3.bias:weight_decay=0.01
05/22 19:57:29 - mmengine - INFO - paramwise_options -- bbox_head.decoder.0.cross_posembed.position_embedding_head.3.bias:lr_mult=1.0
05/22 19:57:29 - mmengine - INFO - paramwise_options -- bbox_head.prediction_heads.0.center.0.conv.weight:lr=5e-05
05/22 19:57:29 - mmengine - INFO - paramwise_options -- bbox_head.prediction_heads.0.center.0.conv.weight:weight_decay=0.01
05/22 19:57:29 - mmengine - INFO - paramwise_options -- bbox_head.prediction_heads.0.center.0.conv.weight:lr_mult=1.0
05/22 19:57:29 - mmengine - INFO - paramwise_options -- bbox_head.prediction_heads.0.center.0.bn.weight:lr=5e-05
05/22 19:57:29 - mmengine - INFO - paramwise_options -- bbox_head.prediction_heads.0.center.0.bn.weight:weight_decay=0.01
05/22 19:57:29 - mmengine - INFO - paramwise_options -- bbox_head.prediction_heads.0.center.0.bn.weight:lr_mult=1.0
05/22 19:57:29 - mmengine - INFO - paramwise_options -- bbox_head.prediction_heads.0.center.0.bn.bias:lr=5e-05
05/22 19:57:29 - mmengine - INFO - paramwise_options -- bbox_head.prediction_heads.0.center.0.bn.bias:weight_decay=0.01
05/22 19:57:29 - mmengine - INFO - paramwise_options -- bbox_head.prediction_heads.0.center.0.bn.bias:lr_mult=1.0
05/22 19:57:29 - mmengine - INFO - paramwise_options -- bbox_head.prediction_heads.0.center.1.weight:lr=5e-05
05/22 19:57:29 - mmengine - INFO - paramwise_options -- bbox_head.prediction_heads.0.center.1.weight:weight_decay=0.01
05/22 19:57:29 - mmengine - INFO - paramwise_options -- bbox_head.prediction_heads.0.center.1.weight:lr_mult=1.0
05/22 19:57:29 - mmengine - INFO - paramwise_options -- bbox_head.prediction_heads.0.center.1.bias:lr=5e-05
05/22 19:57:29 - mmengine - INFO - paramwise_options -- bbox_head.prediction_heads.0.center.1.bias:weight_decay=0.01
05/22 19:57:29 - mmengine - INFO - paramwise_options -- bbox_head.prediction_heads.0.center.1.bias:lr_mult=1.0
05/22 19:57:29 - mmengine - INFO - paramwise_options -- bbox_head.prediction_heads.0.height.0.conv.weight:lr=5e-05
05/22 19:57:29 - mmengine - INFO - paramwise_options -- bbox_head.prediction_heads.0.height.0.conv.weight:weight_decay=0.01
05/22 19:57:29 - mmengine - INFO - paramwise_options -- bbox_head.prediction_heads.0.height.0.conv.weight:lr_mult=1.0
05/22 19:57:29 - mmengine - INFO - paramwise_options -- bbox_head.prediction_heads.0.height.0.bn.weight:lr=5e-05
05/22 19:57:29 - mmengine - INFO - paramwise_options -- bbox_head.prediction_heads.0.height.0.bn.weight:weight_decay=0.01
05/22 19:57:29 - mmengine - INFO - paramwise_options -- bbox_head.prediction_heads.0.height.0.bn.weight:lr_mult=1.0
05/22 19:57:29 - mmengine - INFO - paramwise_options -- bbox_head.prediction_heads.0.height.0.bn.bias:lr=5e-05
05/22 19:57:29 - mmengine - INFO - paramwise_options -- bbox_head.prediction_heads.0.height.0.bn.bias:weight_decay=0.01
05/22 19:57:29 - mmengine - INFO - paramwise_options -- bbox_head.prediction_heads.0.height.0.bn.bias:lr_mult=1.0
05/22 19:57:29 - mmengine - INFO - paramwise_options -- bbox_head.prediction_heads.0.height.1.weight:lr=5e-05
05/22 19:57:29 - mmengine - INFO - paramwise_options -- bbox_head.prediction_heads.0.height.1.weight:weight_decay=0.01
05/22 19:57:29 - mmengine - INFO - paramwise_options -- bbox_head.prediction_heads.0.height.1.weight:lr_mult=1.0
05/22 19:57:29 - mmengine - INFO - paramwise_options -- bbox_head.prediction_heads.0.height.1.bias:lr=5e-05
05/22 19:57:29 - mmengine - INFO - paramwise_options -- bbox_head.prediction_heads.0.height.1.bias:weight_decay=0.01
05/22 19:57:29 - mmengine - INFO - paramwise_options -- bbox_head.prediction_heads.0.height.1.bias:lr_mult=1.0
05/22 19:57:29 - mmengine - INFO - paramwise_options -- bbox_head.prediction_heads.0.dim.0.conv.weight:lr=5e-05
05/22 19:57:29 - mmengine - INFO - paramwise_options -- bbox_head.prediction_heads.0.dim.0.conv.weight:weight_decay=0.01
05/22 19:57:29 - mmengine - INFO - paramwise_options -- bbox_head.prediction_heads.0.dim.0.conv.weight:lr_mult=1.0
05/22 19:57:29 - mmengine - INFO - paramwise_options -- bbox_head.prediction_heads.0.dim.0.bn.weight:lr=5e-05
05/22 19:57:29 - mmengine - INFO - paramwise_options -- bbox_head.prediction_heads.0.dim.0.bn.weight:weight_decay=0.01
05/22 19:57:29 - mmengine - INFO - paramwise_options -- bbox_head.prediction_heads.0.dim.0.bn.weight:lr_mult=1.0
05/22 19:57:29 - mmengine - INFO - paramwise_options -- bbox_head.prediction_heads.0.dim.0.bn.bias:lr=5e-05
05/22 19:57:29 - mmengine - INFO - paramwise_options -- bbox_head.prediction_heads.0.dim.0.bn.bias:weight_decay=0.01
05/22 19:57:29 - mmengine - INFO - paramwise_options -- bbox_head.prediction_heads.0.dim.0.bn.bias:lr_mult=1.0
05/22 19:57:29 - mmengine - INFO - paramwise_options -- bbox_head.prediction_heads.0.dim.1.weight:lr=5e-05
05/22 19:57:29 - mmengine - INFO - paramwise_options -- bbox_head.prediction_heads.0.dim.1.weight:weight_decay=0.01
05/22 19:57:29 - mmengine - INFO - paramwise_options -- bbox_head.prediction_heads.0.dim.1.weight:lr_mult=1.0
05/22 19:57:29 - mmengine - INFO - paramwise_options -- bbox_head.prediction_heads.0.dim.1.bias:lr=5e-05
05/22 19:57:29 - mmengine - INFO - paramwise_options -- bbox_head.prediction_heads.0.dim.1.bias:weight_decay=0.01
05/22 19:57:29 - mmengine - INFO - paramwise_options -- bbox_head.prediction_heads.0.dim.1.bias:lr_mult=1.0
05/22 19:57:29 - mmengine - INFO - paramwise_options -- bbox_head.prediction_heads.0.rot.0.conv.weight:lr=5e-05
05/22 19:57:29 - mmengine - INFO - paramwise_options -- bbox_head.prediction_heads.0.rot.0.conv.weight:weight_decay=0.01
05/22 19:57:29 - mmengine - INFO - paramwise_options -- bbox_head.prediction_heads.0.rot.0.conv.weight:lr_mult=1.0
05/22 19:57:29 - mmengine - INFO - paramwise_options -- bbox_head.prediction_heads.0.rot.0.bn.weight:lr=5e-05
05/22 19:57:29 - mmengine - INFO - paramwise_options -- bbox_head.prediction_heads.0.rot.0.bn.weight:weight_decay=0.01
05/22 19:57:29 - mmengine - INFO - paramwise_options -- bbox_head.prediction_heads.0.rot.0.bn.weight:lr_mult=1.0
05/22 19:57:29 - mmengine - INFO - paramwise_options -- bbox_head.prediction_heads.0.rot.0.bn.bias:lr=5e-05
05/22 19:57:29 - mmengine - INFO - paramwise_options -- bbox_head.prediction_heads.0.rot.0.bn.bias:weight_decay=0.01
05/22 19:57:29 - mmengine - INFO - paramwise_options -- bbox_head.prediction_heads.0.rot.0.bn.bias:lr_mult=1.0
05/22 19:57:29 - mmengine - INFO - paramwise_options -- bbox_head.prediction_heads.0.rot.1.weight:lr=5e-05
05/22 19:57:29 - mmengine - INFO - paramwise_options -- bbox_head.prediction_heads.0.rot.1.weight:weight_decay=0.01
05/22 19:57:29 - mmengine - INFO - paramwise_options -- bbox_head.prediction_heads.0.rot.1.weight:lr_mult=1.0
05/22 19:57:29 - mmengine - INFO - paramwise_options -- bbox_head.prediction_heads.0.rot.1.bias:lr=5e-05
05/22 19:57:29 - mmengine - INFO - paramwise_options -- bbox_head.prediction_heads.0.rot.1.bias:weight_decay=0.01
05/22 19:57:29 - mmengine - INFO - paramwise_options -- bbox_head.prediction_heads.0.rot.1.bias:lr_mult=1.0
05/22 19:57:29 - mmengine - INFO - paramwise_options -- bbox_head.prediction_heads.0.heatmap.0.conv.weight:lr=5e-05
05/22 19:57:29 - mmengine - INFO - paramwise_options -- bbox_head.prediction_heads.0.heatmap.0.conv.weight:weight_decay=0.01
05/22 19:57:29 - mmengine - INFO - paramwise_options -- bbox_head.prediction_heads.0.heatmap.0.conv.weight:lr_mult=1.0
05/22 19:57:29 - mmengine - INFO - paramwise_options -- bbox_head.prediction_heads.0.heatmap.0.bn.weight:lr=5e-05
05/22 19:57:29 - mmengine - INFO - paramwise_options -- bbox_head.prediction_heads.0.heatmap.0.bn.weight:weight_decay=0.01
05/22 19:57:29 - mmengine - INFO - paramwise_options -- bbox_head.prediction_heads.0.heatmap.0.bn.weight:lr_mult=1.0
05/22 19:57:29 - mmengine - INFO - paramwise_options -- bbox_head.prediction_heads.0.heatmap.0.bn.bias:lr=5e-05
05/22 19:57:29 - mmengine - INFO - paramwise_options -- bbox_head.prediction_heads.0.heatmap.0.bn.bias:weight_decay=0.01
05/22 19:57:29 - mmengine - INFO - paramwise_options -- bbox_head.prediction_heads.0.heatmap.0.bn.bias:lr_mult=1.0
05/22 19:57:29 - mmengine - INFO - paramwise_options -- bbox_head.prediction_heads.0.heatmap.1.weight:lr=5e-05
05/22 19:57:29 - mmengine - INFO - paramwise_options -- bbox_head.prediction_heads.0.heatmap.1.weight:weight_decay=0.01
05/22 19:57:29 - mmengine - INFO - paramwise_options -- bbox_head.prediction_heads.0.heatmap.1.weight:lr_mult=1.0
05/22 19:57:29 - mmengine - INFO - paramwise_options -- bbox_head.prediction_heads.0.heatmap.1.bias:lr=5e-05
05/22 19:57:29 - mmengine - INFO - paramwise_options -- bbox_head.prediction_heads.0.heatmap.1.bias:weight_decay=0.01
05/22 19:57:29 - mmengine - INFO - paramwise_options -- bbox_head.prediction_heads.0.heatmap.1.bias:lr_mult=1.0
05/22 19:57:29 - mmengine - INFO - paramwise_options -- modality_specific_moe.cam_summary.stem.0.weight:lr=5e-05
05/22 19:57:29 - mmengine - INFO - paramwise_options -- modality_specific_moe.cam_summary.stem.0.weight:weight_decay=0.0005
05/22 19:57:29 - mmengine - INFO - paramwise_options -- modality_specific_moe.cam_summary.stem.0.weight:decay_mult=0.05
05/22 19:57:29 - mmengine - INFO - paramwise_options -- modality_specific_moe.cam_summary.stem.0.weight:lr_mult=1.0
05/22 19:57:29 - mmengine - INFO - paramwise_options -- modality_specific_moe.cam_summary.stem.1.weight:lr=5e-05
05/22 19:57:29 - mmengine - INFO - paramwise_options -- modality_specific_moe.cam_summary.stem.1.weight:weight_decay=0.0005
05/22 19:57:29 - mmengine - INFO - paramwise_options -- modality_specific_moe.cam_summary.stem.1.weight:decay_mult=0.05
05/22 19:57:29 - mmengine - INFO - paramwise_options -- modality_specific_moe.cam_summary.stem.1.weight:lr_mult=1.0
05/22 19:57:29 - mmengine - INFO - paramwise_options -- modality_specific_moe.cam_summary.stem.1.bias:lr=5e-05
05/22 19:57:29 - mmengine - INFO - paramwise_options -- modality_specific_moe.cam_summary.stem.1.bias:weight_decay=0.0005
05/22 19:57:29 - mmengine - INFO - paramwise_options -- modality_specific_moe.cam_summary.stem.1.bias:decay_mult=0.05
05/22 19:57:29 - mmengine - INFO - paramwise_options -- modality_specific_moe.cam_summary.stem.1.bias:lr_mult=1.0
05/22 19:57:29 - mmengine - INFO - paramwise_options -- modality_specific_moe.cam_summary.res_blocks.0.conv1.weight:lr=5e-05
05/22 19:57:29 - mmengine - INFO - paramwise_options -- modality_specific_moe.cam_summary.res_blocks.0.conv1.weight:weight_decay=0.0005
05/22 19:57:29 - mmengine - INFO - paramwise_options -- modality_specific_moe.cam_summary.res_blocks.0.conv1.weight:decay_mult=0.05
05/22 19:57:29 - mmengine - INFO - paramwise_options -- modality_specific_moe.cam_summary.res_blocks.0.conv1.weight:lr_mult=1.0
05/22 19:57:29 - mmengine - INFO - paramwise_options -- modality_specific_moe.cam_summary.res_blocks.0.gn1.weight:lr=5e-05
05/22 19:57:29 - mmengine - INFO - paramwise_options -- modality_specific_moe.cam_summary.res_blocks.0.gn1.weight:weight_decay=0.0005
05/22 19:57:29 - mmengine - INFO - paramwise_options -- modality_specific_moe.cam_summary.res_blocks.0.gn1.weight:decay_mult=0.05
05/22 19:57:29 - mmengine - INFO - paramwise_options -- modality_specific_moe.cam_summary.res_blocks.0.gn1.weight:lr_mult=1.0
05/22 19:57:29 - mmengine - INFO - paramwise_options -- modality_specific_moe.cam_summary.res_blocks.0.gn1.bias:lr=5e-05
05/22 19:57:29 - mmengine - INFO - paramwise_options -- modality_specific_moe.cam_summary.res_blocks.0.gn1.bias:weight_decay=0.0005
05/22 19:57:29 - mmengine - INFO - paramwise_options -- modality_specific_moe.cam_summary.res_blocks.0.gn1.bias:decay_mult=0.05
05/22 19:57:29 - mmengine - INFO - paramwise_options -- modality_specific_moe.cam_summary.res_blocks.0.gn1.bias:lr_mult=1.0
05/22 19:57:29 - mmengine - INFO - paramwise_options -- modality_specific_moe.cam_summary.res_blocks.0.conv2.weight:lr=5e-05
05/22 19:57:29 - mmengine - INFO - paramwise_options -- modality_specific_moe.cam_summary.res_blocks.0.conv2.weight:weight_decay=0.0005
05/22 19:57:29 - mmengine - INFO - paramwise_options -- modality_specific_moe.cam_summary.res_blocks.0.conv2.weight:decay_mult=0.05
05/22 19:57:29 - mmengine - INFO - paramwise_options -- modality_specific_moe.cam_summary.res_blocks.0.conv2.weight:lr_mult=1.0
05/22 19:57:29 - mmengine - INFO - paramwise_options -- modality_specific_moe.cam_summary.res_blocks.0.gn2.weight:lr=5e-05
05/22 19:57:29 - mmengine - INFO - paramwise_options -- modality_specific_moe.cam_summary.res_blocks.0.gn2.weight:weight_decay=0.0005
05/22 19:57:29 - mmengine - INFO - paramwise_options -- modality_specific_moe.cam_summary.res_blocks.0.gn2.weight:decay_mult=0.05
05/22 19:57:29 - mmengine - INFO - paramwise_options -- modality_specific_moe.cam_summary.res_blocks.0.gn2.weight:lr_mult=1.0
05/22 19:57:29 - mmengine - INFO - paramwise_options -- modality_specific_moe.cam_summary.res_blocks.0.gn2.bias:lr=5e-05
05/22 19:57:29 - mmengine - INFO - paramwise_options -- modality_specific_moe.cam_summary.res_blocks.0.gn2.bias:weight_decay=0.0005
05/22 19:57:29 - mmengine - INFO - paramwise_options -- modality_specific_moe.cam_summary.res_blocks.0.gn2.bias:decay_mult=0.05
05/22 19:57:29 - mmengine - INFO - paramwise_options -- modality_specific_moe.cam_summary.res_blocks.0.gn2.bias:lr_mult=1.0
05/22 19:57:29 - mmengine - INFO - paramwise_options -- modality_specific_moe.cam_summary.res_blocks.1.conv1.weight:lr=5e-05
05/22 19:57:29 - mmengine - INFO - paramwise_options -- modality_specific_moe.cam_summary.res_blocks.1.conv1.weight:weight_decay=0.0005
05/22 19:57:29 - mmengine - INFO - paramwise_options -- modality_specific_moe.cam_summary.res_blocks.1.conv1.weight:decay_mult=0.05
05/22 19:57:29 - mmengine - INFO - paramwise_options -- modality_specific_moe.cam_summary.res_blocks.1.conv1.weight:lr_mult=1.0
05/22 19:57:29 - mmengine - INFO - paramwise_options -- modality_specific_moe.cam_summary.res_blocks.1.gn1.weight:lr=5e-05
05/22 19:57:29 - mmengine - INFO - paramwise_options -- modality_specific_moe.cam_summary.res_blocks.1.gn1.weight:weight_decay=0.0005
05/22 19:57:29 - mmengine - INFO - paramwise_options -- modality_specific_moe.cam_summary.res_blocks.1.gn1.weight:decay_mult=0.05
05/22 19:57:29 - mmengine - INFO - paramwise_options -- modality_specific_moe.cam_summary.res_blocks.1.gn1.weight:lr_mult=1.0
05/22 19:57:29 - mmengine - INFO - paramwise_options -- modality_specific_moe.cam_summary.res_blocks.1.gn1.bias:lr=5e-05
05/22 19:57:29 - mmengine - INFO - paramwise_options -- modality_specific_moe.cam_summary.res_blocks.1.gn1.bias:weight_decay=0.0005
05/22 19:57:29 - mmengine - INFO - paramwise_options -- modality_specific_moe.cam_summary.res_blocks.1.gn1.bias:decay_mult=0.05
05/22 19:57:29 - mmengine - INFO - paramwise_options -- modality_specific_moe.cam_summary.res_blocks.1.gn1.bias:lr_mult=1.0
05/22 19:57:29 - mmengine - INFO - paramwise_options -- modality_specific_moe.cam_summary.res_blocks.1.conv2.weight:lr=5e-05
05/22 19:57:29 - mmengine - INFO - paramwise_options -- modality_specific_moe.cam_summary.res_blocks.1.conv2.weight:weight_decay=0.0005
05/22 19:57:29 - mmengine - INFO - paramwise_options -- modality_specific_moe.cam_summary.res_blocks.1.conv2.weight:decay_mult=0.05
05/22 19:57:29 - mmengine - INFO - paramwise_options -- modality_specific_moe.cam_summary.res_blocks.1.conv2.weight:lr_mult=1.0
05/22 19:57:29 - mmengine - INFO - paramwise_options -- modality_specific_moe.cam_summary.res_blocks.1.gn2.weight:lr=5e-05
05/22 19:57:29 - mmengine - INFO - paramwise_options -- modality_specific_moe.cam_summary.res_blocks.1.gn2.weight:weight_decay=0.0005
05/22 19:57:29 - mmengine - INFO - paramwise_options -- modality_specific_moe.cam_summary.res_blocks.1.gn2.weight:decay_mult=0.05
05/22 19:57:29 - mmengine - INFO - paramwise_options -- modality_specific_moe.cam_summary.res_blocks.1.gn2.weight:lr_mult=1.0
05/22 19:57:29 - mmengine - INFO - paramwise_options -- modality_specific_moe.cam_summary.res_blocks.1.gn2.bias:lr=5e-05
05/22 19:57:29 - mmengine - INFO - paramwise_options -- modality_specific_moe.cam_summary.res_blocks.1.gn2.bias:weight_decay=0.0005
05/22 19:57:29 - mmengine - INFO - paramwise_options -- modality_specific_moe.cam_summary.res_blocks.1.gn2.bias:decay_mult=0.05
05/22 19:57:29 - mmengine - INFO - paramwise_options -- modality_specific_moe.cam_summary.res_blocks.1.gn2.bias:lr_mult=1.0
05/22 19:57:29 - mmengine - INFO - paramwise_options -- modality_specific_moe.cam_summary.res_blocks.2.conv1.weight:lr=5e-05
05/22 19:57:29 - mmengine - INFO - paramwise_options -- modality_specific_moe.cam_summary.res_blocks.2.conv1.weight:weight_decay=0.0005
05/22 19:57:29 - mmengine - INFO - paramwise_options -- modality_specific_moe.cam_summary.res_blocks.2.conv1.weight:decay_mult=0.05
05/22 19:57:29 - mmengine - INFO - paramwise_options -- modality_specific_moe.cam_summary.res_blocks.2.conv1.weight:lr_mult=1.0
05/22 19:57:29 - mmengine - INFO - paramwise_options -- modality_specific_moe.cam_summary.res_blocks.2.gn1.weight:lr=5e-05
05/22 19:57:29 - mmengine - INFO - paramwise_options -- modality_specific_moe.cam_summary.res_blocks.2.gn1.weight:weight_decay=0.0005
05/22 19:57:29 - mmengine - INFO - paramwise_options -- modality_specific_moe.cam_summary.res_blocks.2.gn1.weight:decay_mult=0.05
05/22 19:57:29 - mmengine - INFO - paramwise_options -- modality_specific_moe.cam_summary.res_blocks.2.gn1.weight:lr_mult=1.0
05/22 19:57:29 - mmengine - INFO - paramwise_options -- modality_specific_moe.cam_summary.res_blocks.2.gn1.bias:lr=5e-05
05/22 19:57:29 - mmengine - INFO - paramwise_options -- modality_specific_moe.cam_summary.res_blocks.2.gn1.bias:weight_decay=0.0005
05/22 19:57:29 - mmengine - INFO - paramwise_options -- modality_specific_moe.cam_summary.res_blocks.2.gn1.bias:decay_mult=0.05
05/22 19:57:29 - mmengine - INFO - paramwise_options -- modality_specific_moe.cam_summary.res_blocks.2.gn1.bias:lr_mult=1.0
05/22 19:57:29 - mmengine - INFO - paramwise_options -- modality_specific_moe.cam_summary.res_blocks.2.conv2.weight:lr=5e-05
05/22 19:57:29 - mmengine - INFO - paramwise_options -- modality_specific_moe.cam_summary.res_blocks.2.conv2.weight:weight_decay=0.0005
05/22 19:57:29 - mmengine - INFO - paramwise_options -- modality_specific_moe.cam_summary.res_blocks.2.conv2.weight:decay_mult=0.05
05/22 19:57:29 - mmengine - INFO - paramwise_options -- modality_specific_moe.cam_summary.res_blocks.2.conv2.weight:lr_mult=1.0
05/22 19:57:29 - mmengine - INFO - paramwise_options -- modality_specific_moe.cam_summary.res_blocks.2.gn2.weight:lr=5e-05
05/22 19:57:29 - mmengine - INFO - paramwise_options -- modality_specific_moe.cam_summary.res_blocks.2.gn2.weight:weight_decay=0.0005
05/22 19:57:29 - mmengine - INFO - paramwise_options -- modality_specific_moe.cam_summary.res_blocks.2.gn2.weight:decay_mult=0.05
05/22 19:57:29 - mmengine - INFO - paramwise_options -- modality_specific_moe.cam_summary.res_blocks.2.gn2.weight:lr_mult=1.0
05/22 19:57:29 - mmengine - INFO - paramwise_options -- modality_specific_moe.cam_summary.res_blocks.2.gn2.bias:lr=5e-05
05/22 19:57:29 - mmengine - INFO - paramwise_options -- modality_specific_moe.cam_summary.res_blocks.2.gn2.bias:weight_decay=0.0005
05/22 19:57:29 - mmengine - INFO - paramwise_options -- modality_specific_moe.cam_summary.res_blocks.2.gn2.bias:decay_mult=0.05
05/22 19:57:29 - mmengine - INFO - paramwise_options -- modality_specific_moe.cam_summary.res_blocks.2.gn2.bias:lr_mult=1.0
05/22 19:57:29 - mmengine - INFO - paramwise_options -- modality_specific_moe.cam_summary.res_blocks.2.shortcut.0.weight:lr=5e-05
05/22 19:57:29 - mmengine - INFO - paramwise_options -- modality_specific_moe.cam_summary.res_blocks.2.shortcut.0.weight:weight_decay=0.0005
05/22 19:57:29 - mmengine - INFO - paramwise_options -- modality_specific_moe.cam_summary.res_blocks.2.shortcut.0.weight:decay_mult=0.05
05/22 19:57:29 - mmengine - INFO - paramwise_options -- modality_specific_moe.cam_summary.res_blocks.2.shortcut.0.weight:lr_mult=1.0
05/22 19:57:29 - mmengine - INFO - paramwise_options -- modality_specific_moe.cam_summary.res_blocks.2.shortcut.1.weight:lr=5e-05
05/22 19:57:29 - mmengine - INFO - paramwise_options -- modality_specific_moe.cam_summary.res_blocks.2.shortcut.1.weight:weight_decay=0.0005
05/22 19:57:29 - mmengine - INFO - paramwise_options -- modality_specific_moe.cam_summary.res_blocks.2.shortcut.1.weight:decay_mult=0.05
05/22 19:57:29 - mmengine - INFO - paramwise_options -- modality_specific_moe.cam_summary.res_blocks.2.shortcut.1.weight:lr_mult=1.0
05/22 19:57:29 - mmengine - INFO - paramwise_options -- modality_specific_moe.cam_summary.res_blocks.2.shortcut.1.bias:lr=5e-05
05/22 19:57:29 - mmengine - INFO - paramwise_options -- modality_specific_moe.cam_summary.res_blocks.2.shortcut.1.bias:weight_decay=0.0005
05/22 19:57:29 - mmengine - INFO - paramwise_options -- modality_specific_moe.cam_summary.res_blocks.2.shortcut.1.bias:decay_mult=0.05
05/22 19:57:29 - mmengine - INFO - paramwise_options -- modality_specific_moe.cam_summary.res_blocks.2.shortcut.1.bias:lr_mult=1.0
05/22 19:57:29 - mmengine - INFO - paramwise_options -- modality_specific_moe.cam_summary.proj.1.weight:lr=5e-05
05/22 19:57:29 - mmengine - INFO - paramwise_options -- modality_specific_moe.cam_summary.proj.1.weight:weight_decay=0.0005
05/22 19:57:29 - mmengine - INFO - paramwise_options -- modality_specific_moe.cam_summary.proj.1.weight:decay_mult=0.05
05/22 19:57:29 - mmengine - INFO - paramwise_options -- modality_specific_moe.cam_summary.proj.1.weight:lr_mult=1.0
05/22 19:57:29 - mmengine - INFO - paramwise_options -- modality_specific_moe.cam_summary.proj.1.bias:lr=5e-05
05/22 19:57:29 - mmengine - INFO - paramwise_options -- modality_specific_moe.cam_summary.proj.1.bias:weight_decay=0.0005
05/22 19:57:29 - mmengine - INFO - paramwise_options -- modality_specific_moe.cam_summary.proj.1.bias:decay_mult=0.05
05/22 19:57:29 - mmengine - INFO - paramwise_options -- modality_specific_moe.cam_summary.proj.1.bias:lr_mult=1.0
05/22 19:57:29 - mmengine - INFO - paramwise_options -- modality_specific_moe.cam_summary.proj.2.weight:lr=5e-05
05/22 19:57:29 - mmengine - INFO - paramwise_options -- modality_specific_moe.cam_summary.proj.2.weight:weight_decay=0.0005
05/22 19:57:29 - mmengine - INFO - paramwise_options -- modality_specific_moe.cam_summary.proj.2.weight:decay_mult=0.05
05/22 19:57:29 - mmengine - INFO - paramwise_options -- modality_specific_moe.cam_summary.proj.2.weight:lr_mult=1.0
05/22 19:57:29 - mmengine - INFO - paramwise_options -- modality_specific_moe.cam_summary.proj.2.bias:lr=5e-05
05/22 19:57:29 - mmengine - INFO - paramwise_options -- modality_specific_moe.cam_summary.proj.2.bias:weight_decay=0.0005
05/22 19:57:29 - mmengine - INFO - paramwise_options -- modality_specific_moe.cam_summary.proj.2.bias:decay_mult=0.05
05/22 19:57:29 - mmengine - INFO - paramwise_options -- modality_specific_moe.cam_summary.proj.2.bias:lr_mult=1.0
05/22 19:57:29 - mmengine - INFO - paramwise_options -- modality_specific_moe.lidar_summary.stem.0.weight:lr=5e-05
05/22 19:57:29 - mmengine - INFO - paramwise_options -- modality_specific_moe.lidar_summary.stem.0.weight:weight_decay=0.0005
05/22 19:57:29 - mmengine - INFO - paramwise_options -- modality_specific_moe.lidar_summary.stem.0.weight:decay_mult=0.05
05/22 19:57:29 - mmengine - INFO - paramwise_options -- modality_specific_moe.lidar_summary.stem.0.weight:lr_mult=1.0
05/22 19:57:29 - mmengine - INFO - paramwise_options -- modality_specific_moe.lidar_summary.stem.1.weight:lr=5e-05
05/22 19:57:29 - mmengine - INFO - paramwise_options -- modality_specific_moe.lidar_summary.stem.1.weight:weight_decay=0.0005
05/22 19:57:29 - mmengine - INFO - paramwise_options -- modality_specific_moe.lidar_summary.stem.1.weight:decay_mult=0.05
05/22 19:57:29 - mmengine - INFO - paramwise_options -- modality_specific_moe.lidar_summary.stem.1.weight:lr_mult=1.0
05/22 19:57:29 - mmengine - INFO - paramwise_options -- modality_specific_moe.lidar_summary.stem.1.bias:lr=5e-05
05/22 19:57:29 - mmengine - INFO - paramwise_options -- modality_specific_moe.lidar_summary.stem.1.bias:weight_decay=0.0005
05/22 19:57:29 - mmengine - INFO - paramwise_options -- modality_specific_moe.lidar_summary.stem.1.bias:decay_mult=0.05
05/22 19:57:29 - mmengine - INFO - paramwise_options -- modality_specific_moe.lidar_summary.stem.1.bias:lr_mult=1.0
05/22 19:57:29 - mmengine - INFO - paramwise_options -- modality_specific_moe.lidar_summary.res_blocks.0.conv1.weight:lr=5e-05
05/22 19:57:29 - mmengine - INFO - paramwise_options -- modality_specific_moe.lidar_summary.res_blocks.0.conv1.weight:weight_decay=0.0005
05/22 19:57:29 - mmengine - INFO - paramwise_options -- modality_specific_moe.lidar_summary.res_blocks.0.conv1.weight:decay_mult=0.05
05/22 19:57:29 - mmengine - INFO - paramwise_options -- modality_specific_moe.lidar_summary.res_blocks.0.conv1.weight:lr_mult=1.0
05/22 19:57:29 - mmengine - INFO - paramwise_options -- modality_specific_moe.lidar_summary.res_blocks.0.gn1.weight:lr=5e-05
05/22 19:57:29 - mmengine - INFO - paramwise_options -- modality_specific_moe.lidar_summary.res_blocks.0.gn1.weight:weight_decay=0.0005
05/22 19:57:29 - mmengine - INFO - paramwise_options -- modality_specific_moe.lidar_summary.res_blocks.0.gn1.weight:decay_mult=0.05
05/22 19:57:29 - mmengine - INFO - paramwise_options -- modality_specific_moe.lidar_summary.res_blocks.0.gn1.weight:lr_mult=1.0
05/22 19:57:29 - mmengine - INFO - paramwise_options -- modality_specific_moe.lidar_summary.res_blocks.0.gn1.bias:lr=5e-05
05/22 19:57:29 - mmengine - INFO - paramwise_options -- modality_specific_moe.lidar_summary.res_blocks.0.gn1.bias:weight_decay=0.0005
05/22 19:57:29 - mmengine - INFO - paramwise_options -- modality_specific_moe.lidar_summary.res_blocks.0.gn1.bias:decay_mult=0.05
05/22 19:57:29 - mmengine - INFO - paramwise_options -- modality_specific_moe.lidar_summary.res_blocks.0.gn1.bias:lr_mult=1.0
05/22 19:57:29 - mmengine - INFO - paramwise_options -- modality_specific_moe.lidar_summary.res_blocks.0.conv2.weight:lr=5e-05
05/22 19:57:29 - mmengine - INFO - paramwise_options -- modality_specific_moe.lidar_summary.res_blocks.0.conv2.weight:weight_decay=0.0005
05/22 19:57:29 - mmengine - INFO - paramwise_options -- modality_specific_moe.lidar_summary.res_blocks.0.conv2.weight:decay_mult=0.05
05/22 19:57:29 - mmengine - INFO - paramwise_options -- modality_specific_moe.lidar_summary.res_blocks.0.conv2.weight:lr_mult=1.0
05/22 19:57:29 - mmengine - INFO - paramwise_options -- modality_specific_moe.lidar_summary.res_blocks.0.gn2.weight:lr=5e-05
05/22 19:57:29 - mmengine - INFO - paramwise_options -- modality_specific_moe.lidar_summary.res_blocks.0.gn2.weight:weight_decay=0.0005
05/22 19:57:29 - mmengine - INFO - paramwise_options -- modality_specific_moe.lidar_summary.res_blocks.0.gn2.weight:decay_mult=0.05
05/22 19:57:29 - mmengine - INFO - paramwise_options -- modality_specific_moe.lidar_summary.res_blocks.0.gn2.weight:lr_mult=1.0
05/22 19:57:29 - mmengine - INFO - paramwise_options -- modality_specific_moe.lidar_summary.res_blocks.0.gn2.bias:lr=5e-05
05/22 19:57:29 - mmengine - INFO - paramwise_options -- modality_specific_moe.lidar_summary.res_blocks.0.gn2.bias:weight_decay=0.0005
05/22 19:57:29 - mmengine - INFO - paramwise_options -- modality_specific_moe.lidar_summary.res_blocks.0.gn2.bias:decay_mult=0.05
05/22 19:57:29 - mmengine - INFO - paramwise_options -- modality_specific_moe.lidar_summary.res_blocks.0.gn2.bias:lr_mult=1.0
05/22 19:57:29 - mmengine - INFO - paramwise_options -- modality_specific_moe.lidar_summary.res_blocks.1.conv1.weight:lr=5e-05
05/22 19:57:29 - mmengine - INFO - paramwise_options -- modality_specific_moe.lidar_summary.res_blocks.1.conv1.weight:weight_decay=0.0005
05/22 19:57:29 - mmengine - INFO - paramwise_options -- modality_specific_moe.lidar_summary.res_blocks.1.conv1.weight:decay_mult=0.05
05/22 19:57:29 - mmengine - INFO - paramwise_options -- modality_specific_moe.lidar_summary.res_blocks.1.conv1.weight:lr_mult=1.0
05/22 19:57:29 - mmengine - INFO - paramwise_options -- modality_specific_moe.lidar_summary.res_blocks.1.gn1.weight:lr=5e-05
05/22 19:57:29 - mmengine - INFO - paramwise_options -- modality_specific_moe.lidar_summary.res_blocks.1.gn1.weight:weight_decay=0.0005
05/22 19:57:29 - mmengine - INFO - paramwise_options -- modality_specific_moe.lidar_summary.res_blocks.1.gn1.weight:decay_mult=0.05
05/22 19:57:29 - mmengine - INFO - paramwise_options -- modality_specific_moe.lidar_summary.res_blocks.1.gn1.weight:lr_mult=1.0
05/22 19:57:29 - mmengine - INFO - paramwise_options -- modality_specific_moe.lidar_summary.res_blocks.1.gn1.bias:lr=5e-05
05/22 19:57:29 - mmengine - INFO - paramwise_options -- modality_specific_moe.lidar_summary.res_blocks.1.gn1.bias:weight_decay=0.0005
05/22 19:57:29 - mmengine - INFO - paramwise_options -- modality_specific_moe.lidar_summary.res_blocks.1.gn1.bias:decay_mult=0.05
05/22 19:57:29 - mmengine - INFO - paramwise_options -- modality_specific_moe.lidar_summary.res_blocks.1.gn1.bias:lr_mult=1.0
05/22 19:57:29 - mmengine - INFO - paramwise_options -- modality_specific_moe.lidar_summary.res_blocks.1.conv2.weight:lr=5e-05
05/22 19:57:29 - mmengine - INFO - paramwise_options -- modality_specific_moe.lidar_summary.res_blocks.1.conv2.weight:weight_decay=0.0005
05/22 19:57:29 - mmengine - INFO - paramwise_options -- modality_specific_moe.lidar_summary.res_blocks.1.conv2.weight:decay_mult=0.05
05/22 19:57:29 - mmengine - INFO - paramwise_options -- modality_specific_moe.lidar_summary.res_blocks.1.conv2.weight:lr_mult=1.0
05/22 19:57:29 - mmengine - INFO - paramwise_options -- modality_specific_moe.lidar_summary.res_blocks.1.gn2.weight:lr=5e-05
05/22 19:57:29 - mmengine - INFO - paramwise_options -- modality_specific_moe.lidar_summary.res_blocks.1.gn2.weight:weight_decay=0.0005
05/22 19:57:29 - mmengine - INFO - paramwise_options -- modality_specific_moe.lidar_summary.res_blocks.1.gn2.weight:decay_mult=0.05
05/22 19:57:29 - mmengine - INFO - paramwise_options -- modality_specific_moe.lidar_summary.res_blocks.1.gn2.weight:lr_mult=1.0
05/22 19:57:29 - mmengine - INFO - paramwise_options -- modality_specific_moe.lidar_summary.res_blocks.1.gn2.bias:lr=5e-05
05/22 19:57:29 - mmengine - INFO - paramwise_options -- modality_specific_moe.lidar_summary.res_blocks.1.gn2.bias:weight_decay=0.0005
05/22 19:57:29 - mmengine - INFO - paramwise_options -- modality_specific_moe.lidar_summary.res_blocks.1.gn2.bias:decay_mult=0.05
05/22 19:57:29 - mmengine - INFO - paramwise_options -- modality_specific_moe.lidar_summary.res_blocks.1.gn2.bias:lr_mult=1.0
05/22 19:57:29 - mmengine - INFO - paramwise_options -- modality_specific_moe.lidar_summary.res_blocks.2.conv1.weight:lr=5e-05
05/22 19:57:29 - mmengine - INFO - paramwise_options -- modality_specific_moe.lidar_summary.res_blocks.2.conv1.weight:weight_decay=0.0005
05/22 19:57:29 - mmengine - INFO - paramwise_options -- modality_specific_moe.lidar_summary.res_blocks.2.conv1.weight:decay_mult=0.05
05/22 19:57:29 - mmengine - INFO - paramwise_options -- modality_specific_moe.lidar_summary.res_blocks.2.conv1.weight:lr_mult=1.0
05/22 19:57:29 - mmengine - INFO - paramwise_options -- modality_specific_moe.lidar_summary.res_blocks.2.gn1.weight:lr=5e-05
05/22 19:57:29 - mmengine - INFO - paramwise_options -- modality_specific_moe.lidar_summary.res_blocks.2.gn1.weight:weight_decay=0.0005
05/22 19:57:29 - mmengine - INFO - paramwise_options -- modality_specific_moe.lidar_summary.res_blocks.2.gn1.weight:decay_mult=0.05
05/22 19:57:29 - mmengine - INFO - paramwise_options -- modality_specific_moe.lidar_summary.res_blocks.2.gn1.weight:lr_mult=1.0
05/22 19:57:29 - mmengine - INFO - paramwise_options -- modality_specific_moe.lidar_summary.res_blocks.2.gn1.bias:lr=5e-05
05/22 19:57:29 - mmengine - INFO - paramwise_options -- modality_specific_moe.lidar_summary.res_blocks.2.gn1.bias:weight_decay=0.0005
05/22 19:57:29 - mmengine - INFO - paramwise_options -- modality_specific_moe.lidar_summary.res_blocks.2.gn1.bias:decay_mult=0.05
05/22 19:57:29 - mmengine - INFO - paramwise_options -- modality_specific_moe.lidar_summary.res_blocks.2.gn1.bias:lr_mult=1.0
05/22 19:57:29 - mmengine - INFO - paramwise_options -- modality_specific_moe.lidar_summary.res_blocks.2.conv2.weight:lr=5e-05
05/22 19:57:29 - mmengine - INFO - paramwise_options -- modality_specific_moe.lidar_summary.res_blocks.2.conv2.weight:weight_decay=0.0005
05/22 19:57:29 - mmengine - INFO - paramwise_options -- modality_specific_moe.lidar_summary.res_blocks.2.conv2.weight:decay_mult=0.05
05/22 19:57:29 - mmengine - INFO - paramwise_options -- modality_specific_moe.lidar_summary.res_blocks.2.conv2.weight:lr_mult=1.0
05/22 19:57:29 - mmengine - INFO - paramwise_options -- modality_specific_moe.lidar_summary.res_blocks.2.gn2.weight:lr=5e-05
05/22 19:57:29 - mmengine - INFO - paramwise_options -- modality_specific_moe.lidar_summary.res_blocks.2.gn2.weight:weight_decay=0.0005
05/22 19:57:29 - mmengine - INFO - paramwise_options -- modality_specific_moe.lidar_summary.res_blocks.2.gn2.weight:decay_mult=0.05
05/22 19:57:29 - mmengine - INFO - paramwise_options -- modality_specific_moe.lidar_summary.res_blocks.2.gn2.weight:lr_mult=1.0
05/22 19:57:29 - mmengine - INFO - paramwise_options -- modality_specific_moe.lidar_summary.res_blocks.2.gn2.bias:lr=5e-05
05/22 19:57:29 - mmengine - INFO - paramwise_options -- modality_specific_moe.lidar_summary.res_blocks.2.gn2.bias:weight_decay=0.0005
05/22 19:57:29 - mmengine - INFO - paramwise_options -- modality_specific_moe.lidar_summary.res_blocks.2.gn2.bias:decay_mult=0.05
05/22 19:57:29 - mmengine - INFO - paramwise_options -- modality_specific_moe.lidar_summary.res_blocks.2.gn2.bias:lr_mult=1.0
05/22 19:57:29 - mmengine - INFO - paramwise_options -- modality_specific_moe.lidar_summary.res_blocks.2.shortcut.0.weight:lr=5e-05
05/22 19:57:29 - mmengine - INFO - paramwise_options -- modality_specific_moe.lidar_summary.res_blocks.2.shortcut.0.weight:weight_decay=0.0005
05/22 19:57:29 - mmengine - INFO - paramwise_options -- modality_specific_moe.lidar_summary.res_blocks.2.shortcut.0.weight:decay_mult=0.05
05/22 19:57:29 - mmengine - INFO - paramwise_options -- modality_specific_moe.lidar_summary.res_blocks.2.shortcut.0.weight:lr_mult=1.0
05/22 19:57:29 - mmengine - INFO - paramwise_options -- modality_specific_moe.lidar_summary.res_blocks.2.shortcut.1.weight:lr=5e-05
05/22 19:57:29 - mmengine - INFO - paramwise_options -- modality_specific_moe.lidar_summary.res_blocks.2.shortcut.1.weight:weight_decay=0.0005
05/22 19:57:29 - mmengine - INFO - paramwise_options -- modality_specific_moe.lidar_summary.res_blocks.2.shortcut.1.weight:decay_mult=0.05
05/22 19:57:29 - mmengine - INFO - paramwise_options -- modality_specific_moe.lidar_summary.res_blocks.2.shortcut.1.weight:lr_mult=1.0
05/22 19:57:29 - mmengine - INFO - paramwise_options -- modality_specific_moe.lidar_summary.res_blocks.2.shortcut.1.bias:lr=5e-05
05/22 19:57:29 - mmengine - INFO - paramwise_options -- modality_specific_moe.lidar_summary.res_blocks.2.shortcut.1.bias:weight_decay=0.0005
05/22 19:57:29 - mmengine - INFO - paramwise_options -- modality_specific_moe.lidar_summary.res_blocks.2.shortcut.1.bias:decay_mult=0.05
05/22 19:57:29 - mmengine - INFO - paramwise_options -- modality_specific_moe.lidar_summary.res_blocks.2.shortcut.1.bias:lr_mult=1.0
05/22 19:57:29 - mmengine - INFO - paramwise_options -- modality_specific_moe.lidar_summary.proj.1.weight:lr=5e-05
05/22 19:57:29 - mmengine - INFO - paramwise_options -- modality_specific_moe.lidar_summary.proj.1.weight:weight_decay=0.0005
05/22 19:57:29 - mmengine - INFO - paramwise_options -- modality_specific_moe.lidar_summary.proj.1.weight:decay_mult=0.05
05/22 19:57:29 - mmengine - INFO - paramwise_options -- modality_specific_moe.lidar_summary.proj.1.weight:lr_mult=1.0
05/22 19:57:29 - mmengine - INFO - paramwise_options -- modality_specific_moe.lidar_summary.proj.1.bias:lr=5e-05
05/22 19:57:29 - mmengine - INFO - paramwise_options -- modality_specific_moe.lidar_summary.proj.1.bias:weight_decay=0.0005
05/22 19:57:29 - mmengine - INFO - paramwise_options -- modality_specific_moe.lidar_summary.proj.1.bias:decay_mult=0.05
05/22 19:57:29 - mmengine - INFO - paramwise_options -- modality_specific_moe.lidar_summary.proj.1.bias:lr_mult=1.0
05/22 19:57:29 - mmengine - INFO - paramwise_options -- modality_specific_moe.lidar_summary.proj.2.weight:lr=5e-05
05/22 19:57:29 - mmengine - INFO - paramwise_options -- modality_specific_moe.lidar_summary.proj.2.weight:weight_decay=0.0005
05/22 19:57:29 - mmengine - INFO - paramwise_options -- modality_specific_moe.lidar_summary.proj.2.weight:decay_mult=0.05
05/22 19:57:29 - mmengine - INFO - paramwise_options -- modality_specific_moe.lidar_summary.proj.2.weight:lr_mult=1.0
05/22 19:57:29 - mmengine - INFO - paramwise_options -- modality_specific_moe.lidar_summary.proj.2.bias:lr=5e-05
05/22 19:57:29 - mmengine - INFO - paramwise_options -- modality_specific_moe.lidar_summary.proj.2.bias:weight_decay=0.0005
05/22 19:57:29 - mmengine - INFO - paramwise_options -- modality_specific_moe.lidar_summary.proj.2.bias:decay_mult=0.05
05/22 19:57:29 - mmengine - INFO - paramwise_options -- modality_specific_moe.lidar_summary.proj.2.bias:lr_mult=1.0
05/22 19:57:29 - mmengine - INFO - paramwise_options -- modality_specific_moe.context_head.0.weight:lr=5e-05
05/22 19:57:29 - mmengine - INFO - paramwise_options -- modality_specific_moe.context_head.0.weight:weight_decay=0.0005
05/22 19:57:29 - mmengine - INFO - paramwise_options -- modality_specific_moe.context_head.0.weight:decay_mult=0.05
05/22 19:57:29 - mmengine - INFO - paramwise_options -- modality_specific_moe.context_head.0.weight:lr_mult=1.0
05/22 19:57:29 - mmengine - INFO - paramwise_options -- modality_specific_moe.context_head.0.bias:lr=5e-05
05/22 19:57:29 - mmengine - INFO - paramwise_options -- modality_specific_moe.context_head.0.bias:weight_decay=0.0005
05/22 19:57:29 - mmengine - INFO - paramwise_options -- modality_specific_moe.context_head.0.bias:decay_mult=0.05
05/22 19:57:29 - mmengine - INFO - paramwise_options -- modality_specific_moe.context_head.0.bias:lr_mult=1.0
05/22 19:57:29 - mmengine - INFO - paramwise_options -- modality_specific_moe.context_head.2.weight:lr=5e-05
05/22 19:57:29 - mmengine - INFO - paramwise_options -- modality_specific_moe.context_head.2.weight:weight_decay=0.0005
05/22 19:57:29 - mmengine - INFO - paramwise_options -- modality_specific_moe.context_head.2.weight:decay_mult=0.05
05/22 19:57:29 - mmengine - INFO - paramwise_options -- modality_specific_moe.context_head.2.weight:lr_mult=1.0
05/22 19:57:29 - mmengine - INFO - paramwise_options -- modality_specific_moe.context_head.2.bias:lr=5e-05
05/22 19:57:29 - mmengine - INFO - paramwise_options -- modality_specific_moe.context_head.2.bias:weight_decay=0.0005
05/22 19:57:29 - mmengine - INFO - paramwise_options -- modality_specific_moe.context_head.2.bias:decay_mult=0.05
05/22 19:57:29 - mmengine - INFO - paramwise_options -- modality_specific_moe.context_head.2.bias:lr_mult=1.0
05/22 19:57:29 - mmengine - INFO - paramwise_options -- modality_specific_moe.context_head.4.weight:lr=5e-05
05/22 19:57:29 - mmengine - INFO - paramwise_options -- modality_specific_moe.context_head.4.weight:weight_decay=0.0005
05/22 19:57:29 - mmengine - INFO - paramwise_options -- modality_specific_moe.context_head.4.weight:decay_mult=0.05
05/22 19:57:29 - mmengine - INFO - paramwise_options -- modality_specific_moe.context_head.4.weight:lr_mult=1.0
05/22 19:57:29 - mmengine - INFO - paramwise_options -- modality_specific_moe.context_head.4.bias:lr=5e-05
05/22 19:57:29 - mmengine - INFO - paramwise_options -- modality_specific_moe.context_head.4.bias:weight_decay=0.0005
05/22 19:57:29 - mmengine - INFO - paramwise_options -- modality_specific_moe.context_head.4.bias:decay_mult=0.05
05/22 19:57:29 - mmengine - INFO - paramwise_options -- modality_specific_moe.context_head.4.bias:lr_mult=1.0
05/22 19:57:29 - mmengine - INFO - paramwise_options -- modality_specific_moe.gate.gate.weight:lr=5e-05
05/22 19:57:29 - mmengine - INFO - paramwise_options -- modality_specific_moe.gate.gate.weight:weight_decay=0.0001
05/22 19:57:29 - mmengine - INFO - paramwise_options -- modality_specific_moe.gate.gate.weight:decay_mult=0.01
05/22 19:57:29 - mmengine - INFO - paramwise_options -- modality_specific_moe.gate.gate.weight:lr_mult=1.0
05/22 19:57:29 - mmengine - INFO - paramwise_options -- modality_specific_moe.gate.gate.bias:lr=5e-05
05/22 19:57:29 - mmengine - INFO - paramwise_options -- modality_specific_moe.gate.gate.bias:weight_decay=0.0001
05/22 19:57:29 - mmengine - INFO - paramwise_options -- modality_specific_moe.gate.gate.bias:decay_mult=0.01
05/22 19:57:29 - mmengine - INFO - paramwise_options -- modality_specific_moe.gate.gate.bias:lr_mult=1.0
05/22 19:57:30 - mmengine - INFO - ------------------------------
05/22 19:57:30 - mmengine - INFO - The length of test dataset: 10000
05/22 19:57:30 - mmengine - INFO - The number of instances per category in the dataset:
+------------+--------+
| category   | number |
+------------+--------+
| pedestrian | 23478  |
+------------+--------+
05/22 19:57:30 - mmengine - WARNING - The prefix is not set in metric class IndoorMetric.
05/22 19:57:30 - mmengine - WARNING - The prefix is not set in metric class CenterDistanceMetric.
05/22 19:57:31 - mmengine - INFO - DualCheckpointInitHook: starting dual-checkpoint init …
  LiDAR ckpt  : /home/users/u103958/projects/multimodal-MoE/outputs/runs/zod_lidar_only/zod-lidar-only_4570893/best_mAP_0.50_epoch_30.pth
  Camera ckpt : /home/users/u103958/projects/multimodal-MoE/outputs/runs/zod_camera_only/zod-cam-only_4577582/best_mAP_0.50_epoch_31.pth
05/22 19:57:31 - mmengine - INFO - DualCheckpointInitHook [LiDAR]: loading checkpoint /home/users/u103958/projects/multimodal-MoE/outputs/runs/zod_lidar_only/zod-lidar-only_4570893/best_mAP_0.50_epoch_30.pth
05/22 19:57:31 - mmengine - INFO - DualCheckpointInitHook [LiDAR]: "pts_middle_encoder" ← 126 tensors; missing=0, unexpected=0
05/22 19:57:31 - mmengine - INFO - DualCheckpointInitHook [LiDAR]: "pts_backbone" ← 72 tensors; missing=0, unexpected=0
05/22 19:57:31 - mmengine - INFO - DualCheckpointInitHook [LiDAR]: "pts_neck" ← 12 tensors; missing=0, unexpected=0
05/22 19:57:31 - mmengine - INFO - DualCheckpointInitHook [LiDAR]: "bbox_head" ← 88 tensors; missing=0, unexpected=0
05/22 19:57:31 - mmengine - INFO - DualCheckpointInitHook [Camera]: loading checkpoint /home/users/u103958/projects/multimodal-MoE/outputs/runs/zod_camera_only/zod-cam-only_4577582/best_mAP_0.50_epoch_31.pth
05/22 19:57:32 - mmengine - INFO - DualCheckpointInitHook [Camera]: "img_backbone" ← 187 tensors; missing=0, unexpected=0
05/22 19:57:32 - mmengine - INFO - DualCheckpointInitHook [Camera]: "img_neck" ← 24 tensors; missing=0, unexpected=0
05/22 19:57:32 - mmengine - INFO - DualCheckpointInitHook [Camera]: "view_transform" ← 59 tensors; missing=0, unexpected=0
05/22 19:57:32 - mmengine - INFO - DualCheckpointInitHook: dual-checkpoint init complete.
  Loaded from LiDAR-only ckpt  : pts_middle_encoder, pts_backbone, pts_neck, bbox_head
  Loaded from Camera-only ckpt : img_backbone, img_neck, view_transform
  Default init (not loaded)    : fusion_layer, bbox_head
05/22 19:57:32 - mmengine - INFO - ExpertRespawnHook: dead threshold = 0.0250 (10% of uniform share), perturbation_std=0.02, max_respawns=5
05/22 19:57:32 - mmengine - INFO - MoERoutingHook: artifacts → /home/users/u103958/projects/multimodal-MoE/outputs/runs/zod_moe_modality_specific/moe-modality-specific_4610531/moe_routing
05/22 19:57:32 - mmengine - INFO - Loads checkpoint by local backend from path: /mnt/tier2/project/p201222/u103958/checkpoints/swin_tiny_patch4_window7_224.pth
05/22 19:57:32 - mmengine - WARNING - Gradient accumulative may slightly decrease performance because the model has BatchNorm layers.
05/22 19:57:32 - mmengine - WARNING - "FileClient" will be deprecated in future. Please use io functions in https://mmengine.readthedocs.io/en/latest/api/fileio.html#file-io
05/22 19:57:32 - mmengine - WARNING - "HardDiskBackend" is the alias of "LocalBackend" and the former will be deprecated in future.
05/22 19:57:32 - mmengine - INFO - Checkpoints will be saved to /home/users/u103958/projects/multimodal-MoE/outputs/runs/zod_moe_modality_specific/moe-modality-specific_4610531.
05/22 19:58:17 - mmengine - INFO - Epoch(train)  [1][   50/10000]  base_lr: 1.9942e-05 lr: 1.9942e-05  eta: 2 days, 21:50:33  time: 0.8981  data_time: 0.0730  memory: 12146  loss: 6.6828  loss_heatmap: 2.2260  layer_-1_loss_cls: 0.4348  layer_-1_loss_bbox: 2.8655  matched_ious: 0.0915  aux_depth_loss: 1.0900  moe_importance_loss: 0.0010  moe_router_z_loss: 0.0076  moe_group_balance_loss: 0.0001  moe_ctx_aux_loss_weighted: 0.0577  grad_norm: nan
05/22 19:58:46 - mmengine - INFO - Epoch(train)  [1][  100/10000]  base_lr: 2.3288e-05 lr: 2.3288e-05  eta: 2 days, 9:14:50  time: 0.5745  data_time: 0.0257  memory: 12325  loss: 2.7838  loss_heatmap: 0.8311  layer_-1_loss_cls: 0.2418  layer_-1_loss_bbox: 0.8707  matched_ious: 0.1949  aux_depth_loss: 0.7749  moe_importance_loss: 0.0012  moe_router_z_loss: 0.0089  moe_group_balance_loss: 0.0001  moe_ctx_aux_loss_weighted: 0.0552  grad_norm: nan  sec_per_iter: 0.8988  iters_per_sec: 1.1100  samples_per_sec: 8.9000  samples_per_sec_per_gpu: 2.2300  max_mem_allocated_mb: 825.6000  max_mem_reserved_mb: 14998.0000
05/22 19:59:15 - mmengine - INFO - Epoch(train)  [1][  150/10000]  base_lr: 2.6639e-05 lr: 2.6639e-05  eta: 2 days, 5:13:59  time: 0.5818  data_time: 0.0265  memory: 12199  loss: 2.5886  loss_heatmap: 0.7250  layer_-1_loss_cls: 0.1926  layer_-1_loss_bbox: 0.8362  matched_ious: 0.1161  aux_depth_loss: 0.7707  moe_importance_loss: 0.0010  moe_router_z_loss: 0.0089  moe_group_balance_loss: 0.0002  moe_ctx_aux_loss_weighted: 0.0539  grad_norm: 39.8082  sec_per_iter: 0.7366  iters_per_sec: 1.3600  samples_per_sec: 10.8600  samples_per_sec_per_gpu: 2.7200  max_mem_allocated_mb: 825.6000  max_mem_reserved_mb: 14998.0000
05/22 19:59:44 - mmengine - INFO - Epoch(train)  [1][  200/10000]  base_lr: 2.9994e-05 lr: 2.9994e-05  eta: 2 days, 3:01:04  time: 0.5713  data_time: 0.0248  memory: 12072  loss: 2.4097  loss_heatmap: 0.6699  layer_-1_loss_cls: 0.1528  layer_-1_loss_bbox: 0.8272  matched_ious: 0.1848  aux_depth_loss: 0.6968  moe_importance_loss: 0.0012  moe_router_z_loss: 0.0086  moe_group_balance_loss: 0.0002  moe_ctx_aux_loss_weighted: 0.0529  grad_norm: 35.4995  sec_per_iter: 0.6849  iters_per_sec: 1.4600  samples_per_sec: 11.6800  samples_per_sec_per_gpu: 2.9200  max_mem_allocated_mb: 825.6000  max_mem_reserved_mb: 14998.0000
05/22 20:00:15 - mmengine - INFO - Epoch(train)  [1][  250/10000]  base_lr: 3.3355e-05 lr: 3.3355e-05  eta: 2 days, 2:29:53  time: 0.6236  data_time: 0.0275  memory: 12174  loss: 1.9199  loss_heatmap: 0.5656  layer_-1_loss_cls: 0.1443  layer_-1_loss_bbox: 0.5085  matched_ious: 0.1397  aux_depth_loss: 0.6387  moe_importance_loss: 0.0014  moe_router_z_loss: 0.0071  moe_group_balance_loss: 0.0003  moe_ctx_aux_loss_weighted: 0.0542  grad_norm: 30.0479  sec_per_iter: 0.6566  iters_per_sec: 1.5200  samples_per_sec: 12.1800  samples_per_sec_per_gpu: 3.0500  max_mem_allocated_mb: 825.6000  max_mem_reserved_mb: 14998.0000
05/22 20:00:44 - mmengine - INFO - Epoch(train)  [1][  300/10000]  base_lr: 3.6721e-05 lr: 3.6721e-05  eta: 2 days, 1:33:24  time: 0.5778  data_time: 0.0251  memory: 12146  loss: 1.9096  loss_heatmap: 0.5454  layer_-1_loss_cls: 0.1225  layer_-1_loss_bbox: 0.5252  matched_ious: 0.2083  aux_depth_loss: 0.6544  moe_importance_loss: 0.0014  moe_router_z_loss: 0.0072  moe_group_balance_loss: 0.0003  moe_ctx_aux_loss_weighted: 0.0531  grad_norm: 23.4595  sec_per_iter: 0.6499  iters_per_sec: 1.5400  samples_per_sec: 12.3100  samples_per_sec_per_gpu: 3.0800  max_mem_allocated_mb: 825.6000  max_mem_reserved_mb: 14998.0000
05/22 20:01:13 - mmengine - INFO - Epoch(train)  [1][  350/10000]  base_lr: 4.0093e-05 lr: 4.0093e-05  eta: 2 days, 1:01:18  time: 0.5904  data_time: 0.0266  memory: 12223  loss: 1.7623  loss_heatmap: 0.5103  layer_-1_loss_cls: 0.1397  layer_-1_loss_bbox: 0.4157  matched_ious: 0.3710  aux_depth_loss: 0.6330  moe_importance_loss: 0.0022  moe_router_z_loss: 0.0075  moe_group_balance_loss: 0.0007  moe_ctx_aux_loss_weighted: 0.0531  grad_norm: 19.3517  sec_per_iter: 0.6380  iters_per_sec: 1.5700  samples_per_sec: 12.5400  samples_per_sec_per_gpu: 3.1400  max_mem_allocated_mb: 825.6000  max_mem_reserved_mb: 14998.0000
05/22 20:01:43 - mmengine - INFO - Epoch(train)  [1][  400/10000]  base_lr: 4.3470e-05 lr: 4.3470e-05  eta: 2 days, 0:34:13  time: 0.5855  data_time: 0.0265  memory: 12092  loss: 1.6902  loss_heatmap: 0.4944  layer_-1_loss_cls: 0.1272  layer_-1_loss_bbox: 0.3710  matched_ious: 0.1208  aux_depth_loss: 0.6350  moe_importance_loss: 0.0024  moe_router_z_loss: 0.0077  moe_group_balance_loss: 0.0008  moe_ctx_aux_loss_weighted: 0.0517  grad_norm: 21.2283  sec_per_iter: 0.6311  iters_per_sec: 1.5800  samples_per_sec: 12.6800  samples_per_sec_per_gpu: 3.1700  max_mem_allocated_mb: 825.6000  max_mem_reserved_mb: 14998.0000
05/22 20:02:14 - mmengine - INFO - Epoch(train)  [1][  450/10000]  base_lr: 4.6852e-05 lr: 4.6852e-05  eta: 2 days, 0:32:42  time: 0.6234  data_time: 0.0256  memory: 12270  loss: 1.7278  loss_heatmap: 0.4857  layer_-1_loss_cls: 0.1242  layer_-1_loss_bbox: 0.4279  matched_ious: 0.2378  aux_depth_loss: 0.6248  moe_importance_loss: 0.0028  moe_router_z_loss: 0.0083  moe_group_balance_loss: 0.0010  moe_ctx_aux_loss_weighted: 0.0531  grad_norm: 20.8417  sec_per_iter: 0.6255  iters_per_sec: 1.6000  samples_per_sec: 12.7900  samples_per_sec_per_gpu: 3.2000  max_mem_allocated_mb: 825.6000  max_mem_reserved_mb: 14998.0000
05/22 20:02:44 - mmengine - INFO - Epoch(train)  [1][  500/10000]  base_lr: 5.0240e-05 lr: 5.0240e-05  eta: 2 days, 0:23:26  time: 0.6064  data_time: 0.0268  memory: 12158  loss: 1.7544  loss_heatmap: 0.5000  layer_-1_loss_cls: 0.1210  layer_-1_loss_bbox: 0.3657  matched_ious: 0.2976  aux_depth_loss: 0.7062  moe_importance_loss: 0.0024  moe_router_z_loss: 0.0069  moe_group_balance_loss: 0.0009  moe_ctx_aux_loss_weighted: 0.0512  grad_norm: 34.8786  sec_per_iter: 0.6253  iters_per_sec: 1.6000  samples_per_sec: 12.7900  samples_per_sec_per_gpu: 3.2000  max_mem_allocated_mb: 825.6000  max_mem_reserved_mb: 14998.0000
05/22 20:03:13 - mmengine - INFO - Epoch(train)  [1][  550/10000]  base_lr: 5.0276e-05 lr: 5.0276e-05  eta: 2 days, 0:05:29  time: 0.5821  data_time: 0.0250  memory: 12237  loss: 1.6846  loss_heatmap: 0.4783  layer_-1_loss_cls: 0.1190  layer_-1_loss_bbox: 0.4013  matched_ious: 0.1562  aux_depth_loss: 0.6226  moe_importance_loss: 0.0024  moe_router_z_loss: 0.0063  moe_group_balance_loss: 0.0008  moe_ctx_aux_loss_weighted: 0.0539  grad_norm: 36.2360  sec_per_iter: 0.6234  iters_per_sec: 1.6000  samples_per_sec: 12.8300  samples_per_sec_per_gpu: 3.2100  max_mem_allocated_mb: 825.6000  max_mem_reserved_mb: 14998.0000
05/22 20:03:42 - mmengine - INFO - Epoch(train)  [1][  600/10000]  base_lr: 5.0316e-05 lr: 5.0316e-05  eta: 1 day, 23:50:55  time: 0.5833  data_time: 0.0244  memory: 12080  loss: 1.4996  loss_heatmap: 0.3895  layer_-1_loss_cls: 0.1037  layer_-1_loss_bbox: 0.3308  matched_ious: 0.1538  aux_depth_loss: 0.6133  moe_importance_loss: 0.0027  moe_router_z_loss: 0.0069  moe_group_balance_loss: 0.0009  moe_ctx_aux_loss_weighted: 0.0518  grad_norm: 26.6915  sec_per_iter: 0.6196  iters_per_sec: 1.6100  samples_per_sec: 12.9100  samples_per_sec_per_gpu: 3.2300  max_mem_allocated_mb: 825.6000  max_mem_reserved_mb: 14998.0000
05/22 20:04:11 - mmengine - INFO - Epoch(train)  [1][  650/10000]  base_lr: 5.0360e-05 lr: 5.0360e-05  eta: 1 day, 23:33:42  time: 0.5699  data_time: 0.0248  memory: 12041  loss: 1.6419  loss_heatmap: 0.4385  layer_-1_loss_cls: 0.1059  layer_-1_loss_bbox: 0.4313  matched_ious: 0.2893  aux_depth_loss: 0.6052  moe_importance_loss: 0.0027  moe_router_z_loss: 0.0072  moe_group_balance_loss: 0.0009  moe_ctx_aux_loss_weighted: 0.0502  grad_norm: 30.0877  sec_per_iter: 0.6166  iters_per_sec: 1.6200  samples_per_sec: 12.9700  samples_per_sec_per_gpu: 3.2400  max_mem_allocated_mb: 825.6000  max_mem_reserved_mb: 14998.0000
05/22 20:04:40 - mmengine - INFO - Epoch(train)  [1][  700/10000]  base_lr: 5.0406e-05 lr: 5.0406e-05  eta: 1 day, 23:24:57  time: 0.5881  data_time: 0.0257  memory: 12277  loss: 1.4794  loss_heatmap: 0.4061  layer_-1_loss_cls: 0.0983  layer_-1_loss_bbox: 0.3187  matched_ious: 0.2257  aux_depth_loss: 0.5973  moe_importance_loss: 0.0023  moe_router_z_loss: 0.0069  moe_group_balance_loss: 0.0008  moe_ctx_aux_loss_weighted: 0.0490  grad_norm: 31.2330  sec_per_iter: 0.6130  iters_per_sec: 1.6300  samples_per_sec: 13.0500  samples_per_sec_per_gpu: 3.2600  max_mem_allocated_mb: 825.6000  max_mem_reserved_mb: 14998.0000
05/22 20:05:09 - mmengine - INFO - Epoch(train)  [1][  750/10000]  base_lr: 5.0456e-05 lr: 5.0456e-05  eta: 1 day, 23:11:44  time: 0.5702  data_time: 0.0256  memory: 12219  loss: 1.4973  loss_heatmap: 0.3960  layer_-1_loss_cls: 0.1048  layer_-1_loss_bbox: 0.3395  matched_ious: 0.3505  aux_depth_loss: 0.6009  moe_importance_loss: 0.0017  moe_router_z_loss: 0.0060  moe_group_balance_loss: 0.0006  moe_ctx_aux_loss_weighted: 0.0478  grad_norm: 29.7354  sec_per_iter: 0.6112  iters_per_sec: 1.6400  samples_per_sec: 13.0900  samples_per_sec_per_gpu: 3.2700  max_mem_allocated_mb: 825.6000  max_mem_reserved_mb: 14998.0000
05/22 20:05:38 - mmengine - INFO - Epoch(train)  [1][  800/10000]  base_lr: 5.0510e-05 lr: 5.0510e-05  eta: 1 day, 23:02:45  time: 0.5793  data_time: 0.0245  memory: 12213  loss: 1.5327  loss_heatmap: 0.3603  layer_-1_loss_cls: 0.0884  layer_-1_loss_bbox: 0.3158  matched_ious: 0.2522  aux_depth_loss: 0.7110  moe_importance_loss: 0.0018  moe_router_z_loss: 0.0058  moe_group_balance_loss: 0.0006  moe_ctx_aux_loss_weighted: 0.0489  grad_norm: 38.9533  sec_per_iter: 0.6085  iters_per_sec: 1.6400  samples_per_sec: 13.1500  samples_per_sec_per_gpu: 3.2900  max_mem_allocated_mb: 825.6000  max_mem_reserved_mb: 14998.0000
05/22 20:06:07 - mmengine - INFO - Epoch(train)  [1][  850/10000]  base_lr: 5.0567e-05 lr: 5.0567e-05  eta: 1 day, 22:58:56  time: 0.5945  data_time: 0.0265  memory: 12110  loss: 1.7615  loss_heatmap: 0.5014  layer_-1_loss_cls: 0.1298  layer_-1_loss_bbox: 0.4376  matched_ious: 0.2401  aux_depth_loss: 0.6369  moe_importance_loss: 0.0012  moe_router_z_loss: 0.0047  moe_group_balance_loss: 0.0004  moe_ctx_aux_loss_weighted: 0.0495  grad_norm: 38.7186  sec_per_iter: 0.6067  iters_per_sec: 1.6500  samples_per_sec: 13.1900  samples_per_sec_per_gpu: 3.3000  max_mem_allocated_mb: 825.6000  max_mem_reserved_mb: 14998.0000
05/22 20:06:36 - mmengine - INFO - Epoch(train)  [1][  900/10000]  base_lr: 5.0628e-05 lr: 5.0628e-05  eta: 1 day, 22:50:42  time: 0.5760  data_time: 0.0258  memory: 12220  loss: 1.5924  loss_heatmap: 0.4341  layer_-1_loss_cls: 0.1104  layer_-1_loss_bbox: 0.3654  matched_ious: 0.4184  aux_depth_loss: 0.6295  moe_importance_loss: 0.0012  moe_router_z_loss: 0.0043  moe_group_balance_loss: 0.0004  moe_ctx_aux_loss_weighted: 0.0471  grad_norm: 32.9040  sec_per_iter: 0.6060  iters_per_sec: 1.6500  samples_per_sec: 13.2000  samples_per_sec_per_gpu: 3.3000  max_mem_allocated_mb: 825.6000  max_mem_reserved_mb: 14998.0000
05/22 20:07:05 - mmengine - INFO - Epoch(train)  [1][  950/10000]  base_lr: 5.0692e-05 lr: 5.0692e-05  eta: 1 day, 22:44:04  time: 0.5792  data_time: 0.0253  memory: 12169  loss: 1.7491  loss_heatmap: 0.5631  layer_-1_loss_cls: 0.1393  layer_-1_loss_bbox: 0.4529  matched_ious: 0.2824  aux_depth_loss: 0.5406  moe_importance_loss: 0.0013  moe_router_z_loss: 0.0041  moe_group_balance_loss: 0.0004  moe_ctx_aux_loss_weighted: 0.0472  grad_norm: 35.3424  sec_per_iter: 0.6043  iters_per_sec: 1.6500  samples_per_sec: 13.2400  samples_per_sec_per_gpu: 3.3100  max_mem_allocated_mb: 825.6000  max_mem_reserved_mb: 14998.0000
05/22 20:07:35 - mmengine - INFO - Exp name: zod_moe_modality_specific_20260522_195637
05/22 20:07:35 - mmengine - INFO - Epoch(train)  [1][ 1000/10000]  base_lr: 5.0759e-05 lr: 5.0759e-05  eta: 1 day, 22:39:47  time: 0.5866  data_time: 0.0260  memory: 12219  loss: 1.5647  loss_heatmap: 0.4344  layer_-1_loss_cls: 0.1026  layer_-1_loss_bbox: 0.3883  matched_ious: 0.4762  aux_depth_loss: 0.5883  moe_importance_loss: 0.0011  moe_router_z_loss: 0.0041  moe_group_balance_loss: 0.0004  moe_ctx_aux_loss_weighted: 0.0455  grad_norm: 30.3535  sec_per_iter: 0.6030  iters_per_sec: 1.6600  samples_per_sec: 13.2700  samples_per_sec_per_gpu: 3.3200  max_mem_allocated_mb: 825.6000  max_mem_reserved_mb: 14998.0000
05/22 20:08:03 - mmengine - INFO - Epoch(train)  [1][ 1050/10000]  base_lr: 5.0830e-05 lr: 5.0830e-05  eta: 1 day, 22:32:39  time: 0.5722  data_time: 0.0261  memory: 12061  loss: 1.5547  loss_heatmap: 0.4265  layer_-1_loss_cls: 0.1076  layer_-1_loss_bbox: 0.3780  matched_ious: 0.3023  aux_depth_loss: 0.5885  moe_importance_loss: 0.0012  moe_router_z_loss: 0.0042  moe_group_balance_loss: 0.0004  moe_ctx_aux_loss_weighted: 0.0483  grad_norm: 30.2422  sec_per_iter: 0.6022  iters_per_sec: 1.6600  samples_per_sec: 13.2900  samples_per_sec_per_gpu: 3.3200  max_mem_allocated_mb: 825.6000  max_mem_reserved_mb: 14998.0000
05/22 20:08:33 - mmengine - INFO - Epoch(train)  [1][ 1100/10000]  base_lr: 5.0905e-05 lr: 5.0905e-05  eta: 1 day, 22:30:52  time: 0.5945  data_time: 0.0250  memory: 12164  loss: 1.7142  loss_heatmap: 0.4689  layer_-1_loss_cls: 0.1106  layer_-1_loss_bbox: 0.4660  matched_ious: 0.2575  aux_depth_loss: 0.6138  moe_importance_loss: 0.0017  moe_router_z_loss: 0.0054  moe_group_balance_loss: 0.0006  moe_ctx_aux_loss_weighted: 0.0471  grad_norm: 40.5281  sec_per_iter: 0.6007  iters_per_sec: 1.6600  samples_per_sec: 13.3200  samples_per_sec_per_gpu: 3.3300  max_mem_allocated_mb: 825.6000  max_mem_reserved_mb: 14998.0000
05/22 20:09:02 - mmengine - INFO - Epoch(train)  [1][ 1150/10000]  base_lr: 5.0983e-05 lr: 5.0983e-05  eta: 1 day, 22:27:24  time: 0.5858  data_time: 0.0283  memory: 12255  loss: 1.5116  loss_heatmap: 0.4246  layer_-1_loss_cls: 0.1107  layer_-1_loss_bbox: 0.3610  matched_ious: 0.2640  aux_depth_loss: 0.5600  moe_importance_loss: 0.0019  moe_router_z_loss: 0.0053  moe_group_balance_loss: 0.0006  moe_ctx_aux_loss_weighted: 0.0475  grad_norm: 39.3833  sec_per_iter: 0.6004  iters_per_sec: 1.6700  samples_per_sec: 13.3200  samples_per_sec_per_gpu: 3.3300  max_mem_allocated_mb: 825.6000  max_mem_reserved_mb: 14998.0000
05/22 20:09:32 - mmengine - INFO - Epoch(train)  [1][ 1200/10000]  base_lr: 5.1064e-05 lr: 5.1064e-05  eta: 1 day, 22:25:49  time: 0.5941  data_time: 0.0268  memory: 12105  loss: 1.5598  loss_heatmap: 0.4572  layer_-1_loss_cls: 0.1144  layer_-1_loss_bbox: 0.3557  matched_ious: 0.2680  aux_depth_loss: 0.5790  moe_importance_loss: 0.0019  moe_router_z_loss: 0.0050  moe_group_balance_loss: 0.0007  moe_ctx_aux_loss_weighted: 0.0459  grad_norm: 35.8978  sec_per_iter: 0.5998  iters_per_sec: 1.6700  samples_per_sec: 13.3400  samples_per_sec_per_gpu: 3.3300  max_mem_allocated_mb: 825.6000  max_mem_reserved_mb: 14998.0000
05/22 20:10:01 - mmengine - INFO - Epoch(train)  [1][ 1250/10000]  base_lr: 5.1149e-05 lr: 5.1149e-05  eta: 1 day, 22:23:07  time: 0.5877  data_time: 0.0251  memory: 12157  loss: 1.6286  loss_heatmap: 0.4740  layer_-1_loss_cls: 0.1247  layer_-1_loss_bbox: 0.3735  matched_ious: 0.2507  aux_depth_loss: 0.6031  moe_importance_loss: 0.0018  moe_router_z_loss: 0.0051  moe_group_balance_loss: 0.0006  moe_ctx_aux_loss_weighted: 0.0458  grad_norm: 55.5280  sec_per_iter: 0.5996  iters_per_sec: 1.6700  samples_per_sec: 13.3400  samples_per_sec_per_gpu: 3.3400  max_mem_allocated_mb: 825.6000  max_mem_reserved_mb: 14998.0000
05/22 20:10:31 - mmengine - INFO - Epoch(train)  [1][ 1300/10000]  base_lr: 5.1237e-05 lr: 5.1237e-05  eta: 1 day, 22:20:43  time: 0.5884  data_time: 0.0255  memory: 12247  loss: 1.5204  loss_heatmap: 0.4301  layer_-1_loss_cls: 0.1072  layer_-1_loss_bbox: 0.3465  matched_ious: 0.3049  aux_depth_loss: 0.5820  moe_importance_loss: 0.0018  moe_router_z_loss: 0.0056  moe_group_balance_loss: 0.0006  moe_ctx_aux_loss_weighted: 0.0466  grad_norm: 51.4122  sec_per_iter: 0.5991  iters_per_sec: 1.6700  samples_per_sec: 13.3500  samples_per_sec_per_gpu: 3.3400  max_mem_allocated_mb: 825.6000  max_mem_reserved_mb: 14998.0000
05/22 20:11:00 - mmengine - INFO - Epoch(train)  [1][ 1350/10000]  base_lr: 5.1329e-05 lr: 5.1329e-05  eta: 1 day, 22:18:39  time: 0.5895  data_time: 0.0263  memory: 12156  loss: 1.5546  loss_heatmap: 0.4300  layer_-1_loss_cls: 0.1082  layer_-1_loss_bbox: 0.3801  matched_ious: 0.2144  aux_depth_loss: 0.5819  moe_importance_loss: 0.0018  moe_router_z_loss: 0.0054  moe_group_balance_loss: 0.0006  moe_ctx_aux_loss_weighted: 0.0466  grad_norm: 42.1323  sec_per_iter: 0.5987  iters_per_sec: 1.6700  samples_per_sec: 13.3600  samples_per_sec_per_gpu: 3.3400  max_mem_allocated_mb: 825.6000  max_mem_reserved_mb: 14998.0000
05/22 20:11:29 - mmengine - INFO - Epoch(train)  [1][ 1400/10000]  base_lr: 5.1424e-05 lr: 5.1424e-05  eta: 1 day, 22:15:10  time: 0.5803  data_time: 0.0289  memory: 12164  loss: 1.5825  loss_heatmap: 0.4308  layer_-1_loss_cls: 0.1159  layer_-1_loss_bbox: 0.3768  matched_ious: 0.2711  aux_depth_loss: 0.6062  moe_importance_loss: 0.0016  moe_router_z_loss: 0.0050  moe_group_balance_loss: 0.0006  moe_ctx_aux_loss_weighted: 0.0456  grad_norm: 60.0007  sec_per_iter: 0.5984  iters_per_sec: 1.6700  samples_per_sec: 13.3700  samples_per_sec_per_gpu: 3.3400  max_mem_allocated_mb: 825.6000  max_mem_reserved_mb: 14998.0000
05/22 20:11:59 - mmengine - INFO - Epoch(train)  [1][ 1450/10000]  base_lr: 5.1523e-05 lr: 5.1523e-05  eta: 1 day, 22:14:35  time: 0.5972  data_time: 0.0258  memory: 12281  loss: 1.6676  loss_heatmap: 0.4398  layer_-1_loss_cls: 0.1066  layer_-1_loss_bbox: 0.4083  matched_ious: 0.1604  aux_depth_loss: 0.6625  moe_importance_loss: 0.0015  moe_router_z_loss: 0.0042  moe_group_balance_loss: 0.0005  moe_ctx_aux_loss_weighted: 0.0443  grad_norm: 97.1821  sec_per_iter: 0.5977  iters_per_sec: 1.6700  samples_per_sec: 13.3800  samples_per_sec_per_gpu: 3.3500  max_mem_allocated_mb: 825.6000  max_mem_reserved_mb: 14998.0000
05/22 20:12:29 - mmengine - INFO - Epoch(train)  [1][ 1500/10000]  base_lr: 5.1625e-05 lr: 5.1625e-05  eta: 1 day, 22:13:41  time: 0.5951  data_time: 0.0245  memory: 12128  loss: 1.7509  loss_heatmap: 0.4878  layer_-1_loss_cls: 0.1113  layer_-1_loss_bbox: 0.5149  matched_ious: 0.2356  aux_depth_loss: 0.5854  moe_importance_loss: 0.0017  moe_router_z_loss: 0.0042  moe_group_balance_loss: 0.0006  moe_ctx_aux_loss_weighted: 0.0450  grad_norm: 82.8827  sec_per_iter: 0.5977  iters_per_sec: 1.6700  samples_per_sec: 13.3900  samples_per_sec_per_gpu: 3.3500  max_mem_allocated_mb: 825.6000  max_mem_reserved_mb: 14998.0000
05/22 20:12:58 - mmengine - INFO - Epoch(train)  [1][ 1550/10000]  base_lr: 5.1730e-05 lr: 5.1730e-05  eta: 1 day, 22:10:27  time: 0.5792  data_time: 0.0256  memory: 12152  loss: 1.4574  loss_heatmap: 0.4039  layer_-1_loss_cls: 0.1035  layer_-1_loss_bbox: 0.3389  matched_ious: 0.2554  aux_depth_loss: 0.5552  moe_importance_loss: 0.0022  moe_router_z_loss: 0.0045  moe_group_balance_loss: 0.0008  moe_ctx_aux_loss_weighted: 0.0485  grad_norm: 32.1666  sec_per_iter: 0.5976  iters_per_sec: 1.6700  samples_per_sec: 13.3900  samples_per_sec_per_gpu: 3.3500  max_mem_allocated_mb: 825.6000  max_mem_reserved_mb: 14998.0000
05/22 20:13:28 - mmengine - INFO - Epoch(train)  [1][ 1600/10000]  base_lr: 5.1839e-05 lr: 5.1839e-05  eta: 1 day, 22:11:54  time: 0.6105  data_time: 0.0257  memory: 12215  loss: 1.5656  loss_heatmap: 0.4068  layer_-1_loss_cls: 0.1009  layer_-1_loss_bbox: 0.4035  matched_ious: 0.3957  aux_depth_loss: 0.5997  moe_importance_loss: 0.0026  moe_router_z_loss: 0.0055  moe_group_balance_loss: 0.0010  moe_ctx_aux_loss_weighted: 0.0456  grad_norm: 26.7694  sec_per_iter: 0.5970  iters_per_sec: 1.6800  samples_per_sec: 13.4000  samples_per_sec_per_gpu: 3.3500  max_mem_allocated_mb: 825.6000  max_mem_reserved_mb: 14998.0000
05/22 20:14:01 - mmengine - INFO - Epoch(train)  [1][ 1650/10000]  base_lr: 5.1951e-05 lr: 5.1951e-05  eta: 1 day, 22:19:18  time: 0.6535  data_time: 0.0252  memory: 12279  loss: 1.4209  loss_heatmap: 0.3902  layer_-1_loss_cls: 0.0951  layer_-1_loss_bbox: 0.3230  matched_ious: 0.4287  aux_depth_loss: 0.5592  moe_importance_loss: 0.0021  moe_router_z_loss: 0.0053  moe_group_balance_loss: 0.0008  moe_ctx_aux_loss_weighted: 0.0451  grad_norm: 26.8549  sec_per_iter: 0.5974  iters_per_sec: 1.6700  samples_per_sec: 13.3900  samples_per_sec_per_gpu: 3.3500  max_mem_allocated_mb: 825.6000  max_mem_reserved_mb: 14998.0000
05/22 20:14:31 - mmengine - INFO - Epoch(train)  [1][ 1700/10000]  base_lr: 5.2067e-05 lr: 5.2067e-05  eta: 1 day, 22:18:33  time: 0.5973  data_time: 0.0258  memory: 12147  loss: 1.4082  loss_heatmap: 0.3757  layer_-1_loss_cls: 0.0986  layer_-1_loss_bbox: 0.3150  matched_ious: 0.2760  aux_depth_loss: 0.5648  moe_importance_loss: 0.0019  moe_router_z_loss: 0.0051  moe_group_balance_loss: 0.0007  moe_ctx_aux_loss_weighted: 0.0466  grad_norm: 32.6974  sec_per_iter: 0.5991  iters_per_sec: 1.6700  samples_per_sec: 13.3500  samples_per_sec_per_gpu: 3.3400  max_mem_allocated_mb: 825.6000  max_mem_reserved_mb: 14998.0000
05/22 20:15:01 - mmengine - INFO - Epoch(train)  [1][ 1750/10000]  base_lr: 5.2187e-05 lr: 5.2187e-05  eta: 1 day, 22:18:57  time: 0.6059  data_time: 0.0246  memory: 12310  loss: 1.4685  loss_heatmap: 0.3859  layer_-1_loss_cls: 0.0914  layer_-1_loss_bbox: 0.3341  matched_ious: 0.4486  aux_depth_loss: 0.6047  moe_importance_loss: 0.0016  moe_router_z_loss: 0.0048  moe_group_balance_loss: 0.0006  moe_ctx_aux_loss_weighted: 0.0454  grad_norm: 38.3776  sec_per_iter: 0.5991  iters_per_sec: 1.6700  samples_per_sec: 13.3500  samples_per_sec_per_gpu: 3.3400  max_mem_allocated_mb: 825.6000  max_mem_reserved_mb: 14998.0000
05/22 20:15:30 - mmengine - INFO - Epoch(train)  [1][ 1800/10000]  base_lr: 5.2309e-05 lr: 5.2309e-05  eta: 1 day, 22:16:44  time: 0.5859  data_time: 0.0254  memory: 12202  loss: 1.7111  loss_heatmap: 0.5073  layer_-1_loss_cls: 0.1263  layer_-1_loss_bbox: 0.4523  matched_ious: 0.2279  aux_depth_loss: 0.5742  moe_importance_loss: 0.0014  moe_router_z_loss: 0.0042  moe_group_balance_loss: 0.0005  moe_ctx_aux_loss_weighted: 0.0449  grad_norm: 48.4420  sec_per_iter: 0.5993  iters_per_sec: 1.6700  samples_per_sec: 13.3500  samples_per_sec_per_gpu: 3.3400  max_mem_allocated_mb: 825.6000  max_mem_reserved_mb: 14998.0000
05/22 20:16:02 - mmengine - INFO - Epoch(train)  [1][ 1850/10000]  base_lr: 5.2435e-05 lr: 5.2435e-05  eta: 1 day, 22:19:24  time: 0.6241  data_time: 0.0260  memory: 12146  loss: 1.6412  loss_heatmap: 0.4754  layer_-1_loss_cls: 0.1150  layer_-1_loss_bbox: 0.4008  matched_ious: 0.3750  aux_depth_loss: 0.5995  moe_importance_loss: 0.0016  moe_router_z_loss: 0.0042  moe_group_balance_loss: 0.0006  moe_ctx_aux_loss_weighted: 0.0440  grad_norm: 69.9714  sec_per_iter: 0.5989  iters_per_sec: 1.6700  samples_per_sec: 13.3600  samples_per_sec_per_gpu: 3.3400  max_mem_allocated_mb: 825.6000  max_mem_reserved_mb: 14998.0000
05/22 20:16:32 - mmengine - INFO - Epoch(train)  [1][ 1900/10000]  base_lr: 5.2565e-05 lr: 5.2565e-05  eta: 1 day, 22:20:51  time: 0.6156  data_time: 0.0260  memory: 12232  loss: 1.8029  loss_heatmap: 0.4878  layer_-1_loss_cls: 0.1091  layer_-1_loss_bbox: 0.5648  matched_ious: 0.0962  aux_depth_loss: 0.5935  moe_importance_loss: 0.0014  moe_router_z_loss: 0.0036  moe_group_balance_loss: 0.0005  moe_ctx_aux_loss_weighted: 0.0424  grad_norm: 65.8641  sec_per_iter: 0.5996  iters_per_sec: 1.6700  samples_per_sec: 13.3400  samples_per_sec_per_gpu: 3.3400  max_mem_allocated_mb: 825.6000  max_mem_reserved_mb: 14998.0000
05/22 20:17:03 - mmengine - INFO - Epoch(train)  [1][ 1950/10000]  base_lr: 5.2698e-05 lr: 5.2698e-05  eta: 1 day, 22:22:04  time: 0.6143  data_time: 0.0259  memory: 12189  loss: 1.4487  loss_heatmap: 0.3980  layer_-1_loss_cls: 0.0942  layer_-1_loss_bbox: 0.3489  matched_ious: 0.2418  aux_depth_loss: 0.5581  moe_importance_loss: 0.0014  moe_router_z_loss: 0.0037  moe_group_balance_loss: 0.0005  moe_ctx_aux_loss_weighted: 0.0440  grad_norm: 41.6636  sec_per_iter: 0.6000  iters_per_sec: 1.6700  samples_per_sec: 13.3300  samples_per_sec_per_gpu: 3.3300  max_mem_allocated_mb: 825.6000  max_mem_reserved_mb: 14998.0000
05/22 20:17:35 - mmengine - INFO - Exp name: zod_moe_modality_specific_20260522_195637
05/22 20:17:35 - mmengine - INFO - Epoch(train)  [1][ 2000/10000]  base_lr: 5.2834e-05 lr: 5.2834e-05  eta: 1 day, 22:25:22  time: 0.6331  data_time: 0.0325  memory: 12153  loss: 1.5371  loss_heatmap: 0.4239  layer_-1_loss_cls: 0.1079  layer_-1_loss_bbox: 0.3663  matched_ious: 0.4001  aux_depth_loss: 0.5876  moe_importance_loss: 0.0016  moe_router_z_loss: 0.0038  moe_group_balance_loss: 0.0005  moe_ctx_aux_loss_weighted: 0.0455  grad_norm: 42.8471  sec_per_iter: 0.6004  iters_per_sec: 1.6700  samples_per_sec: 13.3300  samples_per_sec_per_gpu: 3.3300  max_mem_allocated_mb: 825.6000  max_mem_reserved_mb: 14998.0000
05/22 20:18:05 - mmengine - INFO - Epoch(train)  [1][ 2050/10000]  base_lr: 5.2974e-05 lr: 5.2974e-05  eta: 1 day, 22:24:16  time: 0.5960  data_time: 0.0257  memory: 12218  loss: 1.5549  loss_heatmap: 0.4277  layer_-1_loss_cls: 0.1019  layer_-1_loss_bbox: 0.3734  matched_ious: 0.2015  aux_depth_loss: 0.6022  moe_importance_loss: 0.0018  moe_router_z_loss: 0.0035  moe_group_balance_loss: 0.0006  moe_ctx_aux_loss_weighted: 0.0440  grad_norm: 64.0962  sec_per_iter: 0.6012  iters_per_sec: 1.6600  samples_per_sec: 13.3100  samples_per_sec_per_gpu: 3.3300  max_mem_allocated_mb: 825.6000  max_mem_reserved_mb: 14998.0000
05/22 20:18:35 - mmengine - INFO - Epoch(train)  [1][ 2100/10000]  base_lr: 5.3117e-05 lr: 5.3117e-05  eta: 1 day, 22:24:49  time: 0.6105  data_time: 0.0261  memory: 12122  loss: 1.4891  loss_heatmap: 0.3844  layer_-1_loss_cls: 0.1091  layer_-1_loss_bbox: 0.3307  matched_ious: 0.4173  aux_depth_loss: 0.6174  moe_importance_loss: 0.0020  moe_router_z_loss: 0.0039  moe_group_balance_loss: 0.0007  moe_ctx_aux_loss_weighted: 0.0410  grad_norm: 59.3935  sec_per_iter: 0.6011  iters_per_sec: 1.6600  samples_per_sec: 13.3100  samples_per_sec_per_gpu: 3.3300  max_mem_allocated_mb: 825.6000  max_mem_reserved_mb: 14998.0000
05/22 20:19:05 - mmengine - INFO - Epoch(train)  [1][ 2150/10000]  base_lr: 5.3264e-05 lr: 5.3264e-05  eta: 1 day, 22:23:57  time: 0.5979  data_time: 0.0257  memory: 12181  loss: 1.5561  loss_heatmap: 0.4289  layer_-1_loss_cls: 0.1081  layer_-1_loss_bbox: 0.3801  matched_ious: 0.3603  aux_depth_loss: 0.5878  moe_importance_loss: 0.0020  moe_router_z_loss: 0.0040  moe_group_balance_loss: 0.0007  moe_ctx_aux_loss_weighted: 0.0446  grad_norm: 44.6212  sec_per_iter: 0.6013  iters_per_sec: 1.6600  samples_per_sec: 13.3000  samples_per_sec_per_gpu: 3.3300  max_mem_allocated_mb: 825.6000  max_mem_reserved_mb: 14998.0000
05/22 20:19:35 - mmengine - INFO - Epoch(train)  [1][ 2200/10000]  base_lr: 5.3414e-05 lr: 5.3414e-05  eta: 1 day, 22:22:55  time: 0.5961  data_time: 0.0260  memory: 12290  loss: 1.4538  loss_heatmap: 0.3970  layer_-1_loss_cls: 0.1076  layer_-1_loss_bbox: 0.3077  matched_ious: 0.4237  aux_depth_loss: 0.5960  moe_importance_loss: 0.0020  moe_router_z_loss: 0.0038  moe_group_balance_loss: 0.0007  moe_ctx_aux_loss_weighted: 0.0390  grad_norm: 42.4508  sec_per_iter: 0.6012  iters_per_sec: 1.6600  samples_per_sec: 13.3100  samples_per_sec_per_gpu: 3.3300  max_mem_allocated_mb: 825.6000  max_mem_reserved_mb: 14998.0000
05/22 20:20:04 - mmengine - INFO - Epoch(train)  [1][ 2250/10000]  base_lr: 5.3568e-05 lr: 5.3568e-05  eta: 1 day, 22:20:10  time: 0.5793  data_time: 0.0255  memory: 12177  loss: 1.3702  loss_heatmap: 0.3313  layer_-1_loss_cls: 0.0891  layer_-1_loss_bbox: 0.3102  matched_ious: 0.2069  aux_depth_loss: 0.5915  moe_importance_loss: 0.0019  moe_router_z_loss: 0.0035  moe_group_balance_loss: 0.0006  moe_ctx_aux_loss_weighted: 0.0419  grad_norm: 58.2850  sec_per_iter: 0.6011  iters_per_sec: 1.6600  samples_per_sec: 13.3100  samples_per_sec_per_gpu: 3.3300  max_mem_allocated_mb: 825.6000  max_mem_reserved_mb: 14998.0000
05/22 20:20:34 - mmengine - INFO - Epoch(train)  [1][ 2300/10000]  base_lr: 5.3725e-05 lr: 5.3725e-05  eta: 1 day, 22:20:24  time: 0.6078  data_time: 0.0262  memory: 12140  loss: 1.5309  loss_heatmap: 0.4112  layer_-1_loss_cls: 0.1004  layer_-1_loss_bbox: 0.3719  matched_ious: 0.1450  aux_depth_loss: 0.5997  moe_importance_loss: 0.0019  moe_router_z_loss: 0.0034  moe_group_balance_loss: 0.0007  moe_ctx_aux_loss_weighted: 0.0417  grad_norm: 75.1617  sec_per_iter: 0.6006  iters_per_sec: 1.6600  samples_per_sec: 13.3200  samples_per_sec_per_gpu: 3.3300  max_mem_allocated_mb: 825.6000  max_mem_reserved_mb: 14998.0000
05/22 20:21:03 - mmengine - INFO - Epoch(train)  [1][ 2350/10000]  base_lr: 5.3885e-05 lr: 5.3885e-05  eta: 1 day, 22:17:58  time: 0.5810  data_time: 0.0254  memory: 12353  loss: 1.5714  loss_heatmap: 0.4173  layer_-1_loss_cls: 0.1049  layer_-1_loss_bbox: 0.4011  matched_ious: 0.1942  aux_depth_loss: 0.5956  moe_importance_loss: 0.0021  moe_router_z_loss: 0.0042  moe_group_balance_loss: 0.0007  moe_ctx_aux_loss_weighted: 0.0455  grad_norm: 81.7623  sec_per_iter: 0.6008  iters_per_sec: 1.6600  samples_per_sec: 13.3200  samples_per_sec_per_gpu: 3.3300  max_mem_allocated_mb: 825.6000  max_mem_reserved_mb: 14998.0000
05/22 20:21:34 - mmengine - INFO - Epoch(train)  [1][ 2400/10000]  base_lr: 5.4049e-05 lr: 5.4049e-05  eta: 1 day, 22:18:18  time: 0.6091  data_time: 0.0266  memory: 12147  loss: 1.4726  loss_heatmap: 0.3678  layer_-1_loss_cls: 0.0921  layer_-1_loss_bbox: 0.3406  matched_ious: 0.2333  aux_depth_loss: 0.6172  moe_importance_loss: 0.0021  moe_router_z_loss: 0.0042  moe_group_balance_loss: 0.0007  moe_ctx_aux_loss_weighted: 0.0479  grad_norm: 90.3109  sec_per_iter: 0.6004  iters_per_sec: 1.6700  samples_per_sec: 13.3300  samples_per_sec_per_gpu: 3.3300  max_mem_allocated_mb: 825.6000  max_mem_reserved_mb: 14998.0000
05/22 20:22:03 - mmengine - INFO - Epoch(train)  [1][ 2450/10000]  base_lr: 5.4216e-05 lr: 5.4216e-05  eta: 1 day, 22:15:40  time: 0.5778  data_time: 0.0271  memory: 12204  loss: 1.4365  loss_heatmap: 0.3926  layer_-1_loss_cls: 0.1061  layer_-1_loss_bbox: 0.3239  matched_ious: 0.1504  aux_depth_loss: 0.5644  moe_importance_loss: 0.0020  moe_router_z_loss: 0.0040  moe_group_balance_loss: 0.0007  moe_ctx_aux_loss_weighted: 0.0428  grad_norm: 79.8554  sec_per_iter: 0.6005  iters_per_sec: 1.6700  samples_per_sec: 13.3200  samples_per_sec_per_gpu: 3.3300  max_mem_allocated_mb: 825.6000  max_mem_reserved_mb: 14998.0000
05/22 20:22:33 - mmengine - INFO - Epoch(train)  [1][ 2500/10000]  base_lr: 5.4387e-05 lr: 5.4387e-05  eta: 1 day, 22:15:47  time: 0.6067  data_time: 0.0279  memory: 12220  loss: 1.5595  loss_heatmap: 0.4280  layer_-1_loss_cls: 0.0968  layer_-1_loss_bbox: 0.3961  matched_ious: 0.0805  aux_depth_loss: 0.5906  moe_importance_loss: 0.0019  moe_router_z_loss: 0.0039  moe_group_balance_loss: 0.0007  moe_ctx_aux_loss_weighted: 0.0416  grad_norm: 66.9429  sec_per_iter: 0.6001  iters_per_sec: 1.6700  samples_per_sec: 13.3300  samples_per_sec_per_gpu: 3.3300  max_mem_allocated_mb: 825.6000  max_mem_reserved_mb: 14998.0000
05/22 20:23:02 - mmengine - INFO - Epoch(train)  [1][ 2550/10000]  base_lr: 5.4561e-05 lr: 5.4561e-05  eta: 1 day, 22:14:24  time: 0.5905  data_time: 0.0258  memory: 12150  loss: 1.4619  loss_heatmap: 0.3972  layer_-1_loss_cls: 0.0960  layer_-1_loss_bbox: 0.3546  matched_ious: 0.1041  aux_depth_loss: 0.5676  moe_importance_loss: 0.0015  moe_router_z_loss: 0.0034  moe_group_balance_loss: 0.0005  moe_ctx_aux_loss_weighted: 0.0411  grad_norm: 59.5638  sec_per_iter: 0.6002  iters_per_sec: 1.6700  samples_per_sec: 13.3300  samples_per_sec_per_gpu: 3.3300  max_mem_allocated_mb: 825.6000  max_mem_reserved_mb: 14998.0000
05/22 20:23:32 - mmengine - INFO - Epoch(train)  [1][ 2600/10000]  base_lr: 5.4738e-05 lr: 5.4738e-05  eta: 1 day, 22:13:24  time: 0.5944  data_time: 0.0280  memory: 12160  loss: 1.4993  loss_heatmap: 0.3998  layer_-1_loss_cls: 0.1069  layer_-1_loss_bbox: 0.3532  matched_ious: 0.2572  aux_depth_loss: 0.5925  moe_importance_loss: 0.0014  moe_router_z_loss: 0.0027  moe_group_balance_loss: 0.0004  moe_ctx_aux_loss_weighted: 0.0424  grad_norm: 63.8402  sec_per_iter: 0.6000  iters_per_sec: 1.6700  samples_per_sec: 13.3300  samples_per_sec_per_gpu: 3.3300  max_mem_allocated_mb: 825.6000  max_mem_reserved_mb: 14998.0000
05/22 20:24:01 - mmengine - INFO - Epoch(train)  [1][ 2650/10000]  base_lr: 5.4919e-05 lr: 5.4919e-05  eta: 1 day, 22:11:12  time: 0.5803  data_time: 0.0263  memory: 12146  loss: 1.4474  loss_heatmap: 0.3883  layer_-1_loss_cls: 0.1055  layer_-1_loss_bbox: 0.3414  matched_ious: 0.0900  aux_depth_loss: 0.5622  moe_importance_loss: 0.0015  moe_router_z_loss: 0.0025  moe_group_balance_loss: 0.0005  moe_ctx_aux_loss_weighted: 0.0455  grad_norm: 54.2835  sec_per_iter: 0.5999  iters_per_sec: 1.6700  samples_per_sec: 13.3400  samples_per_sec_per_gpu: 3.3300  max_mem_allocated_mb: 825.6000  max_mem_reserved_mb: 14998.0000
05/22 20:24:32 - mmengine - INFO - Epoch(train)  [1][ 2700/10000]  base_lr: 5.5103e-05 lr: 5.5103e-05  eta: 1 day, 22:11:29  time: 0.6087  data_time: 0.0290  memory: 12238  loss: 1.5117  loss_heatmap: 0.4182  layer_-1_loss_cls: 0.1043  layer_-1_loss_bbox: 0.3831  matched_ious: 0.2242  aux_depth_loss: 0.5566  moe_importance_loss: 0.0014  moe_router_z_loss: 0.0022  moe_group_balance_loss: 0.0005  moe_ctx_aux_loss_weighted: 0.0454  grad_norm: 31.6273  sec_per_iter: 0.5996  iters_per_sec: 1.6700  samples_per_sec: 13.3400  samples_per_sec_per_gpu: 3.3400  max_mem_allocated_mb: 825.6000  max_mem_reserved_mb: 14998.0000
05/22 20:25:01 - mmengine - INFO - Epoch(train)  [1][ 2750/10000]  base_lr: 5.5290e-05 lr: 5.5290e-05  eta: 1 day, 22:09:39  time: 0.5838  data_time: 0.0260  memory: 12191  loss: 1.3927  loss_heatmap: 0.3560  layer_-1_loss_cls: 0.0900  layer_-1_loss_bbox: 0.3274  matched_ious: 0.2833  aux_depth_loss: 0.5724  moe_importance_loss: 0.0016  moe_router_z_loss: 0.0022  moe_group_balance_loss: 0.0005  moe_ctx_aux_loss_weighted: 0.0426  grad_norm: 43.5267  sec_per_iter: 0.5997  iters_per_sec: 1.6700  samples_per_sec: 13.3400  samples_per_sec_per_gpu: 3.3400  max_mem_allocated_mb: 825.6000  max_mem_reserved_mb: 14998.0000
05/22 20:25:30 - mmengine - INFO - Epoch(train)  [1][ 2800/10000]  base_lr: 5.5481e-05 lr: 5.5481e-05  eta: 1 day, 22:08:37  time: 0.5928  data_time: 0.0269  memory: 12126  loss: 1.5869  loss_heatmap: 0.4578  layer_-1_loss_cls: 0.1181  layer_-1_loss_bbox: 0.4141  matched_ious: 0.1280  aux_depth_loss: 0.5497  moe_importance_loss: 0.0016  moe_router_z_loss: 0.0022  moe_group_balance_loss: 0.0006  moe_ctx_aux_loss_weighted: 0.0430  grad_norm: 50.6028  sec_per_iter: 0.5994  iters_per_sec: 1.6700  samples_per_sec: 13.3500  samples_per_sec_per_gpu: 3.3400  max_mem_allocated_mb: 825.6000  max_mem_reserved_mb: 14998.0000
05/22 20:26:00 - mmengine - INFO - Epoch(train)  [1][ 2850/10000]  base_lr: 5.5676e-05 lr: 5.5676e-05  eta: 1 day, 22:08:03  time: 0.5984  data_time: 0.0264  memory: 12165  loss: 1.4682  loss_heatmap: 0.3927  layer_-1_loss_cls: 0.1024  layer_-1_loss_bbox: 0.3740  matched_ious: 0.1069  aux_depth_loss: 0.5513  moe_importance_loss: 0.0017  moe_router_z_loss: 0.0021  moe_group_balance_loss: 0.0006  moe_ctx_aux_loss_weighted: 0.0433  grad_norm: 43.0332  sec_per_iter: 0.5993  iters_per_sec: 1.6700  samples_per_sec: 13.3500  samples_per_sec_per_gpu: 3.3400  max_mem_allocated_mb: 825.6000  max_mem_reserved_mb: 14998.0000
05/22 20:26:30 - mmengine - INFO - Epoch(train)  [1][ 2900/10000]  base_lr: 5.5873e-05 lr: 5.5873e-05  eta: 1 day, 22:07:37  time: 0.6002  data_time: 0.0265  memory: 12274  loss: 1.4595  loss_heatmap: 0.3934  layer_-1_loss_cls: 0.1051  layer_-1_loss_bbox: 0.3371  matched_ious: 0.2150  aux_depth_loss: 0.5770  moe_importance_loss: 0.0019  moe_router_z_loss: 0.0021  moe_group_balance_loss: 0.0007  moe_ctx_aux_loss_weighted: 0.0423  grad_norm: 65.7201  sec_per_iter: 0.5993  iters_per_sec: 1.6700  samples_per_sec: 13.3500  samples_per_sec_per_gpu: 3.3400  max_mem_allocated_mb: 825.6000  max_mem_reserved_mb: 14998.0000
05/22 20:27:00 - mmengine - INFO - Epoch(train)  [1][ 2950/10000]  base_lr: 5.6075e-05 lr: 5.6075e-05  eta: 1 day, 22:07:18  time: 0.6016  data_time: 0.0274  memory: 12240  loss: 1.6611  loss_heatmap: 0.5071  layer_-1_loss_cls: 0.1230  layer_-1_loss_bbox: 0.4303  matched_ious: 0.1952  aux_depth_loss: 0.5526  moe_importance_loss: 0.0018  moe_router_z_loss: 0.0021  moe_group_balance_loss: 0.0006  moe_ctx_aux_loss_weighted: 0.0434  grad_norm: 81.2564  sec_per_iter: 0.5993  iters_per_sec: 1.6700  samples_per_sec: 13.3500  samples_per_sec_per_gpu: 3.3400  max_mem_allocated_mb: 825.6000  max_mem_reserved_mb: 14998.0000
05/22 20:27:30 - mmengine - INFO - Exp name: zod_moe_modality_specific_20260522_195637
05/22 20:27:30 - mmengine - INFO - Epoch(train)  [1][ 3000/10000]  base_lr: 5.6279e-05 lr: 5.6279e-05  eta: 1 day, 22:06:30  time: 0.5953  data_time: 0.0258  memory: 12242  loss: 1.3926  loss_heatmap: 0.4208  layer_-1_loss_cls: 0.1115  layer_-1_loss_bbox: 0.2755  matched_ious: 0.3464  aux_depth_loss: 0.5388  moe_importance_loss: 0.0018  moe_router_z_loss: 0.0023  moe_group_balance_loss: 0.0007  moe_ctx_aux_loss_weighted: 0.0412  grad_norm: 46.3197  sec_per_iter: 0.5993  iters_per_sec: 1.6700  samples_per_sec: 13.3500  samples_per_sec_per_gpu: 3.3400  max_mem_allocated_mb: 825.6000  max_mem_reserved_mb: 14998.0000
05/22 20:28:01 - mmengine - INFO - Epoch(train)  [1][ 3050/10000]  base_lr: 5.6487e-05 lr: 5.6487e-05  eta: 1 day, 22:06:55  time: 0.6114  data_time: 0.0270  memory: 12154  loss: 1.5096  loss_heatmap: 0.4128  layer_-1_loss_cls: 0.1065  layer_-1_loss_bbox: 0.3570  matched_ious: 0.2098  aux_depth_loss: 0.5834  moe_importance_loss: 0.0025  moe_router_z_loss: 0.0030  moe_group_balance_loss: 0.0009  moe_ctx_aux_loss_weighted: 0.0437  grad_norm: 84.7005  sec_per_iter: 0.5993  iters_per_sec: 1.6700  samples_per_sec: 13.3500  samples_per_sec_per_gpu: 3.3400  max_mem_allocated_mb: 825.6000  max_mem_reserved_mb: 14998.0000
05/22 20:28:30 - mmengine - INFO - Epoch(train)  [1][ 3100/10000]  base_lr: 5.6698e-05 lr: 5.6698e-05  eta: 1 day, 22:05:54  time: 0.5925  data_time: 0.0259  memory: 12177  loss: 1.4615  loss_heatmap: 0.4096  layer_-1_loss_cls: 0.1020  layer_-1_loss_bbox: 0.3534  matched_ious: 0.0401  aux_depth_loss: 0.5479  moe_importance_loss: 0.0026  moe_router_z_loss: 0.0027  moe_group_balance_loss: 0.0009  moe_ctx_aux_loss_weighted: 0.0424  grad_norm: 95.2496  sec_per_iter: 0.5995  iters_per_sec: 1.6700  samples_per_sec: 13.3500  samples_per_sec_per_gpu: 3.3400  max_mem_allocated_mb: 825.6000  max_mem_reserved_mb: 14998.0000
