Using PYTHON=/home/users/u103958/miniconda3/envs/multimodal-moe/bin/python
python /home/users/u103958/miniconda3/envs/multimodal-moe/bin/python
torch 2.4.0+cu121
Camera-side modules + JointModalityMoEBlock registered OK
Dual-init + MoE hooks registered OK
=== Slurm job 4610530 on mel2090 ===
MMDET3D_ROOT=/home/users/u103958/projects/multimodal-MoE/mmdetection3d
CONFIG=configs/zod/zod_moe_joint_modality.py
WORK_DIR=/home/users/u103958/projects/multimodal-MoE/outputs/runs/zod_moe_joint_modality/moe-joint-modality_4610530
CUDA_VISIBLE_DEVICES (step 0): 0,1,2,3     
GPU 0: NVIDIA A100-SXM4-40GB (UUID: GPU-90705ba5-663a-f008-691d-8f2646850d1a)
GPU 1: NVIDIA A100-SXM4-40GB (UUID: GPU-b223cf95-a91d-d1bd-a18d-68d6941dec89)
GPU 2: NVIDIA A100-SXM4-40GB (UUID: GPU-ad274992-6152-ae04-57e3-5b45d42508ce)
GPU 3: NVIDIA A100-SXM4-40GB (UUID: GPU-6f37985c-f972-2881-c36a-38a6674e8f0a)
NCCL version 2.20.5+cuda12.4
05/22 19:56:46 - mmengine - INFO - 
------------------------------------------------------------
System environment:
    sys.platform: linux
    Python: 3.10.20 | packaged by conda-forge | (main, Mar  5 2026, 16:42:22) [GCC 14.3.0]
    CUDA available: True
    MUSA available: False
    numpy_random_seed: 1822480271
    GPU 0: NVIDIA A100-SXM4-40GB
    CUDA_HOME: None
    GCC: gcc (GCC) 8.5.0 20210514 (Red Hat 8.5.0-28)
    PyTorch: 2.4.0+cu121
    PyTorch compiling details: PyTorch built with:
  - GCC 9.3
  - C++ Version: 201703
  - Intel(R) oneAPI Math Kernel Library Version 2022.2-Product Build 20220804 for Intel(R) 64 architecture applications
  - Intel(R) MKL-DNN v3.4.2 (Git Hash 1137e04ec0b5251ca2b4400a4fd3c667ce843d67)
  - OpenMP 201511 (a.k.a. OpenMP 4.5)
  - LAPACK is enabled (usually provided by MKL)
  - NNPACK is enabled
  - CPU capability usage: AVX2
  - CUDA Runtime 12.1
  - NVCC architecture flags: -gencode;arch=compute_50,code=sm_50;-gencode;arch=compute_60,code=sm_60;-gencode;arch=compute_70,code=sm_70;-gencode;arch=compute_75,code=sm_75;-gencode;arch=compute_80,code=sm_80;-gencode;arch=compute_86,code=sm_86;-gencode;arch=compute_90,code=sm_90
  - CuDNN 90.1  (built against CUDA 12.4)
  - Magma 2.6.1
  - Build settings: BLAS_INFO=mkl, BUILD_TYPE=Release, CUDA_VERSION=12.1, CUDNN_VERSION=9.1.0, CXX_COMPILER=/opt/rh/devtoolset-9/root/usr/bin/c++, CXX_FLAGS= -D_GLIBCXX_USE_CXX11_ABI=0 -fabi-version=11 -fvisibility-inlines-hidden -DUSE_PTHREADPOOL -DNDEBUG -DUSE_KINETO -DLIBKINETO_NOROCTRACER -DUSE_FBGEMM -DUSE_PYTORCH_QNNPACK -DUSE_XNNPACK -DSYMBOLICATE_MOBILE_DEBUG_HANDLE -O2 -fPIC -Wall -Wextra -Werror=return-type -Werror=non-virtual-dtor -Werror=bool-operation -Wnarrowing -Wno-missing-field-initializers -Wno-type-limits -Wno-array-bounds -Wno-unknown-pragmas -Wno-unused-parameter -Wno-unused-function -Wno-unused-result -Wno-strict-overflow -Wno-strict-aliasing -Wno-stringop-overflow -Wsuggest-override -Wno-psabi -Wno-error=pedantic -Wno-error=old-style-cast -Wno-missing-braces -fdiagnostics-color=always -faligned-new -Wno-unused-but-set-variable -Wno-maybe-uninitialized -fno-math-errno -fno-trapping-math -Werror=format -Wno-stringop-overflow, LAPACK_INFO=mkl, PERF_WITH_AVX=1, PERF_WITH_AVX2=1, PERF_WITH_AVX512=1, TORCH_VERSION=2.4.0, USE_CUDA=ON, USE_CUDNN=ON, USE_CUSPARSELT=1, USE_EXCEPTION_PTR=1, USE_GFLAGS=OFF, USE_GLOG=OFF, USE_GLOO=ON, USE_MKL=ON, USE_MKLDNN=ON, USE_MPI=OFF, USE_NCCL=1, USE_NNPACK=ON, USE_OPENMP=ON, USE_ROCM=OFF, USE_ROCM_KERNEL_ASSERT=OFF, 

    TorchVision: 0.19.0+cu121
    OpenCV: 4.9.0
    MMEngine: 0.10.7

Runtime environment:
    cudnn_benchmark: False
    mp_cfg: {'mp_start_method': 'fork', 'opencv_num_threads': 0}
    dist_cfg: {'backend': 'nccl'}
    seed: 1822480271
    Distributed launcher: slurm
    Distributed training: True
    GPU number: 4
------------------------------------------------------------

05/22 19:56:47 - mmengine - INFO - Config:
_VIS_EPOCHS = (
    1,
    5,
    10,
    15,
    20,
    25,
    28,
)
auto_scale_lr = dict(enable=False)
backend_args = None
class_names = [
    'pedestrian',
]
custom_hooks = [
    dict(
        camera_ckpt=
        '/home/users/u103958/projects/multimodal-MoE/outputs/runs/zod_camera_only/zod-cam-only_4577582/best_mAP_0.50_epoch_31.pth',
        camera_modules=[
            'img_backbone',
            'img_neck',
            'view_transform',
        ],
        lidar_ckpt=
        '/home/users/u103958/projects/multimodal-MoE/outputs/runs/zod_lidar_only/zod-lidar-only_4570893/best_mAP_0.50_epoch_30.pth',
        lidar_modules=[
            'pts_middle_encoder',
            'pts_backbone',
            'pts_neck',
            'bbox_head',
        ],
        type='DualCheckpointInitHook'),
    dict(
        type='BEVFeatureVisualizationHook',
        vis_epochs=(
            1,
            5,
            10,
            15,
            20,
            25,
            28,
        )),
    dict(
        score_thr=0.15,
        type='BEVPredictionVisualizationHook',
        vis_epochs=(
            1,
            5,
            10,
            15,
            20,
            25,
            28,
        )),
    dict(
        score_thr=0.15,
        type='BEVValPredictionVisualizationHook',
        vis_epochs=(
            1,
            5,
            10,
            15,
            20,
            25,
            28,
        )),
    dict(
        type='BEVCameraFeatureVisualizationHook',
        vis_epochs=(
            1,
            5,
            10,
            15,
            20,
            25,
            28,
        )),
    dict(
        type='DepthTransformDiagnosticHook',
        vis_epochs=(
            1,
            5,
            10,
            15,
            20,
            25,
            28,
        )),
    dict(type='TrainingEfficiencyHook'),
    dict(type='RunSummaryHook'),
    dict(
        type='DepthProjectionDebugHook',
        vis_epochs=(
            1,
            5,
            10,
            15,
            20,
            25,
            28,
        )),
    dict(
        filename='val_curve_ap_0_50_0_5m',
        metric_keys=(
            'mAP_0.50',
            'mAP_0.5m',
        ),
        type='ValidationCurveHook'),
    dict(
        dead_threshold_ratio=0.1,
        max_respawns=5,
        num_experts=4,
        perturbation_std=0.02,
        skip_first_epoch=True,
        type='ExpertRespawnHook'),
    dict(
        ap_metric_key='mAP_0.5m',
        enable_hook_a=True,
        enable_hook_b=True,
        enable_hook_c=False,
        num_experts=4,
        type='MoERoutingHook'),
    dict(type='ContextRoutingStatsHook'),
    dict(type='ContextExpertUsageVisualizationHook'),
]
custom_imports = dict(
    allow_failed_imports=False, imports=[
        'projects.BEVFusion.bevfusion',
    ])
data_prefix = dict(CAM_FRONT='', pts='')
data_root = '/mnt/tier2/project/p201222/u103958/zod_moe/zod_nuscenes/'
dataset_type = 'ZODDataset'
default_hooks = dict(
    checkpoint=dict(
        interval=5,
        rule='greater',
        save_best='mAP_0.50',
        type='CheckpointHook'),
    logger=dict(interval=50, type='LoggerHook'),
    param_scheduler=dict(type='ParamSchedulerHook'),
    sampler_seed=dict(type='DistSamplerSeedHook'),
    timer=dict(type='IterTimerHook'),
    visualization=dict(type='Det3DVisualizationHook'))
default_scope = 'mmdet3d'
env_cfg = dict(
    cudnn_benchmark=False,
    dist_cfg=dict(backend='nccl'),
    mp_cfg=dict(mp_start_method='fork', opencv_num_threads=0))
grid_size = [
    1440,
    1440,
    40,
]
input_modality = dict(use_camera=True, use_lidar=True)
joint_modality_moe_cfg = dict(
    cam_channels=80,
    context_aux_cfg=dict(
        class_weights='inverse_frequency',
        label_smoothing=0.05,
        loss_coef=0.03,
        loss_type='weighted_ce',
        target_field='road_type'),
    expert_type='full',
    gate_cfg=dict(temperature=1.0),
    gate_input_detach=True,
    gate_type='dense',
    importance_coef=0.005,
    lidar_channels=256,
    load_coef=0.0,
    num_experts=4,
    num_refine_convs=2,
    out_channels=256,
    residual_gain=1.0,
    router_out_dim=128,
    type='JointModalityMoEBlock',
    z_loss_coef=0.002)
launcher = 'slurm'
load_from = None
log_level = 'INFO'
log_processor = dict(by_epoch=True, type='LogProcessor', window_size=50)
lr = 5e-05
metainfo = dict(
    box_type_3d='LiDAR', classes=[
        'pedestrian',
    ])
model = dict(
    bbox_head=dict(
        auxiliary=True,
        bbox_coder=dict(
            code_size=8,
            out_size_factor=8,
            pc_range=[
                0.0,
                -54.0,
            ],
            post_center_range=[
                0.0,
                -54.0,
                -10.0,
                108.0,
                54.0,
                10.0,
            ],
            score_threshold=0.0,
            type='TransFusionBBoxCoder',
            voxel_size=[
                0.075,
                0.075,
            ]),
        bn_momentum=0.1,
        common_heads=dict(
            center=[
                2,
                2,
            ], dim=[
                3,
                2,
            ], height=[
                1,
                2,
            ], rot=[
                2,
                2,
            ]),
        decoder_layer=dict(
            cross_attn_cfg=dict(dropout=0.1, embed_dims=128, num_heads=8),
            ffn_cfg=dict(
                act_cfg=dict(inplace=True, type='ReLU'),
                embed_dims=128,
                feedforward_channels=256,
                ffn_drop=0.1,
                num_fcs=2),
            norm_cfg=dict(type='LN'),
            pos_encoding_cfg=dict(input_channel=2, num_pos_feats=128),
            self_attn_cfg=dict(dropout=0.1, embed_dims=128, num_heads=8),
            type='TransformerDecoderLayer'),
        hidden_channel=128,
        in_channels=512,
        loss_bbox=dict(
            loss_weight=0.25, reduction='mean', type='mmdet.L1Loss'),
        loss_cls=dict(
            alpha=0.25,
            gamma=2.0,
            loss_weight=1.0,
            reduction='mean',
            type='mmdet.FocalLoss',
            use_sigmoid=True),
        loss_heatmap=dict(
            loss_weight=1.0, reduction='mean', type='mmdet.GaussianFocalLoss'),
        nms_kernel_size=3,
        num_classes=1,
        num_decoder_layers=1,
        num_proposals=500,
        test_cfg=dict(
            dataset='custom_zod',
            grid_size=[
                1440,
                1440,
                40,
            ],
            nms_type='circle',
            out_size_factor=8,
            pc_range=[
                0.0,
                -54.0,
            ],
            voxel_size=[
                0.075,
                0.075,
            ]),
        train_cfg=dict(
            assigner=dict(
                cls_cost=dict(
                    alpha=0.25,
                    gamma=2.0,
                    type='mmdet.FocalLossCost',
                    weight=0.15),
                iou_calculator=dict(coordinate='lidar', type='BboxOverlaps3D'),
                iou_cost=dict(type='IoU3DCost', weight=0.25),
                reg_cost=dict(type='BBoxBEVL1Cost', weight=0.25),
                type='HungarianAssigner3D'),
            code_weights=[
                1.0,
                1.0,
                1.0,
                1.0,
                1.0,
                1.0,
                1.0,
                1.0,
            ],
            dataset='custom_zod',
            gaussian_overlap=0.1,
            grid_size=[
                1440,
                1440,
                40,
            ],
            min_radius=2,
            out_size_factor=8,
            point_cloud_range=[
                0.0,
                -54.0,
                -5.0,
                108.0,
                54.0,
                3.0,
            ],
            pos_weight=-1,
            voxel_size=[
                0.075,
                0.075,
                0.2,
            ]),
        type='TransFusionHead'),
    data_preprocessor=dict(
        bgr_to_rgb=False,
        mean=[
            123.675,
            116.28,
            103.53,
        ],
        pad_size_divisor=32,
        std=[
            58.395,
            57.12,
            57.375,
        ],
        type='Det3DDataPreprocessor',
        voxelize_cfg=dict(
            max_num_points=10,
            max_voxels=[
                200000,
                240000,
            ],
            point_cloud_range=[
                0.0,
                -54.0,
                -5.0,
                108.0,
                54.0,
                3.0,
            ],
            voxel_size=[
                0.075,
                0.075,
                0.2,
            ],
            voxelize_reduce=True)),
    fusion_layer=None,
    img_backbone=dict(
        attn_drop_rate=0.0,
        convert_weights=True,
        depths=[
            2,
            2,
            6,
            2,
        ],
        drop_path_rate=0.2,
        drop_rate=0.0,
        embed_dims=96,
        init_cfg=dict(
            checkpoint=
            '/mnt/tier2/project/p201222/u103958/checkpoints/swin_tiny_patch4_window7_224.pth',
            type='Pretrained'),
        mlp_ratio=4,
        num_heads=[
            3,
            6,
            12,
            24,
        ],
        out_indices=[
            1,
            2,
            3,
        ],
        patch_norm=True,
        qk_scale=None,
        qkv_bias=True,
        type='mmdet.SwinTransformer',
        window_size=7,
        with_cp=False),
    img_neck=dict(
        act_cfg=dict(inplace=True, type='ReLU'),
        in_channels=[
            192,
            384,
            768,
        ],
        norm_cfg=dict(requires_grad=True, type='BN2d'),
        num_outs=3,
        out_channels=256,
        start_level=0,
        type='GeneralizedLSSFPN',
        upsample_cfg=dict(align_corners=False, mode='bilinear')),
    joint_modality_moe_cfg=dict(
        cam_channels=80,
        context_aux_cfg=dict(
            class_weights='inverse_frequency',
            label_smoothing=0.05,
            loss_coef=0.03,
            loss_type='weighted_ce',
            target_field='road_type'),
        expert_type='full',
        gate_cfg=dict(temperature=1.0),
        gate_input_detach=True,
        gate_type='dense',
        importance_coef=0.005,
        lidar_channels=256,
        load_coef=0.0,
        num_experts=4,
        num_refine_convs=2,
        out_channels=256,
        residual_gain=1.0,
        router_out_dim=128,
        type='JointModalityMoEBlock',
        z_loss_coef=0.002),
    pts_backbone=dict(
        conv_cfg=dict(bias=False, type='Conv2d'),
        in_channels=256,
        layer_nums=[
            5,
            5,
        ],
        layer_strides=[
            1,
            2,
        ],
        norm_cfg=dict(eps=0.001, momentum=0.01, type='BN'),
        out_channels=[
            128,
            256,
        ],
        type='SECOND'),
    pts_middle_encoder=dict(
        block_type='basicblock',
        encoder_channels=(
            (
                16,
                16,
                32,
            ),
            (
                32,
                32,
                64,
            ),
            (
                64,
                64,
                128,
            ),
            (
                128,
                128,
            ),
        ),
        encoder_paddings=(
            (
                0,
                0,
                1,
            ),
            (
                0,
                0,
                1,
            ),
            (
                0,
                0,
                (
                    1,
                    1,
                    0,
                ),
            ),
            (
                0,
                0,
            ),
        ),
        in_channels=4,
        norm_cfg=dict(eps=0.001, momentum=0.01, type='BN1d'),
        order=(
            'conv',
            'norm',
            'act',
        ),
        sparse_shape=[
            1440,
            1440,
            41,
        ],
        type='BEVFusionSparseEncoder'),
    pts_neck=dict(
        in_channels=[
            128,
            256,
        ],
        norm_cfg=dict(eps=0.001, momentum=0.01, type='BN'),
        out_channels=[
            256,
            256,
        ],
        type='SECONDFPN',
        upsample_cfg=dict(bias=False, type='deconv'),
        upsample_strides=[
            1,
            2,
        ],
        use_conv_for_no_stride=True),
    pts_voxel_encoder=dict(num_features=4, type='HardSimpleVFE'),
    type='BEVFusion',
    view_transform=dict(
        aux_depth_loss_weight=0.5,
        dbound=[
            1.0,
            90.0,
            0.5,
        ],
        downsample=2,
        feature_size=[
            88,
            156,
        ],
        image_size=[
            704,
            1248,
        ],
        in_channels=256,
        out_channels=80,
        splat_radius=1,
        type='DepthLSSTransform',
        xbound=[
            0.0,
            108.0,
            0.3,
        ],
        ybound=[
            -54.0,
            54.0,
            0.3,
        ],
        zbound=[
            -10.0,
            10.0,
            20.0,
        ]))
model_wrapper_cfg = dict(
    find_unused_parameters=True, type='MMDistributedDataParallel')
num_experts = 4
optim_wrapper = dict(
    accumulative_counts=2,
    clip_grad=dict(max_norm=10, norm_type=2),
    loss_scale='dynamic',
    optimizer=dict(lr=5e-05, type='AdamW', weight_decay=0.01),
    paramwise_cfg=dict(
        custom_keys=dict({
            'bbox_head':
            dict(lr_mult=1.0),
            'joint_modality_moe.cam_summary':
            dict(decay_mult=0.05, lr_mult=1.0),
            'joint_modality_moe.context_head':
            dict(decay_mult=0.05, lr_mult=1.0),
            'joint_modality_moe.gate':
            dict(decay_mult=0.01, lr_mult=1.0),
            'joint_modality_moe.lidar_summary':
            dict(decay_mult=0.05, lr_mult=1.0),
            'pts_backbone':
            dict(lr_mult=1.0),
            'pts_neck':
            dict(lr_mult=1.0)
        })),
    type='AmpOptimWrapper')
out_size_factor = 8
param_scheduler = [
    dict(
        begin=0,
        by_epoch=False,
        end=500,
        start_factor=0.33333333,
        type='LinearLR'),
    dict(
        T_max=4,
        begin=0,
        by_epoch=True,
        convert_to_iter_based=True,
        end=4,
        eta_min=0.0005,
        type='CosineAnnealingLR'),
    dict(
        T_max=24,
        begin=4,
        by_epoch=True,
        convert_to_iter_based=True,
        end=28,
        eta_min=5e-09,
        type='CosineAnnealingLR'),
    dict(
        T_max=4,
        begin=0,
        by_epoch=True,
        convert_to_iter_based=True,
        end=4,
        eta_min=0.8947368421052632,
        type='CosineAnnealingMomentum'),
    dict(
        T_max=24,
        begin=4,
        by_epoch=True,
        convert_to_iter_based=True,
        end=28,
        eta_min=1,
        type='CosineAnnealingMomentum'),
]
point_cloud_range = [
    0.0,
    -54.0,
    -5.0,
    108.0,
    54.0,
    3.0,
]
resume = False
sparse_shape = [
    1440,
    1440,
    41,
]
test_cfg = dict()
test_dataloader = dict(
    batch_size=2,
    dataset=dict(
        ann_file='infos/zod_nuscenes_infos_test.pkl',
        backend_args=None,
        box_type_3d='LiDAR',
        data_prefix=dict(CAM_FRONT='', pts=''),
        data_root='/mnt/tier2/project/p201222/u103958/zod_moe/zod_nuscenes/',
        metainfo=dict(box_type_3d='LiDAR', classes=[
            'pedestrian',
        ]),
        modality=dict(use_camera=True, use_lidar=True),
        pipeline=[
            dict(
                backend_args=None,
                color_type='color',
                num_views=1,
                to_float32=True,
                type='BEVLoadMultiViewImageFromFiles'),
            dict(
                backend_args=None,
                coord_type='LIDAR',
                load_dim=4,
                type='LoadPointsFromFile',
                use_dim=4),
            dict(
                bot_pct_lim=[
                    0.0,
                    0.0,
                ],
                final_dim=[
                    704,
                    1248,
                ],
                is_train=False,
                rand_flip=False,
                resize_lim=[
                    1.0,
                    1.0,
                ],
                rot_lim=[
                    0.0,
                    0.0,
                ],
                type='ImageAug3D'),
            dict(
                point_cloud_range=[
                    0.0,
                    -54.0,
                    -5.0,
                    108.0,
                    54.0,
                    3.0,
                ],
                type='PointsRangeFilter'),
            dict(
                keys=[
                    'img',
                    'points',
                    'gt_bboxes_3d',
                    'gt_labels_3d',
                ],
                meta_keys=[
                    'cam2img',
                    'ori_cam2img',
                    'lidar2cam',
                    'lidar2img',
                    'cam2lidar',
                    'img_aug_matrix',
                    'box_type_3d',
                    'sample_idx',
                    'lidar_path',
                    'img_path',
                    'num_pts_feats',
                    'context',
                ],
                type='Pack3DDetInputs'),
        ],
        test_mode=True,
        type='ZODDataset',
        use_valid_flag=False,
        with_velocity=False),
    drop_last=False,
    num_workers=4,
    persistent_workers=True,
    sampler=dict(shuffle=False, type='DefaultSampler'))
test_evaluator = [
    dict(iou_thr=[
        0.25,
        0.5,
    ], type='IndoorMetric'),
    dict(dist_thr=[
        0.5,
        1.0,
        2.0,
        4.0,
    ], type='CenterDistanceMetric'),
]
test_pipeline = [
    dict(
        backend_args=None,
        color_type='color',
        num_views=1,
        to_float32=True,
        type='BEVLoadMultiViewImageFromFiles'),
    dict(
        backend_args=None,
        coord_type='LIDAR',
        load_dim=4,
        type='LoadPointsFromFile',
        use_dim=4),
    dict(
        bot_pct_lim=[
            0.0,
            0.0,
        ],
        final_dim=[
            704,
            1248,
        ],
        is_train=False,
        rand_flip=False,
        resize_lim=[
            1.0,
            1.0,
        ],
        rot_lim=[
            0.0,
            0.0,
        ],
        type='ImageAug3D'),
    dict(
        point_cloud_range=[
            0.0,
            -54.0,
            -5.0,
            108.0,
            54.0,
            3.0,
        ],
        type='PointsRangeFilter'),
    dict(
        keys=[
            'img',
            'points',
            'gt_bboxes_3d',
            'gt_labels_3d',
        ],
        meta_keys=[
            'cam2img',
            'ori_cam2img',
            'lidar2cam',
            'lidar2img',
            'cam2lidar',
            'img_aug_matrix',
            'box_type_3d',
            'sample_idx',
            'lidar_path',
            'img_path',
            'num_pts_feats',
            'context',
        ],
        type='Pack3DDetInputs'),
]
train_cfg = dict(by_epoch=True, max_epochs=28, val_interval=1)
train_dataloader = dict(
    batch_size=2,
    dataset=dict(
        ann_file='infos/zod_nuscenes_infos_train.pkl',
        box_type_3d='LiDAR',
        data_prefix=dict(CAM_FRONT='', pts=''),
        data_root='/mnt/tier2/project/p201222/u103958/zod_moe/zod_nuscenes/',
        filter_empty_gt=False,
        metainfo=dict(box_type_3d='LiDAR', classes=[
            'pedestrian',
        ]),
        modality=dict(use_camera=True, use_lidar=True),
        pipeline=[
            dict(
                backend_args=None,
                color_type='color',
                num_views=1,
                to_float32=True,
                type='BEVLoadMultiViewImageFromFiles'),
            dict(
                backend_args=None,
                coord_type='LIDAR',
                load_dim=4,
                type='LoadPointsFromFile',
                use_dim=4),
            dict(
                type='LoadAnnotations3D',
                with_attr_label=False,
                with_bbox_3d=True,
                with_label_3d=True),
            dict(
                bot_pct_lim=[
                    0.0,
                    0.0,
                ],
                final_dim=[
                    704,
                    1248,
                ],
                is_train=True,
                rand_flip=False,
                resize_lim=[
                    1.0,
                    1.0,
                ],
                rot_lim=[
                    0.0,
                    0.0,
                ],
                type='ImageAug3D'),
            dict(
                rot_range=[
                    0,
                    0,
                ],
                scale_ratio_range=[
                    0.9,
                    1.1,
                ],
                translation_std=0.5,
                type='BEVFusionGlobalRotScaleTrans'),
            dict(
                point_cloud_range=[
                    0.0,
                    -54.0,
                    -5.0,
                    108.0,
                    54.0,
                    3.0,
                ],
                type='PointsRangeFilter'),
            dict(
                point_cloud_range=[
                    0.0,
                    -54.0,
                    -5.0,
                    108.0,
                    54.0,
                    3.0,
                ],
                type='ObjectRangeFilter'),
            dict(classes=[
                'pedestrian',
            ], type='ObjectNameFilter'),
            dict(
                fixed_prob=True,
                max_epoch=28,
                mode=1,
                offset=False,
                prob=0.0,
                ratio=0.5,
                rotate=1,
                type='GridMask',
                use_h=True,
                use_w=True),
            dict(type='PointShuffle'),
            dict(
                keys=[
                    'points',
                    'img',
                    'gt_bboxes_3d',
                    'gt_labels_3d',
                ],
                meta_keys=[
                    'cam2img',
                    'ori_cam2img',
                    'lidar2cam',
                    'lidar2img',
                    'cam2lidar',
                    'img_aug_matrix',
                    'box_type_3d',
                    'sample_idx',
                    'lidar_path',
                    'img_path',
                    'transformation_3d_flow',
                    'pcd_rotation',
                    'pcd_scale_factor',
                    'pcd_trans',
                    'lidar_aug_matrix',
                    'num_pts_feats',
                    'context',
                ],
                type='Pack3DDetInputs'),
        ],
        test_mode=False,
        type='ZODDataset',
        use_valid_flag=False,
        with_velocity=False),
    num_workers=4,
    persistent_workers=True,
    sampler=dict(shuffle=True, type='DefaultSampler'))
train_pipeline = [
    dict(
        backend_args=None,
        color_type='color',
        num_views=1,
        to_float32=True,
        type='BEVLoadMultiViewImageFromFiles'),
    dict(
        backend_args=None,
        coord_type='LIDAR',
        load_dim=4,
        type='LoadPointsFromFile',
        use_dim=4),
    dict(
        type='LoadAnnotations3D',
        with_attr_label=False,
        with_bbox_3d=True,
        with_label_3d=True),
    dict(
        bot_pct_lim=[
            0.0,
            0.0,
        ],
        final_dim=[
            704,
            1248,
        ],
        is_train=True,
        rand_flip=False,
        resize_lim=[
            1.0,
            1.0,
        ],
        rot_lim=[
            0.0,
            0.0,
        ],
        type='ImageAug3D'),
    dict(
        rot_range=[
            0,
            0,
        ],
        scale_ratio_range=[
            0.9,
            1.1,
        ],
        translation_std=0.5,
        type='BEVFusionGlobalRotScaleTrans'),
    dict(
        point_cloud_range=[
            0.0,
            -54.0,
            -5.0,
            108.0,
            54.0,
            3.0,
        ],
        type='PointsRangeFilter'),
    dict(
        point_cloud_range=[
            0.0,
            -54.0,
            -5.0,
            108.0,
            54.0,
            3.0,
        ],
        type='ObjectRangeFilter'),
    dict(classes=[
        'pedestrian',
    ], type='ObjectNameFilter'),
    dict(
        fixed_prob=True,
        max_epoch=28,
        mode=1,
        offset=False,
        prob=0.0,
        ratio=0.5,
        rotate=1,
        type='GridMask',
        use_h=True,
        use_w=True),
    dict(type='PointShuffle'),
    dict(
        keys=[
            'points',
            'img',
            'gt_bboxes_3d',
            'gt_labels_3d',
        ],
        meta_keys=[
            'cam2img',
            'ori_cam2img',
            'lidar2cam',
            'lidar2img',
            'cam2lidar',
            'img_aug_matrix',
            'box_type_3d',
            'sample_idx',
            'lidar_path',
            'img_path',
            'transformation_3d_flow',
            'pcd_rotation',
            'pcd_scale_factor',
            'pcd_trans',
            'lidar_aug_matrix',
            'num_pts_feats',
            'context',
        ],
        type='Pack3DDetInputs'),
]
val_cfg = dict()
val_dataloader = dict(
    batch_size=2,
    dataset=dict(
        ann_file='infos/zod_nuscenes_infos_val.pkl',
        backend_args=None,
        box_type_3d='LiDAR',
        data_prefix=dict(CAM_FRONT='', pts=''),
        data_root='/mnt/tier2/project/p201222/u103958/zod_moe/zod_nuscenes/',
        metainfo=dict(box_type_3d='LiDAR', classes=[
            'pedestrian',
        ]),
        modality=dict(use_camera=True, use_lidar=True),
        pipeline=[
            dict(
                backend_args=None,
                color_type='color',
                num_views=1,
                to_float32=True,
                type='BEVLoadMultiViewImageFromFiles'),
            dict(
                backend_args=None,
                coord_type='LIDAR',
                load_dim=4,
                type='LoadPointsFromFile',
                use_dim=4),
            dict(
                bot_pct_lim=[
                    0.0,
                    0.0,
                ],
                final_dim=[
                    704,
                    1248,
                ],
                is_train=False,
                rand_flip=False,
                resize_lim=[
                    1.0,
                    1.0,
                ],
                rot_lim=[
                    0.0,
                    0.0,
                ],
                type='ImageAug3D'),
            dict(
                point_cloud_range=[
                    0.0,
                    -54.0,
                    -5.0,
                    108.0,
                    54.0,
                    3.0,
                ],
                type='PointsRangeFilter'),
            dict(
                keys=[
                    'img',
                    'points',
                    'gt_bboxes_3d',
                    'gt_labels_3d',
                ],
                meta_keys=[
                    'cam2img',
                    'ori_cam2img',
                    'lidar2cam',
                    'lidar2img',
                    'cam2lidar',
                    'img_aug_matrix',
                    'box_type_3d',
                    'sample_idx',
                    'lidar_path',
                    'img_path',
                    'num_pts_feats',
                    'context',
                ],
                type='Pack3DDetInputs'),
        ],
        test_mode=True,
        type='ZODDataset',
        use_valid_flag=False,
        with_velocity=False),
    drop_last=False,
    num_workers=4,
    persistent_workers=True,
    sampler=dict(shuffle=False, type='DefaultSampler'))
val_evaluator = [
    dict(iou_thr=[
        0.25,
        0.5,
    ], type='IndoorMetric'),
    dict(dist_thr=[
        0.5,
        1.0,
        2.0,
        4.0,
    ], type='CenterDistanceMetric'),
]
vis_backends = [
    dict(type='LocalVisBackend'),
]
visualizer = dict(
    name='visualizer',
    type='Det3DLocalVisualizer',
    vis_backends=[
        dict(type='LocalVisBackend'),
    ])
voxel_size = [
    0.075,
    0.075,
    0.2,
]
work_dir = '/home/users/u103958/projects/multimodal-MoE/outputs/runs/zod_moe_joint_modality/moe-joint-modality_4610530'

05/22 19:57:13 - mmengine - INFO - Loads checkpoint by local backend from path: /mnt/tier2/project/p201222/u103958/checkpoints/swin_tiny_patch4_window7_224.pth
05/22 19:57:14 - mmengine - INFO - Hooks will be executed in the following order:
before_run:
(VERY_HIGH   ) RuntimeInfoHook                    
(VERY_HIGH   ) DualCheckpointInitHook             
(NORMAL      ) ExpertRespawnHook                  
(BELOW_NORMAL) LoggerHook                         
(BELOW_NORMAL) MoERoutingHook                     
(BELOW_NORMAL) ContextRoutingStatsHook            
(LOW         ) ValidationCurveHook                
(LOW         ) ContextExpertUsageVisualizationHook
 -------------------- 
before_train:
(VERY_HIGH   ) RuntimeInfoHook                    
(NORMAL      ) IterTimerHook                      
(BELOW_NORMAL) TrainingEfficiencyHook             
(VERY_LOW    ) CheckpointHook                     
(VERY_LOW    ) RunSummaryHook                     
 -------------------- 
before_train_epoch:
(VERY_HIGH   ) RuntimeInfoHook                    
(NORMAL      ) IterTimerHook                      
(NORMAL      ) DistSamplerSeedHook                
(BELOW_NORMAL) TrainingEfficiencyHook             
(BELOW_NORMAL) MoERoutingHook                     
 -------------------- 
before_train_iter:
(VERY_HIGH   ) RuntimeInfoHook                    
(NORMAL      ) IterTimerHook                      
 -------------------- 
after_train_iter:
(VERY_HIGH   ) RuntimeInfoHook                    
(NORMAL      ) IterTimerHook                      
(NORMAL      ) ExpertRespawnHook                  
(BELOW_NORMAL) LoggerHook                         
(BELOW_NORMAL) TrainingEfficiencyHook             
(BELOW_NORMAL) MoERoutingHook                     
(LOW         ) ParamSchedulerHook                 
(VERY_LOW    ) CheckpointHook                     
(VERY_LOW    ) RunSummaryHook                     
 -------------------- 
after_train_epoch:
(NORMAL      ) IterTimerHook                      
(NORMAL      ) ExpertRespawnHook                  
(BELOW_NORMAL) TrainingEfficiencyHook             
(BELOW_NORMAL) MoERoutingHook                     
(LOW         ) ParamSchedulerHook                 
(LOW         ) BEVFeatureVisualizationHook        
(LOW         ) BEVPredictionVisualizationHook     
(LOW         ) BEVValPredictionVisualizationHook  
(LOW         ) BEVCameraFeatureVisualizationHook  
(LOW         ) DepthTransformDiagnosticHook       
(LOW         ) DepthProjectionDebugHook           
(VERY_LOW    ) CheckpointHook                     
 -------------------- 
before_val:
(VERY_HIGH   ) RuntimeInfoHook                    
 -------------------- 
before_val_epoch:
(NORMAL      ) IterTimerHook                      
(BELOW_NORMAL) ContextRoutingStatsHook            
(LOW         ) ContextExpertUsageVisualizationHook
 -------------------- 
before_val_iter:
(NORMAL      ) IterTimerHook                      
 -------------------- 
after_val_iter:
(NORMAL      ) IterTimerHook                      
(NORMAL      ) Det3DVisualizationHook             
(BELOW_NORMAL) LoggerHook                         
(BELOW_NORMAL) MoERoutingHook                     
(BELOW_NORMAL) ContextRoutingStatsHook            
(LOW         ) ContextExpertUsageVisualizationHook
 -------------------- 
after_val_epoch:
(VERY_HIGH   ) RuntimeInfoHook                    
(NORMAL      ) IterTimerHook                      
(BELOW_NORMAL) LoggerHook                         
(BELOW_NORMAL) MoERoutingHook                     
(BELOW_NORMAL) ContextRoutingStatsHook            
(LOW         ) ParamSchedulerHook                 
(LOW         ) ValidationCurveHook                
(LOW         ) ContextExpertUsageVisualizationHook
(VERY_LOW    ) CheckpointHook                     
(VERY_LOW    ) RunSummaryHook                     
 -------------------- 
after_val:
(VERY_HIGH   ) RuntimeInfoHook                    
 -------------------- 
after_train:
(VERY_HIGH   ) RuntimeInfoHook                    
(VERY_LOW    ) CheckpointHook                     
(VERY_LOW    ) RunSummaryHook                     
 -------------------- 
before_test:
(VERY_HIGH   ) RuntimeInfoHook                    
 -------------------- 
before_test_epoch:
(NORMAL      ) IterTimerHook                      
 -------------------- 
before_test_iter:
(NORMAL      ) IterTimerHook                      
 -------------------- 
after_test_iter:
(NORMAL      ) IterTimerHook                      
(NORMAL      ) Det3DVisualizationHook             
(BELOW_NORMAL) LoggerHook                         
 -------------------- 
after_test_epoch:
(VERY_HIGH   ) RuntimeInfoHook                    
(NORMAL      ) IterTimerHook                      
(BELOW_NORMAL) LoggerHook                         
 -------------------- 
after_test:
(VERY_HIGH   ) RuntimeInfoHook                    
 -------------------- 
after_run:
(BELOW_NORMAL) LoggerHook                         
 -------------------- 
05/22 19:57:16 - mmengine - WARNING - LiDAR is not a meta file, simply parsed as meta information
05/22 19:57:28 - mmengine - INFO - ------------------------------
05/22 19:57:28 - mmengine - INFO - The length of training dataset: 79999
05/22 19:57:28 - mmengine - INFO - The number of instances per category in the dataset:
+------------+--------+
| category   | number |
+------------+--------+
| pedestrian | 182784 |
+------------+--------+
05/22 19:57:28 - mmengine - WARNING - view_transform.dx is skipped since its requires_grad=False
05/22 19:57:28 - mmengine - WARNING - view_transform.bx is skipped since its requires_grad=False
05/22 19:57:28 - mmengine - WARNING - view_transform.nx is skipped since its requires_grad=False
05/22 19:57:28 - mmengine - WARNING - view_transform.frustum is skipped since its requires_grad=False
05/22 19:57:28 - mmengine - INFO - paramwise_options -- pts_backbone.blocks.0.0.weight:lr=5e-05
05/22 19:57:28 - mmengine - INFO - paramwise_options -- pts_backbone.blocks.0.0.weight:weight_decay=0.01
05/22 19:57:28 - mmengine - INFO - paramwise_options -- pts_backbone.blocks.0.0.weight:lr_mult=1.0
05/22 19:57:28 - mmengine - INFO - paramwise_options -- pts_backbone.blocks.0.1.weight:lr=5e-05
05/22 19:57:28 - mmengine - INFO - paramwise_options -- pts_backbone.blocks.0.1.weight:weight_decay=0.01
05/22 19:57:28 - mmengine - INFO - paramwise_options -- pts_backbone.blocks.0.1.weight:lr_mult=1.0
05/22 19:57:28 - mmengine - INFO - paramwise_options -- pts_backbone.blocks.0.1.bias:lr=5e-05
05/22 19:57:28 - mmengine - INFO - paramwise_options -- pts_backbone.blocks.0.1.bias:weight_decay=0.01
05/22 19:57:28 - mmengine - INFO - paramwise_options -- pts_backbone.blocks.0.1.bias:lr_mult=1.0
05/22 19:57:28 - mmengine - INFO - paramwise_options -- pts_backbone.blocks.0.3.weight:lr=5e-05
05/22 19:57:28 - mmengine - INFO - paramwise_options -- pts_backbone.blocks.0.3.weight:weight_decay=0.01
05/22 19:57:28 - mmengine - INFO - paramwise_options -- pts_backbone.blocks.0.3.weight:lr_mult=1.0
05/22 19:57:28 - mmengine - INFO - paramwise_options -- pts_backbone.blocks.0.4.weight:lr=5e-05
05/22 19:57:28 - mmengine - INFO - paramwise_options -- pts_backbone.blocks.0.4.weight:weight_decay=0.01
05/22 19:57:28 - mmengine - INFO - paramwise_options -- pts_backbone.blocks.0.4.weight:lr_mult=1.0
05/22 19:57:28 - mmengine - INFO - paramwise_options -- pts_backbone.blocks.0.4.bias:lr=5e-05
05/22 19:57:28 - mmengine - INFO - paramwise_options -- pts_backbone.blocks.0.4.bias:weight_decay=0.01
05/22 19:57:28 - mmengine - INFO - paramwise_options -- pts_backbone.blocks.0.4.bias:lr_mult=1.0
05/22 19:57:28 - mmengine - INFO - paramwise_options -- pts_backbone.blocks.0.6.weight:lr=5e-05
05/22 19:57:28 - mmengine - INFO - paramwise_options -- pts_backbone.blocks.0.6.weight:weight_decay=0.01
05/22 19:57:28 - mmengine - INFO - paramwise_options -- pts_backbone.blocks.0.6.weight:lr_mult=1.0
05/22 19:57:28 - mmengine - INFO - paramwise_options -- pts_backbone.blocks.0.7.weight:lr=5e-05
05/22 19:57:28 - mmengine - INFO - paramwise_options -- pts_backbone.blocks.0.7.weight:weight_decay=0.01
05/22 19:57:28 - mmengine - INFO - paramwise_options -- pts_backbone.blocks.0.7.weight:lr_mult=1.0
05/22 19:57:28 - mmengine - INFO - paramwise_options -- pts_backbone.blocks.0.7.bias:lr=5e-05
05/22 19:57:28 - mmengine - INFO - paramwise_options -- pts_backbone.blocks.0.7.bias:weight_decay=0.01
05/22 19:57:28 - mmengine - INFO - paramwise_options -- pts_backbone.blocks.0.7.bias:lr_mult=1.0
05/22 19:57:28 - mmengine - INFO - paramwise_options -- pts_backbone.blocks.0.9.weight:lr=5e-05
05/22 19:57:28 - mmengine - INFO - paramwise_options -- pts_backbone.blocks.0.9.weight:weight_decay=0.01
05/22 19:57:28 - mmengine - INFO - paramwise_options -- pts_backbone.blocks.0.9.weight:lr_mult=1.0
05/22 19:57:28 - mmengine - INFO - paramwise_options -- pts_backbone.blocks.0.10.weight:lr=5e-05
05/22 19:57:28 - mmengine - INFO - paramwise_options -- pts_backbone.blocks.0.10.weight:weight_decay=0.01
05/22 19:57:28 - mmengine - INFO - paramwise_options -- pts_backbone.blocks.0.10.weight:lr_mult=1.0
05/22 19:57:28 - mmengine - INFO - paramwise_options -- pts_backbone.blocks.0.10.bias:lr=5e-05
05/22 19:57:28 - mmengine - INFO - paramwise_options -- pts_backbone.blocks.0.10.bias:weight_decay=0.01
05/22 19:57:28 - mmengine - INFO - paramwise_options -- pts_backbone.blocks.0.10.bias:lr_mult=1.0
05/22 19:57:28 - mmengine - INFO - paramwise_options -- pts_backbone.blocks.0.12.weight:lr=5e-05
05/22 19:57:28 - mmengine - INFO - paramwise_options -- pts_backbone.blocks.0.12.weight:weight_decay=0.01
05/22 19:57:28 - mmengine - INFO - paramwise_options -- pts_backbone.blocks.0.12.weight:lr_mult=1.0
05/22 19:57:28 - mmengine - INFO - paramwise_options -- pts_backbone.blocks.0.13.weight:lr=5e-05
05/22 19:57:28 - mmengine - INFO - paramwise_options -- pts_backbone.blocks.0.13.weight:weight_decay=0.01
05/22 19:57:28 - mmengine - INFO - paramwise_options -- pts_backbone.blocks.0.13.weight:lr_mult=1.0
05/22 19:57:28 - mmengine - INFO - paramwise_options -- pts_backbone.blocks.0.13.bias:lr=5e-05
05/22 19:57:28 - mmengine - INFO - paramwise_options -- pts_backbone.blocks.0.13.bias:weight_decay=0.01
05/22 19:57:28 - mmengine - INFO - paramwise_options -- pts_backbone.blocks.0.13.bias:lr_mult=1.0
05/22 19:57:28 - mmengine - INFO - paramwise_options -- pts_backbone.blocks.0.15.weight:lr=5e-05
05/22 19:57:28 - mmengine - INFO - paramwise_options -- pts_backbone.blocks.0.15.weight:weight_decay=0.01
05/22 19:57:28 - mmengine - INFO - paramwise_options -- pts_backbone.blocks.0.15.weight:lr_mult=1.0
05/22 19:57:28 - mmengine - INFO - paramwise_options -- pts_backbone.blocks.0.16.weight:lr=5e-05
05/22 19:57:28 - mmengine - INFO - paramwise_options -- pts_backbone.blocks.0.16.weight:weight_decay=0.01
05/22 19:57:28 - mmengine - INFO - paramwise_options -- pts_backbone.blocks.0.16.weight:lr_mult=1.0
05/22 19:57:28 - mmengine - INFO - paramwise_options -- pts_backbone.blocks.0.16.bias:lr=5e-05
05/22 19:57:28 - mmengine - INFO - paramwise_options -- pts_backbone.blocks.0.16.bias:weight_decay=0.01
05/22 19:57:28 - mmengine - INFO - paramwise_options -- pts_backbone.blocks.0.16.bias:lr_mult=1.0
05/22 19:57:28 - mmengine - INFO - paramwise_options -- pts_backbone.blocks.1.0.weight:lr=5e-05
05/22 19:57:28 - mmengine - INFO - paramwise_options -- pts_backbone.blocks.1.0.weight:weight_decay=0.01
05/22 19:57:28 - mmengine - INFO - paramwise_options -- pts_backbone.blocks.1.0.weight:lr_mult=1.0
05/22 19:57:28 - mmengine - INFO - paramwise_options -- pts_backbone.blocks.1.1.weight:lr=5e-05
05/22 19:57:28 - mmengine - INFO - paramwise_options -- pts_backbone.blocks.1.1.weight:weight_decay=0.01
05/22 19:57:28 - mmengine - INFO - paramwise_options -- pts_backbone.blocks.1.1.weight:lr_mult=1.0
05/22 19:57:28 - mmengine - INFO - paramwise_options -- pts_backbone.blocks.1.1.bias:lr=5e-05
05/22 19:57:28 - mmengine - INFO - paramwise_options -- pts_backbone.blocks.1.1.bias:weight_decay=0.01
05/22 19:57:28 - mmengine - INFO - paramwise_options -- pts_backbone.blocks.1.1.bias:lr_mult=1.0
05/22 19:57:28 - mmengine - INFO - paramwise_options -- pts_backbone.blocks.1.3.weight:lr=5e-05
05/22 19:57:28 - mmengine - INFO - paramwise_options -- pts_backbone.blocks.1.3.weight:weight_decay=0.01
05/22 19:57:28 - mmengine - INFO - paramwise_options -- pts_backbone.blocks.1.3.weight:lr_mult=1.0
05/22 19:57:28 - mmengine - INFO - paramwise_options -- pts_backbone.blocks.1.4.weight:lr=5e-05
05/22 19:57:28 - mmengine - INFO - paramwise_options -- pts_backbone.blocks.1.4.weight:weight_decay=0.01
05/22 19:57:28 - mmengine - INFO - paramwise_options -- pts_backbone.blocks.1.4.weight:lr_mult=1.0
05/22 19:57:28 - mmengine - INFO - paramwise_options -- pts_backbone.blocks.1.4.bias:lr=5e-05
05/22 19:57:28 - mmengine - INFO - paramwise_options -- pts_backbone.blocks.1.4.bias:weight_decay=0.01
05/22 19:57:28 - mmengine - INFO - paramwise_options -- pts_backbone.blocks.1.4.bias:lr_mult=1.0
05/22 19:57:28 - mmengine - INFO - paramwise_options -- pts_backbone.blocks.1.6.weight:lr=5e-05
05/22 19:57:28 - mmengine - INFO - paramwise_options -- pts_backbone.blocks.1.6.weight:weight_decay=0.01
05/22 19:57:28 - mmengine - INFO - paramwise_options -- pts_backbone.blocks.1.6.weight:lr_mult=1.0
05/22 19:57:28 - mmengine - INFO - paramwise_options -- pts_backbone.blocks.1.7.weight:lr=5e-05
05/22 19:57:28 - mmengine - INFO - paramwise_options -- pts_backbone.blocks.1.7.weight:weight_decay=0.01
05/22 19:57:28 - mmengine - INFO - paramwise_options -- pts_backbone.blocks.1.7.weight:lr_mult=1.0
05/22 19:57:28 - mmengine - INFO - paramwise_options -- pts_backbone.blocks.1.7.bias:lr=5e-05
05/22 19:57:28 - mmengine - INFO - paramwise_options -- pts_backbone.blocks.1.7.bias:weight_decay=0.01
05/22 19:57:28 - mmengine - INFO - paramwise_options -- pts_backbone.blocks.1.7.bias:lr_mult=1.0
05/22 19:57:28 - mmengine - INFO - paramwise_options -- pts_backbone.blocks.1.9.weight:lr=5e-05
05/22 19:57:28 - mmengine - INFO - paramwise_options -- pts_backbone.blocks.1.9.weight:weight_decay=0.01
05/22 19:57:28 - mmengine - INFO - paramwise_options -- pts_backbone.blocks.1.9.weight:lr_mult=1.0
05/22 19:57:28 - mmengine - INFO - paramwise_options -- pts_backbone.blocks.1.10.weight:lr=5e-05
05/22 19:57:28 - mmengine - INFO - paramwise_options -- pts_backbone.blocks.1.10.weight:weight_decay=0.01
05/22 19:57:28 - mmengine - INFO - paramwise_options -- pts_backbone.blocks.1.10.weight:lr_mult=1.0
05/22 19:57:28 - mmengine - INFO - paramwise_options -- pts_backbone.blocks.1.10.bias:lr=5e-05
05/22 19:57:28 - mmengine - INFO - paramwise_options -- pts_backbone.blocks.1.10.bias:weight_decay=0.01
05/22 19:57:28 - mmengine - INFO - paramwise_options -- pts_backbone.blocks.1.10.bias:lr_mult=1.0
05/22 19:57:28 - mmengine - INFO - paramwise_options -- pts_backbone.blocks.1.12.weight:lr=5e-05
05/22 19:57:28 - mmengine - INFO - paramwise_options -- pts_backbone.blocks.1.12.weight:weight_decay=0.01
05/22 19:57:28 - mmengine - INFO - paramwise_options -- pts_backbone.blocks.1.12.weight:lr_mult=1.0
05/22 19:57:28 - mmengine - INFO - paramwise_options -- pts_backbone.blocks.1.13.weight:lr=5e-05
05/22 19:57:28 - mmengine - INFO - paramwise_options -- pts_backbone.blocks.1.13.weight:weight_decay=0.01
05/22 19:57:28 - mmengine - INFO - paramwise_options -- pts_backbone.blocks.1.13.weight:lr_mult=1.0
05/22 19:57:28 - mmengine - INFO - paramwise_options -- pts_backbone.blocks.1.13.bias:lr=5e-05
05/22 19:57:28 - mmengine - INFO - paramwise_options -- pts_backbone.blocks.1.13.bias:weight_decay=0.01
05/22 19:57:28 - mmengine - INFO - paramwise_options -- pts_backbone.blocks.1.13.bias:lr_mult=1.0
05/22 19:57:28 - mmengine - INFO - paramwise_options -- pts_backbone.blocks.1.15.weight:lr=5e-05
05/22 19:57:28 - mmengine - INFO - paramwise_options -- pts_backbone.blocks.1.15.weight:weight_decay=0.01
05/22 19:57:28 - mmengine - INFO - paramwise_options -- pts_backbone.blocks.1.15.weight:lr_mult=1.0
05/22 19:57:28 - mmengine - INFO - paramwise_options -- pts_backbone.blocks.1.16.weight:lr=5e-05
05/22 19:57:28 - mmengine - INFO - paramwise_options -- pts_backbone.blocks.1.16.weight:weight_decay=0.01
05/22 19:57:28 - mmengine - INFO - paramwise_options -- pts_backbone.blocks.1.16.weight:lr_mult=1.0
05/22 19:57:28 - mmengine - INFO - paramwise_options -- pts_backbone.blocks.1.16.bias:lr=5e-05
05/22 19:57:28 - mmengine - INFO - paramwise_options -- pts_backbone.blocks.1.16.bias:weight_decay=0.01
05/22 19:57:28 - mmengine - INFO - paramwise_options -- pts_backbone.blocks.1.16.bias:lr_mult=1.0
05/22 19:57:28 - mmengine - INFO - paramwise_options -- pts_neck.deblocks.0.0.weight:lr=5e-05
05/22 19:57:28 - mmengine - INFO - paramwise_options -- pts_neck.deblocks.0.0.weight:weight_decay=0.01
05/22 19:57:28 - mmengine - INFO - paramwise_options -- pts_neck.deblocks.0.0.weight:lr_mult=1.0
05/22 19:57:28 - mmengine - INFO - paramwise_options -- pts_neck.deblocks.0.1.weight:lr=5e-05
05/22 19:57:28 - mmengine - INFO - paramwise_options -- pts_neck.deblocks.0.1.weight:weight_decay=0.01
05/22 19:57:28 - mmengine - INFO - paramwise_options -- pts_neck.deblocks.0.1.weight:lr_mult=1.0
05/22 19:57:28 - mmengine - INFO - paramwise_options -- pts_neck.deblocks.0.1.bias:lr=5e-05
05/22 19:57:28 - mmengine - INFO - paramwise_options -- pts_neck.deblocks.0.1.bias:weight_decay=0.01
05/22 19:57:28 - mmengine - INFO - paramwise_options -- pts_neck.deblocks.0.1.bias:lr_mult=1.0
05/22 19:57:28 - mmengine - INFO - paramwise_options -- pts_neck.deblocks.1.0.weight:lr=5e-05
05/22 19:57:28 - mmengine - INFO - paramwise_options -- pts_neck.deblocks.1.0.weight:weight_decay=0.01
05/22 19:57:28 - mmengine - INFO - paramwise_options -- pts_neck.deblocks.1.0.weight:lr_mult=1.0
05/22 19:57:28 - mmengine - INFO - paramwise_options -- pts_neck.deblocks.1.1.weight:lr=5e-05
05/22 19:57:28 - mmengine - INFO - paramwise_options -- pts_neck.deblocks.1.1.weight:weight_decay=0.01
05/22 19:57:28 - mmengine - INFO - paramwise_options -- pts_neck.deblocks.1.1.weight:lr_mult=1.0
05/22 19:57:28 - mmengine - INFO - paramwise_options -- pts_neck.deblocks.1.1.bias:lr=5e-05
05/22 19:57:28 - mmengine - INFO - paramwise_options -- pts_neck.deblocks.1.1.bias:weight_decay=0.01
05/22 19:57:28 - mmengine - INFO - paramwise_options -- pts_neck.deblocks.1.1.bias:lr_mult=1.0
05/22 19:57:28 - mmengine - INFO - paramwise_options -- bbox_head.shared_conv.weight:lr=5e-05
05/22 19:57:28 - mmengine - INFO - paramwise_options -- bbox_head.shared_conv.weight:weight_decay=0.01
05/22 19:57:28 - mmengine - INFO - paramwise_options -- bbox_head.shared_conv.weight:lr_mult=1.0
05/22 19:57:28 - mmengine - INFO - paramwise_options -- bbox_head.shared_conv.bias:lr=5e-05
05/22 19:57:28 - mmengine - INFO - paramwise_options -- bbox_head.shared_conv.bias:weight_decay=0.01
05/22 19:57:28 - mmengine - INFO - paramwise_options -- bbox_head.shared_conv.bias:lr_mult=1.0
05/22 19:57:28 - mmengine - INFO - paramwise_options -- bbox_head.heatmap_head.0.conv.weight:lr=5e-05
05/22 19:57:28 - mmengine - INFO - paramwise_options -- bbox_head.heatmap_head.0.conv.weight:weight_decay=0.01
05/22 19:57:28 - mmengine - INFO - paramwise_options -- bbox_head.heatmap_head.0.conv.weight:lr_mult=1.0
05/22 19:57:28 - mmengine - INFO - paramwise_options -- bbox_head.heatmap_head.0.bn.weight:lr=5e-05
05/22 19:57:28 - mmengine - INFO - paramwise_options -- bbox_head.heatmap_head.0.bn.weight:weight_decay=0.01
05/22 19:57:28 - mmengine - INFO - paramwise_options -- bbox_head.heatmap_head.0.bn.weight:lr_mult=1.0
05/22 19:57:28 - mmengine - INFO - paramwise_options -- bbox_head.heatmap_head.0.bn.bias:lr=5e-05
05/22 19:57:28 - mmengine - INFO - paramwise_options -- bbox_head.heatmap_head.0.bn.bias:weight_decay=0.01
05/22 19:57:28 - mmengine - INFO - paramwise_options -- bbox_head.heatmap_head.0.bn.bias:lr_mult=1.0
05/22 19:57:28 - mmengine - INFO - paramwise_options -- bbox_head.heatmap_head.1.weight:lr=5e-05
05/22 19:57:28 - mmengine - INFO - paramwise_options -- bbox_head.heatmap_head.1.weight:weight_decay=0.01
05/22 19:57:28 - mmengine - INFO - paramwise_options -- bbox_head.heatmap_head.1.weight:lr_mult=1.0
05/22 19:57:28 - mmengine - INFO - paramwise_options -- bbox_head.heatmap_head.1.bias:lr=5e-05
05/22 19:57:28 - mmengine - INFO - paramwise_options -- bbox_head.heatmap_head.1.bias:weight_decay=0.01
05/22 19:57:28 - mmengine - INFO - paramwise_options -- bbox_head.heatmap_head.1.bias:lr_mult=1.0
05/22 19:57:28 - mmengine - INFO - paramwise_options -- bbox_head.class_encoding.weight:lr=5e-05
05/22 19:57:28 - mmengine - INFO - paramwise_options -- bbox_head.class_encoding.weight:weight_decay=0.01
05/22 19:57:28 - mmengine - INFO - paramwise_options -- bbox_head.class_encoding.weight:lr_mult=1.0
05/22 19:57:28 - mmengine - INFO - paramwise_options -- bbox_head.class_encoding.bias:lr=5e-05
05/22 19:57:28 - mmengine - INFO - paramwise_options -- bbox_head.class_encoding.bias:weight_decay=0.01
05/22 19:57:28 - mmengine - INFO - paramwise_options -- bbox_head.class_encoding.bias:lr_mult=1.0
05/22 19:57:28 - mmengine - INFO - paramwise_options -- bbox_head.decoder.0.self_attn.attn.in_proj_weight:lr=5e-05
05/22 19:57:28 - mmengine - INFO - paramwise_options -- bbox_head.decoder.0.self_attn.attn.in_proj_weight:weight_decay=0.01
05/22 19:57:28 - mmengine - INFO - paramwise_options -- bbox_head.decoder.0.self_attn.attn.in_proj_weight:lr_mult=1.0
05/22 19:57:28 - mmengine - INFO - paramwise_options -- bbox_head.decoder.0.self_attn.attn.in_proj_bias:lr=5e-05
05/22 19:57:28 - mmengine - INFO - paramwise_options -- bbox_head.decoder.0.self_attn.attn.in_proj_bias:weight_decay=0.01
05/22 19:57:28 - mmengine - INFO - paramwise_options -- bbox_head.decoder.0.self_attn.attn.in_proj_bias:lr_mult=1.0
05/22 19:57:28 - mmengine - INFO - paramwise_options -- bbox_head.decoder.0.self_attn.attn.out_proj.weight:lr=5e-05
05/22 19:57:28 - mmengine - INFO - paramwise_options -- bbox_head.decoder.0.self_attn.attn.out_proj.weight:weight_decay=0.01
05/22 19:57:28 - mmengine - INFO - paramwise_options -- bbox_head.decoder.0.self_attn.attn.out_proj.weight:lr_mult=1.0
05/22 19:57:28 - mmengine - INFO - paramwise_options -- bbox_head.decoder.0.self_attn.attn.out_proj.bias:lr=5e-05
05/22 19:57:28 - mmengine - INFO - paramwise_options -- bbox_head.decoder.0.self_attn.attn.out_proj.bias:weight_decay=0.01
05/22 19:57:28 - mmengine - INFO - paramwise_options -- bbox_head.decoder.0.self_attn.attn.out_proj.bias:lr_mult=1.0
05/22 19:57:28 - mmengine - INFO - paramwise_options -- bbox_head.decoder.0.cross_attn.attn.in_proj_weight:lr=5e-05
05/22 19:57:28 - mmengine - INFO - paramwise_options -- bbox_head.decoder.0.cross_attn.attn.in_proj_weight:weight_decay=0.01
05/22 19:57:28 - mmengine - INFO - paramwise_options -- bbox_head.decoder.0.cross_attn.attn.in_proj_weight:lr_mult=1.0
05/22 19:57:28 - mmengine - INFO - paramwise_options -- bbox_head.decoder.0.cross_attn.attn.in_proj_bias:lr=5e-05
05/22 19:57:28 - mmengine - INFO - paramwise_options -- bbox_head.decoder.0.cross_attn.attn.in_proj_bias:weight_decay=0.01
05/22 19:57:28 - mmengine - INFO - paramwise_options -- bbox_head.decoder.0.cross_attn.attn.in_proj_bias:lr_mult=1.0
05/22 19:57:28 - mmengine - INFO - paramwise_options -- bbox_head.decoder.0.cross_attn.attn.out_proj.weight:lr=5e-05
05/22 19:57:28 - mmengine - INFO - paramwise_options -- bbox_head.decoder.0.cross_attn.attn.out_proj.weight:weight_decay=0.01
05/22 19:57:28 - mmengine - INFO - paramwise_options -- bbox_head.decoder.0.cross_attn.attn.out_proj.weight:lr_mult=1.0
05/22 19:57:28 - mmengine - INFO - paramwise_options -- bbox_head.decoder.0.cross_attn.attn.out_proj.bias:lr=5e-05
05/22 19:57:28 - mmengine - INFO - paramwise_options -- bbox_head.decoder.0.cross_attn.attn.out_proj.bias:weight_decay=0.01
05/22 19:57:28 - mmengine - INFO - paramwise_options -- bbox_head.decoder.0.cross_attn.attn.out_proj.bias:lr_mult=1.0
05/22 19:57:28 - mmengine - INFO - paramwise_options -- bbox_head.decoder.0.ffn.layers.0.0.weight:lr=5e-05
05/22 19:57:28 - mmengine - INFO - paramwise_options -- bbox_head.decoder.0.ffn.layers.0.0.weight:weight_decay=0.01
05/22 19:57:28 - mmengine - INFO - paramwise_options -- bbox_head.decoder.0.ffn.layers.0.0.weight:lr_mult=1.0
05/22 19:57:28 - mmengine - INFO - paramwise_options -- bbox_head.decoder.0.ffn.layers.0.0.bias:lr=5e-05
05/22 19:57:28 - mmengine - INFO - paramwise_options -- bbox_head.decoder.0.ffn.layers.0.0.bias:weight_decay=0.01
05/22 19:57:28 - mmengine - INFO - paramwise_options -- bbox_head.decoder.0.ffn.layers.0.0.bias:lr_mult=1.0
05/22 19:57:28 - mmengine - INFO - paramwise_options -- bbox_head.decoder.0.ffn.layers.1.weight:lr=5e-05
05/22 19:57:28 - mmengine - INFO - paramwise_options -- bbox_head.decoder.0.ffn.layers.1.weight:weight_decay=0.01
05/22 19:57:28 - mmengine - INFO - paramwise_options -- bbox_head.decoder.0.ffn.layers.1.weight:lr_mult=1.0
05/22 19:57:28 - mmengine - INFO - paramwise_options -- bbox_head.decoder.0.ffn.layers.1.bias:lr=5e-05
05/22 19:57:28 - mmengine - INFO - paramwise_options -- bbox_head.decoder.0.ffn.layers.1.bias:weight_decay=0.01
05/22 19:57:28 - mmengine - INFO - paramwise_options -- bbox_head.decoder.0.ffn.layers.1.bias:lr_mult=1.0
05/22 19:57:28 - mmengine - INFO - paramwise_options -- bbox_head.decoder.0.norms.0.weight:lr=5e-05
05/22 19:57:28 - mmengine - INFO - paramwise_options -- bbox_head.decoder.0.norms.0.weight:weight_decay=0.01
05/22 19:57:28 - mmengine - INFO - paramwise_options -- bbox_head.decoder.0.norms.0.weight:lr_mult=1.0
05/22 19:57:28 - mmengine - INFO - paramwise_options -- bbox_head.decoder.0.norms.0.bias:lr=5e-05
05/22 19:57:28 - mmengine - INFO - paramwise_options -- bbox_head.decoder.0.norms.0.bias:weight_decay=0.01
05/22 19:57:28 - mmengine - INFO - paramwise_options -- bbox_head.decoder.0.norms.0.bias:lr_mult=1.0
05/22 19:57:28 - mmengine - INFO - paramwise_options -- bbox_head.decoder.0.norms.1.weight:lr=5e-05
05/22 19:57:28 - mmengine - INFO - paramwise_options -- bbox_head.decoder.0.norms.1.weight:weight_decay=0.01
05/22 19:57:28 - mmengine - INFO - paramwise_options -- bbox_head.decoder.0.norms.1.weight:lr_mult=1.0
05/22 19:57:28 - mmengine - INFO - paramwise_options -- bbox_head.decoder.0.norms.1.bias:lr=5e-05
05/22 19:57:28 - mmengine - INFO - paramwise_options -- bbox_head.decoder.0.norms.1.bias:weight_decay=0.01
05/22 19:57:28 - mmengine - INFO - paramwise_options -- bbox_head.decoder.0.norms.1.bias:lr_mult=1.0
05/22 19:57:28 - mmengine - INFO - paramwise_options -- bbox_head.decoder.0.norms.2.weight:lr=5e-05
05/22 19:57:28 - mmengine - INFO - paramwise_options -- bbox_head.decoder.0.norms.2.weight:weight_decay=0.01
05/22 19:57:28 - mmengine - INFO - paramwise_options -- bbox_head.decoder.0.norms.2.weight:lr_mult=1.0
05/22 19:57:28 - mmengine - INFO - paramwise_options -- bbox_head.decoder.0.norms.2.bias:lr=5e-05
05/22 19:57:28 - mmengine - INFO - paramwise_options -- bbox_head.decoder.0.norms.2.bias:weight_decay=0.01
05/22 19:57:28 - mmengine - INFO - paramwise_options -- bbox_head.decoder.0.norms.2.bias:lr_mult=1.0
05/22 19:57:28 - mmengine - INFO - paramwise_options -- bbox_head.decoder.0.self_posembed.position_embedding_head.0.weight:lr=5e-05
05/22 19:57:28 - mmengine - INFO - paramwise_options -- bbox_head.decoder.0.self_posembed.position_embedding_head.0.weight:weight_decay=0.01
05/22 19:57:28 - mmengine - INFO - paramwise_options -- bbox_head.decoder.0.self_posembed.position_embedding_head.0.weight:lr_mult=1.0
05/22 19:57:28 - mmengine - INFO - paramwise_options -- bbox_head.decoder.0.self_posembed.position_embedding_head.0.bias:lr=5e-05
05/22 19:57:28 - mmengine - INFO - paramwise_options -- bbox_head.decoder.0.self_posembed.position_embedding_head.0.bias:weight_decay=0.01
05/22 19:57:28 - mmengine - INFO - paramwise_options -- bbox_head.decoder.0.self_posembed.position_embedding_head.0.bias:lr_mult=1.0
05/22 19:57:28 - mmengine - INFO - paramwise_options -- bbox_head.decoder.0.self_posembed.position_embedding_head.1.weight:lr=5e-05
05/22 19:57:28 - mmengine - INFO - paramwise_options -- bbox_head.decoder.0.self_posembed.position_embedding_head.1.weight:weight_decay=0.01
05/22 19:57:28 - mmengine - INFO - paramwise_options -- bbox_head.decoder.0.self_posembed.position_embedding_head.1.weight:lr_mult=1.0
05/22 19:57:28 - mmengine - INFO - paramwise_options -- bbox_head.decoder.0.self_posembed.position_embedding_head.1.bias:lr=5e-05
05/22 19:57:28 - mmengine - INFO - paramwise_options -- bbox_head.decoder.0.self_posembed.position_embedding_head.1.bias:weight_decay=0.01
05/22 19:57:28 - mmengine - INFO - paramwise_options -- bbox_head.decoder.0.self_posembed.position_embedding_head.1.bias:lr_mult=1.0
05/22 19:57:28 - mmengine - INFO - paramwise_options -- bbox_head.decoder.0.self_posembed.position_embedding_head.3.weight:lr=5e-05
05/22 19:57:28 - mmengine - INFO - paramwise_options -- bbox_head.decoder.0.self_posembed.position_embedding_head.3.weight:weight_decay=0.01
05/22 19:57:28 - mmengine - INFO - paramwise_options -- bbox_head.decoder.0.self_posembed.position_embedding_head.3.weight:lr_mult=1.0
05/22 19:57:28 - mmengine - INFO - paramwise_options -- bbox_head.decoder.0.self_posembed.position_embedding_head.3.bias:lr=5e-05
05/22 19:57:28 - mmengine - INFO - paramwise_options -- bbox_head.decoder.0.self_posembed.position_embedding_head.3.bias:weight_decay=0.01
05/22 19:57:28 - mmengine - INFO - paramwise_options -- bbox_head.decoder.0.self_posembed.position_embedding_head.3.bias:lr_mult=1.0
05/22 19:57:28 - mmengine - INFO - paramwise_options -- bbox_head.decoder.0.cross_posembed.position_embedding_head.0.weight:lr=5e-05
05/22 19:57:28 - mmengine - INFO - paramwise_options -- bbox_head.decoder.0.cross_posembed.position_embedding_head.0.weight:weight_decay=0.01
05/22 19:57:28 - mmengine - INFO - paramwise_options -- bbox_head.decoder.0.cross_posembed.position_embedding_head.0.weight:lr_mult=1.0
05/22 19:57:28 - mmengine - INFO - paramwise_options -- bbox_head.decoder.0.cross_posembed.position_embedding_head.0.bias:lr=5e-05
05/22 19:57:28 - mmengine - INFO - paramwise_options -- bbox_head.decoder.0.cross_posembed.position_embedding_head.0.bias:weight_decay=0.01
05/22 19:57:28 - mmengine - INFO - paramwise_options -- bbox_head.decoder.0.cross_posembed.position_embedding_head.0.bias:lr_mult=1.0
05/22 19:57:28 - mmengine - INFO - paramwise_options -- bbox_head.decoder.0.cross_posembed.position_embedding_head.1.weight:lr=5e-05
05/22 19:57:28 - mmengine - INFO - paramwise_options -- bbox_head.decoder.0.cross_posembed.position_embedding_head.1.weight:weight_decay=0.01
05/22 19:57:28 - mmengine - INFO - paramwise_options -- bbox_head.decoder.0.cross_posembed.position_embedding_head.1.weight:lr_mult=1.0
05/22 19:57:28 - mmengine - INFO - paramwise_options -- bbox_head.decoder.0.cross_posembed.position_embedding_head.1.bias:lr=5e-05
05/22 19:57:28 - mmengine - INFO - paramwise_options -- bbox_head.decoder.0.cross_posembed.position_embedding_head.1.bias:weight_decay=0.01
05/22 19:57:28 - mmengine - INFO - paramwise_options -- bbox_head.decoder.0.cross_posembed.position_embedding_head.1.bias:lr_mult=1.0
05/22 19:57:28 - mmengine - INFO - paramwise_options -- bbox_head.decoder.0.cross_posembed.position_embedding_head.3.weight:lr=5e-05
05/22 19:57:28 - mmengine - INFO - paramwise_options -- bbox_head.decoder.0.cross_posembed.position_embedding_head.3.weight:weight_decay=0.01
05/22 19:57:28 - mmengine - INFO - paramwise_options -- bbox_head.decoder.0.cross_posembed.position_embedding_head.3.weight:lr_mult=1.0
05/22 19:57:28 - mmengine - INFO - paramwise_options -- bbox_head.decoder.0.cross_posembed.position_embedding_head.3.bias:lr=5e-05
05/22 19:57:28 - mmengine - INFO - paramwise_options -- bbox_head.decoder.0.cross_posembed.position_embedding_head.3.bias:weight_decay=0.01
05/22 19:57:28 - mmengine - INFO - paramwise_options -- bbox_head.decoder.0.cross_posembed.position_embedding_head.3.bias:lr_mult=1.0
05/22 19:57:28 - mmengine - INFO - paramwise_options -- bbox_head.prediction_heads.0.center.0.conv.weight:lr=5e-05
05/22 19:57:28 - mmengine - INFO - paramwise_options -- bbox_head.prediction_heads.0.center.0.conv.weight:weight_decay=0.01
05/22 19:57:28 - mmengine - INFO - paramwise_options -- bbox_head.prediction_heads.0.center.0.conv.weight:lr_mult=1.0
05/22 19:57:28 - mmengine - INFO - paramwise_options -- bbox_head.prediction_heads.0.center.0.bn.weight:lr=5e-05
05/22 19:57:28 - mmengine - INFO - paramwise_options -- bbox_head.prediction_heads.0.center.0.bn.weight:weight_decay=0.01
05/22 19:57:28 - mmengine - INFO - paramwise_options -- bbox_head.prediction_heads.0.center.0.bn.weight:lr_mult=1.0
05/22 19:57:28 - mmengine - INFO - paramwise_options -- bbox_head.prediction_heads.0.center.0.bn.bias:lr=5e-05
05/22 19:57:28 - mmengine - INFO - paramwise_options -- bbox_head.prediction_heads.0.center.0.bn.bias:weight_decay=0.01
05/22 19:57:28 - mmengine - INFO - paramwise_options -- bbox_head.prediction_heads.0.center.0.bn.bias:lr_mult=1.0
05/22 19:57:28 - mmengine - INFO - paramwise_options -- bbox_head.prediction_heads.0.center.1.weight:lr=5e-05
05/22 19:57:28 - mmengine - INFO - paramwise_options -- bbox_head.prediction_heads.0.center.1.weight:weight_decay=0.01
05/22 19:57:28 - mmengine - INFO - paramwise_options -- bbox_head.prediction_heads.0.center.1.weight:lr_mult=1.0
05/22 19:57:28 - mmengine - INFO - paramwise_options -- bbox_head.prediction_heads.0.center.1.bias:lr=5e-05
05/22 19:57:28 - mmengine - INFO - paramwise_options -- bbox_head.prediction_heads.0.center.1.bias:weight_decay=0.01
05/22 19:57:28 - mmengine - INFO - paramwise_options -- bbox_head.prediction_heads.0.center.1.bias:lr_mult=1.0
05/22 19:57:28 - mmengine - INFO - paramwise_options -- bbox_head.prediction_heads.0.height.0.conv.weight:lr=5e-05
05/22 19:57:28 - mmengine - INFO - paramwise_options -- bbox_head.prediction_heads.0.height.0.conv.weight:weight_decay=0.01
05/22 19:57:28 - mmengine - INFO - paramwise_options -- bbox_head.prediction_heads.0.height.0.conv.weight:lr_mult=1.0
05/22 19:57:28 - mmengine - INFO - paramwise_options -- bbox_head.prediction_heads.0.height.0.bn.weight:lr=5e-05
05/22 19:57:28 - mmengine - INFO - paramwise_options -- bbox_head.prediction_heads.0.height.0.bn.weight:weight_decay=0.01
05/22 19:57:28 - mmengine - INFO - paramwise_options -- bbox_head.prediction_heads.0.height.0.bn.weight:lr_mult=1.0
05/22 19:57:28 - mmengine - INFO - paramwise_options -- bbox_head.prediction_heads.0.height.0.bn.bias:lr=5e-05
05/22 19:57:28 - mmengine - INFO - paramwise_options -- bbox_head.prediction_heads.0.height.0.bn.bias:weight_decay=0.01
05/22 19:57:28 - mmengine - INFO - paramwise_options -- bbox_head.prediction_heads.0.height.0.bn.bias:lr_mult=1.0
05/22 19:57:28 - mmengine - INFO - paramwise_options -- bbox_head.prediction_heads.0.height.1.weight:lr=5e-05
05/22 19:57:28 - mmengine - INFO - paramwise_options -- bbox_head.prediction_heads.0.height.1.weight:weight_decay=0.01
05/22 19:57:28 - mmengine - INFO - paramwise_options -- bbox_head.prediction_heads.0.height.1.weight:lr_mult=1.0
05/22 19:57:28 - mmengine - INFO - paramwise_options -- bbox_head.prediction_heads.0.height.1.bias:lr=5e-05
05/22 19:57:28 - mmengine - INFO - paramwise_options -- bbox_head.prediction_heads.0.height.1.bias:weight_decay=0.01
05/22 19:57:28 - mmengine - INFO - paramwise_options -- bbox_head.prediction_heads.0.height.1.bias:lr_mult=1.0
05/22 19:57:28 - mmengine - INFO - paramwise_options -- bbox_head.prediction_heads.0.dim.0.conv.weight:lr=5e-05
05/22 19:57:28 - mmengine - INFO - paramwise_options -- bbox_head.prediction_heads.0.dim.0.conv.weight:weight_decay=0.01
05/22 19:57:28 - mmengine - INFO - paramwise_options -- bbox_head.prediction_heads.0.dim.0.conv.weight:lr_mult=1.0
05/22 19:57:28 - mmengine - INFO - paramwise_options -- bbox_head.prediction_heads.0.dim.0.bn.weight:lr=5e-05
05/22 19:57:28 - mmengine - INFO - paramwise_options -- bbox_head.prediction_heads.0.dim.0.bn.weight:weight_decay=0.01
05/22 19:57:28 - mmengine - INFO - paramwise_options -- bbox_head.prediction_heads.0.dim.0.bn.weight:lr_mult=1.0
05/22 19:57:28 - mmengine - INFO - paramwise_options -- bbox_head.prediction_heads.0.dim.0.bn.bias:lr=5e-05
05/22 19:57:28 - mmengine - INFO - paramwise_options -- bbox_head.prediction_heads.0.dim.0.bn.bias:weight_decay=0.01
05/22 19:57:28 - mmengine - INFO - paramwise_options -- bbox_head.prediction_heads.0.dim.0.bn.bias:lr_mult=1.0
05/22 19:57:28 - mmengine - INFO - paramwise_options -- bbox_head.prediction_heads.0.dim.1.weight:lr=5e-05
05/22 19:57:28 - mmengine - INFO - paramwise_options -- bbox_head.prediction_heads.0.dim.1.weight:weight_decay=0.01
05/22 19:57:28 - mmengine - INFO - paramwise_options -- bbox_head.prediction_heads.0.dim.1.weight:lr_mult=1.0
05/22 19:57:28 - mmengine - INFO - paramwise_options -- bbox_head.prediction_heads.0.dim.1.bias:lr=5e-05
05/22 19:57:28 - mmengine - INFO - paramwise_options -- bbox_head.prediction_heads.0.dim.1.bias:weight_decay=0.01
05/22 19:57:28 - mmengine - INFO - paramwise_options -- bbox_head.prediction_heads.0.dim.1.bias:lr_mult=1.0
05/22 19:57:28 - mmengine - INFO - paramwise_options -- bbox_head.prediction_heads.0.rot.0.conv.weight:lr=5e-05
05/22 19:57:28 - mmengine - INFO - paramwise_options -- bbox_head.prediction_heads.0.rot.0.conv.weight:weight_decay=0.01
05/22 19:57:28 - mmengine - INFO - paramwise_options -- bbox_head.prediction_heads.0.rot.0.conv.weight:lr_mult=1.0
05/22 19:57:28 - mmengine - INFO - paramwise_options -- bbox_head.prediction_heads.0.rot.0.bn.weight:lr=5e-05
05/22 19:57:28 - mmengine - INFO - paramwise_options -- bbox_head.prediction_heads.0.rot.0.bn.weight:weight_decay=0.01
05/22 19:57:28 - mmengine - INFO - paramwise_options -- bbox_head.prediction_heads.0.rot.0.bn.weight:lr_mult=1.0
05/22 19:57:28 - mmengine - INFO - paramwise_options -- bbox_head.prediction_heads.0.rot.0.bn.bias:lr=5e-05
05/22 19:57:28 - mmengine - INFO - paramwise_options -- bbox_head.prediction_heads.0.rot.0.bn.bias:weight_decay=0.01
05/22 19:57:28 - mmengine - INFO - paramwise_options -- bbox_head.prediction_heads.0.rot.0.bn.bias:lr_mult=1.0
05/22 19:57:28 - mmengine - INFO - paramwise_options -- bbox_head.prediction_heads.0.rot.1.weight:lr=5e-05
05/22 19:57:28 - mmengine - INFO - paramwise_options -- bbox_head.prediction_heads.0.rot.1.weight:weight_decay=0.01
05/22 19:57:28 - mmengine - INFO - paramwise_options -- bbox_head.prediction_heads.0.rot.1.weight:lr_mult=1.0
05/22 19:57:28 - mmengine - INFO - paramwise_options -- bbox_head.prediction_heads.0.rot.1.bias:lr=5e-05
05/22 19:57:28 - mmengine - INFO - paramwise_options -- bbox_head.prediction_heads.0.rot.1.bias:weight_decay=0.01
05/22 19:57:28 - mmengine - INFO - paramwise_options -- bbox_head.prediction_heads.0.rot.1.bias:lr_mult=1.0
05/22 19:57:28 - mmengine - INFO - paramwise_options -- bbox_head.prediction_heads.0.heatmap.0.conv.weight:lr=5e-05
05/22 19:57:28 - mmengine - INFO - paramwise_options -- bbox_head.prediction_heads.0.heatmap.0.conv.weight:weight_decay=0.01
05/22 19:57:28 - mmengine - INFO - paramwise_options -- bbox_head.prediction_heads.0.heatmap.0.conv.weight:lr_mult=1.0
05/22 19:57:28 - mmengine - INFO - paramwise_options -- bbox_head.prediction_heads.0.heatmap.0.bn.weight:lr=5e-05
05/22 19:57:28 - mmengine - INFO - paramwise_options -- bbox_head.prediction_heads.0.heatmap.0.bn.weight:weight_decay=0.01
05/22 19:57:28 - mmengine - INFO - paramwise_options -- bbox_head.prediction_heads.0.heatmap.0.bn.weight:lr_mult=1.0
05/22 19:57:28 - mmengine - INFO - paramwise_options -- bbox_head.prediction_heads.0.heatmap.0.bn.bias:lr=5e-05
05/22 19:57:28 - mmengine - INFO - paramwise_options -- bbox_head.prediction_heads.0.heatmap.0.bn.bias:weight_decay=0.01
05/22 19:57:28 - mmengine - INFO - paramwise_options -- bbox_head.prediction_heads.0.heatmap.0.bn.bias:lr_mult=1.0
05/22 19:57:28 - mmengine - INFO - paramwise_options -- bbox_head.prediction_heads.0.heatmap.1.weight:lr=5e-05
05/22 19:57:28 - mmengine - INFO - paramwise_options -- bbox_head.prediction_heads.0.heatmap.1.weight:weight_decay=0.01
05/22 19:57:28 - mmengine - INFO - paramwise_options -- bbox_head.prediction_heads.0.heatmap.1.weight:lr_mult=1.0
05/22 19:57:28 - mmengine - INFO - paramwise_options -- bbox_head.prediction_heads.0.heatmap.1.bias:lr=5e-05
05/22 19:57:28 - mmengine - INFO - paramwise_options -- bbox_head.prediction_heads.0.heatmap.1.bias:weight_decay=0.01
05/22 19:57:28 - mmengine - INFO - paramwise_options -- bbox_head.prediction_heads.0.heatmap.1.bias:lr_mult=1.0
05/22 19:57:28 - mmengine - INFO - paramwise_options -- joint_modality_moe.cam_summary.stem.0.weight:lr=5e-05
05/22 19:57:28 - mmengine - INFO - paramwise_options -- joint_modality_moe.cam_summary.stem.0.weight:weight_decay=0.0005
05/22 19:57:28 - mmengine - INFO - paramwise_options -- joint_modality_moe.cam_summary.stem.0.weight:decay_mult=0.05
05/22 19:57:28 - mmengine - INFO - paramwise_options -- joint_modality_moe.cam_summary.stem.0.weight:lr_mult=1.0
05/22 19:57:28 - mmengine - INFO - paramwise_options -- joint_modality_moe.cam_summary.stem.1.weight:lr=5e-05
05/22 19:57:28 - mmengine - INFO - paramwise_options -- joint_modality_moe.cam_summary.stem.1.weight:weight_decay=0.0005
05/22 19:57:28 - mmengine - INFO - paramwise_options -- joint_modality_moe.cam_summary.stem.1.weight:decay_mult=0.05
05/22 19:57:28 - mmengine - INFO - paramwise_options -- joint_modality_moe.cam_summary.stem.1.weight:lr_mult=1.0
05/22 19:57:28 - mmengine - INFO - paramwise_options -- joint_modality_moe.cam_summary.stem.1.bias:lr=5e-05
05/22 19:57:28 - mmengine - INFO - paramwise_options -- joint_modality_moe.cam_summary.stem.1.bias:weight_decay=0.0005
05/22 19:57:28 - mmengine - INFO - paramwise_options -- joint_modality_moe.cam_summary.stem.1.bias:decay_mult=0.05
05/22 19:57:28 - mmengine - INFO - paramwise_options -- joint_modality_moe.cam_summary.stem.1.bias:lr_mult=1.0
05/22 19:57:28 - mmengine - INFO - paramwise_options -- joint_modality_moe.cam_summary.res_blocks.0.conv1.weight:lr=5e-05
05/22 19:57:28 - mmengine - INFO - paramwise_options -- joint_modality_moe.cam_summary.res_blocks.0.conv1.weight:weight_decay=0.0005
05/22 19:57:28 - mmengine - INFO - paramwise_options -- joint_modality_moe.cam_summary.res_blocks.0.conv1.weight:decay_mult=0.05
05/22 19:57:28 - mmengine - INFO - paramwise_options -- joint_modality_moe.cam_summary.res_blocks.0.conv1.weight:lr_mult=1.0
05/22 19:57:28 - mmengine - INFO - paramwise_options -- joint_modality_moe.cam_summary.res_blocks.0.gn1.weight:lr=5e-05
05/22 19:57:28 - mmengine - INFO - paramwise_options -- joint_modality_moe.cam_summary.res_blocks.0.gn1.weight:weight_decay=0.0005
05/22 19:57:28 - mmengine - INFO - paramwise_options -- joint_modality_moe.cam_summary.res_blocks.0.gn1.weight:decay_mult=0.05
05/22 19:57:28 - mmengine - INFO - paramwise_options -- joint_modality_moe.cam_summary.res_blocks.0.gn1.weight:lr_mult=1.0
05/22 19:57:28 - mmengine - INFO - paramwise_options -- joint_modality_moe.cam_summary.res_blocks.0.gn1.bias:lr=5e-05
05/22 19:57:28 - mmengine - INFO - paramwise_options -- joint_modality_moe.cam_summary.res_blocks.0.gn1.bias:weight_decay=0.0005
05/22 19:57:28 - mmengine - INFO - paramwise_options -- joint_modality_moe.cam_summary.res_blocks.0.gn1.bias:decay_mult=0.05
05/22 19:57:28 - mmengine - INFO - paramwise_options -- joint_modality_moe.cam_summary.res_blocks.0.gn1.bias:lr_mult=1.0
05/22 19:57:28 - mmengine - INFO - paramwise_options -- joint_modality_moe.cam_summary.res_blocks.0.conv2.weight:lr=5e-05
05/22 19:57:28 - mmengine - INFO - paramwise_options -- joint_modality_moe.cam_summary.res_blocks.0.conv2.weight:weight_decay=0.0005
05/22 19:57:28 - mmengine - INFO - paramwise_options -- joint_modality_moe.cam_summary.res_blocks.0.conv2.weight:decay_mult=0.05
05/22 19:57:28 - mmengine - INFO - paramwise_options -- joint_modality_moe.cam_summary.res_blocks.0.conv2.weight:lr_mult=1.0
05/22 19:57:28 - mmengine - INFO - paramwise_options -- joint_modality_moe.cam_summary.res_blocks.0.gn2.weight:lr=5e-05
05/22 19:57:28 - mmengine - INFO - paramwise_options -- joint_modality_moe.cam_summary.res_blocks.0.gn2.weight:weight_decay=0.0005
05/22 19:57:28 - mmengine - INFO - paramwise_options -- joint_modality_moe.cam_summary.res_blocks.0.gn2.weight:decay_mult=0.05
05/22 19:57:28 - mmengine - INFO - paramwise_options -- joint_modality_moe.cam_summary.res_blocks.0.gn2.weight:lr_mult=1.0
05/22 19:57:28 - mmengine - INFO - paramwise_options -- joint_modality_moe.cam_summary.res_blocks.0.gn2.bias:lr=5e-05
05/22 19:57:28 - mmengine - INFO - paramwise_options -- joint_modality_moe.cam_summary.res_blocks.0.gn2.bias:weight_decay=0.0005
05/22 19:57:28 - mmengine - INFO - paramwise_options -- joint_modality_moe.cam_summary.res_blocks.0.gn2.bias:decay_mult=0.05
05/22 19:57:28 - mmengine - INFO - paramwise_options -- joint_modality_moe.cam_summary.res_blocks.0.gn2.bias:lr_mult=1.0
05/22 19:57:28 - mmengine - INFO - paramwise_options -- joint_modality_moe.cam_summary.res_blocks.1.conv1.weight:lr=5e-05
05/22 19:57:28 - mmengine - INFO - paramwise_options -- joint_modality_moe.cam_summary.res_blocks.1.conv1.weight:weight_decay=0.0005
05/22 19:57:28 - mmengine - INFO - paramwise_options -- joint_modality_moe.cam_summary.res_blocks.1.conv1.weight:decay_mult=0.05
05/22 19:57:28 - mmengine - INFO - paramwise_options -- joint_modality_moe.cam_summary.res_blocks.1.conv1.weight:lr_mult=1.0
05/22 19:57:28 - mmengine - INFO - paramwise_options -- joint_modality_moe.cam_summary.res_blocks.1.gn1.weight:lr=5e-05
05/22 19:57:28 - mmengine - INFO - paramwise_options -- joint_modality_moe.cam_summary.res_blocks.1.gn1.weight:weight_decay=0.0005
05/22 19:57:28 - mmengine - INFO - paramwise_options -- joint_modality_moe.cam_summary.res_blocks.1.gn1.weight:decay_mult=0.05
05/22 19:57:28 - mmengine - INFO - paramwise_options -- joint_modality_moe.cam_summary.res_blocks.1.gn1.weight:lr_mult=1.0
05/22 19:57:28 - mmengine - INFO - paramwise_options -- joint_modality_moe.cam_summary.res_blocks.1.gn1.bias:lr=5e-05
05/22 19:57:28 - mmengine - INFO - paramwise_options -- joint_modality_moe.cam_summary.res_blocks.1.gn1.bias:weight_decay=0.0005
05/22 19:57:28 - mmengine - INFO - paramwise_options -- joint_modality_moe.cam_summary.res_blocks.1.gn1.bias:decay_mult=0.05
05/22 19:57:28 - mmengine - INFO - paramwise_options -- joint_modality_moe.cam_summary.res_blocks.1.gn1.bias:lr_mult=1.0
05/22 19:57:28 - mmengine - INFO - paramwise_options -- joint_modality_moe.cam_summary.res_blocks.1.conv2.weight:lr=5e-05
05/22 19:57:28 - mmengine - INFO - paramwise_options -- joint_modality_moe.cam_summary.res_blocks.1.conv2.weight:weight_decay=0.0005
05/22 19:57:28 - mmengine - INFO - paramwise_options -- joint_modality_moe.cam_summary.res_blocks.1.conv2.weight:decay_mult=0.05
05/22 19:57:28 - mmengine - INFO - paramwise_options -- joint_modality_moe.cam_summary.res_blocks.1.conv2.weight:lr_mult=1.0
05/22 19:57:28 - mmengine - INFO - paramwise_options -- joint_modality_moe.cam_summary.res_blocks.1.gn2.weight:lr=5e-05
05/22 19:57:28 - mmengine - INFO - paramwise_options -- joint_modality_moe.cam_summary.res_blocks.1.gn2.weight:weight_decay=0.0005
05/22 19:57:28 - mmengine - INFO - paramwise_options -- joint_modality_moe.cam_summary.res_blocks.1.gn2.weight:decay_mult=0.05
05/22 19:57:28 - mmengine - INFO - paramwise_options -- joint_modality_moe.cam_summary.res_blocks.1.gn2.weight:lr_mult=1.0
05/22 19:57:28 - mmengine - INFO - paramwise_options -- joint_modality_moe.cam_summary.res_blocks.1.gn2.bias:lr=5e-05
05/22 19:57:28 - mmengine - INFO - paramwise_options -- joint_modality_moe.cam_summary.res_blocks.1.gn2.bias:weight_decay=0.0005
05/22 19:57:28 - mmengine - INFO - paramwise_options -- joint_modality_moe.cam_summary.res_blocks.1.gn2.bias:decay_mult=0.05
05/22 19:57:28 - mmengine - INFO - paramwise_options -- joint_modality_moe.cam_summary.res_blocks.1.gn2.bias:lr_mult=1.0
05/22 19:57:28 - mmengine - INFO - paramwise_options -- joint_modality_moe.cam_summary.res_blocks.2.conv1.weight:lr=5e-05
05/22 19:57:28 - mmengine - INFO - paramwise_options -- joint_modality_moe.cam_summary.res_blocks.2.conv1.weight:weight_decay=0.0005
05/22 19:57:28 - mmengine - INFO - paramwise_options -- joint_modality_moe.cam_summary.res_blocks.2.conv1.weight:decay_mult=0.05
05/22 19:57:28 - mmengine - INFO - paramwise_options -- joint_modality_moe.cam_summary.res_blocks.2.conv1.weight:lr_mult=1.0
05/22 19:57:28 - mmengine - INFO - paramwise_options -- joint_modality_moe.cam_summary.res_blocks.2.gn1.weight:lr=5e-05
05/22 19:57:28 - mmengine - INFO - paramwise_options -- joint_modality_moe.cam_summary.res_blocks.2.gn1.weight:weight_decay=0.0005
05/22 19:57:28 - mmengine - INFO - paramwise_options -- joint_modality_moe.cam_summary.res_blocks.2.gn1.weight:decay_mult=0.05
05/22 19:57:28 - mmengine - INFO - paramwise_options -- joint_modality_moe.cam_summary.res_blocks.2.gn1.weight:lr_mult=1.0
05/22 19:57:28 - mmengine - INFO - paramwise_options -- joint_modality_moe.cam_summary.res_blocks.2.gn1.bias:lr=5e-05
05/22 19:57:28 - mmengine - INFO - paramwise_options -- joint_modality_moe.cam_summary.res_blocks.2.gn1.bias:weight_decay=0.0005
05/22 19:57:28 - mmengine - INFO - paramwise_options -- joint_modality_moe.cam_summary.res_blocks.2.gn1.bias:decay_mult=0.05
05/22 19:57:28 - mmengine - INFO - paramwise_options -- joint_modality_moe.cam_summary.res_blocks.2.gn1.bias:lr_mult=1.0
05/22 19:57:28 - mmengine - INFO - paramwise_options -- joint_modality_moe.cam_summary.res_blocks.2.conv2.weight:lr=5e-05
05/22 19:57:28 - mmengine - INFO - paramwise_options -- joint_modality_moe.cam_summary.res_blocks.2.conv2.weight:weight_decay=0.0005
05/22 19:57:28 - mmengine - INFO - paramwise_options -- joint_modality_moe.cam_summary.res_blocks.2.conv2.weight:decay_mult=0.05
05/22 19:57:28 - mmengine - INFO - paramwise_options -- joint_modality_moe.cam_summary.res_blocks.2.conv2.weight:lr_mult=1.0
05/22 19:57:28 - mmengine - INFO - paramwise_options -- joint_modality_moe.cam_summary.res_blocks.2.gn2.weight:lr=5e-05
05/22 19:57:28 - mmengine - INFO - paramwise_options -- joint_modality_moe.cam_summary.res_blocks.2.gn2.weight:weight_decay=0.0005
05/22 19:57:28 - mmengine - INFO - paramwise_options -- joint_modality_moe.cam_summary.res_blocks.2.gn2.weight:decay_mult=0.05
05/22 19:57:28 - mmengine - INFO - paramwise_options -- joint_modality_moe.cam_summary.res_blocks.2.gn2.weight:lr_mult=1.0
05/22 19:57:28 - mmengine - INFO - paramwise_options -- joint_modality_moe.cam_summary.res_blocks.2.gn2.bias:lr=5e-05
05/22 19:57:28 - mmengine - INFO - paramwise_options -- joint_modality_moe.cam_summary.res_blocks.2.gn2.bias:weight_decay=0.0005
05/22 19:57:28 - mmengine - INFO - paramwise_options -- joint_modality_moe.cam_summary.res_blocks.2.gn2.bias:decay_mult=0.05
05/22 19:57:28 - mmengine - INFO - paramwise_options -- joint_modality_moe.cam_summary.res_blocks.2.gn2.bias:lr_mult=1.0
05/22 19:57:28 - mmengine - INFO - paramwise_options -- joint_modality_moe.cam_summary.res_blocks.2.shortcut.0.weight:lr=5e-05
05/22 19:57:28 - mmengine - INFO - paramwise_options -- joint_modality_moe.cam_summary.res_blocks.2.shortcut.0.weight:weight_decay=0.0005
05/22 19:57:28 - mmengine - INFO - paramwise_options -- joint_modality_moe.cam_summary.res_blocks.2.shortcut.0.weight:decay_mult=0.05
05/22 19:57:28 - mmengine - INFO - paramwise_options -- joint_modality_moe.cam_summary.res_blocks.2.shortcut.0.weight:lr_mult=1.0
05/22 19:57:28 - mmengine - INFO - paramwise_options -- joint_modality_moe.cam_summary.res_blocks.2.shortcut.1.weight:lr=5e-05
05/22 19:57:28 - mmengine - INFO - paramwise_options -- joint_modality_moe.cam_summary.res_blocks.2.shortcut.1.weight:weight_decay=0.0005
05/22 19:57:28 - mmengine - INFO - paramwise_options -- joint_modality_moe.cam_summary.res_blocks.2.shortcut.1.weight:decay_mult=0.05
05/22 19:57:28 - mmengine - INFO - paramwise_options -- joint_modality_moe.cam_summary.res_blocks.2.shortcut.1.weight:lr_mult=1.0
05/22 19:57:28 - mmengine - INFO - paramwise_options -- joint_modality_moe.cam_summary.res_blocks.2.shortcut.1.bias:lr=5e-05
05/22 19:57:28 - mmengine - INFO - paramwise_options -- joint_modality_moe.cam_summary.res_blocks.2.shortcut.1.bias:weight_decay=0.0005
05/22 19:57:28 - mmengine - INFO - paramwise_options -- joint_modality_moe.cam_summary.res_blocks.2.shortcut.1.bias:decay_mult=0.05
05/22 19:57:28 - mmengine - INFO - paramwise_options -- joint_modality_moe.cam_summary.res_blocks.2.shortcut.1.bias:lr_mult=1.0
05/22 19:57:28 - mmengine - INFO - paramwise_options -- joint_modality_moe.cam_summary.proj.1.weight:lr=5e-05
05/22 19:57:28 - mmengine - INFO - paramwise_options -- joint_modality_moe.cam_summary.proj.1.weight:weight_decay=0.0005
05/22 19:57:28 - mmengine - INFO - paramwise_options -- joint_modality_moe.cam_summary.proj.1.weight:decay_mult=0.05
05/22 19:57:28 - mmengine - INFO - paramwise_options -- joint_modality_moe.cam_summary.proj.1.weight:lr_mult=1.0
05/22 19:57:28 - mmengine - INFO - paramwise_options -- joint_modality_moe.cam_summary.proj.1.bias:lr=5e-05
05/22 19:57:28 - mmengine - INFO - paramwise_options -- joint_modality_moe.cam_summary.proj.1.bias:weight_decay=0.0005
05/22 19:57:28 - mmengine - INFO - paramwise_options -- joint_modality_moe.cam_summary.proj.1.bias:decay_mult=0.05
05/22 19:57:28 - mmengine - INFO - paramwise_options -- joint_modality_moe.cam_summary.proj.1.bias:lr_mult=1.0
05/22 19:57:28 - mmengine - INFO - paramwise_options -- joint_modality_moe.cam_summary.proj.2.weight:lr=5e-05
05/22 19:57:28 - mmengine - INFO - paramwise_options -- joint_modality_moe.cam_summary.proj.2.weight:weight_decay=0.0005
05/22 19:57:28 - mmengine - INFO - paramwise_options -- joint_modality_moe.cam_summary.proj.2.weight:decay_mult=0.05
05/22 19:57:28 - mmengine - INFO - paramwise_options -- joint_modality_moe.cam_summary.proj.2.weight:lr_mult=1.0
05/22 19:57:28 - mmengine - INFO - paramwise_options -- joint_modality_moe.cam_summary.proj.2.bias:lr=5e-05
05/22 19:57:28 - mmengine - INFO - paramwise_options -- joint_modality_moe.cam_summary.proj.2.bias:weight_decay=0.0005
05/22 19:57:28 - mmengine - INFO - paramwise_options -- joint_modality_moe.cam_summary.proj.2.bias:decay_mult=0.05
05/22 19:57:28 - mmengine - INFO - paramwise_options -- joint_modality_moe.cam_summary.proj.2.bias:lr_mult=1.0
05/22 19:57:28 - mmengine - INFO - paramwise_options -- joint_modality_moe.lidar_summary.stem.0.weight:lr=5e-05
05/22 19:57:28 - mmengine - INFO - paramwise_options -- joint_modality_moe.lidar_summary.stem.0.weight:weight_decay=0.0005
05/22 19:57:28 - mmengine - INFO - paramwise_options -- joint_modality_moe.lidar_summary.stem.0.weight:decay_mult=0.05
05/22 19:57:28 - mmengine - INFO - paramwise_options -- joint_modality_moe.lidar_summary.stem.0.weight:lr_mult=1.0
05/22 19:57:28 - mmengine - INFO - paramwise_options -- joint_modality_moe.lidar_summary.stem.1.weight:lr=5e-05
05/22 19:57:28 - mmengine - INFO - paramwise_options -- joint_modality_moe.lidar_summary.stem.1.weight:weight_decay=0.0005
05/22 19:57:28 - mmengine - INFO - paramwise_options -- joint_modality_moe.lidar_summary.stem.1.weight:decay_mult=0.05
05/22 19:57:28 - mmengine - INFO - paramwise_options -- joint_modality_moe.lidar_summary.stem.1.weight:lr_mult=1.0
05/22 19:57:28 - mmengine - INFO - paramwise_options -- joint_modality_moe.lidar_summary.stem.1.bias:lr=5e-05
05/22 19:57:28 - mmengine - INFO - paramwise_options -- joint_modality_moe.lidar_summary.stem.1.bias:weight_decay=0.0005
05/22 19:57:28 - mmengine - INFO - paramwise_options -- joint_modality_moe.lidar_summary.stem.1.bias:decay_mult=0.05
05/22 19:57:28 - mmengine - INFO - paramwise_options -- joint_modality_moe.lidar_summary.stem.1.bias:lr_mult=1.0
05/22 19:57:28 - mmengine - INFO - paramwise_options -- joint_modality_moe.lidar_summary.res_blocks.0.conv1.weight:lr=5e-05
05/22 19:57:28 - mmengine - INFO - paramwise_options -- joint_modality_moe.lidar_summary.res_blocks.0.conv1.weight:weight_decay=0.0005
05/22 19:57:28 - mmengine - INFO - paramwise_options -- joint_modality_moe.lidar_summary.res_blocks.0.conv1.weight:decay_mult=0.05
05/22 19:57:28 - mmengine - INFO - paramwise_options -- joint_modality_moe.lidar_summary.res_blocks.0.conv1.weight:lr_mult=1.0
05/22 19:57:28 - mmengine - INFO - paramwise_options -- joint_modality_moe.lidar_summary.res_blocks.0.gn1.weight:lr=5e-05
05/22 19:57:28 - mmengine - INFO - paramwise_options -- joint_modality_moe.lidar_summary.res_blocks.0.gn1.weight:weight_decay=0.0005
05/22 19:57:28 - mmengine - INFO - paramwise_options -- joint_modality_moe.lidar_summary.res_blocks.0.gn1.weight:decay_mult=0.05
05/22 19:57:28 - mmengine - INFO - paramwise_options -- joint_modality_moe.lidar_summary.res_blocks.0.gn1.weight:lr_mult=1.0
05/22 19:57:28 - mmengine - INFO - paramwise_options -- joint_modality_moe.lidar_summary.res_blocks.0.gn1.bias:lr=5e-05
05/22 19:57:28 - mmengine - INFO - paramwise_options -- joint_modality_moe.lidar_summary.res_blocks.0.gn1.bias:weight_decay=0.0005
05/22 19:57:28 - mmengine - INFO - paramwise_options -- joint_modality_moe.lidar_summary.res_blocks.0.gn1.bias:decay_mult=0.05
05/22 19:57:28 - mmengine - INFO - paramwise_options -- joint_modality_moe.lidar_summary.res_blocks.0.gn1.bias:lr_mult=1.0
05/22 19:57:28 - mmengine - INFO - paramwise_options -- joint_modality_moe.lidar_summary.res_blocks.0.conv2.weight:lr=5e-05
05/22 19:57:28 - mmengine - INFO - paramwise_options -- joint_modality_moe.lidar_summary.res_blocks.0.conv2.weight:weight_decay=0.0005
05/22 19:57:28 - mmengine - INFO - paramwise_options -- joint_modality_moe.lidar_summary.res_blocks.0.conv2.weight:decay_mult=0.05
05/22 19:57:28 - mmengine - INFO - paramwise_options -- joint_modality_moe.lidar_summary.res_blocks.0.conv2.weight:lr_mult=1.0
05/22 19:57:28 - mmengine - INFO - paramwise_options -- joint_modality_moe.lidar_summary.res_blocks.0.gn2.weight:lr=5e-05
05/22 19:57:28 - mmengine - INFO - paramwise_options -- joint_modality_moe.lidar_summary.res_blocks.0.gn2.weight:weight_decay=0.0005
05/22 19:57:28 - mmengine - INFO - paramwise_options -- joint_modality_moe.lidar_summary.res_blocks.0.gn2.weight:decay_mult=0.05
05/22 19:57:28 - mmengine - INFO - paramwise_options -- joint_modality_moe.lidar_summary.res_blocks.0.gn2.weight:lr_mult=1.0
05/22 19:57:28 - mmengine - INFO - paramwise_options -- joint_modality_moe.lidar_summary.res_blocks.0.gn2.bias:lr=5e-05
05/22 19:57:28 - mmengine - INFO - paramwise_options -- joint_modality_moe.lidar_summary.res_blocks.0.gn2.bias:weight_decay=0.0005
05/22 19:57:28 - mmengine - INFO - paramwise_options -- joint_modality_moe.lidar_summary.res_blocks.0.gn2.bias:decay_mult=0.05
05/22 19:57:28 - mmengine - INFO - paramwise_options -- joint_modality_moe.lidar_summary.res_blocks.0.gn2.bias:lr_mult=1.0
05/22 19:57:28 - mmengine - INFO - paramwise_options -- joint_modality_moe.lidar_summary.res_blocks.1.conv1.weight:lr=5e-05
05/22 19:57:28 - mmengine - INFO - paramwise_options -- joint_modality_moe.lidar_summary.res_blocks.1.conv1.weight:weight_decay=0.0005
05/22 19:57:28 - mmengine - INFO - paramwise_options -- joint_modality_moe.lidar_summary.res_blocks.1.conv1.weight:decay_mult=0.05
05/22 19:57:28 - mmengine - INFO - paramwise_options -- joint_modality_moe.lidar_summary.res_blocks.1.conv1.weight:lr_mult=1.0
05/22 19:57:28 - mmengine - INFO - paramwise_options -- joint_modality_moe.lidar_summary.res_blocks.1.gn1.weight:lr=5e-05
05/22 19:57:28 - mmengine - INFO - paramwise_options -- joint_modality_moe.lidar_summary.res_blocks.1.gn1.weight:weight_decay=0.0005
05/22 19:57:28 - mmengine - INFO - paramwise_options -- joint_modality_moe.lidar_summary.res_blocks.1.gn1.weight:decay_mult=0.05
05/22 19:57:28 - mmengine - INFO - paramwise_options -- joint_modality_moe.lidar_summary.res_blocks.1.gn1.weight:lr_mult=1.0
05/22 19:57:28 - mmengine - INFO - paramwise_options -- joint_modality_moe.lidar_summary.res_blocks.1.gn1.bias:lr=5e-05
05/22 19:57:28 - mmengine - INFO - paramwise_options -- joint_modality_moe.lidar_summary.res_blocks.1.gn1.bias:weight_decay=0.0005
05/22 19:57:28 - mmengine - INFO - paramwise_options -- joint_modality_moe.lidar_summary.res_blocks.1.gn1.bias:decay_mult=0.05
05/22 19:57:28 - mmengine - INFO - paramwise_options -- joint_modality_moe.lidar_summary.res_blocks.1.gn1.bias:lr_mult=1.0
05/22 19:57:28 - mmengine - INFO - paramwise_options -- joint_modality_moe.lidar_summary.res_blocks.1.conv2.weight:lr=5e-05
05/22 19:57:28 - mmengine - INFO - paramwise_options -- joint_modality_moe.lidar_summary.res_blocks.1.conv2.weight:weight_decay=0.0005
05/22 19:57:28 - mmengine - INFO - paramwise_options -- joint_modality_moe.lidar_summary.res_blocks.1.conv2.weight:decay_mult=0.05
05/22 19:57:28 - mmengine - INFO - paramwise_options -- joint_modality_moe.lidar_summary.res_blocks.1.conv2.weight:lr_mult=1.0
05/22 19:57:28 - mmengine - INFO - paramwise_options -- joint_modality_moe.lidar_summary.res_blocks.1.gn2.weight:lr=5e-05
05/22 19:57:28 - mmengine - INFO - paramwise_options -- joint_modality_moe.lidar_summary.res_blocks.1.gn2.weight:weight_decay=0.0005
05/22 19:57:28 - mmengine - INFO - paramwise_options -- joint_modality_moe.lidar_summary.res_blocks.1.gn2.weight:decay_mult=0.05
05/22 19:57:28 - mmengine - INFO - paramwise_options -- joint_modality_moe.lidar_summary.res_blocks.1.gn2.weight:lr_mult=1.0
05/22 19:57:28 - mmengine - INFO - paramwise_options -- joint_modality_moe.lidar_summary.res_blocks.1.gn2.bias:lr=5e-05
05/22 19:57:28 - mmengine - INFO - paramwise_options -- joint_modality_moe.lidar_summary.res_blocks.1.gn2.bias:weight_decay=0.0005
05/22 19:57:28 - mmengine - INFO - paramwise_options -- joint_modality_moe.lidar_summary.res_blocks.1.gn2.bias:decay_mult=0.05
05/22 19:57:28 - mmengine - INFO - paramwise_options -- joint_modality_moe.lidar_summary.res_blocks.1.gn2.bias:lr_mult=1.0
05/22 19:57:28 - mmengine - INFO - paramwise_options -- joint_modality_moe.lidar_summary.res_blocks.2.conv1.weight:lr=5e-05
05/22 19:57:28 - mmengine - INFO - paramwise_options -- joint_modality_moe.lidar_summary.res_blocks.2.conv1.weight:weight_decay=0.0005
05/22 19:57:28 - mmengine - INFO - paramwise_options -- joint_modality_moe.lidar_summary.res_blocks.2.conv1.weight:decay_mult=0.05
05/22 19:57:28 - mmengine - INFO - paramwise_options -- joint_modality_moe.lidar_summary.res_blocks.2.conv1.weight:lr_mult=1.0
05/22 19:57:28 - mmengine - INFO - paramwise_options -- joint_modality_moe.lidar_summary.res_blocks.2.gn1.weight:lr=5e-05
05/22 19:57:28 - mmengine - INFO - paramwise_options -- joint_modality_moe.lidar_summary.res_blocks.2.gn1.weight:weight_decay=0.0005
05/22 19:57:28 - mmengine - INFO - paramwise_options -- joint_modality_moe.lidar_summary.res_blocks.2.gn1.weight:decay_mult=0.05
05/22 19:57:28 - mmengine - INFO - paramwise_options -- joint_modality_moe.lidar_summary.res_blocks.2.gn1.weight:lr_mult=1.0
05/22 19:57:28 - mmengine - INFO - paramwise_options -- joint_modality_moe.lidar_summary.res_blocks.2.gn1.bias:lr=5e-05
05/22 19:57:28 - mmengine - INFO - paramwise_options -- joint_modality_moe.lidar_summary.res_blocks.2.gn1.bias:weight_decay=0.0005
05/22 19:57:28 - mmengine - INFO - paramwise_options -- joint_modality_moe.lidar_summary.res_blocks.2.gn1.bias:decay_mult=0.05
05/22 19:57:28 - mmengine - INFO - paramwise_options -- joint_modality_moe.lidar_summary.res_blocks.2.gn1.bias:lr_mult=1.0
05/22 19:57:28 - mmengine - INFO - paramwise_options -- joint_modality_moe.lidar_summary.res_blocks.2.conv2.weight:lr=5e-05
05/22 19:57:28 - mmengine - INFO - paramwise_options -- joint_modality_moe.lidar_summary.res_blocks.2.conv2.weight:weight_decay=0.0005
05/22 19:57:28 - mmengine - INFO - paramwise_options -- joint_modality_moe.lidar_summary.res_blocks.2.conv2.weight:decay_mult=0.05
05/22 19:57:28 - mmengine - INFO - paramwise_options -- joint_modality_moe.lidar_summary.res_blocks.2.conv2.weight:lr_mult=1.0
05/22 19:57:28 - mmengine - INFO - paramwise_options -- joint_modality_moe.lidar_summary.res_blocks.2.gn2.weight:lr=5e-05
05/22 19:57:28 - mmengine - INFO - paramwise_options -- joint_modality_moe.lidar_summary.res_blocks.2.gn2.weight:weight_decay=0.0005
05/22 19:57:28 - mmengine - INFO - paramwise_options -- joint_modality_moe.lidar_summary.res_blocks.2.gn2.weight:decay_mult=0.05
05/22 19:57:28 - mmengine - INFO - paramwise_options -- joint_modality_moe.lidar_summary.res_blocks.2.gn2.weight:lr_mult=1.0
05/22 19:57:28 - mmengine - INFO - paramwise_options -- joint_modality_moe.lidar_summary.res_blocks.2.gn2.bias:lr=5e-05
05/22 19:57:28 - mmengine - INFO - paramwise_options -- joint_modality_moe.lidar_summary.res_blocks.2.gn2.bias:weight_decay=0.0005
05/22 19:57:28 - mmengine - INFO - paramwise_options -- joint_modality_moe.lidar_summary.res_blocks.2.gn2.bias:decay_mult=0.05
05/22 19:57:28 - mmengine - INFO - paramwise_options -- joint_modality_moe.lidar_summary.res_blocks.2.gn2.bias:lr_mult=1.0
05/22 19:57:28 - mmengine - INFO - paramwise_options -- joint_modality_moe.lidar_summary.res_blocks.2.shortcut.0.weight:lr=5e-05
05/22 19:57:28 - mmengine - INFO - paramwise_options -- joint_modality_moe.lidar_summary.res_blocks.2.shortcut.0.weight:weight_decay=0.0005
05/22 19:57:28 - mmengine - INFO - paramwise_options -- joint_modality_moe.lidar_summary.res_blocks.2.shortcut.0.weight:decay_mult=0.05
05/22 19:57:28 - mmengine - INFO - paramwise_options -- joint_modality_moe.lidar_summary.res_blocks.2.shortcut.0.weight:lr_mult=1.0
05/22 19:57:28 - mmengine - INFO - paramwise_options -- joint_modality_moe.lidar_summary.res_blocks.2.shortcut.1.weight:lr=5e-05
05/22 19:57:28 - mmengine - INFO - paramwise_options -- joint_modality_moe.lidar_summary.res_blocks.2.shortcut.1.weight:weight_decay=0.0005
05/22 19:57:28 - mmengine - INFO - paramwise_options -- joint_modality_moe.lidar_summary.res_blocks.2.shortcut.1.weight:decay_mult=0.05
05/22 19:57:28 - mmengine - INFO - paramwise_options -- joint_modality_moe.lidar_summary.res_blocks.2.shortcut.1.weight:lr_mult=1.0
05/22 19:57:28 - mmengine - INFO - paramwise_options -- joint_modality_moe.lidar_summary.res_blocks.2.shortcut.1.bias:lr=5e-05
05/22 19:57:28 - mmengine - INFO - paramwise_options -- joint_modality_moe.lidar_summary.res_blocks.2.shortcut.1.bias:weight_decay=0.0005
05/22 19:57:28 - mmengine - INFO - paramwise_options -- joint_modality_moe.lidar_summary.res_blocks.2.shortcut.1.bias:decay_mult=0.05
05/22 19:57:28 - mmengine - INFO - paramwise_options -- joint_modality_moe.lidar_summary.res_blocks.2.shortcut.1.bias:lr_mult=1.0
05/22 19:57:28 - mmengine - INFO - paramwise_options -- joint_modality_moe.lidar_summary.proj.1.weight:lr=5e-05
05/22 19:57:28 - mmengine - INFO - paramwise_options -- joint_modality_moe.lidar_summary.proj.1.weight:weight_decay=0.0005
05/22 19:57:28 - mmengine - INFO - paramwise_options -- joint_modality_moe.lidar_summary.proj.1.weight:decay_mult=0.05
05/22 19:57:28 - mmengine - INFO - paramwise_options -- joint_modality_moe.lidar_summary.proj.1.weight:lr_mult=1.0
05/22 19:57:28 - mmengine - INFO - paramwise_options -- joint_modality_moe.lidar_summary.proj.1.bias:lr=5e-05
05/22 19:57:28 - mmengine - INFO - paramwise_options -- joint_modality_moe.lidar_summary.proj.1.bias:weight_decay=0.0005
05/22 19:57:28 - mmengine - INFO - paramwise_options -- joint_modality_moe.lidar_summary.proj.1.bias:decay_mult=0.05
05/22 19:57:28 - mmengine - INFO - paramwise_options -- joint_modality_moe.lidar_summary.proj.1.bias:lr_mult=1.0
05/22 19:57:28 - mmengine - INFO - paramwise_options -- joint_modality_moe.lidar_summary.proj.2.weight:lr=5e-05
05/22 19:57:28 - mmengine - INFO - paramwise_options -- joint_modality_moe.lidar_summary.proj.2.weight:weight_decay=0.0005
05/22 19:57:28 - mmengine - INFO - paramwise_options -- joint_modality_moe.lidar_summary.proj.2.weight:decay_mult=0.05
05/22 19:57:28 - mmengine - INFO - paramwise_options -- joint_modality_moe.lidar_summary.proj.2.weight:lr_mult=1.0
05/22 19:57:28 - mmengine - INFO - paramwise_options -- joint_modality_moe.lidar_summary.proj.2.bias:lr=5e-05
05/22 19:57:28 - mmengine - INFO - paramwise_options -- joint_modality_moe.lidar_summary.proj.2.bias:weight_decay=0.0005
05/22 19:57:28 - mmengine - INFO - paramwise_options -- joint_modality_moe.lidar_summary.proj.2.bias:decay_mult=0.05
05/22 19:57:28 - mmengine - INFO - paramwise_options -- joint_modality_moe.lidar_summary.proj.2.bias:lr_mult=1.0
05/22 19:57:28 - mmengine - INFO - paramwise_options -- joint_modality_moe.context_head.0.weight:lr=5e-05
05/22 19:57:28 - mmengine - INFO - paramwise_options -- joint_modality_moe.context_head.0.weight:weight_decay=0.0005
05/22 19:57:28 - mmengine - INFO - paramwise_options -- joint_modality_moe.context_head.0.weight:decay_mult=0.05
05/22 19:57:28 - mmengine - INFO - paramwise_options -- joint_modality_moe.context_head.0.weight:lr_mult=1.0
05/22 19:57:28 - mmengine - INFO - paramwise_options -- joint_modality_moe.context_head.0.bias:lr=5e-05
05/22 19:57:28 - mmengine - INFO - paramwise_options -- joint_modality_moe.context_head.0.bias:weight_decay=0.0005
05/22 19:57:28 - mmengine - INFO - paramwise_options -- joint_modality_moe.context_head.0.bias:decay_mult=0.05
05/22 19:57:28 - mmengine - INFO - paramwise_options -- joint_modality_moe.context_head.0.bias:lr_mult=1.0
05/22 19:57:28 - mmengine - INFO - paramwise_options -- joint_modality_moe.context_head.2.weight:lr=5e-05
05/22 19:57:28 - mmengine - INFO - paramwise_options -- joint_modality_moe.context_head.2.weight:weight_decay=0.0005
05/22 19:57:28 - mmengine - INFO - paramwise_options -- joint_modality_moe.context_head.2.weight:decay_mult=0.05
05/22 19:57:28 - mmengine - INFO - paramwise_options -- joint_modality_moe.context_head.2.weight:lr_mult=1.0
05/22 19:57:28 - mmengine - INFO - paramwise_options -- joint_modality_moe.context_head.2.bias:lr=5e-05
05/22 19:57:28 - mmengine - INFO - paramwise_options -- joint_modality_moe.context_head.2.bias:weight_decay=0.0005
05/22 19:57:28 - mmengine - INFO - paramwise_options -- joint_modality_moe.context_head.2.bias:decay_mult=0.05
05/22 19:57:28 - mmengine - INFO - paramwise_options -- joint_modality_moe.context_head.2.bias:lr_mult=1.0
05/22 19:57:28 - mmengine - INFO - paramwise_options -- joint_modality_moe.context_head.4.weight:lr=5e-05
05/22 19:57:28 - mmengine - INFO - paramwise_options -- joint_modality_moe.context_head.4.weight:weight_decay=0.0005
05/22 19:57:28 - mmengine - INFO - paramwise_options -- joint_modality_moe.context_head.4.weight:decay_mult=0.05
05/22 19:57:28 - mmengine - INFO - paramwise_options -- joint_modality_moe.context_head.4.weight:lr_mult=1.0
05/22 19:57:28 - mmengine - INFO - paramwise_options -- joint_modality_moe.context_head.4.bias:lr=5e-05
05/22 19:57:28 - mmengine - INFO - paramwise_options -- joint_modality_moe.context_head.4.bias:weight_decay=0.0005
05/22 19:57:28 - mmengine - INFO - paramwise_options -- joint_modality_moe.context_head.4.bias:decay_mult=0.05
05/22 19:57:28 - mmengine - INFO - paramwise_options -- joint_modality_moe.context_head.4.bias:lr_mult=1.0
05/22 19:57:28 - mmengine - INFO - paramwise_options -- joint_modality_moe.gate.gate.weight:lr=5e-05
05/22 19:57:28 - mmengine - INFO - paramwise_options -- joint_modality_moe.gate.gate.weight:weight_decay=0.0001
05/22 19:57:28 - mmengine - INFO - paramwise_options -- joint_modality_moe.gate.gate.weight:decay_mult=0.01
05/22 19:57:28 - mmengine - INFO - paramwise_options -- joint_modality_moe.gate.gate.weight:lr_mult=1.0
05/22 19:57:28 - mmengine - INFO - paramwise_options -- joint_modality_moe.gate.gate.bias:lr=5e-05
05/22 19:57:28 - mmengine - INFO - paramwise_options -- joint_modality_moe.gate.gate.bias:weight_decay=0.0001
05/22 19:57:28 - mmengine - INFO - paramwise_options -- joint_modality_moe.gate.gate.bias:decay_mult=0.01
05/22 19:57:28 - mmengine - INFO - paramwise_options -- joint_modality_moe.gate.gate.bias:lr_mult=1.0
05/22 19:57:30 - mmengine - INFO - ------------------------------
05/22 19:57:30 - mmengine - INFO - The length of test dataset: 10000
05/22 19:57:30 - mmengine - INFO - The number of instances per category in the dataset:
+------------+--------+
| category   | number |
+------------+--------+
| pedestrian | 23478  |
+------------+--------+
05/22 19:57:30 - mmengine - WARNING - The prefix is not set in metric class IndoorMetric.
05/22 19:57:30 - mmengine - WARNING - The prefix is not set in metric class CenterDistanceMetric.
05/22 19:57:31 - mmengine - INFO - DualCheckpointInitHook: starting dual-checkpoint init …
  LiDAR ckpt  : /home/users/u103958/projects/multimodal-MoE/outputs/runs/zod_lidar_only/zod-lidar-only_4570893/best_mAP_0.50_epoch_30.pth
  Camera ckpt : /home/users/u103958/projects/multimodal-MoE/outputs/runs/zod_camera_only/zod-cam-only_4577582/best_mAP_0.50_epoch_31.pth
05/22 19:57:31 - mmengine - INFO - DualCheckpointInitHook [LiDAR]: loading checkpoint /home/users/u103958/projects/multimodal-MoE/outputs/runs/zod_lidar_only/zod-lidar-only_4570893/best_mAP_0.50_epoch_30.pth
05/22 19:57:31 - mmengine - INFO - DualCheckpointInitHook [LiDAR]: "pts_middle_encoder" ← 126 tensors; missing=0, unexpected=0
05/22 19:57:31 - mmengine - INFO - DualCheckpointInitHook [LiDAR]: "pts_backbone" ← 72 tensors; missing=0, unexpected=0
05/22 19:57:31 - mmengine - INFO - DualCheckpointInitHook [LiDAR]: "pts_neck" ← 12 tensors; missing=0, unexpected=0
05/22 19:57:31 - mmengine - INFO - DualCheckpointInitHook [LiDAR]: "bbox_head" ← 88 tensors; missing=0, unexpected=0
05/22 19:57:31 - mmengine - INFO - DualCheckpointInitHook [Camera]: loading checkpoint /home/users/u103958/projects/multimodal-MoE/outputs/runs/zod_camera_only/zod-cam-only_4577582/best_mAP_0.50_epoch_31.pth
05/22 19:57:32 - mmengine - INFO - DualCheckpointInitHook [Camera]: "img_backbone" ← 187 tensors; missing=0, unexpected=0
05/22 19:57:32 - mmengine - INFO - DualCheckpointInitHook [Camera]: "img_neck" ← 24 tensors; missing=0, unexpected=0
05/22 19:57:32 - mmengine - INFO - DualCheckpointInitHook [Camera]: "view_transform" ← 59 tensors; missing=0, unexpected=0
05/22 19:57:32 - mmengine - INFO - DualCheckpointInitHook: dual-checkpoint init complete.
  Loaded from LiDAR-only ckpt  : pts_middle_encoder, pts_backbone, pts_neck, bbox_head
  Loaded from Camera-only ckpt : img_backbone, img_neck, view_transform
  Default init (not loaded)    : fusion_layer, bbox_head
05/22 19:57:32 - mmengine - INFO - ExpertRespawnHook: dead threshold = 0.0250 (10% of uniform share), perturbation_std=0.02, max_respawns=5
05/22 19:57:32 - mmengine - INFO - MoERoutingHook: artifacts → /home/users/u103958/projects/multimodal-MoE/outputs/runs/zod_moe_joint_modality/moe-joint-modality_4610530/moe_routing
05/22 19:57:32 - mmengine - INFO - Loads checkpoint by local backend from path: /mnt/tier2/project/p201222/u103958/checkpoints/swin_tiny_patch4_window7_224.pth
05/22 19:57:33 - mmengine - WARNING - Gradient accumulative may slightly decrease performance because the model has BatchNorm layers.
05/22 19:57:33 - mmengine - WARNING - "FileClient" will be deprecated in future. Please use io functions in https://mmengine.readthedocs.io/en/latest/api/fileio.html#file-io
05/22 19:57:33 - mmengine - WARNING - "HardDiskBackend" is the alias of "LocalBackend" and the former will be deprecated in future.
05/22 19:57:33 - mmengine - INFO - Checkpoints will be saved to /home/users/u103958/projects/multimodal-MoE/outputs/runs/zod_moe_joint_modality/moe-joint-modality_4610530.
05/22 19:58:15 - mmengine - INFO - Epoch(train)  [1][   50/10000]  base_lr: 1.9942e-05 lr: 1.9942e-05  eta: 2 days, 18:22:39  time: 0.8536  data_time: 0.0677  memory: 11838  loss: 4.1765  loss_heatmap: 1.3489  layer_-1_loss_cls: 0.2671  layer_-1_loss_bbox: 1.4781  matched_ious: 0.1502  aux_depth_loss: 1.0185  moe_importance_loss: 0.0012  moe_router_z_loss: 0.0078  moe_ctx_aux_loss_weighted: 0.0549  grad_norm: nan
05/22 19:58:46 - mmengine - INFO - Epoch(train)  [1][  100/10000]  base_lr: 2.3288e-05 lr: 2.3288e-05  eta: 2 days, 8:46:16  time: 0.6068  data_time: 0.0280  memory: 12059  loss: 2.0493  loss_heatmap: 0.5749  layer_-1_loss_cls: 0.1511  layer_-1_loss_bbox: 0.5681  matched_ious: 0.2679  aux_depth_loss: 0.6916  moe_importance_loss: 0.0021  moe_router_z_loss: 0.0062  moe_ctx_aux_loss_weighted: 0.0553  grad_norm: nan  sec_per_iter: 0.8547  iters_per_sec: 1.1700  samples_per_sec: 9.3600  samples_per_sec_per_gpu: 2.3400  max_mem_allocated_mb: 821.5000  max_mem_reserved_mb: 16710.0000
05/22 19:59:15 - mmengine - INFO - Epoch(train)  [1][  150/10000]  base_lr: 2.6639e-05 lr: 2.6639e-05  eta: 2 days, 4:46:52  time: 0.5766  data_time: 0.0264  memory: 11925  loss: 1.8949  loss_heatmap: 0.5139  layer_-1_loss_cls: 0.1260  layer_-1_loss_bbox: 0.4817  matched_ious: 0.3100  aux_depth_loss: 0.7128  moe_importance_loss: 0.0017  moe_router_z_loss: 0.0041  moe_ctx_aux_loss_weighted: 0.0546  grad_norm: 26.8982  sec_per_iter: 0.7304  iters_per_sec: 1.3700  samples_per_sec: 10.9500  samples_per_sec_per_gpu: 2.7400  max_mem_allocated_mb: 821.5000  max_mem_reserved_mb: 16710.0000
05/22 19:59:44 - mmengine - INFO - Epoch(train)  [1][  200/10000]  base_lr: 2.9994e-05 lr: 2.9994e-05  eta: 2 days, 3:10:06  time: 0.5965  data_time: 0.0248  memory: 11915  loss: 1.6613  loss_heatmap: 0.4632  layer_-1_loss_cls: 0.1159  layer_-1_loss_bbox: 0.3545  matched_ious: 0.2987  aux_depth_loss: 0.6700  moe_importance_loss: 0.0014  moe_router_z_loss: 0.0035  moe_ctx_aux_loss_weighted: 0.0528  grad_norm: 23.4016  sec_per_iter: 0.6791  iters_per_sec: 1.4700  samples_per_sec: 11.7800  samples_per_sec_per_gpu: 2.9500  max_mem_allocated_mb: 821.5000  max_mem_reserved_mb: 16710.0000
05/22 20:00:13 - mmengine - INFO - Epoch(train)  [1][  250/10000]  base_lr: 3.3355e-05 lr: 3.3355e-05  eta: 2 days, 1:41:24  time: 0.5638  data_time: 0.0255  memory: 11977  loss: 1.5931  loss_heatmap: 0.4217  layer_-1_loss_cls: 0.1013  layer_-1_loss_bbox: 0.3481  matched_ious: 0.1606  aux_depth_loss: 0.6639  moe_importance_loss: 0.0014  moe_router_z_loss: 0.0034  moe_ctx_aux_loss_weighted: 0.0533  grad_norm: 34.8355  sec_per_iter: 0.6585  iters_per_sec: 1.5200  samples_per_sec: 12.1500  samples_per_sec_per_gpu: 3.0400  max_mem_allocated_mb: 821.5000  max_mem_reserved_mb: 16710.0000
05/22 20:00:43 - mmengine - INFO - Epoch(train)  [1][  300/10000]  base_lr: 3.6721e-05 lr: 3.6721e-05  eta: 2 days, 1:10:09  time: 0.5999  data_time: 0.0292  memory: 11848  loss: 1.7053  loss_heatmap: 0.4585  layer_-1_loss_cls: 0.1065  layer_-1_loss_bbox: 0.4654  matched_ious: 0.2551  aux_depth_loss: 0.6174  moe_importance_loss: 0.0015  moe_router_z_loss: 0.0028  moe_ctx_aux_loss_weighted: 0.0531  grad_norm: 36.9923  sec_per_iter: 0.6396  iters_per_sec: 1.5600  samples_per_sec: 12.5100  samples_per_sec_per_gpu: 3.1300  max_mem_allocated_mb: 821.5000  max_mem_reserved_mb: 16710.0000
05/22 20:01:12 - mmengine - INFO - Epoch(train)  [1][  350/10000]  base_lr: 4.0093e-05 lr: 4.0093e-05  eta: 2 days, 0:35:26  time: 0.5815  data_time: 0.0265  memory: 11968  loss: 1.6774  loss_heatmap: 0.4909  layer_-1_loss_cls: 0.1208  layer_-1_loss_bbox: 0.3891  matched_ious: 0.3216  aux_depth_loss: 0.6204  moe_importance_loss: 0.0010  moe_router_z_loss: 0.0027  moe_ctx_aux_loss_weighted: 0.0524  grad_norm: 23.6086  sec_per_iter: 0.6330  iters_per_sec: 1.5800  samples_per_sec: 12.6400  samples_per_sec_per_gpu: 3.1600  max_mem_allocated_mb: 821.5000  max_mem_reserved_mb: 16710.0000
05/22 20:01:40 - mmengine - INFO - Epoch(train)  [1][  400/10000]  base_lr: 4.3470e-05 lr: 4.3470e-05  eta: 2 days, 0:04:05  time: 0.5726  data_time: 0.0261  memory: 11792  loss: 1.6288  loss_heatmap: 0.4368  layer_-1_loss_cls: 0.1101  layer_-1_loss_bbox: 0.4121  matched_ious: 0.1923  aux_depth_loss: 0.6142  moe_importance_loss: 0.0013  moe_router_z_loss: 0.0030  moe_ctx_aux_loss_weighted: 0.0512  grad_norm: 22.4203  sec_per_iter: 0.6257  iters_per_sec: 1.6000  samples_per_sec: 12.7900  samples_per_sec_per_gpu: 3.2000  max_mem_allocated_mb: 821.5000  max_mem_reserved_mb: 16710.0000
05/22 20:02:10 - mmengine - INFO - Epoch(train)  [1][  450/10000]  base_lr: 4.6852e-05 lr: 4.6852e-05  eta: 1 day, 23:48:11  time: 0.5892  data_time: 0.0264  memory: 11976  loss: 1.5542  loss_heatmap: 0.4110  layer_-1_loss_cls: 0.1049  layer_-1_loss_bbox: 0.3539  matched_ious: 0.2748  aux_depth_loss: 0.6294  moe_importance_loss: 0.0014  moe_router_z_loss: 0.0029  moe_ctx_aux_loss_weighted: 0.0508  grad_norm: 23.7780  sec_per_iter: 0.6190  iters_per_sec: 1.6200  samples_per_sec: 12.9200  samples_per_sec_per_gpu: 3.2300  max_mem_allocated_mb: 821.5000  max_mem_reserved_mb: 16710.0000
05/22 20:02:40 - mmengine - INFO - Epoch(train)  [1][  500/10000]  base_lr: 5.0240e-05 lr: 5.0240e-05  eta: 1 day, 23:42:34  time: 0.6047  data_time: 0.0268  memory: 11981  loss: 1.5458  loss_heatmap: 0.3909  layer_-1_loss_cls: 0.0989  layer_-1_loss_bbox: 0.3473  matched_ious: 0.2580  aux_depth_loss: 0.6548  moe_importance_loss: 0.0012  moe_router_z_loss: 0.0030  moe_ctx_aux_loss_weighted: 0.0497  grad_norm: 23.8286  sec_per_iter: 0.6157  iters_per_sec: 1.6200  samples_per_sec: 12.9900  samples_per_sec_per_gpu: 3.2500  max_mem_allocated_mb: 821.5000  max_mem_reserved_mb: 16710.0000
05/22 20:03:10 - mmengine - INFO - Epoch(train)  [1][  550/10000]  base_lr: 5.0276e-05 lr: 5.0276e-05  eta: 1 day, 23:36:47  time: 0.6021  data_time: 0.0246  memory: 11888  loss: 1.6846  loss_heatmap: 0.4994  layer_-1_loss_cls: 0.1267  layer_-1_loss_bbox: 0.3477  matched_ious: 0.0000  aux_depth_loss: 0.6567  moe_importance_loss: 0.0009  moe_router_z_loss: 0.0025  moe_ctx_aux_loss_weighted: 0.0506  grad_norm: 37.0795  sec_per_iter: 0.6146  iters_per_sec: 1.6300  samples_per_sec: 13.0200  samples_per_sec_per_gpu: 3.2500  max_mem_allocated_mb: 821.5000  max_mem_reserved_mb: 16710.0000
05/22 20:03:38 - mmengine - INFO - Epoch(train)  [1][  600/10000]  base_lr: 5.0316e-05 lr: 5.0316e-05  eta: 1 day, 23:15:54  time: 0.5609  data_time: 0.0255  memory: 11899  loss: 1.5064  loss_heatmap: 0.3841  layer_-1_loss_cls: 0.0994  layer_-1_loss_bbox: 0.3745  matched_ious: 0.2987  aux_depth_loss: 0.5962  moe_importance_loss: 0.0008  moe_router_z_loss: 0.0020  moe_ctx_aux_loss_weighted: 0.0493  grad_norm: 39.9963  sec_per_iter: 0.6135  iters_per_sec: 1.6300  samples_per_sec: 13.0400  samples_per_sec_per_gpu: 3.2600  max_mem_allocated_mb: 821.5000  max_mem_reserved_mb: 16710.0000
05/22 20:04:07 - mmengine - INFO - Epoch(train)  [1][  650/10000]  base_lr: 5.0360e-05 lr: 5.0360e-05  eta: 1 day, 23:06:09  time: 0.5832  data_time: 0.0250  memory: 11942  loss: 1.5663  loss_heatmap: 0.4265  layer_-1_loss_cls: 0.0954  layer_-1_loss_bbox: 0.3983  matched_ious: 0.3742  aux_depth_loss: 0.5943  moe_importance_loss: 0.0007  moe_router_z_loss: 0.0020  moe_ctx_aux_loss_weighted: 0.0491  grad_norm: 36.6745  sec_per_iter: 0.6091  iters_per_sec: 1.6400  samples_per_sec: 13.1300  samples_per_sec_per_gpu: 3.2800  max_mem_allocated_mb: 821.5000  max_mem_reserved_mb: 16710.0000
05/22 20:04:36 - mmengine - INFO - Epoch(train)  [1][  700/10000]  base_lr: 5.0406e-05 lr: 5.0406e-05  eta: 1 day, 22:57:38  time: 0.5829  data_time: 0.0264  memory: 11936  loss: 1.5422  loss_heatmap: 0.4256  layer_-1_loss_cls: 0.1049  layer_-1_loss_bbox: 0.3670  matched_ious: 0.2382  aux_depth_loss: 0.5921  moe_importance_loss: 0.0011  moe_router_z_loss: 0.0024  moe_ctx_aux_loss_weighted: 0.0490  grad_norm: 34.7183  sec_per_iter: 0.6071  iters_per_sec: 1.6500  samples_per_sec: 13.1800  samples_per_sec_per_gpu: 3.2900  max_mem_allocated_mb: 821.5000  max_mem_reserved_mb: 16710.0000
05/22 20:05:05 - mmengine - INFO - Epoch(train)  [1][  750/10000]  base_lr: 5.0456e-05 lr: 5.0456e-05  eta: 1 day, 22:43:48  time: 0.5623  data_time: 0.0253  memory: 11890  loss: 1.6040  loss_heatmap: 0.4867  layer_-1_loss_cls: 0.1153  layer_-1_loss_bbox: 0.4014  matched_ious: 0.1562  aux_depth_loss: 0.5486  moe_importance_loss: 0.0014  moe_router_z_loss: 0.0024  moe_ctx_aux_loss_weighted: 0.0482  grad_norm: 24.9351  sec_per_iter: 0.6054  iters_per_sec: 1.6500  samples_per_sec: 13.2200  samples_per_sec_per_gpu: 3.3000  max_mem_allocated_mb: 821.5000  max_mem_reserved_mb: 16710.0000
05/22 20:05:33 - mmengine - INFO - Epoch(train)  [1][  800/10000]  base_lr: 5.0510e-05 lr: 5.0510e-05  eta: 1 day, 22:32:59  time: 0.5670  data_time: 0.0247  memory: 12009  loss: 1.6118  loss_heatmap: 0.4538  layer_-1_loss_cls: 0.1148  layer_-1_loss_bbox: 0.4076  matched_ious: 0.3332  aux_depth_loss: 0.5833  moe_importance_loss: 0.0015  moe_router_z_loss: 0.0027  moe_ctx_aux_loss_weighted: 0.0481  grad_norm: 39.5221  sec_per_iter: 0.6025  iters_per_sec: 1.6600  samples_per_sec: 13.2800  samples_per_sec_per_gpu: 3.3200  max_mem_allocated_mb: 821.5000  max_mem_reserved_mb: 16710.0000
05/22 20:06:01 - mmengine - INFO - Epoch(train)  [1][  850/10000]  base_lr: 5.0567e-05 lr: 5.0567e-05  eta: 1 day, 22:24:41  time: 0.5717  data_time: 0.0259  memory: 11914  loss: 1.5199  loss_heatmap: 0.4502  layer_-1_loss_cls: 0.1183  layer_-1_loss_bbox: 0.3353  matched_ious: 0.2889  aux_depth_loss: 0.5655  moe_importance_loss: 0.0014  moe_router_z_loss: 0.0027  moe_ctx_aux_loss_weighted: 0.0465  grad_norm: 42.3637  sec_per_iter: 0.6003  iters_per_sec: 1.6700  samples_per_sec: 13.3300  samples_per_sec_per_gpu: 3.3300  max_mem_allocated_mb: 821.5000  max_mem_reserved_mb: 16710.0000
05/22 20:06:30 - mmengine - INFO - Epoch(train)  [1][  900/10000]  base_lr: 5.0628e-05 lr: 5.0628e-05  eta: 1 day, 22:15:51  time: 0.5663  data_time: 0.0255  memory: 11924  loss: 1.5084  loss_heatmap: 0.4397  layer_-1_loss_cls: 0.1111  layer_-1_loss_bbox: 0.3427  matched_ious: 0.2845  aux_depth_loss: 0.5631  moe_importance_loss: 0.0013  moe_router_z_loss: 0.0029  moe_ctx_aux_loss_weighted: 0.0477  grad_norm: 30.5097  sec_per_iter: 0.5986  iters_per_sec: 1.6700  samples_per_sec: 13.3600  samples_per_sec_per_gpu: 3.3400  max_mem_allocated_mb: 821.5000  max_mem_reserved_mb: 16710.0000
05/22 20:06:59 - mmengine - INFO - Epoch(train)  [1][  950/10000]  base_lr: 5.0692e-05 lr: 5.0692e-05  eta: 1 day, 22:12:15  time: 0.5841  data_time: 0.0255  memory: 11901  loss: 1.5143  loss_heatmap: 0.4342  layer_-1_loss_cls: 0.1031  layer_-1_loss_bbox: 0.3559  matched_ious: 0.2912  aux_depth_loss: 0.5705  moe_importance_loss: 0.0012  moe_router_z_loss: 0.0029  moe_ctx_aux_loss_weighted: 0.0464  grad_norm: 42.5493  sec_per_iter: 0.5968  iters_per_sec: 1.6800  samples_per_sec: 13.4000  samples_per_sec_per_gpu: 3.3500  max_mem_allocated_mb: 821.5000  max_mem_reserved_mb: 16710.0000
05/22 20:07:28 - mmengine - INFO - Exp name: zod_moe_joint_modality_20260522_195637
05/22 20:07:28 - mmengine - INFO - Epoch(train)  [1][ 1000/10000]  base_lr: 5.0759e-05 lr: 5.0759e-05  eta: 1 day, 22:06:40  time: 0.5741  data_time: 0.0267  memory: 11849  loss: 1.5535  loss_heatmap: 0.4048  layer_-1_loss_cls: 0.1043  layer_-1_loss_bbox: 0.3308  matched_ious: 0.3016  aux_depth_loss: 0.6629  moe_importance_loss: 0.0015  moe_router_z_loss: 0.0025  moe_ctx_aux_loss_weighted: 0.0467  grad_norm: 76.2628  sec_per_iter: 0.5961  iters_per_sec: 1.6800  samples_per_sec: 13.4200  samples_per_sec_per_gpu: 3.3500  max_mem_allocated_mb: 821.5000  max_mem_reserved_mb: 16710.0000
05/22 20:07:57 - mmengine - INFO - Epoch(train)  [1][ 1050/10000]  base_lr: 5.0830e-05 lr: 5.0830e-05  eta: 1 day, 22:03:52  time: 0.5846  data_time: 0.0254  memory: 11825  loss: 1.5694  loss_heatmap: 0.3988  layer_-1_loss_cls: 0.1034  layer_-1_loss_bbox: 0.3617  matched_ious: 0.2328  aux_depth_loss: 0.6568  moe_importance_loss: 0.0012  moe_router_z_loss: 0.0024  moe_ctx_aux_loss_weighted: 0.0451  grad_norm: 91.9960  sec_per_iter: 0.5950  iters_per_sec: 1.6800  samples_per_sec: 13.4400  samples_per_sec_per_gpu: 3.3600  max_mem_allocated_mb: 821.5000  max_mem_reserved_mb: 16710.0000
05/22 20:08:25 - mmengine - INFO - Epoch(train)  [1][ 1100/10000]  base_lr: 5.0905e-05 lr: 5.0905e-05  eta: 1 day, 21:56:44  time: 0.5630  data_time: 0.0258  memory: 11856  loss: 1.6918  loss_heatmap: 0.4829  layer_-1_loss_cls: 0.1138  layer_-1_loss_bbox: 0.4805  matched_ious: 0.2973  aux_depth_loss: 0.5642  moe_importance_loss: 0.0011  moe_router_z_loss: 0.0024  moe_ctx_aux_loss_weighted: 0.0469  grad_norm: 66.2648  sec_per_iter: 0.5945  iters_per_sec: 1.6800  samples_per_sec: 13.4600  samples_per_sec_per_gpu: 3.3600  max_mem_allocated_mb: 821.5000  max_mem_reserved_mb: 16710.0000
05/22 20:08:55 - mmengine - INFO - Epoch(train)  [1][ 1150/10000]  base_lr: 5.0983e-05 lr: 5.0983e-05  eta: 1 day, 21:58:13  time: 0.6029  data_time: 0.0254  memory: 11973  loss: 1.5030  loss_heatmap: 0.4127  layer_-1_loss_cls: 0.1034  layer_-1_loss_bbox: 0.3500  matched_ious: 0.3947  aux_depth_loss: 0.5884  moe_importance_loss: 0.0012  moe_router_z_loss: 0.0023  moe_ctx_aux_loss_weighted: 0.0449  grad_norm: 39.6175  sec_per_iter: 0.5931  iters_per_sec: 1.6900  samples_per_sec: 13.4900  samples_per_sec_per_gpu: 3.3700  max_mem_allocated_mb: 821.5000  max_mem_reserved_mb: 16710.0000
05/22 20:09:24 - mmengine - INFO - Epoch(train)  [1][ 1200/10000]  base_lr: 5.1064e-05 lr: 5.1064e-05  eta: 1 day, 21:55:13  time: 0.5805  data_time: 0.0258  memory: 11886  loss: 1.7790  loss_heatmap: 0.5272  layer_-1_loss_cls: 0.1160  layer_-1_loss_bbox: 0.5042  matched_ious: 0.3803  aux_depth_loss: 0.5818  moe_importance_loss: 0.0010  moe_router_z_loss: 0.0020  moe_ctx_aux_loss_weighted: 0.0470  grad_norm: 29.6834  sec_per_iter: 0.5936  iters_per_sec: 1.6800  samples_per_sec: 13.4800  samples_per_sec_per_gpu: 3.3700  max_mem_allocated_mb: 821.5000  max_mem_reserved_mb: 16710.0000
05/22 20:09:53 - mmengine - INFO - Epoch(train)  [1][ 1250/10000]  base_lr: 5.1149e-05 lr: 5.1149e-05  eta: 1 day, 21:50:27  time: 0.5700  data_time: 0.0265  memory: 11924  loss: 1.6992  loss_heatmap: 0.5033  layer_-1_loss_cls: 0.1197  layer_-1_loss_bbox: 0.4753  matched_ious: 0.1206  aux_depth_loss: 0.5509  moe_importance_loss: 0.0008  moe_router_z_loss: 0.0019  moe_ctx_aux_loss_weighted: 0.0474  grad_norm: 27.3095  sec_per_iter: 0.5930  iters_per_sec: 1.6900  samples_per_sec: 13.4900  samples_per_sec_per_gpu: 3.3700  max_mem_allocated_mb: 821.5000  max_mem_reserved_mb: 16710.0000
05/22 20:10:21 - mmengine - INFO - Epoch(train)  [1][ 1300/10000]  base_lr: 5.1237e-05 lr: 5.1237e-05  eta: 1 day, 21:46:26  time: 0.5723  data_time: 0.0249  memory: 11897  loss: 1.5025  loss_heatmap: 0.4084  layer_-1_loss_cls: 0.0951  layer_-1_loss_bbox: 0.3733  matched_ious: 0.3219  aux_depth_loss: 0.5784  moe_importance_loss: 0.0007  moe_router_z_loss: 0.0018  moe_ctx_aux_loss_weighted: 0.0447  grad_norm: 35.3247  sec_per_iter: 0.5921  iters_per_sec: 1.6900  samples_per_sec: 13.5100  samples_per_sec_per_gpu: 3.3800  max_mem_allocated_mb: 821.5000  max_mem_reserved_mb: 16710.0000
05/22 20:10:50 - mmengine - INFO - Epoch(train)  [1][ 1350/10000]  base_lr: 5.1329e-05 lr: 5.1329e-05  eta: 1 day, 21:42:04  time: 0.5688  data_time: 0.0258  memory: 11919  loss: 1.5580  loss_heatmap: 0.4143  layer_-1_loss_cls: 0.1024  layer_-1_loss_bbox: 0.3760  matched_ious: 0.3633  aux_depth_loss: 0.6167  moe_importance_loss: 0.0007  moe_router_z_loss: 0.0017  moe_ctx_aux_loss_weighted: 0.0463  grad_norm: 33.5981  sec_per_iter: 0.5913  iters_per_sec: 1.6900  samples_per_sec: 13.5300  samples_per_sec_per_gpu: 3.3800  max_mem_allocated_mb: 821.5000  max_mem_reserved_mb: 16710.0000
05/22 20:11:18 - mmengine - INFO - Epoch(train)  [1][ 1400/10000]  base_lr: 5.1424e-05 lr: 5.1424e-05  eta: 1 day, 21:36:40  time: 0.5609  data_time: 0.0257  memory: 11923  loss: 1.5190  loss_heatmap: 0.4444  layer_-1_loss_cls: 0.1188  layer_-1_loss_bbox: 0.3336  matched_ious: 0.2931  aux_depth_loss: 0.5740  moe_importance_loss: 0.0005  moe_router_z_loss: 0.0016  moe_ctx_aux_loss_weighted: 0.0460  grad_norm: 25.6095  sec_per_iter: 0.5905  iters_per_sec: 1.6900  samples_per_sec: 13.5500  samples_per_sec_per_gpu: 3.3900  max_mem_allocated_mb: 821.5000  max_mem_reserved_mb: 16710.0000
05/22 20:11:47 - mmengine - INFO - Epoch(train)  [1][ 1450/10000]  base_lr: 5.1523e-05 lr: 5.1523e-05  eta: 1 day, 21:35:47  time: 0.5869  data_time: 0.0267  memory: 11887  loss: 1.6062  loss_heatmap: 0.4320  layer_-1_loss_cls: 0.1081  layer_-1_loss_bbox: 0.3946  matched_ious: 0.2308  aux_depth_loss: 0.6270  moe_importance_loss: 0.0004  moe_router_z_loss: 0.0013  moe_ctx_aux_loss_weighted: 0.0428  grad_norm: 66.2427  sec_per_iter: 0.5894  iters_per_sec: 1.7000  samples_per_sec: 13.5700  samples_per_sec_per_gpu: 3.3900  max_mem_allocated_mb: 821.5000  max_mem_reserved_mb: 16710.0000
05/22 20:12:15 - mmengine - INFO - Epoch(train)  [1][ 1500/10000]  base_lr: 5.1625e-05 lr: 5.1625e-05  eta: 1 day, 21:31:33  time: 0.5651  data_time: 0.0262  memory: 11944  loss: 1.5289  loss_heatmap: 0.3942  layer_-1_loss_cls: 0.1063  layer_-1_loss_bbox: 0.3487  matched_ious: 0.1972  aux_depth_loss: 0.6338  moe_importance_loss: 0.0005  moe_router_z_loss: 0.0012  moe_ctx_aux_loss_weighted: 0.0442  grad_norm: 104.4711  sec_per_iter: 0.5893  iters_per_sec: 1.7000  samples_per_sec: 13.5700  samples_per_sec_per_gpu: 3.3900  max_mem_allocated_mb: 821.5000  max_mem_reserved_mb: 16710.0000
05/22 20:12:45 - mmengine - INFO - Epoch(train)  [1][ 1550/10000]  base_lr: 5.1730e-05 lr: 5.1730e-05  eta: 1 day, 21:30:38  time: 0.5857  data_time: 0.0257  memory: 11967  loss: 1.5484  loss_heatmap: 0.4337  layer_-1_loss_cls: 0.1001  layer_-1_loss_bbox: 0.4058  matched_ious: 0.3158  aux_depth_loss: 0.5611  moe_importance_loss: 0.0007  moe_router_z_loss: 0.0015  moe_ctx_aux_loss_weighted: 0.0454  grad_norm: 74.9377  sec_per_iter: 0.5885  iters_per_sec: 1.7000  samples_per_sec: 13.5900  samples_per_sec_per_gpu: 3.4000  max_mem_allocated_mb: 821.5000  max_mem_reserved_mb: 16710.0000
05/22 20:13:14 - mmengine - INFO - Epoch(train)  [1][ 1600/10000]  base_lr: 5.1839e-05 lr: 5.1839e-05  eta: 1 day, 21:30:19  time: 0.5896  data_time: 0.0270  memory: 11927  loss: 1.3618  loss_heatmap: 0.3782  layer_-1_loss_cls: 0.1035  layer_-1_loss_bbox: 0.2702  matched_ious: 0.2686  aux_depth_loss: 0.5653  moe_importance_loss: 0.0007  moe_router_z_loss: 0.0015  moe_ctx_aux_loss_weighted: 0.0423  grad_norm: 50.4294  sec_per_iter: 0.5884  iters_per_sec: 1.7000  samples_per_sec: 13.6000  samples_per_sec_per_gpu: 3.4000  max_mem_allocated_mb: 821.5000  max_mem_reserved_mb: 16710.0000
05/22 20:13:46 - mmengine - INFO - Epoch(train)  [1][ 1650/10000]  base_lr: 5.1951e-05 lr: 5.1951e-05  eta: 1 day, 21:37:04  time: 0.6399  data_time: 0.0262  memory: 11899  loss: 1.4601  loss_heatmap: 0.4142  layer_-1_loss_cls: 0.1097  layer_-1_loss_bbox: 0.3188  matched_ious: 0.1509  aux_depth_loss: 0.5699  moe_importance_loss: 0.0006  moe_router_z_loss: 0.0015  moe_ctx_aux_loss_weighted: 0.0454  grad_norm: 54.3950  sec_per_iter: 0.5885  iters_per_sec: 1.7000  samples_per_sec: 13.5900  samples_per_sec_per_gpu: 3.4000  max_mem_allocated_mb: 821.5000  max_mem_reserved_mb: 16710.0000
05/22 20:14:15 - mmengine - INFO - Epoch(train)  [1][ 1700/10000]  base_lr: 5.2067e-05 lr: 5.2067e-05  eta: 1 day, 21:34:35  time: 0.5754  data_time: 0.0260  memory: 12028  loss: 1.5099  loss_heatmap: 0.4429  layer_-1_loss_cls: 0.1079  layer_-1_loss_bbox: 0.3670  matched_ious: 0.2768  aux_depth_loss: 0.5451  moe_importance_loss: 0.0007  moe_router_z_loss: 0.0015  moe_ctx_aux_loss_weighted: 0.0447  grad_norm: 56.8422  sec_per_iter: 0.5900  iters_per_sec: 1.6900  samples_per_sec: 13.5600  samples_per_sec_per_gpu: 3.3900  max_mem_allocated_mb: 821.5000  max_mem_reserved_mb: 16710.0000
05/22 20:14:44 - mmengine - INFO - Epoch(train)  [1][ 1750/10000]  base_lr: 5.2187e-05 lr: 5.2187e-05  eta: 1 day, 21:32:57  time: 0.5810  data_time: 0.0274  memory: 11923  loss: 1.5639  loss_heatmap: 0.3880  layer_-1_loss_cls: 0.0906  layer_-1_loss_bbox: 0.4423  matched_ious: 0.3117  aux_depth_loss: 0.5951  moe_importance_loss: 0.0007  moe_router_z_loss: 0.0015  moe_ctx_aux_loss_weighted: 0.0457  grad_norm: 54.5659  sec_per_iter: 0.5896  iters_per_sec: 1.7000  samples_per_sec: 13.5700  samples_per_sec_per_gpu: 3.3900  max_mem_allocated_mb: 821.5000  max_mem_reserved_mb: 16710.0000
05/22 20:15:13 - mmengine - INFO - Epoch(train)  [1][ 1800/10000]  base_lr: 5.2309e-05 lr: 5.2309e-05  eta: 1 day, 21:31:11  time: 0.5794  data_time: 0.0261  memory: 11841  loss: 1.6694  loss_heatmap: 0.4721  layer_-1_loss_cls: 0.1013  layer_-1_loss_bbox: 0.4894  matched_ious: 0.2262  aux_depth_loss: 0.5619  moe_importance_loss: 0.0008  moe_router_z_loss: 0.0018  moe_ctx_aux_loss_weighted: 0.0420  grad_norm: 56.3406  sec_per_iter: 0.5894  iters_per_sec: 1.7000  samples_per_sec: 13.5700  samples_per_sec_per_gpu: 3.3900  max_mem_allocated_mb: 821.5000  max_mem_reserved_mb: 16710.0000
05/22 20:15:43 - mmengine - INFO - Epoch(train)  [1][ 1850/10000]  base_lr: 5.2435e-05 lr: 5.2435e-05  eta: 1 day, 21:32:24  time: 0.6027  data_time: 0.0262  memory: 11957  loss: 1.5869  loss_heatmap: 0.4336  layer_-1_loss_cls: 0.0970  layer_-1_loss_bbox: 0.4259  matched_ious: 0.2136  aux_depth_loss: 0.5822  moe_importance_loss: 0.0006  moe_router_z_loss: 0.0020  moe_ctx_aux_loss_weighted: 0.0455  grad_norm: 55.5060  sec_per_iter: 0.5891  iters_per_sec: 1.7000  samples_per_sec: 13.5800  samples_per_sec_per_gpu: 3.4000  max_mem_allocated_mb: 821.5000  max_mem_reserved_mb: 16710.0000
05/22 20:16:13 - mmengine - INFO - Epoch(train)  [1][ 1900/10000]  base_lr: 5.2565e-05 lr: 5.2565e-05  eta: 1 day, 21:33:47  time: 0.6048  data_time: 0.0260  memory: 11985  loss: 1.5049  loss_heatmap: 0.4193  layer_-1_loss_cls: 0.1089  layer_-1_loss_bbox: 0.3721  matched_ious: 0.3985  aux_depth_loss: 0.5584  moe_importance_loss: 0.0005  moe_router_z_loss: 0.0018  moe_ctx_aux_loss_weighted: 0.0439  grad_norm: 74.5682  sec_per_iter: 0.5895  iters_per_sec: 1.7000  samples_per_sec: 13.5700  samples_per_sec_per_gpu: 3.3900  max_mem_allocated_mb: 821.5000  max_mem_reserved_mb: 16710.0000
05/22 20:16:44 - mmengine - INFO - Epoch(train)  [1][ 1950/10000]  base_lr: 5.2698e-05 lr: 5.2698e-05  eta: 1 day, 21:35:01  time: 0.6044  data_time: 0.0263  memory: 11877  loss: 1.4648  loss_heatmap: 0.4299  layer_-1_loss_cls: 0.1183  layer_-1_loss_bbox: 0.3075  matched_ious: 0.1865  aux_depth_loss: 0.5645  moe_importance_loss: 0.0005  moe_router_z_loss: 0.0017  moe_ctx_aux_loss_weighted: 0.0425  grad_norm: 68.0644  sec_per_iter: 0.5899  iters_per_sec: 1.7000  samples_per_sec: 13.5600  samples_per_sec_per_gpu: 3.3900  max_mem_allocated_mb: 821.5000  max_mem_reserved_mb: 16710.0000
05/22 20:17:13 - mmengine - INFO - Exp name: zod_moe_joint_modality_20260522_195637
05/22 20:17:13 - mmengine - INFO - Epoch(train)  [1][ 2000/10000]  base_lr: 5.2834e-05 lr: 5.2834e-05  eta: 1 day, 21:35:08  time: 0.5954  data_time: 0.0274  memory: 11832  loss: 1.5662  loss_heatmap: 0.4326  layer_-1_loss_cls: 0.1068  layer_-1_loss_bbox: 0.3579  matched_ious: 0.3848  aux_depth_loss: 0.6230  moe_importance_loss: 0.0007  moe_router_z_loss: 0.0020  moe_ctx_aux_loss_weighted: 0.0432  grad_norm: 66.2506  sec_per_iter: 0.5902  iters_per_sec: 1.6900  samples_per_sec: 13.5500  samples_per_sec_per_gpu: 3.3900  max_mem_allocated_mb: 821.5000  max_mem_reserved_mb: 16710.0000
05/22 20:17:43 - mmengine - INFO - Epoch(train)  [1][ 2050/10000]  base_lr: 5.2974e-05 lr: 5.2974e-05  eta: 1 day, 21:36:03  time: 0.6028  data_time: 0.0261  memory: 11914  loss: 1.5776  loss_heatmap: 0.4760  layer_-1_loss_cls: 0.1193  layer_-1_loss_bbox: 0.3895  matched_ious: 0.2937  aux_depth_loss: 0.5458  moe_importance_loss: 0.0006  moe_router_z_loss: 0.0018  moe_ctx_aux_loss_weighted: 0.0447  grad_norm: 70.5339  sec_per_iter: 0.5903  iters_per_sec: 1.6900  samples_per_sec: 13.5500  samples_per_sec_per_gpu: 3.3900  max_mem_allocated_mb: 821.5000  max_mem_reserved_mb: 16710.0000
05/22 20:18:14 - mmengine - INFO - Epoch(train)  [1][ 2100/10000]  base_lr: 5.3117e-05 lr: 5.3117e-05  eta: 1 day, 21:37:43  time: 0.6101  data_time: 0.0258  memory: 11842  loss: 1.4232  loss_heatmap: 0.3909  layer_-1_loss_cls: 0.0989  layer_-1_loss_bbox: 0.3397  matched_ious: 0.4426  aux_depth_loss: 0.5455  moe_importance_loss: 0.0006  moe_router_z_loss: 0.0020  moe_ctx_aux_loss_weighted: 0.0456  grad_norm: 58.5946  sec_per_iter: 0.5907  iters_per_sec: 1.6900  samples_per_sec: 13.5400  samples_per_sec_per_gpu: 3.3900  max_mem_allocated_mb: 821.5000  max_mem_reserved_mb: 16710.0000
05/22 20:18:43 - mmengine - INFO - Epoch(train)  [1][ 2150/10000]  base_lr: 5.3264e-05 lr: 5.3264e-05  eta: 1 day, 21:37:00  time: 0.5890  data_time: 0.0282  memory: 11925  loss: 1.4566  loss_heatmap: 0.4089  layer_-1_loss_cls: 0.1076  layer_-1_loss_bbox: 0.3419  matched_ious: 0.3078  aux_depth_loss: 0.5517  moe_importance_loss: 0.0006  moe_router_z_loss: 0.0019  moe_ctx_aux_loss_weighted: 0.0440  grad_norm: 59.8200  sec_per_iter: 0.5911  iters_per_sec: 1.6900  samples_per_sec: 13.5300  samples_per_sec_per_gpu: 3.3800  max_mem_allocated_mb: 821.5000  max_mem_reserved_mb: 16710.0000
05/22 20:19:14 - mmengine - INFO - Epoch(train)  [1][ 2200/10000]  base_lr: 5.3414e-05 lr: 5.3414e-05  eta: 1 day, 21:39:01  time: 0.6150  data_time: 0.0267  memory: 11852  loss: 1.5493  loss_heatmap: 0.4724  layer_-1_loss_cls: 0.1177  layer_-1_loss_bbox: 0.3808  matched_ious: 0.3481  aux_depth_loss: 0.5312  moe_importance_loss: 0.0008  moe_router_z_loss: 0.0019  moe_ctx_aux_loss_weighted: 0.0445  grad_norm: 43.6013  sec_per_iter: 0.5911  iters_per_sec: 1.6900  samples_per_sec: 13.5300  samples_per_sec_per_gpu: 3.3800  max_mem_allocated_mb: 821.5000  max_mem_reserved_mb: 16710.0000
05/22 20:19:43 - mmengine - INFO - Epoch(train)  [1][ 2250/10000]  base_lr: 5.3568e-05 lr: 5.3568e-05  eta: 1 day, 21:36:09  time: 0.5685  data_time: 0.0284  memory: 11895  loss: 1.5716  loss_heatmap: 0.4324  layer_-1_loss_cls: 0.1060  layer_-1_loss_bbox: 0.3891  matched_ious: 0.1495  aux_depth_loss: 0.5967  moe_importance_loss: 0.0008  moe_router_z_loss: 0.0016  moe_ctx_aux_loss_weighted: 0.0450  grad_norm: 50.3414  sec_per_iter: 0.5916  iters_per_sec: 1.6900  samples_per_sec: 13.5200  samples_per_sec_per_gpu: 3.3800  max_mem_allocated_mb: 821.5000  max_mem_reserved_mb: 16710.0000
05/22 20:20:12 - mmengine - INFO - Epoch(train)  [1][ 2300/10000]  base_lr: 5.3725e-05 lr: 5.3725e-05  eta: 1 day, 21:34:53  time: 0.5833  data_time: 0.0258  memory: 11887  loss: 1.6189  loss_heatmap: 0.4641  layer_-1_loss_cls: 0.1095  layer_-1_loss_bbox: 0.4508  matched_ious: 0.1628  aux_depth_loss: 0.5492  moe_importance_loss: 0.0011  moe_router_z_loss: 0.0016  moe_ctx_aux_loss_weighted: 0.0426  grad_norm: 52.1002  sec_per_iter: 0.5911  iters_per_sec: 1.6900  samples_per_sec: 13.5300  samples_per_sec_per_gpu: 3.3800  max_mem_allocated_mb: 821.5000  max_mem_reserved_mb: 16710.0000
05/22 20:20:41 - mmengine - INFO - Epoch(train)  [1][ 2350/10000]  base_lr: 5.3885e-05 lr: 5.3885e-05  eta: 1 day, 21:33:45  time: 0.5844  data_time: 0.0278  memory: 11962  loss: 1.3924  loss_heatmap: 0.3827  layer_-1_loss_cls: 0.1045  layer_-1_loss_bbox: 0.2823  matched_ious: 0.2532  aux_depth_loss: 0.5769  moe_importance_loss: 0.0010  moe_router_z_loss: 0.0015  moe_ctx_aux_loss_weighted: 0.0435  grad_norm: 46.3057  sec_per_iter: 0.5909  iters_per_sec: 1.6900  samples_per_sec: 13.5400  samples_per_sec_per_gpu: 3.3800  max_mem_allocated_mb: 821.5000  max_mem_reserved_mb: 16710.0000
05/22 20:21:10 - mmengine - INFO - Epoch(train)  [1][ 2400/10000]  base_lr: 5.4049e-05 lr: 5.4049e-05  eta: 1 day, 21:32:44  time: 0.5854  data_time: 0.0278  memory: 11913  loss: 1.3818  loss_heatmap: 0.3647  layer_-1_loss_cls: 0.0949  layer_-1_loss_bbox: 0.3226  matched_ious: 0.1469  aux_depth_loss: 0.5527  moe_importance_loss: 0.0010  moe_router_z_loss: 0.0016  moe_ctx_aux_loss_weighted: 0.0442  grad_norm: 72.3033  sec_per_iter: 0.5908  iters_per_sec: 1.6900  samples_per_sec: 13.5400  samples_per_sec_per_gpu: 3.3900  max_mem_allocated_mb: 821.5000  max_mem_reserved_mb: 16710.0000
05/22 20:21:39 - mmengine - INFO - Epoch(train)  [1][ 2450/10000]  base_lr: 5.4216e-05 lr: 5.4216e-05  eta: 1 day, 21:30:55  time: 0.5767  data_time: 0.0279  memory: 11770  loss: 1.6040  loss_heatmap: 0.4542  layer_-1_loss_cls: 0.1047  layer_-1_loss_bbox: 0.4389  matched_ious: 0.1787  aux_depth_loss: 0.5607  moe_importance_loss: 0.0006  moe_router_z_loss: 0.0014  moe_ctx_aux_loss_weighted: 0.0436  grad_norm: 77.6290  sec_per_iter: 0.5907  iters_per_sec: 1.6900  samples_per_sec: 13.5400  samples_per_sec_per_gpu: 3.3900  max_mem_allocated_mb: 821.5000  max_mem_reserved_mb: 16710.0000
05/22 20:22:08 - mmengine - INFO - Epoch(train)  [1][ 2500/10000]  base_lr: 5.4387e-05 lr: 5.4387e-05  eta: 1 day, 21:29:36  time: 0.5814  data_time: 0.0254  memory: 11875  loss: 1.5070  loss_heatmap: 0.4185  layer_-1_loss_cls: 0.1087  layer_-1_loss_bbox: 0.3552  matched_ious: 0.3163  aux_depth_loss: 0.5776  moe_importance_loss: 0.0010  moe_router_z_loss: 0.0017  moe_ctx_aux_loss_weighted: 0.0442  grad_norm: 64.8081  sec_per_iter: 0.5904  iters_per_sec: 1.6900  samples_per_sec: 13.5500  samples_per_sec_per_gpu: 3.3900  max_mem_allocated_mb: 821.5000  max_mem_reserved_mb: 16710.0000
05/22 20:22:37 - mmengine - INFO - Epoch(train)  [1][ 2550/10000]  base_lr: 5.4561e-05 lr: 5.4561e-05  eta: 1 day, 21:27:18  time: 0.5703  data_time: 0.0252  memory: 12012  loss: 1.5224  loss_heatmap: 0.3988  layer_-1_loss_cls: 0.0931  layer_-1_loss_bbox: 0.4349  matched_ious: 0.3603  aux_depth_loss: 0.5501  moe_importance_loss: 0.0012  moe_router_z_loss: 0.0018  moe_ctx_aux_loss_weighted: 0.0424  grad_norm: 71.0591  sec_per_iter: 0.5902  iters_per_sec: 1.6900  samples_per_sec: 13.5500  samples_per_sec_per_gpu: 3.3900  max_mem_allocated_mb: 821.5000  max_mem_reserved_mb: 16710.0000
05/22 20:23:05 - mmengine - INFO - Epoch(train)  [1][ 2600/10000]  base_lr: 5.4738e-05 lr: 5.4738e-05  eta: 1 day, 21:24:45  time: 0.5666  data_time: 0.0254  memory: 11849  loss: 1.3936  loss_heatmap: 0.3429  layer_-1_loss_cls: 0.0853  layer_-1_loss_bbox: 0.3349  matched_ious: 0.2659  aux_depth_loss: 0.5858  moe_importance_loss: 0.0011  moe_router_z_loss: 0.0015  moe_ctx_aux_loss_weighted: 0.0421  grad_norm: 78.0059  sec_per_iter: 0.5898  iters_per_sec: 1.7000  samples_per_sec: 13.5600  samples_per_sec_per_gpu: 3.3900  max_mem_allocated_mb: 821.5000  max_mem_reserved_mb: 16710.0000
05/22 20:23:34 - mmengine - INFO - Epoch(train)  [1][ 2650/10000]  base_lr: 5.4919e-05 lr: 5.4919e-05  eta: 1 day, 21:22:57  time: 0.5743  data_time: 0.0247  memory: 11980  loss: 1.4610  loss_heatmap: 0.3874  layer_-1_loss_cls: 0.0963  layer_-1_loss_bbox: 0.3383  matched_ious: 0.2553  aux_depth_loss: 0.5933  moe_importance_loss: 0.0009  moe_router_z_loss: 0.0016  moe_ctx_aux_loss_weighted: 0.0432  grad_norm: 128.0900  sec_per_iter: 0.5894  iters_per_sec: 1.7000  samples_per_sec: 13.5700  samples_per_sec_per_gpu: 3.3900  max_mem_allocated_mb: 821.5000  max_mem_reserved_mb: 16710.0000
05/22 20:24:03 - mmengine - INFO - Epoch(train)  [1][ 2700/10000]  base_lr: 5.5103e-05 lr: 5.5103e-05  eta: 1 day, 21:21:37  time: 0.5792  data_time: 0.0256  memory: 11879  loss: 1.5184  loss_heatmap: 0.4632  layer_-1_loss_cls: 0.1142  layer_-1_loss_bbox: 0.3546  matched_ious: 0.2283  aux_depth_loss: 0.5415  moe_importance_loss: 0.0006  moe_router_z_loss: 0.0016  moe_ctx_aux_loss_weighted: 0.0427  grad_norm: 105.9296  sec_per_iter: 0.5891  iters_per_sec: 1.7000  samples_per_sec: 13.5800  samples_per_sec_per_gpu: 3.4000  max_mem_allocated_mb: 821.5000  max_mem_reserved_mb: 16710.0000
05/22 20:24:33 - mmengine - INFO - Epoch(train)  [1][ 2750/10000]  base_lr: 5.5290e-05 lr: 5.5290e-05  eta: 1 day, 21:22:31  time: 0.6055  data_time: 0.0271  memory: 11961  loss: 1.6744  loss_heatmap: 0.4918  layer_-1_loss_cls: 0.1113  layer_-1_loss_bbox: 0.4523  matched_ious: 0.3017  aux_depth_loss: 0.5770  moe_importance_loss: 0.0005  moe_router_z_loss: 0.0016  moe_ctx_aux_loss_weighted: 0.0400  grad_norm: 60.0034  sec_per_iter: 0.5889  iters_per_sec: 1.7000  samples_per_sec: 13.5800  samples_per_sec_per_gpu: 3.4000  max_mem_allocated_mb: 821.5000  max_mem_reserved_mb: 16710.0000
05/22 20:25:03 - mmengine - INFO - Epoch(train)  [1][ 2800/10000]  base_lr: 5.5481e-05 lr: 5.5481e-05  eta: 1 day, 21:22:58  time: 0.6006  data_time: 0.0270  memory: 11881  loss: 1.5063  loss_heatmap: 0.3845  layer_-1_loss_cls: 0.0945  layer_-1_loss_bbox: 0.4320  matched_ious: 0.2918  aux_depth_loss: 0.5499  moe_importance_loss: 0.0005  moe_router_z_loss: 0.0014  moe_ctx_aux_loss_weighted: 0.0436  grad_norm: 73.7493  sec_per_iter: 0.5892  iters_per_sec: 1.7000  samples_per_sec: 13.5800  samples_per_sec_per_gpu: 3.3900  max_mem_allocated_mb: 821.5000  max_mem_reserved_mb: 16710.0000
05/22 20:25:32 - mmengine - INFO - Epoch(train)  [1][ 2850/10000]  base_lr: 5.5676e-05 lr: 5.5676e-05  eta: 1 day, 21:21:13  time: 0.5739  data_time: 0.0283  memory: 11964  loss: 1.5040  loss_heatmap: 0.4335  layer_-1_loss_cls: 0.1049  layer_-1_loss_bbox: 0.3617  matched_ious: 0.3279  aux_depth_loss: 0.5600  moe_importance_loss: 0.0004  moe_router_z_loss: 0.0017  moe_ctx_aux_loss_weighted: 0.0419  grad_norm: 74.0564  sec_per_iter: 0.5894  iters_per_sec: 1.7000  samples_per_sec: 13.5700  samples_per_sec_per_gpu: 3.3900  max_mem_allocated_mb: 821.5000  max_mem_reserved_mb: 16710.0000
05/22 20:26:04 - mmengine - INFO - Epoch(train)  [1][ 2900/10000]  base_lr: 5.5873e-05 lr: 5.5873e-05  eta: 1 day, 21:24:40  time: 0.6385  data_time: 0.0278  memory: 11922  loss: 1.5180  loss_heatmap: 0.4304  layer_-1_loss_cls: 0.1067  layer_-1_loss_bbox: 0.3560  matched_ious: 0.2887  aux_depth_loss: 0.5769  moe_importance_loss: 0.0006  moe_router_z_loss: 0.0019  moe_ctx_aux_loss_weighted: 0.0457  grad_norm: 85.3960  sec_per_iter: 0.5891  iters_per_sec: 1.7000  samples_per_sec: 13.5800  samples_per_sec_per_gpu: 3.3900  max_mem_allocated_mb: 821.5000  max_mem_reserved_mb: 16710.0000
05/22 20:26:33 - mmengine - INFO - Epoch(train)  [1][ 2950/10000]  base_lr: 5.6075e-05 lr: 5.6075e-05  eta: 1 day, 21:23:30  time: 0.5813  data_time: 0.0249  memory: 11805  loss: 1.4872  loss_heatmap: 0.4269  layer_-1_loss_cls: 0.1046  layer_-1_loss_bbox: 0.3447  matched_ious: 0.1225  aux_depth_loss: 0.5676  moe_importance_loss: 0.0006  moe_router_z_loss: 0.0014  moe_ctx_aux_loss_weighted: 0.0414  grad_norm: 72.0928  sec_per_iter: 0.5900  iters_per_sec: 1.6900  samples_per_sec: 13.5600  samples_per_sec_per_gpu: 3.3900  max_mem_allocated_mb: 821.5000  max_mem_reserved_mb: 16710.0000
05/22 20:27:03 - mmengine - INFO - Exp name: zod_moe_joint_modality_20260522_195637
05/22 20:27:03 - mmengine - INFO - Epoch(train)  [1][ 3000/10000]  base_lr: 5.6279e-05 lr: 5.6279e-05  eta: 1 day, 21:24:36  time: 0.6107  data_time: 0.0254  memory: 11940  loss: 1.5718  loss_heatmap: 0.4678  layer_-1_loss_cls: 0.1137  layer_-1_loss_bbox: 0.3880  matched_ious: 0.1904  aux_depth_loss: 0.5582  moe_importance_loss: 0.0008  moe_router_z_loss: 0.0014  moe_ctx_aux_loss_weighted: 0.0418  grad_norm: 76.4361  sec_per_iter: 0.5898  iters_per_sec: 1.7000  samples_per_sec: 13.5600  samples_per_sec_per_gpu: 3.3900  max_mem_allocated_mb: 821.5000  max_mem_reserved_mb: 16710.0000
05/22 20:27:32 - mmengine - INFO - Epoch(train)  [1][ 3050/10000]  base_lr: 5.6487e-05 lr: 5.6487e-05  eta: 1 day, 21:23:08  time: 0.5771  data_time: 0.0270  memory: 11906  loss: 1.6532  loss_heatmap: 0.4856  layer_-1_loss_cls: 0.1165  layer_-1_loss_bbox: 0.4067  matched_ious: 0.1986  aux_depth_loss: 0.6004  moe_importance_loss: 0.0006  moe_router_z_loss: 0.0013  moe_ctx_aux_loss_weighted: 0.0423  grad_norm: 91.5164  sec_per_iter: 0.5902  iters_per_sec: 1.6900  samples_per_sec: 13.5600  samples_per_sec_per_gpu: 3.3900  max_mem_allocated_mb: 821.5000  max_mem_reserved_mb: 16710.0000
05/22 20:28:01 - mmengine - INFO - Epoch(train)  [1][ 3100/10000]  base_lr: 5.6698e-05 lr: 5.6698e-05  eta: 1 day, 21:22:13  time: 0.5843  data_time: 0.0262  memory: 11926  loss: 1.5265  loss_heatmap: 0.3931  layer_-1_loss_cls: 0.0966  layer_-1_loss_bbox: 0.3247  matched_ious: 0.0724  aux_depth_loss: 0.6674  moe_importance_loss: 0.0006  moe_router_z_loss: 0.0011  moe_ctx_aux_loss_weighted: 0.0429  grad_norm: 118.7087  sec_per_iter: 0.5900  iters_per_sec: 1.6900  samples_per_sec: 13.5600  samples_per_sec_per_gpu: 3.3900  max_mem_allocated_mb: 821.5000  max_mem_reserved_mb: 16710.0000
05/22 20:28:31 - mmengine - INFO - Epoch(train)  [1][ 3150/10000]  base_lr: 5.6913e-05 lr: 5.6913e-05  eta: 1 day, 21:22:35  time: 0.6017  data_time: 0.0265  memory: 11808  loss: 1.5174  loss_heatmap: 0.4029  layer_-1_loss_cls: 0.1028  layer_-1_loss_bbox: 0.3977  matched_ious: 0.2320  aux_depth_loss: 0.5720  moe_importance_loss: 0.0003  moe_router_z_loss: 0.0011  moe_ctx_aux_loss_weighted: 0.0406  grad_norm: 128.3018  sec_per_iter: 0.5899  iters_per_sec: 1.7000  samples_per_sec: 13.5600  samples_per_sec_per_gpu: 3.3900  max_mem_allocated_mb: 821.5000  max_mem_reserved_mb: 16710.0000
