Using PYTHON=/home/users/u103958/miniconda3/envs/multimodal-moe/bin/python
python /home/users/u103958/miniconda3/envs/multimodal-moe/bin/python
torch 2.4.0+cu121
BEVFusion registered OK
=== Slurm job 4459870 on mel2119 ===
MMDET3D_ROOT=/home/users/u103958/projects/multimodal-MoE/mmdetection3d
CONFIG=configs/zod/zod_lidar_only_continue.py
WORK_DIR=/home/users/u103958/projects/multimodal-MoE/outputs/runs/zod_lidar_only_continue/zod-lidar-continue_4459870
CUDA_VISIBLE_DEVICES (step 0): 0,1,2,3     
GPU 0: NVIDIA A100-SXM4-40GB (UUID: GPU-5e2b5e45-6c20-4a32-5aa2-9e76643fa613)
GPU 1: NVIDIA A100-SXM4-40GB (UUID: GPU-6a4c4f9e-0116-d9fb-9371-ddc4906b0ec7)
GPU 2: NVIDIA A100-SXM4-40GB (UUID: GPU-dc6e1605-886d-6a87-4208-e17b8b51a6c0)
GPU 3: NVIDIA A100-SXM4-40GB (UUID: GPU-9297805c-7d97-704e-82c2-92f9d44cf385)
NCCL version 2.20.5+cuda12.4
04/08 16:05:02 - mmengine - INFO - 
------------------------------------------------------------
System environment:
    sys.platform: linux
    Python: 3.10.20 | packaged by conda-forge | (main, Mar  5 2026, 16:42:22) [GCC 14.3.0]
    CUDA available: True
    MUSA available: False
    numpy_random_seed: 1159056914
    GPU 0: NVIDIA A100-SXM4-40GB
    CUDA_HOME: None
    GCC: gcc (GCC) 8.5.0 20210514 (Red Hat 8.5.0-28)
    PyTorch: 2.4.0+cu121
    PyTorch compiling details: PyTorch built with:
  - GCC 9.3
  - C++ Version: 201703
  - Intel(R) oneAPI Math Kernel Library Version 2022.2-Product Build 20220804 for Intel(R) 64 architecture applications
  - Intel(R) MKL-DNN v3.4.2 (Git Hash 1137e04ec0b5251ca2b4400a4fd3c667ce843d67)
  - OpenMP 201511 (a.k.a. OpenMP 4.5)
  - LAPACK is enabled (usually provided by MKL)
  - NNPACK is enabled
  - CPU capability usage: AVX2
  - CUDA Runtime 12.1
  - NVCC architecture flags: -gencode;arch=compute_50,code=sm_50;-gencode;arch=compute_60,code=sm_60;-gencode;arch=compute_70,code=sm_70;-gencode;arch=compute_75,code=sm_75;-gencode;arch=compute_80,code=sm_80;-gencode;arch=compute_86,code=sm_86;-gencode;arch=compute_90,code=sm_90
  - CuDNN 90.1  (built against CUDA 12.4)
  - Magma 2.6.1
  - Build settings: BLAS_INFO=mkl, BUILD_TYPE=Release, CUDA_VERSION=12.1, CUDNN_VERSION=9.1.0, CXX_COMPILER=/opt/rh/devtoolset-9/root/usr/bin/c++, CXX_FLAGS= -D_GLIBCXX_USE_CXX11_ABI=0 -fabi-version=11 -fvisibility-inlines-hidden -DUSE_PTHREADPOOL -DNDEBUG -DUSE_KINETO -DLIBKINETO_NOROCTRACER -DUSE_FBGEMM -DUSE_PYTORCH_QNNPACK -DUSE_XNNPACK -DSYMBOLICATE_MOBILE_DEBUG_HANDLE -O2 -fPIC -Wall -Wextra -Werror=return-type -Werror=non-virtual-dtor -Werror=bool-operation -Wnarrowing -Wno-missing-field-initializers -Wno-type-limits -Wno-array-bounds -Wno-unknown-pragmas -Wno-unused-parameter -Wno-unused-function -Wno-unused-result -Wno-strict-overflow -Wno-strict-aliasing -Wno-stringop-overflow -Wsuggest-override -Wno-psabi -Wno-error=pedantic -Wno-error=old-style-cast -Wno-missing-braces -fdiagnostics-color=always -faligned-new -Wno-unused-but-set-variable -Wno-maybe-uninitialized -fno-math-errno -fno-trapping-math -Werror=format -Wno-stringop-overflow, LAPACK_INFO=mkl, PERF_WITH_AVX=1, PERF_WITH_AVX2=1, PERF_WITH_AVX512=1, TORCH_VERSION=2.4.0, USE_CUDA=ON, USE_CUDNN=ON, USE_CUSPARSELT=1, USE_EXCEPTION_PTR=1, USE_GFLAGS=OFF, USE_GLOG=OFF, USE_GLOO=ON, USE_MKL=ON, USE_MKLDNN=ON, USE_MPI=OFF, USE_NCCL=1, USE_NNPACK=ON, USE_OPENMP=ON, USE_ROCM=OFF, USE_ROCM_KERNEL_ASSERT=OFF, 

    TorchVision: 0.19.0+cu121
    OpenCV: 4.9.0
    MMEngine: 0.10.7

Runtime environment:
    cudnn_benchmark: False
    mp_cfg: {'mp_start_method': 'fork', 'opencv_num_threads': 0}
    dist_cfg: {'backend': 'nccl'}
    seed: 1159056914
    Distributed launcher: slurm
    Distributed training: True
    GPU number: 4
------------------------------------------------------------

04/08 16:05:03 - mmengine - INFO - Config:
auto_scale_lr = dict(enable=False)
backend_args = None
class_names = [
    'pedestrian',
]
custom_hooks = [
    dict(type='BEVFeatureVisualizationHook'),
    dict(score_thr=0.15, type='BEVPredictionVisualizationHook'),
    dict(score_thr=0.15, type='BEVValPredictionVisualizationHook'),
    dict(type='TrainingEfficiencyHook'),
    dict(type='RunSummaryHook'),
    dict(
        filename='val_curve_ap_0_50_0_5m',
        metric_keys=(
            'mAP_0.50',
            'mAP_0.5m',
        ),
        type='ValidationCurveHook'),
]
custom_imports = dict(
    allow_failed_imports=False, imports=[
        'projects.BEVFusion.bevfusion',
    ])
data_prefix = dict(pts='')
data_root = '/mnt/tier2/project/p201222/u103958/zod_moe/zod_nuscenes/'
dataset_type = 'ZODDataset'
default_hooks = dict(
    checkpoint=dict(
        interval=5,
        rule='greater',
        save_best='mAP_0.50',
        type='CheckpointHook'),
    logger=dict(interval=50, type='LoggerHook'),
    param_scheduler=dict(type='ParamSchedulerHook'),
    sampler_seed=dict(type='DistSamplerSeedHook'),
    timer=dict(type='IterTimerHook'),
    visualization=dict(type='Det3DVisualizationHook'))
default_scope = 'mmdet3d'
env_cfg = dict(
    cudnn_benchmark=False,
    dist_cfg=dict(backend='nccl'),
    mp_cfg=dict(mp_start_method='fork', opencv_num_threads=0))
grid_size = [
    1440,
    1440,
    40,
]
input_modality = dict(use_camera=False, use_lidar=True)
launcher = 'slurm'
load_from = '/home/users/u103958/projects/multimodal-MoE/outputs/runs/zod_lidar_only/zod-lidar-only_4454825/best_mAP_0.50_epoch_18.pth'
log_level = 'INFO'
log_processor = dict(by_epoch=True, type='LogProcessor', window_size=50)
lr = 5e-05
metainfo = dict(
    box_type_3d='LiDAR', classes=[
        'pedestrian',
    ])
model = dict(
    bbox_head=dict(
        auxiliary=True,
        bbox_coder=dict(
            code_size=8,
            out_size_factor=8,
            pc_range=[
                0.0,
                -54.0,
            ],
            post_center_range=[
                0.0,
                -54.0,
                -10.0,
                108.0,
                54.0,
                10.0,
            ],
            score_threshold=0.0,
            type='TransFusionBBoxCoder',
            voxel_size=[
                0.075,
                0.075,
            ]),
        bn_momentum=0.1,
        common_heads=dict(
            center=[
                2,
                2,
            ], dim=[
                3,
                2,
            ], height=[
                1,
                2,
            ], rot=[
                2,
                2,
            ]),
        decoder_layer=dict(
            cross_attn_cfg=dict(dropout=0.1, embed_dims=128, num_heads=8),
            ffn_cfg=dict(
                act_cfg=dict(inplace=True, type='ReLU'),
                embed_dims=128,
                feedforward_channels=256,
                ffn_drop=0.1,
                num_fcs=2),
            norm_cfg=dict(type='LN'),
            pos_encoding_cfg=dict(input_channel=2, num_pos_feats=128),
            self_attn_cfg=dict(dropout=0.1, embed_dims=128, num_heads=8),
            type='TransformerDecoderLayer'),
        hidden_channel=128,
        in_channels=512,
        loss_bbox=dict(
            loss_weight=0.25, reduction='mean', type='mmdet.L1Loss'),
        loss_cls=dict(
            alpha=0.25,
            gamma=2.0,
            loss_weight=1.0,
            reduction='mean',
            type='mmdet.FocalLoss',
            use_sigmoid=True),
        loss_heatmap=dict(
            loss_weight=1.0, reduction='mean', type='mmdet.GaussianFocalLoss'),
        nms_kernel_size=3,
        num_classes=1,
        num_decoder_layers=1,
        num_proposals=500,
        test_cfg=dict(
            dataset='custom_zod',
            grid_size=[
                1440,
                1440,
                40,
            ],
            nms_type='circle',
            out_size_factor=8,
            pc_range=[
                0.0,
                -54.0,
            ],
            voxel_size=[
                0.075,
                0.075,
            ]),
        train_cfg=dict(
            assigner=dict(
                cls_cost=dict(
                    alpha=0.25,
                    gamma=2.0,
                    type='mmdet.FocalLossCost',
                    weight=0.15),
                iou_calculator=dict(coordinate='lidar', type='BboxOverlaps3D'),
                iou_cost=dict(type='IoU3DCost', weight=0.25),
                reg_cost=dict(type='BBoxBEVL1Cost', weight=0.25),
                type='HungarianAssigner3D'),
            code_weights=[
                1.0,
                1.0,
                1.0,
                1.0,
                1.0,
                1.0,
                1.0,
                1.0,
            ],
            dataset='custom_zod',
            gaussian_overlap=0.1,
            grid_size=[
                1440,
                1440,
                40,
            ],
            min_radius=2,
            out_size_factor=8,
            point_cloud_range=[
                0.0,
                -54.0,
                -5.0,
                108.0,
                54.0,
                3.0,
            ],
            pos_weight=-1,
            voxel_size=[
                0.075,
                0.075,
                0.2,
            ]),
        type='TransFusionHead'),
    data_preprocessor=dict(
        pad_size_divisor=32,
        type='Det3DDataPreprocessor',
        voxelize_cfg=dict(
            max_num_points=10,
            max_voxels=[
                200000,
                240000,
            ],
            point_cloud_range=[
                0.0,
                -54.0,
                -5.0,
                108.0,
                54.0,
                3.0,
            ],
            voxel_size=[
                0.075,
                0.075,
                0.2,
            ],
            voxelize_reduce=True)),
    pts_backbone=dict(
        conv_cfg=dict(bias=False, type='Conv2d'),
        in_channels=256,
        layer_nums=[
            5,
            5,
        ],
        layer_strides=[
            1,
            2,
        ],
        norm_cfg=dict(eps=0.001, momentum=0.01, type='BN'),
        out_channels=[
            128,
            256,
        ],
        type='SECOND'),
    pts_middle_encoder=dict(
        block_type='basicblock',
        encoder_channels=(
            (
                16,
                16,
                32,
            ),
            (
                32,
                32,
                64,
            ),
            (
                64,
                64,
                128,
            ),
            (
                128,
                128,
            ),
        ),
        encoder_paddings=(
            (
                0,
                0,
                1,
            ),
            (
                0,
                0,
                1,
            ),
            (
                0,
                0,
                (
                    1,
                    1,
                    0,
                ),
            ),
            (
                0,
                0,
            ),
        ),
        in_channels=4,
        norm_cfg=dict(eps=0.001, momentum=0.01, type='BN1d'),
        order=(
            'conv',
            'norm',
            'act',
        ),
        sparse_shape=[
            1440,
            1440,
            41,
        ],
        type='BEVFusionSparseEncoder'),
    pts_neck=dict(
        in_channels=[
            128,
            256,
        ],
        norm_cfg=dict(eps=0.001, momentum=0.01, type='BN'),
        out_channels=[
            256,
            256,
        ],
        type='SECONDFPN',
        upsample_cfg=dict(bias=False, type='deconv'),
        upsample_strides=[
            1,
            2,
        ],
        use_conv_for_no_stride=True),
    pts_voxel_encoder=dict(num_features=4, type='HardSimpleVFE'),
    type='BEVFusion')
optim_wrapper = dict(
    clip_grad=dict(max_norm=10, norm_type=2),
    loss_scale='dynamic',
    optimizer=dict(lr=5e-05, type='AdamW', weight_decay=0.01),
    type='AmpOptimWrapper')
out_size_factor = 8
param_scheduler = [
    dict(
        T_max=4,
        begin=0,
        by_epoch=True,
        convert_to_iter_based=True,
        end=4,
        eta_min=0.0005,
        type='CosineAnnealingLR'),
    dict(
        T_max=8,
        begin=4,
        by_epoch=True,
        convert_to_iter_based=True,
        end=12,
        eta_min=5e-09,
        type='CosineAnnealingLR'),
    dict(
        T_max=4,
        begin=0,
        by_epoch=True,
        convert_to_iter_based=True,
        end=4,
        eta_min=0.8947368421052632,
        type='CosineAnnealingMomentum'),
    dict(
        T_max=8,
        begin=4,
        by_epoch=True,
        convert_to_iter_based=True,
        end=12,
        eta_min=1,
        type='CosineAnnealingMomentum'),
]
point_cloud_range = [
    0.0,
    -54.0,
    -5.0,
    108.0,
    54.0,
    3.0,
]
resume = False
sparse_shape = [
    1440,
    1440,
    41,
]
test_cfg = dict()
test_dataloader = dict(
    batch_size=2,
    dataset=dict(
        ann_file='infos/zod_nuscenes_infos_test.pkl',
        backend_args=None,
        box_type_3d='LiDAR',
        data_prefix=dict(pts=''),
        data_root='/mnt/tier2/project/p201222/u103958/zod_moe/zod_nuscenes/',
        metainfo=dict(box_type_3d='LiDAR', classes=[
            'pedestrian',
        ]),
        modality=dict(use_camera=False, use_lidar=True),
        pipeline=[
            dict(
                backend_args=None,
                coord_type='LIDAR',
                load_dim=4,
                type='LoadPointsFromFile',
                use_dim=4),
            dict(
                point_cloud_range=[
                    0.0,
                    -54.0,
                    -5.0,
                    108.0,
                    54.0,
                    3.0,
                ],
                type='PointsRangeFilter'),
            dict(
                keys=[
                    'points',
                ],
                meta_keys=[
                    'box_type_3d',
                    'sample_idx',
                    'lidar_path',
                    'num_pts_feats',
                ],
                type='Pack3DDetInputs'),
        ],
        test_mode=True,
        type='ZODDataset',
        use_valid_flag=False,
        with_velocity=False),
    drop_last=False,
    num_workers=4,
    persistent_workers=True,
    sampler=dict(shuffle=False, type='DefaultSampler'))
test_evaluator = [
    dict(iou_thr=[
        0.25,
        0.5,
    ], type='IndoorMetric'),
    dict(dist_thr=[
        0.5,
        1.0,
        2.0,
    ], type='CenterDistanceMetric'),
]
test_pipeline = [
    dict(
        backend_args=None,
        coord_type='LIDAR',
        load_dim=4,
        type='LoadPointsFromFile',
        use_dim=4),
    dict(
        point_cloud_range=[
            0.0,
            -54.0,
            -5.0,
            108.0,
            54.0,
            3.0,
        ],
        type='PointsRangeFilter'),
    dict(
        keys=[
            'points',
        ],
        meta_keys=[
            'box_type_3d',
            'sample_idx',
            'lidar_path',
            'num_pts_feats',
        ],
        type='Pack3DDetInputs'),
]
train_cfg = dict(by_epoch=True, max_epochs=12, val_interval=1)
train_dataloader = dict(
    batch_size=4,
    dataset=dict(
        ann_file='infos/zod_nuscenes_infos_train.pkl',
        box_type_3d='LiDAR',
        data_prefix=dict(pts=''),
        data_root='/mnt/tier2/project/p201222/u103958/zod_moe/zod_nuscenes/',
        metainfo=dict(box_type_3d='LiDAR', classes=[
            'pedestrian',
        ]),
        modality=dict(use_camera=False, use_lidar=True),
        pipeline=[
            dict(
                backend_args=None,
                coord_type='LIDAR',
                load_dim=4,
                type='LoadPointsFromFile',
                use_dim=4),
            dict(
                type='LoadAnnotations3D',
                with_attr_label=False,
                with_bbox_3d=True,
                with_label_3d=True),
            dict(
                rot_range=[
                    0,
                    0,
                ],
                scale_ratio_range=[
                    0.9,
                    1.1,
                ],
                translation_std=0.5,
                type='GlobalRotScaleTrans'),
            dict(
                point_cloud_range=[
                    0.0,
                    -54.0,
                    -5.0,
                    108.0,
                    54.0,
                    3.0,
                ],
                type='PointsRangeFilter'),
            dict(
                point_cloud_range=[
                    0.0,
                    -54.0,
                    -5.0,
                    108.0,
                    54.0,
                    3.0,
                ],
                type='ObjectRangeFilter'),
            dict(classes=[
                'pedestrian',
            ], type='ObjectNameFilter'),
            dict(type='PointShuffle'),
            dict(
                keys=[
                    'points',
                    'gt_bboxes_3d',
                    'gt_labels_3d',
                ],
                meta_keys=[
                    'box_type_3d',
                    'sample_idx',
                    'lidar_path',
                    'transformation_3d_flow',
                    'pcd_rotation',
                    'pcd_scale_factor',
                    'pcd_trans',
                    'lidar_aug_matrix',
                ],
                type='Pack3DDetInputs'),
        ],
        test_mode=False,
        type='ZODDataset',
        use_valid_flag=False,
        with_velocity=False),
    num_workers=4,
    persistent_workers=True,
    sampler=dict(shuffle=True, type='DefaultSampler'))
train_pipeline = [
    dict(
        backend_args=None,
        coord_type='LIDAR',
        load_dim=4,
        type='LoadPointsFromFile',
        use_dim=4),
    dict(
        type='LoadAnnotations3D',
        with_attr_label=False,
        with_bbox_3d=True,
        with_label_3d=True),
    dict(
        rot_range=[
            0,
            0,
        ],
        scale_ratio_range=[
            0.9,
            1.1,
        ],
        translation_std=0.5,
        type='GlobalRotScaleTrans'),
    dict(
        point_cloud_range=[
            0.0,
            -54.0,
            -5.0,
            108.0,
            54.0,
            3.0,
        ],
        type='PointsRangeFilter'),
    dict(
        point_cloud_range=[
            0.0,
            -54.0,
            -5.0,
            108.0,
            54.0,
            3.0,
        ],
        type='ObjectRangeFilter'),
    dict(classes=[
        'pedestrian',
    ], type='ObjectNameFilter'),
    dict(type='PointShuffle'),
    dict(
        keys=[
            'points',
            'gt_bboxes_3d',
            'gt_labels_3d',
        ],
        meta_keys=[
            'box_type_3d',
            'sample_idx',
            'lidar_path',
            'transformation_3d_flow',
            'pcd_rotation',
            'pcd_scale_factor',
            'pcd_trans',
            'lidar_aug_matrix',
        ],
        type='Pack3DDetInputs'),
]
val_cfg = dict()
val_dataloader = dict(
    batch_size=2,
    dataset=dict(
        ann_file='infos/zod_nuscenes_infos_val.pkl',
        backend_args=None,
        box_type_3d='LiDAR',
        data_prefix=dict(pts=''),
        data_root='/mnt/tier2/project/p201222/u103958/zod_moe/zod_nuscenes/',
        metainfo=dict(box_type_3d='LiDAR', classes=[
            'pedestrian',
        ]),
        modality=dict(use_camera=False, use_lidar=True),
        pipeline=[
            dict(
                backend_args=None,
                coord_type='LIDAR',
                load_dim=4,
                type='LoadPointsFromFile',
                use_dim=4),
            dict(
                point_cloud_range=[
                    0.0,
                    -54.0,
                    -5.0,
                    108.0,
                    54.0,
                    3.0,
                ],
                type='PointsRangeFilter'),
            dict(
                keys=[
                    'points',
                ],
                meta_keys=[
                    'box_type_3d',
                    'sample_idx',
                    'lidar_path',
                    'num_pts_feats',
                ],
                type='Pack3DDetInputs'),
        ],
        test_mode=True,
        type='ZODDataset',
        use_valid_flag=False,
        with_velocity=False),
    drop_last=False,
    num_workers=4,
    persistent_workers=True,
    sampler=dict(shuffle=False, type='DefaultSampler'))
val_evaluator = [
    dict(iou_thr=[
        0.25,
        0.5,
    ], type='IndoorMetric'),
    dict(dist_thr=[
        0.5,
        1.0,
        2.0,
    ], type='CenterDistanceMetric'),
]
vis_backends = [
    dict(type='LocalVisBackend'),
]
visualizer = dict(
    name='visualizer',
    type='Det3DLocalVisualizer',
    vis_backends=[
        dict(type='LocalVisBackend'),
    ])
voxel_size = [
    0.075,
    0.075,
    0.2,
]
work_dir = '/home/users/u103958/projects/multimodal-MoE/outputs/runs/zod_lidar_only_continue/zod-lidar-continue_4459870'

04/08 16:05:30 - mmengine - INFO - Hooks will be executed in the following order:
before_run:
(VERY_HIGH   ) RuntimeInfoHook                    
(BELOW_NORMAL) LoggerHook                         
(LOW         ) ValidationCurveHook                
 -------------------- 
before_train:
(VERY_HIGH   ) RuntimeInfoHook                    
(NORMAL      ) IterTimerHook                      
(BELOW_NORMAL) TrainingEfficiencyHook             
(VERY_LOW    ) CheckpointHook                     
(VERY_LOW    ) RunSummaryHook                     
 -------------------- 
before_train_epoch:
(VERY_HIGH   ) RuntimeInfoHook                    
(NORMAL      ) IterTimerHook                      
(NORMAL      ) DistSamplerSeedHook                
(BELOW_NORMAL) TrainingEfficiencyHook             
 -------------------- 
before_train_iter:
(VERY_HIGH   ) RuntimeInfoHook                    
(NORMAL      ) IterTimerHook                      
 -------------------- 
after_train_iter:
(VERY_HIGH   ) RuntimeInfoHook                    
(NORMAL      ) IterTimerHook                      
(BELOW_NORMAL) LoggerHook                         
(BELOW_NORMAL) TrainingEfficiencyHook             
(LOW         ) ParamSchedulerHook                 
(VERY_LOW    ) CheckpointHook                     
(VERY_LOW    ) RunSummaryHook                     
 -------------------- 
after_train_epoch:
(NORMAL      ) IterTimerHook                      
(BELOW_NORMAL) TrainingEfficiencyHook             
(LOW         ) ParamSchedulerHook                 
(LOW         ) BEVFeatureVisualizationHook        
(LOW         ) BEVPredictionVisualizationHook     
(LOW         ) BEVValPredictionVisualizationHook  
(VERY_LOW    ) CheckpointHook                     
 -------------------- 
before_val:
(VERY_HIGH   ) RuntimeInfoHook                    
 -------------------- 
before_val_epoch:
(NORMAL      ) IterTimerHook                      
 -------------------- 
before_val_iter:
(NORMAL      ) IterTimerHook                      
 -------------------- 
after_val_iter:
(NORMAL      ) IterTimerHook                      
(NORMAL      ) Det3DVisualizationHook             
(BELOW_NORMAL) LoggerHook                         
 -------------------- 
after_val_epoch:
(VERY_HIGH   ) RuntimeInfoHook                    
(NORMAL      ) IterTimerHook                      
(BELOW_NORMAL) LoggerHook                         
(LOW         ) ParamSchedulerHook                 
(LOW         ) ValidationCurveHook                
(VERY_LOW    ) CheckpointHook                     
(VERY_LOW    ) RunSummaryHook                     
 -------------------- 
after_val:
(VERY_HIGH   ) RuntimeInfoHook                    
 -------------------- 
after_train:
(VERY_HIGH   ) RuntimeInfoHook                    
(VERY_LOW    ) CheckpointHook                     
(VERY_LOW    ) RunSummaryHook                     
 -------------------- 
before_test:
(VERY_HIGH   ) RuntimeInfoHook                    
 -------------------- 
before_test_epoch:
(NORMAL      ) IterTimerHook                      
 -------------------- 
before_test_iter:
(NORMAL      ) IterTimerHook                      
 -------------------- 
after_test_iter:
(NORMAL      ) IterTimerHook                      
(NORMAL      ) Det3DVisualizationHook             
(BELOW_NORMAL) LoggerHook                         
 -------------------- 
after_test_epoch:
(VERY_HIGH   ) RuntimeInfoHook                    
(NORMAL      ) IterTimerHook                      
(BELOW_NORMAL) LoggerHook                         
 -------------------- 
after_test:
(VERY_HIGH   ) RuntimeInfoHook                    
 -------------------- 
after_run:
(BELOW_NORMAL) LoggerHook                         
 -------------------- 
04/08 16:05:31 - mmengine - WARNING - LiDAR is not a meta file, simply parsed as meta information
04/08 16:05:44 - mmengine - INFO - ------------------------------
04/08 16:05:44 - mmengine - INFO - The length of training dataset: 79999
04/08 16:05:44 - mmengine - INFO - The number of instances per category in the dataset:
+------------+--------+
| category   | number |
+------------+--------+
| pedestrian | 182784 |
+------------+--------+
04/08 16:05:46 - mmengine - INFO - ------------------------------
04/08 16:05:46 - mmengine - INFO - The length of test dataset: 10000
04/08 16:05:46 - mmengine - INFO - The number of instances per category in the dataset:
+------------+--------+
| category   | number |
+------------+--------+
| pedestrian | 23478  |
+------------+--------+
04/08 16:05:46 - mmengine - WARNING - The prefix is not set in metric class IndoorMetric.
04/08 16:05:46 - mmengine - WARNING - The prefix is not set in metric class CenterDistanceMetric.
Loads checkpoint by local backend from path: /home/users/u103958/projects/multimodal-MoE/outputs/runs/zod_lidar_only/zod-lidar-only_4454825/best_mAP_0.50_epoch_18.pth
Loads checkpoint by local backend from path: /home/users/u103958/projects/multimodal-MoE/outputs/runs/zod_lidar_only/zod-lidar-only_4454825/best_mAP_0.50_epoch_18.pth
Loads checkpoint by local backend from path: /home/users/u103958/projects/multimodal-MoE/outputs/runs/zod_lidar_only/zod-lidar-only_4454825/best_mAP_0.50_epoch_18.pth
Loads checkpoint by local backend from path: /home/users/u103958/projects/multimodal-MoE/outputs/runs/zod_lidar_only/zod-lidar-only_4454825/best_mAP_0.50_epoch_18.pth
04/08 16:05:48 - mmengine - INFO - Load checkpoint from /home/users/u103958/projects/multimodal-MoE/outputs/runs/zod_lidar_only/zod-lidar-only_4454825/best_mAP_0.50_epoch_18.pth
04/08 16:05:48 - mmengine - WARNING - "FileClient" will be deprecated in future. Please use io functions in https://mmengine.readthedocs.io/en/latest/api/fileio.html#file-io
04/08 16:05:48 - mmengine - WARNING - "HardDiskBackend" is the alias of "LocalBackend" and the former will be deprecated in future.
04/08 16:05:48 - mmengine - INFO - Checkpoints will be saved to /home/users/u103958/projects/multimodal-MoE/outputs/runs/zod_lidar_only_continue/zod-lidar-continue_4459870.
04/08 16:06:43 - mmengine - INFO - Epoch(train)  [1][  50/5000]  lr: 5.0007e-05  eta: 18:17:57  time: 1.0989  data_time: 0.0521  memory: 10556  grad_norm: inf  loss: 0.7159  loss_heatmap: 0.2757  layer_-1_loss_cls: 0.0660  layer_-1_loss_bbox: 0.3742  matched_ious: 0.5749
04/08 16:07:08 - mmengine - INFO - Epoch(train)  [1][ 100/5000]  lr: 5.0027e-05  eta: 13:15:35  time: 0.4950  data_time: 0.0151  memory: 10425  grad_norm: 1.5959  loss: 0.7385  loss_heatmap: 0.2958  layer_-1_loss_cls: 0.0694  layer_-1_loss_bbox: 0.3732  matched_ious: 0.5014  sec_per_iter: 1.0998  iters_per_sec: 0.9100  samples_per_sec: 14.5500  samples_per_sec_per_gpu: 3.6400  max_mem_allocated_mb: 143.9000  max_mem_reserved_mb: 11084.0000
04/08 16:07:36 - mmengine - INFO - Epoch(train)  [1][ 150/5000]  lr: 5.0062e-05  eta: 11:56:58  time: 0.5625  data_time: 0.0209  memory: 10580  grad_norm: 1.5335  loss: 0.6598  loss_heatmap: 0.2594  layer_-1_loss_cls: 0.0667  layer_-1_loss_bbox: 0.3336  matched_ious: 0.6215  sec_per_iter: 0.7996  iters_per_sec: 1.2500  samples_per_sec: 20.0100  samples_per_sec_per_gpu: 5.0000  max_mem_allocated_mb: 143.9000  max_mem_reserved_mb: 11084.0000
04/08 16:08:08 - mmengine - INFO - Epoch(train)  [1][ 200/5000]  lr: 5.0110e-05  eta: 11:39:29  time: 0.6510  data_time: 0.0187  memory: 10361  grad_norm: 1.4895  loss: 0.6791  loss_heatmap: 0.2728  layer_-1_loss_cls: 0.0647  layer_-1_loss_bbox: 0.3417  matched_ious: 0.5511  sec_per_iter: 0.7191  iters_per_sec: 1.3900  samples_per_sec: 22.2500  samples_per_sec_per_gpu: 5.5600  max_mem_allocated_mb: 143.9000  max_mem_reserved_mb: 11086.0000
04/08 16:08:35 - mmengine - INFO - Epoch(train)  [1][ 250/5000]  lr: 5.0172e-05  eta: 11:05:41  time: 0.5351  data_time: 0.0075  memory: 10420  grad_norm: 1.5437  loss: 0.7044  loss_heatmap: 0.2765  layer_-1_loss_cls: 0.0681  layer_-1_loss_bbox: 0.3597  matched_ious: 0.5761  sec_per_iter: 0.7021  iters_per_sec: 1.4200  samples_per_sec: 22.7900  samples_per_sec_per_gpu: 5.7000  max_mem_allocated_mb: 143.9000  max_mem_reserved_mb: 11086.0000
04/08 16:09:01 - mmengine - INFO - Epoch(train)  [1][ 300/5000]  lr: 5.0248e-05  eta: 10:41:24  time: 0.5254  data_time: 0.0099  memory: 10394  grad_norm: 1.7131  loss: 0.7203  loss_heatmap: 0.2923  layer_-1_loss_cls: 0.0718  layer_-1_loss_bbox: 0.3563  matched_ious: 0.4980  sec_per_iter: 0.6689  iters_per_sec: 1.4900  samples_per_sec: 23.9200  samples_per_sec_per_gpu: 5.9800  max_mem_allocated_mb: 143.9000  max_mem_reserved_mb: 11086.0000
04/08 16:09:38 - mmengine - INFO - Epoch(train)  [1][ 350/5000]  lr: 5.0338e-05  eta: 10:54:07  time: 0.7380  data_time: 0.0269  memory: 10422  grad_norm: 1.6470  loss: 0.7477  loss_heatmap: 0.2930  layer_-1_loss_cls: 0.0692  layer_-1_loss_bbox: 0.3855  matched_ious: 0.5741  sec_per_iter: 0.6449  iters_per_sec: 1.5500  samples_per_sec: 24.8100  samples_per_sec_per_gpu: 6.2000  max_mem_allocated_mb: 143.9000  max_mem_reserved_mb: 11086.0000
04/08 16:10:19 - mmengine - INFO - Epoch(train)  [1][ 400/5000]  lr: 5.0442e-05  eta: 11:12:06  time: 0.8071  data_time: 0.0436  memory: 10425  grad_norm: 1.6592  loss: 0.7411  loss_heatmap: 0.2969  layer_-1_loss_cls: 0.0741  layer_-1_loss_bbox: 0.3702  matched_ious: 0.5379  sec_per_iter: 0.6582  iters_per_sec: 1.5200  samples_per_sec: 24.3100  samples_per_sec_per_gpu: 6.0800  max_mem_allocated_mb: 143.9000  max_mem_reserved_mb: 11086.0000
04/08 16:10:51 - mmengine - INFO - Epoch(train)  [1][ 450/5000]  lr: 5.0559e-05  eta: 11:08:49  time: 0.6520  data_time: 0.0183  memory: 10466  grad_norm: 1.6013  loss: 0.7042  loss_heatmap: 0.2764  layer_-1_loss_cls: 0.0678  layer_-1_loss_bbox: 0.3600  matched_ious: 0.5207  sec_per_iter: 0.6769  iters_per_sec: 1.4800  samples_per_sec: 23.6400  samples_per_sec_per_gpu: 5.9100  max_mem_allocated_mb: 143.9000  max_mem_reserved_mb: 11086.0000
04/08 16:11:18 - mmengine - INFO - Epoch(train)  [1][ 500/5000]  lr: 5.0691e-05  eta: 10:54:37  time: 0.5364  data_time: 0.0091  memory: 10484  grad_norm: 1.6176  loss: 0.7349  loss_heatmap: 0.2892  layer_-1_loss_cls: 0.0686  layer_-1_loss_bbox: 0.3771  matched_ious: 0.5412  sec_per_iter: 0.6740  iters_per_sec: 1.4800  samples_per_sec: 23.7400  samples_per_sec_per_gpu: 5.9300  max_mem_allocated_mb: 143.9000  max_mem_reserved_mb: 11086.0000
04/08 16:11:41 - mmengine - INFO - Epoch(train)  [1][ 550/5000]  lr: 5.0836e-05  eta: 10:36:30  time: 0.4651  data_time: 0.0093  memory: 10379  grad_norm: 1.6020  loss: 0.7044  loss_heatmap: 0.2863  layer_-1_loss_cls: 0.0690  layer_-1_loss_bbox: 0.3491  matched_ious: 0.5715  sec_per_iter: 0.6602  iters_per_sec: 1.5100  samples_per_sec: 24.2400  samples_per_sec_per_gpu: 6.0600  max_mem_allocated_mb: 143.9000  max_mem_reserved_mb: 11086.0000
04/08 16:12:09 - mmengine - INFO - Epoch(train)  [1][ 600/5000]  lr: 5.0995e-05  eta: 10:28:41  time: 0.5541  data_time: 0.0115  memory: 10444  grad_norm: 1.7387  loss: 0.8024  loss_heatmap: 0.3192  layer_-1_loss_cls: 0.0723  layer_-1_loss_bbox: 0.4108  matched_ious: 0.5759  sec_per_iter: 0.6425  iters_per_sec: 1.5600  samples_per_sec: 24.9000  samples_per_sec_per_gpu: 6.2300  max_mem_allocated_mb: 143.9000  max_mem_reserved_mb: 11086.0000
04/08 16:12:37 - mmengine - INFO - Epoch(train)  [1][ 650/5000]  lr: 5.1168e-05  eta: 10:22:29  time: 0.5605  data_time: 0.0115  memory: 10511  grad_norm: 1.5470  loss: 0.7113  loss_heatmap: 0.2858  layer_-1_loss_cls: 0.0706  layer_-1_loss_bbox: 0.3548  matched_ious: 0.5842  sec_per_iter: 0.6351  iters_per_sec: 1.5700  samples_per_sec: 25.1900  samples_per_sec_per_gpu: 6.3000  max_mem_allocated_mb: 143.9000  max_mem_reserved_mb: 11086.0000
04/08 16:13:02 - mmengine - INFO - Epoch(train)  [1][ 700/5000]  lr: 5.1355e-05  eta: 10:13:07  time: 0.5041  data_time: 0.0077  memory: 10544  grad_norm: 1.4483  loss: 0.7210  loss_heatmap: 0.2832  layer_-1_loss_cls: 0.0694  layer_-1_loss_bbox: 0.3684  matched_ious: 0.5692  sec_per_iter: 0.6294  iters_per_sec: 1.5900  samples_per_sec: 25.4200  samples_per_sec_per_gpu: 6.3600  max_mem_allocated_mb: 143.9000  max_mem_reserved_mb: 11086.0000
04/08 16:13:30 - mmengine - INFO - Epoch(train)  [1][ 750/5000]  lr: 5.1555e-05  eta: 10:08:46  time: 0.5621  data_time: 0.0142  memory: 10441  grad_norm: 1.6264  loss: 0.7492  loss_heatmap: 0.3033  layer_-1_loss_cls: 0.0727  layer_-1_loss_bbox: 0.3732  matched_ious: 0.5513  sec_per_iter: 0.6207  iters_per_sec: 1.6100  samples_per_sec: 25.7800  samples_per_sec_per_gpu: 6.4400  max_mem_allocated_mb: 143.9000  max_mem_reserved_mb: 11086.0000
04/08 16:14:04 - mmengine - INFO - Epoch(train)  [1][ 800/5000]  lr: 5.1770e-05  eta: 10:11:23  time: 0.6671  data_time: 0.0128  memory: 10443  grad_norm: 1.5741  loss: 0.7703  loss_heatmap: 0.3052  layer_-1_loss_cls: 0.0675  layer_-1_loss_bbox: 0.3976  matched_ious: 0.5784  sec_per_iter: 0.6166  iters_per_sec: 1.6200  samples_per_sec: 25.9500  samples_per_sec_per_gpu: 6.4900  max_mem_allocated_mb: 143.9000  max_mem_reserved_mb: 11086.0000
04/08 16:14:32 - mmengine - INFO - Epoch(train)  [1][ 850/5000]  lr: 5.1998e-05  eta: 10:08:17  time: 0.5752  data_time: 0.0131  memory: 10418  grad_norm: 1.4839  loss: 0.7215  loss_heatmap: 0.2839  layer_-1_loss_cls: 0.0679  layer_-1_loss_bbox: 0.3697  matched_ious: 0.5465  sec_per_iter: 0.6198  iters_per_sec: 1.6100  samples_per_sec: 25.8200  samples_per_sec_per_gpu: 6.4500  max_mem_allocated_mb: 143.9000  max_mem_reserved_mb: 11086.0000
04/08 16:15:19 - mmengine - INFO - Epoch(train)  [1][ 900/5000]  lr: 5.2240e-05  eta: 10:25:12  time: 0.9355  data_time: 0.0681  memory: 10443  grad_norm: 1.5188  loss: 0.7255  loss_heatmap: 0.2917  layer_-1_loss_cls: 0.0696  layer_-1_loss_bbox: 0.3642  matched_ious: 0.5802  sec_per_iter: 0.6196  iters_per_sec: 1.6100  samples_per_sec: 25.8200  samples_per_sec_per_gpu: 6.4600  max_mem_allocated_mb: 143.9000  max_mem_reserved_mb: 11086.0000
04/08 16:15:50 - mmengine - INFO - Epoch(train)  [1][ 950/5000]  lr: 5.2495e-05  eta: 10:23:29  time: 0.6119  data_time: 0.0137  memory: 10534  grad_norm: 1.6025  loss: 0.7355  loss_heatmap: 0.3054  layer_-1_loss_cls: 0.0706  layer_-1_loss_bbox: 0.3595  matched_ious: 0.5403  sec_per_iter: 0.6350  iters_per_sec: 1.5700  samples_per_sec: 25.2000  samples_per_sec_per_gpu: 6.3000  max_mem_allocated_mb: 143.9000  max_mem_reserved_mb: 11086.0000
04/08 16:16:16 - mmengine - INFO - Exp name: zod_lidar_only_continue_20260408_160451
04/08 16:16:16 - mmengine - INFO - Epoch(train)  [1][1000/5000]  lr: 5.2765e-05  eta: 10:17:46  time: 0.5278  data_time: 0.0114  memory: 10460  grad_norm: 1.5108  loss: 0.7194  loss_heatmap: 0.2912  layer_-1_loss_cls: 0.0692  layer_-1_loss_bbox: 0.3590  matched_ious: 0.5533  sec_per_iter: 0.6336  iters_per_sec: 1.5800  samples_per_sec: 25.2500  samples_per_sec_per_gpu: 6.3100  max_mem_allocated_mb: 143.9000  max_mem_reserved_mb: 11086.0000
04/08 16:16:41 - mmengine - INFO - Epoch(train)  [1][1050/5000]  lr: 5.3048e-05  eta: 10:11:34  time: 0.5069  data_time: 0.0098  memory: 10455  grad_norm: 1.5797  loss: 0.7256  loss_heatmap: 0.2776  layer_-1_loss_cls: 0.0696  layer_-1_loss_bbox: 0.3783  matched_ious: 0.6065  sec_per_iter: 0.6283  iters_per_sec: 1.5900  samples_per_sec: 25.4700  samples_per_sec_per_gpu: 6.3700  max_mem_allocated_mb: 143.9000  max_mem_reserved_mb: 11086.0000
04/08 16:17:10 - mmengine - INFO - Epoch(train)  [1][1100/5000]  lr: 5.3344e-05  eta: 10:08:28  time: 0.5648  data_time: 0.0143  memory: 10293  grad_norm: 1.7166  loss: 0.7108  loss_heatmap: 0.2786  layer_-1_loss_cls: 0.0688  layer_-1_loss_bbox: 0.3634  matched_ious: 0.5552  sec_per_iter: 0.6226  iters_per_sec: 1.6100  samples_per_sec: 25.7000  samples_per_sec_per_gpu: 6.4200  max_mem_allocated_mb: 143.9000  max_mem_reserved_mb: 11086.0000
04/08 16:17:38 - mmengine - INFO - Epoch(train)  [1][1150/5000]  lr: 5.3655e-05  eta: 10:05:41  time: 0.5667  data_time: 0.0135  memory: 10457  grad_norm: 1.5332  loss: 0.8142  loss_heatmap: 0.3054  layer_-1_loss_cls: 0.0702  layer_-1_loss_bbox: 0.4386  matched_ious: 0.5412  sec_per_iter: 0.6200  iters_per_sec: 1.6100  samples_per_sec: 25.8100  samples_per_sec_per_gpu: 6.4500  max_mem_allocated_mb: 143.9000  max_mem_reserved_mb: 11086.0000
04/08 16:18:05 - mmengine - INFO - Epoch(train)  [1][1200/5000]  lr: 5.3979e-05  eta: 10:02:09  time: 0.5436  data_time: 0.0128  memory: 10369  grad_norm: 1.4586  loss: 0.7033  loss_heatmap: 0.2805  layer_-1_loss_cls: 0.0700  layer_-1_loss_bbox: 0.3527  matched_ious: 0.6236  sec_per_iter: 0.6177  iters_per_sec: 1.6200  samples_per_sec: 25.9000  samples_per_sec_per_gpu: 6.4800  max_mem_allocated_mb: 143.9000  max_mem_reserved_mb: 11086.0000
04/08 16:18:33 - mmengine - INFO - Epoch(train)  [1][1250/5000]  lr: 5.4316e-05  eta: 9:59:04  time: 0.5488  data_time: 0.0119  memory: 10605  grad_norm: 1.5654  loss: 0.7032  loss_heatmap: 0.2774  layer_-1_loss_cls: 0.0685  layer_-1_loss_bbox: 0.3573  matched_ious: 0.5482  sec_per_iter: 0.6145  iters_per_sec: 1.6300  samples_per_sec: 26.0400  samples_per_sec_per_gpu: 6.5100  max_mem_allocated_mb: 143.9000  max_mem_reserved_mb: 11086.0000
04/08 16:19:01 - mmengine - INFO - Epoch(train)  [1][1300/5000]  lr: 5.4668e-05  eta: 9:57:15  time: 0.5772  data_time: 0.0122  memory: 10281  grad_norm: 1.5444  loss: 0.7344  loss_heatmap: 0.2953  layer_-1_loss_cls: 0.0693  layer_-1_loss_bbox: 0.3697  matched_ious: 0.6182  sec_per_iter: 0.6119  iters_per_sec: 1.6300  samples_per_sec: 26.1500  samples_per_sec_per_gpu: 6.5400  max_mem_allocated_mb: 143.9000  max_mem_reserved_mb: 11086.0000
04/08 16:19:25 - mmengine - INFO - Epoch(train)  [1][1350/5000]  lr: 5.5033e-05  eta: 9:51:48  time: 0.4739  data_time: 0.0064  memory: 10421  grad_norm: 1.5310  loss: 0.7133  loss_heatmap: 0.2806  layer_-1_loss_cls: 0.0659  layer_-1_loss_bbox: 0.3668  matched_ious: 0.6169  sec_per_iter: 0.6105  iters_per_sec: 1.6400  samples_per_sec: 26.2100  samples_per_sec_per_gpu: 6.5500  max_mem_allocated_mb: 143.9000  max_mem_reserved_mb: 11086.0000
04/08 16:19:51 - mmengine - INFO - Epoch(train)  [1][1400/5000]  lr: 5.5411e-05  eta: 9:47:54  time: 0.5081  data_time: 0.0081  memory: 10449  grad_norm: 1.5469  loss: 0.7191  loss_heatmap: 0.2851  layer_-1_loss_cls: 0.0706  layer_-1_loss_bbox: 0.3633  matched_ious: 0.5976  sec_per_iter: 0.6055  iters_per_sec: 1.6500  samples_per_sec: 26.4300  samples_per_sec_per_gpu: 6.6100  max_mem_allocated_mb: 143.9000  max_mem_reserved_mb: 11086.0000
04/08 16:20:15 - mmengine - INFO - Epoch(train)  [1][1450/5000]  lr: 5.5803e-05  eta: 9:43:29  time: 0.4857  data_time: 0.0103  memory: 10361  grad_norm: nan  loss: 0.7953  loss_heatmap: 0.2931  layer_-1_loss_cls: 0.0711  layer_-1_loss_bbox: 0.4311  matched_ious: 0.5877  sec_per_iter: 0.6020  iters_per_sec: 1.6600  samples_per_sec: 26.5800  samples_per_sec_per_gpu: 6.6400  max_mem_allocated_mb: 143.9000  max_mem_reserved_mb: 11086.0000
04/08 16:20:42 - mmengine - INFO - Epoch(train)  [1][1500/5000]  lr: 5.6209e-05  eta: 9:41:01  time: 0.5371  data_time: 0.0082  memory: 10463  grad_norm: 1.6687  loss: 0.7466  loss_heatmap: 0.2942  layer_-1_loss_cls: 0.0672  layer_-1_loss_bbox: 0.3853  matched_ious: 0.5157  sec_per_iter: 0.5980  iters_per_sec: 1.6700  samples_per_sec: 26.7600  samples_per_sec_per_gpu: 6.6900  max_mem_allocated_mb: 143.9000  max_mem_reserved_mb: 11086.0000
04/08 16:21:08 - mmengine - INFO - Epoch(train)  [1][1550/5000]  lr: 5.6628e-05  eta: 9:38:17  time: 0.5251  data_time: 0.0129  memory: 10362  grad_norm: 1.6082  loss: 0.7627  loss_heatmap: 0.3071  layer_-1_loss_cls: 0.0758  layer_-1_loss_bbox: 0.3799  matched_ious: 0.5728  sec_per_iter: 0.5960  iters_per_sec: 1.6800  samples_per_sec: 26.8500  samples_per_sec_per_gpu: 6.7100  max_mem_allocated_mb: 143.9000  max_mem_reserved_mb: 11086.0000
04/08 16:21:36 - mmengine - INFO - Epoch(train)  [1][1600/5000]  lr: 5.7060e-05  eta: 9:36:30  time: 0.5513  data_time: 0.0096  memory: 10524  grad_norm: 1.5105  loss: 0.7172  loss_heatmap: 0.2852  layer_-1_loss_cls: 0.0685  layer_-1_loss_bbox: 0.3635  matched_ious: 0.5442  sec_per_iter: 0.5937  iters_per_sec: 1.6800  samples_per_sec: 26.9500  samples_per_sec_per_gpu: 6.7400  max_mem_allocated_mb: 143.9000  max_mem_reserved_mb: 11086.0000
04/08 16:21:59 - mmengine - INFO - Epoch(train)  [1][1650/5000]  lr: 5.7506e-05  eta: 9:32:33  time: 0.4745  data_time: 0.0110  memory: 10519  grad_norm: 1.5873  loss: 0.6905  loss_heatmap: 0.2693  layer_-1_loss_cls: 0.0669  layer_-1_loss_bbox: 0.3542  matched_ious: 0.6271  sec_per_iter: 0.5925  iters_per_sec: 1.6900  samples_per_sec: 27.0100  samples_per_sec_per_gpu: 6.7500  max_mem_allocated_mb: 143.9000  max_mem_reserved_mb: 11086.0000
04/08 16:22:24 - mmengine - INFO - Epoch(train)  [1][1700/5000]  lr: 5.7965e-05  eta: 9:29:15  time: 0.4907  data_time: 0.0088  memory: 10433  grad_norm: 1.7589  loss: 0.7516  loss_heatmap: 0.3067  layer_-1_loss_cls: 0.0703  layer_-1_loss_bbox: 0.3746  matched_ious: 0.5895  sec_per_iter: 0.5888  iters_per_sec: 1.7000  samples_per_sec: 27.1800  samples_per_sec_per_gpu: 6.7900  max_mem_allocated_mb: 143.9000  max_mem_reserved_mb: 11086.0000
04/08 16:22:51 - mmengine - INFO - Epoch(train)  [1][1750/5000]  lr: 5.8438e-05  eta: 9:27:44  time: 0.5486  data_time: 0.0122  memory: 10434  grad_norm: 1.5777  loss: 0.7292  loss_heatmap: 0.2820  layer_-1_loss_cls: 0.0701  layer_-1_loss_bbox: 0.3770  matched_ious: 0.5742  sec_per_iter: 0.5859  iters_per_sec: 1.7100  samples_per_sec: 27.3100  samples_per_sec_per_gpu: 6.8300  max_mem_allocated_mb: 143.9000  max_mem_reserved_mb: 11086.0000
04/08 16:23:19 - mmengine - INFO - Epoch(train)  [1][1800/5000]  lr: 5.8924e-05  eta: 9:26:39  time: 0.5630  data_time: 0.0136  memory: 10436  grad_norm: 1.6012  loss: 0.7258  loss_heatmap: 0.2872  layer_-1_loss_cls: 0.0689  layer_-1_loss_bbox: 0.3697  matched_ious: 0.5183  sec_per_iter: 0.5848  iters_per_sec: 1.7100  samples_per_sec: 27.3600  samples_per_sec_per_gpu: 6.8400  max_mem_allocated_mb: 143.9000  max_mem_reserved_mb: 11086.0000
04/08 16:23:44 - mmengine - INFO - Epoch(train)  [1][1850/5000]  lr: 5.9423e-05  eta: 9:23:57  time: 0.4998  data_time: 0.0099  memory: 10442  grad_norm: 1.7040  loss: 0.7275  loss_heatmap: 0.2907  layer_-1_loss_cls: 0.0694  layer_-1_loss_bbox: 0.3674  matched_ious: 0.5774  sec_per_iter: 0.5843  iters_per_sec: 1.7100  samples_per_sec: 27.3800  samples_per_sec_per_gpu: 6.8500  max_mem_allocated_mb: 143.9000  max_mem_reserved_mb: 11086.0000
04/08 16:24:12 - mmengine - INFO - Epoch(train)  [1][1900/5000]  lr: 5.9936e-05  eta: 9:22:33  time: 0.5460  data_time: 0.0077  memory: 10369  grad_norm: 1.7182  loss: 0.7276  loss_heatmap: 0.2866  layer_-1_loss_cls: 0.0703  layer_-1_loss_bbox: 0.3706  matched_ious: 0.5388  sec_per_iter: 0.5819  iters_per_sec: 1.7200  samples_per_sec: 27.4900  samples_per_sec_per_gpu: 6.8700  max_mem_allocated_mb: 143.9000  max_mem_reserved_mb: 11086.0000
04/08 16:24:37 - mmengine - INFO - Epoch(train)  [1][1950/5000]  lr: 6.0462e-05  eta: 9:20:19  time: 0.5103  data_time: 0.0114  memory: 10404  grad_norm: 1.8068  loss: 0.7349  loss_heatmap: 0.2940  layer_-1_loss_cls: 0.0772  layer_-1_loss_bbox: 0.3637  matched_ious: 0.5642  sec_per_iter: 0.5810  iters_per_sec: 1.7200  samples_per_sec: 27.5400  samples_per_sec_per_gpu: 6.8800  max_mem_allocated_mb: 143.9000  max_mem_reserved_mb: 11086.0000
04/08 16:25:03 - mmengine - INFO - Exp name: zod_lidar_only_continue_20260408_160451
04/08 16:25:03 - mmengine - INFO - Epoch(train)  [1][2000/5000]  lr: 6.1001e-05  eta: 9:18:09  time: 0.5094  data_time: 0.0198  memory: 10380  grad_norm: 1.6061  loss: 0.7094  loss_heatmap: 0.2920  layer_-1_loss_cls: 0.0739  layer_-1_loss_bbox: 0.3435  matched_ious: 0.5545  sec_per_iter: 0.5792  iters_per_sec: 1.7300  samples_per_sec: 27.6200  samples_per_sec_per_gpu: 6.9100  max_mem_allocated_mb: 143.9000  max_mem_reserved_mb: 11086.0000
04/08 16:25:30 - mmengine - INFO - Epoch(train)  [1][2050/5000]  lr: 6.1554e-05  eta: 9:16:47  time: 0.5394  data_time: 0.0075  memory: 10336  grad_norm: 1.5865  loss: 0.6973  loss_heatmap: 0.2825  layer_-1_loss_cls: 0.0740  layer_-1_loss_bbox: 0.3408  matched_ious: 0.5437  sec_per_iter: 0.5774  iters_per_sec: 1.7300  samples_per_sec: 27.7100  samples_per_sec_per_gpu: 6.9300  max_mem_allocated_mb: 143.9000  max_mem_reserved_mb: 11086.0000
04/08 16:25:56 - mmengine - INFO - Epoch(train)  [1][2100/5000]  lr: 6.2119e-05  eta: 9:15:08  time: 0.5257  data_time: 0.0071  memory: 10547  grad_norm: 1.5977  loss: 0.7050  loss_heatmap: 0.2865  layer_-1_loss_cls: 0.0710  layer_-1_loss_bbox: 0.3474  matched_ious: 0.5679  sec_per_iter: 0.5765  iters_per_sec: 1.7300  samples_per_sec: 27.7500  samples_per_sec_per_gpu: 6.9400  max_mem_allocated_mb: 143.9000  max_mem_reserved_mb: 11086.0000
04/08 16:26:18 - mmengine - INFO - Epoch(train)  [1][2150/5000]  lr: 6.2698e-05  eta: 9:11:43  time: 0.4445  data_time: 0.0069  memory: 10288  grad_norm: 1.5388  loss: 0.7153  loss_heatmap: 0.2815  layer_-1_loss_cls: 0.0702  layer_-1_loss_bbox: 0.3636  matched_ious: 0.5554  sec_per_iter: 0.5753  iters_per_sec: 1.7400  samples_per_sec: 27.8100  samples_per_sec_per_gpu: 6.9500  max_mem_allocated_mb: 143.9000  max_mem_reserved_mb: 11086.0000
04/08 16:26:46 - mmengine - INFO - Epoch(train)  [1][2200/5000]  lr: 6.3290e-05  eta: 9:10:50  time: 0.5534  data_time: 0.0084  memory: 10395  grad_norm: 1.5094  loss: 0.7201  loss_heatmap: 0.2786  layer_-1_loss_cls: 0.0672  layer_-1_loss_bbox: 0.3743  matched_ious: 0.6028  sec_per_iter: 0.5723  iters_per_sec: 1.7500  samples_per_sec: 27.9600  samples_per_sec_per_gpu: 6.9900  max_mem_allocated_mb: 143.9000  max_mem_reserved_mb: 11086.0000
04/08 16:27:09 - mmengine - INFO - Epoch(train)  [1][2250/5000]  lr: 6.3895e-05  eta: 9:07:54  time: 0.4575  data_time: 0.0073  memory: 10469  grad_norm: 1.5684  loss: 0.7401  loss_heatmap: 0.2920  layer_-1_loss_cls: 0.0705  layer_-1_loss_bbox: 0.3776  matched_ious: 0.6082  sec_per_iter: 0.5718  iters_per_sec: 1.7500  samples_per_sec: 27.9800  samples_per_sec_per_gpu: 7.0000  max_mem_allocated_mb: 143.9000  max_mem_reserved_mb: 11086.0000
04/08 16:27:33 - mmengine - INFO - Epoch(train)  [1][2300/5000]  lr: 6.4513e-05  eta: 9:05:50  time: 0.4926  data_time: 0.0060  memory: 10340  grad_norm: 1.6245  loss: 0.7491  loss_heatmap: 0.2966  layer_-1_loss_cls: 0.0667  layer_-1_loss_bbox: 0.3858  matched_ious: 0.5776  sec_per_iter: 0.5693  iters_per_sec: 1.7600  samples_per_sec: 28.1100  samples_per_sec_per_gpu: 7.0300  max_mem_allocated_mb: 143.9000  max_mem_reserved_mb: 11086.0000
04/08 16:27:56 - mmengine - INFO - Epoch(train)  [1][2350/5000]  lr: 6.5143e-05  eta: 9:03:09  time: 0.4597  data_time: 0.0064  memory: 10394  grad_norm: 1.6963  loss: 0.7135  loss_heatmap: 0.2795  layer_-1_loss_cls: 0.0693  layer_-1_loss_bbox: 0.3647  matched_ious: 0.5587  sec_per_iter: 0.5676  iters_per_sec: 1.7600  samples_per_sec: 28.1900  samples_per_sec_per_gpu: 7.0500  max_mem_allocated_mb: 143.9000  max_mem_reserved_mb: 11086.0000
04/08 16:28:19 - mmengine - INFO - Epoch(train)  [1][2400/5000]  lr: 6.5787e-05  eta: 9:00:40  time: 0.4644  data_time: 0.0108  memory: 10445  grad_norm: 1.5415  loss: 0.7337  loss_heatmap: 0.2976  layer_-1_loss_cls: 0.0729  layer_-1_loss_bbox: 0.3633  matched_ious: 0.6280  sec_per_iter: 0.5653  iters_per_sec: 1.7700  samples_per_sec: 28.3000  samples_per_sec_per_gpu: 7.0800  max_mem_allocated_mb: 143.9000  max_mem_reserved_mb: 11086.0000
04/08 16:28:42 - mmengine - INFO - Epoch(train)  [1][2450/5000]  lr: 6.6444e-05  eta: 8:58:01  time: 0.4525  data_time: 0.0080  memory: 10400  grad_norm: 1.6003  loss: 0.7261  loss_heatmap: 0.2942  layer_-1_loss_cls: 0.0699  layer_-1_loss_bbox: 0.3621  matched_ious: 0.5862  sec_per_iter: 0.5632  iters_per_sec: 1.7800  samples_per_sec: 28.4100  samples_per_sec_per_gpu: 7.1000  max_mem_allocated_mb: 143.9000  max_mem_reserved_mb: 11086.0000
04/08 16:29:05 - mmengine - INFO - Epoch(train)  [1][2500/5000]  lr: 6.7114e-05  eta: 8:55:31  time: 0.4542  data_time: 0.0055  memory: 10567  grad_norm: 1.5790  loss: 0.7024  loss_heatmap: 0.2836  layer_-1_loss_cls: 0.0706  layer_-1_loss_bbox: 0.3481  matched_ious: 0.5435  sec_per_iter: 0.5610  iters_per_sec: 1.7800  samples_per_sec: 28.5200  samples_per_sec_per_gpu: 7.1300  max_mem_allocated_mb: 143.9000  max_mem_reserved_mb: 11086.0000
04/08 16:29:28 - mmengine - INFO - Epoch(train)  [1][2550/5000]  lr: 6.7796e-05  eta: 8:53:15  time: 0.4628  data_time: 0.0071  memory: 10327  grad_norm: 1.4799  loss: 0.6849  loss_heatmap: 0.2667  layer_-1_loss_cls: 0.0655  layer_-1_loss_bbox: 0.3527  matched_ious: 0.5836  sec_per_iter: 0.5588  iters_per_sec: 1.7900  samples_per_sec: 28.6300  samples_per_sec_per_gpu: 7.1600  max_mem_allocated_mb: 143.9000  max_mem_reserved_mb: 11086.0000
04/08 16:29:52 - mmengine - INFO - Epoch(train)  [1][2600/5000]  lr: 6.8491e-05  eta: 8:51:25  time: 0.4831  data_time: 0.0079  memory: 10452  grad_norm: 1.5591  loss: 0.7450  loss_heatmap: 0.2899  layer_-1_loss_cls: 0.0711  layer_-1_loss_bbox: 0.3841  matched_ious: 0.5541  sec_per_iter: 0.5569  iters_per_sec: 1.8000  samples_per_sec: 28.7300  samples_per_sec_per_gpu: 7.1800  max_mem_allocated_mb: 143.9000  max_mem_reserved_mb: 11086.0000
04/08 16:30:16 - mmengine - INFO - Epoch(train)  [1][2650/5000]  lr: 6.9199e-05  eta: 8:49:24  time: 0.4696  data_time: 0.0058  memory: 10376  grad_norm: 1.5405  loss: 0.7043  loss_heatmap: 0.2849  layer_-1_loss_cls: 0.0697  layer_-1_loss_bbox: 0.3497  matched_ious: 0.6372  sec_per_iter: 0.5555  iters_per_sec: 1.8000  samples_per_sec: 28.8000  samples_per_sec_per_gpu: 7.2000  max_mem_allocated_mb: 143.9000  max_mem_reserved_mb: 11086.0000
04/08 16:30:40 - mmengine - INFO - Epoch(train)  [1][2700/5000]  lr: 6.9920e-05  eta: 8:47:46  time: 0.4868  data_time: 0.0105  memory: 10420  grad_norm: 1.6376  loss: 0.6834  loss_heatmap: 0.2629  layer_-1_loss_cls: 0.0644  layer_-1_loss_bbox: 0.3561  matched_ious: 0.5905  sec_per_iter: 0.5539  iters_per_sec: 1.8100  samples_per_sec: 28.8900  samples_per_sec_per_gpu: 7.2200  max_mem_allocated_mb: 143.9000  max_mem_reserved_mb: 11086.0000
04/08 16:31:03 - mmengine - INFO - Epoch(train)  [1][2750/5000]  lr: 7.0653e-05  eta: 8:45:37  time: 0.4552  data_time: 0.0087  memory: 10460  grad_norm: 1.5938  loss: 0.7260  loss_heatmap: 0.2869  layer_-1_loss_cls: 0.0678  layer_-1_loss_bbox: 0.3713  matched_ious: 0.6095  sec_per_iter: 0.5527  iters_per_sec: 1.8100  samples_per_sec: 28.9500  samples_per_sec_per_gpu: 7.2400  max_mem_allocated_mb: 143.9000  max_mem_reserved_mb: 11086.0000
04/08 16:31:26 - mmengine - INFO - Epoch(train)  [1][2800/5000]  lr: 7.1399e-05  eta: 8:43:35  time: 0.4587  data_time: 0.0094  memory: 10591  grad_norm: 1.6572  loss: 0.7160  loss_heatmap: 0.2851  layer_-1_loss_cls: 0.0723  layer_-1_loss_bbox: 0.3586  matched_ious: 0.5315  sec_per_iter: 0.5509  iters_per_sec: 1.8200  samples_per_sec: 29.0400  samples_per_sec_per_gpu: 7.2600  max_mem_allocated_mb: 143.9000  max_mem_reserved_mb: 11086.0000
04/08 16:31:49 - mmengine - INFO - Epoch(train)  [1][2850/5000]  lr: 7.2157e-05  eta: 8:41:37  time: 0.4593  data_time: 0.0084  memory: 10436  grad_norm: 1.5947  loss: 0.7228  loss_heatmap: 0.2863  layer_-1_loss_cls: 0.0717  layer_-1_loss_bbox: 0.3648  matched_ious: 0.5412  sec_per_iter: 0.5492  iters_per_sec: 1.8200  samples_per_sec: 29.1300  samples_per_sec_per_gpu: 7.2800  max_mem_allocated_mb: 143.9000  max_mem_reserved_mb: 11086.0000
04/08 16:32:12 - mmengine - INFO - Epoch(train)  [1][2900/5000]  lr: 7.2928e-05  eta: 8:39:45  time: 0.4611  data_time: 0.0061  memory: 10377  grad_norm: 1.7016  loss: 0.7371  loss_heatmap: 0.2949  layer_-1_loss_cls: 0.0713  layer_-1_loss_bbox: 0.3710  matched_ious: 0.6573  sec_per_iter: 0.5477  iters_per_sec: 1.8300  samples_per_sec: 29.2100  samples_per_sec_per_gpu: 7.3000  max_mem_allocated_mb: 143.9000  max_mem_reserved_mb: 11086.0000
04/08 16:32:34 - mmengine - INFO - Epoch(train)  [1][2950/5000]  lr: 7.3712e-05  eta: 8:37:48  time: 0.4540  data_time: 0.0076  memory: 10408  grad_norm: 1.6902  loss: 0.7129  loss_heatmap: 0.2773  layer_-1_loss_cls: 0.0685  layer_-1_loss_bbox: 0.3671  matched_ious: 0.6007  sec_per_iter: 0.5462  iters_per_sec: 1.8300  samples_per_sec: 29.2900  samples_per_sec_per_gpu: 7.3200  max_mem_allocated_mb: 143.9000  max_mem_reserved_mb: 11086.0000
04/08 16:32:57 - mmengine - INFO - Exp name: zod_lidar_only_continue_20260408_160451
04/08 16:32:57 - mmengine - INFO - Epoch(train)  [1][3000/5000]  lr: 7.4507e-05  eta: 8:35:53  time: 0.4523  data_time: 0.0061  memory: 10364  grad_norm: 1.6131  loss: 0.7429  loss_heatmap: 0.2893  layer_-1_loss_cls: 0.0683  layer_-1_loss_bbox: 0.3852  matched_ious: 0.6241  sec_per_iter: 0.5446  iters_per_sec: 1.8400  samples_per_sec: 29.3800  samples_per_sec_per_gpu: 7.3400  max_mem_allocated_mb: 143.9000  max_mem_reserved_mb: 11086.0000
04/08 16:33:22 - mmengine - INFO - Epoch(train)  [1][3050/5000]  lr: 7.5316e-05  eta: 8:34:39  time: 0.4925  data_time: 0.0076  memory: 10386  grad_norm: 1.6977  loss: 0.7496  loss_heatmap: 0.2966  layer_-1_loss_cls: 0.0714  layer_-1_loss_bbox: 0.3816  matched_ious: 0.6018  sec_per_iter: 0.5431  iters_per_sec: 1.8400  samples_per_sec: 29.4600  samples_per_sec_per_gpu: 7.3700  max_mem_allocated_mb: 143.9000  max_mem_reserved_mb: 11086.0000
04/08 16:33:45 - mmengine - INFO - Epoch(train)  [1][3100/5000]  lr: 7.6136e-05  eta: 8:32:56  time: 0.4597  data_time: 0.0081  memory: 10453  grad_norm: 1.5486  loss: 0.7225  loss_heatmap: 0.2872  layer_-1_loss_cls: 0.0720  layer_-1_loss_bbox: 0.3632  matched_ious: 0.5872  sec_per_iter: 0.5422  iters_per_sec: 1.8400  samples_per_sec: 29.5100  samples_per_sec_per_gpu: 7.3800  max_mem_allocated_mb: 143.9000  max_mem_reserved_mb: 11086.0000
04/08 16:34:07 - mmengine - INFO - Epoch(train)  [1][3150/5000]  lr: 7.6969e-05  eta: 8:31:09  time: 0.4523  data_time: 0.0110  memory: 10503  grad_norm: 1.7492  loss: 0.6932  loss_heatmap: 0.2786  layer_-1_loss_cls: 0.0707  layer_-1_loss_bbox: 0.3438  matched_ious: 0.5576  sec_per_iter: 0.5409  iters_per_sec: 1.8500  samples_per_sec: 29.5800  samples_per_sec_per_gpu: 7.3900  max_mem_allocated_mb: 143.9000  max_mem_reserved_mb: 11086.0000
04/08 16:34:31 - mmengine - INFO - Epoch(train)  [1][3200/5000]  lr: 7.7814e-05  eta: 8:29:51  time: 0.4822  data_time: 0.0097  memory: 10556  grad_norm: 1.6940  loss: 0.7493  loss_heatmap: 0.3044  layer_-1_loss_cls: 0.0714  layer_-1_loss_bbox: 0.3735  matched_ious: 0.5513  sec_per_iter: 0.5395  iters_per_sec: 1.8500  samples_per_sec: 29.6600  samples_per_sec_per_gpu: 7.4100  max_mem_allocated_mb: 143.9000  max_mem_reserved_mb: 11086.0000
04/08 16:34:55 - mmengine - INFO - Epoch(train)  [1][3250/5000]  lr: 7.8671e-05  eta: 8:28:25  time: 0.4709  data_time: 0.0089  memory: 10350  grad_norm: 1.6122  loss: 0.7216  loss_heatmap: 0.2898  layer_-1_loss_cls: 0.0662  layer_-1_loss_bbox: 0.3656  matched_ious: 0.5586  sec_per_iter: 0.5386  iters_per_sec: 1.8600  samples_per_sec: 29.7100  samples_per_sec_per_gpu: 7.4300  max_mem_allocated_mb: 143.9000  max_mem_reserved_mb: 11086.0000
04/08 16:35:18 - mmengine - INFO - Epoch(train)  [1][3300/5000]  lr: 7.9540e-05  eta: 8:26:53  time: 0.4612  data_time: 0.0093  memory: 10328  grad_norm: 1.7153  loss: 0.6828  loss_heatmap: 0.2750  layer_-1_loss_cls: 0.0684  layer_-1_loss_bbox: 0.3394  matched_ious: 0.5210  sec_per_iter: 0.5376  iters_per_sec: 1.8600  samples_per_sec: 29.7600  samples_per_sec_per_gpu: 7.4400  max_mem_allocated_mb: 143.9000  max_mem_reserved_mb: 11086.0000
04/08 16:35:43 - mmengine - INFO - Epoch(train)  [1][3350/5000]  lr: 8.0422e-05  eta: 8:25:53  time: 0.4975  data_time: 0.0070  memory: 10556  grad_norm: 1.7192  loss: 0.7529  loss_heatmap: 0.3022  layer_-1_loss_cls: 0.0724  layer_-1_loss_bbox: 0.3783  matched_ious: 0.5598  sec_per_iter: 0.5364  iters_per_sec: 1.8600  samples_per_sec: 29.8300  samples_per_sec_per_gpu: 7.4600  max_mem_allocated_mb: 143.9000  max_mem_reserved_mb: 11086.0000
04/08 16:36:07 - mmengine - INFO - Epoch(train)  [1][3400/5000]  lr: 8.1315e-05  eta: 8:24:39  time: 0.4792  data_time: 0.0064  memory: 10495  grad_norm: 1.5884  loss: 0.7620  loss_heatmap: 0.3045  layer_-1_loss_cls: 0.0688  layer_-1_loss_bbox: 0.3888  matched_ious: 0.5391  sec_per_iter: 0.5358  iters_per_sec: 1.8700  samples_per_sec: 29.8600  samples_per_sec_per_gpu: 7.4700  max_mem_allocated_mb: 143.9000  max_mem_reserved_mb: 11086.0000
04/08 16:36:29 - mmengine - INFO - Epoch(train)  [1][3450/5000]  lr: 8.2220e-05  eta: 8:22:54  time: 0.4384  data_time: 0.0075  memory: 10498  grad_norm: 1.7710  loss: 0.7523  loss_heatmap: 0.2942  layer_-1_loss_cls: 0.0684  layer_-1_loss_bbox: 0.3898  matched_ious: 0.5543  sec_per_iter: 0.5350  iters_per_sec: 1.8700  samples_per_sec: 29.9100  samples_per_sec_per_gpu: 7.4800  max_mem_allocated_mb: 143.9000  max_mem_reserved_mb: 11086.0000
04/08 16:36:52 - mmengine - INFO - Epoch(train)  [1][3500/5000]  lr: 8.3137e-05  eta: 8:21:40  time: 0.4752  data_time: 0.0066  memory: 10461  grad_norm: 1.6091  loss: 0.7406  loss_heatmap: 0.2922  layer_-1_loss_cls: 0.0684  layer_-1_loss_bbox: 0.3799  matched_ious: 0.5434  sec_per_iter: 0.5336  iters_per_sec: 1.8700  samples_per_sec: 29.9900  samples_per_sec_per_gpu: 7.5000  max_mem_allocated_mb: 143.9000  max_mem_reserved_mb: 11086.0000
04/08 16:37:15 - mmengine - INFO - Epoch(train)  [1][3550/5000]  lr: 8.4067e-05  eta: 8:20:10  time: 0.4536  data_time: 0.0055  memory: 10436  grad_norm: inf  loss: 0.6967  loss_heatmap: 0.2810  layer_-1_loss_cls: 0.0732  layer_-1_loss_bbox: 0.3426  matched_ious: 0.5950  sec_per_iter: 0.5328  iters_per_sec: 1.8800  samples_per_sec: 30.0300  samples_per_sec_per_gpu: 7.5100  max_mem_allocated_mb: 143.9000  max_mem_reserved_mb: 11086.0000
04/08 16:37:39 - mmengine - INFO - Epoch(train)  [1][3600/5000]  lr: 8.5007e-05  eta: 8:19:00  time: 0.4759  data_time: 0.0075  memory: 10546  grad_norm: 1.5771  loss: 0.7140  loss_heatmap: 0.2870  layer_-1_loss_cls: 0.0716  layer_-1_loss_bbox: 0.3553  matched_ious: 0.5932  sec_per_iter: 0.5317  iters_per_sec: 1.8800  samples_per_sec: 30.0900  samples_per_sec_per_gpu: 7.5200  max_mem_allocated_mb: 143.9000  max_mem_reserved_mb: 11086.0000
04/08 16:38:03 - mmengine - INFO - Epoch(train)  [1][3650/5000]  lr: 8.5960e-05  eta: 8:18:02  time: 0.4902  data_time: 0.0116  memory: 10443  grad_norm: 1.7634  loss: 0.7092  loss_heatmap: 0.2854  layer_-1_loss_cls: 0.0694  layer_-1_loss_bbox: 0.3543  matched_ious: 0.6038  sec_per_iter: 0.5309  iters_per_sec: 1.8800  samples_per_sec: 30.1400  samples_per_sec_per_gpu: 7.5300  max_mem_allocated_mb: 143.9000  max_mem_reserved_mb: 11086.0000
04/08 16:38:27 - mmengine - INFO - Epoch(train)  [1][3700/5000]  lr: 8.6924e-05  eta: 8:16:46  time: 0.4649  data_time: 0.0074  memory: 10350  grad_norm: 1.6590  loss: 0.7003  loss_heatmap: 0.2863  layer_-1_loss_cls: 0.0703  layer_-1_loss_bbox: 0.3437  matched_ious: 0.5758  sec_per_iter: 0.5303  iters_per_sec: 1.8900  samples_per_sec: 30.1700  samples_per_sec_per_gpu: 7.5400  max_mem_allocated_mb: 143.9000  max_mem_reserved_mb: 11086.0000
04/08 16:38:49 - mmengine - INFO - Epoch(train)  [1][3750/5000]  lr: 8.7900e-05  eta: 8:15:19  time: 0.4494  data_time: 0.0055  memory: 10407  grad_norm: 1.5576  loss: 0.7565  loss_heatmap: 0.3021  layer_-1_loss_cls: 0.0687  layer_-1_loss_bbox: 0.3857  matched_ious: 0.5874  sec_per_iter: 0.5294  iters_per_sec: 1.8900  samples_per_sec: 30.2200  samples_per_sec_per_gpu: 7.5600  max_mem_allocated_mb: 143.9000  max_mem_reserved_mb: 11086.0000
04/08 16:39:13 - mmengine - INFO - Epoch(train)  [1][3800/5000]  lr: 8.8887e-05  eta: 8:14:10  time: 0.4698  data_time: 0.0100  memory: 10357  grad_norm: 1.7277  loss: 0.7528  loss_heatmap: 0.2922  layer_-1_loss_cls: 0.0718  layer_-1_loss_bbox: 0.3887  matched_ious: 0.5388  sec_per_iter: 0.5284  iters_per_sec: 1.8900  samples_per_sec: 30.2800  samples_per_sec_per_gpu: 7.5700  max_mem_allocated_mb: 143.9000  max_mem_reserved_mb: 11086.0000
04/08 16:39:35 - mmengine - INFO - Epoch(train)  [1][3850/5000]  lr: 8.9886e-05  eta: 8:12:46  time: 0.4487  data_time: 0.0068  memory: 10367  grad_norm: 1.5691  loss: 0.7292  loss_heatmap: 0.2969  layer_-1_loss_cls: 0.0720  layer_-1_loss_bbox: 0.3603  matched_ious: 0.5341  sec_per_iter: 0.5276  iters_per_sec: 1.9000  samples_per_sec: 30.3300  samples_per_sec_per_gpu: 7.5800  max_mem_allocated_mb: 143.9000  max_mem_reserved_mb: 11086.0000
04/08 16:39:58 - mmengine - INFO - Epoch(train)  [1][3900/5000]  lr: 9.0896e-05  eta: 8:11:34  time: 0.4630  data_time: 0.0088  memory: 10439  grad_norm: 1.7105  loss: 0.7067  loss_heatmap: 0.2776  layer_-1_loss_cls: 0.0708  layer_-1_loss_bbox: 0.3582  matched_ious: 0.5774  sec_per_iter: 0.5266  iters_per_sec: 1.9000  samples_per_sec: 30.3800  samples_per_sec_per_gpu: 7.6000  max_mem_allocated_mb: 143.9000  max_mem_reserved_mb: 11086.0000
04/08 16:40:22 - mmengine - INFO - Epoch(train)  [1][3950/5000]  lr: 9.1918e-05  eta: 8:10:30  time: 0.4727  data_time: 0.0067  memory: 10429  grad_norm: 1.7750  loss: 0.7390  loss_heatmap: 0.2987  layer_-1_loss_cls: 0.0736  layer_-1_loss_bbox: 0.3666  matched_ious: 0.5762  sec_per_iter: 0.5258  iters_per_sec: 1.9000  samples_per_sec: 30.4300  samples_per_sec_per_gpu: 7.6100  max_mem_allocated_mb: 143.9000  max_mem_reserved_mb: 11086.0000
04/08 16:40:45 - mmengine - INFO - Exp name: zod_lidar_only_continue_20260408_160451
04/08 16:40:45 - mmengine - INFO - Epoch(train)  [1][4000/5000]  lr: 9.2950e-05  eta: 8:09:20  time: 0.4624  data_time: 0.0075  memory: 10634  grad_norm: 1.6803  loss: 0.7328  loss_heatmap: 0.2900  layer_-1_loss_cls: 0.0711  layer_-1_loss_bbox: 0.3717  matched_ious: 0.5768  sec_per_iter: 0.5251  iters_per_sec: 1.9000  samples_per_sec: 30.4700  samples_per_sec_per_gpu: 7.6200  max_mem_allocated_mb: 143.9000  max_mem_reserved_mb: 11086.0000
04/08 16:41:08 - mmengine - INFO - Epoch(train)  [1][4050/5000]  lr: 9.3994e-05  eta: 8:08:04  time: 0.4523  data_time: 0.0056  memory: 10499  grad_norm: 1.6075  loss: 0.6977  loss_heatmap: 0.2794  layer_-1_loss_cls: 0.0713  layer_-1_loss_bbox: 0.3471  matched_ious: 0.5447  sec_per_iter: 0.5243  iters_per_sec: 1.9100  samples_per_sec: 30.5200  samples_per_sec_per_gpu: 7.6300  max_mem_allocated_mb: 143.9000  max_mem_reserved_mb: 11086.0000
04/08 16:41:30 - mmengine - INFO - Epoch(train)  [1][4100/5000]  lr: 9.5050e-05  eta: 8:06:47  time: 0.4492  data_time: 0.0071  memory: 10456  grad_norm: 1.5615  loss: 0.7539  loss_heatmap: 0.2902  layer_-1_loss_cls: 0.0709  layer_-1_loss_bbox: 0.3928  matched_ious: 0.5419  sec_per_iter: 0.5234  iters_per_sec: 1.9100  samples_per_sec: 30.5700  samples_per_sec_per_gpu: 7.6400  max_mem_allocated_mb: 143.9000  max_mem_reserved_mb: 11086.0000
04/08 16:41:53 - mmengine - INFO - Epoch(train)  [1][4150/5000]  lr: 9.6116e-05  eta: 8:05:38  time: 0.4593  data_time: 0.0067  memory: 10369  grad_norm: 1.6750  loss: 0.7198  loss_heatmap: 0.2825  layer_-1_loss_cls: 0.0674  layer_-1_loss_bbox: 0.3699  matched_ious: 0.5560  sec_per_iter: 0.5225  iters_per_sec: 1.9100  samples_per_sec: 30.6200  samples_per_sec_per_gpu: 7.6600  max_mem_allocated_mb: 143.9000  max_mem_reserved_mb: 11086.0000
04/08 16:42:16 - mmengine - INFO - Epoch(train)  [1][4200/5000]  lr: 9.7193e-05  eta: 8:04:31  time: 0.4594  data_time: 0.0074  memory: 10413  grad_norm: nan  loss: 0.7681  loss_heatmap: 0.3051  layer_-1_loss_cls: 0.0688  layer_-1_loss_bbox: 0.3942  matched_ious: 0.6068  sec_per_iter: 0.5218  iters_per_sec: 1.9200  samples_per_sec: 30.6700  samples_per_sec_per_gpu: 7.6700  max_mem_allocated_mb: 143.9000  max_mem_reserved_mb: 11086.0000
04/08 16:42:40 - mmengine - INFO - Epoch(train)  [1][4250/5000]  lr: 9.8282e-05  eta: 8:03:36  time: 0.4769  data_time: 0.0068  memory: 10525  grad_norm: 1.7011  loss: 0.7161  loss_heatmap: 0.2851  layer_-1_loss_cls: 0.0721  layer_-1_loss_bbox: 0.3589  matched_ious: 0.5227  sec_per_iter: 0.5210  iters_per_sec: 1.9200  samples_per_sec: 30.7100  samples_per_sec_per_gpu: 7.6800  max_mem_allocated_mb: 143.9000  max_mem_reserved_mb: 11086.0000
04/08 16:43:05 - mmengine - INFO - Epoch(train)  [1][4300/5000]  lr: 9.9381e-05  eta: 8:03:05  time: 0.5128  data_time: 0.0064  memory: 10502  grad_norm: 1.6723  loss: 0.7212  loss_heatmap: 0.2845  layer_-1_loss_cls: 0.0681  layer_-1_loss_bbox: 0.3687  matched_ious: 0.6028  sec_per_iter: 0.5205  iters_per_sec: 1.9200  samples_per_sec: 30.7400  samples_per_sec_per_gpu: 7.6900  max_mem_allocated_mb: 143.9000  max_mem_reserved_mb: 11086.0000
04/08 16:43:28 - mmengine - INFO - Epoch(train)  [1][4350/5000]  lr: 1.0049e-04  eta: 8:01:57  time: 0.4558  data_time: 0.0053  memory: 10458  grad_norm: 1.8851  loss: 0.7532  loss_heatmap: 0.2992  layer_-1_loss_cls: 0.0734  layer_-1_loss_bbox: 0.3806  matched_ious: 0.5628  sec_per_iter: 0.5204  iters_per_sec: 1.9200  samples_per_sec: 30.7500  samples_per_sec_per_gpu: 7.6900  max_mem_allocated_mb: 143.9000  max_mem_reserved_mb: 11086.0000
04/08 16:43:55 - mmengine - INFO - Epoch(train)  [1][4400/5000]  lr: 1.0161e-04  eta: 8:01:39  time: 0.5318  data_time: 0.0088  memory: 10434  grad_norm: 1.7462  loss: 0.7913  loss_heatmap: 0.3158  layer_-1_loss_cls: 0.0739  layer_-1_loss_bbox: 0.4017  matched_ious: 0.5794  sec_per_iter: 0.5197  iters_per_sec: 1.9200  samples_per_sec: 30.7900  samples_per_sec_per_gpu: 7.7000  max_mem_allocated_mb: 143.9000  max_mem_reserved_mb: 11086.0000
04/08 16:44:16 - mmengine - INFO - Epoch(train)  [1][4450/5000]  lr: 1.0274e-04  eta: 8:00:16  time: 0.4282  data_time: 0.0079  memory: 10556  grad_norm: 1.5482  loss: 0.7355  loss_heatmap: 0.2957  layer_-1_loss_cls: 0.0710  layer_-1_loss_bbox: 0.3688  matched_ious: 0.5598  sec_per_iter: 0.5198  iters_per_sec: 1.9200  samples_per_sec: 30.7800  samples_per_sec_per_gpu: 7.7000  max_mem_allocated_mb: 143.9000  max_mem_reserved_mb: 11086.0000
04/08 16:44:42 - mmengine - INFO - Epoch(train)  [1][4500/5000]  lr: 1.0389e-04  eta: 7:59:44  time: 0.5094  data_time: 0.0070  memory: 10487  grad_norm: 1.7519  loss: 0.7830  loss_heatmap: 0.3096  layer_-1_loss_cls: 0.0727  layer_-1_loss_bbox: 0.4007  matched_ious: 0.5111  sec_per_iter: 0.5188  iters_per_sec: 1.9300  samples_per_sec: 30.8400  samples_per_sec_per_gpu: 7.7100  max_mem_allocated_mb: 143.9000  max_mem_reserved_mb: 11086.0000
04/08 16:45:04 - mmengine - INFO - Epoch(train)  [1][4550/5000]  lr: 1.0504e-04  eta: 7:58:39  time: 0.4541  data_time: 0.0054  memory: 10459  grad_norm: 1.5639  loss: 0.7447  loss_heatmap: 0.2942  layer_-1_loss_cls: 0.0673  layer_-1_loss_bbox: 0.3833  matched_ious: 0.5463  sec_per_iter: 0.5187  iters_per_sec: 1.9300  samples_per_sec: 30.8500  samples_per_sec_per_gpu: 7.7100  max_mem_allocated_mb: 143.9000  max_mem_reserved_mb: 11086.0000
04/08 16:45:28 - mmengine - INFO - Epoch(train)  [1][4600/5000]  lr: 1.0620e-04  eta: 7:57:40  time: 0.4622  data_time: 0.0060  memory: 10527  grad_norm: 1.7040  loss: 0.7477  loss_heatmap: 0.2926  layer_-1_loss_cls: 0.0667  layer_-1_loss_bbox: 0.3885  matched_ious: 0.5343  sec_per_iter: 0.5180  iters_per_sec: 1.9300  samples_per_sec: 30.8900  samples_per_sec_per_gpu: 7.7200  max_mem_allocated_mb: 143.9000  max_mem_reserved_mb: 11086.0000
04/08 16:45:51 - mmengine - INFO - Epoch(train)  [1][4650/5000]  lr: 1.0738e-04  eta: 7:56:44  time: 0.4668  data_time: 0.0087  memory: 10422  grad_norm: 1.5886  loss: 0.7714  loss_heatmap: 0.3078  layer_-1_loss_cls: 0.0722  layer_-1_loss_bbox: 0.3915  matched_ious: 0.5417  sec_per_iter: 0.5174  iters_per_sec: 1.9300  samples_per_sec: 30.9300  samples_per_sec_per_gpu: 7.7300  max_mem_allocated_mb: 143.9000  max_mem_reserved_mb: 11086.0000
04/08 16:46:15 - mmengine - INFO - Epoch(train)  [1][4700/5000]  lr: 1.0856e-04  eta: 7:55:57  time: 0.4807  data_time: 0.0077  memory: 10506  grad_norm: 1.6597  loss: 0.7109  loss_heatmap: 0.2904  layer_-1_loss_cls: 0.0695  layer_-1_loss_bbox: 0.3510  matched_ious: 0.5930  sec_per_iter: 0.5168  iters_per_sec: 1.9300  samples_per_sec: 30.9600  samples_per_sec_per_gpu: 7.7400  max_mem_allocated_mb: 143.9000  max_mem_reserved_mb: 11086.0000
04/08 16:46:38 - mmengine - INFO - Epoch(train)  [1][4750/5000]  lr: 1.0975e-04  eta: 7:55:01  time: 0.4649  data_time: 0.0090  memory: 10443  grad_norm: 1.7207  loss: 0.7529  loss_heatmap: 0.3102  layer_-1_loss_cls: 0.0719  layer_-1_loss_bbox: 0.3707  matched_ious: 0.5772  sec_per_iter: 0.5164  iters_per_sec: 1.9400  samples_per_sec: 30.9800  samples_per_sec_per_gpu: 7.7500  max_mem_allocated_mb: 143.9000  max_mem_reserved_mb: 11086.0000
04/08 16:47:04 - mmengine - INFO - Epoch(train)  [1][4800/5000]  lr: 1.1096e-04  eta: 7:54:37  time: 0.5196  data_time: 0.0086  memory: 10683  grad_norm: 1.6325  loss: 0.7299  loss_heatmap: 0.2837  layer_-1_loss_cls: 0.0671  layer_-1_loss_bbox: 0.3790  matched_ious: 0.5672  sec_per_iter: 0.5159  iters_per_sec: 1.9400  samples_per_sec: 31.0100  samples_per_sec_per_gpu: 7.7500  max_mem_allocated_mb: 143.9000  max_mem_reserved_mb: 11086.0000
04/08 16:47:28 - mmengine - INFO - Epoch(train)  [1][4850/5000]  lr: 1.1217e-04  eta: 7:53:48  time: 0.4742  data_time: 0.0071  memory: 10362  grad_norm: 1.7001  loss: 0.7389  loss_heatmap: 0.3040  layer_-1_loss_cls: 0.0736  layer_-1_loss_bbox: 0.3613  matched_ious: 0.5789  sec_per_iter: 0.5159  iters_per_sec: 1.9400  samples_per_sec: 31.0100  samples_per_sec_per_gpu: 7.7500  max_mem_allocated_mb: 143.9000  max_mem_reserved_mb: 11086.0000
04/08 16:47:53 - mmengine - INFO - Epoch(train)  [1][4900/5000]  lr: 1.1340e-04  eta: 7:53:20  time: 0.5116  data_time: 0.0100  memory: 10487  grad_norm: 1.5123  loss: 0.7207  loss_heatmap: 0.2967  layer_-1_loss_cls: 0.0702  layer_-1_loss_bbox: 0.3538  matched_ious: 0.5580  sec_per_iter: 0.5155  iters_per_sec: 1.9400  samples_per_sec: 31.0400  samples_per_sec_per_gpu: 7.7600  max_mem_allocated_mb: 143.9000  max_mem_reserved_mb: 11086.0000
04/08 16:48:20 - mmengine - INFO - Epoch(train)  [1][4950/5000]  lr: 1.1463e-04  eta: 7:53:00  time: 0.5260  data_time: 0.0129  memory: 10465  grad_norm: 1.6314  loss: 0.6769  loss_heatmap: 0.2737  layer_-1_loss_cls: 0.0652  layer_-1_loss_bbox: 0.3379  matched_ious: 0.5837  sec_per_iter: 0.5155  iters_per_sec: 1.9400  samples_per_sec: 31.0400  samples_per_sec_per_gpu: 7.7600  max_mem_allocated_mb: 143.9000  max_mem_reserved_mb: 11086.0000
04/08 16:48:45 - mmengine - INFO - Exp name: zod_lidar_only_continue_20260408_160451
04/08 16:48:45 - mmengine - INFO - Epoch(train)  [1][5000/5000]  lr: 1.1588e-04  eta: 7:52:24  time: 0.4974  data_time: 0.0082  memory: 10517  grad_norm: 1.6764  loss: 0.7097  loss_heatmap: 0.2741  layer_-1_loss_cls: 0.0707  layer_-1_loss_bbox: 0.3650  matched_ious: 0.5815  sec_per_iter: 0.5156  iters_per_sec: 1.9400  samples_per_sec: 31.0300  samples_per_sec_per_gpu: 7.7600  max_mem_allocated_mb: 143.9000  max_mem_reserved_mb: 11086.0000
04/08 16:48:45 - mmengine - INFO - [Efficiency] Epoch 1: wall=2576.9s  iters=5000  sec/iter=0.515  mem_alloc=144MB  mem_rsv=11086MB
04/08 16:49:03 - mmengine - INFO - Saved /home/users/u103958/projects/multimodal-MoE/outputs/runs/zod_lidar_only_continue/zod-lidar-continue_4459870/visualizations/bev_before_backbone_epoch_1.png
04/08 16:49:04 - mmengine - INFO - Saved /home/users/u103958/projects/multimodal-MoE/outputs/runs/zod_lidar_only_continue/zod-lidar-continue_4459870/visualizations/bev_after_fpn_epoch_1.png
04/08 16:49:07 - mmengine - INFO - Saved /home/users/u103958/projects/multimodal-MoE/outputs/runs/zod_lidar_only_continue/zod-lidar-continue_4459870/visualizations/bev_pred_vs_gt_epoch_1.png  (GT=16, pred=17, max_score=0.764)
04/08 16:49:08 - mmengine - INFO - Saved /home/users/u103958/projects/multimodal-MoE/outputs/runs/zod_lidar_only_continue/zod-lidar-continue_4459870/visualizations/bev_val_pred_vs_gt_epoch_1.png  (GT=25, pred=21, max_score=0.808)
04/08 16:49:16 - mmengine - INFO - Epoch(val)  [1][  50/1250]    eta: 0:03:18  time: 0.1654  data_time: 0.0199  memory: 2447  
04/08 16:49:23 - mmengine - INFO - Epoch(val)  [1][ 100/1250]    eta: 0:02:59  time: 0.1461  data_time: 0.0027  memory: 2447  
04/08 16:49:30 - mmengine - INFO - Epoch(val)  [1][ 150/1250]    eta: 0:02:41  time: 0.1283  data_time: 0.0016  memory: 2447  
04/08 16:49:37 - mmengine - INFO - Epoch(val)  [1][ 200/1250]    eta: 0:02:32  time: 0.1414  data_time: 0.0022  memory: 2447  
04/08 16:49:44 - mmengine - INFO - Epoch(val)  [1][ 250/1250]    eta: 0:02:24  time: 0.1407  data_time: 0.0034  memory: 2447  
04/08 16:49:51 - mmengine - INFO - Epoch(val)  [1][ 300/1250]    eta: 0:02:15  time: 0.1324  data_time: 0.0017  memory: 2447  
04/08 16:49:58 - mmengine - INFO - Epoch(val)  [1][ 350/1250]    eta: 0:02:08  time: 0.1431  data_time: 0.0021  memory: 2447  
04/08 16:50:04 - mmengine - INFO - Epoch(val)  [1][ 400/1250]    eta: 0:01:59  time: 0.1305  data_time: 0.0019  memory: 2447  
04/08 16:50:11 - mmengine - INFO - Epoch(val)  [1][ 450/1250]    eta: 0:01:52  time: 0.1328  data_time: 0.0023  memory: 2447  
04/08 16:50:19 - mmengine - INFO - Epoch(val)  [1][ 500/1250]    eta: 0:01:45  time: 0.1508  data_time: 0.0022  memory: 2447  
04/08 16:50:25 - mmengine - INFO - Epoch(val)  [1][ 550/1250]    eta: 0:01:38  time: 0.1388  data_time: 0.0021  memory: 2447  
04/08 16:50:32 - mmengine - INFO - Epoch(val)  [1][ 600/1250]    eta: 0:01:31  time: 0.1331  data_time: 0.0019  memory: 2447  
04/08 16:50:39 - mmengine - INFO - Epoch(val)  [1][ 650/1250]    eta: 0:01:23  time: 0.1330  data_time: 0.0023  memory: 2447  
04/08 16:50:46 - mmengine - INFO - Epoch(val)  [1][ 700/1250]    eta: 0:01:16  time: 0.1414  data_time: 0.0025  memory: 2447  
04/08 16:50:52 - mmengine - INFO - Epoch(val)  [1][ 750/1250]    eta: 0:01:09  time: 0.1227  data_time: 0.0029  memory: 2447  
04/08 16:50:59 - mmengine - INFO - Epoch(val)  [1][ 800/1250]    eta: 0:01:02  time: 0.1392  data_time: 0.0030  memory: 2447  
04/08 16:51:06 - mmengine - INFO - Epoch(val)  [1][ 850/1250]    eta: 0:00:55  time: 0.1362  data_time: 0.0015  memory: 2447  
04/08 16:51:12 - mmengine - INFO - Epoch(val)  [1][ 900/1250]    eta: 0:00:48  time: 0.1301  data_time: 0.0015  memory: 2447  
04/08 16:51:19 - mmengine - INFO - Epoch(val)  [1][ 950/1250]    eta: 0:00:41  time: 0.1274  data_time: 0.0023  memory: 2447  
04/08 16:51:25 - mmengine - INFO - Epoch(val)  [1][1000/1250]    eta: 0:00:34  time: 0.1323  data_time: 0.0014  memory: 2447  
04/08 16:51:32 - mmengine - INFO - Epoch(val)  [1][1050/1250]    eta: 0:00:27  time: 0.1301  data_time: 0.0022  memory: 2446  
04/08 16:51:38 - mmengine - INFO - Epoch(val)  [1][1100/1250]    eta: 0:00:20  time: 0.1285  data_time: 0.0015  memory: 2446  
04/08 16:51:45 - mmengine - INFO - Epoch(val)  [1][1150/1250]    eta: 0:00:13  time: 0.1268  data_time: 0.0015  memory: 2447  
04/08 16:51:51 - mmengine - INFO - Epoch(val)  [1][1200/1250]    eta: 0:00:06  time: 0.1345  data_time: 0.0026  memory: 2447  
04/08 16:51:57 - mmengine - INFO - Epoch(val)  [1][1250/1250]    eta: 0:00:00  time: 0.1241  data_time: 0.0016  memory: 2447  
04/08 16:53:16 - mmengine - INFO - 
+------------+---------+---------+---------+---------+
| classes    | AP_0.25 | AR_0.25 | AP_0.50 | AR_0.50 |
+------------+---------+---------+---------+---------+
| pedestrian | 0.7537  | 0.9357  | 0.5361  | 0.7148  |
+------------+---------+---------+---------+---------+
| Overall    | 0.7537  | 0.9357  | 0.5361  | 0.7148  |
+------------+---------+---------+---------+---------+
04/08 16:53:39 - mmengine - INFO - 
+------------+---------+---------+---------+---------+---------+---------+
| classes    | AP_0.5m | AR_0.5m | AP_1.0m | AR_1.0m | AP_2.0m | AR_2.0m |
+------------+---------+---------+---------+---------+---------+---------+
| pedestrian | 0.7709  | 0.9601  | 0.7784  | 0.9662  | 0.7836  | 0.9702  |
+------------+---------+---------+---------+---------+---------+---------+
| Overall    | 0.7709  | 0.9601  | 0.7784  | 0.9662  | 0.7836  | 0.9702  |
+------------+---------+---------+---------+---------+---------+---------+
04/08 16:53:40 - mmengine - INFO - Epoch(val) [1][1250/1250]    pedestrian_AP_0.25: 0.7537  mAP_0.25: 0.7537  pedestrian_rec_0.25: 0.9357  mAR_0.25: 0.9357  pedestrian_AP_0.50: 0.5361  mAP_0.50: 0.5361  pedestrian_rec_0.50: 0.7148  mAR_0.50: 0.7148  pedestrian_AP_0.5m: 0.7709  pedestrian_rec_0.5m: 0.9601  pedestrian_AP_1.0m: 0.7784  pedestrian_rec_1.0m: 0.9662  pedestrian_AP_2.0m: 0.7836  pedestrian_rec_2.0m: 0.9702  mAP_0.5m: 0.7709  mAR_0.5m: 0.9601  mAP_1.0m: 0.7784  mAR_1.0m: 0.9662  mAP_2.0m: 0.7836  mAR_2.0m: 0.9702  data_time: 0.0028  time: 0.1356
04/08 16:53:43 - mmengine - INFO - The best checkpoint with 0.5361 mAP_0.50 at 1 epoch is saved to best_mAP_0.50_epoch_1.pth.
04/08 16:54:07 - mmengine - INFO - Epoch(train)  [2][  50/5000]  lr: 1.1713e-04  eta: 7:51:42  time: 0.4848  data_time: 0.0089  memory: 10521  grad_norm: 1.6823  loss: 0.7290  loss_heatmap: 0.2940  layer_-1_loss_cls: 0.0721  layer_-1_loss_bbox: 0.3630  matched_ious: 0.5888  sec_per_iter: 0.5154  iters_per_sec: 1.9400  samples_per_sec: 31.0400  samples_per_sec_per_gpu: 7.7600  max_mem_allocated_mb: 143.9000  max_mem_reserved_mb: 11086.0000
04/08 16:54:31 - mmengine - INFO - Epoch(train)  [2][ 100/5000]  lr: 1.1839e-04  eta: 7:50:55  time: 0.4762  data_time: 0.0078  memory: 10391  grad_norm: 1.6226  loss: 0.7130  loss_heatmap: 0.2927  layer_-1_loss_cls: 0.0724  layer_-1_loss_bbox: 0.3479  matched_ious: 0.5733  sec_per_iter: 0.4868  iters_per_sec: 2.0500  samples_per_sec: 32.8700  samples_per_sec_per_gpu: 8.2200  max_mem_allocated_mb: 143.9000  max_mem_reserved_mb: 11086.0000
04/08 16:54:57 - mmengine - INFO - Epoch(train)  [2][ 150/5000]  lr: 1.1967e-04  eta: 7:50:39  time: 0.5321  data_time: 0.0085  memory: 10476  grad_norm: 1.5858  loss: 0.7188  loss_heatmap: 0.2843  layer_-1_loss_cls: 0.0682  layer_-1_loss_bbox: 0.3663  matched_ious: 0.5861  sec_per_iter: 0.4812  iters_per_sec: 2.0800  samples_per_sec: 33.2500  samples_per_sec_per_gpu: 8.3100  max_mem_allocated_mb: 143.9000  max_mem_reserved_mb: 11086.0000
04/08 16:55:21 - mmengine - INFO - Epoch(train)  [2][ 200/5000]  lr: 1.2095e-04  eta: 7:49:52  time: 0.4758  data_time: 0.0095  memory: 10429  grad_norm: 1.5130  loss: 0.7636  loss_heatmap: 0.2898  layer_-1_loss_cls: 0.0692  layer_-1_loss_bbox: 0.4046  matched_ious: 0.5594  sec_per_iter: 0.4983  iters_per_sec: 2.0100  samples_per_sec: 32.1100  samples_per_sec_per_gpu: 8.0300  max_mem_allocated_mb: 143.9000  max_mem_reserved_mb: 11086.0000
04/08 16:55:50 - mmengine - INFO - Epoch(train)  [2][ 250/5000]  lr: 1.2224e-04  eta: 7:50:01  time: 0.5807  data_time: 0.0099  memory: 10399  grad_norm: 1.8572  loss: 0.7538  loss_heatmap: 0.2943  layer_-1_loss_cls: 0.0734  layer_-1_loss_bbox: 0.3861  matched_ious: 0.5689  sec_per_iter: 0.4928  iters_per_sec: 2.0300  samples_per_sec: 32.4700  samples_per_sec_per_gpu: 8.1200  max_mem_allocated_mb: 143.9000  max_mem_reserved_mb: 11086.0000
04/08 16:56:16 - mmengine - INFO - Epoch(train)  [2][ 300/5000]  lr: 1.2355e-04  eta: 7:49:32  time: 0.5088  data_time: 0.0124  memory: 10287  grad_norm: 1.5922  loss: 0.6781  loss_heatmap: 0.2728  layer_-1_loss_cls: 0.0686  layer_-1_loss_bbox: 0.3366  matched_ious: 0.5725  sec_per_iter: 0.5105  iters_per_sec: 1.9600  samples_per_sec: 31.3400  samples_per_sec_per_gpu: 7.8300  max_mem_allocated_mb: 143.9000  max_mem_reserved_mb: 11086.0000
04/08 16:56:41 - mmengine - INFO - Epoch(train)  [2][ 350/5000]  lr: 1.2486e-04  eta: 7:48:59  time: 0.5006  data_time: 0.0067  memory: 10624  grad_norm: 1.6013  loss: 0.7625  loss_heatmap: 0.3001  layer_-1_loss_cls: 0.0710  layer_-1_loss_bbox: 0.3915  matched_ious: 0.5690  sec_per_iter: 0.5099  iters_per_sec: 1.9600  samples_per_sec: 31.3800  samples_per_sec_per_gpu: 7.8400  max_mem_allocated_mb: 143.9000  max_mem_reserved_mb: 11086.0000
04/08 16:57:08 - mmengine - INFO - Epoch(train)  [2][ 400/5000]  lr: 1.2618e-04  eta: 7:48:45  time: 0.5385  data_time: 0.0083  memory: 10445  grad_norm: 1.6281  loss: 0.7101  loss_heatmap: 0.2870  layer_-1_loss_cls: 0.0701  layer_-1_loss_bbox: 0.3531  matched_ious: 0.5519  sec_per_iter: 0.5088  iters_per_sec: 1.9700  samples_per_sec: 31.4500  samples_per_sec_per_gpu: 7.8600  max_mem_allocated_mb: 143.9000  max_mem_reserved_mb: 11086.0000
04/08 16:57:30 - mmengine - INFO - Epoch(train)  [2][ 450/5000]  lr: 1.2751e-04  eta: 7:47:46  time: 0.4480  data_time: 0.0093  memory: 10405  grad_norm: 1.6876  loss: 0.7062  loss_heatmap: 0.2827  layer_-1_loss_cls: 0.0721  layer_-1_loss_bbox: 0.3514  matched_ious: 0.5737  sec_per_iter: 0.5123  iters_per_sec: 1.9500  samples_per_sec: 31.2300  samples_per_sec_per_gpu: 7.8100  max_mem_allocated_mb: 143.9000  max_mem_reserved_mb: 11086.0000
04/08 16:57:53 - mmengine - INFO - Epoch(train)  [2][ 500/5000]  lr: 1.2885e-04  eta: 7:46:53  time: 0.4604  data_time: 0.0071  memory: 10278  grad_norm: 1.7360  loss: 0.7461  loss_heatmap: 0.2984  layer_-1_loss_cls: 0.0716  layer_-1_loss_bbox: 0.3760  matched_ious: 0.5729  sec_per_iter: 0.5052  iters_per_sec: 1.9800  samples_per_sec: 31.6700  samples_per_sec_per_gpu: 7.9200  max_mem_allocated_mb: 143.9000  max_mem_reserved_mb: 11086.0000
04/08 16:58:17 - mmengine - INFO - Epoch(train)  [2][ 550/5000]  lr: 1.3020e-04  eta: 7:46:10  time: 0.4776  data_time: 0.0086  memory: 10382  grad_norm: 1.6866  loss: 0.7211  loss_heatmap: 0.2816  layer_-1_loss_cls: 0.0694  layer_-1_loss_bbox: 0.3701  matched_ious: 0.5558  sec_per_iter: 0.5007  iters_per_sec: 2.0000  samples_per_sec: 31.9600  samples_per_sec_per_gpu: 7.9900  max_mem_allocated_mb: 143.9000  max_mem_reserved_mb: 11086.0000
04/08 16:58:40 - mmengine - INFO - Epoch(train)  [2][ 600/5000]  lr: 1.3155e-04  eta: 7:45:16  time: 0.4550  data_time: 0.0082  memory: 10300  grad_norm: 1.5860  loss: 0.7042  loss_heatmap: 0.2706  layer_-1_loss_cls: 0.0635  layer_-1_loss_bbox: 0.3701  matched_ious: 0.5655  sec_per_iter: 0.4986  iters_per_sec: 2.0100  samples_per_sec: 32.0900  samples_per_sec_per_gpu: 8.0200  max_mem_allocated_mb: 143.9000  max_mem_reserved_mb: 11086.0000
04/08 16:59:03 - mmengine - INFO - Epoch(train)  [2][ 650/5000]  lr: 1.3292e-04  eta: 7:44:30  time: 0.4718  data_time: 0.0089  memory: 10428  grad_norm: 1.7402  loss: 0.7647  loss_heatmap: 0.3043  layer_-1_loss_cls: 0.0716  layer_-1_loss_bbox: 0.3888  matched_ious: 0.5975  sec_per_iter: 0.4950  iters_per_sec: 2.0200  samples_per_sec: 32.3200  samples_per_sec_per_gpu: 8.0800  max_mem_allocated_mb: 143.9000  max_mem_reserved_mb: 11086.0000
04/08 16:59:29 - mmengine - INFO - Epoch(train)  [2][ 700/5000]  lr: 1.3429e-04  eta: 7:44:09  time: 0.5225  data_time: 0.0099  memory: 10502  grad_norm: 1.7182  loss: 0.7359  loss_heatmap: 0.2845  layer_-1_loss_cls: 0.0699  layer_-1_loss_bbox: 0.3815  matched_ious: 0.5727  sec_per_iter: 0.4931  iters_per_sec: 2.0300  samples_per_sec: 32.4500  samples_per_sec_per_gpu: 8.1100  max_mem_allocated_mb: 143.9000  max_mem_reserved_mb: 11086.0000
04/08 16:59:56 - mmengine - INFO - Epoch(train)  [2][ 750/5000]  lr: 1.3568e-04  eta: 7:43:51  time: 0.5298  data_time: 0.0104  memory: 10370  grad_norm: 1.8461  loss: 0.7187  loss_heatmap: 0.2862  layer_-1_loss_cls: 0.0642  layer_-1_loss_bbox: 0.3683  matched_ious: 0.6196  sec_per_iter: 0.4953  iters_per_sec: 2.0200  samples_per_sec: 32.3000  samples_per_sec_per_gpu: 8.0800  max_mem_allocated_mb: 143.9000  max_mem_reserved_mb: 11086.0000
04/08 17:00:20 - mmengine - INFO - Epoch(train)  [2][ 800/5000]  lr: 1.3707e-04  eta: 7:43:15  time: 0.4905  data_time: 0.0070  memory: 10385  grad_norm: 1.7572  loss: 0.7497  loss_heatmap: 0.3009  layer_-1_loss_cls: 0.0733  layer_-1_loss_bbox: 0.3754  matched_ious: 0.5627  sec_per_iter: 0.4976  iters_per_sec: 2.0100  samples_per_sec: 32.1600  samples_per_sec_per_gpu: 8.0400  max_mem_allocated_mb: 143.9000  max_mem_reserved_mb: 11086.0000
04/08 17:00:42 - mmengine - INFO - Epoch(train)  [2][ 850/5000]  lr: 1.3847e-04  eta: 7:42:14  time: 0.4371  data_time: 0.0071  memory: 10403  grad_norm: 1.7779  loss: 0.7217  loss_heatmap: 0.2866  layer_-1_loss_cls: 0.0708  layer_-1_loss_bbox: 0.3644  matched_ious: 0.5883  sec_per_iter: 0.4971  iters_per_sec: 2.0100  samples_per_sec: 32.1900  samples_per_sec_per_gpu: 8.0500  max_mem_allocated_mb: 143.9000  max_mem_reserved_mb: 11086.0000
04/08 17:01:07 - mmengine - INFO - Epoch(train)  [2][ 900/5000]  lr: 1.3988e-04  eta: 7:41:40  time: 0.4919  data_time: 0.0096  memory: 10354  grad_norm: 1.7437  loss: 0.7753  loss_heatmap: 0.3045  layer_-1_loss_cls: 0.0718  layer_-1_loss_bbox: 0.3990  matched_ious: 0.5393  sec_per_iter: 0.4936  iters_per_sec: 2.0300  samples_per_sec: 32.4100  samples_per_sec_per_gpu: 8.1000  max_mem_allocated_mb: 143.9000  max_mem_reserved_mb: 11086.0000
04/08 17:01:33 - mmengine - INFO - Epoch(train)  [2][ 950/5000]  lr: 1.4129e-04  eta: 7:41:19  time: 0.5221  data_time: 0.0094  memory: 10515  grad_norm: 1.7241  loss: 0.7299  loss_heatmap: 0.2982  layer_-1_loss_cls: 0.0728  layer_-1_loss_bbox: 0.3588  matched_ious: 0.5511  sec_per_iter: 0.4936  iters_per_sec: 2.0300  samples_per_sec: 32.4100  samples_per_sec_per_gpu: 8.1000  max_mem_allocated_mb: 143.9000  max_mem_reserved_mb: 11086.0000
04/08 17:02:00 - mmengine - INFO - Exp name: zod_lidar_only_continue_20260408_160451
04/08 17:02:00 - mmengine - INFO - Epoch(train)  [2][1000/5000]  lr: 1.4272e-04  eta: 7:41:05  time: 0.5393  data_time: 0.0073  memory: 10497  grad_norm: 1.6858  loss: 0.7260  loss_heatmap: 0.2899  layer_-1_loss_cls: 0.0721  layer_-1_loss_bbox: 0.3640  matched_ious: 0.6204  sec_per_iter: 0.4950  iters_per_sec: 2.0200  samples_per_sec: 32.3200  samples_per_sec_per_gpu: 8.0800  max_mem_allocated_mb: 143.9000  max_mem_reserved_mb: 11086.0000
04/08 17:02:23 - mmengine - INFO - Epoch(train)  [2][1050/5000]  lr: 1.4415e-04  eta: 7:40:21  time: 0.4705  data_time: 0.0077  memory: 10576  grad_norm: 1.5934  loss: 0.7109  loss_heatmap: 0.2826  layer_-1_loss_cls: 0.0720  layer_-1_loss_bbox: 0.3563  matched_ious: 0.5724  sec_per_iter: 0.4972  iters_per_sec: 2.0100  samples_per_sec: 32.1800  samples_per_sec_per_gpu: 8.0400  max_mem_allocated_mb: 143.9000  max_mem_reserved_mb: 11086.0000
04/08 17:02:46 - mmengine - INFO - Epoch(train)  [2][1100/5000]  lr: 1.4559e-04  eta: 7:39:31  time: 0.4578  data_time: 0.0068  memory: 10317  grad_norm: 1.8242  loss: 0.7737  loss_heatmap: 0.3113  layer_-1_loss_cls: 0.0749  layer_-1_loss_bbox: 0.3876  matched_ious: 0.5522  sec_per_iter: 0.4960  iters_per_sec: 2.0200  samples_per_sec: 32.2600  samples_per_sec_per_gpu: 8.0700  max_mem_allocated_mb: 143.9000  max_mem_reserved_mb: 11086.0000
04/08 17:03:10 - mmengine - INFO - Epoch(train)  [2][1150/5000]  lr: 1.4704e-04  eta: 7:38:50  time: 0.4755  data_time: 0.0084  memory: 10328  grad_norm: 1.7557  loss: 0.7415  loss_heatmap: 0.3031  layer_-1_loss_cls: 0.0741  layer_-1_loss_bbox: 0.3643  matched_ious: 0.5746  sec_per_iter: 0.4942  iters_per_sec: 2.0200  samples_per_sec: 32.3800  samples_per_sec_per_gpu: 8.0900  max_mem_allocated_mb: 143.9000  max_mem_reserved_mb: 11086.0000
04/08 17:03:34 - mmengine - INFO - Epoch(train)  [2][1200/5000]  lr: 1.4850e-04  eta: 7:38:06  time: 0.4693  data_time: 0.0064  memory: 10507  grad_norm: 1.6708  loss: 0.7191  loss_heatmap: 0.2913  layer_-1_loss_cls: 0.0759  layer_-1_loss_bbox: 0.3519  matched_ious: 0.6115  sec_per_iter: 0.4934  iters_per_sec: 2.0300  samples_per_sec: 32.4300  samples_per_sec_per_gpu: 8.1100  max_mem_allocated_mb: 143.9000  max_mem_reserved_mb: 11086.0000
04/08 17:03:59 - mmengine - INFO - Epoch(train)  [2][1250/5000]  lr: 1.4997e-04  eta: 7:37:42  time: 0.5143  data_time: 0.0115  memory: 10546  grad_norm: 1.5639  loss: 0.7103  loss_heatmap: 0.2875  layer_-1_loss_cls: 0.0718  layer_-1_loss_bbox: 0.3510  matched_ious: 0.5443  sec_per_iter: 0.4924  iters_per_sec: 2.0300  samples_per_sec: 32.4900  samples_per_sec_per_gpu: 8.1200  max_mem_allocated_mb: 143.9000  max_mem_reserved_mb: 11086.0000
04/08 17:04:24 - mmengine - INFO - Epoch(train)  [2][1300/5000]  lr: 1.5144e-04  eta: 7:37:12  time: 0.5006  data_time: 0.0091  memory: 10443  grad_norm: 1.6802  loss: 0.7325  loss_heatmap: 0.2903  layer_-1_loss_cls: 0.0668  layer_-1_loss_bbox: 0.3754  matched_ious: 0.5719  sec_per_iter: 0.4933  iters_per_sec: 2.0300  samples_per_sec: 32.4400  samples_per_sec_per_gpu: 8.1100  max_mem_allocated_mb: 143.9000  max_mem_reserved_mb: 11086.0000
04/08 17:04:48 - mmengine - INFO - Epoch(train)  [2][1350/5000]  lr: 1.5292e-04  eta: 7:36:32  time: 0.4771  data_time: 0.0086  memory: 10459  grad_norm: 1.6027  loss: 0.7386  loss_heatmap: 0.2939  layer_-1_loss_cls: 0.0683  layer_-1_loss_bbox: 0.3764  matched_ious: 0.5937  sec_per_iter: 0.4936  iters_per_sec: 2.0300  samples_per_sec: 32.4200  samples_per_sec_per_gpu: 8.1000  max_mem_allocated_mb: 143.9000  max_mem_reserved_mb: 11086.0000
04/08 17:05:12 - mmengine - INFO - Epoch(train)  [2][1400/5000]  lr: 1.5441e-04  eta: 7:35:50  time: 0.4696  data_time: 0.0122  memory: 10365  grad_norm: 1.6667  loss: 0.7644  loss_heatmap: 0.2975  layer_-1_loss_cls: 0.0721  layer_-1_loss_bbox: 0.3948  matched_ious: 0.5712  sec_per_iter: 0.4930  iters_per_sec: 2.0300  samples_per_sec: 32.4500  samples_per_sec_per_gpu: 8.1100  max_mem_allocated_mb: 143.9000  max_mem_reserved_mb: 11086.0000
04/08 17:05:35 - mmengine - INFO - Epoch(train)  [2][1450/5000]  lr: 1.5590e-04  eta: 7:35:09  time: 0.4744  data_time: 0.0079  memory: 10514  grad_norm: 1.5961  loss: 0.7257  loss_heatmap: 0.2999  layer_-1_loss_cls: 0.0760  layer_-1_loss_bbox: 0.3498  matched_ious: 0.6096  sec_per_iter: 0.4921  iters_per_sec: 2.0300  samples_per_sec: 32.5100  samples_per_sec_per_gpu: 8.1300  max_mem_allocated_mb: 143.9000  max_mem_reserved_mb: 11086.0000
04/08 17:05:59 - mmengine - INFO - Epoch(train)  [2][1500/5000]  lr: 1.5741e-04  eta: 7:34:28  time: 0.4719  data_time: 0.0072  memory: 10327  grad_norm: 1.6233  loss: 0.7607  loss_heatmap: 0.3057  layer_-1_loss_cls: 0.0708  layer_-1_loss_bbox: 0.3842  matched_ious: 0.5844  sec_per_iter: 0.4915  iters_per_sec: 2.0300  samples_per_sec: 32.5500  samples_per_sec_per_gpu: 8.1400  max_mem_allocated_mb: 143.9000  max_mem_reserved_mb: 11086.0000
04/08 17:06:24 - mmengine - INFO - Epoch(train)  [2][1550/5000]  lr: 1.5892e-04  eta: 7:34:01  time: 0.5066  data_time: 0.0063  memory: 10545  grad_norm: 1.7191  loss: 0.7557  loss_heatmap: 0.3026  layer_-1_loss_cls: 0.0701  layer_-1_loss_bbox: 0.3830  matched_ious: 0.5982  sec_per_iter: 0.4909  iters_per_sec: 2.0400  samples_per_sec: 32.6000  samples_per_sec_per_gpu: 8.1500  max_mem_allocated_mb: 143.9000  max_mem_reserved_mb: 11086.0000
04/08 17:06:49 - mmengine - INFO - Epoch(train)  [2][1600/5000]  lr: 1.6044e-04  eta: 7:33:31  time: 0.4972  data_time: 0.0088  memory: 10312  grad_norm: 1.7178  loss: 0.7692  loss_heatmap: 0.3081  layer_-1_loss_cls: 0.0727  layer_-1_loss_bbox: 0.3885  matched_ious: 0.5686  sec_per_iter: 0.4914  iters_per_sec: 2.0400  samples_per_sec: 32.5600  samples_per_sec_per_gpu: 8.1400  max_mem_allocated_mb: 143.9000  max_mem_reserved_mb: 11086.0000
04/08 17:07:13 - mmengine - INFO - Epoch(train)  [2][1650/5000]  lr: 1.6196e-04  eta: 7:32:51  time: 0.4737  data_time: 0.0096  memory: 10352  grad_norm: 1.6160  loss: 0.7275  loss_heatmap: 0.3019  layer_-1_loss_cls: 0.0776  layer_-1_loss_bbox: 0.3480  matched_ious: 0.5717  sec_per_iter: 0.4916  iters_per_sec: 2.0300  samples_per_sec: 32.5500  samples_per_sec_per_gpu: 8.1400  max_mem_allocated_mb: 143.9000  max_mem_reserved_mb: 11086.0000
04/08 17:07:37 - mmengine - INFO - Epoch(train)  [2][1700/5000]  lr: 1.6349e-04  eta: 7:32:16  time: 0.4843  data_time: 0.0090  memory: 10423  grad_norm: 1.6795  loss: 0.7285  loss_heatmap: 0.2872  layer_-1_loss_cls: 0.0717  layer_-1_loss_bbox: 0.3696  matched_ious: 0.5536  sec_per_iter: 0.4910  iters_per_sec: 2.0400  samples_per_sec: 32.5900  samples_per_sec_per_gpu: 8.1500  max_mem_allocated_mb: 143.9000  max_mem_reserved_mb: 11086.0000
04/08 17:08:01 - mmengine - INFO - Epoch(train)  [2][1750/5000]  lr: 1.6503e-04  eta: 7:31:40  time: 0.4841  data_time: 0.0073  memory: 10446  grad_norm: 1.7828  loss: 0.7417  loss_heatmap: 0.2990  layer_-1_loss_cls: 0.0748  layer_-1_loss_bbox: 0.3679  matched_ious: 0.6467  sec_per_iter: 0.4908  iters_per_sec: 2.0400  samples_per_sec: 32.6000  samples_per_sec_per_gpu: 8.1500  max_mem_allocated_mb: 143.9000  max_mem_reserved_mb: 11086.0000
04/08 17:08:25 - mmengine - INFO - Epoch(train)  [2][1800/5000]  lr: 1.6657e-04  eta: 7:31:02  time: 0.4769  data_time: 0.0081  memory: 10362  grad_norm: 1.7066  loss: 0.7725  loss_heatmap: 0.3112  layer_-1_loss_cls: 0.0731  layer_-1_loss_bbox: 0.3881  matched_ious: 0.5523  sec_per_iter: 0.4906  iters_per_sec: 2.0400  samples_per_sec: 32.6100  samples_per_sec_per_gpu: 8.1500  max_mem_allocated_mb: 143.9000  max_mem_reserved_mb: 11086.0000
04/08 17:08:50 - mmengine - INFO - Epoch(train)  [2][1850/5000]  lr: 1.6813e-04  eta: 7:30:34  time: 0.5021  data_time: 0.0096  memory: 10423  grad_norm: 1.5874  loss: 0.7196  loss_heatmap: 0.2895  layer_-1_loss_cls: 0.0712  layer_-1_loss_bbox: 0.3588  matched_ious: 0.6029  sec_per_iter: 0.4903  iters_per_sec: 2.0400  samples_per_sec: 32.6400  samples_per_sec_per_gpu: 8.1600  max_mem_allocated_mb: 143.9000  max_mem_reserved_mb: 11086.0000
04/08 17:09:15 - mmengine - INFO - Epoch(train)  [2][1900/5000]  lr: 1.6968e-04  eta: 7:30:04  time: 0.4961  data_time: 0.0101  memory: 10407  grad_norm: 1.6072  loss: 0.7442  loss_heatmap: 0.3042  layer_-1_loss_cls: 0.0741  layer_-1_loss_bbox: 0.3660  matched_ious: 0.5616  sec_per_iter: 0.4906  iters_per_sec: 2.0400  samples_per_sec: 32.6200  samples_per_sec_per_gpu: 8.1500  max_mem_allocated_mb: 143.9000  max_mem_reserved_mb: 11086.0000
04/08 17:09:40 - mmengine - INFO - Epoch(train)  [2][1950/5000]  lr: 1.7125e-04  eta: 7:29:35  time: 0.4991  data_time: 0.0066  memory: 10361  grad_norm: 1.7564  loss: 0.7448  loss_heatmap: 0.2983  layer_-1_loss_cls: 0.0708  layer_-1_loss_bbox: 0.3756  matched_ious: 0.5079  sec_per_iter: 0.4907  iters_per_sec: 2.0400  samples_per_sec: 32.6000  samples_per_sec_per_gpu: 8.1500  max_mem_allocated_mb: 143.9000  max_mem_reserved_mb: 11086.0000
04/08 17:10:03 - mmengine - INFO - Exp name: zod_lidar_only_continue_20260408_160451
04/08 17:10:03 - mmengine - INFO - Epoch(train)  [2][2000/5000]  lr: 1.7282e-04  eta: 7:28:53  time: 0.4641  data_time: 0.0065  memory: 10442  grad_norm: 1.7436  loss: 0.7326  loss_heatmap: 0.2951  layer_-1_loss_cls: 0.0754  layer_-1_loss_bbox: 0.3621  matched_ious: 0.5970  sec_per_iter: 0.4909  iters_per_sec: 2.0400  samples_per_sec: 32.5900  samples_per_sec_per_gpu: 8.1500  max_mem_allocated_mb: 143.9000  max_mem_reserved_mb: 11086.0000
04/08 17:10:28 - mmengine - INFO - Epoch(train)  [2][2050/5000]  lr: 1.7440e-04  eta: 7:28:20  time: 0.4887  data_time: 0.0076  memory: 10359  grad_norm: 1.8130  loss: 0.7862  loss_heatmap: 0.3084  layer_-1_loss_cls: 0.0738  layer_-1_loss_bbox: 0.4040  matched_ious: 0.5910  sec_per_iter: 0.4903  iters_per_sec: 2.0400  samples_per_sec: 32.6400  samples_per_sec_per_gpu: 8.1600  max_mem_allocated_mb: 143.9000  max_mem_reserved_mb: 11086.0000
04/08 17:10:53 - mmengine - INFO - Epoch(train)  [2][2100/5000]  lr: 1.7598e-04  eta: 7:27:52  time: 0.5005  data_time: 0.0104  memory: 10430  grad_norm: 1.9001  loss: 0.7681  loss_heatmap: 0.3015  layer_-1_loss_cls: 0.0739  layer_-1_loss_bbox: 0.3927  matched_ious: 0.5834  sec_per_iter: 0.4902  iters_per_sec: 2.0400  samples_per_sec: 32.6400  samples_per_sec_per_gpu: 8.1600  max_mem_allocated_mb: 143.9000  max_mem_reserved_mb: 11086.0000
04/08 17:11:18 - mmengine - INFO - Epoch(train)  [2][2150/5000]  lr: 1.7757e-04  eta: 7:27:24  time: 0.5001  data_time: 0.0088  memory: 10458  grad_norm: 1.8602  loss: 0.7512  loss_heatmap: 0.2971  layer_-1_loss_cls: 0.0749  layer_-1_loss_bbox: 0.3793  matched_ious: 0.5502  sec_per_iter: 0.4905  iters_per_sec: 2.0400  samples_per_sec: 32.6200  samples_per_sec_per_gpu: 8.1600  max_mem_allocated_mb: 143.9000  max_mem_reserved_mb: 11086.0000
04/08 17:11:44 - mmengine - INFO - Epoch(train)  [2][2200/5000]  lr: 1.7917e-04  eta: 7:27:02  time: 0.5192  data_time: 0.0146  memory: 10321  grad_norm: 1.7978  loss: 0.7987  loss_heatmap: 0.3277  layer_-1_loss_cls: 0.0748  layer_-1_loss_bbox: 0.3962  matched_ious: 0.5024  sec_per_iter: 0.4907  iters_per_sec: 2.0400  samples_per_sec: 32.6100  samples_per_sec_per_gpu: 8.1500  max_mem_allocated_mb: 143.9000  max_mem_reserved_mb: 11086.0000
04/08 17:12:09 - mmengine - INFO - Epoch(train)  [2][2250/5000]  lr: 1.8077e-04  eta: 7:26:35  time: 0.5025  data_time: 0.0151  memory: 10444  grad_norm: 1.7338  loss: 0.7643  loss_heatmap: 0.3028  layer_-1_loss_cls: 0.0705  layer_-1_loss_bbox: 0.3910  matched_ious: 0.5559  sec_per_iter: 0.4914  iters_per_sec: 2.0400  samples_per_sec: 32.5600  samples_per_sec_per_gpu: 8.1400  max_mem_allocated_mb: 143.9000  max_mem_reserved_mb: 11086.0000
04/08 17:12:33 - mmengine - INFO - Epoch(train)  [2][2300/5000]  lr: 1.8238e-04  eta: 7:25:59  time: 0.4785  data_time: 0.0096  memory: 10472  grad_norm: 1.7345  loss: 0.7532  loss_heatmap: 0.3066  layer_-1_loss_cls: 0.0794  layer_-1_loss_bbox: 0.3671  matched_ious: 0.4815  sec_per_iter: 0.4916  iters_per_sec: 2.0300  samples_per_sec: 32.5500  samples_per_sec_per_gpu: 8.1400  max_mem_allocated_mb: 143.9000  max_mem_reserved_mb: 11086.0000
04/08 17:12:57 - mmengine - INFO - Epoch(train)  [2][2350/5000]  lr: 1.8399e-04  eta: 7:25:25  time: 0.4839  data_time: 0.0148  memory: 10311  grad_norm: 1.6229  loss: 0.7340  loss_heatmap: 0.3063  layer_-1_loss_cls: 0.0747  layer_-1_loss_bbox: 0.3530  matched_ious: 0.5852  sec_per_iter: 0.4914  iters_per_sec: 2.0400  samples_per_sec: 32.5600  samples_per_sec_per_gpu: 8.1400  max_mem_allocated_mb: 143.9000  max_mem_reserved_mb: 11086.0000
04/08 17:13:21 - mmengine - INFO - Epoch(train)  [2][2400/5000]  lr: 1.8561e-04  eta: 7:24:49  time: 0.4793  data_time: 0.0104  memory: 10324  grad_norm: 1.7012  loss: 0.7401  loss_heatmap: 0.3062  layer_-1_loss_cls: 0.0777  layer_-1_loss_bbox: 0.3561  matched_ious: 0.5838  sec_per_iter: 0.4911  iters_per_sec: 2.0400  samples_per_sec: 32.5800  samples_per_sec_per_gpu: 8.1400  max_mem_allocated_mb: 143.9000  max_mem_reserved_mb: 11086.0000
04/08 17:13:45 - mmengine - INFO - Epoch(train)  [2][2450/5000]  lr: 1.8723e-04  eta: 7:24:16  time: 0.4835  data_time: 0.0078  memory: 10357  grad_norm: 1.7016  loss: 0.7518  loss_heatmap: 0.3014  layer_-1_loss_cls: 0.0723  layer_-1_loss_bbox: 0.3781  matched_ious: 0.6112  sec_per_iter: 0.4909  iters_per_sec: 2.0400  samples_per_sec: 32.5900  samples_per_sec_per_gpu: 8.1500  max_mem_allocated_mb: 143.9000  max_mem_reserved_mb: 11086.0000
04/08 17:14:09 - mmengine - INFO - Epoch(train)  [2][2500/5000]  lr: 1.8886e-04  eta: 7:23:38  time: 0.4724  data_time: 0.0101  memory: 10271  grad_norm: 1.7619  loss: 0.7693  loss_heatmap: 0.3068  layer_-1_loss_cls: 0.0733  layer_-1_loss_bbox: 0.3892  matched_ious: 0.5751  sec_per_iter: 0.4908  iters_per_sec: 2.0400  samples_per_sec: 32.6000  samples_per_sec_per_gpu: 8.1500  max_mem_allocated_mb: 143.9000  max_mem_reserved_mb: 11086.0000
04/08 17:14:37 - mmengine - INFO - Epoch(train)  [2][2550/5000]  lr: 1.9050e-04  eta: 7:23:33  time: 0.5664  data_time: 0.0086  memory: 10315  grad_norm: 1.9103  loss: 0.8422  loss_heatmap: 0.3394  layer_-1_loss_cls: 0.0819  layer_-1_loss_bbox: 0.4209  matched_ious: 0.5540  sec_per_iter: 0.4904  iters_per_sec: 2.0400  samples_per_sec: 32.6300  samples_per_sec_per_gpu: 8.1600  max_mem_allocated_mb: 143.9000  max_mem_reserved_mb: 11086.0000
04/08 17:15:03 - mmengine - INFO - Epoch(train)  [2][2600/5000]  lr: 1.9214e-04  eta: 7:23:11  time: 0.5166  data_time: 0.0117  memory: 10374  grad_norm: 1.6656  loss: 0.7343  loss_heatmap: 0.2947  layer_-1_loss_cls: 0.0724  layer_-1_loss_bbox: 0.3672  matched_ious: 0.6044  sec_per_iter: 0.4919  iters_per_sec: 2.0300  samples_per_sec: 32.5300  samples_per_sec_per_gpu: 8.1300  max_mem_allocated_mb: 143.9000  max_mem_reserved_mb: 11086.0000
04/08 17:15:30 - mmengine - INFO - Epoch(train)  [2][2650/5000]  lr: 1.9378e-04  eta: 7:23:01  time: 0.5515  data_time: 0.0139  memory: 10345  grad_norm: 1.7273  loss: 0.7605  loss_heatmap: 0.3036  layer_-1_loss_cls: 0.0774  layer_-1_loss_bbox: 0.3795  matched_ious: 0.5672  sec_per_iter: 0.4924  iters_per_sec: 2.0300  samples_per_sec: 32.4900  samples_per_sec_per_gpu: 8.1200  max_mem_allocated_mb: 143.9000  max_mem_reserved_mb: 11086.0000
04/08 17:15:59 - mmengine - INFO - Epoch(train)  [2][2700/5000]  lr: 1.9544e-04  eta: 7:22:58  time: 0.5734  data_time: 0.0106  memory: 10341  grad_norm: 1.6829  loss: 0.7351  loss_heatmap: 0.2974  layer_-1_loss_cls: 0.0733  layer_-1_loss_bbox: 0.3643  matched_ious: 0.5822  sec_per_iter: 0.4935  iters_per_sec: 2.0300  samples_per_sec: 32.4200  samples_per_sec_per_gpu: 8.1100  max_mem_allocated_mb: 143.9000  max_mem_reserved_mb: 11086.0000
04/08 17:16:24 - mmengine - INFO - Epoch(train)  [2][2750/5000]  lr: 1.9709e-04  eta: 7:22:29  time: 0.4989  data_time: 0.0089  memory: 10535  grad_norm: 1.6547  loss: 0.7534  loss_heatmap: 0.3080  layer_-1_loss_cls: 0.0765  layer_-1_loss_bbox: 0.3690  matched_ious: 0.5752  sec_per_iter: 0.4950  iters_per_sec: 2.0200  samples_per_sec: 32.3300  samples_per_sec_per_gpu: 8.0800  max_mem_allocated_mb: 143.9000  max_mem_reserved_mb: 11086.0000
04/08 17:16:51 - mmengine - INFO - Epoch(train)  [2][2800/5000]  lr: 1.9875e-04  eta: 7:22:13  time: 0.5359  data_time: 0.0099  memory: 10551  grad_norm: 1.8473  loss: 0.7503  loss_heatmap: 0.3067  layer_-1_loss_cls: 0.0784  layer_-1_loss_bbox: 0.3652  matched_ious: 0.5858  sec_per_iter: 0.4950  iters_per_sec: 2.0200  samples_per_sec: 32.3200  samples_per_sec_per_gpu: 8.0800  max_mem_allocated_mb: 143.9000  max_mem_reserved_mb: 11086.0000
04/08 17:17:18 - mmengine - INFO - Epoch(train)  [2][2850/5000]  lr: 2.0042e-04  eta: 7:22:00  time: 0.5460  data_time: 0.0096  memory: 10326  grad_norm: 1.6390  loss: 0.7431  loss_heatmap: 0.3040  layer_-1_loss_cls: 0.0786  layer_-1_loss_bbox: 0.3605  matched_ious: 0.5385  sec_per_iter: 0.4958  iters_per_sec: 2.0200  samples_per_sec: 32.2700  samples_per_sec_per_gpu: 8.0700  max_mem_allocated_mb: 143.9000  max_mem_reserved_mb: 11086.0000
04/08 17:17:44 - mmengine - INFO - Epoch(train)  [2][2900/5000]  lr: 2.0209e-04  eta: 7:21:37  time: 0.5150  data_time: 0.0198  memory: 10463  grad_norm: 1.6656  loss: 0.7722  loss_heatmap: 0.3132  layer_-1_loss_cls: 0.0769  layer_-1_loss_bbox: 0.3821  matched_ious: 0.6039  sec_per_iter: 0.4966  iters_per_sec: 2.0100  samples_per_sec: 32.2200  samples_per_sec_per_gpu: 8.0500  max_mem_allocated_mb: 143.9000  max_mem_reserved_mb: 11086.0000
04/08 17:18:13 - mmengine - INFO - Epoch(train)  [2][2950/5000]  lr: 2.0376e-04  eta: 7:21:39  time: 0.5918  data_time: 0.0133  memory: 10568  grad_norm: 1.9004  loss: 0.7807  loss_heatmap: 0.3226  layer_-1_loss_cls: 0.0815  layer_-1_loss_bbox: 0.3767  matched_ious: 0.5588  sec_per_iter: 0.4969  iters_per_sec: 2.0100  samples_per_sec: 32.2000  samples_per_sec_per_gpu: 8.0500  max_mem_allocated_mb: 143.9000  max_mem_reserved_mb: 11086.0000
04/08 17:18:40 - mmengine - INFO - Exp name: zod_lidar_only_continue_20260408_160451
04/08 17:18:40 - mmengine - INFO - Epoch(train)  [2][3000/5000]  lr: 2.0544e-04  eta: 7:21:23  time: 0.5389  data_time: 0.0095  memory: 10403  grad_norm: 1.7238  loss: 0.7700  loss_heatmap: 0.3201  layer_-1_loss_cls: 0.0767  layer_-1_loss_bbox: 0.3732  matched_ious: 0.5865  sec_per_iter: 0.4986  iters_per_sec: 2.0100  samples_per_sec: 32.0900  samples_per_sec_per_gpu: 8.0200  max_mem_allocated_mb: 143.9000  max_mem_reserved_mb: 11086.0000
04/08 17:19:05 - mmengine - INFO - Epoch(train)  [2][3050/5000]  lr: 2.0712e-04  eta: 7:20:53  time: 0.4948  data_time: 0.0108  memory: 10469  grad_norm: 1.6907  loss: 0.7782  loss_heatmap: 0.3269  layer_-1_loss_cls: 0.0820  layer_-1_loss_bbox: 0.3692  matched_ious: 0.5778  sec_per_iter: 0.4992  iters_per_sec: 2.0000  samples_per_sec: 32.0500  samples_per_sec_per_gpu: 8.0100  max_mem_allocated_mb: 143.9000  max_mem_reserved_mb: 11086.0000
04/08 17:19:33 - mmengine - INFO - Epoch(train)  [2][3100/5000]  lr: 2.0881e-04  eta: 7:20:40  time: 0.5492  data_time: 0.0200  memory: 10327  grad_norm: 1.5176  loss: 0.7672  loss_heatmap: 0.3002  layer_-1_loss_cls: 0.0747  layer_-1_loss_bbox: 0.3922  matched_ious: 0.6206  sec_per_iter: 0.4992  iters_per_sec: 2.0000  samples_per_sec: 32.0500  samples_per_sec_per_gpu: 8.0100  max_mem_allocated_mb: 143.9000  max_mem_reserved_mb: 11086.0000
04/08 17:20:00 - mmengine - INFO - Epoch(train)  [2][3150/5000]  lr: 2.1050e-04  eta: 7:20:28  time: 0.5501  data_time: 0.0111  memory: 10544  grad_norm: 1.5908  loss: 0.7257  loss_heatmap: 0.2954  layer_-1_loss_cls: 0.0750  layer_-1_loss_bbox: 0.3553  matched_ious: 0.5857  sec_per_iter: 0.5000  iters_per_sec: 2.0000  samples_per_sec: 32.0000  samples_per_sec_per_gpu: 8.0000  max_mem_allocated_mb: 143.9000  max_mem_reserved_mb: 11086.0000
04/08 17:20:27 - mmengine - INFO - Epoch(train)  [2][3200/5000]  lr: 2.1219e-04  eta: 7:20:12  time: 0.5395  data_time: 0.0171  memory: 10449  grad_norm: 1.5894  loss: 0.7394  loss_heatmap: 0.3037  layer_-1_loss_cls: 0.0750  layer_-1_loss_bbox: 0.3607  matched_ious: 0.6128  sec_per_iter: 0.5008  iters_per_sec: 2.0000  samples_per_sec: 31.9500  samples_per_sec_per_gpu: 7.9900  max_mem_allocated_mb: 143.9000  max_mem_reserved_mb: 11086.0000
04/08 17:20:53 - mmengine - INFO - Epoch(train)  [2][3250/5000]  lr: 2.1389e-04  eta: 7:19:51  time: 0.5268  data_time: 0.0128  memory: 10376  grad_norm: 1.7767  loss: 0.7301  loss_heatmap: 0.2958  layer_-1_loss_cls: 0.0736  layer_-1_loss_bbox: 0.3607  matched_ious: 0.5746  sec_per_iter: 0.5014  iters_per_sec: 1.9900  samples_per_sec: 31.9100  samples_per_sec_per_gpu: 7.9800  max_mem_allocated_mb: 143.9000  max_mem_reserved_mb: 11086.0000
04/08 17:21:24 - mmengine - INFO - Epoch(train)  [2][3300/5000]  lr: 2.1559e-04  eta: 7:19:58  time: 0.6123  data_time: 0.0175  memory: 10479  grad_norm: 1.7159  loss: 0.7994  loss_heatmap: 0.3261  layer_-1_loss_cls: 0.0789  layer_-1_loss_bbox: 0.3944  matched_ious: 0.4968  sec_per_iter: 0.5018  iters_per_sec: 1.9900  samples_per_sec: 31.8800  samples_per_sec_per_gpu: 7.9700  max_mem_allocated_mb: 143.9000  max_mem_reserved_mb: 11086.0000
04/08 17:21:53 - mmengine - INFO - Epoch(train)  [2][3350/5000]  lr: 2.1730e-04  eta: 7:19:52  time: 0.5743  data_time: 0.0114  memory: 10528  grad_norm: 1.6661  loss: 0.7278  loss_heatmap: 0.3013  layer_-1_loss_cls: 0.0766  layer_-1_loss_bbox: 0.3498  matched_ious: 0.5808  sec_per_iter: 0.5034  iters_per_sec: 1.9900  samples_per_sec: 31.7800  samples_per_sec_per_gpu: 7.9500  max_mem_allocated_mb: 143.9000  max_mem_reserved_mb: 11086.0000
04/08 17:22:19 - mmengine - INFO - Epoch(train)  [2][3400/5000]  lr: 2.1901e-04  eta: 7:19:33  time: 0.5311  data_time: 0.0105  memory: 10417  grad_norm: 1.6879  loss: 0.7499  loss_heatmap: 0.3035  layer_-1_loss_cls: 0.0733  layer_-1_loss_bbox: 0.3730  matched_ious: 0.5932  sec_per_iter: 0.5045  iters_per_sec: 1.9800  samples_per_sec: 31.7100  samples_per_sec_per_gpu: 7.9300  max_mem_allocated_mb: 143.9000  max_mem_reserved_mb: 11086.0000
04/08 17:22:45 - mmengine - INFO - Epoch(train)  [2][3450/5000]  lr: 2.2072e-04  eta: 7:19:07  time: 0.5100  data_time: 0.0118  memory: 10491  grad_norm: 1.8214  loss: 0.7777  loss_heatmap: 0.3226  layer_-1_loss_cls: 0.0765  layer_-1_loss_bbox: 0.3786  matched_ious: 0.5585  sec_per_iter: 0.5049  iters_per_sec: 1.9800  samples_per_sec: 31.6900  samples_per_sec_per_gpu: 7.9200  max_mem_allocated_mb: 143.9000  max_mem_reserved_mb: 11086.0000
04/08 17:23:10 - mmengine - INFO - Epoch(train)  [2][3500/5000]  lr: 2.2244e-04  eta: 7:18:39  time: 0.5043  data_time: 0.0124  memory: 10348  grad_norm: 1.7544  loss: 0.7377  loss_heatmap: 0.2972  layer_-1_loss_cls: 0.0722  layer_-1_loss_bbox: 0.3683  matched_ious: 0.5793  sec_per_iter: 0.5050  iters_per_sec: 1.9800  samples_per_sec: 31.6900  samples_per_sec_per_gpu: 7.9200  max_mem_allocated_mb: 143.9000  max_mem_reserved_mb: 11086.0000
04/08 17:23:36 - mmengine - INFO - Epoch(train)  [2][3550/5000]  lr: 2.2416e-04  eta: 7:18:19  time: 0.5304  data_time: 0.0153  memory: 10413  grad_norm: 1.7997  loss: 0.7671  loss_heatmap: 0.3041  layer_-1_loss_cls: 0.0775  layer_-1_loss_bbox: 0.3855  matched_ious: 0.5798  sec_per_iter: 0.5050  iters_per_sec: 1.9800  samples_per_sec: 31.6900  samples_per_sec_per_gpu: 7.9200  max_mem_allocated_mb: 143.9000  max_mem_reserved_mb: 11086.0000
04/08 17:24:03 - mmengine - INFO - Epoch(train)  [2][3600/5000]  lr: 2.2588e-04  eta: 7:17:56  time: 0.5172  data_time: 0.0101  memory: 10256  grad_norm: 1.6397  loss: 0.7944  loss_heatmap: 0.3101  layer_-1_loss_cls: 0.0732  layer_-1_loss_bbox: 0.4111  matched_ious: 0.6294  sec_per_iter: 0.5053  iters_per_sec: 1.9800  samples_per_sec: 31.6600  samples_per_sec_per_gpu: 7.9200  max_mem_allocated_mb: 143.9000  max_mem_reserved_mb: 11086.0000
04/08 17:24:33 - mmengine - INFO - Epoch(train)  [2][3650/5000]  lr: 2.2761e-04  eta: 7:17:59  time: 0.6104  data_time: 0.0214  memory: 10524  grad_norm: inf  loss: 0.7930  loss_heatmap: 0.3286  layer_-1_loss_cls: 0.0792  layer_-1_loss_bbox: 0.3852  matched_ious: 0.5170  sec_per_iter: 0.5056  iters_per_sec: 1.9800  samples_per_sec: 31.6500  samples_per_sec_per_gpu: 7.9100  max_mem_allocated_mb: 143.9000  max_mem_reserved_mb: 11086.0000
04/08 17:24:59 - mmengine - INFO - Epoch(train)  [2][3700/5000]  lr: 2.2934e-04  eta: 7:17:39  time: 0.5305  data_time: 0.0162  memory: 10336  grad_norm: 1.7233  loss: 0.8088  loss_heatmap: 0.3187  layer_-1_loss_cls: 0.0764  layer_-1_loss_bbox: 0.4137  matched_ious: 0.5256  sec_per_iter: 0.5069  iters_per_sec: 1.9700  samples_per_sec: 31.5600  samples_per_sec_per_gpu: 7.8900  max_mem_allocated_mb: 143.9000  max_mem_reserved_mb: 11086.0000
04/08 17:25:27 - mmengine - INFO - Epoch(train)  [2][3750/5000]  lr: 2.3107e-04  eta: 7:17:24  time: 0.5484  data_time: 0.0128  memory: 10436  grad_norm: 1.7383  loss: 0.8099  loss_heatmap: 0.3384  layer_-1_loss_cls: 0.0788  layer_-1_loss_bbox: 0.3926  matched_ious: 0.5596  sec_per_iter: 0.5072  iters_per_sec: 1.9700  samples_per_sec: 31.5400  samples_per_sec_per_gpu: 7.8900  max_mem_allocated_mb: 143.9000  max_mem_reserved_mb: 11086.0000
04/08 17:25:53 - mmengine - INFO - Epoch(train)  [2][3800/5000]  lr: 2.3280e-04  eta: 7:17:04  time: 0.5302  data_time: 0.0162  memory: 10321  grad_norm: 1.6572  loss: 0.7627  loss_heatmap: 0.3106  layer_-1_loss_cls: 0.0748  layer_-1_loss_bbox: 0.3773  matched_ious: 0.5668  sec_per_iter: 0.5078  iters_per_sec: 1.9700  samples_per_sec: 31.5100  samples_per_sec_per_gpu: 7.8800  max_mem_allocated_mb: 143.9000  max_mem_reserved_mb: 11086.0000
04/08 17:26:20 - mmengine - INFO - Epoch(train)  [2][3850/5000]  lr: 2.3454e-04  eta: 7:16:44  time: 0.5315  data_time: 0.0128  memory: 10437  grad_norm: 1.7511  loss: 0.8115  loss_heatmap: 0.3304  layer_-1_loss_cls: 0.0813  layer_-1_loss_bbox: 0.3998  matched_ious: 0.5619  sec_per_iter: 0.5081  iters_per_sec: 1.9700  samples_per_sec: 31.4900  samples_per_sec_per_gpu: 7.8700  max_mem_allocated_mb: 143.9000  max_mem_reserved_mb: 11086.0000
04/08 17:26:43 - mmengine - INFO - Epoch(train)  [2][3900/5000]  lr: 2.3628e-04  eta: 7:16:06  time: 0.4702  data_time: 0.0103  memory: 10312  grad_norm: 1.7451  loss: 0.7751  loss_heatmap: 0.3179  layer_-1_loss_cls: 0.0790  layer_-1_loss_bbox: 0.3782  matched_ious: 0.5398  sec_per_iter: 0.5084  iters_per_sec: 1.9700  samples_per_sec: 31.4700  samples_per_sec_per_gpu: 7.8700  max_mem_allocated_mb: 143.9000  max_mem_reserved_mb: 11086.0000
04/08 17:27:13 - mmengine - INFO - Epoch(train)  [2][3950/5000]  lr: 2.3802e-04  eta: 7:16:01  time: 0.5823  data_time: 0.0156  memory: 10470  grad_norm: 1.7501  loss: 0.7402  loss_heatmap: 0.3029  layer_-1_loss_cls: 0.0758  layer_-1_loss_bbox: 0.3614  matched_ious: 0.5836  sec_per_iter: 0.5079  iters_per_sec: 1.9700  samples_per_sec: 31.5000  samples_per_sec_per_gpu: 7.8800  max_mem_allocated_mb: 143.9000  max_mem_reserved_mb: 11086.0000
04/08 17:27:39 - mmengine - INFO - Exp name: zod_lidar_only_continue_20260408_160451
04/08 17:27:40 - mmengine - INFO - Epoch(train)  [2][4000/5000]  lr: 2.3977e-04  eta: 7:15:42  time: 0.5371  data_time: 0.0167  memory: 10496  grad_norm: 1.7097  loss: 0.8344  loss_heatmap: 0.3546  layer_-1_loss_cls: 0.0861  layer_-1_loss_bbox: 0.3938  matched_ious: 0.5458  sec_per_iter: 0.5089  iters_per_sec: 1.9700  samples_per_sec: 31.4400  samples_per_sec_per_gpu: 7.8600  max_mem_allocated_mb: 143.9000  max_mem_reserved_mb: 11086.0000
04/08 17:28:08 - mmengine - INFO - Epoch(train)  [2][4050/5000]  lr: 2.4151e-04  eta: 7:15:32  time: 0.5672  data_time: 0.0109  memory: 10457  grad_norm: 1.7961  loss: 0.8575  loss_heatmap: 0.3540  layer_-1_loss_cls: 0.0838  layer_-1_loss_bbox: 0.4198  matched_ious: 0.5436  sec_per_iter: 0.5092  iters_per_sec: 1.9600  samples_per_sec: 31.4200  samples_per_sec_per_gpu: 7.8600  max_mem_allocated_mb: 143.9000  max_mem_reserved_mb: 11086.0000
04/08 17:28:36 - mmengine - INFO - Epoch(train)  [2][4100/5000]  lr: 2.4326e-04  eta: 7:15:21  time: 0.5654  data_time: 0.0135  memory: 10345  grad_norm: 1.8379  loss: 0.7714  loss_heatmap: 0.3222  layer_-1_loss_cls: 0.0791  layer_-1_loss_bbox: 0.3702  matched_ious: 0.5499  sec_per_iter: 0.5099  iters_per_sec: 1.9600  samples_per_sec: 31.3800  samples_per_sec_per_gpu: 7.8400  max_mem_allocated_mb: 143.9000  max_mem_reserved_mb: 11086.0000
04/08 17:29:03 - mmengine - INFO - Epoch(train)  [2][4150/5000]  lr: 2.4501e-04  eta: 7:15:04  time: 0.5429  data_time: 0.0161  memory: 10371  grad_norm: 1.5555  loss: 0.7340  loss_heatmap: 0.3044  layer_-1_loss_cls: 0.0759  layer_-1_loss_bbox: 0.3538  matched_ious: 0.5399  sec_per_iter: 0.5106  iters_per_sec: 1.9600  samples_per_sec: 31.3400  samples_per_sec_per_gpu: 7.8300  max_mem_allocated_mb: 143.9000  max_mem_reserved_mb: 11086.0000
04/08 17:29:30 - mmengine - INFO - Epoch(train)  [2][4200/5000]  lr: 2.4676e-04  eta: 7:14:43  time: 0.5304  data_time: 0.0100  memory: 10477  grad_norm: 1.7127  loss: 0.7753  loss_heatmap: 0.3225  layer_-1_loss_cls: 0.0773  layer_-1_loss_bbox: 0.3755  matched_ious: 0.5818  sec_per_iter: 0.5110  iters_per_sec: 1.9600  samples_per_sec: 31.3100  samples_per_sec_per_gpu: 7.8300  max_mem_allocated_mb: 143.9000  max_mem_reserved_mb: 11086.0000
04/08 17:29:58 - mmengine - INFO - Epoch(train)  [2][4250/5000]  lr: 2.4852e-04  eta: 7:14:32  time: 0.5674  data_time: 0.0079  memory: 10382  grad_norm: 1.6252  loss: 0.7817  loss_heatmap: 0.3195  layer_-1_loss_cls: 0.0808  layer_-1_loss_bbox: 0.3814  matched_ious: 0.5929  sec_per_iter: 0.5112  iters_per_sec: 1.9600  samples_per_sec: 31.3000  samples_per_sec_per_gpu: 7.8200  max_mem_allocated_mb: 143.9000  max_mem_reserved_mb: 11086.0000
04/08 17:30:23 - mmengine - INFO - Epoch(train)  [2][4300/5000]  lr: 2.5027e-04  eta: 7:14:02  time: 0.4998  data_time: 0.0090  memory: 10423  grad_norm: 1.6661  loss: 0.7426  loss_heatmap: 0.3126  layer_-1_loss_cls: 0.0772  layer_-1_loss_bbox: 0.3529  matched_ious: 0.5546  sec_per_iter: 0.5119  iters_per_sec: 1.9500  samples_per_sec: 31.2600  samples_per_sec_per_gpu: 7.8100  max_mem_allocated_mb: 143.9000  max_mem_reserved_mb: 11086.0000
04/08 17:30:52 - mmengine - INFO - Epoch(train)  [2][4350/5000]  lr: 2.5203e-04  eta: 7:13:56  time: 0.5857  data_time: 0.0121  memory: 10317  grad_norm: 1.7744  loss: 0.8054  loss_heatmap: 0.3340  layer_-1_loss_cls: 0.0828  layer_-1_loss_bbox: 0.3886  matched_ious: 0.6177  sec_per_iter: 0.5117  iters_per_sec: 1.9500  samples_per_sec: 31.2700  samples_per_sec_per_gpu: 7.8200  max_mem_allocated_mb: 143.9000  max_mem_reserved_mb: 11086.0000
04/08 17:31:19 - mmengine - INFO - Epoch(train)  [2][4400/5000]  lr: 2.5379e-04  eta: 7:13:35  time: 0.5323  data_time: 0.0105  memory: 10407  grad_norm: 1.6867  loss: 0.8036  loss_heatmap: 0.3193  layer_-1_loss_cls: 0.0781  layer_-1_loss_bbox: 0.4062  matched_ious: 0.5808  sec_per_iter: 0.5126  iters_per_sec: 1.9500  samples_per_sec: 31.2100  samples_per_sec_per_gpu: 7.8000  max_mem_allocated_mb: 143.9000  max_mem_reserved_mb: 11086.0000
04/08 17:31:48 - mmengine - INFO - Epoch(train)  [2][4450/5000]  lr: 2.5555e-04  eta: 7:13:26  time: 0.5744  data_time: 0.0143  memory: 10516  grad_norm: 1.7082  loss: 0.8142  loss_heatmap: 0.3274  layer_-1_loss_cls: 0.0789  layer_-1_loss_bbox: 0.4079  matched_ious: 0.5477  sec_per_iter: 0.5128  iters_per_sec: 1.9500  samples_per_sec: 31.2000  samples_per_sec_per_gpu: 7.8000  max_mem_allocated_mb: 143.9000  max_mem_reserved_mb: 11086.0000
04/08 17:32:15 - mmengine - INFO - Epoch(train)  [2][4500/5000]  lr: 2.5731e-04  eta: 7:13:08  time: 0.5458  data_time: 0.0070  memory: 10540  grad_norm: 1.7186  loss: 0.8157  loss_heatmap: 0.3294  layer_-1_loss_cls: 0.0800  layer_-1_loss_bbox: 0.4064  matched_ious: 0.5351  sec_per_iter: 0.5135  iters_per_sec: 1.9500  samples_per_sec: 31.1600  samples_per_sec_per_gpu: 7.7900  max_mem_allocated_mb: 143.9000  max_mem_reserved_mb: 11086.0000
04/08 17:32:44 - mmengine - INFO - Epoch(train)  [2][4550/5000]  lr: 2.5907e-04  eta: 7:12:59  time: 0.5776  data_time: 0.0147  memory: 10385  grad_norm: 1.7155  loss: 0.7825  loss_heatmap: 0.3279  layer_-1_loss_cls: 0.0822  layer_-1_loss_bbox: 0.3724  matched_ious: 0.5921  sec_per_iter: 0.5139  iters_per_sec: 1.9500  samples_per_sec: 31.1400  samples_per_sec_per_gpu: 7.7800  max_mem_allocated_mb: 143.9000  max_mem_reserved_mb: 11086.0000
04/08 17:33:15 - mmengine - INFO - Epoch(train)  [2][4600/5000]  lr: 2.6084e-04  eta: 7:13:02  time: 0.6248  data_time: 0.0087  memory: 10418  grad_norm: 1.7603  loss: 0.7946  loss_heatmap: 0.3232  layer_-1_loss_cls: 0.0807  layer_-1_loss_bbox: 0.3907  matched_ious: 0.5845  sec_per_iter: 0.5146  iters_per_sec: 1.9400  samples_per_sec: 31.0900  samples_per_sec_per_gpu: 7.7700  max_mem_allocated_mb: 143.9000  max_mem_reserved_mb: 11086.0000
04/08 17:33:43 - mmengine - INFO - Epoch(train)  [2][4650/5000]  lr: 2.6260e-04  eta: 7:12:47  time: 0.5554  data_time: 0.0091  memory: 10462  grad_norm: 1.6446  loss: 0.7834  loss_heatmap: 0.3176  layer_-1_loss_cls: 0.0745  layer_-1_loss_bbox: 0.3913  matched_ious: 0.5239  sec_per_iter: 0.5157  iters_per_sec: 1.9400  samples_per_sec: 31.0200  samples_per_sec_per_gpu: 7.7600  max_mem_allocated_mb: 143.9000  max_mem_reserved_mb: 11086.0000
04/08 17:34:10 - mmengine - INFO - Epoch(train)  [2][4700/5000]  lr: 2.6437e-04  eta: 7:12:26  time: 0.5342  data_time: 0.0172  memory: 10487  grad_norm: 1.8859  loss: 0.7941  loss_heatmap: 0.3363  layer_-1_loss_cls: 0.0817  layer_-1_loss_bbox: 0.3761  matched_ious: 0.5562  sec_per_iter: 0.5162  iters_per_sec: 1.9400  samples_per_sec: 31.0000  samples_per_sec_per_gpu: 7.7500  max_mem_allocated_mb: 143.9000  max_mem_reserved_mb: 11086.0000
04/08 17:34:39 - mmengine - INFO - Epoch(train)  [2][4750/5000]  lr: 2.6613e-04  eta: 7:12:17  time: 0.5835  data_time: 0.0103  memory: 10408  grad_norm: 1.6856  loss: 0.8061  loss_heatmap: 0.3296  layer_-1_loss_cls: 0.0798  layer_-1_loss_bbox: 0.3967  matched_ious: 0.5907  sec_per_iter: 0.5164  iters_per_sec: 1.9400  samples_per_sec: 30.9900  samples_per_sec_per_gpu: 7.7500  max_mem_allocated_mb: 143.9000  max_mem_reserved_mb: 11086.0000
04/08 17:35:07 - mmengine - INFO - Epoch(train)  [2][4800/5000]  lr: 2.6790e-04  eta: 7:12:06  time: 0.5736  data_time: 0.0149  memory: 10321  grad_norm: 1.6824  loss: 0.7755  loss_heatmap: 0.3122  layer_-1_loss_cls: 0.0790  layer_-1_loss_bbox: 0.3843  matched_ious: 0.5957  sec_per_iter: 0.5171  iters_per_sec: 1.9300  samples_per_sec: 30.9400  samples_per_sec_per_gpu: 7.7400  max_mem_allocated_mb: 143.9000  max_mem_reserved_mb: 11086.0000
04/08 17:35:34 - mmengine - INFO - Epoch(train)  [2][4850/5000]  lr: 2.6966e-04  eta: 7:11:47  time: 0.5407  data_time: 0.0117  memory: 10367  grad_norm: 1.6259  loss: 0.7780  loss_heatmap: 0.3204  layer_-1_loss_cls: 0.0774  layer_-1_loss_bbox: 0.3803  matched_ious: 0.5637  sec_per_iter: 0.5177  iters_per_sec: 1.9300  samples_per_sec: 30.9100  samples_per_sec_per_gpu: 7.7300  max_mem_allocated_mb: 143.9000  max_mem_reserved_mb: 11086.0000
04/08 17:36:01 - mmengine - INFO - Epoch(train)  [2][4900/5000]  lr: 2.7143e-04  eta: 7:11:26  time: 0.5371  data_time: 0.0101  memory: 10396  grad_norm: 1.8235  loss: 0.7599  loss_heatmap: 0.3085  layer_-1_loss_cls: 0.0767  layer_-1_loss_bbox: 0.3748  matched_ious: 0.5954  sec_per_iter: 0.5179  iters_per_sec: 1.9300  samples_per_sec: 30.8900  samples_per_sec_per_gpu: 7.7200  max_mem_allocated_mb: 143.9000  max_mem_reserved_mb: 11086.0000
04/08 17:36:28 - mmengine - INFO - Epoch(train)  [2][4950/5000]  lr: 2.7320e-04  eta: 7:11:03  time: 0.5282  data_time: 0.0092  memory: 10487  grad_norm: 1.7919  loss: 0.7854  loss_heatmap: 0.3313  layer_-1_loss_cls: 0.0846  layer_-1_loss_bbox: 0.3695  matched_ious: 0.4813  sec_per_iter: 0.5181  iters_per_sec: 1.9300  samples_per_sec: 30.8800  samples_per_sec_per_gpu: 7.7200  max_mem_allocated_mb: 143.9000  max_mem_reserved_mb: 11086.0000
04/08 17:36:55 - mmengine - INFO - Exp name: zod_lidar_only_continue_20260408_160451
04/08 17:36:55 - mmengine - INFO - Epoch(train)  [2][5000/5000]  lr: 2.7496e-04  eta: 7:10:46  time: 0.5506  data_time: 0.0107  memory: 10479  grad_norm: 1.8007  loss: 0.7989  loss_heatmap: 0.3413  layer_-1_loss_cls: 0.0792  layer_-1_loss_bbox: 0.3783  matched_ious: 0.5790  sec_per_iter: 0.5182  iters_per_sec: 1.9300  samples_per_sec: 30.8800  samples_per_sec_per_gpu: 7.7200  max_mem_allocated_mb: 143.9000  max_mem_reserved_mb: 11086.0000
04/08 17:36:55 - mmengine - INFO - [Efficiency] Epoch 2: wall=2592.6s  iters=5000  sec/iter=0.519  mem_alloc=144MB  mem_rsv=11086MB
04/08 17:37:03 - mmengine - INFO - Epoch(val)  [2][  50/1250]    eta: 0:03:15  time: 0.1627  data_time: 0.0120  memory: 2447  
04/08 17:37:11 - mmengine - INFO - Epoch(val)  [2][ 100/1250]    eta: 0:03:04  time: 0.1587  data_time: 0.0017  memory: 2447  
04/08 17:37:18 - mmengine - INFO - Epoch(val)  [2][ 150/1250]    eta: 0:02:44  time: 0.1280  data_time: 0.0022  memory: 2447  
04/08 17:37:26 - mmengine - INFO - Epoch(val)  [2][ 200/1250]    eta: 0:02:42  time: 0.1687  data_time: 0.0031  memory: 2447  
04/08 17:37:34 - mmengine - INFO - Epoch(val)  [2][ 250/1250]    eta: 0:02:34  time: 0.1559  data_time: 0.0048  memory: 2447  
04/08 17:37:41 - mmengine - INFO - Epoch(val)  [2][ 300/1250]    eta: 0:02:24  time: 0.1369  data_time: 0.0035  memory: 2447  
04/08 17:37:48 - mmengine - INFO - Epoch(val)  [2][ 350/1250]    eta: 0:02:14  time: 0.1392  data_time: 0.0017  memory: 2447  
04/08 17:37:56 - mmengine - INFO - Epoch(val)  [2][ 400/1250]    eta: 0:02:07  time: 0.1534  data_time: 0.0032  memory: 2447  
04/08 17:38:04 - mmengine - INFO - Epoch(val)  [2][ 450/1250]    eta: 0:02:01  time: 0.1666  data_time: 0.0037  memory: 2447  
04/08 17:38:11 - mmengine - INFO - Epoch(val)  [2][ 500/1250]    eta: 0:01:53  time: 0.1397  data_time: 0.0021  memory: 2447  
04/08 17:38:19 - mmengine - INFO - Epoch(val)  [2][ 550/1250]    eta: 0:01:46  time: 0.1577  data_time: 0.0043  memory: 2447  
04/08 17:38:25 - mmengine - INFO - Epoch(val)  [2][ 600/1250]    eta: 0:01:37  time: 0.1332  data_time: 0.0020  memory: 2447  
04/08 17:38:33 - mmengine - INFO - Epoch(val)  [2][ 650/1250]    eta: 0:01:30  time: 0.1548  data_time: 0.0020  memory: 2447  
04/08 17:38:40 - mmengine - INFO - Epoch(val)  [2][ 700/1250]    eta: 0:01:22  time: 0.1383  data_time: 0.0016  memory: 2447  
04/08 17:38:47 - mmengine - INFO - Epoch(val)  [2][ 750/1250]    eta: 0:01:14  time: 0.1363  data_time: 0.0028  memory: 2447  
04/08 17:38:54 - mmengine - INFO - Epoch(val)  [2][ 800/1250]    eta: 0:01:06  time: 0.1372  data_time: 0.0019  memory: 2447  
04/08 17:39:00 - mmengine - INFO - Epoch(val)  [2][ 850/1250]    eta: 0:00:58  time: 0.1283  data_time: 0.0019  memory: 2447  
04/08 17:39:07 - mmengine - INFO - Epoch(val)  [2][ 900/1250]    eta: 0:00:50  time: 0.1267  data_time: 0.0026  memory: 2447  
04/08 17:39:14 - mmengine - INFO - Epoch(val)  [2][ 950/1250]    eta: 0:00:43  time: 0.1540  data_time: 0.0061  memory: 2447  
04/08 17:39:21 - mmengine - INFO - Epoch(val)  [2][1000/1250]    eta: 0:00:36  time: 0.1344  data_time: 0.0016  memory: 2447  
04/08 17:39:27 - mmengine - INFO - Epoch(val)  [2][1050/1250]    eta: 0:00:28  time: 0.1282  data_time: 0.0031  memory: 2446  
04/08 17:39:36 - mmengine - INFO - Epoch(val)  [2][1100/1250]    eta: 0:00:21  time: 0.1716  data_time: 0.0026  memory: 2446  
04/08 17:39:43 - mmengine - INFO - Epoch(val)  [2][1150/1250]    eta: 0:00:14  time: 0.1447  data_time: 0.0023  memory: 2447  
04/08 17:39:50 - mmengine - INFO - Epoch(val)  [2][1200/1250]    eta: 0:00:07  time: 0.1331  data_time: 0.0014  memory: 2447  
04/08 17:39:57 - mmengine - INFO - Epoch(val)  [2][1250/1250]    eta: 0:00:00  time: 0.1383  data_time: 0.0025  memory: 2447  
04/08 17:41:18 - mmengine - INFO - 
+------------+---------+---------+---------+---------+
| classes    | AP_0.25 | AR_0.25 | AP_0.50 | AR_0.50 |
+------------+---------+---------+---------+---------+
| pedestrian | 0.7535  | 0.9321  | 0.4898  | 0.6732  |
+------------+---------+---------+---------+---------+
| Overall    | 0.7535  | 0.9321  | 0.4898  | 0.6732  |
+------------+---------+---------+---------+---------+
04/08 17:41:44 - mmengine - INFO - 
+------------+---------+---------+---------+---------+---------+---------+
| classes    | AP_0.5m | AR_0.5m | AP_1.0m | AR_1.0m | AP_2.0m | AR_2.0m |
+------------+---------+---------+---------+---------+---------+---------+
| pedestrian | 0.7747  | 0.9603  | 0.7827  | 0.9661  | 0.7878  | 0.9704  |
+------------+---------+---------+---------+---------+---------+---------+
| Overall    | 0.7747  | 0.9603  | 0.7827  | 0.9661  | 0.7878  | 0.9704  |
+------------+---------+---------+---------+---------+---------+---------+
04/08 17:41:46 - mmengine - INFO - Epoch(val) [2][1250/1250]    pedestrian_AP_0.25: 0.7535  mAP_0.25: 0.7535  pedestrian_rec_0.25: 0.9321  mAR_0.25: 0.9321  pedestrian_AP_0.50: 0.4898  mAP_0.50: 0.4898  pedestrian_rec_0.50: 0.6732  mAR_0.50: 0.6732  pedestrian_AP_0.5m: 0.7747  pedestrian_rec_0.5m: 0.9603  pedestrian_AP_1.0m: 0.7827  pedestrian_rec_1.0m: 0.9661  pedestrian_AP_2.0m: 0.7878  pedestrian_rec_2.0m: 0.9704  mAP_0.5m: 0.7747  mAR_0.5m: 0.9603  mAP_1.0m: 0.7827  mAR_1.0m: 0.9661  mAP_2.0m: 0.7878  mAR_2.0m: 0.9704  data_time: 0.0031  time: 0.1450
04/08 17:42:20 - mmengine - INFO - Epoch(train)  [3][  50/5000]  lr: 2.7673e-04  eta: 7:10:55  time: 0.6583  data_time: 0.0352  memory: 10406  grad_norm: 1.5998  loss: 0.7399  loss_heatmap: 0.3050  layer_-1_loss_cls: 0.0782  layer_-1_loss_bbox: 0.3566  matched_ious: 0.5925  sec_per_iter: 0.5185  iters_per_sec: 1.9300  samples_per_sec: 30.8600  samples_per_sec_per_gpu: 7.7100  max_mem_allocated_mb: 143.9000  max_mem_reserved_mb: 11086.0000
04/08 17:42:49 - mmengine - INFO - Epoch(train)  [3][ 100/5000]  lr: 2.7850e-04  eta: 7:10:47  time: 0.5912  data_time: 0.0116  memory: 10410  grad_norm: 1.6075  loss: 0.7605  loss_heatmap: 0.3154  layer_-1_loss_cls: 0.0804  layer_-1_loss_bbox: 0.3646  matched_ious: 0.5452  sec_per_iter: 0.6596  iters_per_sec: 1.5200  samples_per_sec: 24.2600  samples_per_sec_per_gpu: 6.0600  max_mem_allocated_mb: 143.9000  max_mem_reserved_mb: 11086.0000
04/08 17:43:19 - mmengine - INFO - Epoch(train)  [3][ 150/5000]  lr: 2.8027e-04  eta: 7:10:38  time: 0.5874  data_time: 0.0108  memory: 10385  grad_norm: 1.7748  loss: 0.7828  loss_heatmap: 0.3189  layer_-1_loss_cls: 0.0786  layer_-1_loss_bbox: 0.3853  matched_ious: 0.5729  sec_per_iter: 0.6254  iters_per_sec: 1.6000  samples_per_sec: 25.5800  samples_per_sec_per_gpu: 6.4000  max_mem_allocated_mb: 143.9000  max_mem_reserved_mb: 11086.0000
04/08 17:43:47 - mmengine - INFO - Epoch(train)  [3][ 200/5000]  lr: 2.8203e-04  eta: 7:10:22  time: 0.5573  data_time: 0.0102  memory: 10274  grad_norm: 1.6628  loss: 0.7693  loss_heatmap: 0.3071  layer_-1_loss_cls: 0.0774  layer_-1_loss_bbox: 0.3848  matched_ious: 0.5707  sec_per_iter: 0.6127  iters_per_sec: 1.6300  samples_per_sec: 26.1200  samples_per_sec_per_gpu: 6.5300  max_mem_allocated_mb: 143.9000  max_mem_reserved_mb: 11086.0000
04/08 17:44:13 - mmengine - INFO - Epoch(train)  [3][ 250/5000]  lr: 2.8380e-04  eta: 7:09:56  time: 0.5193  data_time: 0.0125  memory: 10405  grad_norm: 1.7172  loss: 0.7585  loss_heatmap: 0.3176  layer_-1_loss_cls: 0.0780  layer_-1_loss_bbox: 0.3629  matched_ious: 0.5637  sec_per_iter: 0.5988  iters_per_sec: 1.6700  samples_per_sec: 26.7200  samples_per_sec_per_gpu: 6.6800  max_mem_allocated_mb: 143.9000  max_mem_reserved_mb: 11086.0000
04/08 17:44:44 - mmengine - INFO - Epoch(train)  [3][ 300/5000]  lr: 2.8556e-04  eta: 7:09:56  time: 0.6251  data_time: 0.0112  memory: 10514  grad_norm: 1.6651  loss: 0.7701  loss_heatmap: 0.3152  layer_-1_loss_cls: 0.0738  layer_-1_loss_bbox: 0.3811  matched_ious: 0.5455  sec_per_iter: 0.5829  iters_per_sec: 1.7200  samples_per_sec: 27.4500  samples_per_sec_per_gpu: 6.8600  max_mem_allocated_mb: 143.9000  max_mem_reserved_mb: 11086.0000
04/08 17:45:19 - mmengine - INFO - Epoch(train)  [3][ 350/5000]  lr: 2.8733e-04  eta: 7:10:12  time: 0.6931  data_time: 0.0134  memory: 10379  grad_norm: 1.7258  loss: 0.7730  loss_heatmap: 0.3178  layer_-1_loss_cls: 0.0835  layer_-1_loss_bbox: 0.3717  matched_ious: 0.6051  sec_per_iter: 0.5900  iters_per_sec: 1.6900  samples_per_sec: 27.1200  samples_per_sec_per_gpu: 6.7800  max_mem_allocated_mb: 143.9000  max_mem_reserved_mb: 11086.0000
04/08 17:45:46 - mmengine - INFO - Epoch(train)  [3][ 400/5000]  lr: 2.8909e-04  eta: 7:09:53  time: 0.5497  data_time: 0.0092  memory: 10434  grad_norm: 1.6719  loss: 0.8113  loss_heatmap: 0.3178  layer_-1_loss_cls: 0.0833  layer_-1_loss_bbox: 0.4102  matched_ious: 0.4851  sec_per_iter: 0.6047  iters_per_sec: 1.6500  samples_per_sec: 26.4600  samples_per_sec_per_gpu: 6.6100  max_mem_allocated_mb: 143.9000  max_mem_reserved_mb: 11086.0000
04/08 17:46:12 - mmengine - INFO - Epoch(train)  [3][ 450/5000]  lr: 2.9086e-04  eta: 7:09:27  time: 0.5217  data_time: 0.0132  memory: 10450  grad_norm: 1.6514  loss: 0.7863  loss_heatmap: 0.3233  layer_-1_loss_cls: 0.0763  layer_-1_loss_bbox: 0.3868  matched_ious: 0.5791  sec_per_iter: 0.5979  iters_per_sec: 1.6700  samples_per_sec: 26.7600  samples_per_sec_per_gpu: 6.6900  max_mem_allocated_mb: 143.9000  max_mem_reserved_mb: 11086.0000
04/08 17:46:39 - mmengine - INFO - Epoch(train)  [3][ 500/5000]  lr: 2.9262e-04  eta: 7:09:05  time: 0.5340  data_time: 0.0156  memory: 10414  grad_norm: 1.7109  loss: 0.7982  loss_heatmap: 0.3270  layer_-1_loss_cls: 0.0786  layer_-1_loss_bbox: 0.3926  matched_ious: 0.5661  sec_per_iter: 0.5893  iters_per_sec: 1.7000  samples_per_sec: 27.1500  samples_per_sec_per_gpu: 6.7900  max_mem_allocated_mb: 143.9000  max_mem_reserved_mb: 11086.0000
04/08 17:47:07 - mmengine - INFO - Epoch(train)  [3][ 550/5000]  lr: 2.9438e-04  eta: 7:08:47  time: 0.5539  data_time: 0.0149  memory: 10598  grad_norm: 1.7837  loss: 0.8331  loss_heatmap: 0.3418  layer_-1_loss_cls: 0.0823  layer_-1_loss_bbox: 0.4091  matched_ious: 0.5297  sec_per_iter: 0.5838  iters_per_sec: 1.7100  samples_per_sec: 27.4100  samples_per_sec_per_gpu: 6.8500  max_mem_allocated_mb: 143.9000  max_mem_reserved_mb: 11086.0000
04/08 17:47:40 - mmengine - INFO - Epoch(train)  [3][ 600/5000]  lr: 2.9614e-04  eta: 7:08:56  time: 0.6735  data_time: 0.0112  memory: 10398  grad_norm: 1.6421  loss: 0.7878  loss_heatmap: 0.3186  layer_-1_loss_cls: 0.0803  layer_-1_loss_bbox: 0.3889  matched_ious: 0.5873  sec_per_iter: 0.5811  iters_per_sec: 1.7200  samples_per_sec: 27.5300  samples_per_sec_per_gpu: 6.8800  max_mem_allocated_mb: 143.9000  max_mem_reserved_mb: 11086.0000
04/08 17:48:08 - mmengine - INFO - Epoch(train)  [3][ 650/5000]  lr: 2.9790e-04  eta: 7:08:39  time: 0.5581  data_time: 0.0093  memory: 10569  grad_norm: 1.7238  loss: 0.8152  loss_heatmap: 0.3345  layer_-1_loss_cls: 0.0811  layer_-1_loss_bbox: 0.3995  matched_ious: 0.5646  sec_per_iter: 0.5889  iters_per_sec: 1.7000  samples_per_sec: 27.1700  samples_per_sec_per_gpu: 6.7900  max_mem_allocated_mb: 143.9000  max_mem_reserved_mb: 11086.0000
04/08 17:48:33 - mmengine - INFO - Epoch(train)  [3][ 700/5000]  lr: 2.9966e-04  eta: 7:08:09  time: 0.5047  data_time: 0.0155  memory: 10419  grad_norm: 1.7431  loss: 0.7969  loss_heatmap: 0.3277  layer_-1_loss_cls: 0.0801  layer_-1_loss_bbox: 0.3892  matched_ious: 0.5969  sec_per_iter: 0.5865  iters_per_sec: 1.7000  samples_per_sec: 27.2800  samples_per_sec_per_gpu: 6.8200  max_mem_allocated_mb: 143.9000  max_mem_reserved_mb: 11086.0000
04/08 17:49:00 - mmengine - INFO - Epoch(train)  [3][ 750/5000]  lr: 3.0141e-04  eta: 7:07:45  time: 0.5284  data_time: 0.0130  memory: 10483  grad_norm: 1.6296  loss: 0.7796  loss_heatmap: 0.3245  layer_-1_loss_cls: 0.0814  layer_-1_loss_bbox: 0.3737  matched_ious: 0.6081  sec_per_iter: 0.5807  iters_per_sec: 1.7200  samples_per_sec: 27.5500  samples_per_sec_per_gpu: 6.8900  max_mem_allocated_mb: 143.9000  max_mem_reserved_mb: 11086.0000
04/08 17:49:25 - mmengine - INFO - Epoch(train)  [3][ 800/5000]  lr: 3.0316e-04  eta: 7:07:16  time: 0.5110  data_time: 0.0129  memory: 10375  grad_norm: 1.6148  loss: 0.8033  loss_heatmap: 0.3378  layer_-1_loss_cls: 0.0822  layer_-1_loss_bbox: 0.3833  matched_ious: 0.5788  sec_per_iter: 0.5773  iters_per_sec: 1.7300  samples_per_sec: 27.7200  samples_per_sec_per_gpu: 6.9300  max_mem_allocated_mb: 143.9000  max_mem_reserved_mb: 11086.0000
04/08 17:49:54 - mmengine - INFO - Epoch(train)  [3][ 850/5000]  lr: 3.0492e-04  eta: 7:07:04  time: 0.5814  data_time: 0.0168  memory: 10348  grad_norm: inf  loss: 0.7706  loss_heatmap: 0.3191  layer_-1_loss_cls: 0.0776  layer_-1_loss_bbox: 0.3740  matched_ious: 0.5371  sec_per_iter: 0.5731  iters_per_sec: 1.7400  samples_per_sec: 27.9200  samples_per_sec_per_gpu: 6.9800  max_mem_allocated_mb: 143.9000  max_mem_reserved_mb: 11086.0000
04/08 17:50:24 - mmengine - INFO - Epoch(train)  [3][ 900/5000]  lr: 3.0667e-04  eta: 7:06:52  time: 0.5863  data_time: 0.0171  memory: 10496  grad_norm: 1.6752  loss: 0.8259  loss_heatmap: 0.3353  layer_-1_loss_cls: 0.0853  layer_-1_loss_bbox: 0.4053  matched_ious: 0.5013  sec_per_iter: 0.5735  iters_per_sec: 1.7400  samples_per_sec: 27.9000  samples_per_sec_per_gpu: 6.9700  max_mem_allocated_mb: 143.9000  max_mem_reserved_mb: 11086.0000
04/08 17:50:51 - mmengine - INFO - Epoch(train)  [3][ 950/5000]  lr: 3.0842e-04  eta: 7:06:32  time: 0.5448  data_time: 0.0183  memory: 10342  grad_norm: 1.6176  loss: 0.7788  loss_heatmap: 0.3179  layer_-1_loss_cls: 0.0805  layer_-1_loss_bbox: 0.3804  matched_ious: 0.6121  sec_per_iter: 0.5743  iters_per_sec: 1.7400  samples_per_sec: 27.8600  samples_per_sec_per_gpu: 6.9600  max_mem_allocated_mb: 143.9000  max_mem_reserved_mb: 11086.0000
04/08 17:51:21 - mmengine - INFO - Exp name: zod_lidar_only_continue_20260408_160451
04/08 17:51:21 - mmengine - INFO - Epoch(train)  [3][1000/5000]  lr: 3.1016e-04  eta: 7:06:22  time: 0.5961  data_time: 0.0135  memory: 10391  grad_norm: 1.7638  loss: 0.7684  loss_heatmap: 0.3243  layer_-1_loss_cls: 0.0812  layer_-1_loss_bbox: 0.3629  matched_ious: 0.5740  sec_per_iter: 0.5727  iters_per_sec: 1.7500  samples_per_sec: 27.9400  samples_per_sec_per_gpu: 6.9800  max_mem_allocated_mb: 143.9000  max_mem_reserved_mb: 11086.0000
04/08 17:51:44 - mmengine - INFO - Epoch(train)  [3][1050/5000]  lr: 3.1191e-04  eta: 7:05:44  time: 0.4681  data_time: 0.0056  memory: 10393  grad_norm: 1.6206  loss: 0.8095  loss_heatmap: 0.3258  layer_-1_loss_cls: 0.0780  layer_-1_loss_bbox: 0.4058  matched_ious: 0.5972  sec_per_iter: 0.5738  iters_per_sec: 1.7400  samples_per_sec: 27.8800  samples_per_sec_per_gpu: 6.9700  max_mem_allocated_mb: 143.9000  max_mem_reserved_mb: 11086.0000
04/08 17:52:20 - mmengine - INFO - Epoch(train)  [3][1100/5000]  lr: 3.1365e-04  eta: 7:06:01  time: 0.7153  data_time: 0.0214  memory: 10443  grad_norm: 1.6329  loss: 0.8188  loss_heatmap: 0.3400  layer_-1_loss_cls: 0.0825  layer_-1_loss_bbox: 0.3963  matched_ious: 0.5852  sec_per_iter: 0.5688  iters_per_sec: 1.7600  samples_per_sec: 28.1300  samples_per_sec_per_gpu: 7.0300  max_mem_allocated_mb: 143.9000  max_mem_reserved_mb: 11086.0000
04/08 17:52:50 - mmengine - INFO - Epoch(train)  [3][1150/5000]  lr: 3.1539e-04  eta: 7:05:53  time: 0.6091  data_time: 0.0127  memory: 10543  grad_norm: 1.7576  loss: 0.7700  loss_heatmap: 0.3189  layer_-1_loss_cls: 0.0776  layer_-1_loss_bbox: 0.3735  matched_ious: 0.5608  sec_per_iter: 0.5755  iters_per_sec: 1.7400  samples_per_sec: 27.8000  samples_per_sec_per_gpu: 6.9500  max_mem_allocated_mb: 143.9000  max_mem_reserved_mb: 11086.0000
04/08 17:53:19 - mmengine - INFO - Epoch(train)  [3][1200/5000]  lr: 3.1713e-04  eta: 7:05:39  time: 0.5789  data_time: 0.0099  memory: 10393  grad_norm: 1.8027  loss: 0.8275  loss_heatmap: 0.3531  layer_-1_loss_cls: 0.0860  layer_-1_loss_bbox: 0.3884  matched_ious: 0.5509  sec_per_iter: 0.5769  iters_per_sec: 1.7300  samples_per_sec: 27.7300  samples_per_sec_per_gpu: 6.9300  max_mem_allocated_mb: 143.9000  max_mem_reserved_mb: 11086.0000
04/08 17:53:49 - mmengine - INFO - Epoch(train)  [3][1250/5000]  lr: 3.1886e-04  eta: 7:05:27  time: 0.5887  data_time: 0.0207  memory: 10393  grad_norm: 1.6253  loss: 0.8222  loss_heatmap: 0.3487  layer_-1_loss_cls: 0.0839  layer_-1_loss_bbox: 0.3896  matched_ious: 0.4971  sec_per_iter: 0.5770  iters_per_sec: 1.7300  samples_per_sec: 27.7300  samples_per_sec_per_gpu: 6.9300  max_mem_allocated_mb: 143.9000  max_mem_reserved_mb: 11086.0000
04/08 17:54:13 - mmengine - INFO - Epoch(train)  [3][1300/5000]  lr: 3.2059e-04  eta: 7:04:54  time: 0.4906  data_time: 0.0116  memory: 10389  grad_norm: 1.7346  loss: 0.7804  loss_heatmap: 0.3179  layer_-1_loss_cls: 0.0774  layer_-1_loss_bbox: 0.3850  matched_ious: 0.5551  sec_per_iter: 0.5775  iters_per_sec: 1.7300  samples_per_sec: 27.7000  samples_per_sec_per_gpu: 6.9300  max_mem_allocated_mb: 143.9000  max_mem_reserved_mb: 11086.0000
04/08 17:54:40 - mmengine - INFO - Epoch(train)  [3][1350/5000]  lr: 3.2232e-04  eta: 7:04:29  time: 0.5272  data_time: 0.0099  memory: 10519  grad_norm: 1.9775  loss: 0.8105  loss_heatmap: 0.3350  layer_-1_loss_cls: 0.0842  layer_-1_loss_bbox: 0.3913  matched_ious: 0.5616  sec_per_iter: 0.5741  iters_per_sec: 1.7400  samples_per_sec: 27.8700  samples_per_sec_per_gpu: 6.9700  max_mem_allocated_mb: 143.9000  max_mem_reserved_mb: 11086.0000
04/08 17:55:04 - mmengine - INFO - Epoch(train)  [3][1400/5000]  lr: 3.2405e-04  eta: 7:03:53  time: 0.4791  data_time: 0.0089  memory: 10361  grad_norm: 1.7084  loss: 0.7995  loss_heatmap: 0.3228  layer_-1_loss_cls: 0.0808  layer_-1_loss_bbox: 0.3959  matched_ious: 0.5447  sec_per_iter: 0.5725  iters_per_sec: 1.7500  samples_per_sec: 27.9500  samples_per_sec_per_gpu: 6.9900  max_mem_allocated_mb: 143.9000  max_mem_reserved_mb: 11086.0000
04/08 17:55:30 - mmengine - INFO - Epoch(train)  [3][1450/5000]  lr: 3.2577e-04  eta: 7:03:26  time: 0.5186  data_time: 0.0122  memory: 10371  grad_norm: 1.9178  loss: 0.8709  loss_heatmap: 0.3576  layer_-1_loss_cls: 0.0877  layer_-1_loss_bbox: 0.4256  matched_ious: 0.6039  sec_per_iter: 0.5691  iters_per_sec: 1.7600  samples_per_sec: 28.1200  samples_per_sec_per_gpu: 7.0300  max_mem_allocated_mb: 143.9000  max_mem_reserved_mb: 11086.0000
04/08 17:55:58 - mmengine - INFO - Epoch(train)  [3][1500/5000]  lr: 3.2749e-04  eta: 7:03:09  time: 0.5673  data_time: 0.0121  memory: 10554  grad_norm: 1.6473  loss: 0.8125  loss_heatmap: 0.3388  layer_-1_loss_cls: 0.0804  layer_-1_loss_bbox: 0.3933  matched_ious: 0.5648  sec_per_iter: 0.5674  iters_per_sec: 1.7600  samples_per_sec: 28.2000  samples_per_sec_per_gpu: 7.0500  max_mem_allocated_mb: 143.9000  max_mem_reserved_mb: 11086.0000
04/08 17:56:27 - mmengine - INFO - Epoch(train)  [3][1550/5000]  lr: 3.2921e-04  eta: 7:02:57  time: 0.5892  data_time: 0.0139  memory: 10532  grad_norm: 1.6895  loss: 0.8549  loss_heatmap: 0.3564  layer_-1_loss_cls: 0.0875  layer_-1_loss_bbox: 0.4111  matched_ious: 0.5891  sec_per_iter: 0.5674  iters_per_sec: 1.7600  samples_per_sec: 28.2000  samples_per_sec_per_gpu: 7.0500  max_mem_allocated_mb: 143.9000  max_mem_reserved_mb: 11086.0000
04/08 17:56:52 - mmengine - INFO - Epoch(train)  [3][1600/5000]  lr: 3.3092e-04  eta: 7:02:26  time: 0.5017  data_time: 0.0078  memory: 10383  grad_norm: 1.6387  loss: 0.8114  loss_heatmap: 0.3331  layer_-1_loss_cls: 0.0805  layer_-1_loss_bbox: 0.3979  matched_ious: 0.5416  sec_per_iter: 0.5680  iters_per_sec: 1.7600  samples_per_sec: 28.1700  samples_per_sec_per_gpu: 7.0400  max_mem_allocated_mb: 143.9000  max_mem_reserved_mb: 11086.0000
04/08 17:57:20 - mmengine - INFO - Epoch(train)  [3][1650/5000]  lr: 3.3263e-04  eta: 7:02:06  time: 0.5529  data_time: 0.0084  memory: 10330  grad_norm: 1.7451  loss: 0.7877  loss_heatmap: 0.3284  layer_-1_loss_cls: 0.0830  layer_-1_loss_bbox: 0.3763  matched_ious: 0.5427  sec_per_iter: 0.5660  iters_per_sec: 1.7700  samples_per_sec: 28.2700  samples_per_sec_per_gpu: 7.0700  max_mem_allocated_mb: 143.9000  max_mem_reserved_mb: 11086.0000
04/08 17:57:48 - mmengine - INFO - Epoch(train)  [3][1700/5000]  lr: 3.3434e-04  eta: 7:01:45  time: 0.5517  data_time: 0.0177  memory: 10384  grad_norm: 1.7418  loss: 0.8401  loss_heatmap: 0.3416  layer_-1_loss_cls: 0.0815  layer_-1_loss_bbox: 0.4170  matched_ious: 0.5986  sec_per_iter: 0.5656  iters_per_sec: 1.7700  samples_per_sec: 28.2900  samples_per_sec_per_gpu: 7.0700  max_mem_allocated_mb: 143.9000  max_mem_reserved_mb: 11086.0000
04/08 17:58:14 - mmengine - INFO - Epoch(train)  [3][1750/5000]  lr: 3.3604e-04  eta: 7:01:20  time: 0.5283  data_time: 0.0101  memory: 10305  grad_norm: 1.6582  loss: 0.7969  loss_heatmap: 0.3269  layer_-1_loss_cls: 0.0808  layer_-1_loss_bbox: 0.3891  matched_ious: 0.5049  sec_per_iter: 0.5652  iters_per_sec: 1.7700  samples_per_sec: 28.3100  samples_per_sec_per_gpu: 7.0800  max_mem_allocated_mb: 143.9000  max_mem_reserved_mb: 11086.0000
04/08 17:58:42 - mmengine - INFO - Epoch(train)  [3][1800/5000]  lr: 3.3774e-04  eta: 7:01:02  time: 0.5640  data_time: 0.0209  memory: 10465  grad_norm: 1.6643  loss: 0.8779  loss_heatmap: 0.3589  layer_-1_loss_cls: 0.0835  layer_-1_loss_bbox: 0.4355  matched_ious: 0.5373  sec_per_iter: 0.5642  iters_per_sec: 1.7700  samples_per_sec: 28.3600  samples_per_sec_per_gpu: 7.0900  max_mem_allocated_mb: 143.9000  max_mem_reserved_mb: 11086.0000
04/08 17:59:09 - mmengine - INFO - Epoch(train)  [3][1850/5000]  lr: 3.3943e-04  eta: 7:00:39  time: 0.5421  data_time: 0.0160  memory: 10438  grad_norm: 1.7148  loss: 0.7667  loss_heatmap: 0.3243  layer_-1_loss_cls: 0.0796  layer_-1_loss_bbox: 0.3629  matched_ious: 0.5536  sec_per_iter: 0.5641  iters_per_sec: 1.7700  samples_per_sec: 28.3600  samples_per_sec_per_gpu: 7.0900  max_mem_allocated_mb: 143.9000  max_mem_reserved_mb: 11086.0000
04/08 17:59:35 - mmengine - INFO - Epoch(train)  [3][1900/5000]  lr: 3.4113e-04  eta: 7:00:11  time: 0.5127  data_time: 0.0113  memory: 10467  grad_norm: 1.8415  loss: 0.8343  loss_heatmap: 0.3480  layer_-1_loss_cls: 0.0852  layer_-1_loss_bbox: 0.4011  matched_ious: 0.5170  sec_per_iter: 0.5635  iters_per_sec: 1.7700  samples_per_sec: 28.3900  samples_per_sec_per_gpu: 7.1000  max_mem_allocated_mb: 143.9000  max_mem_reserved_mb: 11086.0000
04/08 18:00:00 - mmengine - INFO - Epoch(train)  [3][1950/5000]  lr: 3.4281e-04  eta: 6:59:40  time: 0.5006  data_time: 0.0098  memory: 10342  grad_norm: 1.7858  loss: 0.8637  loss_heatmap: 0.3509  layer_-1_loss_cls: 0.0826  layer_-1_loss_bbox: 0.4302  matched_ious: 0.5583  sec_per_iter: 0.5622  iters_per_sec: 1.7800  samples_per_sec: 28.4600  samples_per_sec_per_gpu: 7.1200  max_mem_allocated_mb: 143.9000  max_mem_reserved_mb: 11086.0000
04/08 18:00:26 - mmengine - INFO - Exp name: zod_lidar_only_continue_20260408_160451
04/08 18:00:26 - mmengine - INFO - Epoch(train)  [3][2000/5000]  lr: 3.4450e-04  eta: 6:59:13  time: 0.5192  data_time: 0.0097  memory: 10388  grad_norm: 1.7146  loss: 0.8307  loss_heatmap: 0.3487  layer_-1_loss_cls: 0.0858  layer_-1_loss_bbox: 0.3963  matched_ious: 0.5909  sec_per_iter: 0.5606  iters_per_sec: 1.7800  samples_per_sec: 28.5400  samples_per_sec_per_gpu: 7.1400  max_mem_allocated_mb: 143.9000  max_mem_reserved_mb: 11086.0000
04/08 18:00:53 - mmengine - INFO - Epoch(train)  [3][2050/5000]  lr: 3.4617e-04  eta: 6:58:48  time: 0.5336  data_time: 0.0088  memory: 10498  grad_norm: 1.7354  loss: 0.8427  loss_heatmap: 0.3536  layer_-1_loss_cls: 0.0873  layer_-1_loss_bbox: 0.4017  matched_ious: 0.5438  sec_per_iter: 0.5596  iters_per_sec: 1.7900  samples_per_sec: 28.5900  samples_per_sec_per_gpu: 7.1500  max_mem_allocated_mb: 143.9000  max_mem_reserved_mb: 11086.0000
04/08 18:01:22 - mmengine - INFO - Epoch(train)  [3][2100/5000]  lr: 3.4785e-04  eta: 6:58:36  time: 0.5924  data_time: 0.0085  memory: 10298  grad_norm: 1.6214  loss: 0.7773  loss_heatmap: 0.3245  layer_-1_loss_cls: 0.0775  layer_-1_loss_bbox: 0.3753  matched_ious: 0.5922  sec_per_iter: 0.5589  iters_per_sec: 1.7900  samples_per_sec: 28.6300  samples_per_sec_per_gpu: 7.1600  max_mem_allocated_mb: 143.9000  max_mem_reserved_mb: 11086.0000
04/08 18:01:48 - mmengine - INFO - Epoch(train)  [3][2150/5000]  lr: 3.4952e-04  eta: 6:58:09  time: 0.5216  data_time: 0.0128  memory: 10579  grad_norm: 1.7154  loss: 0.8040  loss_heatmap: 0.3264  layer_-1_loss_cls: 0.0808  layer_-1_loss_bbox: 0.3968  matched_ious: 0.5809  sec_per_iter: 0.5597  iters_per_sec: 1.7900  samples_per_sec: 28.5900  samples_per_sec_per_gpu: 7.1500  max_mem_allocated_mb: 143.9000  max_mem_reserved_mb: 11086.0000
04/08 18:02:16 - mmengine - INFO - Epoch(train)  [3][2200/5000]  lr: 3.5118e-04  eta: 6:57:47  time: 0.5445  data_time: 0.0078  memory: 10502  grad_norm: 1.7604  loss: 0.7982  loss_heatmap: 0.3280  layer_-1_loss_cls: 0.0840  layer_-1_loss_bbox: 0.3863  matched_ious: 0.5980  sec_per_iter: 0.5589  iters_per_sec: 1.7900  samples_per_sec: 28.6300  samples_per_sec_per_gpu: 7.1600  max_mem_allocated_mb: 143.9000  max_mem_reserved_mb: 11086.0000
04/08 18:02:43 - mmengine - INFO - Epoch(train)  [3][2250/5000]  lr: 3.5284e-04  eta: 6:57:25  time: 0.5493  data_time: 0.0134  memory: 10434  grad_norm: 1.7109  loss: 0.8658  loss_heatmap: 0.3642  layer_-1_loss_cls: 0.0873  layer_-1_loss_bbox: 0.4143  matched_ious: 0.6070  sec_per_iter: 0.5586  iters_per_sec: 1.7900  samples_per_sec: 28.6400  samples_per_sec_per_gpu: 7.1600  max_mem_allocated_mb: 143.9000  max_mem_reserved_mb: 11086.0000
04/08 18:03:10 - mmengine - INFO - Epoch(train)  [3][2300/5000]  lr: 3.5450e-04  eta: 6:57:02  time: 0.5412  data_time: 0.0087  memory: 10390  grad_norm: 1.7043  loss: 0.8129  loss_heatmap: 0.3424  layer_-1_loss_cls: 0.0860  layer_-1_loss_bbox: 0.3845  matched_ious: 0.5526  sec_per_iter: 0.5583  iters_per_sec: 1.7900  samples_per_sec: 28.6600  samples_per_sec_per_gpu: 7.1600  max_mem_allocated_mb: 143.9000  max_mem_reserved_mb: 11086.0000
04/08 18:03:37 - mmengine - INFO - Epoch(train)  [3][2350/5000]  lr: 3.5615e-04  eta: 6:56:39  time: 0.5404  data_time: 0.0148  memory: 10399  grad_norm: 1.7453  loss: 0.8243  loss_heatmap: 0.3486  layer_-1_loss_cls: 0.0861  layer_-1_loss_bbox: 0.3896  matched_ious: 0.5154  sec_per_iter: 0.5579  iters_per_sec: 1.7900  samples_per_sec: 28.6800  samples_per_sec_per_gpu: 7.1700  max_mem_allocated_mb: 143.9000  max_mem_reserved_mb: 11086.0000
04/08 18:04:03 - mmengine - INFO - Epoch(train)  [3][2400/5000]  lr: 3.5780e-04  eta: 6:56:13  time: 0.5256  data_time: 0.0094  memory: 10359  grad_norm: 1.6188  loss: 0.7964  loss_heatmap: 0.3325  layer_-1_loss_cls: 0.0830  layer_-1_loss_bbox: 0.3809  matched_ious: 0.5441  sec_per_iter: 0.5576  iters_per_sec: 1.7900  samples_per_sec: 28.7000  samples_per_sec_per_gpu: 7.1700  max_mem_allocated_mb: 143.9000  max_mem_reserved_mb: 11086.0000
04/08 18:04:34 - mmengine - INFO - Epoch(train)  [3][2450/5000]  lr: 3.5944e-04  eta: 6:56:02  time: 0.6055  data_time: 0.0103  memory: 10454  grad_norm: 1.5666  loss: 0.7933  loss_heatmap: 0.3384  layer_-1_loss_cls: 0.0849  layer_-1_loss_bbox: 0.3700  matched_ious: 0.5804  sec_per_iter: 0.5569  iters_per_sec: 1.8000  samples_per_sec: 28.7300  samples_per_sec_per_gpu: 7.1800  max_mem_allocated_mb: 143.9000  max_mem_reserved_mb: 11086.0000
04/08 18:04:59 - mmengine - INFO - Epoch(train)  [3][2500/5000]  lr: 3.6107e-04  eta: 6:55:32  time: 0.5040  data_time: 0.0128  memory: 10356  grad_norm: 1.6836  loss: 0.8332  loss_heatmap: 0.3402  layer_-1_loss_cls: 0.0849  layer_-1_loss_bbox: 0.4081  matched_ious: 0.5315  sec_per_iter: 0.5579  iters_per_sec: 1.7900  samples_per_sec: 28.6800  samples_per_sec_per_gpu: 7.1700  max_mem_allocated_mb: 143.9000  max_mem_reserved_mb: 11086.0000
04/08 18:05:23 - mmengine - INFO - Epoch(train)  [3][2550/5000]  lr: 3.6270e-04  eta: 6:54:59  time: 0.4891  data_time: 0.0077  memory: 10333  grad_norm: 1.9923  loss: 0.9253  loss_heatmap: 0.3729  layer_-1_loss_cls: 0.0860  layer_-1_loss_bbox: 0.4664  matched_ious: 0.5573  sec_per_iter: 0.5568  iters_per_sec: 1.8000  samples_per_sec: 28.7300  samples_per_sec_per_gpu: 7.1800  max_mem_allocated_mb: 143.9000  max_mem_reserved_mb: 11086.0000
04/08 18:05:51 - mmengine - INFO - Epoch(train)  [3][2600/5000]  lr: 3.6433e-04  eta: 6:54:38  time: 0.5539  data_time: 0.0135  memory: 10344  grad_norm: 1.8147  loss: 0.9384  loss_heatmap: 0.3947  layer_-1_loss_cls: 0.0941  layer_-1_loss_bbox: 0.4496  matched_ious: 0.5196  sec_per_iter: 0.5555  iters_per_sec: 1.8000  samples_per_sec: 28.8000  samples_per_sec_per_gpu: 7.2000  max_mem_allocated_mb: 143.9000  max_mem_reserved_mb: 11086.0000
04/08 18:06:18 - mmengine - INFO - Epoch(train)  [3][2650/5000]  lr: 3.6594e-04  eta: 6:54:14  time: 0.5351  data_time: 0.0118  memory: 10621  grad_norm: 1.6187  loss: 0.8495  loss_heatmap: 0.3598  layer_-1_loss_cls: 0.0867  layer_-1_loss_bbox: 0.4030  matched_ious: 0.5282  sec_per_iter: 0.5555  iters_per_sec: 1.8000  samples_per_sec: 28.8000  samples_per_sec_per_gpu: 7.2000  max_mem_allocated_mb: 143.9000  max_mem_reserved_mb: 11086.0000
04/08 18:06:46 - mmengine - INFO - Epoch(train)  [3][2700/5000]  lr: 3.6756e-04  eta: 6:53:55  time: 0.5623  data_time: 0.0101  memory: 10596  grad_norm: 1.5802  loss: 0.8181  loss_heatmap: 0.3377  layer_-1_loss_cls: 0.0842  layer_-1_loss_bbox: 0.3962  matched_ious: 0.4979  sec_per_iter: 0.5551  iters_per_sec: 1.8000  samples_per_sec: 28.8200  samples_per_sec_per_gpu: 7.2100  max_mem_allocated_mb: 143.9000  max_mem_reserved_mb: 11086.0000
04/08 18:07:14 - mmengine - INFO - Epoch(train)  [3][2750/5000]  lr: 3.6917e-04  eta: 6:53:36  time: 0.5633  data_time: 0.0143  memory: 10476  grad_norm: 1.5891  loss: 0.7745  loss_heatmap: 0.3240  layer_-1_loss_cls: 0.0833  layer_-1_loss_bbox: 0.3672  matched_ious: 0.5733  sec_per_iter: 0.5552  iters_per_sec: 1.8000  samples_per_sec: 28.8200  samples_per_sec_per_gpu: 7.2000  max_mem_allocated_mb: 143.9000  max_mem_reserved_mb: 11086.0000
04/08 18:07:41 - mmengine - INFO - Epoch(train)  [3][2800/5000]  lr: 3.7077e-04  eta: 6:53:11  time: 0.5366  data_time: 0.0087  memory: 10377  grad_norm: 1.6646  loss: 0.8698  loss_heatmap: 0.3640  layer_-1_loss_cls: 0.0884  layer_-1_loss_bbox: 0.4174  matched_ious: 0.4650  sec_per_iter: 0.5554  iters_per_sec: 1.8000  samples_per_sec: 28.8100  samples_per_sec_per_gpu: 7.2000  max_mem_allocated_mb: 143.9000  max_mem_reserved_mb: 11086.0000
04/08 18:08:08 - mmengine - INFO - Epoch(train)  [3][2850/5000]  lr: 3.7236e-04  eta: 6:52:47  time: 0.5375  data_time: 0.0196  memory: 10359  grad_norm: 1.5632  loss: 0.7918  loss_heatmap: 0.3277  layer_-1_loss_cls: 0.0828  layer_-1_loss_bbox: 0.3813  matched_ious: 0.5308  sec_per_iter: 0.5551  iters_per_sec: 1.8000  samples_per_sec: 28.8200  samples_per_sec_per_gpu: 7.2100  max_mem_allocated_mb: 143.9000  max_mem_reserved_mb: 11086.0000
04/08 18:08:37 - mmengine - INFO - Epoch(train)  [3][2900/5000]  lr: 3.7395e-04  eta: 6:52:31  time: 0.5794  data_time: 0.0100  memory: 10484  grad_norm: 1.6353  loss: 0.7903  loss_heatmap: 0.3395  layer_-1_loss_cls: 0.0843  layer_-1_loss_bbox: 0.3664  matched_ious: 0.5004  sec_per_iter: 0.5547  iters_per_sec: 1.8000  samples_per_sec: 28.8400  samples_per_sec_per_gpu: 7.2100  max_mem_allocated_mb: 143.9000  max_mem_reserved_mb: 11086.0000
04/08 18:09:04 - mmengine - INFO - Epoch(train)  [3][2950/5000]  lr: 3.7554e-04  eta: 6:52:08  time: 0.5437  data_time: 0.0100  memory: 10378  grad_norm: 1.7382  loss: 0.8118  loss_heatmap: 0.3417  layer_-1_loss_cls: 0.0888  layer_-1_loss_bbox: 0.3813  matched_ious: 0.5964  sec_per_iter: 0.5551  iters_per_sec: 1.8000  samples_per_sec: 28.8200  samples_per_sec_per_gpu: 7.2100  max_mem_allocated_mb: 143.9000  max_mem_reserved_mb: 11086.0000
04/08 18:09:31 - mmengine - INFO - Exp name: zod_lidar_only_continue_20260408_160451
04/08 18:09:31 - mmengine - INFO - Epoch(train)  [3][3000/5000]  lr: 3.7712e-04  eta: 6:51:44  time: 0.5394  data_time: 0.0112  memory: 10315  grad_norm: 1.6559  loss: 0.8762  loss_heatmap: 0.3699  layer_-1_loss_cls: 0.0882  layer_-1_loss_bbox: 0.4181  matched_ious: 0.5539  sec_per_iter: 0.5550  iters_per_sec: 1.8000  samples_per_sec: 28.8300  samples_per_sec_per_gpu: 7.2100  max_mem_allocated_mb: 143.9000  max_mem_reserved_mb: 11086.0000
04/08 18:10:00 - mmengine - INFO - Epoch(train)  [3][3050/5000]  lr: 3.7869e-04  eta: 6:51:26  time: 0.5719  data_time: 0.0092  memory: 10415  grad_norm: 1.5092  loss: 0.8687  loss_heatmap: 0.3561  layer_-1_loss_cls: 0.0866  layer_-1_loss_bbox: 0.4260  matched_ious: 0.5096  sec_per_iter: 0.5547  iters_per_sec: 1.8000  samples_per_sec: 28.8400  samples_per_sec_per_gpu: 7.2100  max_mem_allocated_mb: 143.9000  max_mem_reserved_mb: 11086.0000
04/08 18:10:28 - mmengine - INFO - Epoch(train)  [3][3100/5000]  lr: 3.8025e-04  eta: 6:51:08  time: 0.5696  data_time: 0.0197  memory: 10364  grad_norm: 1.5387  loss: 0.8150  loss_heatmap: 0.3410  layer_-1_loss_cls: 0.0845  layer_-1_loss_bbox: 0.3894  matched_ious: 0.5697  sec_per_iter: 0.5550  iters_per_sec: 1.8000  samples_per_sec: 28.8300  samples_per_sec_per_gpu: 7.2100  max_mem_allocated_mb: 143.9000  max_mem_reserved_mb: 11086.0000
04/08 18:10:54 - mmengine - INFO - Epoch(train)  [3][3150/5000]  lr: 3.8181e-04  eta: 6:50:40  time: 0.5177  data_time: 0.0085  memory: 10287  grad_norm: 1.8498  loss: 0.8682  loss_heatmap: 0.3653  layer_-1_loss_cls: 0.0872  layer_-1_loss_bbox: 0.4158  matched_ious: 0.5155  sec_per_iter: 0.5552  iters_per_sec: 1.8000  samples_per_sec: 28.8200  samples_per_sec_per_gpu: 7.2000  max_mem_allocated_mb: 143.9000  max_mem_reserved_mb: 11086.0000
04/08 18:11:22 - mmengine - INFO - Epoch(train)  [3][3200/5000]  lr: 3.8336e-04  eta: 6:50:22  time: 0.5704  data_time: 0.0185  memory: 10555  grad_norm: 1.7328  loss: 0.8649  loss_heatmap: 0.3537  layer_-1_loss_cls: 0.0910  layer_-1_loss_bbox: 0.4202  matched_ious: 0.5644  sec_per_iter: 0.5546  iters_per_sec: 1.8000  samples_per_sec: 28.8500  samples_per_sec_per_gpu: 7.2100  max_mem_allocated_mb: 143.9000  max_mem_reserved_mb: 11086.0000
04/08 18:11:49 - mmengine - INFO - Epoch(train)  [3][3250/5000]  lr: 3.8491e-04  eta: 6:49:57  time: 0.5369  data_time: 0.0202  memory: 10552  grad_norm: 1.6527  loss: 0.8587  loss_heatmap: 0.3585  layer_-1_loss_cls: 0.0880  layer_-1_loss_bbox: 0.4122  matched_ious: 0.5349  sec_per_iter: 0.5549  iters_per_sec: 1.8000  samples_per_sec: 28.8400  samples_per_sec_per_gpu: 7.2100  max_mem_allocated_mb: 143.9000  max_mem_reserved_mb: 11086.0000
04/08 18:12:17 - mmengine - INFO - Epoch(train)  [3][3300/5000]  lr: 3.8645e-04  eta: 6:49:36  time: 0.5563  data_time: 0.0136  memory: 10524  grad_norm: 1.5721  loss: 0.8472  loss_heatmap: 0.3386  layer_-1_loss_cls: 0.0807  layer_-1_loss_bbox: 0.4279  matched_ious: 0.5488  sec_per_iter: 0.5546  iters_per_sec: 1.8000  samples_per_sec: 28.8500  samples_per_sec_per_gpu: 7.2100  max_mem_allocated_mb: 143.9000  max_mem_reserved_mb: 11086.0000
04/08 18:12:43 - mmengine - INFO - Epoch(train)  [3][3350/5000]  lr: 3.8798e-04  eta: 6:49:09  time: 0.5199  data_time: 0.0127  memory: 10628  grad_norm: 1.6493  loss: 0.8388  loss_heatmap: 0.3592  layer_-1_loss_cls: 0.0939  layer_-1_loss_bbox: 0.3858  matched_ious: 0.5645  sec_per_iter: 0.5546  iters_per_sec: 1.8000  samples_per_sec: 28.8500  samples_per_sec_per_gpu: 7.2100  max_mem_allocated_mb: 143.9000  max_mem_reserved_mb: 11086.0000
04/08 18:13:09 - mmengine - INFO - Epoch(train)  [3][3400/5000]  lr: 3.8950e-04  eta: 6:48:41  time: 0.5166  data_time: 0.0167  memory: 10467  grad_norm: 1.6938  loss: 0.9063  loss_heatmap: 0.3792  layer_-1_loss_cls: 0.0918  layer_-1_loss_bbox: 0.4352  matched_ious: 0.5578  sec_per_iter: 0.5541  iters_per_sec: 1.8000  samples_per_sec: 28.8800  samples_per_sec_per_gpu: 7.2200  max_mem_allocated_mb: 143.9000  max_mem_reserved_mb: 11086.0000
04/08 18:13:38 - mmengine - INFO - Epoch(train)  [3][3450/5000]  lr: 3.9102e-04  eta: 6:48:24  time: 0.5785  data_time: 0.0163  memory: 10447  grad_norm: 1.6160  loss: 0.8651  loss_heatmap: 0.3643  layer_-1_loss_cls: 0.0856  layer_-1_loss_bbox: 0.4152  matched_ious: 0.5659  sec_per_iter: 0.5535  iters_per_sec: 1.8100  samples_per_sec: 28.9000  samples_per_sec_per_gpu: 7.2300  max_mem_allocated_mb: 143.9000  max_mem_reserved_mb: 11086.0000
04/08 18:14:04 - mmengine - INFO - Epoch(train)  [3][3500/5000]  lr: 3.9253e-04  eta: 6:47:56  time: 0.5184  data_time: 0.0109  memory: 10454  grad_norm: inf  loss: 0.8449  loss_heatmap: 0.3561  layer_-1_loss_cls: 0.0906  layer_-1_loss_bbox: 0.3982  matched_ious: 0.5377  sec_per_iter: 0.5539  iters_per_sec: 1.8100  samples_per_sec: 28.8900  samples_per_sec_per_gpu: 7.2200  max_mem_allocated_mb: 143.9000  max_mem_reserved_mb: 11086.0000
04/08 18:14:28 - mmengine - INFO - Epoch(train)  [3][3550/5000]  lr: 3.9404e-04  eta: 6:47:23  time: 0.4904  data_time: 0.0125  memory: 10329  grad_norm: 1.6608  loss: 0.8108  loss_heatmap: 0.3490  layer_-1_loss_cls: 0.0867  layer_-1_loss_bbox: 0.3751  matched_ious: 0.5799  sec_per_iter: 0.5534  iters_per_sec: 1.8100  samples_per_sec: 28.9100  samples_per_sec_per_gpu: 7.2300  max_mem_allocated_mb: 143.9000  max_mem_reserved_mb: 11086.0000
04/08 18:14:55 - mmengine - INFO - Epoch(train)  [3][3600/5000]  lr: 3.9553e-04  eta: 6:46:57  time: 0.5251  data_time: 0.0158  memory: 10459  grad_norm: 1.6819  loss: 0.8567  loss_heatmap: 0.3436  layer_-1_loss_cls: 0.0843  layer_-1_loss_bbox: 0.4289  matched_ious: 0.5994  sec_per_iter: 0.5525  iters_per_sec: 1.8100  samples_per_sec: 28.9600  samples_per_sec_per_gpu: 7.2400  max_mem_allocated_mb: 143.9000  max_mem_reserved_mb: 11086.0000
04/08 18:15:22 - mmengine - INFO - Epoch(train)  [3][3650/5000]  lr: 3.9702e-04  eta: 6:46:36  time: 0.5559  data_time: 0.0138  memory: 10306  grad_norm: 1.8017  loss: 0.8476  loss_heatmap: 0.3609  layer_-1_loss_cls: 0.0939  layer_-1_loss_bbox: 0.3927  matched_ious: 0.5858  sec_per_iter: 0.5521  iters_per_sec: 1.8100  samples_per_sec: 28.9800  samples_per_sec_per_gpu: 7.2400  max_mem_allocated_mb: 143.9000  max_mem_reserved_mb: 11086.0000
04/08 18:15:50 - mmengine - INFO - Epoch(train)  [3][3700/5000]  lr: 3.9850e-04  eta: 6:46:13  time: 0.5483  data_time: 0.0135  memory: 10369  grad_norm: 1.6650  loss: 0.8319  loss_heatmap: 0.3495  layer_-1_loss_cls: 0.0891  layer_-1_loss_bbox: 0.3932  matched_ious: 0.5446  sec_per_iter: 0.5522  iters_per_sec: 1.8100  samples_per_sec: 28.9800  samples_per_sec_per_gpu: 7.2400  max_mem_allocated_mb: 143.9000  max_mem_reserved_mb: 11086.0000
04/08 18:16:18 - mmengine - INFO - Epoch(train)  [3][3750/5000]  lr: 3.9997e-04  eta: 6:45:52  time: 0.5607  data_time: 0.0154  memory: 10501  grad_norm: 1.7393  loss: 0.8693  loss_heatmap: 0.3674  layer_-1_loss_cls: 0.0916  layer_-1_loss_bbox: 0.4103  matched_ious: 0.5407  sec_per_iter: 0.5522  iters_per_sec: 1.8100  samples_per_sec: 28.9800  samples_per_sec_per_gpu: 7.2400  max_mem_allocated_mb: 143.9000  max_mem_reserved_mb: 11086.0000
04/08 18:16:46 - mmengine - INFO - Epoch(train)  [3][3800/5000]  lr: 4.0144e-04  eta: 6:45:32  time: 0.5618  data_time: 0.0100  memory: 10435  grad_norm: 1.8545  loss: 0.8850  loss_heatmap: 0.3802  layer_-1_loss_cls: 0.0978  layer_-1_loss_bbox: 0.4070  matched_ious: 0.5427  sec_per_iter: 0.5522  iters_per_sec: 1.8100  samples_per_sec: 28.9700  samples_per_sec_per_gpu: 7.2400  max_mem_allocated_mb: 143.9000  max_mem_reserved_mb: 11086.0000
04/08 18:17:11 - mmengine - INFO - Epoch(train)  [3][3850/5000]  lr: 4.0290e-04  eta: 6:45:02  time: 0.5058  data_time: 0.0077  memory: 10661  grad_norm: 1.6764  loss: 0.8759  loss_heatmap: 0.3735  layer_-1_loss_cls: 0.0904  layer_-1_loss_bbox: 0.4121  matched_ious: 0.5688  sec_per_iter: 0.5524  iters_per_sec: 1.8100  samples_per_sec: 28.9700  samples_per_sec_per_gpu: 7.2400  max_mem_allocated_mb: 143.9000  max_mem_reserved_mb: 11086.0000
04/08 18:17:36 - mmengine - INFO - Epoch(train)  [3][3900/5000]  lr: 4.0435e-04  eta: 6:44:32  time: 0.5011  data_time: 0.0082  memory: 10482  grad_norm: 1.6367  loss: 0.8268  loss_heatmap: 0.3614  layer_-1_loss_cls: 0.0875  layer_-1_loss_bbox: 0.3778  matched_ious: 0.5296  sec_per_iter: 0.5518  iters_per_sec: 1.8100  samples_per_sec: 29.0000  samples_per_sec_per_gpu: 7.2500  max_mem_allocated_mb: 143.9000  max_mem_reserved_mb: 11086.0000
04/08 18:18:04 - mmengine - INFO - Epoch(train)  [3][3950/5000]  lr: 4.0579e-04  eta: 6:44:11  time: 0.5584  data_time: 0.0216  memory: 10308  grad_norm: 1.6579  loss: 0.8393  loss_heatmap: 0.3547  layer_-1_loss_cls: 0.0862  layer_-1_loss_bbox: 0.3983  matched_ious: 0.5310  sec_per_iter: 0.5511  iters_per_sec: 1.8100  samples_per_sec: 29.0300  samples_per_sec_per_gpu: 7.2600  max_mem_allocated_mb: 143.9000  max_mem_reserved_mb: 11086.0000
04/08 18:18:33 - mmengine - INFO - Exp name: zod_lidar_only_continue_20260408_160451
04/08 18:18:33 - mmengine - INFO - Epoch(train)  [3][4000/5000]  lr: 4.0722e-04  eta: 6:43:54  time: 0.5836  data_time: 0.0095  memory: 10460  grad_norm: 1.6353  loss: 0.8985  loss_heatmap: 0.3719  layer_-1_loss_cls: 0.0894  layer_-1_loss_bbox: 0.4371  matched_ious: 0.5543  sec_per_iter: 0.5512  iters_per_sec: 1.8100  samples_per_sec: 29.0300  samples_per_sec_per_gpu: 7.2600  max_mem_allocated_mb: 143.9000  max_mem_reserved_mb: 11086.0000
04/08 18:19:01 - mmengine - INFO - Epoch(train)  [3][4050/5000]  lr: 4.0865e-04  eta: 6:43:32  time: 0.5579  data_time: 0.0228  memory: 10365  grad_norm: 1.5647  loss: 0.7899  loss_heatmap: 0.3321  layer_-1_loss_cls: 0.0842  layer_-1_loss_bbox: 0.3736  matched_ious: 0.5905  sec_per_iter: 0.5516  iters_per_sec: 1.8100  samples_per_sec: 29.0100  samples_per_sec_per_gpu: 7.2500  max_mem_allocated_mb: 143.9000  max_mem_reserved_mb: 11086.0000
04/08 18:19:28 - mmengine - INFO - Epoch(train)  [3][4100/5000]  lr: 4.1007e-04  eta: 6:43:07  time: 0.5359  data_time: 0.0076  memory: 10342  grad_norm: 1.7489  loss: 0.8095  loss_heatmap: 0.3426  layer_-1_loss_cls: 0.0886  layer_-1_loss_bbox: 0.3783  matched_ious: 0.5867  sec_per_iter: 0.5517  iters_per_sec: 1.8100  samples_per_sec: 29.0000  samples_per_sec_per_gpu: 7.2500  max_mem_allocated_mb: 143.9000  max_mem_reserved_mb: 11086.0000
04/08 18:19:54 - mmengine - INFO - Epoch(train)  [3][4150/5000]  lr: 4.1148e-04  eta: 6:42:38  time: 0.5105  data_time: 0.0099  memory: 10267  grad_norm: 1.6407  loss: 0.8601  loss_heatmap: 0.3711  layer_-1_loss_cls: 0.0917  layer_-1_loss_bbox: 0.3974  matched_ious: 0.6028  sec_per_iter: 0.5515  iters_per_sec: 1.8100  samples_per_sec: 29.0100  samples_per_sec_per_gpu: 7.2500  max_mem_allocated_mb: 143.9000  max_mem_reserved_mb: 11086.0000
04/08 18:20:25 - mmengine - INFO - Epoch(train)  [3][4200/5000]  lr: 4.1288e-04  eta: 6:42:28  time: 0.6280  data_time: 0.0179  memory: 10454  grad_norm: 1.6682  loss: 0.8585  loss_heatmap: 0.3495  layer_-1_loss_cls: 0.0872  layer_-1_loss_bbox: 0.4218  matched_ious: 0.5763  sec_per_iter: 0.5510  iters_per_sec: 1.8100  samples_per_sec: 29.0400  samples_per_sec_per_gpu: 7.2600  max_mem_allocated_mb: 143.9000  max_mem_reserved_mb: 11086.0000
04/08 18:20:53 - mmengine - INFO - Epoch(train)  [3][4250/5000]  lr: 4.1427e-04  eta: 6:42:08  time: 0.5674  data_time: 0.0132  memory: 10340  grad_norm: 1.6030  loss: 0.8262  loss_heatmap: 0.3480  layer_-1_loss_cls: 0.0853  layer_-1_loss_bbox: 0.3929  matched_ious: 0.5948  sec_per_iter: 0.5519  iters_per_sec: 1.8100  samples_per_sec: 28.9900  samples_per_sec_per_gpu: 7.2500  max_mem_allocated_mb: 143.9000  max_mem_reserved_mb: 11086.0000
04/08 18:21:22 - mmengine - INFO - Epoch(train)  [3][4300/5000]  lr: 4.1565e-04  eta: 6:41:48  time: 0.5649  data_time: 0.0211  memory: 10349  grad_norm: 1.6636  loss: 0.8225  loss_heatmap: 0.3521  layer_-1_loss_cls: 0.0879  layer_-1_loss_bbox: 0.3825  matched_ious: 0.5504  sec_per_iter: 0.5521  iters_per_sec: 1.8100  samples_per_sec: 28.9800  samples_per_sec_per_gpu: 7.2400  max_mem_allocated_mb: 143.9000  max_mem_reserved_mb: 11086.0000
04/08 18:21:47 - mmengine - INFO - Epoch(train)  [3][4350/5000]  lr: 4.1703e-04  eta: 6:41:19  time: 0.5130  data_time: 0.0124  memory: 10376  grad_norm: 1.7028  loss: 0.8151  loss_heatmap: 0.3508  layer_-1_loss_cls: 0.0860  layer_-1_loss_bbox: 0.3784  matched_ious: 0.5449  sec_per_iter: 0.5523  iters_per_sec: 1.8100  samples_per_sec: 28.9700  samples_per_sec_per_gpu: 7.2400  max_mem_allocated_mb: 143.9000  max_mem_reserved_mb: 11086.0000
04/08 18:22:15 - mmengine - INFO - Epoch(train)  [3][4400/5000]  lr: 4.1839e-04  eta: 6:40:56  time: 0.5461  data_time: 0.0124  memory: 10364  grad_norm: 1.6734  loss: 0.8806  loss_heatmap: 0.3767  layer_-1_loss_cls: 0.0918  layer_-1_loss_bbox: 0.4122  matched_ious: 0.5686  sec_per_iter: 0.5518  iters_per_sec: 1.8100  samples_per_sec: 29.0000  samples_per_sec_per_gpu: 7.2500  max_mem_allocated_mb: 143.9000  max_mem_reserved_mb: 11086.0000
04/08 18:22:41 - mmengine - INFO - Epoch(train)  [3][4450/5000]  lr: 4.1975e-04  eta: 6:40:29  time: 0.5266  data_time: 0.0100  memory: 10394  grad_norm: 1.6627  loss: 0.8519  loss_heatmap: 0.3505  layer_-1_loss_cls: 0.0889  layer_-1_loss_bbox: 0.4125  matched_ious: 0.4882  sec_per_iter: 0.5518  iters_per_sec: 1.8100  samples_per_sec: 29.0000  samples_per_sec_per_gpu: 7.2500  max_mem_allocated_mb: 143.9000  max_mem_reserved_mb: 11086.0000
04/08 18:23:09 - mmengine - INFO - Epoch(train)  [3][4500/5000]  lr: 4.2110e-04  eta: 6:40:08  time: 0.5611  data_time: 0.0178  memory: 10391  grad_norm: 1.5222  loss: 0.8428  loss_heatmap: 0.3599  layer_-1_loss_cls: 0.0893  layer_-1_loss_bbox: 0.3936  matched_ious: 0.5561  sec_per_iter: 0.5515  iters_per_sec: 1.8100  samples_per_sec: 29.0100  samples_per_sec_per_gpu: 7.2500  max_mem_allocated_mb: 143.9000  max_mem_reserved_mb: 11086.0000
04/08 18:23:38 - mmengine - INFO - Epoch(train)  [3][4550/5000]  lr: 4.2244e-04  eta: 6:39:49  time: 0.5744  data_time: 0.0181  memory: 10408  grad_norm: 1.6798  loss: 0.8183  loss_heatmap: 0.3543  layer_-1_loss_cls: 0.0883  layer_-1_loss_bbox: 0.3758  matched_ious: 0.5654  sec_per_iter: 0.5516  iters_per_sec: 1.8100  samples_per_sec: 29.0100  samples_per_sec_per_gpu: 7.2500  max_mem_allocated_mb: 143.9000  max_mem_reserved_mb: 11086.0000
04/08 18:24:05 - mmengine - INFO - Epoch(train)  [3][4600/5000]  lr: 4.2377e-04  eta: 6:39:26  time: 0.5465  data_time: 0.0123  memory: 10439  grad_norm: 1.7941  loss: 0.8733  loss_heatmap: 0.3687  layer_-1_loss_cls: 0.0891  layer_-1_loss_bbox: 0.4155  matched_ious: 0.5173  sec_per_iter: 0.5518  iters_per_sec: 1.8100  samples_per_sec: 28.9900  samples_per_sec_per_gpu: 7.2500  max_mem_allocated_mb: 143.9000  max_mem_reserved_mb: 11086.0000
04/08 18:24:31 - mmengine - INFO - Epoch(train)  [3][4650/5000]  lr: 4.2509e-04  eta: 6:38:59  time: 0.5225  data_time: 0.0138  memory: 10492  grad_norm: 1.8340  loss: 0.9082  loss_heatmap: 0.3911  layer_-1_loss_cls: 0.0945  layer_-1_loss_bbox: 0.4226  matched_ious: 0.6142  sec_per_iter: 0.5518  iters_per_sec: 1.8100  samples_per_sec: 29.0000  samples_per_sec_per_gpu: 7.2500  max_mem_allocated_mb: 143.9000  max_mem_reserved_mb: 11086.0000
04/08 18:24:59 - mmengine - INFO - Epoch(train)  [3][4700/5000]  lr: 4.2640e-04  eta: 6:38:36  time: 0.5508  data_time: 0.0099  memory: 10515  grad_norm: 1.6688  loss: 0.9120  loss_heatmap: 0.3918  layer_-1_loss_cls: 0.0920  layer_-1_loss_bbox: 0.4282  matched_ious: 0.5660  sec_per_iter: 0.5515  iters_per_sec: 1.8100  samples_per_sec: 29.0100  samples_per_sec_per_gpu: 7.2500  max_mem_allocated_mb: 143.9000  max_mem_reserved_mb: 11086.0000
04/08 18:25:24 - mmengine - INFO - Epoch(train)  [3][4750/5000]  lr: 4.2770e-04  eta: 6:38:06  time: 0.5067  data_time: 0.0090  memory: 10511  grad_norm: 1.7125  loss: 0.8938  loss_heatmap: 0.3757  layer_-1_loss_cls: 0.0921  layer_-1_loss_bbox: 0.4259  matched_ious: 0.5915  sec_per_iter: 0.5514  iters_per_sec: 1.8100  samples_per_sec: 29.0100  samples_per_sec_per_gpu: 7.2500  max_mem_allocated_mb: 143.9000  max_mem_reserved_mb: 11086.0000
04/08 18:25:53 - mmengine - INFO - Epoch(train)  [3][4800/5000]  lr: 4.2900e-04  eta: 6:37:48  time: 0.5827  data_time: 0.0086  memory: 10396  grad_norm: 1.5943  loss: 0.8972  loss_heatmap: 0.3779  layer_-1_loss_cls: 0.0939  layer_-1_loss_bbox: 0.4254  matched_ious: 0.4998  sec_per_iter: 0.5510  iters_per_sec: 1.8100  samples_per_sec: 29.0400  samples_per_sec_per_gpu: 7.2600  max_mem_allocated_mb: 143.9000  max_mem_reserved_mb: 11086.0000
04/08 18:26:20 - mmengine - INFO - Epoch(train)  [3][4850/5000]  lr: 4.3028e-04  eta: 6:37:24  time: 0.5448  data_time: 0.0084  memory: 10411  grad_norm: 1.6073  loss: 0.8302  loss_heatmap: 0.3486  layer_-1_loss_cls: 0.0869  layer_-1_loss_bbox: 0.3947  matched_ious: 0.5568  sec_per_iter: 0.5513  iters_per_sec: 1.8100  samples_per_sec: 29.0200  samples_per_sec_per_gpu: 7.2600  max_mem_allocated_mb: 143.9000  max_mem_reserved_mb: 11086.0000
04/08 18:26:46 - mmengine - INFO - Epoch(train)  [3][4900/5000]  lr: 4.3155e-04  eta: 6:36:55  time: 0.5119  data_time: 0.0084  memory: 10317  grad_norm: 1.7190  loss: 0.8637  loss_heatmap: 0.3658  layer_-1_loss_cls: 0.0884  layer_-1_loss_bbox: 0.4095  matched_ious: 0.5306  sec_per_iter: 0.5512  iters_per_sec: 1.8100  samples_per_sec: 29.0300  samples_per_sec_per_gpu: 7.2600  max_mem_allocated_mb: 143.9000  max_mem_reserved_mb: 11086.0000
04/08 18:27:12 - mmengine - INFO - Epoch(train)  [3][4950/5000]  lr: 4.3282e-04  eta: 6:36:27  time: 0.5190  data_time: 0.0099  memory: 10382  grad_norm: 1.6297  loss: 0.8702  loss_heatmap: 0.3771  layer_-1_loss_cls: 0.0932  layer_-1_loss_bbox: 0.3999  matched_ious: 0.5553  sec_per_iter: 0.5508  iters_per_sec: 1.8200  samples_per_sec: 29.0500  samples_per_sec_per_gpu: 7.2600  max_mem_allocated_mb: 143.9000  max_mem_reserved_mb: 11086.0000
04/08 18:27:39 - mmengine - INFO - Exp name: zod_lidar_only_continue_20260408_160451
04/08 18:27:39 - mmengine - INFO - Epoch(train)  [3][5000/5000]  lr: 4.3407e-04  eta: 6:36:02  time: 0.5325  data_time: 0.0117  memory: 10427  grad_norm: 1.5919  loss: 0.8041  loss_heatmap: 0.3538  layer_-1_loss_cls: 0.0878  layer_-1_loss_bbox: 0.3625  matched_ious: 0.5193  sec_per_iter: 0.5505  iters_per_sec: 1.8200  samples_per_sec: 29.0600  samples_per_sec_per_gpu: 7.2700  max_mem_allocated_mb: 143.9000  max_mem_reserved_mb: 11086.0000
04/08 18:27:39 - mmengine - INFO - [Efficiency] Epoch 3: wall=2751.7s  iters=5000  sec/iter=0.550  mem_alloc=144MB  mem_rsv=11086MB
04/08 18:27:46 - mmengine - INFO - Epoch(val)  [3][  50/1250]    eta: 0:02:46  time: 0.1391  data_time: 0.0048  memory: 2447  
04/08 18:27:53 - mmengine - INFO - Epoch(val)  [3][ 100/1250]    eta: 0:02:44  time: 0.1472  data_time: 0.0021  memory: 2447  
04/08 18:28:00 - mmengine - INFO - Epoch(val)  [3][ 150/1250]    eta: 0:02:36  time: 0.1411  data_time: 0.0019  memory: 2447  
04/08 18:28:07 - mmengine - INFO - Epoch(val)  [3][ 200/1250]    eta: 0:02:27  time: 0.1326  data_time: 0.0021  memory: 2447  
04/08 18:28:15 - mmengine - INFO - Epoch(val)  [3][ 250/1250]    eta: 0:02:24  time: 0.1645  data_time: 0.0026  memory: 2447  
04/08 18:28:21 - mmengine - INFO - Epoch(val)  [3][ 300/1250]    eta: 0:02:15  time: 0.1300  data_time: 0.0028  memory: 2447  
04/08 18:28:29 - mmengine - INFO - Epoch(val)  [3][ 350/1250]    eta: 0:02:08  time: 0.1463  data_time: 0.0022  memory: 2447  
04/08 18:28:36 - mmengine - INFO - Epoch(val)  [3][ 400/1250]    eta: 0:02:00  time: 0.1353  data_time: 0.0021  memory: 2447  
04/08 18:28:44 - mmengine - INFO - Epoch(val)  [3][ 450/1250]    eta: 0:01:56  time: 0.1733  data_time: 0.0066  memory: 2447  
04/08 18:28:51 - mmengine - INFO - Epoch(val)  [3][ 500/1250]    eta: 0:01:49  time: 0.1441  data_time: 0.0030  memory: 2447  
04/08 18:28:58 - mmengine - INFO - Epoch(val)  [3][ 550/1250]    eta: 0:01:41  time: 0.1404  data_time: 0.0031  memory: 2447  
04/08 18:29:06 - mmengine - INFO - Epoch(val)  [3][ 600/1250]    eta: 0:01:34  time: 0.1532  data_time: 0.0033  memory: 2447  
04/08 18:29:13 - mmengine - INFO - Epoch(val)  [3][ 650/1250]    eta: 0:01:26  time: 0.1360  data_time: 0.0023  memory: 2447  
04/08 18:29:19 - mmengine - INFO - Epoch(val)  [3][ 700/1250]    eta: 0:01:19  time: 0.1322  data_time: 0.0021  memory: 2447  
04/08 18:29:27 - mmengine - INFO - Epoch(val)  [3][ 750/1250]    eta: 0:01:12  time: 0.1538  data_time: 0.0025  memory: 2447  
04/08 18:29:34 - mmengine - INFO - Epoch(val)  [3][ 800/1250]    eta: 0:01:04  time: 0.1328  data_time: 0.0025  memory: 2447  
04/08 18:29:41 - mmengine - INFO - Epoch(val)  [3][ 850/1250]    eta: 0:00:57  time: 0.1362  data_time: 0.0022  memory: 2447  
04/08 18:29:47 - mmengine - INFO - Epoch(val)  [3][ 900/1250]    eta: 0:00:49  time: 0.1330  data_time: 0.0017  memory: 2447  
04/08 18:29:54 - mmengine - INFO - Epoch(val)  [3][ 950/1250]    eta: 0:00:42  time: 0.1430  data_time: 0.0028  memory: 2447  
04/08 18:30:01 - mmengine - INFO - Epoch(val)  [3][1000/1250]    eta: 0:00:35  time: 0.1401  data_time: 0.0020  memory: 2447  
04/08 18:30:09 - mmengine - INFO - Epoch(val)  [3][1050/1250]    eta: 0:00:28  time: 0.1427  data_time: 0.0029  memory: 2446  
04/08 18:30:16 - mmengine - INFO - Epoch(val)  [3][1100/1250]    eta: 0:00:21  time: 0.1505  data_time: 0.0056  memory: 2446  
04/08 18:30:23 - mmengine - INFO - Epoch(val)  [3][1150/1250]    eta: 0:00:14  time: 0.1354  data_time: 0.0016  memory: 2447  
04/08 18:30:30 - mmengine - INFO - Epoch(val)  [3][1200/1250]    eta: 0:00:07  time: 0.1438  data_time: 0.0035  memory: 2447  
04/08 18:30:37 - mmengine - INFO - Epoch(val)  [3][1250/1250]    eta: 0:00:00  time: 0.1390  data_time: 0.0016  memory: 2447  
04/08 18:31:58 - mmengine - INFO - 
+------------+---------+---------+---------+---------+
| classes    | AP_0.25 | AR_0.25 | AP_0.50 | AR_0.50 |
+------------+---------+---------+---------+---------+
| pedestrian | 0.7398  | 0.9337  | 0.4991  | 0.6927  |
+------------+---------+---------+---------+---------+
| Overall    | 0.7398  | 0.9337  | 0.4991  | 0.6927  |
+------------+---------+---------+---------+---------+
04/08 18:32:25 - mmengine - INFO - 
+------------+---------+---------+---------+---------+---------+---------+
| classes    | AP_0.5m | AR_0.5m | AP_1.0m | AR_1.0m | AP_2.0m | AR_2.0m |
+------------+---------+---------+---------+---------+---------+---------+
| pedestrian | 0.7580  | 0.9606  | 0.7664  | 0.9670  | 0.7718  | 0.9710  |
+------------+---------+---------+---------+---------+---------+---------+
| Overall    | 0.7580  | 0.9606  | 0.7664  | 0.9670  | 0.7718  | 0.9710  |
+------------+---------+---------+---------+---------+---------+---------+
04/08 18:32:26 - mmengine - INFO - Epoch(val) [3][1250/1250]    pedestrian_AP_0.25: 0.7398  mAP_0.25: 0.7398  pedestrian_rec_0.25: 0.9337  mAR_0.25: 0.9337  pedestrian_AP_0.50: 0.4991  mAP_0.50: 0.4991  pedestrian_rec_0.50: 0.6927  mAR_0.50: 0.6927  pedestrian_AP_0.5m: 0.7580  pedestrian_rec_0.5m: 0.9606  pedestrian_AP_1.0m: 0.7664  pedestrian_rec_1.0m: 0.9670  pedestrian_AP_2.0m: 0.7718  pedestrian_rec_2.0m: 0.9710  mAP_0.5m: 0.7580  mAR_0.5m: 0.9606  mAP_1.0m: 0.7664  mAR_1.0m: 0.9670  mAP_2.0m: 0.7718  mAR_2.0m: 0.9710  data_time: 0.0028  time: 0.1426
04/08 18:32:58 - mmengine - INFO - Epoch(train)  [4][  50/5000]  lr: 4.3532e-04  eta: 6:35:50  time: 0.6231  data_time: 0.0354  memory: 10435  grad_norm: 1.5469  loss: 0.8478  loss_heatmap: 0.3551  layer_-1_loss_cls: 0.0862  layer_-1_loss_bbox: 0.4065  matched_ious: 0.5898  sec_per_iter: 0.5503  iters_per_sec: 1.8200  samples_per_sec: 29.0700  samples_per_sec_per_gpu: 7.2700  max_mem_allocated_mb: 143.9000  max_mem_reserved_mb: 11086.0000
04/08 18:33:27 - mmengine - INFO - Epoch(train)  [4][ 100/5000]  lr: 4.3655e-04  eta: 6:35:31  time: 0.5786  data_time: 0.0140  memory: 10310  grad_norm: 1.6784  loss: 0.8833  loss_heatmap: 0.3860  layer_-1_loss_cls: 0.0928  layer_-1_loss_bbox: 0.4045  matched_ious: 0.5860  sec_per_iter: 0.6246  iters_per_sec: 1.6000  samples_per_sec: 25.6200  samples_per_sec_per_gpu: 6.4000  max_mem_allocated_mb: 143.9000  max_mem_reserved_mb: 11086.0000
04/08 18:33:53 - mmengine - INFO - Epoch(train)  [4][ 150/5000]  lr: 4.3778e-04  eta: 6:35:04  time: 0.5254  data_time: 0.0098  memory: 10356  grad_norm: 1.5627  loss: 0.8437  loss_heatmap: 0.3559  layer_-1_loss_cls: 0.0881  layer_-1_loss_bbox: 0.3997  matched_ious: 0.5243  sec_per_iter: 0.6015  iters_per_sec: 1.6600  samples_per_sec: 26.6000  samples_per_sec_per_gpu: 6.6500  max_mem_allocated_mb: 143.9000  max_mem_reserved_mb: 11086.0000
04/08 18:34:24 - mmengine - INFO - Epoch(train)  [4][ 200/5000]  lr: 4.3899e-04  eta: 6:34:50  time: 0.6170  data_time: 0.0179  memory: 10724  grad_norm: 1.6133  loss: 0.8862  loss_heatmap: 0.3776  layer_-1_loss_cls: 0.0910  layer_-1_loss_bbox: 0.4176  matched_ious: 0.5244  sec_per_iter: 0.5760  iters_per_sec: 1.7400  samples_per_sec: 27.7800  samples_per_sec_per_gpu: 6.9400  max_mem_allocated_mb: 143.9000  max_mem_reserved_mb: 11086.0000
04/08 18:34:51 - mmengine - INFO - Epoch(train)  [4][ 250/5000]  lr: 4.4020e-04  eta: 6:34:24  time: 0.5329  data_time: 0.0137  memory: 10542  grad_norm: 1.7782  loss: 0.8890  loss_heatmap: 0.3794  layer_-1_loss_cls: 0.0919  layer_-1_loss_bbox: 0.4176  matched_ious: 0.5072  sec_per_iter: 0.5864  iters_per_sec: 1.7100  samples_per_sec: 27.2900  samples_per_sec_per_gpu: 6.8200  max_mem_allocated_mb: 143.9000  max_mem_reserved_mb: 11086.0000
04/08 18:35:19 - mmengine - INFO - Epoch(train)  [4][ 300/5000]  lr: 4.4139e-04  eta: 6:34:01  time: 0.5523  data_time: 0.0180  memory: 10587  grad_norm: 1.6595  loss: 0.8557  loss_heatmap: 0.3619  layer_-1_loss_cls: 0.0923  layer_-1_loss_bbox: 0.4016  matched_ious: 0.5389  sec_per_iter: 0.5757  iters_per_sec: 1.7400  samples_per_sec: 27.7900  samples_per_sec_per_gpu: 6.9500  max_mem_allocated_mb: 143.9000  max_mem_reserved_mb: 11086.0000
04/08 18:35:44 - mmengine - INFO - Epoch(train)  [4][ 350/5000]  lr: 4.4258e-04  eta: 6:33:33  time: 0.5170  data_time: 0.0099  memory: 10468  grad_norm: 1.7248  loss: 0.8660  loss_heatmap: 0.3759  layer_-1_loss_cls: 0.0908  layer_-1_loss_bbox: 0.3993  matched_ious: 0.5077  sec_per_iter: 0.5717  iters_per_sec: 1.7500  samples_per_sec: 27.9800  samples_per_sec_per_gpu: 7.0000  max_mem_allocated_mb: 143.9000  max_mem_reserved_mb: 11086.0000
04/08 18:36:08 - mmengine - INFO - Epoch(train)  [4][ 400/5000]  lr: 4.4375e-04  eta: 6:32:59  time: 0.4727  data_time: 0.0082  memory: 10426  grad_norm: 1.7063  loss: 0.8857  loss_heatmap: 0.3722  layer_-1_loss_cls: 0.0900  layer_-1_loss_bbox: 0.4234  matched_ious: 0.5572  sec_per_iter: 0.5639  iters_per_sec: 1.7700  samples_per_sec: 28.3700  samples_per_sec_per_gpu: 7.0900  max_mem_allocated_mb: 143.9000  max_mem_reserved_mb: 11086.0000
04/08 18:36:35 - mmengine - INFO - Epoch(train)  [4][ 450/5000]  lr: 4.4492e-04  eta: 6:32:33  time: 0.5360  data_time: 0.0127  memory: 10529  grad_norm: 1.5907  loss: 0.8192  loss_heatmap: 0.3574  layer_-1_loss_cls: 0.0891  layer_-1_loss_bbox: 0.3727  matched_ious: 0.5184  sec_per_iter: 0.5529  iters_per_sec: 1.8100  samples_per_sec: 28.9400  samples_per_sec_per_gpu: 7.2300  max_mem_allocated_mb: 143.9000  max_mem_reserved_mb: 11086.0000
04/08 18:37:02 - mmengine - INFO - Epoch(train)  [4][ 500/5000]  lr: 4.4607e-04  eta: 6:32:08  time: 0.5350  data_time: 0.0131  memory: 10321  grad_norm: 1.5971  loss: 0.8245  loss_heatmap: 0.3404  layer_-1_loss_cls: 0.0851  layer_-1_loss_bbox: 0.3990  matched_ious: 0.5509  sec_per_iter: 0.5506  iters_per_sec: 1.8200  samples_per_sec: 29.0600  samples_per_sec_per_gpu: 7.2600  max_mem_allocated_mb: 143.9000  max_mem_reserved_mb: 11086.0000
04/08 18:37:29 - mmengine - INFO - Epoch(train)  [4][ 550/5000]  lr: 4.4721e-04  eta: 6:31:43  time: 0.5425  data_time: 0.0108  memory: 10494  grad_norm: inf  loss: 0.8447  loss_heatmap: 0.3446  layer_-1_loss_cls: 0.0835  layer_-1_loss_bbox: 0.4166  matched_ious: 0.5273  sec_per_iter: 0.5494  iters_per_sec: 1.8200  samples_per_sec: 29.1200  samples_per_sec_per_gpu: 7.2800  max_mem_allocated_mb: 143.9000  max_mem_reserved_mb: 11086.0000
04/08 18:37:57 - mmengine - INFO - Epoch(train)  [4][ 600/5000]  lr: 4.4834e-04  eta: 6:31:22  time: 0.5650  data_time: 0.0124  memory: 10371  grad_norm: 1.6115  loss: 0.8874  loss_heatmap: 0.3803  layer_-1_loss_cls: 0.0926  layer_-1_loss_bbox: 0.4145  matched_ious: 0.5081  sec_per_iter: 0.5485  iters_per_sec: 1.8200  samples_per_sec: 29.1700  samples_per_sec_per_gpu: 7.2900  max_mem_allocated_mb: 143.9000  max_mem_reserved_mb: 11086.0000
04/08 18:38:21 - mmengine - INFO - Epoch(train)  [4][ 650/5000]  lr: 4.4946e-04  eta: 6:30:50  time: 0.4887  data_time: 0.0125  memory: 10450  grad_norm: 1.5271  loss: 0.7997  loss_heatmap: 0.3375  layer_-1_loss_cls: 0.0880  layer_-1_loss_bbox: 0.3741  matched_ious: 0.5666  sec_per_iter: 0.5499  iters_per_sec: 1.8200  samples_per_sec: 29.1000  samples_per_sec_per_gpu: 7.2700  max_mem_allocated_mb: 143.9000  max_mem_reserved_mb: 11086.0000
04/08 18:38:47 - mmengine - INFO - Epoch(train)  [4][ 700/5000]  lr: 4.5057e-04  eta: 6:30:20  time: 0.5063  data_time: 0.0068  memory: 10576  grad_norm: 1.6250  loss: 0.8309  loss_heatmap: 0.3596  layer_-1_loss_cls: 0.0926  layer_-1_loss_bbox: 0.3786  matched_ious: 0.5945  sec_per_iter: 0.5451  iters_per_sec: 1.8300  samples_per_sec: 29.3500  samples_per_sec_per_gpu: 7.3400  max_mem_allocated_mb: 143.9000  max_mem_reserved_mb: 11086.0000
04/08 18:39:12 - mmengine - INFO - Epoch(train)  [4][ 750/5000]  lr: 4.5167e-04  eta: 6:29:49  time: 0.4971  data_time: 0.0077  memory: 10323  grad_norm: 1.5692  loss: 0.8339  loss_heatmap: 0.3413  layer_-1_loss_cls: 0.0845  layer_-1_loss_bbox: 0.4081  matched_ious: 0.6040  sec_per_iter: 0.5424  iters_per_sec: 1.8400  samples_per_sec: 29.5000  samples_per_sec_per_gpu: 7.3700  max_mem_allocated_mb: 143.9000  max_mem_reserved_mb: 11086.0000
04/08 18:39:39 - mmengine - INFO - Epoch(train)  [4][ 800/5000]  lr: 4.5276e-04  eta: 6:29:27  time: 0.5574  data_time: 0.0107  memory: 10559  grad_norm: 1.6357  loss: 0.8636  loss_heatmap: 0.3703  layer_-1_loss_cls: 0.0897  layer_-1_loss_bbox: 0.4037  matched_ious: 0.5318  sec_per_iter: 0.5394  iters_per_sec: 1.8500  samples_per_sec: 29.6600  samples_per_sec_per_gpu: 7.4200  max_mem_allocated_mb: 143.9000  max_mem_reserved_mb: 11086.0000
04/08 18:40:06 - mmengine - INFO - Epoch(train)  [4][ 850/5000]  lr: 4.5384e-04  eta: 6:29:00  time: 0.5215  data_time: 0.0113  memory: 10388  grad_norm: 1.5985  loss: 0.8451  loss_heatmap: 0.3540  layer_-1_loss_cls: 0.0878  layer_-1_loss_bbox: 0.4033  matched_ious: 0.5031  sec_per_iter: 0.5406  iters_per_sec: 1.8500  samples_per_sec: 29.6000  samples_per_sec_per_gpu: 7.4000  max_mem_allocated_mb: 143.9000  max_mem_reserved_mb: 11086.0000
04/08 18:40:32 - mmengine - INFO - Epoch(train)  [4][ 900/5000]  lr: 4.5491e-04  eta: 6:28:34  time: 0.5364  data_time: 0.0102  memory: 10367  grad_norm: 1.5431  loss: 0.8666  loss_heatmap: 0.3631  layer_-1_loss_cls: 0.0936  layer_-1_loss_bbox: 0.4100  matched_ious: 0.5533  sec_per_iter: 0.5394  iters_per_sec: 1.8500  samples_per_sec: 29.6600  samples_per_sec_per_gpu: 7.4200  max_mem_allocated_mb: 143.9000  max_mem_reserved_mb: 11086.0000
04/08 18:40:59 - mmengine - INFO - Epoch(train)  [4][ 950/5000]  lr: 4.5596e-04  eta: 6:28:08  time: 0.5287  data_time: 0.0102  memory: 10435  grad_norm: 1.7717  loss: 0.8414  loss_heatmap: 0.3576  layer_-1_loss_cls: 0.0854  layer_-1_loss_bbox: 0.3985  matched_ious: 0.5421  sec_per_iter: 0.5392  iters_per_sec: 1.8500  samples_per_sec: 29.6700  samples_per_sec_per_gpu: 7.4200  max_mem_allocated_mb: 143.9000  max_mem_reserved_mb: 11086.0000
04/08 18:41:24 - mmengine - INFO - Exp name: zod_lidar_only_continue_20260408_160451
04/08 18:41:24 - mmengine - INFO - Epoch(train)  [4][1000/5000]  lr: 4.5701e-04  eta: 6:27:38  time: 0.5069  data_time: 0.0098  memory: 10378  grad_norm: 1.6255  loss: 0.8797  loss_heatmap: 0.3798  layer_-1_loss_cls: 0.0931  layer_-1_loss_bbox: 0.4069  matched_ious: 0.5987  sec_per_iter: 0.5387  iters_per_sec: 1.8600  samples_per_sec: 29.7000  samples_per_sec_per_gpu: 7.4300  max_mem_allocated_mb: 143.9000  max_mem_reserved_mb: 11086.0000
04/08 18:41:54 - mmengine - INFO - Epoch(train)  [4][1050/5000]  lr: 4.5804e-04  eta: 6:27:21  time: 0.5914  data_time: 0.0190  memory: 10359  grad_norm: 1.5717  loss: 0.8666  loss_heatmap: 0.3672  layer_-1_loss_cls: 0.0922  layer_-1_loss_bbox: 0.4072  matched_ious: 0.5606  sec_per_iter: 0.5371  iters_per_sec: 1.8600  samples_per_sec: 29.7900  samples_per_sec_per_gpu: 7.4500  max_mem_allocated_mb: 143.9000  max_mem_reserved_mb: 11086.0000
04/08 18:42:26 - mmengine - INFO - Epoch(train)  [4][1100/5000]  lr: 4.5906e-04  eta: 6:27:09  time: 0.6355  data_time: 0.0161  memory: 10418  grad_norm: 1.5639  loss: 0.8611  loss_heatmap: 0.3593  layer_-1_loss_cls: 0.0880  layer_-1_loss_bbox: 0.4138  matched_ious: 0.5049  sec_per_iter: 0.5397  iters_per_sec: 1.8500  samples_per_sec: 29.6500  samples_per_sec_per_gpu: 7.4100  max_mem_allocated_mb: 143.9000  max_mem_reserved_mb: 11086.0000
04/08 18:42:55 - mmengine - INFO - Epoch(train)  [4][1150/5000]  lr: 4.6007e-04  eta: 6:26:52  time: 0.5988  data_time: 0.0165  memory: 10425  grad_norm: 1.5293  loss: 0.8043  loss_heatmap: 0.3410  layer_-1_loss_cls: 0.0861  layer_-1_loss_bbox: 0.3773  matched_ious: 0.5520  sec_per_iter: 0.5441  iters_per_sec: 1.8400  samples_per_sec: 29.4100  samples_per_sec_per_gpu: 7.3500  max_mem_allocated_mb: 143.9000  max_mem_reserved_mb: 11086.0000
04/08 18:43:21 - mmengine - INFO - Epoch(train)  [4][1200/5000]  lr: 4.6107e-04  eta: 6:26:23  time: 0.5110  data_time: 0.0208  memory: 10353  grad_norm: 1.7161  loss: 0.8316  loss_heatmap: 0.3776  layer_-1_loss_cls: 0.0883  layer_-1_loss_bbox: 0.3658  matched_ious: 0.6003  sec_per_iter: 0.5464  iters_per_sec: 1.8300  samples_per_sec: 29.2800  samples_per_sec_per_gpu: 7.3200  max_mem_allocated_mb: 143.9000  max_mem_reserved_mb: 11086.0000
04/08 18:43:49 - mmengine - INFO - Epoch(train)  [4][1250/5000]  lr: 4.6206e-04  eta: 6:26:00  time: 0.5607  data_time: 0.0113  memory: 10363  grad_norm: 1.6834  loss: 0.8727  loss_heatmap: 0.3720  layer_-1_loss_cls: 0.0865  layer_-1_loss_bbox: 0.4142  matched_ious: 0.5352  sec_per_iter: 0.5449  iters_per_sec: 1.8400  samples_per_sec: 29.3600  samples_per_sec_per_gpu: 7.3400  max_mem_allocated_mb: 143.9000  max_mem_reserved_mb: 11086.0000
04/08 18:44:21 - mmengine - INFO - Epoch(train)  [4][1300/5000]  lr: 4.6304e-04  eta: 6:25:49  time: 0.6394  data_time: 0.0101  memory: 10283  grad_norm: 1.8291  loss: 0.9353  loss_heatmap: 0.3927  layer_-1_loss_cls: 0.0983  layer_-1_loss_bbox: 0.4443  matched_ious: 0.5205  sec_per_iter: 0.5456  iters_per_sec: 1.8300  samples_per_sec: 29.3200  samples_per_sec_per_gpu: 7.3300  max_mem_allocated_mb: 143.9000  max_mem_reserved_mb: 11086.0000
04/08 18:44:49 - mmengine - INFO - Epoch(train)  [4][1350/5000]  lr: 4.6400e-04  eta: 6:25:25  time: 0.5531  data_time: 0.0128  memory: 10376  grad_norm: 1.6791  loss: 0.8850  loss_heatmap: 0.3745  layer_-1_loss_cls: 0.0943  layer_-1_loss_bbox: 0.4162  matched_ious: 0.5465  sec_per_iter: 0.5492  iters_per_sec: 1.8200  samples_per_sec: 29.1300  samples_per_sec_per_gpu: 7.2800  max_mem_allocated_mb: 143.9000  max_mem_reserved_mb: 11086.0000
04/08 18:45:17 - mmengine - INFO - Epoch(train)  [4][1400/5000]  lr: 4.6495e-04  eta: 6:25:04  time: 0.5686  data_time: 0.0146  memory: 10526  grad_norm: 1.7327  loss: 0.8953  loss_heatmap: 0.3794  layer_-1_loss_cls: 0.0920  layer_-1_loss_bbox: 0.4239  matched_ious: 0.5656  sec_per_iter: 0.5493  iters_per_sec: 1.8200  samples_per_sec: 29.1300  samples_per_sec_per_gpu: 7.2800  max_mem_allocated_mb: 143.9000  max_mem_reserved_mb: 11086.0000
04/08 18:45:43 - mmengine - INFO - Epoch(train)  [4][1450/5000]  lr: 4.6590e-04  eta: 6:24:37  time: 0.5250  data_time: 0.0123  memory: 10382  grad_norm: 1.7773  loss: 0.8801  loss_heatmap: 0.3799  layer_-1_loss_cls: 0.0956  layer_-1_loss_bbox: 0.4047  matched_ious: 0.5064  sec_per_iter: 0.5500  iters_per_sec: 1.8200  samples_per_sec: 29.0900  samples_per_sec_per_gpu: 7.2700  max_mem_allocated_mb: 143.9000  max_mem_reserved_mb: 11086.0000
04/08 18:46:10 - mmengine - INFO - Epoch(train)  [4][1500/5000]  lr: 4.6683e-04  eta: 6:24:12  time: 0.5395  data_time: 0.0099  memory: 10328  grad_norm: 1.6460  loss: 0.9589  loss_heatmap: 0.4105  layer_-1_loss_cls: 0.0975  layer_-1_loss_bbox: 0.4508  matched_ious: 0.4927  sec_per_iter: 0.5492  iters_per_sec: 1.8200  samples_per_sec: 29.1300  samples_per_sec_per_gpu: 7.2800  max_mem_allocated_mb: 143.9000  max_mem_reserved_mb: 11086.0000
04/08 18:46:38 - mmengine - INFO - Epoch(train)  [4][1550/5000]  lr: 4.6774e-04  eta: 6:23:48  time: 0.5481  data_time: 0.0162  memory: 10370  grad_norm: 1.5658  loss: 0.8601  loss_heatmap: 0.3588  layer_-1_loss_cls: 0.0951  layer_-1_loss_bbox: 0.4061  matched_ious: 0.5372  sec_per_iter: 0.5489  iters_per_sec: 1.8200  samples_per_sec: 29.1500  samples_per_sec_per_gpu: 7.2900  max_mem_allocated_mb: 143.9000  max_mem_reserved_mb: 11086.0000
04/08 18:47:08 - mmengine - INFO - Epoch(train)  [4][1600/5000]  lr: 4.6865e-04  eta: 6:23:31  time: 0.6082  data_time: 0.0088  memory: 10453  grad_norm: 1.6464  loss: 0.8696  loss_heatmap: 0.3662  layer_-1_loss_cls: 0.0926  layer_-1_loss_bbox: 0.4108  matched_ious: 0.5088  sec_per_iter: 0.5488  iters_per_sec: 1.8200  samples_per_sec: 29.1500  samples_per_sec_per_gpu: 7.2900  max_mem_allocated_mb: 143.9000  max_mem_reserved_mb: 11086.0000
04/08 18:47:37 - mmengine - INFO - Epoch(train)  [4][1650/5000]  lr: 4.6954e-04  eta: 6:23:12  time: 0.5862  data_time: 0.0085  memory: 10424  grad_norm: 1.4816  loss: 0.8789  loss_heatmap: 0.3767  layer_-1_loss_cls: 0.0956  layer_-1_loss_bbox: 0.4067  matched_ious: 0.5716  sec_per_iter: 0.5507  iters_per_sec: 1.8200  samples_per_sec: 29.0600  samples_per_sec_per_gpu: 7.2600  max_mem_allocated_mb: 143.9000  max_mem_reserved_mb: 11086.0000
04/08 18:48:03 - mmengine - INFO - Epoch(train)  [4][1700/5000]  lr: 4.7042e-04  eta: 6:22:42  time: 0.5051  data_time: 0.0086  memory: 10526  grad_norm: 1.6892  loss: 0.9439  loss_heatmap: 0.3946  layer_-1_loss_cls: 0.0985  layer_-1_loss_bbox: 0.4508  matched_ious: 0.4708  sec_per_iter: 0.5518  iters_per_sec: 1.8100  samples_per_sec: 29.0000  samples_per_sec_per_gpu: 7.2500  max_mem_allocated_mb: 143.9000  max_mem_reserved_mb: 11086.0000
04/08 18:48:33 - mmengine - INFO - Epoch(train)  [4][1750/5000]  lr: 4.7129e-04  eta: 6:22:25  time: 0.6004  data_time: 0.0115  memory: 10423  grad_norm: 1.6028  loss: 0.8785  loss_heatmap: 0.3771  layer_-1_loss_cls: 0.0962  layer_-1_loss_bbox: 0.4052  matched_ious: 0.5532  sec_per_iter: 0.5504  iters_per_sec: 1.8200  samples_per_sec: 29.0700  samples_per_sec_per_gpu: 7.2700  max_mem_allocated_mb: 143.9000  max_mem_reserved_mb: 11086.0000
04/08 18:48:59 - mmengine - INFO - Epoch(train)  [4][1800/5000]  lr: 4.7215e-04  eta: 6:21:57  time: 0.5169  data_time: 0.0102  memory: 10350  grad_norm: 1.6382  loss: 0.8055  loss_heatmap: 0.3411  layer_-1_loss_cls: 0.0916  layer_-1_loss_bbox: 0.3728  matched_ious: 0.5308  sec_per_iter: 0.5518  iters_per_sec: 1.8100  samples_per_sec: 28.9900  samples_per_sec_per_gpu: 7.2500  max_mem_allocated_mb: 143.9000  max_mem_reserved_mb: 11086.0000
04/08 18:49:26 - mmengine - INFO - Epoch(train)  [4][1850/5000]  lr: 4.7300e-04  eta: 6:21:31  time: 0.5420  data_time: 0.0127  memory: 10360  grad_norm: 1.5945  loss: 0.8801  loss_heatmap: 0.3740  layer_-1_loss_cls: 0.0940  layer_-1_loss_bbox: 0.4121  matched_ious: 0.5386  sec_per_iter: 0.5508  iters_per_sec: 1.8200  samples_per_sec: 29.0500  samples_per_sec_per_gpu: 7.2600  max_mem_allocated_mb: 143.9000  max_mem_reserved_mb: 11086.0000
04/08 18:49:53 - mmengine - INFO - Epoch(train)  [4][1900/5000]  lr: 4.7383e-04  eta: 6:21:08  time: 0.5517  data_time: 0.0162  memory: 10359  grad_norm: 1.5337  loss: 0.8766  loss_heatmap: 0.3747  layer_-1_loss_cls: 0.0956  layer_-1_loss_bbox: 0.4063  matched_ious: 0.5347  sec_per_iter: 0.5506  iters_per_sec: 1.8200  samples_per_sec: 29.0600  samples_per_sec_per_gpu: 7.2600  max_mem_allocated_mb: 143.9000  max_mem_reserved_mb: 11086.0000
04/08 18:50:21 - mmengine - INFO - Epoch(train)  [4][1950/5000]  lr: 4.7465e-04  eta: 6:20:44  time: 0.5528  data_time: 0.0154  memory: 10400  grad_norm: 1.5730  loss: 0.9027  loss_heatmap: 0.3871  layer_-1_loss_cls: 0.0953  layer_-1_loss_bbox: 0.4203  matched_ious: 0.5594  sec_per_iter: 0.5507  iters_per_sec: 1.8200  samples_per_sec: 29.0600  samples_per_sec_per_gpu: 7.2600  max_mem_allocated_mb: 143.9000  max_mem_reserved_mb: 11086.0000
04/08 18:50:48 - mmengine - INFO - Exp name: zod_lidar_only_continue_20260408_160451
04/08 18:50:48 - mmengine - INFO - Epoch(train)  [4][2000/5000]  lr: 4.7546e-04  eta: 6:20:18  time: 0.5343  data_time: 0.0188  memory: 10320  grad_norm: 1.6440  loss: 0.8790  loss_heatmap: 0.3756  layer_-1_loss_cls: 0.0960  layer_-1_loss_bbox: 0.4074  matched_ious: 0.5870  sec_per_iter: 0.5507  iters_per_sec: 1.8200  samples_per_sec: 29.0500  samples_per_sec_per_gpu: 7.2600  max_mem_allocated_mb: 143.9000  max_mem_reserved_mb: 11086.0000
04/08 18:51:17 - mmengine - INFO - Epoch(train)  [4][2050/5000]  lr: 4.7626e-04  eta: 6:19:58  time: 0.5855  data_time: 0.0157  memory: 10508  grad_norm: 1.5454  loss: 0.8605  loss_heatmap: 0.3657  layer_-1_loss_cls: 0.0899  layer_-1_loss_bbox: 0.4049  matched_ious: 0.5634  sec_per_iter: 0.5503  iters_per_sec: 1.8200  samples_per_sec: 29.0800  samples_per_sec_per_gpu: 7.2700  max_mem_allocated_mb: 143.9000  max_mem_reserved_mb: 11086.0000
04/08 18:51:44 - mmengine - INFO - Epoch(train)  [4][2100/5000]  lr: 4.7704e-04  eta: 6:19:33  time: 0.5432  data_time: 0.0101  memory: 10394  grad_norm: 1.6894  loss: 0.8956  loss_heatmap: 0.3907  layer_-1_loss_cls: 0.0991  layer_-1_loss_bbox: 0.4057  matched_ious: 0.5316  sec_per_iter: 0.5511  iters_per_sec: 1.8100  samples_per_sec: 29.0300  samples_per_sec_per_gpu: 7.2600  max_mem_allocated_mb: 143.9000  max_mem_reserved_mb: 11086.0000
04/08 18:52:10 - mmengine - INFO - Epoch(train)  [4][2150/5000]  lr: 4.7781e-04  eta: 6:19:06  time: 0.5230  data_time: 0.0107  memory: 10350  grad_norm: 1.6093  loss: 0.8916  loss_heatmap: 0.3828  layer_-1_loss_cls: 0.1013  layer_-1_loss_bbox: 0.4075  matched_ious: 0.5995  sec_per_iter: 0.5510  iters_per_sec: 1.8100  samples_per_sec: 29.0400  samples_per_sec_per_gpu: 7.2600  max_mem_allocated_mb: 143.9000  max_mem_reserved_mb: 11086.0000
04/08 18:52:37 - mmengine - INFO - Epoch(train)  [4][2200/5000]  lr: 4.7857e-04  eta: 6:18:41  time: 0.5426  data_time: 0.0095  memory: 10526  grad_norm: 1.6507  loss: 0.9222  loss_heatmap: 0.3914  layer_-1_loss_cls: 0.0982  layer_-1_loss_bbox: 0.4327  matched_ious: 0.5732  sec_per_iter: 0.5503  iters_per_sec: 1.8200  samples_per_sec: 29.0700  samples_per_sec_per_gpu: 7.2700  max_mem_allocated_mb: 143.9000  max_mem_reserved_mb: 11086.0000
04/08 18:53:04 - mmengine - INFO - Epoch(train)  [4][2250/5000]  lr: 4.7932e-04  eta: 6:18:13  time: 0.5249  data_time: 0.0097  memory: 10371  grad_norm: 1.6708  loss: 0.8398  loss_heatmap: 0.3581  layer_-1_loss_cls: 0.0912  layer_-1_loss_bbox: 0.3904  matched_ious: 0.6147  sec_per_iter: 0.5501  iters_per_sec: 1.8200  samples_per_sec: 29.0800  samples_per_sec_per_gpu: 7.2700  max_mem_allocated_mb: 143.9000  max_mem_reserved_mb: 11086.0000
04/08 18:53:33 - mmengine - INFO - Epoch(train)  [4][2300/5000]  lr: 4.8005e-04  eta: 6:17:55  time: 0.5940  data_time: 0.0145  memory: 10389  grad_norm: 1.6642  loss: 0.8344  loss_heatmap: 0.3651  layer_-1_loss_cls: 0.0919  layer_-1_loss_bbox: 0.3773  matched_ious: 0.5267  sec_per_iter: 0.5496  iters_per_sec: 1.8200  samples_per_sec: 29.1100  samples_per_sec_per_gpu: 7.2800  max_mem_allocated_mb: 143.9000  max_mem_reserved_mb: 11086.0000
04/08 18:54:07 - mmengine - INFO - Epoch(train)  [4][2350/5000]  lr: 4.8077e-04  eta: 6:17:45  time: 0.6660  data_time: 0.0101  memory: 10338  grad_norm: 1.5956  loss: 0.8166  loss_heatmap: 0.3430  layer_-1_loss_cls: 0.0886  layer_-1_loss_bbox: 0.3850  matched_ious: 0.5443  sec_per_iter: 0.5505  iters_per_sec: 1.8200  samples_per_sec: 29.0600  samples_per_sec_per_gpu: 7.2700  max_mem_allocated_mb: 143.9000  max_mem_reserved_mb: 11086.0000
04/08 18:54:34 - mmengine - INFO - Epoch(train)  [4][2400/5000]  lr: 4.8148e-04  eta: 6:17:19  time: 0.5377  data_time: 0.0119  memory: 10607  grad_norm: 1.5087  loss: 0.8759  loss_heatmap: 0.3709  layer_-1_loss_cls: 0.0896  layer_-1_loss_bbox: 0.4154  matched_ious: 0.5310  sec_per_iter: 0.5530  iters_per_sec: 1.8100  samples_per_sec: 28.9300  samples_per_sec_per_gpu: 7.2300  max_mem_allocated_mb: 143.9000  max_mem_reserved_mb: 11086.0000
04/08 18:55:01 - mmengine - INFO - Epoch(train)  [4][2450/5000]  lr: 4.8218e-04  eta: 6:16:55  time: 0.5548  data_time: 0.0151  memory: 10432  grad_norm: 1.5311  loss: 0.8827  loss_heatmap: 0.3846  layer_-1_loss_cls: 0.0998  layer_-1_loss_bbox: 0.3983  matched_ious: 0.5501  sec_per_iter: 0.5527  iters_per_sec: 1.8100  samples_per_sec: 28.9500  samples_per_sec_per_gpu: 7.2400  max_mem_allocated_mb: 143.9000  max_mem_reserved_mb: 11086.0000
04/08 18:55:27 - mmengine - INFO - Epoch(train)  [4][2500/5000]  lr: 4.8286e-04  eta: 6:16:27  time: 0.5216  data_time: 0.0111  memory: 10647  grad_norm: 1.5067  loss: 0.8451  loss_heatmap: 0.3714  layer_-1_loss_cls: 0.0939  layer_-1_loss_bbox: 0.3799  matched_ious: 0.5154  sec_per_iter: 0.5527  iters_per_sec: 1.8100  samples_per_sec: 28.9500  samples_per_sec_per_gpu: 7.2400  max_mem_allocated_mb: 143.9000  max_mem_reserved_mb: 11086.0000
04/08 18:55:54 - mmengine - INFO - Epoch(train)  [4][2550/5000]  lr: 4.8353e-04  eta: 6:16:02  time: 0.5402  data_time: 0.0114  memory: 10417  grad_norm: 1.6732  loss: 0.8557  loss_heatmap: 0.3656  layer_-1_loss_cls: 0.0972  layer_-1_loss_bbox: 0.3928  matched_ious: 0.5438  sec_per_iter: 0.5521  iters_per_sec: 1.8100  samples_per_sec: 28.9800  samples_per_sec_per_gpu: 7.2400  max_mem_allocated_mb: 143.9000  max_mem_reserved_mb: 11086.0000
04/08 18:56:20 - mmengine - INFO - Epoch(train)  [4][2600/5000]  lr: 4.8419e-04  eta: 6:15:32  time: 0.5020  data_time: 0.0111  memory: 10419  grad_norm: 1.5191  loss: 0.8935  loss_heatmap: 0.3732  layer_-1_loss_cls: 0.0885  layer_-1_loss_bbox: 0.4318  matched_ious: 0.5034  sec_per_iter: 0.5519  iters_per_sec: 1.8100  samples_per_sec: 28.9900  samples_per_sec_per_gpu: 7.2500  max_mem_allocated_mb: 143.9000  max_mem_reserved_mb: 11086.0000
04/08 18:56:48 - mmengine - INFO - Epoch(train)  [4][2650/5000]  lr: 4.8483e-04  eta: 6:15:09  time: 0.5622  data_time: 0.0133  memory: 10404  grad_norm: 1.5217  loss: 0.8423  loss_heatmap: 0.3504  layer_-1_loss_cls: 0.0882  layer_-1_loss_bbox: 0.4038  matched_ious: 0.6271  sec_per_iter: 0.5509  iters_per_sec: 1.8200  samples_per_sec: 29.0400  samples_per_sec_per_gpu: 7.2600  max_mem_allocated_mb: 143.9000  max_mem_reserved_mb: 11086.0000
04/08 18:57:14 - mmengine - INFO - Epoch(train)  [4][2700/5000]  lr: 4.8546e-04  eta: 6:14:42  time: 0.5309  data_time: 0.0118  memory: 10647  grad_norm: 1.6800  loss: 0.9265  loss_heatmap: 0.4084  layer_-1_loss_cls: 0.0965  layer_-1_loss_bbox: 0.4216  matched_ious: 0.4953  sec_per_iter: 0.5511  iters_per_sec: 1.8100  samples_per_sec: 29.0300  samples_per_sec_per_gpu: 7.2600  max_mem_allocated_mb: 143.9000  max_mem_reserved_mb: 11086.0000
04/08 18:57:40 - mmengine - INFO - Epoch(train)  [4][2750/5000]  lr: 4.8608e-04  eta: 6:14:14  time: 0.5180  data_time: 0.0081  memory: 10428  grad_norm: 1.6118  loss: 0.8657  loss_heatmap: 0.3775  layer_-1_loss_cls: 0.0931  layer_-1_loss_bbox: 0.3952  matched_ious: 0.5810  sec_per_iter: 0.5507  iters_per_sec: 1.8200  samples_per_sec: 29.0500  samples_per_sec_per_gpu: 7.2600  max_mem_allocated_mb: 143.9000  max_mem_reserved_mb: 11086.0000
04/08 18:58:08 - mmengine - INFO - Epoch(train)  [4][2800/5000]  lr: 4.8669e-04  eta: 6:13:50  time: 0.5514  data_time: 0.0108  memory: 10543  grad_norm: 1.5831  loss: 0.9024  loss_heatmap: 0.3824  layer_-1_loss_cls: 0.0948  layer_-1_loss_bbox: 0.4251  matched_ious: 0.5603  sec_per_iter: 0.5502  iters_per_sec: 1.8200  samples_per_sec: 29.0800  samples_per_sec_per_gpu: 7.2700  max_mem_allocated_mb: 143.9000  max_mem_reserved_mb: 11086.0000
04/08 18:58:33 - mmengine - INFO - Epoch(train)  [4][2850/5000]  lr: 4.8728e-04  eta: 6:13:21  time: 0.5118  data_time: 0.0088  memory: 10434  grad_norm: 1.6407  loss: 0.8742  loss_heatmap: 0.3703  layer_-1_loss_cls: 0.0902  layer_-1_loss_bbox: 0.4137  matched_ious: 0.5350  sec_per_iter: 0.5502  iters_per_sec: 1.8200  samples_per_sec: 29.0800  samples_per_sec_per_gpu: 7.2700  max_mem_allocated_mb: 143.9000  max_mem_reserved_mb: 11086.0000
04/08 18:59:01 - mmengine - INFO - Epoch(train)  [4][2900/5000]  lr: 4.8786e-04  eta: 6:12:58  time: 0.5594  data_time: 0.0098  memory: 10455  grad_norm: 1.5923  loss: 0.8843  loss_heatmap: 0.3691  layer_-1_loss_cls: 0.0905  layer_-1_loss_bbox: 0.4247  matched_ious: 0.5511  sec_per_iter: 0.5495  iters_per_sec: 1.8200  samples_per_sec: 29.1200  samples_per_sec_per_gpu: 7.2800  max_mem_allocated_mb: 143.9000  max_mem_reserved_mb: 11086.0000
04/08 18:59:30 - mmengine - INFO - Epoch(train)  [4][2950/5000]  lr: 4.8842e-04  eta: 6:12:36  time: 0.5770  data_time: 0.0120  memory: 10358  grad_norm: 1.4667  loss: 0.8886  loss_heatmap: 0.3795  layer_-1_loss_cls: 0.0991  layer_-1_loss_bbox: 0.4101  matched_ious: 0.5213  sec_per_iter: 0.5497  iters_per_sec: 1.8200  samples_per_sec: 29.1000  samples_per_sec_per_gpu: 7.2800  max_mem_allocated_mb: 143.9000  max_mem_reserved_mb: 11086.0000
04/08 18:59:56 - mmengine - INFO - Exp name: zod_lidar_only_continue_20260408_160451
04/08 18:59:56 - mmengine - INFO - Epoch(train)  [4][3000/5000]  lr: 4.8898e-04  eta: 6:12:08  time: 0.5193  data_time: 0.0081  memory: 10471  grad_norm: 1.5128  loss: 0.8494  loss_heatmap: 0.3619  layer_-1_loss_cls: 0.0934  layer_-1_loss_bbox: 0.3941  matched_ious: 0.5028  sec_per_iter: 0.5501  iters_per_sec: 1.8200  samples_per_sec: 29.0800  samples_per_sec_per_gpu: 7.2700  max_mem_allocated_mb: 143.9000  max_mem_reserved_mb: 11086.0000
04/08 19:00:24 - mmengine - INFO - Epoch(train)  [4][3050/5000]  lr: 4.8952e-04  eta: 6:11:45  time: 0.5571  data_time: 0.0090  memory: 10320  grad_norm: 1.5330  loss: 0.8606  loss_heatmap: 0.3677  layer_-1_loss_cls: 0.0934  layer_-1_loss_bbox: 0.3995  matched_ious: 0.5445  sec_per_iter: 0.5496  iters_per_sec: 1.8200  samples_per_sec: 29.1100  samples_per_sec_per_gpu: 7.2800  max_mem_allocated_mb: 143.9000  max_mem_reserved_mb: 11086.0000
04/08 19:00:48 - mmengine - INFO - Epoch(train)  [4][3100/5000]  lr: 4.9004e-04  eta: 6:11:13  time: 0.4839  data_time: 0.0137  memory: 10579  grad_norm: nan  loss: 0.9409  loss_heatmap: 0.4130  layer_-1_loss_cls: 0.1046  layer_-1_loss_bbox: 0.4233  matched_ious: 0.4984  sec_per_iter: 0.5498  iters_per_sec: 1.8200  samples_per_sec: 29.1000  samples_per_sec_per_gpu: 7.2800  max_mem_allocated_mb: 143.9000  max_mem_reserved_mb: 11086.0000
04/08 19:01:16 - mmengine - INFO - Epoch(train)  [4][3150/5000]  lr: 4.9056e-04  eta: 6:10:49  time: 0.5596  data_time: 0.0117  memory: 10430  grad_norm: 1.6443  loss: 0.9640  loss_heatmap: 0.4099  layer_-1_loss_cls: 0.0954  layer_-1_loss_bbox: 0.4587  matched_ious: 0.5700  sec_per_iter: 0.5487  iters_per_sec: 1.8200  samples_per_sec: 29.1600  samples_per_sec_per_gpu: 7.2900  max_mem_allocated_mb: 143.9000  max_mem_reserved_mb: 11086.0000
04/08 19:01:41 - mmengine - INFO - Epoch(train)  [4][3200/5000]  lr: 4.9106e-04  eta: 6:10:20  time: 0.5050  data_time: 0.0089  memory: 10488  grad_norm: 1.6410  loss: 0.8687  loss_heatmap: 0.3780  layer_-1_loss_cls: 0.0955  layer_-1_loss_bbox: 0.3953  matched_ious: 0.5560  sec_per_iter: 0.5489  iters_per_sec: 1.8200  samples_per_sec: 29.1500  samples_per_sec_per_gpu: 7.2900  max_mem_allocated_mb: 143.9000  max_mem_reserved_mb: 11086.0000
04/08 19:02:12 - mmengine - INFO - Epoch(train)  [4][3250/5000]  lr: 4.9154e-04  eta: 6:10:03  time: 0.6185  data_time: 0.0216  memory: 10497  grad_norm: 1.6278  loss: 0.8752  loss_heatmap: 0.3812  layer_-1_loss_cls: 0.0937  layer_-1_loss_bbox: 0.4003  matched_ious: 0.5610  sec_per_iter: 0.5482  iters_per_sec: 1.8200  samples_per_sec: 29.1900  samples_per_sec_per_gpu: 7.3000  max_mem_allocated_mb: 143.9000  max_mem_reserved_mb: 11086.0000
04/08 19:02:39 - mmengine - INFO - Epoch(train)  [4][3300/5000]  lr: 4.9202e-04  eta: 6:09:36  time: 0.5301  data_time: 0.0148  memory: 10406  grad_norm: 1.6231  loss: 0.9118  loss_heatmap: 0.4043  layer_-1_loss_cls: 0.0956  layer_-1_loss_bbox: 0.4119  matched_ious: 0.5608  sec_per_iter: 0.5493  iters_per_sec: 1.8200  samples_per_sec: 29.1300  samples_per_sec_per_gpu: 7.2800  max_mem_allocated_mb: 143.9000  max_mem_reserved_mb: 11086.0000
04/08 19:03:07 - mmengine - INFO - Epoch(train)  [4][3350/5000]  lr: 4.9248e-04  eta: 6:09:13  time: 0.5652  data_time: 0.0098  memory: 10359  grad_norm: 1.6006  loss: 0.8449  loss_heatmap: 0.3677  layer_-1_loss_cls: 0.0881  layer_-1_loss_bbox: 0.3890  matched_ious: 0.5958  sec_per_iter: 0.5490  iters_per_sec: 1.8200  samples_per_sec: 29.1400  samples_per_sec_per_gpu: 7.2900  max_mem_allocated_mb: 143.9000  max_mem_reserved_mb: 11086.0000
04/08 19:03:33 - mmengine - INFO - Epoch(train)  [4][3400/5000]  lr: 4.9292e-04  eta: 6:08:45  time: 0.5133  data_time: 0.0094  memory: 10319  grad_norm: 1.6541  loss: 0.9315  loss_heatmap: 0.3879  layer_-1_loss_cls: 0.0915  layer_-1_loss_bbox: 0.4521  matched_ious: 0.5330  sec_per_iter: 0.5492  iters_per_sec: 1.8200  samples_per_sec: 29.1300  samples_per_sec_per_gpu: 7.2800  max_mem_allocated_mb: 143.9000  max_mem_reserved_mb: 11086.0000
04/08 19:03:58 - mmengine - INFO - Epoch(train)  [4][3450/5000]  lr: 4.9336e-04  eta: 6:08:16  time: 0.5094  data_time: 0.0123  memory: 10319  grad_norm: 1.5828  loss: 0.9320  loss_heatmap: 0.3918  layer_-1_loss_cls: 0.0982  layer_-1_loss_bbox: 0.4420  matched_ious: 0.5798  sec_per_iter: 0.5487  iters_per_sec: 1.8200  samples_per_sec: 29.1600  samples_per_sec_per_gpu: 7.2900  max_mem_allocated_mb: 143.9000  max_mem_reserved_mb: 11086.0000
04/08 19:04:28 - mmengine - INFO - Epoch(train)  [4][3500/5000]  lr: 4.9377e-04  eta: 6:07:57  time: 0.6005  data_time: 0.0127  memory: 10301  grad_norm: 1.7858  loss: 0.9180  loss_heatmap: 0.3842  layer_-1_loss_cls: 0.0950  layer_-1_loss_bbox: 0.4388  matched_ious: 0.5655  sec_per_iter: 0.5481  iters_per_sec: 1.8200  samples_per_sec: 29.1900  samples_per_sec_per_gpu: 7.3000  max_mem_allocated_mb: 143.9000  max_mem_reserved_mb: 11086.0000
04/08 19:04:55 - mmengine - INFO - Epoch(train)  [4][3550/5000]  lr: 4.9418e-04  eta: 6:07:32  time: 0.5457  data_time: 0.0131  memory: 10361  grad_norm: 1.4692  loss: 0.8981  loss_heatmap: 0.3774  layer_-1_loss_cls: 0.0909  layer_-1_loss_bbox: 0.4298  matched_ious: 0.6285  sec_per_iter: 0.5489  iters_per_sec: 1.8200  samples_per_sec: 29.1500  samples_per_sec_per_gpu: 7.2900  max_mem_allocated_mb: 143.9000  max_mem_reserved_mb: 11086.0000
04/08 19:05:24 - mmengine - INFO - Epoch(train)  [4][3600/5000]  lr: 4.9457e-04  eta: 6:07:09  time: 0.5674  data_time: 0.0156  memory: 10356  grad_norm: 1.6264  loss: 0.9073  loss_heatmap: 0.3918  layer_-1_loss_cls: 0.0982  layer_-1_loss_bbox: 0.4172  matched_ious: 0.5249  sec_per_iter: 0.5488  iters_per_sec: 1.8200  samples_per_sec: 29.1500  samples_per_sec_per_gpu: 7.2900  max_mem_allocated_mb: 143.9000  max_mem_reserved_mb: 11086.0000
04/08 19:05:49 - mmengine - INFO - Epoch(train)  [4][3650/5000]  lr: 4.9495e-04  eta: 6:06:39  time: 0.5054  data_time: 0.0076  memory: 10508  grad_norm: 1.4183  loss: 0.8730  loss_heatmap: 0.3545  layer_-1_loss_cls: 0.0918  layer_-1_loss_bbox: 0.4266  matched_ious: 0.5597  sec_per_iter: 0.5491  iters_per_sec: 1.8200  samples_per_sec: 29.1400  samples_per_sec_per_gpu: 7.2800  max_mem_allocated_mb: 143.9000  max_mem_reserved_mb: 11086.0000
04/08 19:06:15 - mmengine - INFO - Epoch(train)  [4][3700/5000]  lr: 4.9532e-04  eta: 6:06:11  time: 0.5138  data_time: 0.0112  memory: 10383  grad_norm: 1.6516  loss: 0.9641  loss_heatmap: 0.4295  layer_-1_loss_cls: 0.1019  layer_-1_loss_bbox: 0.4327  matched_ious: 0.4962  sec_per_iter: 0.5485  iters_per_sec: 1.8200  samples_per_sec: 29.1700  samples_per_sec_per_gpu: 7.2900  max_mem_allocated_mb: 143.9000  max_mem_reserved_mb: 11086.0000
04/08 19:06:43 - mmengine - INFO - Epoch(train)  [4][3750/5000]  lr: 4.9567e-04  eta: 6:05:47  time: 0.5547  data_time: 0.0171  memory: 10328  grad_norm: 1.5959  loss: 0.9740  loss_heatmap: 0.4061  layer_-1_loss_cls: 0.0970  layer_-1_loss_bbox: 0.4709  matched_ious: 0.5453  sec_per_iter: 0.5480  iters_per_sec: 1.8200  samples_per_sec: 29.2000  samples_per_sec_per_gpu: 7.3000  max_mem_allocated_mb: 143.9000  max_mem_reserved_mb: 11086.0000
04/08 19:07:10 - mmengine - INFO - Epoch(train)  [4][3800/5000]  lr: 4.9601e-04  eta: 6:05:22  time: 0.5501  data_time: 0.0144  memory: 10448  grad_norm: 1.5866  loss: 0.8501  loss_heatmap: 0.3721  layer_-1_loss_cls: 0.0912  layer_-1_loss_bbox: 0.3868  matched_ious: 0.5551  sec_per_iter: 0.5481  iters_per_sec: 1.8200  samples_per_sec: 29.1900  samples_per_sec_per_gpu: 7.3000  max_mem_allocated_mb: 143.9000  max_mem_reserved_mb: 11086.0000
04/08 19:07:38 - mmengine - INFO - Epoch(train)  [4][3850/5000]  lr: 4.9633e-04  eta: 6:04:58  time: 0.5585  data_time: 0.0162  memory: 10774  grad_norm: 1.6346  loss: 0.8154  loss_heatmap: 0.3588  layer_-1_loss_cls: 0.0881  layer_-1_loss_bbox: 0.3685  matched_ious: 0.5990  sec_per_iter: 0.5481  iters_per_sec: 1.8200  samples_per_sec: 29.1900  samples_per_sec_per_gpu: 7.3000  max_mem_allocated_mb: 143.9000  max_mem_reserved_mb: 11086.0000
04/08 19:08:08 - mmengine - INFO - Epoch(train)  [4][3900/5000]  lr: 4.9664e-04  eta: 6:04:39  time: 0.5960  data_time: 0.0126  memory: 10327  grad_norm: 1.6601  loss: 0.8876  loss_heatmap: 0.3870  layer_-1_loss_cls: 0.0983  layer_-1_loss_bbox: 0.4023  matched_ious: 0.4739  sec_per_iter: 0.5483  iters_per_sec: 1.8200  samples_per_sec: 29.1800  samples_per_sec_per_gpu: 7.3000  max_mem_allocated_mb: 143.9000  max_mem_reserved_mb: 11086.0000
04/08 19:08:35 - mmengine - INFO - Epoch(train)  [4][3950/5000]  lr: 4.9694e-04  eta: 6:04:14  time: 0.5477  data_time: 0.0089  memory: 10328  grad_norm: 1.7528  loss: 0.8895  loss_heatmap: 0.3836  layer_-1_loss_cls: 0.1004  layer_-1_loss_bbox: 0.4055  matched_ious: 0.4706  sec_per_iter: 0.5489  iters_per_sec: 1.8200  samples_per_sec: 29.1500  samples_per_sec_per_gpu: 7.2900  max_mem_allocated_mb: 143.9000  max_mem_reserved_mb: 11086.0000
04/08 19:09:01 - mmengine - INFO - Exp name: zod_lidar_only_continue_20260408_160451
04/08 19:09:01 - mmengine - INFO - Epoch(train)  [4][4000/5000]  lr: 4.9722e-04  eta: 6:03:46  time: 0.5199  data_time: 0.0112  memory: 10383  grad_norm: 1.4994  loss: 0.8594  loss_heatmap: 0.3777  layer_-1_loss_cls: 0.0977  layer_-1_loss_bbox: 0.3840  matched_ious: 0.5718  sec_per_iter: 0.5489  iters_per_sec: 1.8200  samples_per_sec: 29.1500  samples_per_sec_per_gpu: 7.2900  max_mem_allocated_mb: 143.9000  max_mem_reserved_mb: 11086.0000
04/08 19:09:27 - mmengine - INFO - Epoch(train)  [4][4050/5000]  lr: 4.9749e-04  eta: 6:03:17  time: 0.5130  data_time: 0.0107  memory: 10365  grad_norm: 1.5015  loss: 0.8501  loss_heatmap: 0.3639  layer_-1_loss_cls: 0.0933  layer_-1_loss_bbox: 0.3928  matched_ious: 0.4884  sec_per_iter: 0.5485  iters_per_sec: 1.8200  samples_per_sec: 29.1700  samples_per_sec_per_gpu: 7.2900  max_mem_allocated_mb: 143.9000  max_mem_reserved_mb: 11086.0000
04/08 19:09:54 - mmengine - INFO - Epoch(train)  [4][4100/5000]  lr: 4.9775e-04  eta: 6:02:51  time: 0.5415  data_time: 0.0184  memory: 10392  grad_norm: 1.4264  loss: 0.9082  loss_heatmap: 0.3876  layer_-1_loss_cls: 0.0978  layer_-1_loss_bbox: 0.4229  matched_ious: 0.5205  sec_per_iter: 0.5481  iters_per_sec: 1.8200  samples_per_sec: 29.1900  samples_per_sec_per_gpu: 7.3000  max_mem_allocated_mb: 143.9000  max_mem_reserved_mb: 11086.0000
04/08 19:10:25 - mmengine - INFO - Epoch(train)  [4][4150/5000]  lr: 4.9799e-04  eta: 6:02:34  time: 0.6203  data_time: 0.0170  memory: 10574  grad_norm: 1.5836  loss: 0.9394  loss_heatmap: 0.4043  layer_-1_loss_cls: 0.0953  layer_-1_loss_bbox: 0.4397  matched_ious: 0.5793  sec_per_iter: 0.5480  iters_per_sec: 1.8200  samples_per_sec: 29.2000  samples_per_sec_per_gpu: 7.3000  max_mem_allocated_mb: 143.9000  max_mem_reserved_mb: 11086.0000
04/08 19:10:52 - mmengine - INFO - Epoch(train)  [4][4200/5000]  lr: 4.9822e-04  eta: 6:02:09  time: 0.5478  data_time: 0.0136  memory: 10239  grad_norm: 1.6561  loss: 0.9227  loss_heatmap: 0.3933  layer_-1_loss_cls: 0.0978  layer_-1_loss_bbox: 0.4316  matched_ious: 0.5485  sec_per_iter: 0.5489  iters_per_sec: 1.8200  samples_per_sec: 29.1500  samples_per_sec_per_gpu: 7.2900  max_mem_allocated_mb: 143.9000  max_mem_reserved_mb: 11086.0000
04/08 19:11:20 - mmengine - INFO - Epoch(train)  [4][4250/5000]  lr: 4.9844e-04  eta: 6:01:45  time: 0.5570  data_time: 0.0103  memory: 10285  grad_norm: 1.6067  loss: 0.8874  loss_heatmap: 0.3851  layer_-1_loss_cls: 0.0961  layer_-1_loss_bbox: 0.4063  matched_ious: 0.5260  sec_per_iter: 0.5488  iters_per_sec: 1.8200  samples_per_sec: 29.1500  samples_per_sec_per_gpu: 7.2900  max_mem_allocated_mb: 143.9000  max_mem_reserved_mb: 11086.0000
04/08 19:11:48 - mmengine - INFO - Epoch(train)  [4][4300/5000]  lr: 4.9864e-04  eta: 6:01:22  time: 0.5635  data_time: 0.0107  memory: 10324  grad_norm: 1.5718  loss: 0.8850  loss_heatmap: 0.3854  layer_-1_loss_cls: 0.0965  layer_-1_loss_bbox: 0.4031  matched_ious: 0.5180  sec_per_iter: 0.5489  iters_per_sec: 1.8200  samples_per_sec: 29.1500  samples_per_sec_per_gpu: 7.2900  max_mem_allocated_mb: 143.9000  max_mem_reserved_mb: 11086.0000
04/08 19:12:16 - mmengine - INFO - Epoch(train)  [4][4350/5000]  lr: 4.9882e-04  eta: 6:00:56  time: 0.5462  data_time: 0.0126  memory: 10617  grad_norm: 1.5641  loss: 0.8573  loss_heatmap: 0.3710  layer_-1_loss_cls: 0.0933  layer_-1_loss_bbox: 0.3929  matched_ious: 0.5780  sec_per_iter: 0.5491  iters_per_sec: 1.8200  samples_per_sec: 29.1400  samples_per_sec_per_gpu: 7.2800  max_mem_allocated_mb: 143.9000  max_mem_reserved_mb: 11086.0000
04/08 19:12:42 - mmengine - INFO - Epoch(train)  [4][4400/5000]  lr: 4.9900e-04  eta: 6:00:30  time: 0.5362  data_time: 0.0132  memory: 10412  grad_norm: 1.5960  loss: 0.9198  loss_heatmap: 0.3962  layer_-1_loss_cls: 0.0963  layer_-1_loss_bbox: 0.4272  matched_ious: 0.5722  sec_per_iter: 0.5491  iters_per_sec: 1.8200  samples_per_sec: 29.1400  samples_per_sec_per_gpu: 7.2900  max_mem_allocated_mb: 143.9000  max_mem_reserved_mb: 11086.0000
04/08 19:13:10 - mmengine - INFO - Epoch(train)  [4][4450/5000]  lr: 4.9916e-04  eta: 6:00:06  time: 0.5567  data_time: 0.0119  memory: 10420  grad_norm: 1.5227  loss: 0.8628  loss_heatmap: 0.3730  layer_-1_loss_cls: 0.0908  layer_-1_loss_bbox: 0.3990  matched_ious: 0.5531  sec_per_iter: 0.5489  iters_per_sec: 1.8200  samples_per_sec: 29.1500  samples_per_sec_per_gpu: 7.2900  max_mem_allocated_mb: 143.9000  max_mem_reserved_mb: 11086.0000
04/08 19:13:35 - mmengine - INFO - Epoch(train)  [4][4500/5000]  lr: 4.9930e-04  eta: 5:59:36  time: 0.4982  data_time: 0.0143  memory: 10448  grad_norm: 1.5257  loss: 0.8826  loss_heatmap: 0.3830  layer_-1_loss_cls: 0.0948  layer_-1_loss_bbox: 0.4049  matched_ious: 0.5541  sec_per_iter: 0.5490  iters_per_sec: 1.8200  samples_per_sec: 29.1400  samples_per_sec_per_gpu: 7.2900  max_mem_allocated_mb: 143.9000  max_mem_reserved_mb: 11086.0000
04/08 19:14:02 - mmengine - INFO - Epoch(train)  [4][4550/5000]  lr: 4.9944e-04  eta: 5:59:11  time: 0.5479  data_time: 0.0136  memory: 10469  grad_norm: 1.5131  loss: 0.8985  loss_heatmap: 0.3993  layer_-1_loss_cls: 0.0998  layer_-1_loss_bbox: 0.3994  matched_ious: 0.4905  sec_per_iter: 0.5485  iters_per_sec: 1.8200  samples_per_sec: 29.1700  samples_per_sec_per_gpu: 7.2900  max_mem_allocated_mb: 143.9000  max_mem_reserved_mb: 11086.0000
04/08 19:14:29 - mmengine - INFO - Epoch(train)  [4][4600/5000]  lr: 4.9955e-04  eta: 5:58:43  time: 0.5238  data_time: 0.0162  memory: 10425  grad_norm: 1.6045  loss: 0.8809  loss_heatmap: 0.3834  layer_-1_loss_cls: 0.0910  layer_-1_loss_bbox: 0.4065  matched_ious: 0.5439  sec_per_iter: 0.5484  iters_per_sec: 1.8200  samples_per_sec: 29.1700  samples_per_sec_per_gpu: 7.2900  max_mem_allocated_mb: 143.9000  max_mem_reserved_mb: 11086.0000
04/08 19:14:58 - mmengine - INFO - Epoch(train)  [4][4650/5000]  lr: 4.9966e-04  eta: 5:58:22  time: 0.5843  data_time: 0.0309  memory: 10459  grad_norm: 1.5057  loss: 0.8795  loss_heatmap: 0.3777  layer_-1_loss_cls: 0.0965  layer_-1_loss_bbox: 0.4054  matched_ious: 0.5455  sec_per_iter: 0.5482  iters_per_sec: 1.8200  samples_per_sec: 29.1800  samples_per_sec_per_gpu: 7.3000  max_mem_allocated_mb: 143.9000  max_mem_reserved_mb: 11086.0000
04/08 19:15:27 - mmengine - INFO - Epoch(train)  [4][4700/5000]  lr: 4.9975e-04  eta: 5:58:00  time: 0.5772  data_time: 0.0143  memory: 10595  grad_norm: 1.3989  loss: 0.8302  loss_heatmap: 0.3639  layer_-1_loss_cls: 0.0926  layer_-1_loss_bbox: 0.3738  matched_ious: 0.5506  sec_per_iter: 0.5486  iters_per_sec: 1.8200  samples_per_sec: 29.1700  samples_per_sec_per_gpu: 7.2900  max_mem_allocated_mb: 143.9000  max_mem_reserved_mb: 11086.0000
04/08 19:15:55 - mmengine - INFO - Epoch(train)  [4][4750/5000]  lr: 4.9983e-04  eta: 5:57:36  time: 0.5585  data_time: 0.0115  memory: 10369  grad_norm: 1.4471  loss: 0.9079  loss_heatmap: 0.3835  layer_-1_loss_cls: 0.0936  layer_-1_loss_bbox: 0.4307  matched_ious: 0.5422  sec_per_iter: 0.5489  iters_per_sec: 1.8200  samples_per_sec: 29.1500  samples_per_sec_per_gpu: 7.2900  max_mem_allocated_mb: 143.9000  max_mem_reserved_mb: 11086.0000
04/08 19:16:22 - mmengine - INFO - Epoch(train)  [4][4800/5000]  lr: 4.9989e-04  eta: 5:57:10  time: 0.5387  data_time: 0.0109  memory: 10377  grad_norm: 1.5206  loss: 0.8769  loss_heatmap: 0.3826  layer_-1_loss_cls: 0.0979  layer_-1_loss_bbox: 0.3964  matched_ious: 0.4774  sec_per_iter: 0.5490  iters_per_sec: 1.8200  samples_per_sec: 29.1500  samples_per_sec_per_gpu: 7.2900  max_mem_allocated_mb: 143.9000  max_mem_reserved_mb: 11086.0000
04/08 19:16:48 - mmengine - INFO - Epoch(train)  [4][4850/5000]  lr: 4.9994e-04  eta: 5:56:42  time: 0.5250  data_time: 0.0096  memory: 10467  grad_norm: 1.4887  loss: 0.8364  loss_heatmap: 0.3675  layer_-1_loss_cls: 0.0950  layer_-1_loss_bbox: 0.3740  matched_ious: 0.5707  sec_per_iter: 0.5489  iters_per_sec: 1.8200  samples_per_sec: 29.1500  samples_per_sec_per_gpu: 7.2900  max_mem_allocated_mb: 143.9000  max_mem_reserved_mb: 11086.0000
04/08 19:17:18 - mmengine - INFO - Epoch(train)  [4][4900/5000]  lr: 4.9997e-04  eta: 5:56:22  time: 0.5990  data_time: 0.0149  memory: 10404  grad_norm: 1.5008  loss: 0.8626  loss_heatmap: 0.3683  layer_-1_loss_cls: 0.0908  layer_-1_loss_bbox: 0.4036  matched_ious: 0.5098  sec_per_iter: 0.5486  iters_per_sec: 1.8200  samples_per_sec: 29.1600  samples_per_sec_per_gpu: 7.2900  max_mem_allocated_mb: 143.9000  max_mem_reserved_mb: 11086.0000
04/08 19:17:44 - mmengine - INFO - Epoch(train)  [4][4950/5000]  lr: 4.9999e-04  eta: 5:55:55  time: 0.5323  data_time: 0.0106  memory: 10367  grad_norm: 1.5631  loss: 0.9059  loss_heatmap: 0.3874  layer_-1_loss_cls: 0.0965  layer_-1_loss_bbox: 0.4219  matched_ious: 0.5348  sec_per_iter: 0.5491  iters_per_sec: 1.8200  samples_per_sec: 29.1400  samples_per_sec_per_gpu: 7.2800  max_mem_allocated_mb: 143.9000  max_mem_reserved_mb: 11086.0000
04/08 19:18:12 - mmengine - INFO - Exp name: zod_lidar_only_continue_20260408_160451
04/08 19:18:12 - mmengine - INFO - Epoch(train)  [4][5000/5000]  lr: 5.0000e-04  eta: 5:55:30  time: 0.5436  data_time: 0.0157  memory: 10735  grad_norm: 1.5353  loss: 0.9025  loss_heatmap: 0.3969  layer_-1_loss_cls: 0.0964  layer_-1_loss_bbox: 0.4092  matched_ious: 0.5567  sec_per_iter: 0.5490  iters_per_sec: 1.8200  samples_per_sec: 29.1500  samples_per_sec_per_gpu: 7.2900  max_mem_allocated_mb: 143.9000  max_mem_reserved_mb: 11086.0000
04/08 19:18:12 - mmengine - INFO - [Efficiency] Epoch 4: wall=2744.7s  iters=5000  sec/iter=0.549  mem_alloc=144MB  mem_rsv=11086MB
04/08 19:18:19 - mmengine - INFO - Epoch(val)  [4][  50/1250]    eta: 0:02:57  time: 0.1480  data_time: 0.0037  memory: 2447  
04/08 19:18:27 - mmengine - INFO - Epoch(val)  [4][ 100/1250]    eta: 0:02:56  time: 0.1594  data_time: 0.0028  memory: 2447  
04/08 19:18:34 - mmengine - INFO - Epoch(val)  [4][ 150/1250]    eta: 0:02:43  time: 0.1393  data_time: 0.0022  memory: 2447  
04/08 19:18:41 - mmengine - INFO - Epoch(val)  [4][ 200/1250]    eta: 0:02:31  time: 0.1322  data_time: 0.0017  memory: 2447  
04/08 19:18:48 - mmengine - INFO - Epoch(val)  [4][ 250/1250]    eta: 0:02:24  time: 0.1435  data_time: 0.0024  memory: 2447  
04/08 19:18:55 - mmengine - INFO - Epoch(val)  [4][ 300/1250]    eta: 0:02:15  time: 0.1324  data_time: 0.0025  memory: 2447  
04/08 19:19:01 - mmengine - INFO - Epoch(val)  [4][ 350/1250]    eta: 0:02:06  time: 0.1304  data_time: 0.0016  memory: 2447  
04/08 19:19:08 - mmengine - INFO - Epoch(val)  [4][ 400/1250]    eta: 0:01:59  time: 0.1437  data_time: 0.0020  memory: 2447  
04/08 19:19:16 - mmengine - INFO - Epoch(val)  [4][ 450/1250]    eta: 0:01:54  time: 0.1556  data_time: 0.0027  memory: 2447  
04/08 19:19:23 - mmengine - INFO - Epoch(val)  [4][ 500/1250]    eta: 0:01:46  time: 0.1395  data_time: 0.0032  memory: 2447  
04/08 19:19:30 - mmengine - INFO - Epoch(val)  [4][ 550/1250]    eta: 0:01:39  time: 0.1468  data_time: 0.0023  memory: 2447  
04/08 19:19:38 - mmengine - INFO - Epoch(val)  [4][ 600/1250]    eta: 0:01:33  time: 0.1497  data_time: 0.0025  memory: 2447  
04/08 19:19:45 - mmengine - INFO - Epoch(val)  [4][ 650/1250]    eta: 0:01:25  time: 0.1422  data_time: 0.0018  memory: 2447  
04/08 19:19:53 - mmengine - INFO - Epoch(val)  [4][ 700/1250]    eta: 0:01:19  time: 0.1505  data_time: 0.0043  memory: 2447  
04/08 19:20:00 - mmengine - INFO - Epoch(val)  [4][ 750/1250]    eta: 0:01:11  time: 0.1461  data_time: 0.0018  memory: 2447  
04/08 19:20:08 - mmengine - INFO - Epoch(val)  [4][ 800/1250]    eta: 0:01:05  time: 0.1578  data_time: 0.0026  memory: 2447  
04/08 19:20:14 - mmengine - INFO - Epoch(val)  [4][ 850/1250]    eta: 0:00:57  time: 0.1243  data_time: 0.0028  memory: 2447  
04/08 19:20:22 - mmengine - INFO - Epoch(val)  [4][ 900/1250]    eta: 0:00:50  time: 0.1662  data_time: 0.0057  memory: 2447  
04/08 19:20:29 - mmengine - INFO - Epoch(val)  [4][ 950/1250]    eta: 0:00:43  time: 0.1329  data_time: 0.0018  memory: 2447  
04/08 19:20:36 - mmengine - INFO - Epoch(val)  [4][1000/1250]    eta: 0:00:36  time: 0.1426  data_time: 0.0019  memory: 2447  
04/08 19:20:43 - mmengine - INFO - Epoch(val)  [4][1050/1250]    eta: 0:00:28  time: 0.1318  data_time: 0.0019  memory: 2446  
04/08 19:20:50 - mmengine - INFO - Epoch(val)  [4][1100/1250]    eta: 0:00:21  time: 0.1415  data_time: 0.0021  memory: 2446  
04/08 19:20:58 - mmengine - INFO - Epoch(val)  [4][1150/1250]    eta: 0:00:14  time: 0.1630  data_time: 0.0084  memory: 2447  
04/08 19:21:05 - mmengine - INFO - Epoch(val)  [4][1200/1250]    eta: 0:00:07  time: 0.1428  data_time: 0.0031  memory: 2447  
04/08 19:21:12 - mmengine - INFO - Epoch(val)  [4][1250/1250]    eta: 0:00:00  time: 0.1497  data_time: 0.0026  memory: 2447  
04/08 19:22:36 - mmengine - INFO - 
+------------+---------+---------+---------+---------+
| classes    | AP_0.25 | AR_0.25 | AP_0.50 | AR_0.50 |
+------------+---------+---------+---------+---------+
| pedestrian | 0.7545  | 0.9339  | 0.5103  | 0.6890  |
+------------+---------+---------+---------+---------+
| Overall    | 0.7545  | 0.9339  | 0.5103  | 0.6890  |
+------------+---------+---------+---------+---------+
04/08 19:23:03 - mmengine - INFO - 
+------------+---------+---------+---------+---------+---------+---------+
| classes    | AP_0.5m | AR_0.5m | AP_1.0m | AR_1.0m | AP_2.0m | AR_2.0m |
+------------+---------+---------+---------+---------+---------+---------+
| pedestrian | 0.7751  | 0.9628  | 0.7829  | 0.9692  | 0.7876  | 0.9733  |
+------------+---------+---------+---------+---------+---------+---------+
| Overall    | 0.7751  | 0.9628  | 0.7829  | 0.9692  | 0.7876  | 0.9733  |
+------------+---------+---------+---------+---------+---------+---------+
04/08 19:23:05 - mmengine - INFO - Epoch(val) [4][1250/1250]    pedestrian_AP_0.25: 0.7545  mAP_0.25: 0.7545  pedestrian_rec_0.25: 0.9339  mAR_0.25: 0.9339  pedestrian_AP_0.50: 0.5103  mAP_0.50: 0.5103  pedestrian_rec_0.50: 0.6890  mAR_0.50: 0.6890  pedestrian_AP_0.5m: 0.7751  pedestrian_rec_0.5m: 0.9628  pedestrian_AP_1.0m: 0.7829  pedestrian_rec_1.0m: 0.9692  pedestrian_AP_2.0m: 0.7876  pedestrian_rec_2.0m: 0.9733  mAP_0.5m: 0.7751  mAR_0.5m: 0.9628  mAP_1.0m: 0.7829  mAR_1.0m: 0.9692  mAP_2.0m: 0.7876  mAR_2.0m: 0.9733  data_time: 0.0028  time: 0.1445
04/08 19:23:41 - mmengine - INFO - Epoch(train)  [5][  50/5000]  lr: 5.0000e-04  eta: 5:55:19  time: 0.6901  data_time: 0.0344  memory: 10344  grad_norm: 1.4434  loss: 0.8964  loss_heatmap: 0.3884  layer_-1_loss_cls: 0.0961  layer_-1_loss_bbox: 0.4119  matched_ious: 0.4938  sec_per_iter: 0.5489  iters_per_sec: 1.8200  samples_per_sec: 29.1500  samples_per_sec_per_gpu: 7.2900  max_mem_allocated_mb: 143.9000  max_mem_reserved_mb: 11086.0000
04/08 19:24:13 - mmengine - INFO - Epoch(train)  [5][ 100/5000]  lr: 4.9999e-04  eta: 5:55:02  time: 0.6393  data_time: 0.0113  memory: 10383  grad_norm: 1.4864  loss: 0.8274  loss_heatmap: 0.3500  layer_-1_loss_cls: 0.0860  layer_-1_loss_bbox: 0.3915  matched_ious: 0.5655  sec_per_iter: 0.6910  iters_per_sec: 1.4500  samples_per_sec: 23.1500  samples_per_sec_per_gpu: 5.7900  max_mem_allocated_mb: 143.9000  max_mem_reserved_mb: 11086.0000
04/08 19:24:39 - mmengine - INFO - Epoch(train)  [5][ 150/5000]  lr: 4.9998e-04  eta: 5:54:36  time: 0.5373  data_time: 0.0103  memory: 10400  grad_norm: 1.5761  loss: 0.8287  loss_heatmap: 0.3522  layer_-1_loss_cls: 0.0890  layer_-1_loss_bbox: 0.3875  matched_ious: 0.5990  sec_per_iter: 0.6653  iters_per_sec: 1.5000  samples_per_sec: 24.0500  samples_per_sec_per_gpu: 6.0100  max_mem_allocated_mb: 143.9000  max_mem_reserved_mb: 11086.0000
04/08 19:25:08 - mmengine - INFO - Epoch(train)  [5][ 200/5000]  lr: 4.9997e-04  eta: 5:54:12  time: 0.5638  data_time: 0.0108  memory: 10492  grad_norm: 1.4771  loss: 0.8814  loss_heatmap: 0.3749  layer_-1_loss_cls: 0.0918  layer_-1_loss_bbox: 0.4146  matched_ious: 0.5575  sec_per_iter: 0.6226  iters_per_sec: 1.6100  samples_per_sec: 25.7000  samples_per_sec_per_gpu: 6.4200  max_mem_allocated_mb: 143.9000  max_mem_reserved_mb: 11086.0000
04/08 19:25:35 - mmengine - INFO - Epoch(train)  [5][ 250/5000]  lr: 4.9995e-04  eta: 5:53:46  time: 0.5395  data_time: 0.0135  memory: 10481  grad_norm: 1.6293  loss: 0.8388  loss_heatmap: 0.3590  layer_-1_loss_cls: 0.0919  layer_-1_loss_bbox: 0.3879  matched_ious: 0.5284  sec_per_iter: 0.6079  iters_per_sec: 1.6500  samples_per_sec: 26.3200  samples_per_sec_per_gpu: 6.5800  max_mem_allocated_mb: 143.9000  max_mem_reserved_mb: 11086.0000
04/08 19:26:02 - mmengine - INFO - Epoch(train)  [5][ 300/5000]  lr: 4.9993e-04  eta: 5:53:21  time: 0.5522  data_time: 0.0109  memory: 10244  grad_norm: 1.5319  loss: 0.8591  loss_heatmap: 0.3764  layer_-1_loss_cls: 0.0952  layer_-1_loss_bbox: 0.3876  matched_ious: 0.5717  sec_per_iter: 0.5942  iters_per_sec: 1.6800  samples_per_sec: 26.9300  samples_per_sec_per_gpu: 6.7300  max_mem_allocated_mb: 143.9000  max_mem_reserved_mb: 11086.0000
04/08 19:26:29 - mmengine - INFO - Epoch(train)  [5][ 350/5000]  lr: 4.9991e-04  eta: 5:52:55  time: 0.5368  data_time: 0.0100  memory: 10416  grad_norm: 1.4999  loss: 0.8688  loss_heatmap: 0.3624  layer_-1_loss_cls: 0.0946  layer_-1_loss_bbox: 0.4117  matched_ious: 0.5315  sec_per_iter: 0.5872  iters_per_sec: 1.7000  samples_per_sec: 27.2500  samples_per_sec_per_gpu: 6.8100  max_mem_allocated_mb: 143.9000  max_mem_reserved_mb: 11086.0000
04/08 19:26:57 - mmengine - INFO - Epoch(train)  [5][ 400/5000]  lr: 4.9988e-04  eta: 5:52:30  time: 0.5521  data_time: 0.0218  memory: 10365  grad_norm: 1.5759  loss: 0.9131  loss_heatmap: 0.3879  layer_-1_loss_cls: 0.0928  layer_-1_loss_bbox: 0.4324  matched_ious: 0.5834  sec_per_iter: 0.5811  iters_per_sec: 1.7200  samples_per_sec: 27.5400  samples_per_sec_per_gpu: 6.8800  max_mem_allocated_mb: 143.9000  max_mem_reserved_mb: 11086.0000
04/08 19:27:21 - mmengine - INFO - Epoch(train)  [5][ 450/5000]  lr: 4.9984e-04  eta: 5:51:59  time: 0.4870  data_time: 0.0115  memory: 10370  grad_norm: 1.6153  loss: 0.8740  loss_heatmap: 0.3781  layer_-1_loss_cls: 0.0922  layer_-1_loss_bbox: 0.4037  matched_ious: 0.5893  sec_per_iter: 0.5765  iters_per_sec: 1.7300  samples_per_sec: 27.7500  samples_per_sec_per_gpu: 6.9400  max_mem_allocated_mb: 143.9000  max_mem_reserved_mb: 11086.0000
04/08 19:27:49 - mmengine - INFO - Epoch(train)  [5][ 500/5000]  lr: 4.9981e-04  eta: 5:51:35  time: 0.5662  data_time: 0.0117  memory: 10563  grad_norm: 1.6357  loss: 0.9344  loss_heatmap: 0.4011  layer_-1_loss_cls: 0.1034  layer_-1_loss_bbox: 0.4299  matched_ious: 0.5449  sec_per_iter: 0.5666  iters_per_sec: 1.7600  samples_per_sec: 28.2400  samples_per_sec_per_gpu: 7.0600  max_mem_allocated_mb: 143.9000  max_mem_reserved_mb: 11086.0000
04/08 19:28:16 - mmengine - INFO - Epoch(train)  [5][ 550/5000]  lr: 4.9977e-04  eta: 5:51:08  time: 0.5256  data_time: 0.0111  memory: 10492  grad_norm: 1.5910  loss: 0.8962  loss_heatmap: 0.3727  layer_-1_loss_cls: 0.0922  layer_-1_loss_bbox: 0.4313  matched_ious: 0.5635  sec_per_iter: 0.5665  iters_per_sec: 1.7700  samples_per_sec: 28.2400  samples_per_sec_per_gpu: 7.0600  max_mem_allocated_mb: 143.9000  max_mem_reserved_mb: 11086.0000
04/08 19:28:46 - mmengine - INFO - Epoch(train)  [5][ 600/5000]  lr: 4.9972e-04  eta: 5:50:48  time: 0.6089  data_time: 0.0136  memory: 10391  grad_norm: 1.5806  loss: 0.8900  loss_heatmap: 0.3927  layer_-1_loss_cls: 0.0975  layer_-1_loss_bbox: 0.3998  matched_ious: 0.5456  sec_per_iter: 0.5632  iters_per_sec: 1.7800  samples_per_sec: 28.4100  samples_per_sec_per_gpu: 7.1000  max_mem_allocated_mb: 143.9000  max_mem_reserved_mb: 11086.0000
04/08 19:29:13 - mmengine - INFO - Epoch(train)  [5][ 650/5000]  lr: 4.9968e-04  eta: 5:50:22  time: 0.5454  data_time: 0.0096  memory: 10377  grad_norm: 1.6574  loss: 0.8917  loss_heatmap: 0.3763  layer_-1_loss_cls: 0.0963  layer_-1_loss_bbox: 0.4190  matched_ious: 0.5390  sec_per_iter: 0.5667  iters_per_sec: 1.7600  samples_per_sec: 28.2300  samples_per_sec_per_gpu: 7.0600  max_mem_allocated_mb: 143.9000  max_mem_reserved_mb: 11086.0000
04/08 19:29:39 - mmengine - INFO - Epoch(train)  [5][ 700/5000]  lr: 4.9962e-04  eta: 5:49:54  time: 0.5151  data_time: 0.0083  memory: 10376  grad_norm: 1.5334  loss: 0.8972  loss_heatmap: 0.3837  layer_-1_loss_cls: 0.0933  layer_-1_loss_bbox: 0.4202  matched_ious: 0.5612  sec_per_iter: 0.5650  iters_per_sec: 1.7700  samples_per_sec: 28.3200  samples_per_sec_per_gpu: 7.0800  max_mem_allocated_mb: 143.9000  max_mem_reserved_mb: 11086.0000
04/08 19:30:08 - mmengine - INFO - Epoch(train)  [5][ 750/5000]  lr: 4.9957e-04  eta: 5:49:31  time: 0.5705  data_time: 0.0137  memory: 10362  grad_norm: 1.4501  loss: 0.8552  loss_heatmap: 0.3609  layer_-1_loss_cls: 0.0923  layer_-1_loss_bbox: 0.4021  matched_ious: 0.5526  sec_per_iter: 0.5615  iters_per_sec: 1.7800  samples_per_sec: 28.4900  samples_per_sec_per_gpu: 7.1200  max_mem_allocated_mb: 143.9000  max_mem_reserved_mb: 11086.0000
04/08 19:30:36 - mmengine - INFO - Epoch(train)  [5][ 800/5000]  lr: 4.9951e-04  eta: 5:49:07  time: 0.5666  data_time: 0.0261  memory: 10383  grad_norm: inf  loss: 0.9406  loss_heatmap: 0.4054  layer_-1_loss_cls: 0.0949  layer_-1_loss_bbox: 0.4402  matched_ious: 0.4829  sec_per_iter: 0.5621  iters_per_sec: 1.7800  samples_per_sec: 28.4600  samples_per_sec_per_gpu: 7.1200  max_mem_allocated_mb: 143.9000  max_mem_reserved_mb: 11086.0000
04/08 19:31:07 - mmengine - INFO - Epoch(train)  [5][ 850/5000]  lr: 4.9944e-04  eta: 5:48:48  time: 0.6153  data_time: 0.0247  memory: 10455  grad_norm: 1.6031  loss: 0.9135  loss_heatmap: 0.3759  layer_-1_loss_cls: 0.0924  layer_-1_loss_bbox: 0.4453  matched_ious: 0.5264  sec_per_iter: 0.5624  iters_per_sec: 1.7800  samples_per_sec: 28.4500  samples_per_sec_per_gpu: 7.1100  max_mem_allocated_mb: 143.9000  max_mem_reserved_mb: 11086.0000
04/08 19:31:36 - mmengine - INFO - Epoch(train)  [5][ 900/5000]  lr: 4.9938e-04  eta: 5:48:26  time: 0.5883  data_time: 0.0136  memory: 10436  grad_norm: 1.5875  loss: 0.9059  loss_heatmap: 0.3814  layer_-1_loss_cls: 0.0922  layer_-1_loss_bbox: 0.4323  matched_ious: 0.5049  sec_per_iter: 0.5656  iters_per_sec: 1.7700  samples_per_sec: 28.2900  samples_per_sec_per_gpu: 7.0700  max_mem_allocated_mb: 143.9000  max_mem_reserved_mb: 11086.0000
04/08 19:32:04 - mmengine - INFO - Epoch(train)  [5][ 950/5000]  lr: 4.9931e-04  eta: 5:48:01  time: 0.5537  data_time: 0.0112  memory: 10509  grad_norm: 1.6821  loss: 0.9343  loss_heatmap: 0.3837  layer_-1_loss_cls: 0.0998  layer_-1_loss_bbox: 0.4508  matched_ious: 0.5938  sec_per_iter: 0.5668  iters_per_sec: 1.7600  samples_per_sec: 28.2300  samples_per_sec_per_gpu: 7.0600  max_mem_allocated_mb: 143.9000  max_mem_reserved_mb: 11086.0000
04/08 19:32:33 - mmengine - INFO - Exp name: zod_lidar_only_continue_20260408_160451
04/08 19:32:33 - mmengine - INFO - Epoch(train)  [5][1000/5000]  lr: 4.9923e-04  eta: 5:47:39  time: 0.5862  data_time: 0.0121  memory: 10456  grad_norm: 1.6198  loss: 0.8783  loss_heatmap: 0.3866  layer_-1_loss_cls: 0.0943  layer_-1_loss_bbox: 0.3975  matched_ious: 0.5500  sec_per_iter: 0.5660  iters_per_sec: 1.7700  samples_per_sec: 28.2700  samples_per_sec_per_gpu: 7.0700  max_mem_allocated_mb: 143.9000  max_mem_reserved_mb: 11086.0000
04/08 19:33:00 - mmengine - INFO - Epoch(train)  [5][1050/5000]  lr: 4.9915e-04  eta: 5:47:12  time: 0.5358  data_time: 0.0104  memory: 10433  grad_norm: 1.5937  loss: 0.9334  loss_heatmap: 0.3931  layer_-1_loss_cls: 0.0933  layer_-1_loss_bbox: 0.4470  matched_ious: 0.5718  sec_per_iter: 0.5671  iters_per_sec: 1.7600  samples_per_sec: 28.2200  samples_per_sec_per_gpu: 7.0500  max_mem_allocated_mb: 143.9000  max_mem_reserved_mb: 11086.0000
04/08 19:33:29 - mmengine - INFO - Epoch(train)  [5][1100/5000]  lr: 4.9907e-04  eta: 5:46:50  time: 0.5856  data_time: 0.0109  memory: 10431  grad_norm: 1.4792  loss: 0.8889  loss_heatmap: 0.3867  layer_-1_loss_cls: 0.0977  layer_-1_loss_bbox: 0.4046  matched_ious: 0.5311  sec_per_iter: 0.5656  iters_per_sec: 1.7700  samples_per_sec: 28.2900  samples_per_sec_per_gpu: 7.0700  max_mem_allocated_mb: 143.9000  max_mem_reserved_mb: 11086.0000
04/08 19:33:59 - mmengine - INFO - Epoch(train)  [5][1150/5000]  lr: 4.9898e-04  eta: 5:46:30  time: 0.5998  data_time: 0.0128  memory: 10476  grad_norm: 1.6419  loss: 0.9142  loss_heatmap: 0.3926  layer_-1_loss_cls: 0.0955  layer_-1_loss_bbox: 0.4261  matched_ious: 0.5651  sec_per_iter: 0.5666  iters_per_sec: 1.7600  samples_per_sec: 28.2400  samples_per_sec_per_gpu: 7.0600  max_mem_allocated_mb: 143.9000  max_mem_reserved_mb: 11086.0000
04/08 19:34:29 - mmengine - INFO - Epoch(train)  [5][1200/5000]  lr: 4.9889e-04  eta: 5:46:09  time: 0.5994  data_time: 0.0127  memory: 10401  grad_norm: 1.4662  loss: 0.8509  loss_heatmap: 0.3657  layer_-1_loss_cls: 0.0980  layer_-1_loss_bbox: 0.3871  matched_ious: 0.5398  sec_per_iter: 0.5680  iters_per_sec: 1.7600  samples_per_sec: 28.1700  samples_per_sec_per_gpu: 7.0400  max_mem_allocated_mb: 143.9000  max_mem_reserved_mb: 11086.0000
04/08 19:34:56 - mmengine - INFO - Epoch(train)  [5][1250/5000]  lr: 4.9880e-04  eta: 5:45:41  time: 0.5295  data_time: 0.0146  memory: 10456  grad_norm: 1.5886  loss: 0.8984  loss_heatmap: 0.3779  layer_-1_loss_cls: 0.0952  layer_-1_loss_bbox: 0.4252  matched_ious: 0.4858  sec_per_iter: 0.5693  iters_per_sec: 1.7600  samples_per_sec: 28.1100  samples_per_sec_per_gpu: 7.0300  max_mem_allocated_mb: 143.9000  max_mem_reserved_mb: 11086.0000
04/08 19:35:24 - mmengine - INFO - Epoch(train)  [5][1300/5000]  lr: 4.9870e-04  eta: 5:45:17  time: 0.5586  data_time: 0.0095  memory: 10320  grad_norm: 1.5512  loss: 0.8845  loss_heatmap: 0.3696  layer_-1_loss_cls: 0.0982  layer_-1_loss_bbox: 0.4167  matched_ious: 0.6050  sec_per_iter: 0.5676  iters_per_sec: 1.7600  samples_per_sec: 28.1900  samples_per_sec_per_gpu: 7.0500  max_mem_allocated_mb: 143.9000  max_mem_reserved_mb: 11086.0000
04/08 19:35:52 - mmengine - INFO - Epoch(train)  [5][1350/5000]  lr: 4.9860e-04  eta: 5:44:53  time: 0.5700  data_time: 0.0100  memory: 10447  grad_norm: 1.5358  loss: 0.8877  loss_heatmap: 0.3740  layer_-1_loss_cls: 0.0946  layer_-1_loss_bbox: 0.4191  matched_ious: 0.5889  sec_per_iter: 0.5673  iters_per_sec: 1.7600  samples_per_sec: 28.2000  samples_per_sec_per_gpu: 7.0500  max_mem_allocated_mb: 143.9000  max_mem_reserved_mb: 11086.0000
04/08 19:36:22 - mmengine - INFO - Epoch(train)  [5][1400/5000]  lr: 4.9849e-04  eta: 5:44:31  time: 0.5923  data_time: 0.0163  memory: 10446  grad_norm: 1.6551  loss: 0.8719  loss_heatmap: 0.3727  layer_-1_loss_cls: 0.0974  layer_-1_loss_bbox: 0.4018  matched_ious: 0.5950  sec_per_iter: 0.5676  iters_per_sec: 1.7600  samples_per_sec: 28.1900  samples_per_sec_per_gpu: 7.0500  max_mem_allocated_mb: 143.9000  max_mem_reserved_mb: 11086.0000
04/08 19:36:48 - mmengine - INFO - Epoch(train)  [5][1450/5000]  lr: 4.9838e-04  eta: 5:44:04  time: 0.5228  data_time: 0.0088  memory: 10424  grad_norm: 1.5296  loss: 0.8975  loss_heatmap: 0.3831  layer_-1_loss_cls: 0.0960  layer_-1_loss_bbox: 0.4184  matched_ious: 0.5928  sec_per_iter: 0.5683  iters_per_sec: 1.7600  samples_per_sec: 28.1500  samples_per_sec_per_gpu: 7.0400  max_mem_allocated_mb: 143.9000  max_mem_reserved_mb: 11086.0000
04/08 19:37:18 - mmengine - INFO - Epoch(train)  [5][1500/5000]  lr: 4.9827e-04  eta: 5:43:43  time: 0.5993  data_time: 0.0147  memory: 10494  grad_norm: 1.6267  loss: 0.9405  loss_heatmap: 0.3951  layer_-1_loss_cls: 0.0963  layer_-1_loss_bbox: 0.4491  matched_ious: 0.4906  sec_per_iter: 0.5667  iters_per_sec: 1.7600  samples_per_sec: 28.2300  samples_per_sec_per_gpu: 7.0600  max_mem_allocated_mb: 143.9000  max_mem_reserved_mb: 11086.0000
04/08 19:37:44 - mmengine - INFO - Epoch(train)  [5][1550/5000]  lr: 4.9815e-04  eta: 5:43:15  time: 0.5318  data_time: 0.0091  memory: 10445  grad_norm: 1.4879  loss: 0.8728  loss_heatmap: 0.3761  layer_-1_loss_cls: 0.0920  layer_-1_loss_bbox: 0.4047  matched_ious: 0.5288  sec_per_iter: 0.5678  iters_per_sec: 1.7600  samples_per_sec: 28.1800  samples_per_sec_per_gpu: 7.0400  max_mem_allocated_mb: 143.9000  max_mem_reserved_mb: 11086.0000
04/08 19:38:16 - mmengine - INFO - Epoch(train)  [5][1600/5000]  lr: 4.9803e-04  eta: 5:42:58  time: 0.6386  data_time: 0.0113  memory: 10409  grad_norm: 1.5422  loss: 0.9140  loss_heatmap: 0.3851  layer_-1_loss_cls: 0.0963  layer_-1_loss_bbox: 0.4325  matched_ious: 0.5509  sec_per_iter: 0.5667  iters_per_sec: 1.7600  samples_per_sec: 28.2400  samples_per_sec_per_gpu: 7.0600  max_mem_allocated_mb: 143.9000  max_mem_reserved_mb: 11086.0000
04/08 19:38:44 - mmengine - INFO - Epoch(train)  [5][1650/5000]  lr: 4.9791e-04  eta: 5:42:32  time: 0.5494  data_time: 0.0180  memory: 10358  grad_norm: 1.5182  loss: 0.8575  loss_heatmap: 0.3645  layer_-1_loss_cls: 0.0896  layer_-1_loss_bbox: 0.4034  matched_ious: 0.5550  sec_per_iter: 0.5689  iters_per_sec: 1.7600  samples_per_sec: 28.1200  samples_per_sec_per_gpu: 7.0300  max_mem_allocated_mb: 143.9000  max_mem_reserved_mb: 11086.0000
04/08 19:39:12 - mmengine - INFO - Epoch(train)  [5][1700/5000]  lr: 4.9778e-04  eta: 5:42:08  time: 0.5691  data_time: 0.0197  memory: 10371  grad_norm: 1.5118  loss: 0.8885  loss_heatmap: 0.3810  layer_-1_loss_cls: 0.0943  layer_-1_loss_bbox: 0.4132  matched_ious: 0.5318  sec_per_iter: 0.5683  iters_per_sec: 1.7600  samples_per_sec: 28.1500  samples_per_sec_per_gpu: 7.0400  max_mem_allocated_mb: 143.9000  max_mem_reserved_mb: 11086.0000
04/08 19:39:42 - mmengine - INFO - Epoch(train)  [5][1750/5000]  lr: 4.9765e-04  eta: 5:41:46  time: 0.5906  data_time: 0.0114  memory: 10326  grad_norm: 1.6384  loss: 0.9163  loss_heatmap: 0.3890  layer_-1_loss_cls: 0.0942  layer_-1_loss_bbox: 0.4331  matched_ious: 0.5553  sec_per_iter: 0.5684  iters_per_sec: 1.7600  samples_per_sec: 28.1500  samples_per_sec_per_gpu: 7.0400  max_mem_allocated_mb: 143.9000  max_mem_reserved_mb: 11086.0000
04/08 19:40:09 - mmengine - INFO - Epoch(train)  [5][1800/5000]  lr: 4.9751e-04  eta: 5:41:21  time: 0.5541  data_time: 0.0097  memory: 10380  grad_norm: 1.5231  loss: 0.8577  loss_heatmap: 0.3775  layer_-1_loss_cls: 0.0948  layer_-1_loss_bbox: 0.3854  matched_ious: 0.6047  sec_per_iter: 0.5690  iters_per_sec: 1.7600  samples_per_sec: 28.1200  samples_per_sec_per_gpu: 7.0300  max_mem_allocated_mb: 143.9000  max_mem_reserved_mb: 11086.0000
04/08 19:40:36 - mmengine - INFO - Epoch(train)  [5][1850/5000]  lr: 4.9737e-04  eta: 5:40:53  time: 0.5264  data_time: 0.0094  memory: 10393  grad_norm: 1.6830  loss: 0.8822  loss_heatmap: 0.3766  layer_-1_loss_cls: 0.0937  layer_-1_loss_bbox: 0.4118  matched_ious: 0.5345  sec_per_iter: 0.5686  iters_per_sec: 1.7600  samples_per_sec: 28.1400  samples_per_sec_per_gpu: 7.0400  max_mem_allocated_mb: 143.9000  max_mem_reserved_mb: 11086.0000
04/08 19:41:04 - mmengine - INFO - Epoch(train)  [5][1900/5000]  lr: 4.9722e-04  eta: 5:40:30  time: 0.5726  data_time: 0.0203  memory: 10456  grad_norm: 1.5863  loss: 0.9195  loss_heatmap: 0.3952  layer_-1_loss_cls: 0.0960  layer_-1_loss_bbox: 0.4283  matched_ious: 0.5487  sec_per_iter: 0.5675  iters_per_sec: 1.7600  samples_per_sec: 28.1900  samples_per_sec_per_gpu: 7.0500  max_mem_allocated_mb: 143.9000  max_mem_reserved_mb: 11086.0000
04/08 19:41:33 - mmengine - INFO - Epoch(train)  [5][1950/5000]  lr: 4.9708e-04  eta: 5:40:06  time: 0.5709  data_time: 0.0110  memory: 10392  grad_norm: 1.6253  loss: 0.8742  loss_heatmap: 0.3714  layer_-1_loss_cls: 0.0907  layer_-1_loss_bbox: 0.4120  matched_ious: 0.5367  sec_per_iter: 0.5676  iters_per_sec: 1.7600  samples_per_sec: 28.1900  samples_per_sec_per_gpu: 7.0500  max_mem_allocated_mb: 143.9000  max_mem_reserved_mb: 11086.0000
04/08 19:41:59 - mmengine - INFO - Exp name: zod_lidar_only_continue_20260408_160451
04/08 19:41:59 - mmengine - INFO - Epoch(train)  [5][2000/5000]  lr: 4.9693e-04  eta: 5:39:37  time: 0.5151  data_time: 0.0128  memory: 10485  grad_norm: 1.7915  loss: 0.8719  loss_heatmap: 0.3732  layer_-1_loss_cls: 0.0961  layer_-1_loss_bbox: 0.4026  matched_ious: 0.5388  sec_per_iter: 0.5677  iters_per_sec: 1.7600  samples_per_sec: 28.1800  samples_per_sec_per_gpu: 7.0500  max_mem_allocated_mb: 143.9000  max_mem_reserved_mb: 11086.0000
04/08 19:42:25 - mmengine - INFO - Epoch(train)  [5][2050/5000]  lr: 4.9677e-04  eta: 5:39:09  time: 0.5175  data_time: 0.0077  memory: 10401  grad_norm: 1.7186  loss: 0.8677  loss_heatmap: 0.3653  layer_-1_loss_cls: 0.0920  layer_-1_loss_bbox: 0.4104  matched_ious: 0.4784  sec_per_iter: 0.5663  iters_per_sec: 1.7700  samples_per_sec: 28.2500  samples_per_sec_per_gpu: 7.0600  max_mem_allocated_mb: 143.9000  max_mem_reserved_mb: 11086.0000
04/08 19:42:53 - mmengine - INFO - Epoch(train)  [5][2100/5000]  lr: 4.9661e-04  eta: 5:38:45  time: 0.5678  data_time: 0.0118  memory: 10226  grad_norm: 1.4782  loss: 0.8671  loss_heatmap: 0.3683  layer_-1_loss_cls: 0.0889  layer_-1_loss_bbox: 0.4100  matched_ious: 0.5973  sec_per_iter: 0.5651  iters_per_sec: 1.7700  samples_per_sec: 28.3100  samples_per_sec_per_gpu: 7.0800  max_mem_allocated_mb: 143.9000  max_mem_reserved_mb: 11086.0000
04/08 19:43:21 - mmengine - INFO - Epoch(train)  [5][2150/5000]  lr: 4.9645e-04  eta: 5:38:19  time: 0.5543  data_time: 0.0077  memory: 10392  grad_norm: 1.4960  loss: 0.8575  loss_heatmap: 0.3654  layer_-1_loss_cls: 0.0935  layer_-1_loss_bbox: 0.3985  matched_ious: 0.6198  sec_per_iter: 0.5652  iters_per_sec: 1.7700  samples_per_sec: 28.3100  samples_per_sec_per_gpu: 7.0800  max_mem_allocated_mb: 143.9000  max_mem_reserved_mb: 11086.0000
04/08 19:43:48 - mmengine - INFO - Epoch(train)  [5][2200/5000]  lr: 4.9628e-04  eta: 5:37:53  time: 0.5413  data_time: 0.0148  memory: 10336  grad_norm: 1.5583  loss: 0.8920  loss_heatmap: 0.3860  layer_-1_loss_cls: 0.0961  layer_-1_loss_bbox: 0.4099  matched_ious: 0.5055  sec_per_iter: 0.5650  iters_per_sec: 1.7700  samples_per_sec: 28.3200  samples_per_sec_per_gpu: 7.0800  max_mem_allocated_mb: 143.9000  max_mem_reserved_mb: 11086.0000
04/08 19:44:15 - mmengine - INFO - Epoch(train)  [5][2250/5000]  lr: 4.9611e-04  eta: 5:37:26  time: 0.5351  data_time: 0.0100  memory: 10477  grad_norm: 1.5298  loss: 0.9205  loss_heatmap: 0.3872  layer_-1_loss_cls: 0.0928  layer_-1_loss_bbox: 0.4405  matched_ious: 0.4926  sec_per_iter: 0.5644  iters_per_sec: 1.7700  samples_per_sec: 28.3500  samples_per_sec_per_gpu: 7.0900  max_mem_allocated_mb: 143.9000  max_mem_reserved_mb: 11086.0000
04/08 19:44:42 - mmengine - INFO - Epoch(train)  [5][2300/5000]  lr: 4.9594e-04  eta: 5:37:00  time: 0.5438  data_time: 0.0135  memory: 10349  grad_norm: 1.7258  loss: 0.8858  loss_heatmap: 0.3833  layer_-1_loss_cls: 0.0911  layer_-1_loss_bbox: 0.4114  matched_ious: 0.5223  sec_per_iter: 0.5638  iters_per_sec: 1.7700  samples_per_sec: 28.3800  samples_per_sec_per_gpu: 7.0900  max_mem_allocated_mb: 143.9000  max_mem_reserved_mb: 11086.0000
04/08 19:45:07 - mmengine - INFO - Epoch(train)  [5][2350/5000]  lr: 4.9576e-04  eta: 5:36:31  time: 0.5088  data_time: 0.0165  memory: 10381  grad_norm: nan  loss: 0.9177  loss_heatmap: 0.3990  layer_-1_loss_cls: 0.0988  layer_-1_loss_bbox: 0.4200  matched_ious: 0.4901  sec_per_iter: 0.5634  iters_per_sec: 1.7800  samples_per_sec: 28.4000  samples_per_sec_per_gpu: 7.1000  max_mem_allocated_mb: 143.9000  max_mem_reserved_mb: 11086.0000
04/08 19:45:32 - mmengine - INFO - Epoch(train)  [5][2400/5000]  lr: 4.9558e-04  eta: 5:36:01  time: 0.4952  data_time: 0.0079  memory: 10457  grad_norm: 1.6473  loss: 0.8920  loss_heatmap: 0.3818  layer_-1_loss_cls: 0.0947  layer_-1_loss_bbox: 0.4155  matched_ious: 0.5492  sec_per_iter: 0.5622  iters_per_sec: 1.7800  samples_per_sec: 28.4600  samples_per_sec_per_gpu: 7.1200  max_mem_allocated_mb: 143.9000  max_mem_reserved_mb: 11086.0000
04/08 19:46:03 - mmengine - INFO - Epoch(train)  [5][2450/5000]  lr: 4.9539e-04  eta: 5:35:40  time: 0.6139  data_time: 0.0144  memory: 10402  grad_norm: 1.5662  loss: 0.8928  loss_heatmap: 0.3927  layer_-1_loss_cls: 0.0976  layer_-1_loss_bbox: 0.4025  matched_ious: 0.5349  sec_per_iter: 0.5608  iters_per_sec: 1.7800  samples_per_sec: 28.5300  samples_per_sec_per_gpu: 7.1300  max_mem_allocated_mb: 143.9000  max_mem_reserved_mb: 11086.0000
04/08 19:46:33 - mmengine - INFO - Epoch(train)  [5][2500/5000]  lr: 4.9520e-04  eta: 5:35:19  time: 0.6047  data_time: 0.0145  memory: 10351  grad_norm: 1.4902  loss: 0.8857  loss_heatmap: 0.3863  layer_-1_loss_cls: 0.0974  layer_-1_loss_bbox: 0.4020  matched_ious: 0.5320  sec_per_iter: 0.5619  iters_per_sec: 1.7800  samples_per_sec: 28.4800  samples_per_sec_per_gpu: 7.1200  max_mem_allocated_mb: 143.9000  max_mem_reserved_mb: 11086.0000
04/08 19:47:01 - mmengine - INFO - Epoch(train)  [5][2550/5000]  lr: 4.9501e-04  eta: 5:34:55  time: 0.5663  data_time: 0.0106  memory: 10373  grad_norm: 1.5163  loss: 0.8544  loss_heatmap: 0.3810  layer_-1_loss_cls: 0.0942  layer_-1_loss_bbox: 0.3792  matched_ious: 0.5131  sec_per_iter: 0.5627  iters_per_sec: 1.7800  samples_per_sec: 28.4300  samples_per_sec_per_gpu: 7.1100  max_mem_allocated_mb: 143.9000  max_mem_reserved_mb: 11086.0000
04/08 19:47:30 - mmengine - INFO - Epoch(train)  [5][2600/5000]  lr: 4.9481e-04  eta: 5:34:32  time: 0.5831  data_time: 0.0149  memory: 10331  grad_norm: 1.5833  loss: 0.8856  loss_heatmap: 0.3937  layer_-1_loss_cls: 0.0932  layer_-1_loss_bbox: 0.3988  matched_ious: 0.5848  sec_per_iter: 0.5628  iters_per_sec: 1.7800  samples_per_sec: 28.4300  samples_per_sec_per_gpu: 7.1100  max_mem_allocated_mb: 143.9000  max_mem_reserved_mb: 11086.0000
04/08 19:47:57 - mmengine - INFO - Epoch(train)  [5][2650/5000]  lr: 4.9461e-04  eta: 5:34:05  time: 0.5414  data_time: 0.0106  memory: 10456  grad_norm: 1.5112  loss: 0.8571  loss_heatmap: 0.3731  layer_-1_loss_cls: 0.0977  layer_-1_loss_bbox: 0.3863  matched_ious: 0.5486  sec_per_iter: 0.5632  iters_per_sec: 1.7800  samples_per_sec: 28.4100  samples_per_sec_per_gpu: 7.1000  max_mem_allocated_mb: 143.9000  max_mem_reserved_mb: 11086.0000
04/08 19:48:23 - mmengine - INFO - Epoch(train)  [5][2700/5000]  lr: 4.9440e-04  eta: 5:33:37  time: 0.5215  data_time: 0.0128  memory: 10567  grad_norm: 1.6043  loss: 0.8427  loss_heatmap: 0.3551  layer_-1_loss_cls: 0.0913  layer_-1_loss_bbox: 0.3963  matched_ious: 0.5839  sec_per_iter: 0.5628  iters_per_sec: 1.7800  samples_per_sec: 28.4300  samples_per_sec_per_gpu: 7.1100  max_mem_allocated_mb: 143.9000  max_mem_reserved_mb: 11086.0000
04/08 19:48:52 - mmengine - INFO - Epoch(train)  [5][2750/5000]  lr: 4.9420e-04  eta: 5:33:12  time: 0.5615  data_time: 0.0082  memory: 10519  grad_norm: 1.7362  loss: 0.8878  loss_heatmap: 0.3881  layer_-1_loss_cls: 0.0971  layer_-1_loss_bbox: 0.4026  matched_ious: 0.5532  sec_per_iter: 0.5620  iters_per_sec: 1.7800  samples_per_sec: 28.4700  samples_per_sec_per_gpu: 7.1200  max_mem_allocated_mb: 143.9000  max_mem_reserved_mb: 11086.0000
04/08 19:49:16 - mmengine - INFO - Epoch(train)  [5][2800/5000]  lr: 4.9398e-04  eta: 5:32:42  time: 0.4885  data_time: 0.0109  memory: 10366  grad_norm: 1.5594  loss: 0.8589  loss_heatmap: 0.3776  layer_-1_loss_cls: 0.0925  layer_-1_loss_bbox: 0.3888  matched_ious: 0.5171  sec_per_iter: 0.5620  iters_per_sec: 1.7800  samples_per_sec: 28.4700  samples_per_sec_per_gpu: 7.1200  max_mem_allocated_mb: 143.9000  max_mem_reserved_mb: 11086.0000
04/08 19:49:42 - mmengine - INFO - Epoch(train)  [5][2850/5000]  lr: 4.9377e-04  eta: 5:32:14  time: 0.5295  data_time: 0.0120  memory: 10505  grad_norm: 1.5703  loss: 0.8484  loss_heatmap: 0.3782  layer_-1_loss_cls: 0.0950  layer_-1_loss_bbox: 0.3753  matched_ious: 0.6038  sec_per_iter: 0.5607  iters_per_sec: 1.7800  samples_per_sec: 28.5400  samples_per_sec_per_gpu: 7.1300  max_mem_allocated_mb: 143.9000  max_mem_reserved_mb: 11086.0000
04/08 19:50:07 - mmengine - INFO - Epoch(train)  [5][2900/5000]  lr: 4.9355e-04  eta: 5:31:43  time: 0.4847  data_time: 0.0142  memory: 10384  grad_norm: 1.4526  loss: 0.8187  loss_heatmap: 0.3634  layer_-1_loss_cls: 0.0926  layer_-1_loss_bbox: 0.3627  matched_ious: 0.5793  sec_per_iter: 0.5601  iters_per_sec: 1.7900  samples_per_sec: 28.5600  samples_per_sec_per_gpu: 7.1400  max_mem_allocated_mb: 143.9000  max_mem_reserved_mb: 11086.0000
04/08 19:50:34 - mmengine - INFO - Epoch(train)  [5][2950/5000]  lr: 4.9332e-04  eta: 5:31:17  time: 0.5489  data_time: 0.0199  memory: 10614  grad_norm: 1.4242  loss: 0.8189  loss_heatmap: 0.3467  layer_-1_loss_cls: 0.0864  layer_-1_loss_bbox: 0.3859  matched_ious: 0.5455  sec_per_iter: 0.5589  iters_per_sec: 1.7900  samples_per_sec: 28.6300  samples_per_sec_per_gpu: 7.1600  max_mem_allocated_mb: 143.9000  max_mem_reserved_mb: 11086.0000
04/08 19:51:00 - mmengine - INFO - Exp name: zod_lidar_only_continue_20260408_160451
04/08 19:51:00 - mmengine - INFO - Epoch(train)  [5][3000/5000]  lr: 4.9310e-04  eta: 5:30:49  time: 0.5110  data_time: 0.0143  memory: 10475  grad_norm: 1.6575  loss: 0.8556  loss_heatmap: 0.3878  layer_-1_loss_cls: 0.0965  layer_-1_loss_bbox: 0.3712  matched_ious: 0.5636  sec_per_iter: 0.5587  iters_per_sec: 1.7900  samples_per_sec: 28.6400  samples_per_sec_per_gpu: 7.1600  max_mem_allocated_mb: 143.9000  max_mem_reserved_mb: 11086.0000
04/08 19:51:27 - mmengine - INFO - Epoch(train)  [5][3050/5000]  lr: 4.9287e-04  eta: 5:30:22  time: 0.5347  data_time: 0.0107  memory: 10571  grad_norm: 1.5468  loss: 0.9290  loss_heatmap: 0.4053  layer_-1_loss_cls: 0.0966  layer_-1_loss_bbox: 0.4271  matched_ious: 0.5783  sec_per_iter: 0.5579  iters_per_sec: 1.7900  samples_per_sec: 28.6800  samples_per_sec_per_gpu: 7.1700  max_mem_allocated_mb: 143.9000  max_mem_reserved_mb: 11086.0000
04/08 19:51:54 - mmengine - INFO - Epoch(train)  [5][3100/5000]  lr: 4.9263e-04  eta: 5:29:56  time: 0.5543  data_time: 0.0161  memory: 10460  grad_norm: 1.6272  loss: 0.9042  loss_heatmap: 0.3834  layer_-1_loss_cls: 0.0934  layer_-1_loss_bbox: 0.4274  matched_ious: 0.5257  sec_per_iter: 0.5576  iters_per_sec: 1.7900  samples_per_sec: 28.7000  samples_per_sec_per_gpu: 7.1700  max_mem_allocated_mb: 143.9000  max_mem_reserved_mb: 11086.0000
04/08 19:52:19 - mmengine - INFO - Epoch(train)  [5][3150/5000]  lr: 4.9239e-04  eta: 5:29:27  time: 0.5067  data_time: 0.0149  memory: 10469  grad_norm: 1.5147  loss: 0.8907  loss_heatmap: 0.3832  layer_-1_loss_cls: 0.1012  layer_-1_loss_bbox: 0.4063  matched_ious: 0.5525  sec_per_iter: 0.5575  iters_per_sec: 1.7900  samples_per_sec: 28.7000  samples_per_sec_per_gpu: 7.1800  max_mem_allocated_mb: 143.9000  max_mem_reserved_mb: 11086.0000
04/08 19:52:45 - mmengine - INFO - Epoch(train)  [5][3200/5000]  lr: 4.9215e-04  eta: 5:28:58  time: 0.5061  data_time: 0.0086  memory: 10458  grad_norm: 1.5038  loss: 0.8850  loss_heatmap: 0.3787  layer_-1_loss_cls: 0.0932  layer_-1_loss_bbox: 0.4132  matched_ious: 0.5701  sec_per_iter: 0.5567  iters_per_sec: 1.8000  samples_per_sec: 28.7400  samples_per_sec_per_gpu: 7.1900  max_mem_allocated_mb: 143.9000  max_mem_reserved_mb: 11086.0000
04/08 19:53:11 - mmengine - INFO - Epoch(train)  [5][3250/5000]  lr: 4.9190e-04  eta: 5:28:30  time: 0.5289  data_time: 0.0082  memory: 10429  grad_norm: 1.5890  loss: 0.8374  loss_heatmap: 0.3547  layer_-1_loss_cls: 0.0936  layer_-1_loss_bbox: 0.3891  matched_ious: 0.5746  sec_per_iter: 0.5559  iters_per_sec: 1.8000  samples_per_sec: 28.7800  samples_per_sec_per_gpu: 7.2000  max_mem_allocated_mb: 143.9000  max_mem_reserved_mb: 11086.0000
04/08 19:53:38 - mmengine - INFO - Epoch(train)  [5][3300/5000]  lr: 4.9166e-04  eta: 5:28:03  time: 0.5260  data_time: 0.0117  memory: 10489  grad_norm: 1.6040  loss: 0.8740  loss_heatmap: 0.3831  layer_-1_loss_cls: 0.0976  layer_-1_loss_bbox: 0.3932  matched_ious: 0.5308  sec_per_iter: 0.5555  iters_per_sec: 1.8000  samples_per_sec: 28.8100  samples_per_sec_per_gpu: 7.2000  max_mem_allocated_mb: 143.9000  max_mem_reserved_mb: 11086.0000
04/08 19:54:03 - mmengine - INFO - Epoch(train)  [5][3350/5000]  lr: 4.9140e-04  eta: 5:27:35  time: 0.5185  data_time: 0.0077  memory: 10427  grad_norm: 1.4821  loss: 0.9021  loss_heatmap: 0.3847  layer_-1_loss_cls: 0.0933  layer_-1_loss_bbox: 0.4242  matched_ious: 0.5468  sec_per_iter: 0.5550  iters_per_sec: 1.8000  samples_per_sec: 28.8300  samples_per_sec_per_gpu: 7.2100  max_mem_allocated_mb: 143.9000  max_mem_reserved_mb: 11086.0000
04/08 19:54:32 - mmengine - INFO - Epoch(train)  [5][3400/5000]  lr: 4.9114e-04  eta: 5:27:10  time: 0.5644  data_time: 0.0093  memory: 10538  grad_norm: 1.5578  loss: 0.8521  loss_heatmap: 0.3616  layer_-1_loss_cls: 0.0875  layer_-1_loss_bbox: 0.4030  matched_ious: 0.5719  sec_per_iter: 0.5545  iters_per_sec: 1.8000  samples_per_sec: 28.8600  samples_per_sec_per_gpu: 7.2100  max_mem_allocated_mb: 143.9000  max_mem_reserved_mb: 11086.0000
04/08 19:54:58 - mmengine - INFO - Epoch(train)  [5][3450/5000]  lr: 4.9088e-04  eta: 5:26:43  time: 0.5309  data_time: 0.0078  memory: 10269  grad_norm: 1.5542  loss: 0.8159  loss_heatmap: 0.3510  layer_-1_loss_cls: 0.0926  layer_-1_loss_bbox: 0.3723  matched_ious: 0.5399  sec_per_iter: 0.5546  iters_per_sec: 1.8000  samples_per_sec: 28.8500  samples_per_sec_per_gpu: 7.2100  max_mem_allocated_mb: 143.9000  max_mem_reserved_mb: 11086.0000
04/08 19:55:24 - mmengine - INFO - Epoch(train)  [5][3500/5000]  lr: 4.9062e-04  eta: 5:26:14  time: 0.5118  data_time: 0.0096  memory: 10435  grad_norm: 1.5528  loss: 0.8517  loss_heatmap: 0.3658  layer_-1_loss_cls: 0.0937  layer_-1_loss_bbox: 0.3922  matched_ious: 0.5107  sec_per_iter: 0.5543  iters_per_sec: 1.8000  samples_per_sec: 28.8700  samples_per_sec_per_gpu: 7.2200  max_mem_allocated_mb: 143.9000  max_mem_reserved_mb: 11086.0000
04/08 19:55:54 - mmengine - INFO - Epoch(train)  [5][3550/5000]  lr: 4.9035e-04  eta: 5:25:53  time: 0.6094  data_time: 0.0156  memory: 10443  grad_norm: 1.4517  loss: 0.8435  loss_heatmap: 0.3625  layer_-1_loss_cls: 0.0904  layer_-1_loss_bbox: 0.3906  matched_ious: 0.5600  sec_per_iter: 0.5537  iters_per_sec: 1.8100  samples_per_sec: 28.9000  samples_per_sec_per_gpu: 7.2200  max_mem_allocated_mb: 143.9000  max_mem_reserved_mb: 11086.0000
04/08 19:56:23 - mmengine - INFO - Epoch(train)  [5][3600/5000]  lr: 4.9008e-04  eta: 5:25:29  time: 0.5780  data_time: 0.0097  memory: 10445  grad_norm: 1.4995  loss: 0.8473  loss_heatmap: 0.3674  layer_-1_loss_cls: 0.0937  layer_-1_loss_bbox: 0.3862  matched_ious: 0.5364  sec_per_iter: 0.5545  iters_per_sec: 1.8000  samples_per_sec: 28.8600  samples_per_sec_per_gpu: 7.2100  max_mem_allocated_mb: 143.9000  max_mem_reserved_mb: 11086.0000
04/08 19:56:55 - mmengine - INFO - Epoch(train)  [5][3650/5000]  lr: 4.8980e-04  eta: 5:25:09  time: 0.6274  data_time: 0.0166  memory: 10409  grad_norm: 1.6134  loss: 0.8348  loss_heatmap: 0.3633  layer_-1_loss_cls: 0.0935  layer_-1_loss_bbox: 0.3780  matched_ious: 0.5043  sec_per_iter: 0.5548  iters_per_sec: 1.8000  samples_per_sec: 28.8400  samples_per_sec_per_gpu: 7.2100  max_mem_allocated_mb: 143.9000  max_mem_reserved_mb: 11086.0000
04/08 19:57:25 - mmengine - INFO - Epoch(train)  [5][3700/5000]  lr: 4.8952e-04  eta: 5:24:48  time: 0.6093  data_time: 0.0080  memory: 10585  grad_norm: 1.5309  loss: 0.8530  loss_heatmap: 0.3644  layer_-1_loss_cls: 0.0951  layer_-1_loss_bbox: 0.3936  matched_ious: 0.5766  sec_per_iter: 0.5558  iters_per_sec: 1.8000  samples_per_sec: 28.7900  samples_per_sec_per_gpu: 7.2000  max_mem_allocated_mb: 143.9000  max_mem_reserved_mb: 11086.0000
04/08 19:57:52 - mmengine - INFO - Epoch(train)  [5][3750/5000]  lr: 4.8924e-04  eta: 5:24:22  time: 0.5454  data_time: 0.0106  memory: 10372  grad_norm: 1.5595  loss: 0.8686  loss_heatmap: 0.3650  layer_-1_loss_cls: 0.0924  layer_-1_loss_bbox: 0.4112  matched_ious: 0.5424  sec_per_iter: 0.5565  iters_per_sec: 1.8000  samples_per_sec: 28.7500  samples_per_sec_per_gpu: 7.1900  max_mem_allocated_mb: 143.9000  max_mem_reserved_mb: 11086.0000
04/08 19:58:19 - mmengine - INFO - Epoch(train)  [5][3800/5000]  lr: 4.8895e-04  eta: 5:23:55  time: 0.5410  data_time: 0.0124  memory: 10471  grad_norm: 1.5131  loss: 0.8459  loss_heatmap: 0.3681  layer_-1_loss_cls: 0.0919  layer_-1_loss_bbox: 0.3860  matched_ious: 0.5344  sec_per_iter: 0.5564  iters_per_sec: 1.8000  samples_per_sec: 28.7600  samples_per_sec_per_gpu: 7.1900  max_mem_allocated_mb: 143.9000  max_mem_reserved_mb: 11086.0000
04/08 19:58:46 - mmengine - INFO - Epoch(train)  [5][3850/5000]  lr: 4.8866e-04  eta: 5:23:28  time: 0.5278  data_time: 0.0115  memory: 10439  grad_norm: 1.4941  loss: 0.8672  loss_heatmap: 0.3707  layer_-1_loss_cls: 0.0951  layer_-1_loss_bbox: 0.4015  matched_ious: 0.5908  sec_per_iter: 0.5561  iters_per_sec: 1.8000  samples_per_sec: 28.7700  samples_per_sec_per_gpu: 7.1900  max_mem_allocated_mb: 143.9000  max_mem_reserved_mb: 11086.0000
04/08 19:59:14 - mmengine - INFO - Epoch(train)  [5][3900/5000]  lr: 4.8837e-04  eta: 5:23:03  time: 0.5616  data_time: 0.0157  memory: 10417  grad_norm: 1.4762  loss: 0.8909  loss_heatmap: 0.3774  layer_-1_loss_cls: 0.0946  layer_-1_loss_bbox: 0.4189  matched_ious: 0.5327  sec_per_iter: 0.5558  iters_per_sec: 1.8000  samples_per_sec: 28.7900  samples_per_sec_per_gpu: 7.2000  max_mem_allocated_mb: 143.9000  max_mem_reserved_mb: 11086.0000
04/08 19:59:41 - mmengine - INFO - Epoch(train)  [5][3950/5000]  lr: 4.8807e-04  eta: 5:22:36  time: 0.5416  data_time: 0.0203  memory: 10397  grad_norm: 1.5273  loss: 0.8687  loss_heatmap: 0.3719  layer_-1_loss_cls: 0.0924  layer_-1_loss_bbox: 0.4044  matched_ious: 0.5172  sec_per_iter: 0.5559  iters_per_sec: 1.8000  samples_per_sec: 28.7800  samples_per_sec_per_gpu: 7.2000  max_mem_allocated_mb: 143.9000  max_mem_reserved_mb: 11086.0000
04/08 20:00:07 - mmengine - INFO - Exp name: zod_lidar_only_continue_20260408_160451
04/08 20:00:07 - mmengine - INFO - Epoch(train)  [5][4000/5000]  lr: 4.8777e-04  eta: 5:22:08  time: 0.5225  data_time: 0.0105  memory: 10380  grad_norm: 1.4726  loss: 0.8977  loss_heatmap: 0.3845  layer_-1_loss_cls: 0.0938  layer_-1_loss_bbox: 0.4193  matched_ious: 0.5609  sec_per_iter: 0.5557  iters_per_sec: 1.8000  samples_per_sec: 28.7900  samples_per_sec_per_gpu: 7.2000  max_mem_allocated_mb: 143.9000  max_mem_reserved_mb: 11086.0000
04/08 20:00:35 - mmengine - INFO - Epoch(train)  [5][4050/5000]  lr: 4.8747e-04  eta: 5:21:44  time: 0.5632  data_time: 0.0161  memory: 10627  grad_norm: 1.5037  loss: 0.9306  loss_heatmap: 0.3835  layer_-1_loss_cls: 0.0944  layer_-1_loss_bbox: 0.4527  matched_ious: 0.5682  sec_per_iter: 0.5553  iters_per_sec: 1.8000  samples_per_sec: 28.8200  samples_per_sec_per_gpu: 7.2000  max_mem_allocated_mb: 143.9000  max_mem_reserved_mb: 11086.0000
04/08 20:01:04 - mmengine - INFO - Epoch(train)  [5][4100/5000]  lr: 4.8716e-04  eta: 5:21:19  time: 0.5697  data_time: 0.0091  memory: 10492  grad_norm: 1.5717  loss: 0.9312  loss_heatmap: 0.3864  layer_-1_loss_cls: 0.0935  layer_-1_loss_bbox: 0.4513  matched_ious: 0.5601  sec_per_iter: 0.5554  iters_per_sec: 1.8000  samples_per_sec: 28.8100  samples_per_sec_per_gpu: 7.2000  max_mem_allocated_mb: 143.9000  max_mem_reserved_mb: 11086.0000
04/08 20:01:30 - mmengine - INFO - Epoch(train)  [5][4150/5000]  lr: 4.8684e-04  eta: 5:20:51  time: 0.5258  data_time: 0.0153  memory: 10347  grad_norm: 1.5255  loss: 0.8878  loss_heatmap: 0.3659  layer_-1_loss_cls: 0.0921  layer_-1_loss_bbox: 0.4298  matched_ious: 0.5163  sec_per_iter: 0.5555  iters_per_sec: 1.8000  samples_per_sec: 28.8000  samples_per_sec_per_gpu: 7.2000  max_mem_allocated_mb: 143.9000  max_mem_reserved_mb: 11086.0000
04/08 20:01:58 - mmengine - INFO - Epoch(train)  [5][4200/5000]  lr: 4.8653e-04  eta: 5:20:27  time: 0.5665  data_time: 0.0144  memory: 10516  grad_norm: 1.4902  loss: 0.8670  loss_heatmap: 0.3715  layer_-1_loss_cls: 0.0907  layer_-1_loss_bbox: 0.4047  matched_ious: 0.5654  sec_per_iter: 0.5552  iters_per_sec: 1.8000  samples_per_sec: 28.8200  samples_per_sec_per_gpu: 7.2000  max_mem_allocated_mb: 143.9000  max_mem_reserved_mb: 11086.0000
04/08 20:02:27 - mmengine - INFO - Epoch(train)  [5][4250/5000]  lr: 4.8621e-04  eta: 5:20:03  time: 0.5809  data_time: 0.0106  memory: 10510  grad_norm: 1.4221  loss: 0.8431  loss_heatmap: 0.3575  layer_-1_loss_cls: 0.0873  layer_-1_loss_bbox: 0.3983  matched_ious: 0.5110  sec_per_iter: 0.5553  iters_per_sec: 1.8000  samples_per_sec: 28.8100  samples_per_sec_per_gpu: 7.2000  max_mem_allocated_mb: 143.9000  max_mem_reserved_mb: 11086.0000
04/08 20:02:56 - mmengine - INFO - Epoch(train)  [5][4300/5000]  lr: 4.8588e-04  eta: 5:19:39  time: 0.5717  data_time: 0.0131  memory: 10541  grad_norm: 1.5197  loss: 0.8520  loss_heatmap: 0.3672  layer_-1_loss_cls: 0.0932  layer_-1_loss_bbox: 0.3916  matched_ious: 0.5687  sec_per_iter: 0.5556  iters_per_sec: 1.8000  samples_per_sec: 28.8000  samples_per_sec_per_gpu: 7.2000  max_mem_allocated_mb: 143.9000  max_mem_reserved_mb: 11086.0000
04/08 20:03:26 - mmengine - INFO - Epoch(train)  [5][4350/5000]  lr: 4.8556e-04  eta: 5:19:17  time: 0.6074  data_time: 0.0166  memory: 10408  grad_norm: 1.4558  loss: 0.8116  loss_heatmap: 0.3528  layer_-1_loss_cls: 0.0889  layer_-1_loss_bbox: 0.3699  matched_ious: 0.5459  sec_per_iter: 0.5559  iters_per_sec: 1.8000  samples_per_sec: 28.7800  samples_per_sec_per_gpu: 7.2000  max_mem_allocated_mb: 143.9000  max_mem_reserved_mb: 11086.0000
04/08 20:03:55 - mmengine - INFO - Epoch(train)  [5][4400/5000]  lr: 4.8523e-04  eta: 5:18:53  time: 0.5751  data_time: 0.0170  memory: 10345  grad_norm: 1.4901  loss: 0.8361  loss_heatmap: 0.3605  layer_-1_loss_cls: 0.0910  layer_-1_loss_bbox: 0.3847  matched_ious: 0.5737  sec_per_iter: 0.5564  iters_per_sec: 1.8000  samples_per_sec: 28.7600  samples_per_sec_per_gpu: 7.1900  max_mem_allocated_mb: 143.9000  max_mem_reserved_mb: 11086.0000
04/08 20:04:26 - mmengine - INFO - Epoch(train)  [5][4450/5000]  lr: 4.8489e-04  eta: 5:18:32  time: 0.6169  data_time: 0.0189  memory: 10436  grad_norm: 1.5417  loss: 0.8889  loss_heatmap: 0.3861  layer_-1_loss_cls: 0.0944  layer_-1_loss_bbox: 0.4084  matched_ious: 0.5728  sec_per_iter: 0.5566  iters_per_sec: 1.8000  samples_per_sec: 28.7500  samples_per_sec_per_gpu: 7.1900  max_mem_allocated_mb: 143.9000  max_mem_reserved_mb: 11086.0000
04/08 20:04:53 - mmengine - INFO - Epoch(train)  [5][4500/5000]  lr: 4.8455e-04  eta: 5:18:05  time: 0.5315  data_time: 0.0182  memory: 10508  grad_norm: 1.5560  loss: 0.9377  loss_heatmap: 0.4020  layer_-1_loss_cls: 0.0982  layer_-1_loss_bbox: 0.4376  matched_ious: 0.5478  sec_per_iter: 0.5573  iters_per_sec: 1.7900  samples_per_sec: 28.7100  samples_per_sec_per_gpu: 7.1800  max_mem_allocated_mb: 143.9000  max_mem_reserved_mb: 11086.0000
04/08 20:05:26 - mmengine - INFO - Epoch(train)  [5][4550/5000]  lr: 4.8421e-04  eta: 5:17:48  time: 0.6774  data_time: 0.0160  memory: 10376  grad_norm: 1.6522  loss: 0.9289  loss_heatmap: 0.3992  layer_-1_loss_cls: 0.0935  layer_-1_loss_bbox: 0.4362  matched_ious: 0.5613  sec_per_iter: 0.5570  iters_per_sec: 1.8000  samples_per_sec: 28.7200  samples_per_sec_per_gpu: 7.1800  max_mem_allocated_mb: 143.9000  max_mem_reserved_mb: 11086.0000
04/08 20:05:56 - mmengine - INFO - Epoch(train)  [5][4600/5000]  lr: 4.8387e-04  eta: 5:17:25  time: 0.5917  data_time: 0.0099  memory: 10475  grad_norm: 1.5101  loss: 0.8593  loss_heatmap: 0.3562  layer_-1_loss_cls: 0.0913  layer_-1_loss_bbox: 0.4119  matched_ious: 0.5220  sec_per_iter: 0.5583  iters_per_sec: 1.7900  samples_per_sec: 28.6600  samples_per_sec_per_gpu: 7.1600  max_mem_allocated_mb: 143.9000  max_mem_reserved_mb: 11086.0000
04/08 20:06:28 - mmengine - INFO - Epoch(train)  [5][4650/5000]  lr: 4.8352e-04  eta: 5:17:06  time: 0.6457  data_time: 0.0344  memory: 10362  grad_norm: 1.4964  loss: 0.8503  loss_heatmap: 0.3638  layer_-1_loss_cls: 0.0917  layer_-1_loss_bbox: 0.3948  matched_ious: 0.5186  sec_per_iter: 0.5587  iters_per_sec: 1.7900  samples_per_sec: 28.6400  samples_per_sec_per_gpu: 7.1600  max_mem_allocated_mb: 143.9000  max_mem_reserved_mb: 11086.0000
04/08 20:06:55 - mmengine - INFO - Epoch(train)  [5][4700/5000]  lr: 4.8317e-04  eta: 5:16:38  time: 0.5356  data_time: 0.0147  memory: 10481  grad_norm: 1.4856  loss: 0.8385  loss_heatmap: 0.3650  layer_-1_loss_cls: 0.0913  layer_-1_loss_bbox: 0.3822  matched_ious: 0.5595  sec_per_iter: 0.5596  iters_per_sec: 1.7900  samples_per_sec: 28.5900  samples_per_sec_per_gpu: 7.1500  max_mem_allocated_mb: 143.9000  max_mem_reserved_mb: 11086.0000
04/08 20:07:26 - mmengine - INFO - Epoch(train)  [5][4750/5000]  lr: 4.8281e-04  eta: 5:16:17  time: 0.6210  data_time: 0.0176  memory: 10390  grad_norm: 1.5535  loss: 0.7998  loss_heatmap: 0.3350  layer_-1_loss_cls: 0.0839  layer_-1_loss_bbox: 0.3809  matched_ious: 0.5437  sec_per_iter: 0.5594  iters_per_sec: 1.7900  samples_per_sec: 28.6000  samples_per_sec_per_gpu: 7.1500  max_mem_allocated_mb: 143.9000  max_mem_reserved_mb: 11086.0000
04/08 20:07:53 - mmengine - INFO - Epoch(train)  [5][4800/5000]  lr: 4.8245e-04  eta: 5:15:50  time: 0.5319  data_time: 0.0161  memory: 10426  grad_norm: 1.4824  loss: 0.8527  loss_heatmap: 0.3601  layer_-1_loss_cls: 0.0914  layer_-1_loss_bbox: 0.4012  matched_ious: 0.5246  sec_per_iter: 0.5600  iters_per_sec: 1.7900  samples_per_sec: 28.5700  samples_per_sec_per_gpu: 7.1400  max_mem_allocated_mb: 143.9000  max_mem_reserved_mb: 11086.0000
04/08 20:08:23 - mmengine - INFO - Epoch(train)  [5][4850/5000]  lr: 4.8209e-04  eta: 5:15:28  time: 0.6084  data_time: 0.0081  memory: 10458  grad_norm: 1.5172  loss: 0.8727  loss_heatmap: 0.3674  layer_-1_loss_cls: 0.0897  layer_-1_loss_bbox: 0.4156  matched_ious: 0.5310  sec_per_iter: 0.5597  iters_per_sec: 1.7900  samples_per_sec: 28.5900  samples_per_sec_per_gpu: 7.1500  max_mem_allocated_mb: 143.9000  max_mem_reserved_mb: 11086.0000
04/08 20:08:54 - mmengine - INFO - Epoch(train)  [5][4900/5000]  lr: 4.8172e-04  eta: 5:15:07  time: 0.6255  data_time: 0.0224  memory: 10409  grad_norm: 1.5421  loss: 0.8883  loss_heatmap: 0.3858  layer_-1_loss_cls: 0.0928  layer_-1_loss_bbox: 0.4097  matched_ious: 0.5751  sec_per_iter: 0.5602  iters_per_sec: 1.7800  samples_per_sec: 28.5600  samples_per_sec_per_gpu: 7.1400  max_mem_allocated_mb: 143.9000  max_mem_reserved_mb: 11086.0000
04/08 20:09:24 - mmengine - INFO - Epoch(train)  [5][4950/5000]  lr: 4.8135e-04  eta: 5:14:43  time: 0.5830  data_time: 0.0147  memory: 10500  grad_norm: 1.7035  loss: 0.8891  loss_heatmap: 0.3787  layer_-1_loss_cls: 0.0921  layer_-1_loss_bbox: 0.4182  matched_ious: 0.5422  sec_per_iter: 0.5609  iters_per_sec: 1.7800  samples_per_sec: 28.5300  samples_per_sec_per_gpu: 7.1300  max_mem_allocated_mb: 143.9000  max_mem_reserved_mb: 11086.0000
04/08 20:09:53 - mmengine - INFO - Exp name: zod_lidar_only_continue_20260408_160451
04/08 20:09:54 - mmengine - INFO - Epoch(train)  [5][5000/5000]  lr: 4.8098e-04  eta: 5:14:21  time: 0.5984  data_time: 0.0086  memory: 10482  grad_norm: 1.5049  loss: 0.9370  loss_heatmap: 0.3997  layer_-1_loss_cls: 0.0961  layer_-1_loss_bbox: 0.4412  matched_ious: 0.5431  sec_per_iter: 0.5611  iters_per_sec: 1.7800  samples_per_sec: 28.5100  samples_per_sec_per_gpu: 7.1300  max_mem_allocated_mb: 143.9000  max_mem_reserved_mb: 11086.0000
04/08 20:09:54 - mmengine - INFO - [Efficiency] Epoch 5: wall=2807.8s  iters=5000  sec/iter=0.562  mem_alloc=144MB  mem_rsv=11086MB
04/08 20:09:54 - mmengine - INFO - Saving checkpoint at 5 epochs
04/08 20:10:01 - mmengine - INFO - Epoch(val)  [5][  50/1250]    eta: 0:02:35  time: 0.1295  data_time: 0.0029  memory: 2447  
04/08 20:10:09 - mmengine - INFO - Epoch(val)  [5][ 100/1250]    eta: 0:02:47  time: 0.1612  data_time: 0.0016  memory: 2447  
04/08 20:10:17 - mmengine - INFO - Epoch(val)  [5][ 150/1250]    eta: 0:02:39  time: 0.1451  data_time: 0.0021  memory: 2447  
04/08 20:10:24 - mmengine - INFO - Epoch(val)  [5][ 200/1250]    eta: 0:02:35  time: 0.1571  data_time: 0.0055  memory: 2447  
04/08 20:10:32 - mmengine - INFO - Epoch(val)  [5][ 250/1250]    eta: 0:02:28  time: 0.1492  data_time: 0.0037  memory: 2447  
04/08 20:10:39 - mmengine - INFO - Epoch(val)  [5][ 300/1250]    eta: 0:02:18  time: 0.1336  data_time: 0.0036  memory: 2447  
04/08 20:10:45 - mmengine - INFO - Epoch(val)  [5][ 350/1250]    eta: 0:02:10  time: 0.1363  data_time: 0.0019  memory: 2447  
04/08 20:10:52 - mmengine - INFO - Epoch(val)  [5][ 400/1250]    eta: 0:02:01  time: 0.1355  data_time: 0.0026  memory: 2447  
04/08 20:11:00 - mmengine - INFO - Epoch(val)  [5][ 450/1250]    eta: 0:01:55  time: 0.1531  data_time: 0.0018  memory: 2447  
04/08 20:11:07 - mmengine - INFO - Epoch(val)  [5][ 500/1250]    eta: 0:01:47  time: 0.1378  data_time: 0.0032  memory: 2447  
04/08 20:11:14 - mmengine - INFO - Epoch(val)  [5][ 550/1250]    eta: 0:01:40  time: 0.1441  data_time: 0.0050  memory: 2447  
04/08 20:11:21 - mmengine - INFO - Epoch(val)  [5][ 600/1250]    eta: 0:01:33  time: 0.1376  data_time: 0.0031  memory: 2447  
04/08 20:11:28 - mmengine - INFO - Epoch(val)  [5][ 650/1250]    eta: 0:01:25  time: 0.1408  data_time: 0.0019  memory: 2447  
04/08 20:11:36 - mmengine - INFO - Epoch(val)  [5][ 700/1250]    eta: 0:01:19  time: 0.1680  data_time: 0.0045  memory: 2447  
04/08 20:11:43 - mmengine - INFO - Epoch(val)  [5][ 750/1250]    eta: 0:01:11  time: 0.1257  data_time: 0.0028  memory: 2447  
04/08 20:11:50 - mmengine - INFO - Epoch(val)  [5][ 800/1250]    eta: 0:01:04  time: 0.1441  data_time: 0.0019  memory: 2447  
04/08 20:11:56 - mmengine - INFO - Epoch(val)  [5][ 850/1250]    eta: 0:00:57  time: 0.1314  data_time: 0.0018  memory: 2447  
04/08 20:12:03 - mmengine - INFO - Epoch(val)  [5][ 900/1250]    eta: 0:00:49  time: 0.1301  data_time: 0.0016  memory: 2447  
04/08 20:12:12 - mmengine - INFO - Epoch(val)  [5][ 950/1250]    eta: 0:00:43  time: 0.1765  data_time: 0.0048  memory: 2447  
04/08 20:12:19 - mmengine - INFO - Epoch(val)  [5][1000/1250]    eta: 0:00:36  time: 0.1443  data_time: 0.0022  memory: 2447  
04/08 20:12:26 - mmengine - INFO - Epoch(val)  [5][1050/1250]    eta: 0:00:28  time: 0.1396  data_time: 0.0019  memory: 2446  
04/08 20:12:33 - mmengine - INFO - Epoch(val)  [5][1100/1250]    eta: 0:00:21  time: 0.1412  data_time: 0.0021  memory: 2446  
04/08 20:12:40 - mmengine - INFO - Epoch(val)  [5][1150/1250]    eta: 0:00:14  time: 0.1346  data_time: 0.0022  memory: 2447  
04/08 20:12:47 - mmengine - INFO - Epoch(val)  [5][1200/1250]    eta: 0:00:07  time: 0.1524  data_time: 0.0036  memory: 2447  
04/08 20:12:55 - mmengine - INFO - Epoch(val)  [5][1250/1250]    eta: 0:00:00  time: 0.1440  data_time: 0.0025  memory: 2447  
04/08 20:14:20 - mmengine - INFO - 
+------------+---------+---------+---------+---------+
| classes    | AP_0.25 | AR_0.25 | AP_0.50 | AR_0.50 |
+------------+---------+---------+---------+---------+
| pedestrian | 0.7466  | 0.9356  | 0.4966  | 0.6871  |
+------------+---------+---------+---------+---------+
| Overall    | 0.7466  | 0.9356  | 0.4966  | 0.6871  |
+------------+---------+---------+---------+---------+
04/08 20:14:46 - mmengine - INFO - 
+------------+---------+---------+---------+---------+---------+---------+
| classes    | AP_0.5m | AR_0.5m | AP_1.0m | AR_1.0m | AP_2.0m | AR_2.0m |
+------------+---------+---------+---------+---------+---------+---------+
| pedestrian | 0.7665  | 0.9643  | 0.7746  | 0.9711  | 0.7798  | 0.9750  |
+------------+---------+---------+---------+---------+---------+---------+
| Overall    | 0.7665  | 0.9643  | 0.7746  | 0.9711  | 0.7798  | 0.9750  |
+------------+---------+---------+---------+---------+---------+---------+
04/08 20:14:48 - mmengine - INFO - Epoch(val) [5][1250/1250]    pedestrian_AP_0.25: 0.7466  mAP_0.25: 0.7466  pedestrian_rec_0.25: 0.9356  mAR_0.25: 0.9356  pedestrian_AP_0.50: 0.4966  mAP_0.50: 0.4966  pedestrian_rec_0.50: 0.6871  mAR_0.50: 0.6871  pedestrian_AP_0.5m: 0.7665  pedestrian_rec_0.5m: 0.9643  pedestrian_AP_1.0m: 0.7746  pedestrian_rec_1.0m: 0.9711  pedestrian_AP_2.0m: 0.7798  pedestrian_rec_2.0m: 0.9750  mAP_0.5m: 0.7665  mAR_0.5m: 0.9643  mAP_1.0m: 0.7746  mAR_1.0m: 0.9711  mAP_2.0m: 0.7798  mAR_2.0m: 0.9750  data_time: 0.0028  time: 0.1437
04/08 20:15:20 - mmengine - INFO - Epoch(train)  [6][  50/5000]  lr: 4.8060e-04  eta: 5:13:59  time: 0.6204  data_time: 0.0393  memory: 10415  grad_norm: 1.4507  loss: 0.8596  loss_heatmap: 0.3633  layer_-1_loss_cls: 0.0925  layer_-1_loss_bbox: 0.4038  matched_ious: 0.5785  sec_per_iter: 0.5615  iters_per_sec: 1.7800  samples_per_sec: 28.4900  samples_per_sec_per_gpu: 7.1200  max_mem_allocated_mb: 143.9000  max_mem_reserved_mb: 11086.0000
04/08 20:15:50 - mmengine - INFO - Epoch(train)  [6][ 100/5000]  lr: 4.8022e-04  eta: 5:13:37  time: 0.6012  data_time: 0.0148  memory: 10388  grad_norm: 1.4835  loss: 0.7854  loss_heatmap: 0.3284  layer_-1_loss_cls: 0.0836  layer_-1_loss_bbox: 0.3734  matched_ious: 0.5749  sec_per_iter: 0.6210  iters_per_sec: 1.6100  samples_per_sec: 25.7600  samples_per_sec_per_gpu: 6.4400  max_mem_allocated_mb: 143.9000  max_mem_reserved_mb: 11086.0000
04/08 20:16:16 - mmengine - INFO - Epoch(train)  [6][ 150/5000]  lr: 4.7983e-04  eta: 5:13:09  time: 0.5247  data_time: 0.0074  memory: 10450  grad_norm: 1.4039  loss: 0.8073  loss_heatmap: 0.3373  layer_-1_loss_cls: 0.0864  layer_-1_loss_bbox: 0.3837  matched_ious: 0.5859  sec_per_iter: 0.6112  iters_per_sec: 1.6400  samples_per_sec: 26.1800  samples_per_sec_per_gpu: 6.5400  max_mem_allocated_mb: 143.9000  max_mem_reserved_mb: 11086.0000
04/08 20:16:46 - mmengine - INFO - Epoch(train)  [6][ 200/5000]  lr: 4.7945e-04  eta: 5:12:45  time: 0.5851  data_time: 0.0158  memory: 10391  grad_norm: 1.5368  loss: 0.8657  loss_heatmap: 0.3634  layer_-1_loss_cls: 0.0910  layer_-1_loss_bbox: 0.4113  matched_ious: 0.5972  sec_per_iter: 0.5827  iters_per_sec: 1.7200  samples_per_sec: 27.4600  samples_per_sec_per_gpu: 6.8600  max_mem_allocated_mb: 143.9000  max_mem_reserved_mb: 11086.0000
04/08 20:17:18 - mmengine - INFO - Epoch(train)  [6][ 250/5000]  lr: 4.7906e-04  eta: 5:12:25  time: 0.6394  data_time: 0.0140  memory: 10349  grad_norm: 1.6279  loss: 0.8732  loss_heatmap: 0.3762  layer_-1_loss_cls: 0.0888  layer_-1_loss_bbox: 0.4082  matched_ious: 0.5519  sec_per_iter: 0.5830  iters_per_sec: 1.7200  samples_per_sec: 27.4400  samples_per_sec_per_gpu: 6.8600  max_mem_allocated_mb: 143.9000  max_mem_reserved_mb: 11086.0000
04/08 20:17:45 - mmengine - INFO - Epoch(train)  [6][ 300/5000]  lr: 4.7866e-04  eta: 5:11:59  time: 0.5564  data_time: 0.0201  memory: 10391  grad_norm: 1.4345  loss: 0.8115  loss_heatmap: 0.3456  layer_-1_loss_cls: 0.0861  layer_-1_loss_bbox: 0.3798  matched_ious: 0.5908  sec_per_iter: 0.5947  iters_per_sec: 1.6800  samples_per_sec: 26.9000  samples_per_sec_per_gpu: 6.7300  max_mem_allocated_mb: 143.9000  max_mem_reserved_mb: 11086.0000
04/08 20:18:16 - mmengine - INFO - Epoch(train)  [6][ 350/5000]  lr: 4.7826e-04  eta: 5:11:37  time: 0.6114  data_time: 0.0143  memory: 10356  grad_norm: 1.5912  loss: 0.9245  loss_heatmap: 0.3892  layer_-1_loss_cls: 0.0913  layer_-1_loss_bbox: 0.4441  matched_ious: 0.4937  sec_per_iter: 0.5881  iters_per_sec: 1.7000  samples_per_sec: 27.2000  samples_per_sec_per_gpu: 6.8000  max_mem_allocated_mb: 143.9000  max_mem_reserved_mb: 11086.0000
04/08 20:18:46 - mmengine - INFO - Epoch(train)  [6][ 400/5000]  lr: 4.7786e-04  eta: 5:11:14  time: 0.5982  data_time: 0.0138  memory: 10353  grad_norm: 1.5179  loss: 0.8726  loss_heatmap: 0.3627  layer_-1_loss_cls: 0.0855  layer_-1_loss_bbox: 0.4243  matched_ious: 0.6014  sec_per_iter: 0.5914  iters_per_sec: 1.6900  samples_per_sec: 27.0600  samples_per_sec_per_gpu: 6.7600  max_mem_allocated_mb: 143.9000  max_mem_reserved_mb: 11086.0000
04/08 20:19:13 - mmengine - INFO - Epoch(train)  [6][ 450/5000]  lr: 4.7745e-04  eta: 5:10:47  time: 0.5372  data_time: 0.0169  memory: 10372  grad_norm: 1.4621  loss: 0.8170  loss_heatmap: 0.3439  layer_-1_loss_cls: 0.0834  layer_-1_loss_bbox: 0.3897  matched_ious: 0.6142  sec_per_iter: 0.5922  iters_per_sec: 1.6900  samples_per_sec: 27.0200  samples_per_sec_per_gpu: 6.7500  max_mem_allocated_mb: 143.9000  max_mem_reserved_mb: 11086.0000
04/08 20:19:42 - mmengine - INFO - Epoch(train)  [6][ 500/5000]  lr: 4.7704e-04  eta: 5:10:23  time: 0.5839  data_time: 0.0103  memory: 10351  grad_norm: 1.5187  loss: 0.8771  loss_heatmap: 0.3716  layer_-1_loss_cls: 0.0877  layer_-1_loss_bbox: 0.4178  matched_ious: 0.5462  sec_per_iter: 0.5861  iters_per_sec: 1.7100  samples_per_sec: 27.3000  samples_per_sec_per_gpu: 6.8300  max_mem_allocated_mb: 143.9000  max_mem_reserved_mb: 11086.0000
04/08 20:20:11 - mmengine - INFO - Epoch(train)  [6][ 550/5000]  lr: 4.7663e-04  eta: 5:09:59  time: 0.5782  data_time: 0.0120  memory: 10456  grad_norm: 1.4572  loss: 0.8399  loss_heatmap: 0.3595  layer_-1_loss_cls: 0.0881  layer_-1_loss_bbox: 0.3923  matched_ious: 0.5551  sec_per_iter: 0.5859  iters_per_sec: 1.7100  samples_per_sec: 27.3100  samples_per_sec_per_gpu: 6.8300  max_mem_allocated_mb: 143.9000  max_mem_reserved_mb: 11086.0000
04/08 20:20:39 - mmengine - INFO - Epoch(train)  [6][ 600/5000]  lr: 4.7622e-04  eta: 5:09:34  time: 0.5715  data_time: 0.0131  memory: 10568  grad_norm: 1.5756  loss: 0.8523  loss_heatmap: 0.3804  layer_-1_loss_cls: 0.0913  layer_-1_loss_bbox: 0.3806  matched_ious: 0.5206  sec_per_iter: 0.5854  iters_per_sec: 1.7100  samples_per_sec: 27.3300  samples_per_sec_per_gpu: 6.8300  max_mem_allocated_mb: 143.9000  max_mem_reserved_mb: 11086.0000
04/08 20:21:06 - mmengine - INFO - Epoch(train)  [6][ 650/5000]  lr: 4.7580e-04  eta: 5:09:05  time: 0.5209  data_time: 0.0083  memory: 10360  grad_norm: 1.5220  loss: 0.8070  loss_heatmap: 0.3312  layer_-1_loss_cls: 0.0821  layer_-1_loss_bbox: 0.3936  matched_ious: 0.5340  sec_per_iter: 0.5841  iters_per_sec: 1.7100  samples_per_sec: 27.3900  samples_per_sec_per_gpu: 6.8500  max_mem_allocated_mb: 143.9000  max_mem_reserved_mb: 11086.0000
04/08 20:21:34 - mmengine - INFO - Epoch(train)  [6][ 700/5000]  lr: 4.7537e-04  eta: 5:08:40  time: 0.5595  data_time: 0.0116  memory: 10278  grad_norm: 1.5059  loss: 0.8252  loss_heatmap: 0.3529  layer_-1_loss_cls: 0.0875  layer_-1_loss_bbox: 0.3848  matched_ious: 0.5309  sec_per_iter: 0.5792  iters_per_sec: 1.7300  samples_per_sec: 27.6200  samples_per_sec_per_gpu: 6.9100  max_mem_allocated_mb: 143.9000  max_mem_reserved_mb: 11086.0000
04/08 20:22:00 - mmengine - INFO - Epoch(train)  [6][ 750/5000]  lr: 4.7495e-04  eta: 5:08:12  time: 0.5227  data_time: 0.0086  memory: 10174  grad_norm: 1.7002  loss: 0.9542  loss_heatmap: 0.4005  layer_-1_loss_cls: 0.0952  layer_-1_loss_bbox: 0.4586  matched_ious: 0.5655  sec_per_iter: 0.5779  iters_per_sec: 1.7300  samples_per_sec: 27.6800  samples_per_sec_per_gpu: 6.9200  max_mem_allocated_mb: 143.9000  max_mem_reserved_mb: 11086.0000
04/08 20:22:28 - mmengine - INFO - Epoch(train)  [6][ 800/5000]  lr: 4.7452e-04  eta: 5:07:46  time: 0.5606  data_time: 0.0153  memory: 10338  grad_norm: 1.6385  loss: 0.9104  loss_heatmap: 0.3835  layer_-1_loss_cls: 0.0922  layer_-1_loss_bbox: 0.4347  matched_ious: 0.5510  sec_per_iter: 0.5741  iters_per_sec: 1.7400  samples_per_sec: 27.8700  samples_per_sec_per_gpu: 6.9700  max_mem_allocated_mb: 143.9000  max_mem_reserved_mb: 11086.0000
04/08 20:22:53 - mmengine - INFO - Epoch(train)  [6][ 850/5000]  lr: 4.7408e-04  eta: 5:07:17  time: 0.5105  data_time: 0.0114  memory: 10317  grad_norm: 1.5644  loss: 0.8659  loss_heatmap: 0.3562  layer_-1_loss_cls: 0.0934  layer_-1_loss_bbox: 0.4163  matched_ious: 0.4399  sec_per_iter: 0.5733  iters_per_sec: 1.7400  samples_per_sec: 27.9100  samples_per_sec_per_gpu: 6.9800  max_mem_allocated_mb: 143.9000  max_mem_reserved_mb: 11086.0000
04/08 20:23:21 - mmengine - INFO - Epoch(train)  [6][ 900/5000]  lr: 4.7365e-04  eta: 5:06:51  time: 0.5549  data_time: 0.0150  memory: 10412  grad_norm: 1.5133  loss: 0.8199  loss_heatmap: 0.3470  layer_-1_loss_cls: 0.0893  layer_-1_loss_bbox: 0.3837  matched_ious: 0.5626  sec_per_iter: 0.5696  iters_per_sec: 1.7600  samples_per_sec: 28.0900  samples_per_sec_per_gpu: 7.0200  max_mem_allocated_mb: 143.9000  max_mem_reserved_mb: 11086.0000
04/08 20:23:48 - mmengine - INFO - Epoch(train)  [6][ 950/5000]  lr: 4.7320e-04  eta: 5:06:24  time: 0.5419  data_time: 0.0127  memory: 10354  grad_norm: 1.4435  loss: 0.7588  loss_heatmap: 0.3192  layer_-1_loss_cls: 0.0822  layer_-1_loss_bbox: 0.3574  matched_ious: 0.5823  sec_per_iter: 0.5688  iters_per_sec: 1.7600  samples_per_sec: 28.1300  samples_per_sec_per_gpu: 7.0300  max_mem_allocated_mb: 143.9000  max_mem_reserved_mb: 11086.0000
04/08 20:24:17 - mmengine - INFO - Exp name: zod_lidar_only_continue_20260408_160451
04/08 20:24:17 - mmengine - INFO - Epoch(train)  [6][1000/5000]  lr: 4.7276e-04  eta: 5:06:00  time: 0.5864  data_time: 0.0123  memory: 10482  grad_norm: 1.5910  loss: 0.8210  loss_heatmap: 0.3487  layer_-1_loss_cls: 0.0878  layer_-1_loss_bbox: 0.3844  matched_ious: 0.5734  sec_per_iter: 0.5675  iters_per_sec: 1.7600  samples_per_sec: 28.1900  samples_per_sec_per_gpu: 7.0500  max_mem_allocated_mb: 143.9000  max_mem_reserved_mb: 11086.0000
04/08 20:24:44 - mmengine - INFO - Epoch(train)  [6][1050/5000]  lr: 4.7231e-04  eta: 5:05:33  time: 0.5343  data_time: 0.0092  memory: 10406  grad_norm: 1.4909  loss: 0.8674  loss_heatmap: 0.3666  layer_-1_loss_cls: 0.0871  layer_-1_loss_bbox: 0.4137  matched_ious: 0.5354  sec_per_iter: 0.5683  iters_per_sec: 1.7600  samples_per_sec: 28.1500  samples_per_sec_per_gpu: 7.0400  max_mem_allocated_mb: 143.9000  max_mem_reserved_mb: 11086.0000
04/08 20:25:10 - mmengine - INFO - Epoch(train)  [6][1100/5000]  lr: 4.7186e-04  eta: 5:05:04  time: 0.5104  data_time: 0.0091  memory: 10482  grad_norm: 1.5303  loss: 0.8240  loss_heatmap: 0.3394  layer_-1_loss_cls: 0.0884  layer_-1_loss_bbox: 0.3962  matched_ious: 0.5749  sec_per_iter: 0.5667  iters_per_sec: 1.7600  samples_per_sec: 28.2300  samples_per_sec_per_gpu: 7.0600  max_mem_allocated_mb: 143.9000  max_mem_reserved_mb: 11086.0000
04/08 20:25:37 - mmengine - INFO - Epoch(train)  [6][1150/5000]  lr: 4.7141e-04  eta: 5:04:38  time: 0.5497  data_time: 0.0116  memory: 10450  grad_norm: 1.4753  loss: 0.8196  loss_heatmap: 0.3411  layer_-1_loss_cls: 0.0889  layer_-1_loss_bbox: 0.3896  matched_ious: 0.5660  sec_per_iter: 0.5641  iters_per_sec: 1.7700  samples_per_sec: 28.3600  samples_per_sec_per_gpu: 7.0900  max_mem_allocated_mb: 143.9000  max_mem_reserved_mb: 11086.0000
04/08 20:26:06 - mmengine - INFO - Epoch(train)  [6][1200/5000]  lr: 4.7095e-04  eta: 5:04:13  time: 0.5733  data_time: 0.0126  memory: 10388  grad_norm: 1.4575  loss: 0.8697  loss_heatmap: 0.3602  layer_-1_loss_cls: 0.0861  layer_-1_loss_bbox: 0.4235  matched_ious: 0.5074  sec_per_iter: 0.5635  iters_per_sec: 1.7700  samples_per_sec: 28.3900  samples_per_sec_per_gpu: 7.1000  max_mem_allocated_mb: 143.9000  max_mem_reserved_mb: 11086.0000
04/08 20:26:33 - mmengine - INFO - Epoch(train)  [6][1250/5000]  lr: 4.7049e-04  eta: 5:03:46  time: 0.5416  data_time: 0.0109  memory: 10623  grad_norm: 1.4798  loss: 0.8361  loss_heatmap: 0.3561  layer_-1_loss_cls: 0.0864  layer_-1_loss_bbox: 0.3936  matched_ious: 0.5426  sec_per_iter: 0.5639  iters_per_sec: 1.7700  samples_per_sec: 28.3700  samples_per_sec_per_gpu: 7.0900  max_mem_allocated_mb: 143.9000  max_mem_reserved_mb: 11086.0000
04/08 20:27:02 - mmengine - INFO - Epoch(train)  [6][1300/5000]  lr: 4.7003e-04  eta: 5:03:21  time: 0.5713  data_time: 0.0123  memory: 10467  grad_norm: 1.4873  loss: 0.8246  loss_heatmap: 0.3555  layer_-1_loss_cls: 0.0917  layer_-1_loss_bbox: 0.3773  matched_ious: 0.5676  sec_per_iter: 0.5631  iters_per_sec: 1.7800  samples_per_sec: 28.4200  samples_per_sec_per_gpu: 7.1000  max_mem_allocated_mb: 143.9000  max_mem_reserved_mb: 11086.0000
04/08 20:27:29 - mmengine - INFO - Epoch(train)  [6][1350/5000]  lr: 4.6956e-04  eta: 5:02:55  time: 0.5545  data_time: 0.0172  memory: 10568  grad_norm: 1.4452  loss: 0.8257  loss_heatmap: 0.3515  layer_-1_loss_cls: 0.0871  layer_-1_loss_bbox: 0.3871  matched_ious: 0.5297  sec_per_iter: 0.5635  iters_per_sec: 1.7700  samples_per_sec: 28.4000  samples_per_sec_per_gpu: 7.1000  max_mem_allocated_mb: 143.9000  max_mem_reserved_mb: 11086.0000
04/08 20:28:00 - mmengine - INFO - Epoch(train)  [6][1400/5000]  lr: 4.6909e-04  eta: 5:02:32  time: 0.6089  data_time: 0.0125  memory: 10280  grad_norm: 1.5722  loss: 0.8141  loss_heatmap: 0.3465  layer_-1_loss_cls: 0.0853  layer_-1_loss_bbox: 0.3823  matched_ious: 0.5906  sec_per_iter: 0.5630  iters_per_sec: 1.7800  samples_per_sec: 28.4200  samples_per_sec_per_gpu: 7.1000  max_mem_allocated_mb: 143.9000  max_mem_reserved_mb: 11086.0000
04/08 20:28:28 - mmengine - INFO - Epoch(train)  [6][1450/5000]  lr: 4.6861e-04  eta: 5:02:07  time: 0.5684  data_time: 0.0100  memory: 10354  grad_norm: 1.5048  loss: 0.8787  loss_heatmap: 0.3615  layer_-1_loss_cls: 0.0878  layer_-1_loss_bbox: 0.4294  matched_ious: 0.5721  sec_per_iter: 0.5647  iters_per_sec: 1.7700  samples_per_sec: 28.3400  samples_per_sec_per_gpu: 7.0800  max_mem_allocated_mb: 143.9000  max_mem_reserved_mb: 11086.0000
04/08 20:28:58 - mmengine - INFO - Epoch(train)  [6][1500/5000]  lr: 4.6813e-04  eta: 5:01:44  time: 0.6005  data_time: 0.0074  memory: 10548  grad_norm: 1.5208  loss: 0.7985  loss_heatmap: 0.3424  layer_-1_loss_cls: 0.0882  layer_-1_loss_bbox: 0.3679  matched_ious: 0.5106  sec_per_iter: 0.5648  iters_per_sec: 1.7700  samples_per_sec: 28.3300  samples_per_sec_per_gpu: 7.0800  max_mem_allocated_mb: 143.9000  max_mem_reserved_mb: 11086.0000
04/08 20:29:29 - mmengine - INFO - Epoch(train)  [6][1550/5000]  lr: 4.6765e-04  eta: 5:01:22  time: 0.6213  data_time: 0.0147  memory: 10491  grad_norm: 1.5319  loss: 0.8724  loss_heatmap: 0.3689  layer_-1_loss_cls: 0.0892  layer_-1_loss_bbox: 0.4144  matched_ious: 0.5785  sec_per_iter: 0.5660  iters_per_sec: 1.7700  samples_per_sec: 28.2700  samples_per_sec_per_gpu: 7.0700  max_mem_allocated_mb: 143.9000  max_mem_reserved_mb: 11086.0000
04/08 20:29:57 - mmengine - INFO - Epoch(train)  [6][1600/5000]  lr: 4.6717e-04  eta: 5:00:55  time: 0.5534  data_time: 0.0090  memory: 10402  grad_norm: 1.5922  loss: 0.8612  loss_heatmap: 0.3572  layer_-1_loss_cls: 0.0877  layer_-1_loss_bbox: 0.4163  matched_ious: 0.5534  sec_per_iter: 0.5678  iters_per_sec: 1.7600  samples_per_sec: 28.1800  samples_per_sec_per_gpu: 7.0400  max_mem_allocated_mb: 143.9000  max_mem_reserved_mb: 11086.0000
04/08 20:30:26 - mmengine - INFO - Epoch(train)  [6][1650/5000]  lr: 4.6668e-04  eta: 5:00:31  time: 0.5746  data_time: 0.0132  memory: 10336  grad_norm: 1.7917  loss: 0.8996  loss_heatmap: 0.3796  layer_-1_loss_cls: 0.0966  layer_-1_loss_bbox: 0.4234  matched_ious: 0.5703  sec_per_iter: 0.5673  iters_per_sec: 1.7600  samples_per_sec: 28.2000  samples_per_sec_per_gpu: 7.0500  max_mem_allocated_mb: 143.9000  max_mem_reserved_mb: 11086.0000
04/08 20:30:56 - mmengine - INFO - Epoch(train)  [6][1700/5000]  lr: 4.6619e-04  eta: 5:00:07  time: 0.6006  data_time: 0.0152  memory: 10360  grad_norm: 1.4384  loss: 0.8670  loss_heatmap: 0.3688  layer_-1_loss_cls: 0.0925  layer_-1_loss_bbox: 0.4057  matched_ious: 0.5089  sec_per_iter: 0.5676  iters_per_sec: 1.7600  samples_per_sec: 28.1900  samples_per_sec_per_gpu: 7.0500  max_mem_allocated_mb: 143.9000  max_mem_reserved_mb: 11086.0000
04/08 20:31:23 - mmengine - INFO - Epoch(train)  [6][1750/5000]  lr: 4.6569e-04  eta: 4:59:40  time: 0.5424  data_time: 0.0081  memory: 10422  grad_norm: 1.6422  loss: 0.8147  loss_heatmap: 0.3536  layer_-1_loss_cls: 0.0892  layer_-1_loss_bbox: 0.3719  matched_ious: 0.5654  sec_per_iter: 0.5685  iters_per_sec: 1.7600  samples_per_sec: 28.1400  samples_per_sec_per_gpu: 7.0400  max_mem_allocated_mb: 143.9000  max_mem_reserved_mb: 11086.0000
04/08 20:31:51 - mmengine - INFO - Epoch(train)  [6][1800/5000]  lr: 4.6520e-04  eta: 4:59:15  time: 0.5702  data_time: 0.0146  memory: 10409  grad_norm: 1.5978  loss: 0.8016  loss_heatmap: 0.3504  layer_-1_loss_cls: 0.0880  layer_-1_loss_bbox: 0.3632  matched_ious: 0.5289  sec_per_iter: 0.5678  iters_per_sec: 1.7600  samples_per_sec: 28.1800  samples_per_sec_per_gpu: 7.0400  max_mem_allocated_mb: 143.9000  max_mem_reserved_mb: 11086.0000
04/08 20:32:18 - mmengine - INFO - Epoch(train)  [6][1850/5000]  lr: 4.6469e-04  eta: 4:58:48  time: 0.5441  data_time: 0.0172  memory: 10425  grad_norm: 1.5323  loss: 0.8111  loss_heatmap: 0.3513  layer_-1_loss_cls: 0.0907  layer_-1_loss_bbox: 0.3691  matched_ious: 0.5452  sec_per_iter: 0.5678  iters_per_sec: 1.7600  samples_per_sec: 28.1800  samples_per_sec_per_gpu: 7.0400  max_mem_allocated_mb: 143.9000  max_mem_reserved_mb: 11086.0000
04/08 20:32:48 - mmengine - INFO - Epoch(train)  [6][1900/5000]  lr: 4.6419e-04  eta: 4:58:24  time: 0.5906  data_time: 0.0102  memory: 10384  grad_norm: 1.4446  loss: 0.8145  loss_heatmap: 0.3474  layer_-1_loss_cls: 0.0867  layer_-1_loss_bbox: 0.3804  matched_ious: 0.5373  sec_per_iter: 0.5672  iters_per_sec: 1.7600  samples_per_sec: 28.2100  samples_per_sec_per_gpu: 7.0500  max_mem_allocated_mb: 143.9000  max_mem_reserved_mb: 11086.0000
04/08 20:33:16 - mmengine - INFO - Epoch(train)  [6][1950/5000]  lr: 4.6368e-04  eta: 4:57:59  time: 0.5637  data_time: 0.0095  memory: 10328  grad_norm: 1.5930  loss: 0.8508  loss_heatmap: 0.3574  layer_-1_loss_cls: 0.0849  layer_-1_loss_bbox: 0.4084  matched_ious: 0.5210  sec_per_iter: 0.5678  iters_per_sec: 1.7600  samples_per_sec: 28.1800  samples_per_sec_per_gpu: 7.0400  max_mem_allocated_mb: 143.9000  max_mem_reserved_mb: 11086.0000
04/08 20:33:47 - mmengine - INFO - Exp name: zod_lidar_only_continue_20260408_160451
04/08 20:33:47 - mmengine - INFO - Epoch(train)  [6][2000/5000]  lr: 4.6317e-04  eta: 4:57:37  time: 0.6215  data_time: 0.0099  memory: 10357  grad_norm: 1.5019  loss: 0.8268  loss_heatmap: 0.3499  layer_-1_loss_cls: 0.0888  layer_-1_loss_bbox: 0.3881  matched_ious: 0.5946  sec_per_iter: 0.5677  iters_per_sec: 1.7600  samples_per_sec: 28.1800  samples_per_sec_per_gpu: 7.0500  max_mem_allocated_mb: 143.9000  max_mem_reserved_mb: 11086.0000
04/08 20:34:12 - mmengine - INFO - Epoch(train)  [6][2050/5000]  lr: 4.6266e-04  eta: 4:57:07  time: 0.5024  data_time: 0.0134  memory: 10289  grad_norm: 1.4700  loss: 0.8623  loss_heatmap: 0.3591  layer_-1_loss_cls: 0.0882  layer_-1_loss_bbox: 0.4150  matched_ious: 0.5646  sec_per_iter: 0.5691  iters_per_sec: 1.7600  samples_per_sec: 28.1200  samples_per_sec_per_gpu: 7.0300  max_mem_allocated_mb: 143.9000  max_mem_reserved_mb: 11086.0000
04/08 20:34:39 - mmengine - INFO - Epoch(train)  [6][2100/5000]  lr: 4.6214e-04  eta: 4:56:40  time: 0.5365  data_time: 0.0115  memory: 10329  grad_norm: 1.5897  loss: 0.8220  loss_heatmap: 0.3509  layer_-1_loss_cls: 0.0912  layer_-1_loss_bbox: 0.3799  matched_ious: 0.5660  sec_per_iter: 0.5674  iters_per_sec: 1.7600  samples_per_sec: 28.2000  samples_per_sec_per_gpu: 7.0500  max_mem_allocated_mb: 143.9000  max_mem_reserved_mb: 11086.0000
04/08 20:35:09 - mmengine - INFO - Epoch(train)  [6][2150/5000]  lr: 4.6162e-04  eta: 4:56:16  time: 0.5898  data_time: 0.0089  memory: 10403  grad_norm: 1.4995  loss: 0.8159  loss_heatmap: 0.3456  layer_-1_loss_cls: 0.0858  layer_-1_loss_bbox: 0.3845  matched_ious: 0.5656  sec_per_iter: 0.5667  iters_per_sec: 1.7600  samples_per_sec: 28.2300  samples_per_sec_per_gpu: 7.0600  max_mem_allocated_mb: 143.9000  max_mem_reserved_mb: 11086.0000
04/08 20:35:37 - mmengine - INFO - Epoch(train)  [6][2200/5000]  lr: 4.6109e-04  eta: 4:55:51  time: 0.5749  data_time: 0.0139  memory: 10348  grad_norm: 1.6375  loss: 0.8305  loss_heatmap: 0.3542  layer_-1_loss_cls: 0.0923  layer_-1_loss_bbox: 0.3840  matched_ious: 0.5499  sec_per_iter: 0.5672  iters_per_sec: 1.7600  samples_per_sec: 28.2100  samples_per_sec_per_gpu: 7.0500  max_mem_allocated_mb: 143.9000  max_mem_reserved_mb: 11086.0000
04/08 20:36:05 - mmengine - INFO - Epoch(train)  [6][2250/5000]  lr: 4.6057e-04  eta: 4:55:24  time: 0.5515  data_time: 0.0118  memory: 10393  grad_norm: 1.4440  loss: 0.8274  loss_heatmap: 0.3470  layer_-1_loss_cls: 0.0883  layer_-1_loss_bbox: 0.3921  matched_ious: 0.5499  sec_per_iter: 0.5675  iters_per_sec: 1.7600  samples_per_sec: 28.1900  samples_per_sec_per_gpu: 7.0500  max_mem_allocated_mb: 143.9000  max_mem_reserved_mb: 11086.0000
04/08 20:36:36 - mmengine - INFO - Epoch(train)  [6][2300/5000]  lr: 4.6003e-04  eta: 4:55:02  time: 0.6186  data_time: 0.0125  memory: 10388  grad_norm: 1.5029  loss: 0.8239  loss_heatmap: 0.3519  layer_-1_loss_cls: 0.0891  layer_-1_loss_bbox: 0.3829  matched_ious: 0.5950  sec_per_iter: 0.5671  iters_per_sec: 1.7600  samples_per_sec: 28.2100  samples_per_sec_per_gpu: 7.0500  max_mem_allocated_mb: 143.9000  max_mem_reserved_mb: 11086.0000
04/08 20:37:00 - mmengine - INFO - Epoch(train)  [6][2350/5000]  lr: 4.5950e-04  eta: 4:54:31  time: 0.4838  data_time: 0.0079  memory: 10376  grad_norm: 1.5025  loss: 0.8034  loss_heatmap: 0.3353  layer_-1_loss_cls: 0.0813  layer_-1_loss_bbox: 0.3868  matched_ious: 0.5959  sec_per_iter: 0.5682  iters_per_sec: 1.7600  samples_per_sec: 28.1600  samples_per_sec_per_gpu: 7.0400  max_mem_allocated_mb: 143.9000  max_mem_reserved_mb: 11086.0000
04/08 20:37:29 - mmengine - INFO - Epoch(train)  [6][2400/5000]  lr: 4.5896e-04  eta: 4:54:06  time: 0.5736  data_time: 0.0125  memory: 10329  grad_norm: 1.4311  loss: 0.7948  loss_heatmap: 0.3327  layer_-1_loss_cls: 0.0866  layer_-1_loss_bbox: 0.3755  matched_ious: 0.5575  sec_per_iter: 0.5664  iters_per_sec: 1.7700  samples_per_sec: 28.2500  samples_per_sec_per_gpu: 7.0600  max_mem_allocated_mb: 143.9000  max_mem_reserved_mb: 11086.0000
04/08 20:37:54 - mmengine - INFO - Epoch(train)  [6][2450/5000]  lr: 4.5842e-04  eta: 4:53:37  time: 0.5070  data_time: 0.0098  memory: 10278  grad_norm: 1.5385  loss: 0.8402  loss_heatmap: 0.3532  layer_-1_loss_cls: 0.0885  layer_-1_loss_bbox: 0.3985  matched_ious: 0.5732  sec_per_iter: 0.5666  iters_per_sec: 1.7700  samples_per_sec: 28.2400  samples_per_sec_per_gpu: 7.0600  max_mem_allocated_mb: 143.9000  max_mem_reserved_mb: 11086.0000
04/08 20:38:27 - mmengine - INFO - Epoch(train)  [6][2500/5000]  lr: 4.5788e-04  eta: 4:53:16  time: 0.6513  data_time: 0.0108  memory: 10551  grad_norm: 1.5195  loss: 0.8610  loss_heatmap: 0.3606  layer_-1_loss_cls: 0.0870  layer_-1_loss_bbox: 0.4133  matched_ious: 0.5532  sec_per_iter: 0.5653  iters_per_sec: 1.7700  samples_per_sec: 28.3000  samples_per_sec_per_gpu: 7.0800  max_mem_allocated_mb: 143.9000  max_mem_reserved_mb: 11086.0000
04/08 20:38:57 - mmengine - INFO - Epoch(train)  [6][2550/5000]  lr: 4.5733e-04  eta: 4:52:53  time: 0.5963  data_time: 0.0119  memory: 10387  grad_norm: 1.7224  loss: 0.8409  loss_heatmap: 0.3514  layer_-1_loss_cls: 0.0929  layer_-1_loss_bbox: 0.3965  matched_ious: 0.6016  sec_per_iter: 0.5670  iters_per_sec: 1.7600  samples_per_sec: 28.2200  samples_per_sec_per_gpu: 7.0500  max_mem_allocated_mb: 143.9000  max_mem_reserved_mb: 11086.0000
04/08 20:39:30 - mmengine - INFO - Epoch(train)  [6][2600/5000]  lr: 4.5678e-04  eta: 4:52:33  time: 0.6702  data_time: 0.0178  memory: 10367  grad_norm: 1.6963  loss: 0.9155  loss_heatmap: 0.3901  layer_-1_loss_cls: 0.0910  layer_-1_loss_bbox: 0.4344  matched_ious: 0.5758  sec_per_iter: 0.5676  iters_per_sec: 1.7600  samples_per_sec: 28.1900  samples_per_sec_per_gpu: 7.0500  max_mem_allocated_mb: 143.9000  max_mem_reserved_mb: 11086.0000
04/08 20:39:58 - mmengine - INFO - Epoch(train)  [6][2650/5000]  lr: 4.5623e-04  eta: 4:52:07  time: 0.5632  data_time: 0.0084  memory: 10500  grad_norm: 1.6381  loss: 0.9007  loss_heatmap: 0.3766  layer_-1_loss_cls: 0.0933  layer_-1_loss_bbox: 0.4308  matched_ious: 0.5142  sec_per_iter: 0.5696  iters_per_sec: 1.7600  samples_per_sec: 28.0900  samples_per_sec_per_gpu: 7.0200  max_mem_allocated_mb: 143.9000  max_mem_reserved_mb: 11086.0000
04/08 20:40:25 - mmengine - INFO - Epoch(train)  [6][2700/5000]  lr: 4.5567e-04  eta: 4:51:40  time: 0.5453  data_time: 0.0100  memory: 10394  grad_norm: inf  loss: 0.8746  loss_heatmap: 0.3560  layer_-1_loss_cls: 0.0850  layer_-1_loss_bbox: 0.4336  matched_ious: 0.5309  sec_per_iter: 0.5695  iters_per_sec: 1.7600  samples_per_sec: 28.1000  samples_per_sec_per_gpu: 7.0200  max_mem_allocated_mb: 143.9000  max_mem_reserved_mb: 11086.0000
04/08 20:40:56 - mmengine - INFO - Epoch(train)  [6][2750/5000]  lr: 4.5511e-04  eta: 4:51:17  time: 0.6034  data_time: 0.0125  memory: 10446  grad_norm: 1.5004  loss: 0.8488  loss_heatmap: 0.3575  layer_-1_loss_cls: 0.0915  layer_-1_loss_bbox: 0.3998  matched_ious: 0.5834  sec_per_iter: 0.5690  iters_per_sec: 1.7600  samples_per_sec: 28.1200  samples_per_sec_per_gpu: 7.0300  max_mem_allocated_mb: 143.9000  max_mem_reserved_mb: 11086.0000
04/08 20:41:23 - mmengine - INFO - Epoch(train)  [6][2800/5000]  lr: 4.5455e-04  eta: 4:50:51  time: 0.5558  data_time: 0.0120  memory: 10458  grad_norm: 1.5711  loss: 0.8669  loss_heatmap: 0.3793  layer_-1_loss_cls: 0.0911  layer_-1_loss_bbox: 0.3965  matched_ious: 0.5508  sec_per_iter: 0.5696  iters_per_sec: 1.7600  samples_per_sec: 28.0900  samples_per_sec_per_gpu: 7.0200  max_mem_allocated_mb: 143.9000  max_mem_reserved_mb: 11086.0000
04/08 20:41:51 - mmengine - INFO - Epoch(train)  [6][2850/5000]  lr: 4.5398e-04  eta: 4:50:24  time: 0.5453  data_time: 0.0071  memory: 10538  grad_norm: 1.4947  loss: 0.9071  loss_heatmap: 0.3775  layer_-1_loss_cls: 0.0888  layer_-1_loss_bbox: 0.4408  matched_ious: 0.5437  sec_per_iter: 0.5694  iters_per_sec: 1.7600  samples_per_sec: 28.1000  samples_per_sec_per_gpu: 7.0200  max_mem_allocated_mb: 143.9000  max_mem_reserved_mb: 11086.0000
04/08 20:42:18 - mmengine - INFO - Epoch(train)  [6][2900/5000]  lr: 4.5341e-04  eta: 4:49:56  time: 0.5382  data_time: 0.0081  memory: 10484  grad_norm: 1.6821  loss: 0.8423  loss_heatmap: 0.3703  layer_-1_loss_cls: 0.0916  layer_-1_loss_bbox: 0.3804  matched_ious: 0.5871  sec_per_iter: 0.5690  iters_per_sec: 1.7600  samples_per_sec: 28.1200  samples_per_sec_per_gpu: 7.0300  max_mem_allocated_mb: 143.9000  max_mem_reserved_mb: 11086.0000
04/08 20:42:43 - mmengine - INFO - Epoch(train)  [6][2950/5000]  lr: 4.5284e-04  eta: 4:49:28  time: 0.5147  data_time: 0.0081  memory: 10478  grad_norm: 1.5384  loss: 0.8166  loss_heatmap: 0.3461  layer_-1_loss_cls: 0.0899  layer_-1_loss_bbox: 0.3805  matched_ious: 0.5748  sec_per_iter: 0.5684  iters_per_sec: 1.7600  samples_per_sec: 28.1500  samples_per_sec_per_gpu: 7.0400  max_mem_allocated_mb: 143.9000  max_mem_reserved_mb: 11086.0000
04/08 20:43:10 - mmengine - INFO - Exp name: zod_lidar_only_continue_20260408_160451
04/08 20:43:11 - mmengine - INFO - Epoch(train)  [6][3000/5000]  lr: 4.5227e-04  eta: 4:49:00  time: 0.5386  data_time: 0.0132  memory: 10473  grad_norm: 1.5201  loss: 0.8345  loss_heatmap: 0.3464  layer_-1_loss_cls: 0.0855  layer_-1_loss_bbox: 0.4026  matched_ious: 0.5946  sec_per_iter: 0.5675  iters_per_sec: 1.7600  samples_per_sec: 28.1900  samples_per_sec_per_gpu: 7.0500  max_mem_allocated_mb: 143.9000  max_mem_reserved_mb: 11086.0000
04/08 20:43:39 - mmengine - INFO - Epoch(train)  [6][3050/5000]  lr: 4.5169e-04  eta: 4:48:35  time: 0.5665  data_time: 0.0170  memory: 10448  grad_norm: 1.4773  loss: 0.8270  loss_heatmap: 0.3418  layer_-1_loss_cls: 0.0879  layer_-1_loss_bbox: 0.3973  matched_ious: 0.5700  sec_per_iter: 0.5672  iters_per_sec: 1.7600  samples_per_sec: 28.2100  samples_per_sec_per_gpu: 7.0500  max_mem_allocated_mb: 143.9000  max_mem_reserved_mb: 11086.0000
04/08 20:44:05 - mmengine - INFO - Epoch(train)  [6][3100/5000]  lr: 4.5111e-04  eta: 4:48:07  time: 0.5253  data_time: 0.0082  memory: 10467  grad_norm: 1.5575  loss: 0.8507  loss_heatmap: 0.3593  layer_-1_loss_cls: 0.0871  layer_-1_loss_bbox: 0.4044  matched_ious: 0.5391  sec_per_iter: 0.5670  iters_per_sec: 1.7600  samples_per_sec: 28.2200  samples_per_sec_per_gpu: 7.0500  max_mem_allocated_mb: 143.9000  max_mem_reserved_mb: 11086.0000
04/08 20:44:28 - mmengine - INFO - Epoch(train)  [6][3150/5000]  lr: 4.5052e-04  eta: 4:47:36  time: 0.4730  data_time: 0.0073  memory: 10444  grad_norm: 1.5169  loss: 0.8435  loss_heatmap: 0.3590  layer_-1_loss_cls: 0.0889  layer_-1_loss_bbox: 0.3956  matched_ious: 0.5686  sec_per_iter: 0.5664  iters_per_sec: 1.7700  samples_per_sec: 28.2500  samples_per_sec_per_gpu: 7.0600  max_mem_allocated_mb: 143.9000  max_mem_reserved_mb: 11086.0000
04/08 20:44:56 - mmengine - INFO - Epoch(train)  [6][3200/5000]  lr: 4.4993e-04  eta: 4:47:09  time: 0.5500  data_time: 0.0123  memory: 10365  grad_norm: 1.7399  loss: 0.8774  loss_heatmap: 0.3650  layer_-1_loss_cls: 0.0928  layer_-1_loss_bbox: 0.4196  matched_ious: 0.5383  sec_per_iter: 0.5649  iters_per_sec: 1.7700  samples_per_sec: 28.3200  samples_per_sec_per_gpu: 7.0800  max_mem_allocated_mb: 143.9000  max_mem_reserved_mb: 11086.0000
04/08 20:45:21 - mmengine - INFO - Epoch(train)  [6][3250/5000]  lr: 4.4934e-04  eta: 4:46:40  time: 0.4989  data_time: 0.0076  memory: 10393  grad_norm: 1.5860  loss: 0.8987  loss_heatmap: 0.3881  layer_-1_loss_cls: 0.0956  layer_-1_loss_bbox: 0.4151  matched_ious: 0.5407  sec_per_iter: 0.5647  iters_per_sec: 1.7700  samples_per_sec: 28.3300  samples_per_sec_per_gpu: 7.0800  max_mem_allocated_mb: 143.9000  max_mem_reserved_mb: 11086.0000
04/08 20:45:46 - mmengine - INFO - Epoch(train)  [6][3300/5000]  lr: 4.4875e-04  eta: 4:46:10  time: 0.4975  data_time: 0.0085  memory: 10620  grad_norm: 1.4976  loss: 0.8472  loss_heatmap: 0.3576  layer_-1_loss_cls: 0.0887  layer_-1_loss_bbox: 0.4009  matched_ious: 0.5724  sec_per_iter: 0.5637  iters_per_sec: 1.7700  samples_per_sec: 28.3900  samples_per_sec_per_gpu: 7.1000  max_mem_allocated_mb: 143.9000  max_mem_reserved_mb: 11086.0000
04/08 20:46:11 - mmengine - INFO - Epoch(train)  [6][3350/5000]  lr: 4.4815e-04  eta: 4:45:41  time: 0.5086  data_time: 0.0084  memory: 10424  grad_norm: 1.5439  loss: 0.8789  loss_heatmap: 0.3729  layer_-1_loss_cls: 0.0917  layer_-1_loss_bbox: 0.4142  matched_ious: 0.5409  sec_per_iter: 0.5626  iters_per_sec: 1.7800  samples_per_sec: 28.4400  samples_per_sec_per_gpu: 7.1100  max_mem_allocated_mb: 143.9000  max_mem_reserved_mb: 11086.0000
04/08 20:46:35 - mmengine - INFO - Epoch(train)  [6][3400/5000]  lr: 4.4755e-04  eta: 4:45:11  time: 0.4816  data_time: 0.0140  memory: 10453  grad_norm: 1.5094  loss: 0.8630  loss_heatmap: 0.3578  layer_-1_loss_cls: 0.0872  layer_-1_loss_bbox: 0.4180  matched_ious: 0.5520  sec_per_iter: 0.5619  iters_per_sec: 1.7800  samples_per_sec: 28.4800  samples_per_sec_per_gpu: 7.1200  max_mem_allocated_mb: 143.9000  max_mem_reserved_mb: 11086.0000
04/08 20:47:01 - mmengine - INFO - Epoch(train)  [6][3450/5000]  lr: 4.4695e-04  eta: 4:44:42  time: 0.5073  data_time: 0.0069  memory: 10430  grad_norm: 1.4720  loss: 0.8186  loss_heatmap: 0.3433  layer_-1_loss_cls: 0.0877  layer_-1_loss_bbox: 0.3876  matched_ious: 0.5337  sec_per_iter: 0.5607  iters_per_sec: 1.7800  samples_per_sec: 28.5400  samples_per_sec_per_gpu: 7.1300  max_mem_allocated_mb: 143.9000  max_mem_reserved_mb: 11086.0000
04/08 20:47:25 - mmengine - INFO - Epoch(train)  [6][3500/5000]  lr: 4.4634e-04  eta: 4:44:12  time: 0.4888  data_time: 0.0112  memory: 10390  grad_norm: 1.5479  loss: 0.8049  loss_heatmap: 0.3348  layer_-1_loss_cls: 0.0865  layer_-1_loss_bbox: 0.3836  matched_ious: 0.5949  sec_per_iter: 0.5599  iters_per_sec: 1.7900  samples_per_sec: 28.5800  samples_per_sec_per_gpu: 7.1400  max_mem_allocated_mb: 143.9000  max_mem_reserved_mb: 11086.0000
04/08 20:47:50 - mmengine - INFO - Epoch(train)  [6][3550/5000]  lr: 4.4573e-04  eta: 4:43:43  time: 0.5046  data_time: 0.0071  memory: 10372  grad_norm: 1.5589  loss: 0.8508  loss_heatmap: 0.3584  layer_-1_loss_cls: 0.0909  layer_-1_loss_bbox: 0.4015  matched_ious: 0.5157  sec_per_iter: 0.5589  iters_per_sec: 1.7900  samples_per_sec: 28.6300  samples_per_sec_per_gpu: 7.1600  max_mem_allocated_mb: 143.9000  max_mem_reserved_mb: 11086.0000
04/08 20:48:14 - mmengine - INFO - Epoch(train)  [6][3600/5000]  lr: 4.4512e-04  eta: 4:43:12  time: 0.4821  data_time: 0.0099  memory: 10447  grad_norm: 1.5742  loss: 0.8565  loss_heatmap: 0.3515  layer_-1_loss_cls: 0.0949  layer_-1_loss_bbox: 0.4101  matched_ious: 0.5943  sec_per_iter: 0.5581  iters_per_sec: 1.7900  samples_per_sec: 28.6700  samples_per_sec_per_gpu: 7.1700  max_mem_allocated_mb: 143.9000  max_mem_reserved_mb: 11086.0000
04/08 20:48:39 - mmengine - INFO - Epoch(train)  [6][3650/5000]  lr: 4.4451e-04  eta: 4:42:42  time: 0.4805  data_time: 0.0085  memory: 10545  grad_norm: 1.6313  loss: 0.8460  loss_heatmap: 0.3589  layer_-1_loss_cls: 0.0917  layer_-1_loss_bbox: 0.3953  matched_ious: 0.5503  sec_per_iter: 0.5571  iters_per_sec: 1.8000  samples_per_sec: 28.7200  samples_per_sec_per_gpu: 7.1800  max_mem_allocated_mb: 143.9000  max_mem_reserved_mb: 11086.0000
04/08 20:49:04 - mmengine - INFO - Epoch(train)  [6][3700/5000]  lr: 4.4389e-04  eta: 4:42:14  time: 0.5187  data_time: 0.0117  memory: 10452  grad_norm: 1.5032  loss: 0.8708  loss_heatmap: 0.3696  layer_-1_loss_cls: 0.0894  layer_-1_loss_bbox: 0.4117  matched_ious: 0.5784  sec_per_iter: 0.5560  iters_per_sec: 1.8000  samples_per_sec: 28.7800  samples_per_sec_per_gpu: 7.1900  max_mem_allocated_mb: 143.9000  max_mem_reserved_mb: 11086.0000
04/08 20:49:30 - mmengine - INFO - Epoch(train)  [6][3750/5000]  lr: 4.4327e-04  eta: 4:41:45  time: 0.5131  data_time: 0.0118  memory: 10309  grad_norm: 1.4894  loss: 0.8379  loss_heatmap: 0.3518  layer_-1_loss_cls: 0.0882  layer_-1_loss_bbox: 0.3980  matched_ious: 0.6044  sec_per_iter: 0.5555  iters_per_sec: 1.8000  samples_per_sec: 28.8000  samples_per_sec_per_gpu: 7.2000  max_mem_allocated_mb: 143.9000  max_mem_reserved_mb: 11086.0000
04/08 20:49:56 - mmengine - INFO - Epoch(train)  [6][3800/5000]  lr: 4.4264e-04  eta: 4:41:16  time: 0.5086  data_time: 0.0075  memory: 10415  grad_norm: 1.6008  loss: 0.8328  loss_heatmap: 0.3472  layer_-1_loss_cls: 0.0844  layer_-1_loss_bbox: 0.4012  matched_ious: 0.5984  sec_per_iter: 0.5549  iters_per_sec: 1.8000  samples_per_sec: 28.8300  samples_per_sec_per_gpu: 7.2100  max_mem_allocated_mb: 143.9000  max_mem_reserved_mb: 11086.0000
04/08 20:50:20 - mmengine - INFO - Epoch(train)  [6][3850/5000]  lr: 4.4201e-04  eta: 4:40:46  time: 0.4789  data_time: 0.0102  memory: 10374  grad_norm: 1.6326  loss: 0.9372  loss_heatmap: 0.3880  layer_-1_loss_cls: 0.0915  layer_-1_loss_bbox: 0.4577  matched_ious: 0.5407  sec_per_iter: 0.5543  iters_per_sec: 1.8000  samples_per_sec: 28.8600  samples_per_sec_per_gpu: 7.2200  max_mem_allocated_mb: 143.9000  max_mem_reserved_mb: 11086.0000
04/08 20:50:44 - mmengine - INFO - Epoch(train)  [6][3900/5000]  lr: 4.4138e-04  eta: 4:40:16  time: 0.4857  data_time: 0.0095  memory: 10389  grad_norm: 1.4738  loss: 0.8359  loss_heatmap: 0.3483  layer_-1_loss_cls: 0.0853  layer_-1_loss_bbox: 0.4023  matched_ious: 0.6378  sec_per_iter: 0.5534  iters_per_sec: 1.8100  samples_per_sec: 28.9100  samples_per_sec_per_gpu: 7.2300  max_mem_allocated_mb: 143.9000  max_mem_reserved_mb: 11086.0000
04/08 20:51:08 - mmengine - INFO - Epoch(train)  [6][3950/5000]  lr: 4.4075e-04  eta: 4:39:46  time: 0.4892  data_time: 0.0111  memory: 10438  grad_norm: 1.5411  loss: 0.7929  loss_heatmap: 0.3332  layer_-1_loss_cls: 0.0886  layer_-1_loss_bbox: 0.3710  matched_ious: 0.5151  sec_per_iter: 0.5525  iters_per_sec: 1.8100  samples_per_sec: 28.9600  samples_per_sec_per_gpu: 7.2400  max_mem_allocated_mb: 143.9000  max_mem_reserved_mb: 11086.0000
04/08 20:51:36 - mmengine - INFO - Exp name: zod_lidar_only_continue_20260408_160451
04/08 20:51:36 - mmengine - INFO - Epoch(train)  [6][4000/5000]  lr: 4.4011e-04  eta: 4:39:20  time: 0.5558  data_time: 0.0089  memory: 10541  grad_norm: 1.5611  loss: 0.8663  loss_heatmap: 0.3647  layer_-1_loss_cls: 0.0868  layer_-1_loss_bbox: 0.4149  matched_ious: 0.5408  sec_per_iter: 0.5517  iters_per_sec: 1.8100  samples_per_sec: 29.0000  samples_per_sec_per_gpu: 7.2500  max_mem_allocated_mb: 143.9000  max_mem_reserved_mb: 11086.0000
04/08 20:52:02 - mmengine - INFO - Epoch(train)  [6][4050/5000]  lr: 4.3948e-04  eta: 4:38:51  time: 0.5131  data_time: 0.0085  memory: 10433  grad_norm: 1.5155  loss: 0.8606  loss_heatmap: 0.3572  layer_-1_loss_cls: 0.0889  layer_-1_loss_bbox: 0.4144  matched_ious: 0.5313  sec_per_iter: 0.5517  iters_per_sec: 1.8100  samples_per_sec: 29.0000  samples_per_sec_per_gpu: 7.2500  max_mem_allocated_mb: 143.9000  max_mem_reserved_mb: 11086.0000
04/08 20:52:28 - mmengine - INFO - Epoch(train)  [6][4100/5000]  lr: 4.3883e-04  eta: 4:38:23  time: 0.5213  data_time: 0.0149  memory: 10433  grad_norm: 1.6852  loss: 0.8512  loss_heatmap: 0.3574  layer_-1_loss_cls: 0.0839  layer_-1_loss_bbox: 0.4099  matched_ious: 0.5089  sec_per_iter: 0.5513  iters_per_sec: 1.8100  samples_per_sec: 29.0200  samples_per_sec_per_gpu: 7.2600  max_mem_allocated_mb: 143.9000  max_mem_reserved_mb: 11086.0000
04/08 20:52:52 - mmengine - INFO - Epoch(train)  [6][4150/5000]  lr: 4.3819e-04  eta: 4:37:53  time: 0.4792  data_time: 0.0097  memory: 10304  grad_norm: 1.5493  loss: 0.8474  loss_heatmap: 0.3743  layer_-1_loss_cls: 0.0925  layer_-1_loss_bbox: 0.3806  matched_ious: 0.5854  sec_per_iter: 0.5509  iters_per_sec: 1.8200  samples_per_sec: 29.0400  samples_per_sec_per_gpu: 7.2600  max_mem_allocated_mb: 143.9000  max_mem_reserved_mb: 11086.0000
04/08 20:53:16 - mmengine - INFO - Epoch(train)  [6][4200/5000]  lr: 4.3754e-04  eta: 4:37:24  time: 0.4933  data_time: 0.0072  memory: 10287  grad_norm: 1.5548  loss: 0.8405  loss_heatmap: 0.3578  layer_-1_loss_cls: 0.0853  layer_-1_loss_bbox: 0.3974  matched_ious: 0.5353  sec_per_iter: 0.5500  iters_per_sec: 1.8200  samples_per_sec: 29.0900  samples_per_sec_per_gpu: 7.2700  max_mem_allocated_mb: 143.9000  max_mem_reserved_mb: 11086.0000
04/08 20:53:42 - mmengine - INFO - Epoch(train)  [6][4250/5000]  lr: 4.3689e-04  eta: 4:36:55  time: 0.5083  data_time: 0.0092  memory: 10385  grad_norm: 1.6378  loss: 0.8409  loss_heatmap: 0.3614  layer_-1_loss_cls: 0.0908  layer_-1_loss_bbox: 0.3888  matched_ious: 0.5764  sec_per_iter: 0.5494  iters_per_sec: 1.8200  samples_per_sec: 29.1200  samples_per_sec_per_gpu: 7.2800  max_mem_allocated_mb: 143.9000  max_mem_reserved_mb: 11086.0000
04/08 20:54:07 - mmengine - INFO - Epoch(train)  [6][4300/5000]  lr: 4.3624e-04  eta: 4:36:26  time: 0.5034  data_time: 0.0080  memory: 10461  grad_norm: 1.5709  loss: 0.8454  loss_heatmap: 0.3563  layer_-1_loss_cls: 0.0903  layer_-1_loss_bbox: 0.3988  matched_ious: 0.5365  sec_per_iter: 0.5489  iters_per_sec: 1.8200  samples_per_sec: 29.1500  samples_per_sec_per_gpu: 7.2900  max_mem_allocated_mb: 143.9000  max_mem_reserved_mb: 11086.0000
04/08 20:54:33 - mmengine - INFO - Epoch(train)  [6][4350/5000]  lr: 4.3558e-04  eta: 4:35:58  time: 0.5300  data_time: 0.0187  memory: 10441  grad_norm: 1.5114  loss: 0.8645  loss_heatmap: 0.3655  layer_-1_loss_cls: 0.0896  layer_-1_loss_bbox: 0.4095  matched_ious: 0.5484  sec_per_iter: 0.5483  iters_per_sec: 1.8200  samples_per_sec: 29.1800  samples_per_sec_per_gpu: 7.2900  max_mem_allocated_mb: 143.9000  max_mem_reserved_mb: 11086.0000
04/08 20:54:56 - mmengine - INFO - Epoch(train)  [6][4400/5000]  lr: 4.3492e-04  eta: 4:35:27  time: 0.4541  data_time: 0.0076  memory: 10388  grad_norm: 1.4746  loss: 0.8474  loss_heatmap: 0.3676  layer_-1_loss_cls: 0.0915  layer_-1_loss_bbox: 0.3882  matched_ious: 0.5622  sec_per_iter: 0.5481  iters_per_sec: 1.8200  samples_per_sec: 29.1900  samples_per_sec_per_gpu: 7.3000  max_mem_allocated_mb: 143.9000  max_mem_reserved_mb: 11086.0000
04/08 20:55:20 - mmengine - INFO - Epoch(train)  [6][4450/5000]  lr: 4.3426e-04  eta: 4:34:57  time: 0.4788  data_time: 0.0127  memory: 10393  grad_norm: 1.4511  loss: 0.7771  loss_heatmap: 0.3271  layer_-1_loss_cls: 0.0844  layer_-1_loss_bbox: 0.3657  matched_ious: 0.5537  sec_per_iter: 0.5471  iters_per_sec: 1.8300  samples_per_sec: 29.2500  samples_per_sec_per_gpu: 7.3100  max_mem_allocated_mb: 143.9000  max_mem_reserved_mb: 11086.0000
04/08 20:55:45 - mmengine - INFO - Epoch(train)  [6][4500/5000]  lr: 4.3359e-04  eta: 4:34:28  time: 0.5003  data_time: 0.0064  memory: 10460  grad_norm: 1.5528  loss: 0.7874  loss_heatmap: 0.3301  layer_-1_loss_cls: 0.0866  layer_-1_loss_bbox: 0.3706  matched_ious: 0.5691  sec_per_iter: 0.5463  iters_per_sec: 1.8300  samples_per_sec: 29.2900  samples_per_sec_per_gpu: 7.3200  max_mem_allocated_mb: 143.9000  max_mem_reserved_mb: 11086.0000
04/08 20:56:08 - mmengine - INFO - Epoch(train)  [6][4550/5000]  lr: 4.3293e-04  eta: 4:33:56  time: 0.4539  data_time: 0.0084  memory: 10330  grad_norm: 1.6433  loss: 0.8468  loss_heatmap: 0.3651  layer_-1_loss_cls: 0.0881  layer_-1_loss_bbox: 0.3936  matched_ious: 0.5343  sec_per_iter: 0.5458  iters_per_sec: 1.8300  samples_per_sec: 29.3100  samples_per_sec_per_gpu: 7.3300  max_mem_allocated_mb: 143.9000  max_mem_reserved_mb: 11086.0000
04/08 20:56:34 - mmengine - INFO - Epoch(train)  [6][4600/5000]  lr: 4.3226e-04  eta: 4:33:28  time: 0.5252  data_time: 0.0114  memory: 10381  grad_norm: 1.6839  loss: 0.9170  loss_heatmap: 0.3936  layer_-1_loss_cls: 0.0970  layer_-1_loss_bbox: 0.4264  matched_ious: 0.6056  sec_per_iter: 0.5448  iters_per_sec: 1.8400  samples_per_sec: 29.3700  samples_per_sec_per_gpu: 7.3400  max_mem_allocated_mb: 143.9000  max_mem_reserved_mb: 11086.0000
04/08 20:56:59 - mmengine - INFO - Epoch(train)  [6][4650/5000]  lr: 4.3158e-04  eta: 4:32:59  time: 0.4901  data_time: 0.0065  memory: 10609  grad_norm: 1.6008  loss: 0.8645  loss_heatmap: 0.3573  layer_-1_loss_cls: 0.0874  layer_-1_loss_bbox: 0.4198  matched_ious: 0.5403  sec_per_iter: 0.5446  iters_per_sec: 1.8400  samples_per_sec: 29.3800  samples_per_sec_per_gpu: 7.3500  max_mem_allocated_mb: 143.9000  max_mem_reserved_mb: 11086.0000
04/08 20:57:23 - mmengine - INFO - Epoch(train)  [6][4700/5000]  lr: 4.3091e-04  eta: 4:32:29  time: 0.4880  data_time: 0.0090  memory: 10489  grad_norm: inf  loss: 0.8431  loss_heatmap: 0.3451  layer_-1_loss_cls: 0.0870  layer_-1_loss_bbox: 0.4109  matched_ious: 0.5855  sec_per_iter: 0.5440  iters_per_sec: 1.8400  samples_per_sec: 29.4100  samples_per_sec_per_gpu: 7.3500  max_mem_allocated_mb: 143.9000  max_mem_reserved_mb: 11086.0000
04/08 20:57:49 - mmengine - INFO - Epoch(train)  [6][4750/5000]  lr: 4.3023e-04  eta: 4:32:01  time: 0.5141  data_time: 0.0071  memory: 10511  grad_norm: 1.7105  loss: 0.8895  loss_heatmap: 0.3690  layer_-1_loss_cls: 0.0875  layer_-1_loss_bbox: 0.4329  matched_ious: 0.5525  sec_per_iter: 0.5434  iters_per_sec: 1.8400  samples_per_sec: 29.4400  samples_per_sec_per_gpu: 7.3600  max_mem_allocated_mb: 143.9000  max_mem_reserved_mb: 11086.0000
04/08 20:58:11 - mmengine - INFO - Epoch(train)  [6][4800/5000]  lr: 4.2955e-04  eta: 4:31:30  time: 0.4516  data_time: 0.0090  memory: 10396  grad_norm: 1.6732  loss: 0.8210  loss_heatmap: 0.3490  layer_-1_loss_cls: 0.0901  layer_-1_loss_bbox: 0.3818  matched_ious: 0.5475  sec_per_iter: 0.5431  iters_per_sec: 1.8400  samples_per_sec: 29.4600  samples_per_sec_per_gpu: 7.3700  max_mem_allocated_mb: 143.9000  max_mem_reserved_mb: 11086.0000
04/08 20:58:38 - mmengine - INFO - Epoch(train)  [6][4850/5000]  lr: 4.2886e-04  eta: 4:31:02  time: 0.5354  data_time: 0.0109  memory: 10479  grad_norm: 1.7175  loss: 0.8979  loss_heatmap: 0.3842  layer_-1_loss_cls: 0.0941  layer_-1_loss_bbox: 0.4196  matched_ious: 0.5630  sec_per_iter: 0.5421  iters_per_sec: 1.8400  samples_per_sec: 29.5100  samples_per_sec_per_gpu: 7.3800  max_mem_allocated_mb: 143.9000  max_mem_reserved_mb: 11086.0000
04/08 20:59:01 - mmengine - INFO - Epoch(train)  [6][4900/5000]  lr: 4.2817e-04  eta: 4:30:31  time: 0.4501  data_time: 0.0070  memory: 10476  grad_norm: 1.5198  loss: 0.8591  loss_heatmap: 0.3638  layer_-1_loss_cls: 0.0927  layer_-1_loss_bbox: 0.4026  matched_ious: 0.5504  sec_per_iter: 0.5421  iters_per_sec: 1.8400  samples_per_sec: 29.5200  samples_per_sec_per_gpu: 7.3800  max_mem_allocated_mb: 143.9000  max_mem_reserved_mb: 11086.0000
04/08 20:59:25 - mmengine - INFO - Epoch(train)  [6][4950/5000]  lr: 4.2748e-04  eta: 4:30:01  time: 0.4902  data_time: 0.0077  memory: 10393  grad_norm: 1.4970  loss: 0.8618  loss_heatmap: 0.3583  layer_-1_loss_cls: 0.0903  layer_-1_loss_bbox: 0.4132  matched_ious: 0.5716  sec_per_iter: 0.5411  iters_per_sec: 1.8500  samples_per_sec: 29.5700  samples_per_sec_per_gpu: 7.3900  max_mem_allocated_mb: 143.9000  max_mem_reserved_mb: 11086.0000
04/08 20:59:47 - mmengine - INFO - Exp name: zod_lidar_only_continue_20260408_160451
04/08 20:59:48 - mmengine - INFO - Epoch(train)  [6][5000/5000]  lr: 4.2679e-04  eta: 4:29:30  time: 0.4475  data_time: 0.0056  memory: 10379  grad_norm: 1.6000  loss: 0.8340  loss_heatmap: 0.3426  layer_-1_loss_cls: 0.0828  layer_-1_loss_bbox: 0.4086  matched_ious: 0.5355  sec_per_iter: 0.5406  iters_per_sec: 1.8500  samples_per_sec: 29.6000  samples_per_sec_per_gpu: 7.4000  max_mem_allocated_mb: 143.9000  max_mem_reserved_mb: 11086.0000
04/08 20:59:48 - mmengine - INFO - [Efficiency] Epoch 6: wall=2698.5s  iters=5000  sec/iter=0.540  mem_alloc=144MB  mem_rsv=11086MB
04/08 20:59:55 - mmengine - INFO - Epoch(val)  [6][  50/1250]    eta: 0:02:49  time: 0.1416  data_time: 0.0055  memory: 2447  
04/08 21:00:01 - mmengine - INFO - Epoch(val)  [6][ 100/1250]    eta: 0:02:37  time: 0.1331  data_time: 0.0017  memory: 2447  
04/08 21:00:08 - mmengine - INFO - Epoch(val)  [6][ 150/1250]    eta: 0:02:29  time: 0.1324  data_time: 0.0021  memory: 2447  
04/08 21:00:14 - mmengine - INFO - Epoch(val)  [6][ 200/1250]    eta: 0:02:20  time: 0.1291  data_time: 0.0024  memory: 2447  
04/08 21:00:21 - mmengine - INFO - Epoch(val)  [6][ 250/1250]    eta: 0:02:13  time: 0.1332  data_time: 0.0019  memory: 2447  
04/08 21:00:28 - mmengine - INFO - Epoch(val)  [6][ 300/1250]    eta: 0:02:06  time: 0.1289  data_time: 0.0020  memory: 2447  
04/08 21:00:34 - mmengine - INFO - Epoch(val)  [6][ 350/1250]    eta: 0:01:59  time: 0.1296  data_time: 0.0017  memory: 2447  
04/08 21:00:41 - mmengine - INFO - Epoch(val)  [6][ 400/1250]    eta: 0:01:52  time: 0.1343  data_time: 0.0019  memory: 2447  
04/08 21:00:48 - mmengine - INFO - Epoch(val)  [6][ 450/1250]    eta: 0:01:46  time: 0.1391  data_time: 0.0020  memory: 2447  
04/08 21:00:54 - mmengine - INFO - Epoch(val)  [6][ 500/1250]    eta: 0:01:40  time: 0.1332  data_time: 0.0020  memory: 2447  
04/08 21:01:01 - mmengine - INFO - Epoch(val)  [6][ 550/1250]    eta: 0:01:33  time: 0.1398  data_time: 0.0023  memory: 2447  
04/08 21:01:08 - mmengine - INFO - Epoch(val)  [6][ 600/1250]    eta: 0:01:26  time: 0.1303  data_time: 0.0020  memory: 2447  
04/08 21:01:15 - mmengine - INFO - Epoch(val)  [6][ 650/1250]    eta: 0:01:20  time: 0.1503  data_time: 0.0025  memory: 2447  
04/08 21:01:22 - mmengine - INFO - Epoch(val)  [6][ 700/1250]    eta: 0:01:13  time: 0.1284  data_time: 0.0017  memory: 2447  
04/08 21:01:28 - mmengine - INFO - Epoch(val)  [6][ 750/1250]    eta: 0:01:07  time: 0.1310  data_time: 0.0043  memory: 2447  
04/08 21:01:35 - mmengine - INFO - Epoch(val)  [6][ 800/1250]    eta: 0:01:00  time: 0.1278  data_time: 0.0019  memory: 2447  
04/08 21:01:41 - mmengine - INFO - Epoch(val)  [6][ 850/1250]    eta: 0:00:53  time: 0.1233  data_time: 0.0017  memory: 2447  
04/08 21:01:48 - mmengine - INFO - Epoch(val)  [6][ 900/1250]    eta: 0:00:46  time: 0.1335  data_time: 0.0022  memory: 2447  
04/08 21:01:55 - mmengine - INFO - Epoch(val)  [6][ 950/1250]    eta: 0:00:40  time: 0.1410  data_time: 0.0015  memory: 2447  
04/08 21:02:01 - mmengine - INFO - Epoch(val)  [6][1000/1250]    eta: 0:00:33  time: 0.1230  data_time: 0.0017  memory: 2447  
04/08 21:02:07 - mmengine - INFO - Epoch(val)  [6][1050/1250]    eta: 0:00:26  time: 0.1284  data_time: 0.0016  memory: 2446  
04/08 21:02:14 - mmengine - INFO - Epoch(val)  [6][1100/1250]    eta: 0:00:19  time: 0.1365  data_time: 0.0019  memory: 2446  
04/08 21:02:20 - mmengine - INFO - Epoch(val)  [6][1150/1250]    eta: 0:00:13  time: 0.1282  data_time: 0.0018  memory: 2447  
04/08 21:02:27 - mmengine - INFO - Epoch(val)  [6][1200/1250]    eta: 0:00:06  time: 0.1257  data_time: 0.0020  memory: 2447  
04/08 21:02:33 - mmengine - INFO - Epoch(val)  [6][1250/1250]    eta: 0:00:00  time: 0.1299  data_time: 0.0024  memory: 2447  
04/08 21:03:53 - mmengine - INFO - 
+------------+---------+---------+---------+---------+
| classes    | AP_0.25 | AR_0.25 | AP_0.50 | AR_0.50 |
+------------+---------+---------+---------+---------+
| pedestrian | 0.7404  | 0.9313  | 0.4951  | 0.6849  |
+------------+---------+---------+---------+---------+
| Overall    | 0.7404  | 0.9313  | 0.4951  | 0.6849  |
+------------+---------+---------+---------+---------+
04/08 21:04:17 - mmengine - INFO - 
+------------+---------+---------+---------+---------+---------+---------+
| classes    | AP_0.5m | AR_0.5m | AP_1.0m | AR_1.0m | AP_2.0m | AR_2.0m |
+------------+---------+---------+---------+---------+---------+---------+
| pedestrian | 0.7620  | 0.9608  | 0.7703  | 0.9686  | 0.7759  | 0.9734  |
+------------+---------+---------+---------+---------+---------+---------+
| Overall    | 0.7620  | 0.9608  | 0.7703  | 0.9686  | 0.7759  | 0.9734  |
+------------+---------+---------+---------+---------+---------+---------+
04/08 21:04:18 - mmengine - INFO - Epoch(val) [6][1250/1250]    pedestrian_AP_0.25: 0.7404  mAP_0.25: 0.7404  pedestrian_rec_0.25: 0.9313  mAR_0.25: 0.9313  pedestrian_AP_0.50: 0.4951  mAP_0.50: 0.4951  pedestrian_rec_0.50: 0.6849  mAR_0.50: 0.6849  pedestrian_AP_0.5m: 0.7620  pedestrian_rec_0.5m: 0.9608  pedestrian_AP_1.0m: 0.7703  pedestrian_rec_1.0m: 0.9686  pedestrian_AP_2.0m: 0.7759  pedestrian_rec_2.0m: 0.9734  mAP_0.5m: 0.7620  mAR_0.5m: 0.9608  mAP_1.0m: 0.7703  mAR_1.0m: 0.9686  mAP_2.0m: 0.7759  mAR_2.0m: 0.9734  data_time: 0.0022  time: 0.1324
04/08 21:04:43 - mmengine - INFO - Epoch(train)  [7][  50/5000]  lr: 4.2610e-04  eta: 4:29:01  time: 0.4927  data_time: 0.0213  memory: 10489  grad_norm: 1.6018  loss: 0.8346  loss_heatmap: 0.3570  layer_-1_loss_cls: 0.0812  layer_-1_loss_bbox: 0.3964  matched_ious: 0.5584  sec_per_iter: 0.5397  iters_per_sec: 1.8500  samples_per_sec: 29.6500  samples_per_sec_per_gpu: 7.4100  max_mem_allocated_mb: 143.9000  max_mem_reserved_mb: 11086.0000
04/08 21:05:06 - mmengine - INFO - Epoch(train)  [7][ 100/5000]  lr: 4.2540e-04  eta: 4:28:30  time: 0.4591  data_time: 0.0073  memory: 10452  grad_norm: 1.5672  loss: 0.7491  loss_heatmap: 0.3154  layer_-1_loss_cls: 0.0804  layer_-1_loss_bbox: 0.3533  matched_ious: 0.5599  sec_per_iter: 0.4936  iters_per_sec: 2.0300  samples_per_sec: 32.4100  samples_per_sec_per_gpu: 8.1000  max_mem_allocated_mb: 143.9000  max_mem_reserved_mb: 11086.0000
04/08 21:05:28 - mmengine - INFO - Epoch(train)  [7][ 150/5000]  lr: 4.2470e-04  eta: 4:27:58  time: 0.4474  data_time: 0.0079  memory: 10447  grad_norm: 1.5779  loss: 0.7935  loss_heatmap: 0.3319  layer_-1_loss_cls: 0.0830  layer_-1_loss_bbox: 0.3786  matched_ious: 0.5504  sec_per_iter: 0.4766  iters_per_sec: 2.1000  samples_per_sec: 33.5700  samples_per_sec_per_gpu: 8.3900  max_mem_allocated_mb: 143.9000  max_mem_reserved_mb: 11086.0000
04/08 21:05:54 - mmengine - INFO - Epoch(train)  [7][ 200/5000]  lr: 4.2399e-04  eta: 4:27:30  time: 0.5157  data_time: 0.0080  memory: 10388  grad_norm: 1.6112  loss: 0.8429  loss_heatmap: 0.3487  layer_-1_loss_cls: 0.0839  layer_-1_loss_bbox: 0.4104  matched_ious: 0.5553  sec_per_iter: 0.4667  iters_per_sec: 2.1400  samples_per_sec: 34.2800  samples_per_sec_per_gpu: 8.5700  max_mem_allocated_mb: 143.9000  max_mem_reserved_mb: 11086.0000
04/08 21:06:17 - mmengine - INFO - Epoch(train)  [7][ 250/5000]  lr: 4.2329e-04  eta: 4:27:00  time: 0.4661  data_time: 0.0080  memory: 10332  grad_norm: 1.5540  loss: 0.8439  loss_heatmap: 0.3433  layer_-1_loss_cls: 0.0836  layer_-1_loss_bbox: 0.4170  matched_ious: 0.5737  sec_per_iter: 0.4789  iters_per_sec: 2.0900  samples_per_sec: 33.4100  samples_per_sec_per_gpu: 8.3500  max_mem_allocated_mb: 143.9000  max_mem_reserved_mb: 11086.0000
04/08 21:06:40 - mmengine - INFO - Epoch(train)  [7][ 300/5000]  lr: 4.2258e-04  eta: 4:26:29  time: 0.4575  data_time: 0.0086  memory: 10337  grad_norm: 1.6204  loss: 0.8249  loss_heatmap: 0.3432  layer_-1_loss_cls: 0.0872  layer_-1_loss_bbox: 0.3945  matched_ious: 0.5420  sec_per_iter: 0.4769  iters_per_sec: 2.1000  samples_per_sec: 33.5500  samples_per_sec_per_gpu: 8.3900  max_mem_allocated_mb: 143.9000  max_mem_reserved_mb: 11086.0000
04/08 21:07:04 - mmengine - INFO - Epoch(train)  [7][ 350/5000]  lr: 4.2187e-04  eta: 4:25:59  time: 0.4723  data_time: 0.0079  memory: 10381  grad_norm: 1.5507  loss: 0.7776  loss_heatmap: 0.3171  layer_-1_loss_cls: 0.0811  layer_-1_loss_bbox: 0.3795  matched_ious: 0.5890  sec_per_iter: 0.4733  iters_per_sec: 2.1100  samples_per_sec: 33.8100  samples_per_sec_per_gpu: 8.4500  max_mem_allocated_mb: 143.9000  max_mem_reserved_mb: 11086.0000
04/08 21:07:26 - mmengine - INFO - Epoch(train)  [7][ 400/5000]  lr: 4.2115e-04  eta: 4:25:28  time: 0.4549  data_time: 0.0065  memory: 10319  grad_norm: 1.4782  loss: 0.7879  loss_heatmap: 0.3094  layer_-1_loss_cls: 0.0787  layer_-1_loss_bbox: 0.3998  matched_ious: 0.5394  sec_per_iter: 0.4731  iters_per_sec: 2.1100  samples_per_sec: 33.8200  samples_per_sec_per_gpu: 8.4600  max_mem_allocated_mb: 143.9000  max_mem_reserved_mb: 11086.0000
04/08 21:07:49 - mmengine - INFO - Epoch(train)  [7][ 450/5000]  lr: 4.2043e-04  eta: 4:24:57  time: 0.4577  data_time: 0.0064  memory: 10340  grad_norm: 1.6378  loss: 0.8164  loss_heatmap: 0.3358  layer_-1_loss_cls: 0.0810  layer_-1_loss_bbox: 0.3996  matched_ious: 0.5704  sec_per_iter: 0.4708  iters_per_sec: 2.1200  samples_per_sec: 33.9800  samples_per_sec_per_gpu: 8.5000  max_mem_allocated_mb: 143.9000  max_mem_reserved_mb: 11086.0000
04/08 21:08:12 - mmengine - INFO - Epoch(train)  [7][ 500/5000]  lr: 4.1972e-04  eta: 4:24:26  time: 0.4571  data_time: 0.0069  memory: 10447  grad_norm: 1.7070  loss: 0.8428  loss_heatmap: 0.3419  layer_-1_loss_cls: 0.0836  layer_-1_loss_bbox: 0.4173  matched_ious: 0.5606  sec_per_iter: 0.4694  iters_per_sec: 2.1300  samples_per_sec: 34.0900  samples_per_sec_per_gpu: 8.5200  max_mem_allocated_mb: 143.9000  max_mem_reserved_mb: 11086.0000
04/08 21:08:34 - mmengine - INFO - Epoch(train)  [7][ 550/5000]  lr: 4.1899e-04  eta: 4:23:55  time: 0.4452  data_time: 0.0066  memory: 10548  grad_norm: 1.5976  loss: 0.8053  loss_heatmap: 0.3335  layer_-1_loss_cls: 0.0834  layer_-1_loss_bbox: 0.3885  matched_ious: 0.5638  sec_per_iter: 0.4681  iters_per_sec: 2.1400  samples_per_sec: 34.1800  samples_per_sec_per_gpu: 8.5400  max_mem_allocated_mb: 143.9000  max_mem_reserved_mb: 11086.0000
04/08 21:08:58 - mmengine - INFO - Epoch(train)  [7][ 600/5000]  lr: 4.1827e-04  eta: 4:23:25  time: 0.4739  data_time: 0.0096  memory: 10494  grad_norm: 1.5424  loss: 0.8306  loss_heatmap: 0.3435  layer_-1_loss_cls: 0.0831  layer_-1_loss_bbox: 0.4040  matched_ious: 0.5656  sec_per_iter: 0.4662  iters_per_sec: 2.1500  samples_per_sec: 34.3200  samples_per_sec_per_gpu: 8.5800  max_mem_allocated_mb: 143.9000  max_mem_reserved_mb: 11086.0000
04/08 21:09:22 - mmengine - INFO - Epoch(train)  [7][ 650/5000]  lr: 4.1754e-04  eta: 4:22:55  time: 0.4737  data_time: 0.0061  memory: 10376  grad_norm: 1.7266  loss: 0.8497  loss_heatmap: 0.3419  layer_-1_loss_cls: 0.0831  layer_-1_loss_bbox: 0.4247  matched_ious: 0.5323  sec_per_iter: 0.4667  iters_per_sec: 2.1400  samples_per_sec: 34.2800  samples_per_sec_per_gpu: 8.5700  max_mem_allocated_mb: 143.9000  max_mem_reserved_mb: 11086.0000
04/08 21:09:45 - mmengine - INFO - Epoch(train)  [7][ 700/5000]  lr: 4.1681e-04  eta: 4:22:24  time: 0.4612  data_time: 0.0059  memory: 10345  grad_norm: 1.6449  loss: 0.8378  loss_heatmap: 0.3422  layer_-1_loss_cls: 0.0842  layer_-1_loss_bbox: 0.4115  matched_ious: 0.4773  sec_per_iter: 0.4673  iters_per_sec: 2.1400  samples_per_sec: 34.2400  samples_per_sec_per_gpu: 8.5600  max_mem_allocated_mb: 143.9000  max_mem_reserved_mb: 11086.0000
04/08 21:10:08 - mmengine - INFO - Epoch(train)  [7][ 750/5000]  lr: 4.1608e-04  eta: 4:21:54  time: 0.4617  data_time: 0.0063  memory: 10320  grad_norm: 1.7969  loss: 0.8094  loss_heatmap: 0.3363  layer_-1_loss_cls: 0.0848  layer_-1_loss_bbox: 0.3884  matched_ious: 0.5753  sec_per_iter: 0.4668  iters_per_sec: 2.1400  samples_per_sec: 34.2700  samples_per_sec_per_gpu: 8.5700  max_mem_allocated_mb: 143.9000  max_mem_reserved_mb: 11086.0000
04/08 21:10:31 - mmengine - INFO - Epoch(train)  [7][ 800/5000]  lr: 4.1534e-04  eta: 4:21:23  time: 0.4594  data_time: 0.0059  memory: 10414  grad_norm: 1.5811  loss: 0.8193  loss_heatmap: 0.3331  layer_-1_loss_cls: 0.0869  layer_-1_loss_bbox: 0.3993  matched_ious: 0.5373  sec_per_iter: 0.4665  iters_per_sec: 2.1400  samples_per_sec: 34.3000  samples_per_sec_per_gpu: 8.5700  max_mem_allocated_mb: 143.9000  max_mem_reserved_mb: 11086.0000
04/08 21:10:54 - mmengine - INFO - Epoch(train)  [7][ 850/5000]  lr: 4.1461e-04  eta: 4:20:53  time: 0.4546  data_time: 0.0070  memory: 10262  grad_norm: 1.6568  loss: 0.8305  loss_heatmap: 0.3341  layer_-1_loss_cls: 0.0795  layer_-1_loss_bbox: 0.4169  matched_ious: 0.5848  sec_per_iter: 0.4660  iters_per_sec: 2.1500  samples_per_sec: 34.3300  samples_per_sec_per_gpu: 8.5800  max_mem_allocated_mb: 143.9000  max_mem_reserved_mb: 11086.0000
04/08 21:11:16 - mmengine - INFO - Epoch(train)  [7][ 900/5000]  lr: 4.1387e-04  eta: 4:20:21  time: 0.4438  data_time: 0.0060  memory: 10647  grad_norm: 1.6339  loss: 0.7875  loss_heatmap: 0.3232  layer_-1_loss_cls: 0.0860  layer_-1_loss_bbox: 0.3783  matched_ious: 0.5856  sec_per_iter: 0.4654  iters_per_sec: 2.1500  samples_per_sec: 34.3800  samples_per_sec_per_gpu: 8.5900  max_mem_allocated_mb: 143.9000  max_mem_reserved_mb: 11086.0000
04/08 21:11:38 - mmengine - INFO - Epoch(train)  [7][ 950/5000]  lr: 4.1312e-04  eta: 4:19:50  time: 0.4384  data_time: 0.0057  memory: 10399  grad_norm: 1.7548  loss: 0.8351  loss_heatmap: 0.3454  layer_-1_loss_cls: 0.0845  layer_-1_loss_bbox: 0.4053  matched_ious: 0.4758  sec_per_iter: 0.4642  iters_per_sec: 2.1500  samples_per_sec: 34.4700  samples_per_sec_per_gpu: 8.6200  max_mem_allocated_mb: 143.9000  max_mem_reserved_mb: 11086.0000
04/08 21:12:01 - mmengine - INFO - Exp name: zod_lidar_only_continue_20260408_160451
04/08 21:12:01 - mmengine - INFO - Epoch(train)  [7][1000/5000]  lr: 4.1238e-04  eta: 4:19:20  time: 0.4692  data_time: 0.0070  memory: 10480  grad_norm: 1.6707  loss: 0.8593  loss_heatmap: 0.3594  layer_-1_loss_cls: 0.0900  layer_-1_loss_bbox: 0.4099  matched_ious: 0.5911  sec_per_iter: 0.4628  iters_per_sec: 2.1600  samples_per_sec: 34.5700  samples_per_sec_per_gpu: 8.6400  max_mem_allocated_mb: 143.9000  max_mem_reserved_mb: 11086.0000
04/08 21:12:24 - mmengine - INFO - Epoch(train)  [7][1050/5000]  lr: 4.1163e-04  eta: 4:18:49  time: 0.4482  data_time: 0.0072  memory: 10536  grad_norm: 1.5409  loss: 0.8197  loss_heatmap: 0.3369  layer_-1_loss_cls: 0.0836  layer_-1_loss_bbox: 0.3992  matched_ious: 0.5809  sec_per_iter: 0.4631  iters_per_sec: 2.1600  samples_per_sec: 34.5500  samples_per_sec_per_gpu: 8.6400  max_mem_allocated_mb: 143.9000  max_mem_reserved_mb: 11086.0000
04/08 21:12:46 - mmengine - INFO - Epoch(train)  [7][1100/5000]  lr: 4.1088e-04  eta: 4:18:18  time: 0.4560  data_time: 0.0064  memory: 10355  grad_norm: 1.5942  loss: 0.8056  loss_heatmap: 0.3338  layer_-1_loss_cls: 0.0849  layer_-1_loss_bbox: 0.3869  matched_ious: 0.5331  sec_per_iter: 0.4624  iters_per_sec: 2.1600  samples_per_sec: 34.6000  samples_per_sec_per_gpu: 8.6500  max_mem_allocated_mb: 143.9000  max_mem_reserved_mb: 11086.0000
04/08 21:13:09 - mmengine - INFO - Epoch(train)  [7][1150/5000]  lr: 4.1013e-04  eta: 4:17:48  time: 0.4517  data_time: 0.0067  memory: 10371  grad_norm: 1.6190  loss: 0.8133  loss_heatmap: 0.3376  layer_-1_loss_cls: 0.0863  layer_-1_loss_bbox: 0.3894  matched_ious: 0.5076  sec_per_iter: 0.4622  iters_per_sec: 2.1600  samples_per_sec: 34.6200  samples_per_sec_per_gpu: 8.6500  max_mem_allocated_mb: 143.9000  max_mem_reserved_mb: 11086.0000
04/08 21:13:32 - mmengine - INFO - Epoch(train)  [7][1200/5000]  lr: 4.0937e-04  eta: 4:17:17  time: 0.4563  data_time: 0.0066  memory: 10435  grad_norm: 1.6422  loss: 0.8338  loss_heatmap: 0.3541  layer_-1_loss_cls: 0.0880  layer_-1_loss_bbox: 0.3917  matched_ious: 0.5060  sec_per_iter: 0.4617  iters_per_sec: 2.1700  samples_per_sec: 34.6600  samples_per_sec_per_gpu: 8.6600  max_mem_allocated_mb: 143.9000  max_mem_reserved_mb: 11086.0000
04/08 21:13:55 - mmengine - INFO - Epoch(train)  [7][1250/5000]  lr: 4.0861e-04  eta: 4:16:47  time: 0.4554  data_time: 0.0078  memory: 10336  grad_norm: 1.5255  loss: 0.7777  loss_heatmap: 0.3248  layer_-1_loss_cls: 0.0798  layer_-1_loss_bbox: 0.3731  matched_ious: 0.5182  sec_per_iter: 0.4615  iters_per_sec: 2.1700  samples_per_sec: 34.6700  samples_per_sec_per_gpu: 8.6700  max_mem_allocated_mb: 143.9000  max_mem_reserved_mb: 11086.0000
04/08 21:14:17 - mmengine - INFO - Epoch(train)  [7][1300/5000]  lr: 4.0785e-04  eta: 4:16:16  time: 0.4551  data_time: 0.0054  memory: 10430  grad_norm: 1.5435  loss: 0.7869  loss_heatmap: 0.3174  layer_-1_loss_cls: 0.0808  layer_-1_loss_bbox: 0.3887  matched_ious: 0.5821  sec_per_iter: 0.4612  iters_per_sec: 2.1700  samples_per_sec: 34.6900  samples_per_sec_per_gpu: 8.6700  max_mem_allocated_mb: 143.9000  max_mem_reserved_mb: 11086.0000
04/08 21:14:40 - mmengine - INFO - Epoch(train)  [7][1350/5000]  lr: 4.0709e-04  eta: 4:15:45  time: 0.4452  data_time: 0.0055  memory: 10495  grad_norm: 1.5340  loss: 0.8223  loss_heatmap: 0.3406  layer_-1_loss_cls: 0.0825  layer_-1_loss_bbox: 0.3992  matched_ious: 0.4926  sec_per_iter: 0.4610  iters_per_sec: 2.1700  samples_per_sec: 34.7100  samples_per_sec_per_gpu: 8.6800  max_mem_allocated_mb: 143.9000  max_mem_reserved_mb: 11086.0000
04/08 21:15:02 - mmengine - INFO - Epoch(train)  [7][1400/5000]  lr: 4.0633e-04  eta: 4:15:15  time: 0.4527  data_time: 0.0072  memory: 10442  grad_norm: 1.7044  loss: 0.8543  loss_heatmap: 0.3499  layer_-1_loss_cls: 0.0861  layer_-1_loss_bbox: 0.4183  matched_ious: 0.5574  sec_per_iter: 0.4604  iters_per_sec: 2.1700  samples_per_sec: 34.7500  samples_per_sec_per_gpu: 8.6900  max_mem_allocated_mb: 143.9000  max_mem_reserved_mb: 11086.0000
04/08 21:15:24 - mmengine - INFO - Epoch(train)  [7][1450/5000]  lr: 4.0556e-04  eta: 4:14:44  time: 0.4422  data_time: 0.0066  memory: 10451  grad_norm: 1.5980  loss: 0.8352  loss_heatmap: 0.3516  layer_-1_loss_cls: 0.0850  layer_-1_loss_bbox: 0.3985  matched_ious: 0.5894  sec_per_iter: 0.4601  iters_per_sec: 2.1700  samples_per_sec: 34.7700  samples_per_sec_per_gpu: 8.6900  max_mem_allocated_mb: 143.9000  max_mem_reserved_mb: 11086.0000
04/08 21:15:48 - mmengine - INFO - Epoch(train)  [7][1500/5000]  lr: 4.0479e-04  eta: 4:14:14  time: 0.4651  data_time: 0.0053  memory: 10531  grad_norm: 1.6657  loss: 0.7840  loss_heatmap: 0.3296  layer_-1_loss_cls: 0.0831  layer_-1_loss_bbox: 0.3713  matched_ious: 0.4904  sec_per_iter: 0.4595  iters_per_sec: 2.1800  samples_per_sec: 34.8200  samples_per_sec_per_gpu: 8.7000  max_mem_allocated_mb: 143.9000  max_mem_reserved_mb: 11086.0000
04/08 21:16:10 - mmengine - INFO - Epoch(train)  [7][1550/5000]  lr: 4.0402e-04  eta: 4:13:43  time: 0.4481  data_time: 0.0050  memory: 10530  grad_norm: 1.5930  loss: 0.7895  loss_heatmap: 0.3225  layer_-1_loss_cls: 0.0791  layer_-1_loss_bbox: 0.3880  matched_ious: 0.5784  sec_per_iter: 0.4597  iters_per_sec: 2.1800  samples_per_sec: 34.8100  samples_per_sec_per_gpu: 8.7000  max_mem_allocated_mb: 143.9000  max_mem_reserved_mb: 11086.0000
04/08 21:16:33 - mmengine - INFO - Epoch(train)  [7][1600/5000]  lr: 4.0324e-04  eta: 4:13:13  time: 0.4582  data_time: 0.0056  memory: 10327  grad_norm: 1.5900  loss: 0.8013  loss_heatmap: 0.3269  layer_-1_loss_cls: 0.0793  layer_-1_loss_bbox: 0.3951  matched_ious: 0.5426  sec_per_iter: 0.4593  iters_per_sec: 2.1800  samples_per_sec: 34.8300  samples_per_sec_per_gpu: 8.7100  max_mem_allocated_mb: 143.9000  max_mem_reserved_mb: 11086.0000
04/08 21:16:55 - mmengine - INFO - Epoch(train)  [7][1650/5000]  lr: 4.0247e-04  eta: 4:12:42  time: 0.4515  data_time: 0.0063  memory: 10388  grad_norm: 1.5727  loss: 0.7883  loss_heatmap: 0.3251  layer_-1_loss_cls: 0.0772  layer_-1_loss_bbox: 0.3860  matched_ious: 0.5286  sec_per_iter: 0.4593  iters_per_sec: 2.1800  samples_per_sec: 34.8400  samples_per_sec_per_gpu: 8.7100  max_mem_allocated_mb: 143.9000  max_mem_reserved_mb: 11086.0000
04/08 21:17:19 - mmengine - INFO - Epoch(train)  [7][1700/5000]  lr: 4.0169e-04  eta: 4:12:13  time: 0.4768  data_time: 0.0081  memory: 10420  grad_norm: 1.5849  loss: 0.7861  loss_heatmap: 0.3252  layer_-1_loss_cls: 0.0741  layer_-1_loss_bbox: 0.3868  matched_ious: 0.5069  sec_per_iter: 0.4591  iters_per_sec: 2.1800  samples_per_sec: 34.8500  samples_per_sec_per_gpu: 8.7100  max_mem_allocated_mb: 143.9000  max_mem_reserved_mb: 11086.0000
04/08 21:17:43 - mmengine - INFO - Epoch(train)  [7][1750/5000]  lr: 4.0091e-04  eta: 4:11:43  time: 0.4708  data_time: 0.0070  memory: 10441  grad_norm: 1.6531  loss: 0.7882  loss_heatmap: 0.3360  layer_-1_loss_cls: 0.0827  layer_-1_loss_bbox: 0.3695  matched_ious: 0.5428  sec_per_iter: 0.4596  iters_per_sec: 2.1800  samples_per_sec: 34.8100  samples_per_sec_per_gpu: 8.7000  max_mem_allocated_mb: 143.9000  max_mem_reserved_mb: 11086.0000
04/08 21:18:05 - mmengine - INFO - Epoch(train)  [7][1800/5000]  lr: 4.0012e-04  eta: 4:11:13  time: 0.4455  data_time: 0.0102  memory: 10418  grad_norm: 1.5917  loss: 0.8147  loss_heatmap: 0.3348  layer_-1_loss_cls: 0.0835  layer_-1_loss_bbox: 0.3964  matched_ious: 0.5515  sec_per_iter: 0.4599  iters_per_sec: 2.1700  samples_per_sec: 34.7900  samples_per_sec_per_gpu: 8.7000  max_mem_allocated_mb: 143.9000  max_mem_reserved_mb: 11086.0000
04/08 21:18:28 - mmengine - INFO - Epoch(train)  [7][1850/5000]  lr: 3.9934e-04  eta: 4:10:43  time: 0.4634  data_time: 0.0070  memory: 10441  grad_norm: 1.5999  loss: 0.7905  loss_heatmap: 0.3251  layer_-1_loss_cls: 0.0815  layer_-1_loss_bbox: 0.3839  matched_ious: 0.5529  sec_per_iter: 0.4595  iters_per_sec: 2.1800  samples_per_sec: 34.8200  samples_per_sec_per_gpu: 8.7000  max_mem_allocated_mb: 143.9000  max_mem_reserved_mb: 11086.0000
04/08 21:18:51 - mmengine - INFO - Epoch(train)  [7][1900/5000]  lr: 3.9855e-04  eta: 4:10:12  time: 0.4463  data_time: 0.0067  memory: 10463  grad_norm: 1.4646  loss: 0.7661  loss_heatmap: 0.3167  layer_-1_loss_cls: 0.0798  layer_-1_loss_bbox: 0.3696  matched_ious: 0.5574  sec_per_iter: 0.4596  iters_per_sec: 2.1800  samples_per_sec: 34.8100  samples_per_sec_per_gpu: 8.7000  max_mem_allocated_mb: 143.9000  max_mem_reserved_mb: 11086.0000
04/08 21:19:14 - mmengine - INFO - Epoch(train)  [7][1950/5000]  lr: 3.9776e-04  eta: 4:09:43  time: 0.4650  data_time: 0.0054  memory: 10382  grad_norm: 1.5846  loss: 0.7789  loss_heatmap: 0.3255  layer_-1_loss_cls: 0.0815  layer_-1_loss_bbox: 0.3719  matched_ious: 0.5670  sec_per_iter: 0.4593  iters_per_sec: 2.1800  samples_per_sec: 34.8400  samples_per_sec_per_gpu: 8.7100  max_mem_allocated_mb: 143.9000  max_mem_reserved_mb: 11086.0000
04/08 21:19:37 - mmengine - INFO - Exp name: zod_lidar_only_continue_20260408_160451
04/08 21:19:37 - mmengine - INFO - Epoch(train)  [7][2000/5000]  lr: 3.9696e-04  eta: 4:09:12  time: 0.4559  data_time: 0.0053  memory: 10448  grad_norm: 1.5498  loss: 0.8155  loss_heatmap: 0.3366  layer_-1_loss_cls: 0.0808  layer_-1_loss_bbox: 0.3982  matched_ious: 0.5850  sec_per_iter: 0.4594  iters_per_sec: 2.1800  samples_per_sec: 34.8300  samples_per_sec_per_gpu: 8.7100  max_mem_allocated_mb: 143.9000  max_mem_reserved_mb: 11086.0000
04/08 21:19:59 - mmengine - INFO - Epoch(train)  [7][2050/5000]  lr: 3.9617e-04  eta: 4:08:42  time: 0.4547  data_time: 0.0057  memory: 10460  grad_norm: 1.6863  loss: 0.7926  loss_heatmap: 0.3346  layer_-1_loss_cls: 0.0829  layer_-1_loss_bbox: 0.3752  matched_ious: 0.5087  sec_per_iter: 0.4593  iters_per_sec: 2.1800  samples_per_sec: 34.8300  samples_per_sec_per_gpu: 8.7100  max_mem_allocated_mb: 143.9000  max_mem_reserved_mb: 11086.0000
04/08 21:20:23 - mmengine - INFO - Epoch(train)  [7][2100/5000]  lr: 3.9537e-04  eta: 4:08:13  time: 0.4660  data_time: 0.0077  memory: 10389  grad_norm: 1.5060  loss: 0.8199  loss_heatmap: 0.3268  layer_-1_loss_cls: 0.0800  layer_-1_loss_bbox: 0.4130  matched_ious: 0.5838  sec_per_iter: 0.4592  iters_per_sec: 2.1800  samples_per_sec: 34.8400  samples_per_sec_per_gpu: 8.7100  max_mem_allocated_mb: 143.9000  max_mem_reserved_mb: 11086.0000
04/08 21:20:46 - mmengine - INFO - Epoch(train)  [7][2150/5000]  lr: 3.9457e-04  eta: 4:07:43  time: 0.4752  data_time: 0.0076  memory: 10448  grad_norm: 1.5507  loss: 0.8205  loss_heatmap: 0.3421  layer_-1_loss_cls: 0.0864  layer_-1_loss_bbox: 0.3920  matched_ious: 0.6025  sec_per_iter: 0.4594  iters_per_sec: 2.1800  samples_per_sec: 34.8300  samples_per_sec_per_gpu: 8.7100  max_mem_allocated_mb: 143.9000  max_mem_reserved_mb: 11086.0000
04/08 21:21:08 - mmengine - INFO - Epoch(train)  [7][2200/5000]  lr: 3.9377e-04  eta: 4:07:13  time: 0.4400  data_time: 0.0067  memory: 10388  grad_norm: 1.5753  loss: 0.7993  loss_heatmap: 0.3224  layer_-1_loss_cls: 0.0773  layer_-1_loss_bbox: 0.3995  matched_ious: 0.5705  sec_per_iter: 0.4598  iters_per_sec: 2.1800  samples_per_sec: 34.8000  samples_per_sec_per_gpu: 8.7000  max_mem_allocated_mb: 143.9000  max_mem_reserved_mb: 11086.0000
04/08 21:21:33 - mmengine - INFO - Epoch(train)  [7][2250/5000]  lr: 3.9296e-04  eta: 4:06:45  time: 0.5003  data_time: 0.0099  memory: 10547  grad_norm: 1.4671  loss: 0.7670  loss_heatmap: 0.3175  layer_-1_loss_cls: 0.0779  layer_-1_loss_bbox: 0.3717  matched_ious: 0.5962  sec_per_iter: 0.4593  iters_per_sec: 2.1800  samples_per_sec: 34.8300  samples_per_sec_per_gpu: 8.7100  max_mem_allocated_mb: 143.9000  max_mem_reserved_mb: 11086.0000
04/08 21:21:58 - mmengine - INFO - Epoch(train)  [7][2300/5000]  lr: 3.9216e-04  eta: 4:06:16  time: 0.4901  data_time: 0.0115  memory: 10465  grad_norm: 1.5508  loss: 0.7885  loss_heatmap: 0.3223  layer_-1_loss_cls: 0.0813  layer_-1_loss_bbox: 0.3849  matched_ious: 0.5668  sec_per_iter: 0.4602  iters_per_sec: 2.1700  samples_per_sec: 34.7700  samples_per_sec_per_gpu: 8.6900  max_mem_allocated_mb: 143.9000  max_mem_reserved_mb: 11086.0000
04/08 21:22:21 - mmengine - INFO - Epoch(train)  [7][2350/5000]  lr: 3.9135e-04  eta: 4:05:46  time: 0.4549  data_time: 0.0069  memory: 10450  grad_norm: 1.4152  loss: 0.7988  loss_heatmap: 0.3187  layer_-1_loss_cls: 0.0789  layer_-1_loss_bbox: 0.4012  matched_ious: 0.6155  sec_per_iter: 0.4609  iters_per_sec: 2.1700  samples_per_sec: 34.7200  samples_per_sec_per_gpu: 8.6800  max_mem_allocated_mb: 143.9000  max_mem_reserved_mb: 11086.0000
04/08 21:22:43 - mmengine - INFO - Epoch(train)  [7][2400/5000]  lr: 3.9054e-04  eta: 4:05:15  time: 0.4433  data_time: 0.0069  memory: 10351  grad_norm: 1.5251  loss: 0.7374  loss_heatmap: 0.3104  layer_-1_loss_cls: 0.0802  layer_-1_loss_bbox: 0.3467  matched_ious: 0.5939  sec_per_iter: 0.4608  iters_per_sec: 2.1700  samples_per_sec: 34.7300  samples_per_sec_per_gpu: 8.6800  max_mem_allocated_mb: 143.9000  max_mem_reserved_mb: 11086.0000
04/08 21:23:07 - mmengine - INFO - Epoch(train)  [7][2450/5000]  lr: 3.8973e-04  eta: 4:04:46  time: 0.4778  data_time: 0.0063  memory: 10381  grad_norm: 1.6500  loss: 0.7931  loss_heatmap: 0.3298  layer_-1_loss_cls: 0.0837  layer_-1_loss_bbox: 0.3796  matched_ious: 0.5732  sec_per_iter: 0.4604  iters_per_sec: 2.1700  samples_per_sec: 34.7500  samples_per_sec_per_gpu: 8.6900  max_mem_allocated_mb: 143.9000  max_mem_reserved_mb: 11086.0000
04/08 21:23:29 - mmengine - INFO - Epoch(train)  [7][2500/5000]  lr: 3.8891e-04  eta: 4:04:16  time: 0.4463  data_time: 0.0058  memory: 10436  grad_norm: 1.5138  loss: 0.7319  loss_heatmap: 0.3072  layer_-1_loss_cls: 0.0813  layer_-1_loss_bbox: 0.3433  matched_ious: 0.5405  sec_per_iter: 0.4607  iters_per_sec: 2.1700  samples_per_sec: 34.7300  samples_per_sec_per_gpu: 8.6800  max_mem_allocated_mb: 143.9000  max_mem_reserved_mb: 11086.0000
04/08 21:23:51 - mmengine - INFO - Epoch(train)  [7][2550/5000]  lr: 3.8809e-04  eta: 4:03:46  time: 0.4432  data_time: 0.0060  memory: 10453  grad_norm: 1.7520  loss: 0.7810  loss_heatmap: 0.3288  layer_-1_loss_cls: 0.0855  layer_-1_loss_bbox: 0.3667  matched_ious: 0.5501  sec_per_iter: 0.4605  iters_per_sec: 2.1700  samples_per_sec: 34.7500  samples_per_sec_per_gpu: 8.6900  max_mem_allocated_mb: 143.9000  max_mem_reserved_mb: 11086.0000
04/08 21:24:15 - mmengine - INFO - Epoch(train)  [7][2600/5000]  lr: 3.8727e-04  eta: 4:03:16  time: 0.4654  data_time: 0.0062  memory: 10394  grad_norm: 1.5699  loss: 0.7854  loss_heatmap: 0.3278  layer_-1_loss_cls: 0.0820  layer_-1_loss_bbox: 0.3755  matched_ious: 0.5161  sec_per_iter: 0.4601  iters_per_sec: 2.1700  samples_per_sec: 34.7700  samples_per_sec_per_gpu: 8.6900  max_mem_allocated_mb: 143.9000  max_mem_reserved_mb: 11086.0000
04/08 21:24:37 - mmengine - INFO - Epoch(train)  [7][2650/5000]  lr: 3.8645e-04  eta: 4:02:46  time: 0.4459  data_time: 0.0052  memory: 10252  grad_norm: 1.6417  loss: 0.8518  loss_heatmap: 0.3535  layer_-1_loss_cls: 0.0811  layer_-1_loss_bbox: 0.4173  matched_ious: 0.5623  sec_per_iter: 0.4602  iters_per_sec: 2.1700  samples_per_sec: 34.7700  samples_per_sec_per_gpu: 8.6900  max_mem_allocated_mb: 143.9000  max_mem_reserved_mb: 11086.0000
04/08 21:25:01 - mmengine - INFO - Epoch(train)  [7][2700/5000]  lr: 3.8563e-04  eta: 4:02:17  time: 0.4766  data_time: 0.0073  memory: 10458  grad_norm: 1.6049  loss: 0.7802  loss_heatmap: 0.3242  layer_-1_loss_cls: 0.0822  layer_-1_loss_bbox: 0.3737  matched_ious: 0.6095  sec_per_iter: 0.4599  iters_per_sec: 2.1700  samples_per_sec: 34.7900  samples_per_sec_per_gpu: 8.7000  max_mem_allocated_mb: 143.9000  max_mem_reserved_mb: 11086.0000
04/08 21:25:23 - mmengine - INFO - Epoch(train)  [7][2750/5000]  lr: 3.8480e-04  eta: 4:01:47  time: 0.4525  data_time: 0.0055  memory: 10540  grad_norm: 1.7314  loss: 0.8283  loss_heatmap: 0.3447  layer_-1_loss_cls: 0.0868  layer_-1_loss_bbox: 0.3968  matched_ious: 0.5545  sec_per_iter: 0.4603  iters_per_sec: 2.1700  samples_per_sec: 34.7600  samples_per_sec_per_gpu: 8.6900  max_mem_allocated_mb: 143.9000  max_mem_reserved_mb: 11086.0000
04/08 21:25:46 - mmengine - INFO - Epoch(train)  [7][2800/5000]  lr: 3.8397e-04  eta: 4:01:17  time: 0.4573  data_time: 0.0059  memory: 10425  grad_norm: 1.6702  loss: 0.8187  loss_heatmap: 0.3474  layer_-1_loss_cls: 0.0860  layer_-1_loss_bbox: 0.3853  matched_ious: 0.5981  sec_per_iter: 0.4601  iters_per_sec: 2.1700  samples_per_sec: 34.7700  samples_per_sec_per_gpu: 8.6900  max_mem_allocated_mb: 143.9000  max_mem_reserved_mb: 11086.0000
04/08 21:26:09 - mmengine - INFO - Epoch(train)  [7][2850/5000]  lr: 3.8314e-04  eta: 4:00:48  time: 0.4627  data_time: 0.0064  memory: 10522  grad_norm: 1.5771  loss: 0.8288  loss_heatmap: 0.3449  layer_-1_loss_cls: 0.0859  layer_-1_loss_bbox: 0.3980  matched_ious: 0.5287  sec_per_iter: 0.4601  iters_per_sec: 2.1700  samples_per_sec: 34.7800  samples_per_sec_per_gpu: 8.6900  max_mem_allocated_mb: 143.9000  max_mem_reserved_mb: 11086.0000
04/08 21:26:32 - mmengine - INFO - Epoch(train)  [7][2900/5000]  lr: 3.8231e-04  eta: 4:00:18  time: 0.4624  data_time: 0.0061  memory: 10374  grad_norm: 1.4820  loss: 0.7727  loss_heatmap: 0.3165  layer_-1_loss_cls: 0.0792  layer_-1_loss_bbox: 0.3770  matched_ious: 0.5923  sec_per_iter: 0.4601  iters_per_sec: 2.1700  samples_per_sec: 34.7700  samples_per_sec_per_gpu: 8.6900  max_mem_allocated_mb: 143.9000  max_mem_reserved_mb: 11086.0000
04/08 21:26:55 - mmengine - INFO - Epoch(train)  [7][2950/5000]  lr: 3.8148e-04  eta: 3:59:48  time: 0.4521  data_time: 0.0058  memory: 10480  grad_norm: 1.7397  loss: 0.8319  loss_heatmap: 0.3403  layer_-1_loss_cls: 0.0815  layer_-1_loss_bbox: 0.4100  matched_ious: 0.5190  sec_per_iter: 0.4602  iters_per_sec: 2.1700  samples_per_sec: 34.7700  samples_per_sec_per_gpu: 8.6900  max_mem_allocated_mb: 143.9000  max_mem_reserved_mb: 11086.0000
04/08 21:27:18 - mmengine - INFO - Exp name: zod_lidar_only_continue_20260408_160451
04/08 21:27:18 - mmengine - INFO - Epoch(train)  [7][3000/5000]  lr: 3.8064e-04  eta: 3:59:19  time: 0.4632  data_time: 0.0077  memory: 10381  grad_norm: 1.6437  loss: 0.7963  loss_heatmap: 0.3330  layer_-1_loss_cls: 0.0813  layer_-1_loss_bbox: 0.3820  matched_ious: 0.6069  sec_per_iter: 0.4600  iters_per_sec: 2.1700  samples_per_sec: 34.7800  samples_per_sec_per_gpu: 8.7000  max_mem_allocated_mb: 143.9000  max_mem_reserved_mb: 11086.0000
04/08 21:27:41 - mmengine - INFO - Epoch(train)  [7][3050/5000]  lr: 3.7980e-04  eta: 3:58:49  time: 0.4484  data_time: 0.0065  memory: 10470  grad_norm: 1.6080  loss: 0.8214  loss_heatmap: 0.3340  layer_-1_loss_cls: 0.0811  layer_-1_loss_bbox: 0.4063  matched_ious: 0.4673  sec_per_iter: 0.4601  iters_per_sec: 2.1700  samples_per_sec: 34.7800  samples_per_sec_per_gpu: 8.6900  max_mem_allocated_mb: 143.9000  max_mem_reserved_mb: 11086.0000
04/08 21:28:05 - mmengine - INFO - Epoch(train)  [7][3100/5000]  lr: 3.7896e-04  eta: 3:58:20  time: 0.4828  data_time: 0.0081  memory: 10302  grad_norm: 1.4559  loss: 0.7587  loss_heatmap: 0.3050  layer_-1_loss_cls: 0.0782  layer_-1_loss_bbox: 0.3756  matched_ious: 0.5619  sec_per_iter: 0.4599  iters_per_sec: 2.1700  samples_per_sec: 34.7900  samples_per_sec_per_gpu: 8.7000  max_mem_allocated_mb: 143.9000  max_mem_reserved_mb: 11086.0000
04/08 21:28:27 - mmengine - INFO - Epoch(train)  [7][3150/5000]  lr: 3.7812e-04  eta: 3:57:50  time: 0.4443  data_time: 0.0057  memory: 10423  grad_norm: nan  loss: 0.7811  loss_heatmap: 0.3236  layer_-1_loss_cls: 0.0814  layer_-1_loss_bbox: 0.3761  matched_ious: 0.5725  sec_per_iter: 0.4603  iters_per_sec: 2.1700  samples_per_sec: 34.7600  samples_per_sec_per_gpu: 8.6900  max_mem_allocated_mb: 143.9000  max_mem_reserved_mb: 11086.0000
04/08 21:28:52 - mmengine - INFO - Epoch(train)  [7][3200/5000]  lr: 3.7728e-04  eta: 3:57:22  time: 0.4978  data_time: 0.0056  memory: 10439  grad_norm: 1.6202  loss: 0.8365  loss_heatmap: 0.3515  layer_-1_loss_cls: 0.0874  layer_-1_loss_bbox: 0.3976  matched_ious: 0.4957  sec_per_iter: 0.4600  iters_per_sec: 2.1700  samples_per_sec: 34.7800  samples_per_sec_per_gpu: 8.7000  max_mem_allocated_mb: 143.9000  max_mem_reserved_mb: 11086.0000
04/08 21:29:16 - mmengine - INFO - Epoch(train)  [7][3250/5000]  lr: 3.7643e-04  eta: 3:56:54  time: 0.4789  data_time: 0.0050  memory: 10354  grad_norm: 1.7779  loss: 0.8606  loss_heatmap: 0.3596  layer_-1_loss_cls: 0.0830  layer_-1_loss_bbox: 0.4181  matched_ious: 0.5486  sec_per_iter: 0.4606  iters_per_sec: 2.1700  samples_per_sec: 34.7400  samples_per_sec_per_gpu: 8.6800  max_mem_allocated_mb: 143.9000  max_mem_reserved_mb: 11086.0000
04/08 21:29:38 - mmengine - INFO - Epoch(train)  [7][3300/5000]  lr: 3.7558e-04  eta: 3:56:24  time: 0.4512  data_time: 0.0069  memory: 10401  grad_norm: 1.7523  loss: 0.8032  loss_heatmap: 0.3340  layer_-1_loss_cls: 0.0824  layer_-1_loss_bbox: 0.3868  matched_ious: 0.5460  sec_per_iter: 0.4609  iters_per_sec: 2.1700  samples_per_sec: 34.7200  samples_per_sec_per_gpu: 8.6800  max_mem_allocated_mb: 143.9000  max_mem_reserved_mb: 11086.0000
04/08 21:30:02 - mmengine - INFO - Epoch(train)  [7][3350/5000]  lr: 3.7473e-04  eta: 3:55:55  time: 0.4738  data_time: 0.0065  memory: 10529  grad_norm: 1.6591  loss: 0.8228  loss_heatmap: 0.3446  layer_-1_loss_cls: 0.0861  layer_-1_loss_bbox: 0.3921  matched_ious: 0.5481  sec_per_iter: 0.4607  iters_per_sec: 2.1700  samples_per_sec: 34.7300  samples_per_sec_per_gpu: 8.6800  max_mem_allocated_mb: 143.9000  max_mem_reserved_mb: 11086.0000
04/08 21:30:27 - mmengine - INFO - Epoch(train)  [7][3400/5000]  lr: 3.7388e-04  eta: 3:55:27  time: 0.4957  data_time: 0.0062  memory: 10323  grad_norm: 1.5650  loss: 0.8834  loss_heatmap: 0.3568  layer_-1_loss_cls: 0.0863  layer_-1_loss_bbox: 0.4404  matched_ious: 0.5597  sec_per_iter: 0.4609  iters_per_sec: 2.1700  samples_per_sec: 34.7100  samples_per_sec_per_gpu: 8.6800  max_mem_allocated_mb: 143.9000  max_mem_reserved_mb: 11086.0000
04/08 21:30:49 - mmengine - INFO - Epoch(train)  [7][3450/5000]  lr: 3.7303e-04  eta: 3:54:57  time: 0.4493  data_time: 0.0082  memory: 10542  grad_norm: 1.7320  loss: 0.8496  loss_heatmap: 0.3408  layer_-1_loss_cls: 0.0794  layer_-1_loss_bbox: 0.4295  matched_ious: 0.4500  sec_per_iter: 0.4615  iters_per_sec: 2.1700  samples_per_sec: 34.6700  samples_per_sec_per_gpu: 8.6700  max_mem_allocated_mb: 143.9000  max_mem_reserved_mb: 11086.0000
04/08 21:31:14 - mmengine - INFO - Epoch(train)  [7][3500/5000]  lr: 3.7217e-04  eta: 3:54:29  time: 0.4900  data_time: 0.0073  memory: 10478  grad_norm: 1.4227  loss: 0.8146  loss_heatmap: 0.3300  layer_-1_loss_cls: 0.0825  layer_-1_loss_bbox: 0.4020  matched_ious: 0.5642  sec_per_iter: 0.4613  iters_per_sec: 2.1700  samples_per_sec: 34.6900  samples_per_sec_per_gpu: 8.6700  max_mem_allocated_mb: 143.9000  max_mem_reserved_mb: 11086.0000
04/08 21:31:37 - mmengine - INFO - Epoch(train)  [7][3550/5000]  lr: 3.7132e-04  eta: 3:54:00  time: 0.4541  data_time: 0.0080  memory: 10407  grad_norm: 1.7679  loss: 0.8255  loss_heatmap: 0.3380  layer_-1_loss_cls: 0.0827  layer_-1_loss_bbox: 0.4047  matched_ious: 0.5306  sec_per_iter: 0.4617  iters_per_sec: 2.1700  samples_per_sec: 34.6600  samples_per_sec_per_gpu: 8.6600  max_mem_allocated_mb: 143.9000  max_mem_reserved_mb: 11086.0000
04/08 21:31:59 - mmengine - INFO - Epoch(train)  [7][3600/5000]  lr: 3.7046e-04  eta: 3:53:30  time: 0.4584  data_time: 0.0054  memory: 10328  grad_norm: 1.4975  loss: 0.7894  loss_heatmap: 0.3250  layer_-1_loss_cls: 0.0821  layer_-1_loss_bbox: 0.3823  matched_ious: 0.5966  sec_per_iter: 0.4616  iters_per_sec: 2.1700  samples_per_sec: 34.6600  samples_per_sec_per_gpu: 8.6700  max_mem_allocated_mb: 143.9000  max_mem_reserved_mb: 11086.0000
04/08 21:32:22 - mmengine - INFO - Epoch(train)  [7][3650/5000]  lr: 3.6960e-04  eta: 3:53:00  time: 0.4502  data_time: 0.0052  memory: 10367  grad_norm: 1.5773  loss: 0.7972  loss_heatmap: 0.3329  layer_-1_loss_cls: 0.0788  layer_-1_loss_bbox: 0.3855  matched_ious: 0.5920  sec_per_iter: 0.4615  iters_per_sec: 2.1700  samples_per_sec: 34.6700  samples_per_sec_per_gpu: 8.6700  max_mem_allocated_mb: 143.9000  max_mem_reserved_mb: 11086.0000
04/08 21:32:45 - mmengine - INFO - Epoch(train)  [7][3700/5000]  lr: 3.6873e-04  eta: 3:52:31  time: 0.4630  data_time: 0.0057  memory: 10349  grad_norm: 1.5571  loss: 0.7753  loss_heatmap: 0.3151  layer_-1_loss_cls: 0.0789  layer_-1_loss_bbox: 0.3813  matched_ious: 0.5374  sec_per_iter: 0.4614  iters_per_sec: 2.1700  samples_per_sec: 34.6800  samples_per_sec_per_gpu: 8.6700  max_mem_allocated_mb: 143.9000  max_mem_reserved_mb: 11086.0000
04/08 21:33:07 - mmengine - INFO - Epoch(train)  [7][3750/5000]  lr: 3.6787e-04  eta: 3:52:01  time: 0.4437  data_time: 0.0062  memory: 10397  grad_norm: 1.5916  loss: 0.8205  loss_heatmap: 0.3443  layer_-1_loss_cls: 0.0842  layer_-1_loss_bbox: 0.3920  matched_ious: 0.4878  sec_per_iter: 0.4614  iters_per_sec: 2.1700  samples_per_sec: 34.6800  samples_per_sec_per_gpu: 8.6700  max_mem_allocated_mb: 143.9000  max_mem_reserved_mb: 11086.0000
04/08 21:33:30 - mmengine - INFO - Epoch(train)  [7][3800/5000]  lr: 3.6700e-04  eta: 3:51:32  time: 0.4630  data_time: 0.0064  memory: 10370  grad_norm: 1.5805  loss: 0.8150  loss_heatmap: 0.3262  layer_-1_loss_cls: 0.0815  layer_-1_loss_bbox: 0.4073  matched_ious: 0.5921  sec_per_iter: 0.4612  iters_per_sec: 2.1700  samples_per_sec: 34.7000  samples_per_sec_per_gpu: 8.6700  max_mem_allocated_mb: 143.9000  max_mem_reserved_mb: 11086.0000
04/08 21:33:53 - mmengine - INFO - Epoch(train)  [7][3850/5000]  lr: 3.6613e-04  eta: 3:51:03  time: 0.4520  data_time: 0.0057  memory: 10359  grad_norm: 1.5319  loss: 0.7873  loss_heatmap: 0.3203  layer_-1_loss_cls: 0.0803  layer_-1_loss_bbox: 0.3867  matched_ious: 0.6091  sec_per_iter: 0.4612  iters_per_sec: 2.1700  samples_per_sec: 34.6900  samples_per_sec_per_gpu: 8.6700  max_mem_allocated_mb: 143.9000  max_mem_reserved_mb: 11086.0000
04/08 21:34:17 - mmengine - INFO - Epoch(train)  [7][3900/5000]  lr: 3.6526e-04  eta: 3:50:34  time: 0.4777  data_time: 0.0085  memory: 10464  grad_norm: 1.4597  loss: 0.7328  loss_heatmap: 0.2972  layer_-1_loss_cls: 0.0756  layer_-1_loss_bbox: 0.3600  matched_ious: 0.5428  sec_per_iter: 0.4611  iters_per_sec: 2.1700  samples_per_sec: 34.7000  samples_per_sec_per_gpu: 8.6800  max_mem_allocated_mb: 143.9000  max_mem_reserved_mb: 11086.0000
04/08 21:34:39 - mmengine - INFO - Epoch(train)  [7][3950/5000]  lr: 3.6439e-04  eta: 3:50:05  time: 0.4480  data_time: 0.0075  memory: 10347  grad_norm: 1.5689  loss: 0.7712  loss_heatmap: 0.3190  layer_-1_loss_cls: 0.0803  layer_-1_loss_bbox: 0.3719  matched_ious: 0.5533  sec_per_iter: 0.4613  iters_per_sec: 2.1700  samples_per_sec: 34.6900  samples_per_sec_per_gpu: 8.6700  max_mem_allocated_mb: 143.9000  max_mem_reserved_mb: 11086.0000
04/08 21:35:02 - mmengine - INFO - Exp name: zod_lidar_only_continue_20260408_160451
04/08 21:35:02 - mmengine - INFO - Epoch(train)  [7][4000/5000]  lr: 3.6352e-04  eta: 3:49:35  time: 0.4575  data_time: 0.0089  memory: 10559  grad_norm: 1.6335  loss: 0.7542  loss_heatmap: 0.3072  layer_-1_loss_cls: 0.0752  layer_-1_loss_bbox: 0.3718  matched_ious: 0.6022  sec_per_iter: 0.4611  iters_per_sec: 2.1700  samples_per_sec: 34.7000  samples_per_sec_per_gpu: 8.6700  max_mem_allocated_mb: 143.9000  max_mem_reserved_mb: 11086.0000
04/08 21:35:25 - mmengine - INFO - Epoch(train)  [7][4050/5000]  lr: 3.6264e-04  eta: 3:49:06  time: 0.4619  data_time: 0.0083  memory: 10303  grad_norm: 1.7790  loss: 0.7970  loss_heatmap: 0.3200  layer_-1_loss_cls: 0.0798  layer_-1_loss_bbox: 0.3972  matched_ious: 0.5289  sec_per_iter: 0.4611  iters_per_sec: 2.1700  samples_per_sec: 34.7000  samples_per_sec_per_gpu: 8.6800  max_mem_allocated_mb: 143.9000  max_mem_reserved_mb: 11086.0000
04/08 21:35:48 - mmengine - INFO - Epoch(train)  [7][4100/5000]  lr: 3.6176e-04  eta: 3:48:37  time: 0.4492  data_time: 0.0072  memory: 10387  grad_norm: 1.4806  loss: 0.7803  loss_heatmap: 0.3075  layer_-1_loss_cls: 0.0741  layer_-1_loss_bbox: 0.3987  matched_ious: 0.5437  sec_per_iter: 0.4611  iters_per_sec: 2.1700  samples_per_sec: 34.7000  samples_per_sec_per_gpu: 8.6800  max_mem_allocated_mb: 143.9000  max_mem_reserved_mb: 11086.0000
04/08 21:36:11 - mmengine - INFO - Epoch(train)  [7][4150/5000]  lr: 3.6088e-04  eta: 3:48:07  time: 0.4580  data_time: 0.0079  memory: 10521  grad_norm: 1.6792  loss: 0.7702  loss_heatmap: 0.3099  layer_-1_loss_cls: 0.0741  layer_-1_loss_bbox: 0.3863  matched_ious: 0.5534  sec_per_iter: 0.4609  iters_per_sec: 2.1700  samples_per_sec: 34.7100  samples_per_sec_per_gpu: 8.6800  max_mem_allocated_mb: 143.9000  max_mem_reserved_mb: 11086.0000
04/08 21:36:33 - mmengine - INFO - Epoch(train)  [7][4200/5000]  lr: 3.6000e-04  eta: 3:47:38  time: 0.4480  data_time: 0.0082  memory: 10390  grad_norm: 1.6708  loss: 0.7750  loss_heatmap: 0.3213  layer_-1_loss_cls: 0.0780  layer_-1_loss_bbox: 0.3756  matched_ious: 0.5710  sec_per_iter: 0.4609  iters_per_sec: 2.1700  samples_per_sec: 34.7100  samples_per_sec_per_gpu: 8.6800  max_mem_allocated_mb: 143.9000  max_mem_reserved_mb: 11086.0000
04/08 21:36:56 - mmengine - INFO - Epoch(train)  [7][4250/5000]  lr: 3.5912e-04  eta: 3:47:09  time: 0.4656  data_time: 0.0065  memory: 10508  grad_norm: 1.8170  loss: 0.8139  loss_heatmap: 0.3352  layer_-1_loss_cls: 0.0811  layer_-1_loss_bbox: 0.3975  matched_ious: 0.5124  sec_per_iter: 0.4607  iters_per_sec: 2.1700  samples_per_sec: 34.7300  samples_per_sec_per_gpu: 8.6800  max_mem_allocated_mb: 143.9000  max_mem_reserved_mb: 11086.0000
04/08 21:37:19 - mmengine - INFO - Epoch(train)  [7][4300/5000]  lr: 3.5824e-04  eta: 3:46:40  time: 0.4499  data_time: 0.0056  memory: 10462  grad_norm: 1.5890  loss: 0.8109  loss_heatmap: 0.3366  layer_-1_loss_cls: 0.0798  layer_-1_loss_bbox: 0.3945  matched_ious: 0.5169  sec_per_iter: 0.4608  iters_per_sec: 2.1700  samples_per_sec: 34.7200  samples_per_sec_per_gpu: 8.6800  max_mem_allocated_mb: 143.9000  max_mem_reserved_mb: 11086.0000
04/08 21:37:42 - mmengine - INFO - Epoch(train)  [7][4350/5000]  lr: 3.5735e-04  eta: 3:46:11  time: 0.4665  data_time: 0.0061  memory: 10376  grad_norm: 1.5310  loss: 0.7814  loss_heatmap: 0.3243  layer_-1_loss_cls: 0.0810  layer_-1_loss_bbox: 0.3761  matched_ious: 0.5665  sec_per_iter: 0.4607  iters_per_sec: 2.1700  samples_per_sec: 34.7300  samples_per_sec_per_gpu: 8.6800  max_mem_allocated_mb: 143.9000  max_mem_reserved_mb: 11086.0000
04/08 21:38:05 - mmengine - INFO - Epoch(train)  [7][4400/5000]  lr: 3.5646e-04  eta: 3:45:41  time: 0.4468  data_time: 0.0073  memory: 10470  grad_norm: 1.6916  loss: 0.8369  loss_heatmap: 0.3360  layer_-1_loss_cls: 0.0798  layer_-1_loss_bbox: 0.4211  matched_ious: 0.5935  sec_per_iter: 0.4607  iters_per_sec: 2.1700  samples_per_sec: 34.7300  samples_per_sec_per_gpu: 8.6800  max_mem_allocated_mb: 143.9000  max_mem_reserved_mb: 11086.0000
04/08 21:38:28 - mmengine - INFO - Epoch(train)  [7][4450/5000]  lr: 3.5557e-04  eta: 3:45:13  time: 0.4693  data_time: 0.0065  memory: 10372  grad_norm: 1.8042  loss: 0.7693  loss_heatmap: 0.3209  layer_-1_loss_cls: 0.0764  layer_-1_loss_bbox: 0.3721  matched_ious: 0.5743  sec_per_iter: 0.4606  iters_per_sec: 2.1700  samples_per_sec: 34.7400  samples_per_sec_per_gpu: 8.6800  max_mem_allocated_mb: 143.9000  max_mem_reserved_mb: 11086.0000
04/08 21:38:51 - mmengine - INFO - Epoch(train)  [7][4500/5000]  lr: 3.5468e-04  eta: 3:44:43  time: 0.4518  data_time: 0.0069  memory: 10305  grad_norm: 1.7383  loss: 0.8285  loss_heatmap: 0.3443  layer_-1_loss_cls: 0.0851  layer_-1_loss_bbox: 0.3991  matched_ious: 0.5393  sec_per_iter: 0.4607  iters_per_sec: 2.1700  samples_per_sec: 34.7300  samples_per_sec_per_gpu: 8.6800  max_mem_allocated_mb: 143.9000  max_mem_reserved_mb: 11086.0000
04/08 21:39:15 - mmengine - INFO - Epoch(train)  [7][4550/5000]  lr: 3.5379e-04  eta: 3:44:15  time: 0.4863  data_time: 0.0063  memory: 10439  grad_norm: 1.7043  loss: 0.7606  loss_heatmap: 0.3188  layer_-1_loss_cls: 0.0795  layer_-1_loss_bbox: 0.3623  matched_ious: 0.5801  sec_per_iter: 0.4606  iters_per_sec: 2.1700  samples_per_sec: 34.7400  samples_per_sec_per_gpu: 8.6800  max_mem_allocated_mb: 143.9000  max_mem_reserved_mb: 11086.0000
04/08 21:39:37 - mmengine - INFO - Epoch(train)  [7][4600/5000]  lr: 3.5290e-04  eta: 3:43:46  time: 0.4508  data_time: 0.0061  memory: 10455  grad_norm: 1.4589  loss: 0.7791  loss_heatmap: 0.3128  layer_-1_loss_cls: 0.0762  layer_-1_loss_bbox: 0.3901  matched_ious: 0.6243  sec_per_iter: 0.4609  iters_per_sec: 2.1700  samples_per_sec: 34.7200  samples_per_sec_per_gpu: 8.6800  max_mem_allocated_mb: 143.9000  max_mem_reserved_mb: 11086.0000
04/08 21:40:01 - mmengine - INFO - Epoch(train)  [7][4650/5000]  lr: 3.5200e-04  eta: 3:43:17  time: 0.4687  data_time: 0.0102  memory: 10423  grad_norm: 1.6589  loss: 0.7548  loss_heatmap: 0.3094  layer_-1_loss_cls: 0.0800  layer_-1_loss_bbox: 0.3654  matched_ious: 0.5463  sec_per_iter: 0.4608  iters_per_sec: 2.1700  samples_per_sec: 34.7200  samples_per_sec_per_gpu: 8.6800  max_mem_allocated_mb: 143.9000  max_mem_reserved_mb: 11086.0000
04/08 21:40:23 - mmengine - INFO - Epoch(train)  [7][4700/5000]  lr: 3.5111e-04  eta: 3:42:48  time: 0.4471  data_time: 0.0065  memory: 10384  grad_norm: 1.5973  loss: 0.7829  loss_heatmap: 0.3273  layer_-1_loss_cls: 0.0837  layer_-1_loss_bbox: 0.3719  matched_ious: 0.5626  sec_per_iter: 0.4608  iters_per_sec: 2.1700  samples_per_sec: 34.7200  samples_per_sec_per_gpu: 8.6800  max_mem_allocated_mb: 143.9000  max_mem_reserved_mb: 11086.0000
04/08 21:40:49 - mmengine - INFO - Epoch(train)  [7][4750/5000]  lr: 3.5021e-04  eta: 3:42:21  time: 0.5153  data_time: 0.0076  memory: 10439  grad_norm: 1.6158  loss: 0.7360  loss_heatmap: 0.3041  layer_-1_loss_cls: 0.0765  layer_-1_loss_bbox: 0.3554  matched_ious: 0.5224  sec_per_iter: 0.4607  iters_per_sec: 2.1700  samples_per_sec: 34.7300  samples_per_sec_per_gpu: 8.6800  max_mem_allocated_mb: 143.9000  max_mem_reserved_mb: 11086.0000
04/08 21:41:12 - mmengine - INFO - Epoch(train)  [7][4800/5000]  lr: 3.4931e-04  eta: 3:41:52  time: 0.4562  data_time: 0.0091  memory: 10577  grad_norm: 1.6646  loss: 0.8077  loss_heatmap: 0.3430  layer_-1_loss_cls: 0.0854  layer_-1_loss_bbox: 0.3793  matched_ious: 0.5560  sec_per_iter: 0.4613  iters_per_sec: 2.1700  samples_per_sec: 34.6900  samples_per_sec_per_gpu: 8.6700  max_mem_allocated_mb: 143.9000  max_mem_reserved_mb: 11086.0000
04/08 21:41:35 - mmengine - INFO - Epoch(train)  [7][4850/5000]  lr: 3.4840e-04  eta: 3:41:23  time: 0.4619  data_time: 0.0088  memory: 10450  grad_norm: 1.8208  loss: 0.8215  loss_heatmap: 0.3472  layer_-1_loss_cls: 0.0845  layer_-1_loss_bbox: 0.3898  matched_ious: 0.5655  sec_per_iter: 0.4612  iters_per_sec: 2.1700  samples_per_sec: 34.6900  samples_per_sec_per_gpu: 8.6700  max_mem_allocated_mb: 143.9000  max_mem_reserved_mb: 11086.0000
04/08 21:41:59 - mmengine - INFO - Epoch(train)  [7][4900/5000]  lr: 3.4750e-04  eta: 3:40:55  time: 0.4730  data_time: 0.0070  memory: 10242  grad_norm: 1.6769  loss: 0.8233  loss_heatmap: 0.3425  layer_-1_loss_cls: 0.0827  layer_-1_loss_bbox: 0.3981  matched_ious: 0.5612  sec_per_iter: 0.4612  iters_per_sec: 2.1700  samples_per_sec: 34.6900  samples_per_sec_per_gpu: 8.6700  max_mem_allocated_mb: 143.9000  max_mem_reserved_mb: 11086.0000
04/08 21:42:21 - mmengine - INFO - Epoch(train)  [7][4950/5000]  lr: 3.4660e-04  eta: 3:40:26  time: 0.4514  data_time: 0.0067  memory: 10368  grad_norm: 1.6356  loss: 0.7689  loss_heatmap: 0.3228  layer_-1_loss_cls: 0.0789  layer_-1_loss_bbox: 0.3671  matched_ious: 0.5259  sec_per_iter: 0.4614  iters_per_sec: 2.1700  samples_per_sec: 34.6800  samples_per_sec_per_gpu: 8.6700  max_mem_allocated_mb: 143.9000  max_mem_reserved_mb: 11086.0000
04/08 21:42:46 - mmengine - INFO - Exp name: zod_lidar_only_continue_20260408_160451
04/08 21:42:46 - mmengine - INFO - Epoch(train)  [7][5000/5000]  lr: 3.4569e-04  eta: 3:39:58  time: 0.4986  data_time: 0.0086  memory: 10353  grad_norm: 1.5905  loss: 0.8024  loss_heatmap: 0.3252  layer_-1_loss_cls: 0.0788  layer_-1_loss_bbox: 0.3985  matched_ious: 0.5328  sec_per_iter: 0.4613  iters_per_sec: 2.1700  samples_per_sec: 34.6900  samples_per_sec_per_gpu: 8.6700  max_mem_allocated_mb: 143.9000  max_mem_reserved_mb: 11086.0000
04/08 21:42:46 - mmengine - INFO - [Efficiency] Epoch 7: wall=2308.1s  iters=5000  sec/iter=0.462  mem_alloc=144MB  mem_rsv=11086MB
04/08 21:42:53 - mmengine - INFO - Epoch(val)  [7][  50/1250]    eta: 0:02:45  time: 0.1378  data_time: 0.0044  memory: 2447  
04/08 21:43:00 - mmengine - INFO - Epoch(val)  [7][ 100/1250]    eta: 0:02:34  time: 0.1309  data_time: 0.0022  memory: 2447  
04/08 21:43:06 - mmengine - INFO - Epoch(val)  [7][ 150/1250]    eta: 0:02:24  time: 0.1263  data_time: 0.0017  memory: 2447  
04/08 21:43:13 - mmengine - INFO - Epoch(val)  [7][ 200/1250]    eta: 0:02:18  time: 0.1329  data_time: 0.0020  memory: 2447  
04/08 21:43:19 - mmengine - INFO - Epoch(val)  [7][ 250/1250]    eta: 0:02:12  time: 0.1341  data_time: 0.0032  memory: 2447  
04/08 21:43:26 - mmengine - INFO - Epoch(val)  [7][ 300/1250]    eta: 0:02:05  time: 0.1319  data_time: 0.0019  memory: 2447  
04/08 21:43:33 - mmengine - INFO - Epoch(val)  [7][ 350/1250]    eta: 0:02:00  time: 0.1405  data_time: 0.0022  memory: 2447  
04/08 21:43:39 - mmengine - INFO - Epoch(val)  [7][ 400/1250]    eta: 0:01:52  time: 0.1257  data_time: 0.0017  memory: 2447  
04/08 21:43:46 - mmengine - INFO - Epoch(val)  [7][ 450/1250]    eta: 0:01:46  time: 0.1402  data_time: 0.0019  memory: 2447  
04/08 21:43:53 - mmengine - INFO - Epoch(val)  [7][ 500/1250]    eta: 0:01:40  time: 0.1402  data_time: 0.0020  memory: 2447  
04/08 21:44:00 - mmengine - INFO - Epoch(val)  [7][ 550/1250]    eta: 0:01:33  time: 0.1326  data_time: 0.0017  memory: 2447  
04/08 21:44:06 - mmengine - INFO - Epoch(val)  [7][ 600/1250]    eta: 0:01:26  time: 0.1274  data_time: 0.0017  memory: 2447  
04/08 21:44:13 - mmengine - INFO - Epoch(val)  [7][ 650/1250]    eta: 0:01:20  time: 0.1330  data_time: 0.0018  memory: 2447  
04/08 21:44:19 - mmengine - INFO - Epoch(val)  [7][ 700/1250]    eta: 0:01:13  time: 0.1310  data_time: 0.0021  memory: 2447  
04/08 21:44:26 - mmengine - INFO - Epoch(val)  [7][ 750/1250]    eta: 0:01:06  time: 0.1246  data_time: 0.0019  memory: 2447  
04/08 21:44:32 - mmengine - INFO - Epoch(val)  [7][ 800/1250]    eta: 0:00:59  time: 0.1290  data_time: 0.0016  memory: 2447  
04/08 21:44:38 - mmengine - INFO - Epoch(val)  [7][ 850/1250]    eta: 0:00:52  time: 0.1266  data_time: 0.0018  memory: 2447  
04/08 21:44:45 - mmengine - INFO - Epoch(val)  [7][ 900/1250]    eta: 0:00:46  time: 0.1302  data_time: 0.0022  memory: 2447  
04/08 21:44:51 - mmengine - INFO - Epoch(val)  [7][ 950/1250]    eta: 0:00:39  time: 0.1262  data_time: 0.0016  memory: 2447  
04/08 21:44:58 - mmengine - INFO - Epoch(val)  [7][1000/1250]    eta: 0:00:32  time: 0.1250  data_time: 0.0016  memory: 2447  
04/08 21:45:04 - mmengine - INFO - Epoch(val)  [7][1050/1250]    eta: 0:00:26  time: 0.1327  data_time: 0.0015  memory: 2446  
04/08 21:45:11 - mmengine - INFO - Epoch(val)  [7][1100/1250]    eta: 0:00:19  time: 0.1289  data_time: 0.0028  memory: 2446  
04/08 21:45:17 - mmengine - INFO - Epoch(val)  [7][1150/1250]    eta: 0:00:13  time: 0.1288  data_time: 0.0015  memory: 2447  
04/08 21:45:24 - mmengine - INFO - Epoch(val)  [7][1200/1250]    eta: 0:00:06  time: 0.1309  data_time: 0.0016  memory: 2447  
04/08 21:45:30 - mmengine - INFO - Epoch(val)  [7][1250/1250]    eta: 0:00:00  time: 0.1251  data_time: 0.0015  memory: 2447  
04/08 21:46:48 - mmengine - INFO - 
+------------+---------+---------+---------+---------+
| classes    | AP_0.25 | AR_0.25 | AP_0.50 | AR_0.50 |
+------------+---------+---------+---------+---------+
| pedestrian | 0.7555  | 0.9346  | 0.4848  | 0.6728  |
+------------+---------+---------+---------+---------+
| Overall    | 0.7555  | 0.9346  | 0.4848  | 0.6728  |
+------------+---------+---------+---------+---------+
04/08 21:47:12 - mmengine - INFO - 
+------------+---------+---------+---------+---------+---------+---------+
| classes    | AP_0.5m | AR_0.5m | AP_1.0m | AR_1.0m | AP_2.0m | AR_2.0m |
+------------+---------+---------+---------+---------+---------+---------+
| pedestrian | 0.7764  | 0.9640  | 0.7847  | 0.9708  | 0.7898  | 0.9753  |
+------------+---------+---------+---------+---------+---------+---------+
| Overall    | 0.7764  | 0.9640  | 0.7847  | 0.9708  | 0.7898  | 0.9753  |
+------------+---------+---------+---------+---------+---------+---------+
04/08 21:47:13 - mmengine - INFO - Epoch(val) [7][1250/1250]    pedestrian_AP_0.25: 0.7555  mAP_0.25: 0.7555  pedestrian_rec_0.25: 0.9346  mAR_0.25: 0.9346  pedestrian_AP_0.50: 0.4848  mAP_0.50: 0.4848  pedestrian_rec_0.50: 0.6728  mAR_0.50: 0.6728  pedestrian_AP_0.5m: 0.7764  pedestrian_rec_0.5m: 0.9640  pedestrian_AP_1.0m: 0.7847  pedestrian_rec_1.0m: 0.9708  pedestrian_AP_2.0m: 0.7898  pedestrian_rec_2.0m: 0.9753  mAP_0.5m: 0.7764  mAR_0.5m: 0.9640  mAP_1.0m: 0.7847  mAR_1.0m: 0.9708  mAP_2.0m: 0.7898  mAR_2.0m: 0.9753  data_time: 0.0020  time: 0.1309
04/08 21:47:37 - mmengine - INFO - Epoch(train)  [8][  50/5000]  lr: 3.4478e-04  eta: 3:39:30  time: 0.4822  data_time: 0.0181  memory: 10446  grad_norm: 1.4887  loss: 0.7485  loss_heatmap: 0.2978  layer_-1_loss_cls: 0.0743  layer_-1_loss_bbox: 0.3763  matched_ious: 0.5902  sec_per_iter: 0.4616  iters_per_sec: 2.1700  samples_per_sec: 34.6600  samples_per_sec_per_gpu: 8.6700  max_mem_allocated_mb: 143.9000  max_mem_reserved_mb: 11086.0000
04/08 21:47:59 - mmengine - INFO - Epoch(train)  [8][ 100/5000]  lr: 3.4387e-04  eta: 3:39:01  time: 0.4465  data_time: 0.0079  memory: 10390  grad_norm: 1.7165  loss: 0.7545  loss_heatmap: 0.2996  layer_-1_loss_cls: 0.0775  layer_-1_loss_bbox: 0.3774  matched_ious: 0.5601  sec_per_iter: 0.4829  iters_per_sec: 2.0700  samples_per_sec: 33.1300  samples_per_sec_per_gpu: 8.2800  max_mem_allocated_mb: 143.9000  max_mem_reserved_mb: 11086.0000
04/08 21:48:22 - mmengine - INFO - Epoch(train)  [8][ 150/5000]  lr: 3.4296e-04  eta: 3:38:32  time: 0.4495  data_time: 0.0068  memory: 10288  grad_norm: inf  loss: 0.8355  loss_heatmap: 0.3142  layer_-1_loss_cls: 0.0797  layer_-1_loss_bbox: 0.4416  matched_ious: 0.5286  sec_per_iter: 0.4645  iters_per_sec: 2.1500  samples_per_sec: 34.4400  samples_per_sec_per_gpu: 8.6100  max_mem_allocated_mb: 143.9000  max_mem_reserved_mb: 11086.0000
04/08 21:48:45 - mmengine - INFO - Epoch(train)  [8][ 200/5000]  lr: 3.4205e-04  eta: 3:38:03  time: 0.4692  data_time: 0.0063  memory: 10325  grad_norm: 1.6507  loss: 0.7730  loss_heatmap: 0.3020  layer_-1_loss_cls: 0.0701  layer_-1_loss_bbox: 0.4010  matched_ious: 0.5426  sec_per_iter: 0.4597  iters_per_sec: 2.1800  samples_per_sec: 34.8000  samples_per_sec_per_gpu: 8.7000  max_mem_allocated_mb: 143.9000  max_mem_reserved_mb: 11086.0000
04/08 21:49:07 - mmengine - INFO - Epoch(train)  [8][ 250/5000]  lr: 3.4114e-04  eta: 3:37:34  time: 0.4382  data_time: 0.0062  memory: 10421  grad_norm: 1.8388  loss: 0.7910  loss_heatmap: 0.3240  layer_-1_loss_cls: 0.0838  layer_-1_loss_bbox: 0.3833  matched_ious: 0.4660  sec_per_iter: 0.4621  iters_per_sec: 2.1600  samples_per_sec: 34.6300  samples_per_sec_per_gpu: 8.6600  max_mem_allocated_mb: 143.9000  max_mem_reserved_mb: 11086.0000
04/08 21:49:32 - mmengine - INFO - Epoch(train)  [8][ 300/5000]  lr: 3.4022e-04  eta: 3:37:06  time: 0.4957  data_time: 0.0058  memory: 10416  grad_norm: 1.6541  loss: 0.8447  loss_heatmap: 0.3333  layer_-1_loss_cls: 0.0810  layer_-1_loss_bbox: 0.4304  matched_ious: 0.5855  sec_per_iter: 0.4573  iters_per_sec: 2.1900  samples_per_sec: 34.9900  samples_per_sec_per_gpu: 8.7500  max_mem_allocated_mb: 143.9000  max_mem_reserved_mb: 11086.0000
04/08 21:49:56 - mmengine - INFO - Epoch(train)  [8][ 350/5000]  lr: 3.3931e-04  eta: 3:36:38  time: 0.4775  data_time: 0.0058  memory: 10499  grad_norm: 1.5288  loss: 0.7314  loss_heatmap: 0.2955  layer_-1_loss_cls: 0.0707  layer_-1_loss_bbox: 0.3652  matched_ious: 0.6307  sec_per_iter: 0.4637  iters_per_sec: 2.1600  samples_per_sec: 34.5100  samples_per_sec_per_gpu: 8.6300  max_mem_allocated_mb: 143.9000  max_mem_reserved_mb: 11086.0000
04/08 21:50:19 - mmengine - INFO - Epoch(train)  [8][ 400/5000]  lr: 3.3839e-04  eta: 3:36:10  time: 0.4621  data_time: 0.0072  memory: 10411  grad_norm: 1.6745  loss: 0.7194  loss_heatmap: 0.2950  layer_-1_loss_cls: 0.0759  layer_-1_loss_bbox: 0.3486  matched_ious: 0.5132  sec_per_iter: 0.4656  iters_per_sec: 2.1500  samples_per_sec: 34.3600  samples_per_sec_per_gpu: 8.5900  max_mem_allocated_mb: 143.9000  max_mem_reserved_mb: 11086.0000
04/08 21:50:42 - mmengine - INFO - Epoch(train)  [8][ 450/5000]  lr: 3.3747e-04  eta: 3:35:41  time: 0.4534  data_time: 0.0064  memory: 10489  grad_norm: 1.5514  loss: 0.8057  loss_heatmap: 0.3117  layer_-1_loss_cls: 0.0738  layer_-1_loss_bbox: 0.4202  matched_ious: 0.5897  sec_per_iter: 0.4653  iters_per_sec: 2.1500  samples_per_sec: 34.3900  samples_per_sec_per_gpu: 8.6000  max_mem_allocated_mb: 143.9000  max_mem_reserved_mb: 11086.0000
04/08 21:51:05 - mmengine - INFO - Epoch(train)  [8][ 500/5000]  lr: 3.3655e-04  eta: 3:35:12  time: 0.4605  data_time: 0.0071  memory: 10326  grad_norm: 1.5011  loss: 0.7340  loss_heatmap: 0.3003  layer_-1_loss_cls: 0.0745  layer_-1_loss_bbox: 0.3593  matched_ious: 0.5215  sec_per_iter: 0.4640  iters_per_sec: 2.1600  samples_per_sec: 34.4800  samples_per_sec_per_gpu: 8.6200  max_mem_allocated_mb: 143.9000  max_mem_reserved_mb: 11086.0000
04/08 21:51:28 - mmengine - INFO - Epoch(train)  [8][ 550/5000]  lr: 3.3563e-04  eta: 3:34:44  time: 0.4711  data_time: 0.0064  memory: 10276  grad_norm: 1.6307  loss: 0.7720  loss_heatmap: 0.3117  layer_-1_loss_cls: 0.0770  layer_-1_loss_bbox: 0.3833  matched_ious: 0.5578  sec_per_iter: 0.4636  iters_per_sec: 2.1600  samples_per_sec: 34.5100  samples_per_sec_per_gpu: 8.6300  max_mem_allocated_mb: 143.9000  max_mem_reserved_mb: 11086.0000
04/08 21:51:51 - mmengine - INFO - Epoch(train)  [8][ 600/5000]  lr: 3.3470e-04  eta: 3:34:15  time: 0.4613  data_time: 0.0055  memory: 10387  grad_norm: 1.5935  loss: 0.7829  loss_heatmap: 0.3150  layer_-1_loss_cls: 0.0811  layer_-1_loss_bbox: 0.3869  matched_ious: 0.5308  sec_per_iter: 0.4643  iters_per_sec: 2.1500  samples_per_sec: 34.4600  samples_per_sec_per_gpu: 8.6100  max_mem_allocated_mb: 143.9000  max_mem_reserved_mb: 11086.0000
04/08 21:52:15 - mmengine - INFO - Epoch(train)  [8][ 650/5000]  lr: 3.3378e-04  eta: 3:33:47  time: 0.4787  data_time: 0.0120  memory: 10438  grad_norm: 1.6498  loss: 0.7846  loss_heatmap: 0.3074  layer_-1_loss_cls: 0.0757  layer_-1_loss_bbox: 0.4015  matched_ious: 0.5655  sec_per_iter: 0.4641  iters_per_sec: 2.1500  samples_per_sec: 34.4800  samples_per_sec_per_gpu: 8.6200  max_mem_allocated_mb: 143.9000  max_mem_reserved_mb: 11086.0000
04/08 21:52:38 - mmengine - INFO - Epoch(train)  [8][ 700/5000]  lr: 3.3285e-04  eta: 3:33:18  time: 0.4528  data_time: 0.0066  memory: 10325  grad_norm: 1.5443  loss: 0.8030  loss_heatmap: 0.3226  layer_-1_loss_cls: 0.0790  layer_-1_loss_bbox: 0.4014  matched_ious: 0.5439  sec_per_iter: 0.4652  iters_per_sec: 2.1500  samples_per_sec: 34.4000  samples_per_sec_per_gpu: 8.6000  max_mem_allocated_mb: 143.9000  max_mem_reserved_mb: 11086.0000
04/08 21:53:01 - mmengine - INFO - Epoch(train)  [8][ 750/5000]  lr: 3.3193e-04  eta: 3:32:50  time: 0.4600  data_time: 0.0067  memory: 10434  grad_norm: 1.6520  loss: 0.7601  loss_heatmap: 0.3056  layer_-1_loss_cls: 0.0742  layer_-1_loss_bbox: 0.3802  matched_ious: 0.5686  sec_per_iter: 0.4643  iters_per_sec: 2.1500  samples_per_sec: 34.4600  samples_per_sec_per_gpu: 8.6100  max_mem_allocated_mb: 143.9000  max_mem_reserved_mb: 11086.0000
04/08 21:53:25 - mmengine - INFO - Epoch(train)  [8][ 800/5000]  lr: 3.3100e-04  eta: 3:32:22  time: 0.4727  data_time: 0.0061  memory: 10389  grad_norm: 1.6807  loss: 0.7731  loss_heatmap: 0.3104  layer_-1_loss_cls: 0.0761  layer_-1_loss_bbox: 0.3867  matched_ious: 0.5067  sec_per_iter: 0.4640  iters_per_sec: 2.1600  samples_per_sec: 34.4800  samples_per_sec_per_gpu: 8.6200  max_mem_allocated_mb: 143.9000  max_mem_reserved_mb: 11086.0000
04/08 21:53:47 - mmengine - INFO - Epoch(train)  [8][ 850/5000]  lr: 3.3007e-04  eta: 3:31:53  time: 0.4570  data_time: 0.0059  memory: 10388  grad_norm: 1.7722  loss: 0.7721  loss_heatmap: 0.3060  layer_-1_loss_cls: 0.0725  layer_-1_loss_bbox: 0.3936  matched_ious: 0.5901  sec_per_iter: 0.4646  iters_per_sec: 2.1500  samples_per_sec: 34.4400  samples_per_sec_per_gpu: 8.6100  max_mem_allocated_mb: 143.9000  max_mem_reserved_mb: 11086.0000
04/08 21:54:10 - mmengine - INFO - Epoch(train)  [8][ 900/5000]  lr: 3.2914e-04  eta: 3:31:24  time: 0.4504  data_time: 0.0073  memory: 10567  grad_norm: 1.8212  loss: 0.7556  loss_heatmap: 0.3104  layer_-1_loss_cls: 0.0736  layer_-1_loss_bbox: 0.3716  matched_ious: 0.5626  sec_per_iter: 0.4641  iters_per_sec: 2.1500  samples_per_sec: 34.4700  samples_per_sec_per_gpu: 8.6200  max_mem_allocated_mb: 143.9000  max_mem_reserved_mb: 11086.0000
04/08 21:54:34 - mmengine - INFO - Epoch(train)  [8][ 950/5000]  lr: 3.2821e-04  eta: 3:30:56  time: 0.4825  data_time: 0.0055  memory: 10612  grad_norm: 1.5873  loss: 0.7862  loss_heatmap: 0.3269  layer_-1_loss_cls: 0.0805  layer_-1_loss_bbox: 0.3789  matched_ious: 0.5784  sec_per_iter: 0.4634  iters_per_sec: 2.1600  samples_per_sec: 34.5300  samples_per_sec_per_gpu: 8.6300  max_mem_allocated_mb: 143.9000  max_mem_reserved_mb: 11086.0000
04/08 21:54:57 - mmengine - INFO - Exp name: zod_lidar_only_continue_20260408_160451
04/08 21:54:57 - mmengine - INFO - Epoch(train)  [8][1000/5000]  lr: 3.2727e-04  eta: 3:30:28  time: 0.4587  data_time: 0.0067  memory: 10392  grad_norm: 1.5520  loss: 0.7373  loss_heatmap: 0.3018  layer_-1_loss_cls: 0.0768  layer_-1_loss_bbox: 0.3587  matched_ious: 0.5619  sec_per_iter: 0.4644  iters_per_sec: 2.1500  samples_per_sec: 34.4500  samples_per_sec_per_gpu: 8.6100  max_mem_allocated_mb: 143.9000  max_mem_reserved_mb: 11086.0000
04/08 21:55:20 - mmengine - INFO - Epoch(train)  [8][1050/5000]  lr: 3.2634e-04  eta: 3:29:59  time: 0.4683  data_time: 0.0082  memory: 10494  grad_norm: 1.7573  loss: 0.8251  loss_heatmap: 0.3264  layer_-1_loss_cls: 0.0752  layer_-1_loss_bbox: 0.4235  matched_ious: 0.5592  sec_per_iter: 0.4641  iters_per_sec: 2.1500  samples_per_sec: 34.4700  samples_per_sec_per_gpu: 8.6200  max_mem_allocated_mb: 143.9000  max_mem_reserved_mb: 11086.0000
04/08 21:55:46 - mmengine - INFO - Epoch(train)  [8][1100/5000]  lr: 3.2540e-04  eta: 3:29:33  time: 0.5166  data_time: 0.0097  memory: 10494  grad_norm: 1.6722  loss: 0.8038  loss_heatmap: 0.3134  layer_-1_loss_cls: 0.0761  layer_-1_loss_bbox: 0.4144  matched_ious: 0.5548  sec_per_iter: 0.4643  iters_per_sec: 2.1500  samples_per_sec: 34.4600  samples_per_sec_per_gpu: 8.6200  max_mem_allocated_mb: 143.9000  max_mem_reserved_mb: 11086.0000
04/08 21:56:09 - mmengine - INFO - Epoch(train)  [8][1150/5000]  lr: 3.2447e-04  eta: 3:29:04  time: 0.4592  data_time: 0.0074  memory: 10383  grad_norm: 1.5060  loss: 0.8359  loss_heatmap: 0.3380  layer_-1_loss_cls: 0.0777  layer_-1_loss_bbox: 0.4201  matched_ious: 0.5765  sec_per_iter: 0.4667  iters_per_sec: 2.1400  samples_per_sec: 34.2800  samples_per_sec_per_gpu: 8.5700  max_mem_allocated_mb: 143.9000  max_mem_reserved_mb: 11086.0000
04/08 21:56:33 - mmengine - INFO - Epoch(train)  [8][1200/5000]  lr: 3.2353e-04  eta: 3:28:36  time: 0.4668  data_time: 0.0080  memory: 10277  grad_norm: 1.6286  loss: 0.7117  loss_heatmap: 0.2883  layer_-1_loss_cls: 0.0724  layer_-1_loss_bbox: 0.3510  matched_ious: 0.5986  sec_per_iter: 0.4664  iters_per_sec: 2.1400  samples_per_sec: 34.3100  samples_per_sec_per_gpu: 8.5800  max_mem_allocated_mb: 143.9000  max_mem_reserved_mb: 11086.0000
04/08 21:56:56 - mmengine - INFO - Epoch(train)  [8][1250/5000]  lr: 3.2259e-04  eta: 3:28:08  time: 0.4624  data_time: 0.0086  memory: 10496  grad_norm: 1.5348  loss: 0.7131  loss_heatmap: 0.2918  layer_-1_loss_cls: 0.0716  layer_-1_loss_bbox: 0.3497  matched_ious: 0.5613  sec_per_iter: 0.4664  iters_per_sec: 2.1400  samples_per_sec: 34.3100  samples_per_sec_per_gpu: 8.5800  max_mem_allocated_mb: 143.9000  max_mem_reserved_mb: 11086.0000
04/08 21:57:21 - mmengine - INFO - Epoch(train)  [8][1300/5000]  lr: 3.2165e-04  eta: 3:27:41  time: 0.5088  data_time: 0.0139  memory: 10334  grad_norm: 1.5522  loss: 0.7391  loss_heatmap: 0.2965  layer_-1_loss_cls: 0.0754  layer_-1_loss_bbox: 0.3672  matched_ious: 0.5437  sec_per_iter: 0.4663  iters_per_sec: 2.1400  samples_per_sec: 34.3100  samples_per_sec_per_gpu: 8.5800  max_mem_allocated_mb: 143.9000  max_mem_reserved_mb: 11086.0000
04/08 21:57:44 - mmengine - INFO - Epoch(train)  [8][1350/5000]  lr: 3.2071e-04  eta: 3:27:12  time: 0.4584  data_time: 0.0075  memory: 10480  grad_norm: 1.6686  loss: 0.7383  loss_heatmap: 0.3002  layer_-1_loss_cls: 0.0723  layer_-1_loss_bbox: 0.3659  matched_ious: 0.5851  sec_per_iter: 0.4679  iters_per_sec: 2.1400  samples_per_sec: 34.2000  samples_per_sec_per_gpu: 8.5500  max_mem_allocated_mb: 143.9000  max_mem_reserved_mb: 11086.0000
04/08 21:58:08 - mmengine - INFO - Epoch(train)  [8][1400/5000]  lr: 3.1977e-04  eta: 3:26:45  time: 0.4812  data_time: 0.0061  memory: 10341  grad_norm: 1.5067  loss: 0.7698  loss_heatmap: 0.3096  layer_-1_loss_cls: 0.0749  layer_-1_loss_bbox: 0.3854  matched_ious: 0.5718  sec_per_iter: 0.4675  iters_per_sec: 2.1400  samples_per_sec: 34.2200  samples_per_sec_per_gpu: 8.5600  max_mem_allocated_mb: 143.9000  max_mem_reserved_mb: 11086.0000
04/08 21:58:33 - mmengine - INFO - Epoch(train)  [8][1450/5000]  lr: 3.1883e-04  eta: 3:26:18  time: 0.4992  data_time: 0.0065  memory: 10396  grad_norm: 1.5168  loss: 0.7694  loss_heatmap: 0.3070  layer_-1_loss_cls: 0.0749  layer_-1_loss_bbox: 0.3874  matched_ious: 0.5951  sec_per_iter: 0.4680  iters_per_sec: 2.1400  samples_per_sec: 34.1900  samples_per_sec_per_gpu: 8.5500  max_mem_allocated_mb: 143.9000  max_mem_reserved_mb: 11086.0000
04/08 21:58:55 - mmengine - INFO - Epoch(train)  [8][1500/5000]  lr: 3.1788e-04  eta: 3:25:49  time: 0.4411  data_time: 0.0064  memory: 10399  grad_norm: 1.5014  loss: 0.7217  loss_heatmap: 0.2936  layer_-1_loss_cls: 0.0722  layer_-1_loss_bbox: 0.3559  matched_ious: 0.5851  sec_per_iter: 0.4691  iters_per_sec: 2.1300  samples_per_sec: 34.1100  samples_per_sec_per_gpu: 8.5300  max_mem_allocated_mb: 143.9000  max_mem_reserved_mb: 11086.0000
04/08 21:59:20 - mmengine - INFO - Epoch(train)  [8][1550/5000]  lr: 3.1694e-04  eta: 3:25:21  time: 0.4930  data_time: 0.0125  memory: 10403  grad_norm: 1.6203  loss: 0.8326  loss_heatmap: 0.3342  layer_-1_loss_cls: 0.0771  layer_-1_loss_bbox: 0.4213  matched_ious: 0.5572  sec_per_iter: 0.4681  iters_per_sec: 2.1400  samples_per_sec: 34.1800  samples_per_sec_per_gpu: 8.5400  max_mem_allocated_mb: 143.9000  max_mem_reserved_mb: 11086.0000
04/08 21:59:43 - mmengine - INFO - Epoch(train)  [8][1600/5000]  lr: 3.1599e-04  eta: 3:24:53  time: 0.4692  data_time: 0.0120  memory: 10386  grad_norm: 1.5585  loss: 0.7311  loss_heatmap: 0.2908  layer_-1_loss_cls: 0.0724  layer_-1_loss_bbox: 0.3680  matched_ious: 0.5910  sec_per_iter: 0.4690  iters_per_sec: 2.1300  samples_per_sec: 34.1200  samples_per_sec_per_gpu: 8.5300  max_mem_allocated_mb: 143.9000  max_mem_reserved_mb: 11086.0000
04/08 22:00:07 - mmengine - INFO - Epoch(train)  [8][1650/5000]  lr: 3.1504e-04  eta: 3:24:25  time: 0.4759  data_time: 0.0070  memory: 10350  grad_norm: 1.6575  loss: 0.7210  loss_heatmap: 0.2872  layer_-1_loss_cls: 0.0659  layer_-1_loss_bbox: 0.3679  matched_ious: 0.5358  sec_per_iter: 0.4690  iters_per_sec: 2.1300  samples_per_sec: 34.1200  samples_per_sec_per_gpu: 8.5300  max_mem_allocated_mb: 143.9000  max_mem_reserved_mb: 11086.0000
04/08 22:00:30 - mmengine - INFO - Epoch(train)  [8][1700/5000]  lr: 3.1409e-04  eta: 3:23:57  time: 0.4673  data_time: 0.0075  memory: 10376  grad_norm: 1.8778  loss: 0.7649  loss_heatmap: 0.3029  layer_-1_loss_cls: 0.0737  layer_-1_loss_bbox: 0.3882  matched_ious: 0.5549  sec_per_iter: 0.4692  iters_per_sec: 2.1300  samples_per_sec: 34.1000  samples_per_sec_per_gpu: 8.5300  max_mem_allocated_mb: 143.9000  max_mem_reserved_mb: 11086.0000
04/08 22:00:53 - mmengine - INFO - Epoch(train)  [8][1750/5000]  lr: 3.1314e-04  eta: 3:23:29  time: 0.4556  data_time: 0.0067  memory: 10417  grad_norm: 1.5673  loss: 0.7527  loss_heatmap: 0.3067  layer_-1_loss_cls: 0.0741  layer_-1_loss_bbox: 0.3719  matched_ious: 0.6075  sec_per_iter: 0.4691  iters_per_sec: 2.1300  samples_per_sec: 34.1100  samples_per_sec_per_gpu: 8.5300  max_mem_allocated_mb: 143.9000  max_mem_reserved_mb: 11086.0000
04/08 22:01:16 - mmengine - INFO - Epoch(train)  [8][1800/5000]  lr: 3.1219e-04  eta: 3:23:00  time: 0.4547  data_time: 0.0066  memory: 10366  grad_norm: 1.6888  loss: 0.7757  loss_heatmap: 0.3146  layer_-1_loss_cls: 0.0739  layer_-1_loss_bbox: 0.3872  matched_ious: 0.5593  sec_per_iter: 0.4687  iters_per_sec: 2.1300  samples_per_sec: 34.1300  samples_per_sec_per_gpu: 8.5300  max_mem_allocated_mb: 143.9000  max_mem_reserved_mb: 11086.0000
04/08 22:01:39 - mmengine - INFO - Epoch(train)  [8][1850/5000]  lr: 3.1124e-04  eta: 3:22:32  time: 0.4639  data_time: 0.0095  memory: 10549  grad_norm: 1.4394  loss: 0.7317  loss_heatmap: 0.3001  layer_-1_loss_cls: 0.0738  layer_-1_loss_bbox: 0.3579  matched_ious: 0.6181  sec_per_iter: 0.4683  iters_per_sec: 2.1400  samples_per_sec: 34.1600  samples_per_sec_per_gpu: 8.5400  max_mem_allocated_mb: 143.9000  max_mem_reserved_mb: 11086.0000
04/08 22:02:03 - mmengine - INFO - Epoch(train)  [8][1900/5000]  lr: 3.1029e-04  eta: 3:22:04  time: 0.4779  data_time: 0.0070  memory: 10686  grad_norm: 1.5733  loss: 0.7614  loss_heatmap: 0.3038  layer_-1_loss_cls: 0.0734  layer_-1_loss_bbox: 0.3842  matched_ious: 0.5735  sec_per_iter: 0.4682  iters_per_sec: 2.1400  samples_per_sec: 34.1700  samples_per_sec_per_gpu: 8.5400  max_mem_allocated_mb: 143.9000  max_mem_reserved_mb: 11086.0000
04/08 22:02:27 - mmengine - INFO - Epoch(train)  [8][1950/5000]  lr: 3.0934e-04  eta: 3:21:37  time: 0.4863  data_time: 0.0060  memory: 10342  grad_norm: 1.5299  loss: 0.7335  loss_heatmap: 0.2878  layer_-1_loss_cls: 0.0682  layer_-1_loss_bbox: 0.3775  matched_ious: 0.5671  sec_per_iter: 0.4685  iters_per_sec: 2.1300  samples_per_sec: 34.1500  samples_per_sec_per_gpu: 8.5400  max_mem_allocated_mb: 143.9000  max_mem_reserved_mb: 11086.0000
04/08 22:02:50 - mmengine - INFO - Exp name: zod_lidar_only_continue_20260408_160451
04/08 22:02:50 - mmengine - INFO - Epoch(train)  [8][2000/5000]  lr: 3.0838e-04  eta: 3:21:09  time: 0.4565  data_time: 0.0066  memory: 10346  grad_norm: 1.6198  loss: 0.7236  loss_heatmap: 0.2948  layer_-1_loss_cls: 0.0739  layer_-1_loss_bbox: 0.3548  matched_ious: 0.5606  sec_per_iter: 0.4689  iters_per_sec: 2.1300  samples_per_sec: 34.1200  samples_per_sec_per_gpu: 8.5300  max_mem_allocated_mb: 143.9000  max_mem_reserved_mb: 11086.0000
04/08 22:03:13 - mmengine - INFO - Epoch(train)  [8][2050/5000]  lr: 3.0743e-04  eta: 3:20:40  time: 0.4589  data_time: 0.0070  memory: 10400  grad_norm: 1.5533  loss: 0.6940  loss_heatmap: 0.2799  layer_-1_loss_cls: 0.0724  layer_-1_loss_bbox: 0.3418  matched_ious: 0.5521  sec_per_iter: 0.4686  iters_per_sec: 2.1300  samples_per_sec: 34.1400  samples_per_sec_per_gpu: 8.5400  max_mem_allocated_mb: 143.9000  max_mem_reserved_mb: 11086.0000
04/08 22:03:36 - mmengine - INFO - Epoch(train)  [8][2100/5000]  lr: 3.0647e-04  eta: 3:20:12  time: 0.4482  data_time: 0.0062  memory: 10438  grad_norm: 1.6235  loss: 0.7089  loss_heatmap: 0.2821  layer_-1_loss_cls: 0.0700  layer_-1_loss_bbox: 0.3568  matched_ious: 0.5358  sec_per_iter: 0.4684  iters_per_sec: 2.1300  samples_per_sec: 34.1600  samples_per_sec_per_gpu: 8.5400  max_mem_allocated_mb: 143.9000  max_mem_reserved_mb: 11086.0000
04/08 22:03:58 - mmengine - INFO - Epoch(train)  [8][2150/5000]  lr: 3.0551e-04  eta: 3:19:43  time: 0.4449  data_time: 0.0056  memory: 10343  grad_norm: 1.6745  loss: 0.8068  loss_heatmap: 0.3128  layer_-1_loss_cls: 0.0741  layer_-1_loss_bbox: 0.4200  matched_ious: 0.5150  sec_per_iter: 0.4679  iters_per_sec: 2.1400  samples_per_sec: 34.1900  samples_per_sec_per_gpu: 8.5500  max_mem_allocated_mb: 143.9000  max_mem_reserved_mb: 11086.0000
04/08 22:04:21 - mmengine - INFO - Epoch(train)  [8][2200/5000]  lr: 3.0456e-04  eta: 3:19:15  time: 0.4590  data_time: 0.0063  memory: 10622  grad_norm: 1.5304  loss: 0.7392  loss_heatmap: 0.2885  layer_-1_loss_cls: 0.0725  layer_-1_loss_bbox: 0.3782  matched_ious: 0.5510  sec_per_iter: 0.4674  iters_per_sec: 2.1400  samples_per_sec: 34.2300  samples_per_sec_per_gpu: 8.5600  max_mem_allocated_mb: 143.9000  max_mem_reserved_mb: 11086.0000
04/08 22:04:44 - mmengine - INFO - Epoch(train)  [8][2250/5000]  lr: 3.0360e-04  eta: 3:18:47  time: 0.4705  data_time: 0.0073  memory: 10525  grad_norm: 1.5839  loss: 0.7483  loss_heatmap: 0.3048  layer_-1_loss_cls: 0.0760  layer_-1_loss_bbox: 0.3675  matched_ious: 0.5433  sec_per_iter: 0.4672  iters_per_sec: 2.1400  samples_per_sec: 34.2500  samples_per_sec_per_gpu: 8.5600  max_mem_allocated_mb: 143.9000  max_mem_reserved_mb: 11086.0000
04/08 22:05:07 - mmengine - INFO - Epoch(train)  [8][2300/5000]  lr: 3.0264e-04  eta: 3:18:19  time: 0.4601  data_time: 0.0073  memory: 10433  grad_norm: 1.7511  loss: 0.7956  loss_heatmap: 0.3137  layer_-1_loss_cls: 0.0753  layer_-1_loss_bbox: 0.4067  matched_ious: 0.5724  sec_per_iter: 0.4673  iters_per_sec: 2.1400  samples_per_sec: 34.2400  samples_per_sec_per_gpu: 8.5600  max_mem_allocated_mb: 143.9000  max_mem_reserved_mb: 11086.0000
04/08 22:05:31 - mmengine - INFO - Epoch(train)  [8][2350/5000]  lr: 3.0168e-04  eta: 3:17:51  time: 0.4785  data_time: 0.0064  memory: 10518  grad_norm: 1.6687  loss: 0.7557  loss_heatmap: 0.3086  layer_-1_loss_cls: 0.0739  layer_-1_loss_bbox: 0.3732  matched_ious: 0.5249  sec_per_iter: 0.4671  iters_per_sec: 2.1400  samples_per_sec: 34.2500  samples_per_sec_per_gpu: 8.5600  max_mem_allocated_mb: 143.9000  max_mem_reserved_mb: 11086.0000
04/08 22:05:54 - mmengine - INFO - Epoch(train)  [8][2400/5000]  lr: 3.0072e-04  eta: 3:17:23  time: 0.4485  data_time: 0.0066  memory: 10460  grad_norm: inf  loss: 0.7213  loss_heatmap: 0.2890  layer_-1_loss_cls: 0.0739  layer_-1_loss_bbox: 0.3584  matched_ious: 0.5407  sec_per_iter: 0.4674  iters_per_sec: 2.1400  samples_per_sec: 34.2300  samples_per_sec_per_gpu: 8.5600  max_mem_allocated_mb: 143.9000  max_mem_reserved_mb: 11086.0000
04/08 22:06:17 - mmengine - INFO - Epoch(train)  [8][2450/5000]  lr: 2.9976e-04  eta: 3:16:55  time: 0.4733  data_time: 0.0062  memory: 10558  grad_norm: 1.6022  loss: 0.7300  loss_heatmap: 0.3001  layer_-1_loss_cls: 0.0757  layer_-1_loss_bbox: 0.3542  matched_ious: 0.5566  sec_per_iter: 0.4670  iters_per_sec: 2.1400  samples_per_sec: 34.2600  samples_per_sec_per_gpu: 8.5700  max_mem_allocated_mb: 143.9000  max_mem_reserved_mb: 11086.0000
04/08 22:06:41 - mmengine - INFO - Epoch(train)  [8][2500/5000]  lr: 2.9879e-04  eta: 3:16:27  time: 0.4630  data_time: 0.0093  memory: 10448  grad_norm: 1.5325  loss: 0.7517  loss_heatmap: 0.3041  layer_-1_loss_cls: 0.0735  layer_-1_loss_bbox: 0.3740  matched_ious: 0.5760  sec_per_iter: 0.4671  iters_per_sec: 2.1400  samples_per_sec: 34.2500  samples_per_sec_per_gpu: 8.5600  max_mem_allocated_mb: 143.9000  max_mem_reserved_mb: 11086.0000
04/08 22:07:04 - mmengine - INFO - Epoch(train)  [8][2550/5000]  lr: 2.9783e-04  eta: 3:15:59  time: 0.4633  data_time: 0.0076  memory: 10557  grad_norm: 1.5336  loss: 0.7038  loss_heatmap: 0.2842  layer_-1_loss_cls: 0.0701  layer_-1_loss_bbox: 0.3495  matched_ious: 0.5577  sec_per_iter: 0.4670  iters_per_sec: 2.1400  samples_per_sec: 34.2600  samples_per_sec_per_gpu: 8.5600  max_mem_allocated_mb: 143.9000  max_mem_reserved_mb: 11086.0000
04/08 22:07:26 - mmengine - INFO - Epoch(train)  [8][2600/5000]  lr: 2.9687e-04  eta: 3:15:31  time: 0.4513  data_time: 0.0091  memory: 10412  grad_norm: 1.5449  loss: 0.7772  loss_heatmap: 0.3081  layer_-1_loss_cls: 0.0734  layer_-1_loss_bbox: 0.3957  matched_ious: 0.5327  sec_per_iter: 0.4670  iters_per_sec: 2.1400  samples_per_sec: 34.2600  samples_per_sec_per_gpu: 8.5700  max_mem_allocated_mb: 143.9000  max_mem_reserved_mb: 11086.0000
04/08 22:07:49 - mmengine - INFO - Epoch(train)  [8][2650/5000]  lr: 2.9590e-04  eta: 3:15:02  time: 0.4488  data_time: 0.0061  memory: 10398  grad_norm: 1.5139  loss: 0.7212  loss_heatmap: 0.2811  layer_-1_loss_cls: 0.0705  layer_-1_loss_bbox: 0.3697  matched_ious: 0.5698  sec_per_iter: 0.4667  iters_per_sec: 2.1400  samples_per_sec: 34.2900  samples_per_sec_per_gpu: 8.5700  max_mem_allocated_mb: 143.9000  max_mem_reserved_mb: 11086.0000
04/08 22:08:11 - mmengine - INFO - Epoch(train)  [8][2700/5000]  lr: 2.9494e-04  eta: 3:14:34  time: 0.4514  data_time: 0.0077  memory: 10578  grad_norm: 1.6643  loss: 0.7221  loss_heatmap: 0.2910  layer_-1_loss_cls: 0.0719  layer_-1_loss_bbox: 0.3591  matched_ious: 0.5939  sec_per_iter: 0.4663  iters_per_sec: 2.1400  samples_per_sec: 34.3100  samples_per_sec_per_gpu: 8.5800  max_mem_allocated_mb: 143.9000  max_mem_reserved_mb: 11086.0000
04/08 22:08:34 - mmengine - INFO - Epoch(train)  [8][2750/5000]  lr: 2.9397e-04  eta: 3:14:05  time: 0.4502  data_time: 0.0080  memory: 10422  grad_norm: 1.6328  loss: 0.7488  loss_heatmap: 0.2986  layer_-1_loss_cls: 0.0762  layer_-1_loss_bbox: 0.3740  matched_ious: 0.5286  sec_per_iter: 0.4660  iters_per_sec: 2.1500  samples_per_sec: 34.3300  samples_per_sec_per_gpu: 8.5800  max_mem_allocated_mb: 143.9000  max_mem_reserved_mb: 11086.0000
04/08 22:08:57 - mmengine - INFO - Epoch(train)  [8][2800/5000]  lr: 2.9300e-04  eta: 3:13:38  time: 0.4674  data_time: 0.0078  memory: 10448  grad_norm: 1.5763  loss: 0.7712  loss_heatmap: 0.3089  layer_-1_loss_cls: 0.0732  layer_-1_loss_bbox: 0.3891  matched_ious: 0.5499  sec_per_iter: 0.4657  iters_per_sec: 2.1500  samples_per_sec: 34.3500  samples_per_sec_per_gpu: 8.5900  max_mem_allocated_mb: 143.9000  max_mem_reserved_mb: 11086.0000
04/08 22:09:20 - mmengine - INFO - Epoch(train)  [8][2850/5000]  lr: 2.9204e-04  eta: 3:13:09  time: 0.4550  data_time: 0.0081  memory: 10283  grad_norm: 1.5575  loss: 0.7384  loss_heatmap: 0.2874  layer_-1_loss_cls: 0.0686  layer_-1_loss_bbox: 0.3824  matched_ious: 0.5495  sec_per_iter: 0.4658  iters_per_sec: 2.1500  samples_per_sec: 34.3500  samples_per_sec_per_gpu: 8.5900  max_mem_allocated_mb: 143.9000  max_mem_reserved_mb: 11086.0000
04/08 22:09:44 - mmengine - INFO - Epoch(train)  [8][2900/5000]  lr: 2.9107e-04  eta: 3:12:42  time: 0.4844  data_time: 0.0096  memory: 10418  grad_norm: 1.6635  loss: 0.7635  loss_heatmap: 0.3023  layer_-1_loss_cls: 0.0747  layer_-1_loss_bbox: 0.3864  matched_ious: 0.5607  sec_per_iter: 0.4656  iters_per_sec: 2.1500  samples_per_sec: 34.3600  samples_per_sec_per_gpu: 8.5900  max_mem_allocated_mb: 143.9000  max_mem_reserved_mb: 11086.0000
04/08 22:10:08 - mmengine - INFO - Epoch(train)  [8][2950/5000]  lr: 2.9010e-04  eta: 3:12:14  time: 0.4679  data_time: 0.0072  memory: 10414  grad_norm: 1.6852  loss: 0.8131  loss_heatmap: 0.3212  layer_-1_loss_cls: 0.0769  layer_-1_loss_bbox: 0.4150  matched_ious: 0.5890  sec_per_iter: 0.4659  iters_per_sec: 2.1500  samples_per_sec: 34.3400  samples_per_sec_per_gpu: 8.5800  max_mem_allocated_mb: 143.9000  max_mem_reserved_mb: 11086.0000
04/08 22:10:30 - mmengine - INFO - Exp name: zod_lidar_only_continue_20260408_160451
04/08 22:10:30 - mmengine - INFO - Epoch(train)  [8][3000/5000]  lr: 2.8913e-04  eta: 3:11:46  time: 0.4553  data_time: 0.0077  memory: 10548  grad_norm: 1.6309  loss: 0.7256  loss_heatmap: 0.2847  layer_-1_loss_cls: 0.0727  layer_-1_loss_bbox: 0.3682  matched_ious: 0.5805  sec_per_iter: 0.4660  iters_per_sec: 2.1500  samples_per_sec: 34.3400  samples_per_sec_per_gpu: 8.5800  max_mem_allocated_mb: 143.9000  max_mem_reserved_mb: 11086.0000
04/08 22:10:54 - mmengine - INFO - Epoch(train)  [8][3050/5000]  lr: 2.8816e-04  eta: 3:11:18  time: 0.4646  data_time: 0.0123  memory: 10499  grad_norm: 1.6034  loss: 0.7338  loss_heatmap: 0.2919  layer_-1_loss_cls: 0.0708  layer_-1_loss_bbox: 0.3711  matched_ious: 0.5965  sec_per_iter: 0.4658  iters_per_sec: 2.1500  samples_per_sec: 34.3500  samples_per_sec_per_gpu: 8.5900  max_mem_allocated_mb: 143.9000  max_mem_reserved_mb: 11086.0000
04/08 22:11:17 - mmengine - INFO - Epoch(train)  [8][3100/5000]  lr: 2.8719e-04  eta: 3:10:51  time: 0.4681  data_time: 0.0074  memory: 10494  grad_norm: 1.6296  loss: 0.7193  loss_heatmap: 0.2924  layer_-1_loss_cls: 0.0744  layer_-1_loss_bbox: 0.3525  matched_ious: 0.5330  sec_per_iter: 0.4658  iters_per_sec: 2.1500  samples_per_sec: 34.3500  samples_per_sec_per_gpu: 8.5900  max_mem_allocated_mb: 143.9000  max_mem_reserved_mb: 11086.0000
04/08 22:11:41 - mmengine - INFO - Epoch(train)  [8][3150/5000]  lr: 2.8622e-04  eta: 3:10:23  time: 0.4807  data_time: 0.0073  memory: 10514  grad_norm: 1.5273  loss: 0.7438  loss_heatmap: 0.2932  layer_-1_loss_cls: 0.0717  layer_-1_loss_bbox: 0.3790  matched_ious: 0.5926  sec_per_iter: 0.4658  iters_per_sec: 2.1500  samples_per_sec: 34.3500  samples_per_sec_per_gpu: 8.5900  max_mem_allocated_mb: 143.9000  max_mem_reserved_mb: 11086.0000
04/08 22:12:04 - mmengine - INFO - Epoch(train)  [8][3200/5000]  lr: 2.8525e-04  eta: 3:09:55  time: 0.4588  data_time: 0.0060  memory: 10526  grad_norm: 1.5758  loss: 0.6939  loss_heatmap: 0.2748  layer_-1_loss_cls: 0.0693  layer_-1_loss_bbox: 0.3499  matched_ious: 0.5689  sec_per_iter: 0.4660  iters_per_sec: 2.1500  samples_per_sec: 34.3300  samples_per_sec_per_gpu: 8.5800  max_mem_allocated_mb: 143.9000  max_mem_reserved_mb: 11086.0000
04/08 22:12:27 - mmengine - INFO - Epoch(train)  [8][3250/5000]  lr: 2.8427e-04  eta: 3:09:27  time: 0.4560  data_time: 0.0066  memory: 10284  grad_norm: 1.6047  loss: 0.7373  loss_heatmap: 0.2900  layer_-1_loss_cls: 0.0704  layer_-1_loss_bbox: 0.3769  matched_ious: 0.6122  sec_per_iter: 0.4659  iters_per_sec: 2.1500  samples_per_sec: 34.3400  samples_per_sec_per_gpu: 8.5900  max_mem_allocated_mb: 143.9000  max_mem_reserved_mb: 11086.0000
04/08 22:12:50 - mmengine - INFO - Epoch(train)  [8][3300/5000]  lr: 2.8330e-04  eta: 3:09:00  time: 0.4708  data_time: 0.0057  memory: 10392  grad_norm: 1.5858  loss: 0.7603  loss_heatmap: 0.2997  layer_-1_loss_cls: 0.0706  layer_-1_loss_bbox: 0.3900  matched_ious: 0.5737  sec_per_iter: 0.4658  iters_per_sec: 2.1500  samples_per_sec: 34.3500  samples_per_sec_per_gpu: 8.5900  max_mem_allocated_mb: 143.9000  max_mem_reserved_mb: 11086.0000
04/08 22:13:13 - mmengine - INFO - Epoch(train)  [8][3350/5000]  lr: 2.8233e-04  eta: 3:08:32  time: 0.4488  data_time: 0.0070  memory: 10341  grad_norm: 1.6351  loss: 0.7050  loss_heatmap: 0.2770  layer_-1_loss_cls: 0.0680  layer_-1_loss_bbox: 0.3599  matched_ious: 0.5689  sec_per_iter: 0.4659  iters_per_sec: 2.1500  samples_per_sec: 34.3500  samples_per_sec_per_gpu: 8.5900  max_mem_allocated_mb: 143.9000  max_mem_reserved_mb: 11086.0000
04/08 22:13:35 - mmengine - INFO - Epoch(train)  [8][3400/5000]  lr: 2.8135e-04  eta: 3:08:04  time: 0.4541  data_time: 0.0060  memory: 10340  grad_norm: 1.6514  loss: 0.7055  loss_heatmap: 0.2858  layer_-1_loss_cls: 0.0678  layer_-1_loss_bbox: 0.3519  matched_ious: 0.5510  sec_per_iter: 0.4656  iters_per_sec: 2.1500  samples_per_sec: 34.3600  samples_per_sec_per_gpu: 8.5900  max_mem_allocated_mb: 143.9000  max_mem_reserved_mb: 11086.0000
04/08 22:13:59 - mmengine - INFO - Epoch(train)  [8][3450/5000]  lr: 2.8038e-04  eta: 3:07:36  time: 0.4643  data_time: 0.0063  memory: 10337  grad_norm: 1.5866  loss: 0.7658  loss_heatmap: 0.3001  layer_-1_loss_cls: 0.0696  layer_-1_loss_bbox: 0.3961  matched_ious: 0.5483  sec_per_iter: 0.4654  iters_per_sec: 2.1500  samples_per_sec: 34.3800  samples_per_sec_per_gpu: 8.5900  max_mem_allocated_mb: 143.9000  max_mem_reserved_mb: 11086.0000
04/08 22:14:22 - mmengine - INFO - Epoch(train)  [8][3500/5000]  lr: 2.7941e-04  eta: 3:07:08  time: 0.4685  data_time: 0.0070  memory: 10376  grad_norm: 1.6860  loss: 0.7141  loss_heatmap: 0.2782  layer_-1_loss_cls: 0.0709  layer_-1_loss_bbox: 0.3650  matched_ious: 0.5833  sec_per_iter: 0.4654  iters_per_sec: 2.1500  samples_per_sec: 34.3800  samples_per_sec_per_gpu: 8.5900  max_mem_allocated_mb: 143.9000  max_mem_reserved_mb: 11086.0000
04/08 22:14:45 - mmengine - INFO - Epoch(train)  [8][3550/5000]  lr: 2.7843e-04  eta: 3:06:40  time: 0.4657  data_time: 0.0069  memory: 10358  grad_norm: 1.6615  loss: 0.7232  loss_heatmap: 0.2832  layer_-1_loss_cls: 0.0685  layer_-1_loss_bbox: 0.3715  matched_ious: 0.5427  sec_per_iter: 0.4655  iters_per_sec: 2.1500  samples_per_sec: 34.3700  samples_per_sec_per_gpu: 8.5900  max_mem_allocated_mb: 143.9000  max_mem_reserved_mb: 11086.0000
04/08 22:15:08 - mmengine - INFO - Epoch(train)  [8][3600/5000]  lr: 2.7746e-04  eta: 3:06:13  time: 0.4618  data_time: 0.0054  memory: 10503  grad_norm: 1.5311  loss: 0.7140  loss_heatmap: 0.2726  layer_-1_loss_cls: 0.0672  layer_-1_loss_bbox: 0.3742  matched_ious: 0.5198  sec_per_iter: 0.4655  iters_per_sec: 2.1500  samples_per_sec: 34.3700  samples_per_sec_per_gpu: 8.5900  max_mem_allocated_mb: 143.9000  max_mem_reserved_mb: 11086.0000
04/08 22:15:33 - mmengine - INFO - Epoch(train)  [8][3650/5000]  lr: 2.7648e-04  eta: 3:05:46  time: 0.4883  data_time: 0.0097  memory: 10346  grad_norm: 1.7172  loss: 0.7727  loss_heatmap: 0.3099  layer_-1_loss_cls: 0.0768  layer_-1_loss_bbox: 0.3860  matched_ious: 0.5785  sec_per_iter: 0.4654  iters_per_sec: 2.1500  samples_per_sec: 34.3800  samples_per_sec_per_gpu: 8.5900  max_mem_allocated_mb: 143.9000  max_mem_reserved_mb: 11086.0000
04/08 22:15:56 - mmengine - INFO - Epoch(train)  [8][3700/5000]  lr: 2.7550e-04  eta: 3:05:18  time: 0.4723  data_time: 0.0059  memory: 10417  grad_norm: 1.5034  loss: 0.7246  loss_heatmap: 0.2818  layer_-1_loss_cls: 0.0689  layer_-1_loss_bbox: 0.3740  matched_ious: 0.5175  sec_per_iter: 0.4657  iters_per_sec: 2.1500  samples_per_sec: 34.3500  samples_per_sec_per_gpu: 8.5900  max_mem_allocated_mb: 143.9000  max_mem_reserved_mb: 11086.0000
04/08 22:16:19 - mmengine - INFO - Epoch(train)  [8][3750/5000]  lr: 2.7453e-04  eta: 3:04:50  time: 0.4556  data_time: 0.0100  memory: 10357  grad_norm: 1.6602  loss: 0.7324  loss_heatmap: 0.2920  layer_-1_loss_cls: 0.0677  layer_-1_loss_bbox: 0.3727  matched_ious: 0.5589  sec_per_iter: 0.4658  iters_per_sec: 2.1500  samples_per_sec: 34.3500  samples_per_sec_per_gpu: 8.5900  max_mem_allocated_mb: 143.9000  max_mem_reserved_mb: 11086.0000
04/08 22:16:42 - mmengine - INFO - Epoch(train)  [8][3800/5000]  lr: 2.7355e-04  eta: 3:04:22  time: 0.4561  data_time: 0.0063  memory: 10313  grad_norm: 1.5914  loss: 0.7047  loss_heatmap: 0.2770  layer_-1_loss_cls: 0.0669  layer_-1_loss_bbox: 0.3608  matched_ious: 0.5510  sec_per_iter: 0.4657  iters_per_sec: 2.1500  samples_per_sec: 34.3600  samples_per_sec_per_gpu: 8.5900  max_mem_allocated_mb: 143.9000  max_mem_reserved_mb: 11086.0000
04/08 22:17:05 - mmengine - INFO - Epoch(train)  [8][3850/5000]  lr: 2.7257e-04  eta: 3:03:54  time: 0.4490  data_time: 0.0068  memory: 10479  grad_norm: 1.7350  loss: 0.7307  loss_heatmap: 0.2744  layer_-1_loss_cls: 0.0709  layer_-1_loss_bbox: 0.3854  matched_ious: 0.5661  sec_per_iter: 0.4655  iters_per_sec: 2.1500  samples_per_sec: 34.3700  samples_per_sec_per_gpu: 8.5900  max_mem_allocated_mb: 143.9000  max_mem_reserved_mb: 11086.0000
04/08 22:17:28 - mmengine - INFO - Epoch(train)  [8][3900/5000]  lr: 2.7159e-04  eta: 3:03:27  time: 0.4609  data_time: 0.0081  memory: 10498  grad_norm: 1.6646  loss: 0.7299  loss_heatmap: 0.2955  layer_-1_loss_cls: 0.0711  layer_-1_loss_bbox: 0.3633  matched_ious: 0.5678  sec_per_iter: 0.4653  iters_per_sec: 2.1500  samples_per_sec: 34.3800  samples_per_sec_per_gpu: 8.6000  max_mem_allocated_mb: 143.9000  max_mem_reserved_mb: 11086.0000
04/08 22:17:50 - mmengine - INFO - Epoch(train)  [8][3950/5000]  lr: 2.7062e-04  eta: 3:02:59  time: 0.4511  data_time: 0.0054  memory: 10459  grad_norm: 1.7113  loss: 0.7474  loss_heatmap: 0.2992  layer_-1_loss_cls: 0.0728  layer_-1_loss_bbox: 0.3755  matched_ious: 0.5731  sec_per_iter: 0.4653  iters_per_sec: 2.1500  samples_per_sec: 34.3900  samples_per_sec_per_gpu: 8.6000  max_mem_allocated_mb: 143.9000  max_mem_reserved_mb: 11086.0000
04/08 22:18:12 - mmengine - INFO - Exp name: zod_lidar_only_continue_20260408_160451
04/08 22:18:12 - mmengine - INFO - Epoch(train)  [8][4000/5000]  lr: 2.6964e-04  eta: 3:02:30  time: 0.4459  data_time: 0.0085  memory: 10488  grad_norm: 1.5613  loss: 0.7056  loss_heatmap: 0.2749  layer_-1_loss_cls: 0.0682  layer_-1_loss_bbox: 0.3626  matched_ious: 0.6135  sec_per_iter: 0.4651  iters_per_sec: 2.1500  samples_per_sec: 34.4000  samples_per_sec_per_gpu: 8.6000  max_mem_allocated_mb: 143.9000  max_mem_reserved_mb: 11086.0000
04/08 22:18:35 - mmengine - INFO - Epoch(train)  [8][4050/5000]  lr: 2.6866e-04  eta: 3:02:02  time: 0.4488  data_time: 0.0056  memory: 10439  grad_norm: 1.5833  loss: 0.7583  loss_heatmap: 0.2944  layer_-1_loss_cls: 0.0703  layer_-1_loss_bbox: 0.3937  matched_ious: 0.5421  sec_per_iter: 0.4649  iters_per_sec: 2.1500  samples_per_sec: 34.4200  samples_per_sec_per_gpu: 8.6000  max_mem_allocated_mb: 143.9000  max_mem_reserved_mb: 11086.0000
04/08 22:18:59 - mmengine - INFO - Epoch(train)  [8][4100/5000]  lr: 2.6768e-04  eta: 3:01:35  time: 0.4770  data_time: 0.0096  memory: 10379  grad_norm: 1.7091  loss: 0.6879  loss_heatmap: 0.2705  layer_-1_loss_cls: 0.0658  layer_-1_loss_bbox: 0.3516  matched_ious: 0.5777  sec_per_iter: 0.4647  iters_per_sec: 2.1500  samples_per_sec: 34.4300  samples_per_sec_per_gpu: 8.6100  max_mem_allocated_mb: 143.9000  max_mem_reserved_mb: 11086.0000
04/08 22:19:21 - mmengine - INFO - Epoch(train)  [8][4150/5000]  lr: 2.6670e-04  eta: 3:01:07  time: 0.4546  data_time: 0.0059  memory: 10411  grad_norm: 1.5392  loss: 0.7117  loss_heatmap: 0.2849  layer_-1_loss_cls: 0.0705  layer_-1_loss_bbox: 0.3563  matched_ious: 0.5212  sec_per_iter: 0.4648  iters_per_sec: 2.1500  samples_per_sec: 34.4200  samples_per_sec_per_gpu: 8.6100  max_mem_allocated_mb: 143.9000  max_mem_reserved_mb: 11086.0000
04/08 22:19:44 - mmengine - INFO - Epoch(train)  [8][4200/5000]  lr: 2.6572e-04  eta: 3:00:39  time: 0.4481  data_time: 0.0068  memory: 10355  grad_norm: 1.5142  loss: 0.7126  loss_heatmap: 0.2770  layer_-1_loss_cls: 0.0678  layer_-1_loss_bbox: 0.3678  matched_ious: 0.6254  sec_per_iter: 0.4647  iters_per_sec: 2.1500  samples_per_sec: 34.4300  samples_per_sec_per_gpu: 8.6100  max_mem_allocated_mb: 143.9000  max_mem_reserved_mb: 11086.0000
04/08 22:20:07 - mmengine - INFO - Epoch(train)  [8][4250/5000]  lr: 2.6474e-04  eta: 3:00:12  time: 0.4679  data_time: 0.0062  memory: 10487  grad_norm: 1.5604  loss: 0.7605  loss_heatmap: 0.2934  layer_-1_loss_cls: 0.0711  layer_-1_loss_bbox: 0.3960  matched_ious: 0.5288  sec_per_iter: 0.4645  iters_per_sec: 2.1500  samples_per_sec: 34.4500  samples_per_sec_per_gpu: 8.6100  max_mem_allocated_mb: 143.9000  max_mem_reserved_mb: 11086.0000
04/08 22:20:30 - mmengine - INFO - Epoch(train)  [8][4300/5000]  lr: 2.6376e-04  eta: 2:59:44  time: 0.4555  data_time: 0.0081  memory: 10514  grad_norm: 1.6575  loss: 0.7324  loss_heatmap: 0.2806  layer_-1_loss_cls: 0.0659  layer_-1_loss_bbox: 0.3859  matched_ious: 0.5765  sec_per_iter: 0.4645  iters_per_sec: 2.1500  samples_per_sec: 34.4400  samples_per_sec_per_gpu: 8.6100  max_mem_allocated_mb: 143.9000  max_mem_reserved_mb: 11086.0000
04/08 22:20:53 - mmengine - INFO - Epoch(train)  [8][4350/5000]  lr: 2.6278e-04  eta: 2:59:16  time: 0.4538  data_time: 0.0065  memory: 10529  grad_norm: 1.6010  loss: 0.7064  loss_heatmap: 0.2859  layer_-1_loss_cls: 0.0701  layer_-1_loss_bbox: 0.3503  matched_ious: 0.5642  sec_per_iter: 0.4644  iters_per_sec: 2.1500  samples_per_sec: 34.4500  samples_per_sec_per_gpu: 8.6100  max_mem_allocated_mb: 143.9000  max_mem_reserved_mb: 11086.0000
04/08 22:21:15 - mmengine - INFO - Epoch(train)  [8][4400/5000]  lr: 2.6180e-04  eta: 2:58:48  time: 0.4502  data_time: 0.0059  memory: 10322  grad_norm: 1.5583  loss: 0.6995  loss_heatmap: 0.2651  layer_-1_loss_cls: 0.0633  layer_-1_loss_bbox: 0.3710  matched_ious: 0.5190  sec_per_iter: 0.4643  iters_per_sec: 2.1500  samples_per_sec: 34.4600  samples_per_sec_per_gpu: 8.6100  max_mem_allocated_mb: 143.9000  max_mem_reserved_mb: 11086.0000
04/08 22:21:39 - mmengine - INFO - Epoch(train)  [8][4450/5000]  lr: 2.6082e-04  eta: 2:58:21  time: 0.4745  data_time: 0.0066  memory: 10273  grad_norm: 1.6211  loss: 0.7524  loss_heatmap: 0.2913  layer_-1_loss_cls: 0.0693  layer_-1_loss_bbox: 0.3918  matched_ious: 0.5641  sec_per_iter: 0.4642  iters_per_sec: 2.1500  samples_per_sec: 34.4700  samples_per_sec_per_gpu: 8.6200  max_mem_allocated_mb: 143.9000  max_mem_reserved_mb: 11086.0000
04/08 22:22:02 - mmengine - INFO - Epoch(train)  [8][4500/5000]  lr: 2.5984e-04  eta: 2:57:54  time: 0.4601  data_time: 0.0061  memory: 10666  grad_norm: 1.7518  loss: 0.7509  loss_heatmap: 0.2934  layer_-1_loss_cls: 0.0692  layer_-1_loss_bbox: 0.3883  matched_ious: 0.5904  sec_per_iter: 0.4643  iters_per_sec: 2.1500  samples_per_sec: 34.4600  samples_per_sec_per_gpu: 8.6200  max_mem_allocated_mb: 143.9000  max_mem_reserved_mb: 11086.0000
04/08 22:22:24 - mmengine - INFO - Epoch(train)  [8][4550/5000]  lr: 2.5886e-04  eta: 2:57:25  time: 0.4369  data_time: 0.0059  memory: 10395  grad_norm: 1.6097  loss: 0.7241  loss_heatmap: 0.2895  layer_-1_loss_cls: 0.0721  layer_-1_loss_bbox: 0.3624  matched_ious: 0.5519  sec_per_iter: 0.4642  iters_per_sec: 2.1500  samples_per_sec: 34.4700  samples_per_sec_per_gpu: 8.6200  max_mem_allocated_mb: 143.9000  max_mem_reserved_mb: 11086.0000
04/08 22:22:47 - mmengine - INFO - Epoch(train)  [8][4600/5000]  lr: 2.5787e-04  eta: 2:56:58  time: 0.4587  data_time: 0.0064  memory: 10442  grad_norm: 1.7171  loss: 0.6933  loss_heatmap: 0.2799  layer_-1_loss_cls: 0.0699  layer_-1_loss_bbox: 0.3434  matched_ious: 0.5244  sec_per_iter: 0.4639  iters_per_sec: 2.1600  samples_per_sec: 34.4900  samples_per_sec_per_gpu: 8.6200  max_mem_allocated_mb: 143.9000  max_mem_reserved_mb: 11086.0000
04/08 22:23:10 - mmengine - INFO - Epoch(train)  [8][4650/5000]  lr: 2.5689e-04  eta: 2:56:30  time: 0.4605  data_time: 0.0069  memory: 10551  grad_norm: 1.5625  loss: 0.7512  loss_heatmap: 0.2914  layer_-1_loss_cls: 0.0723  layer_-1_loss_bbox: 0.3875  matched_ious: 0.5684  sec_per_iter: 0.4639  iters_per_sec: 2.1600  samples_per_sec: 34.4900  samples_per_sec_per_gpu: 8.6200  max_mem_allocated_mb: 143.9000  max_mem_reserved_mb: 11086.0000
04/08 22:23:32 - mmengine - INFO - Epoch(train)  [8][4700/5000]  lr: 2.5591e-04  eta: 2:56:02  time: 0.4531  data_time: 0.0055  memory: 10417  grad_norm: 1.6076  loss: 0.6803  loss_heatmap: 0.2669  layer_-1_loss_cls: 0.0659  layer_-1_loss_bbox: 0.3475  matched_ious: 0.5342  sec_per_iter: 0.4638  iters_per_sec: 2.1600  samples_per_sec: 34.5000  samples_per_sec_per_gpu: 8.6200  max_mem_allocated_mb: 143.9000  max_mem_reserved_mb: 11086.0000
04/08 22:23:55 - mmengine - INFO - Epoch(train)  [8][4750/5000]  lr: 2.5493e-04  eta: 2:55:35  time: 0.4578  data_time: 0.0060  memory: 10508  grad_norm: 1.6405  loss: 0.7051  loss_heatmap: 0.2793  layer_-1_loss_cls: 0.0683  layer_-1_loss_bbox: 0.3574  matched_ious: 0.4963  sec_per_iter: 0.4637  iters_per_sec: 2.1600  samples_per_sec: 34.5000  samples_per_sec_per_gpu: 8.6300  max_mem_allocated_mb: 143.9000  max_mem_reserved_mb: 11086.0000
04/08 22:24:18 - mmengine - INFO - Epoch(train)  [8][4800/5000]  lr: 2.5395e-04  eta: 2:55:07  time: 0.4595  data_time: 0.0056  memory: 10475  grad_norm: 1.6046  loss: 0.7575  loss_heatmap: 0.2986  layer_-1_loss_cls: 0.0727  layer_-1_loss_bbox: 0.3863  matched_ious: 0.5559  sec_per_iter: 0.4637  iters_per_sec: 2.1600  samples_per_sec: 34.5100  samples_per_sec_per_gpu: 8.6300  max_mem_allocated_mb: 143.9000  max_mem_reserved_mb: 11086.0000
04/08 22:24:41 - mmengine - INFO - Epoch(train)  [8][4850/5000]  lr: 2.5297e-04  eta: 2:54:39  time: 0.4451  data_time: 0.0063  memory: 10370  grad_norm: 1.6683  loss: 0.7189  loss_heatmap: 0.2753  layer_-1_loss_cls: 0.0670  layer_-1_loss_bbox: 0.3766  matched_ious: 0.5228  sec_per_iter: 0.4636  iters_per_sec: 2.1600  samples_per_sec: 34.5100  samples_per_sec_per_gpu: 8.6300  max_mem_allocated_mb: 143.9000  max_mem_reserved_mb: 11086.0000
04/08 22:25:03 - mmengine - INFO - Epoch(train)  [8][4900/5000]  lr: 2.5199e-04  eta: 2:54:11  time: 0.4409  data_time: 0.0064  memory: 10518  grad_norm: 1.6922  loss: 0.6818  loss_heatmap: 0.2695  layer_-1_loss_cls: 0.0667  layer_-1_loss_bbox: 0.3456  matched_ious: 0.6089  sec_per_iter: 0.4634  iters_per_sec: 2.1600  samples_per_sec: 34.5300  samples_per_sec_per_gpu: 8.6300  max_mem_allocated_mb: 143.9000  max_mem_reserved_mb: 11086.0000
04/08 22:25:25 - mmengine - INFO - Epoch(train)  [8][4950/5000]  lr: 2.5100e-04  eta: 2:53:43  time: 0.4475  data_time: 0.0057  memory: 10402  grad_norm: 1.6524  loss: 0.7489  loss_heatmap: 0.2922  layer_-1_loss_cls: 0.0666  layer_-1_loss_bbox: 0.3901  matched_ious: 0.6013  sec_per_iter: 0.4632  iters_per_sec: 2.1600  samples_per_sec: 34.5400  samples_per_sec_per_gpu: 8.6400  max_mem_allocated_mb: 143.9000  max_mem_reserved_mb: 11086.0000
04/08 22:25:48 - mmengine - INFO - Exp name: zod_lidar_only_continue_20260408_160451
04/08 22:25:48 - mmengine - INFO - Epoch(train)  [8][5000/5000]  lr: 2.5002e-04  eta: 2:53:16  time: 0.4511  data_time: 0.0057  memory: 10381  grad_norm: 1.6665  loss: 0.7059  loss_heatmap: 0.2669  layer_-1_loss_cls: 0.0667  layer_-1_loss_bbox: 0.3724  matched_ious: 0.5862  sec_per_iter: 0.4630  iters_per_sec: 2.1600  samples_per_sec: 34.5500  samples_per_sec_per_gpu: 8.6400  max_mem_allocated_mb: 143.9000  max_mem_reserved_mb: 11086.0000
04/08 22:25:48 - mmengine - INFO - [Efficiency] Epoch 8: wall=2314.6s  iters=5000  sec/iter=0.463  mem_alloc=144MB  mem_rsv=11086MB
04/08 22:25:54 - mmengine - INFO - Epoch(val)  [8][  50/1250]    eta: 0:02:41  time: 0.1346  data_time: 0.0032  memory: 2447  
04/08 22:26:01 - mmengine - INFO - Epoch(val)  [8][ 100/1250]    eta: 0:02:29  time: 0.1263  data_time: 0.0017  memory: 2447  
04/08 22:26:08 - mmengine - INFO - Epoch(val)  [8][ 150/1250]    eta: 0:02:26  time: 0.1388  data_time: 0.0023  memory: 2447  
04/08 22:26:14 - mmengine - INFO - Epoch(val)  [8][ 200/1250]    eta: 0:02:18  time: 0.1269  data_time: 0.0017  memory: 2447  
04/08 22:26:20 - mmengine - INFO - Epoch(val)  [8][ 250/1250]    eta: 0:02:11  time: 0.1286  data_time: 0.0018  memory: 2447  
04/08 22:26:27 - mmengine - INFO - Epoch(val)  [8][ 300/1250]    eta: 0:02:04  time: 0.1319  data_time: 0.0018  memory: 2447  
04/08 22:26:33 - mmengine - INFO - Epoch(val)  [8][ 350/1250]    eta: 0:01:57  time: 0.1285  data_time: 0.0018  memory: 2447  
04/08 22:26:40 - mmengine - INFO - Epoch(val)  [8][ 400/1250]    eta: 0:01:51  time: 0.1370  data_time: 0.0026  memory: 2447  
04/08 22:26:47 - mmengine - INFO - Epoch(val)  [8][ 450/1250]    eta: 0:01:45  time: 0.1336  data_time: 0.0019  memory: 2447  
04/08 22:26:53 - mmengine - INFO - Epoch(val)  [8][ 500/1250]    eta: 0:01:38  time: 0.1310  data_time: 0.0018  memory: 2447  
04/08 22:27:00 - mmengine - INFO - Epoch(val)  [8][ 550/1250]    eta: 0:01:32  time: 0.1331  data_time: 0.0017  memory: 2447  
04/08 22:27:07 - mmengine - INFO - Epoch(val)  [8][ 600/1250]    eta: 0:01:25  time: 0.1335  data_time: 0.0018  memory: 2447  
04/08 22:27:13 - mmengine - INFO - Epoch(val)  [8][ 650/1250]    eta: 0:01:19  time: 0.1313  data_time: 0.0017  memory: 2447  
04/08 22:27:20 - mmengine - INFO - Epoch(val)  [8][ 700/1250]    eta: 0:01:12  time: 0.1271  data_time: 0.0017  memory: 2447  
04/08 22:27:26 - mmengine - INFO - Epoch(val)  [8][ 750/1250]    eta: 0:01:05  time: 0.1223  data_time: 0.0019  memory: 2447  
04/08 22:27:32 - mmengine - INFO - Epoch(val)  [8][ 800/1250]    eta: 0:00:58  time: 0.1298  data_time: 0.0019  memory: 2447  
04/08 22:27:39 - mmengine - INFO - Epoch(val)  [8][ 850/1250]    eta: 0:00:52  time: 0.1253  data_time: 0.0018  memory: 2447  
04/08 22:27:45 - mmengine - INFO - Epoch(val)  [8][ 900/1250]    eta: 0:00:45  time: 0.1367  data_time: 0.0019  memory: 2447  
04/08 22:27:53 - mmengine - INFO - Epoch(val)  [8][ 950/1250]    eta: 0:00:39  time: 0.1401  data_time: 0.0031  memory: 2447  
04/08 22:27:59 - mmengine - INFO - Epoch(val)  [8][1000/1250]    eta: 0:00:32  time: 0.1273  data_time: 0.0027  memory: 2447  
04/08 22:28:06 - mmengine - INFO - Epoch(val)  [8][1050/1250]    eta: 0:00:26  time: 0.1379  data_time: 0.0027  memory: 2446  
04/08 22:28:12 - mmengine - INFO - Epoch(val)  [8][1100/1250]    eta: 0:00:19  time: 0.1268  data_time: 0.0016  memory: 2446  
04/08 22:28:19 - mmengine - INFO - Epoch(val)  [8][1150/1250]    eta: 0:00:13  time: 0.1350  data_time: 0.0019  memory: 2447  
04/08 22:28:25 - mmengine - INFO - Epoch(val)  [8][1200/1250]    eta: 0:00:06  time: 0.1301  data_time: 0.0016  memory: 2447  
04/08 22:28:32 - mmengine - INFO - Epoch(val)  [8][1250/1250]    eta: 0:00:00  time: 0.1379  data_time: 0.0021  memory: 2447  
04/08 22:29:49 - mmengine - INFO - 
+------------+---------+---------+---------+---------+
| classes    | AP_0.25 | AR_0.25 | AP_0.50 | AR_0.50 |
+------------+---------+---------+---------+---------+
| pedestrian | 0.7494  | 0.9367  | 0.5097  | 0.6947  |
+------------+---------+---------+---------+---------+
| Overall    | 0.7494  | 0.9367  | 0.5097  | 0.6947  |
+------------+---------+---------+---------+---------+
04/08 22:30:15 - mmengine - INFO - 
+------------+---------+---------+---------+---------+---------+---------+
| classes    | AP_0.5m | AR_0.5m | AP_1.0m | AR_1.0m | AP_2.0m | AR_2.0m |
+------------+---------+---------+---------+---------+---------+---------+
| pedestrian | 0.7662  | 0.9610  | 0.7733  | 0.9669  | 0.7784  | 0.9708  |
+------------+---------+---------+---------+---------+---------+---------+
| Overall    | 0.7662  | 0.9610  | 0.7733  | 0.9669  | 0.7784  | 0.9708  |
+------------+---------+---------+---------+---------+---------+---------+
04/08 22:30:16 - mmengine - INFO - Epoch(val) [8][1250/1250]    pedestrian_AP_0.25: 0.7494  mAP_0.25: 0.7494  pedestrian_rec_0.25: 0.9367  mAR_0.25: 0.9367  pedestrian_AP_0.50: 0.5097  mAP_0.50: 0.5097  pedestrian_rec_0.50: 0.6947  mAR_0.50: 0.6947  pedestrian_AP_0.5m: 0.7662  pedestrian_rec_0.5m: 0.9610  pedestrian_AP_1.0m: 0.7733  pedestrian_rec_1.0m: 0.9669  pedestrian_AP_2.0m: 0.7784  pedestrian_rec_2.0m: 0.9708  mAP_0.5m: 0.7662  mAR_0.5m: 0.9610  mAP_1.0m: 0.7733  mAR_1.0m: 0.9669  mAP_2.0m: 0.7784  mAR_2.0m: 0.9708  data_time: 0.0020  time: 0.1316
04/08 22:30:40 - mmengine - INFO - Epoch(train)  [9][  50/5000]  lr: 2.4904e-04  eta: 2:52:49  time: 0.4795  data_time: 0.0121  memory: 10478  grad_norm: 1.7825  loss: 0.7427  loss_heatmap: 0.2894  layer_-1_loss_cls: 0.0701  layer_-1_loss_bbox: 0.3832  matched_ious: 0.6025  sec_per_iter: 0.4629  iters_per_sec: 2.1600  samples_per_sec: 34.5600  samples_per_sec_per_gpu: 8.6400  max_mem_allocated_mb: 143.9000  max_mem_reserved_mb: 11086.0000
04/08 22:31:03 - mmengine - INFO - Epoch(train)  [9][ 100/5000]  lr: 2.4806e-04  eta: 2:52:21  time: 0.4583  data_time: 0.0057  memory: 10392  grad_norm: 1.5277  loss: 0.6917  loss_heatmap: 0.2684  layer_-1_loss_cls: 0.0650  layer_-1_loss_bbox: 0.3583  matched_ious: 0.5924  sec_per_iter: 0.4802  iters_per_sec: 2.0800  samples_per_sec: 33.3200  samples_per_sec_per_gpu: 8.3300  max_mem_allocated_mb: 143.9000  max_mem_reserved_mb: 11086.0000
04/08 22:31:26 - mmengine - INFO - Epoch(train)  [9][ 150/5000]  lr: 2.4708e-04  eta: 2:51:54  time: 0.4525  data_time: 0.0066  memory: 10515  grad_norm: 1.6069  loss: 0.6761  loss_heatmap: 0.2733  layer_-1_loss_cls: 0.0639  layer_-1_loss_bbox: 0.3390  matched_ious: 0.5613  sec_per_iter: 0.4693  iters_per_sec: 2.1300  samples_per_sec: 34.1000  samples_per_sec_per_gpu: 8.5200  max_mem_allocated_mb: 143.9000  max_mem_reserved_mb: 11086.0000
04/08 22:31:49 - mmengine - INFO - Epoch(train)  [9][ 200/5000]  lr: 2.4610e-04  eta: 2:51:26  time: 0.4638  data_time: 0.0056  memory: 10546  grad_norm: 1.5664  loss: 0.6955  loss_heatmap: 0.2779  layer_-1_loss_cls: 0.0643  layer_-1_loss_bbox: 0.3533  matched_ious: 0.5341  sec_per_iter: 0.4637  iters_per_sec: 2.1600  samples_per_sec: 34.5100  samples_per_sec_per_gpu: 8.6300  max_mem_allocated_mb: 143.9000  max_mem_reserved_mb: 11086.0000
04/08 22:32:12 - mmengine - INFO - Epoch(train)  [9][ 250/5000]  lr: 2.4511e-04  eta: 2:50:59  time: 0.4610  data_time: 0.0102  memory: 10289  grad_norm: 1.5209  loss: 0.6995  loss_heatmap: 0.2616  layer_-1_loss_cls: 0.0670  layer_-1_loss_bbox: 0.3708  matched_ious: 0.6095  sec_per_iter: 0.4643  iters_per_sec: 2.1500  samples_per_sec: 34.4600  samples_per_sec_per_gpu: 8.6200  max_mem_allocated_mb: 143.9000  max_mem_reserved_mb: 11086.0000
04/08 22:32:35 - mmengine - INFO - Epoch(train)  [9][ 300/5000]  lr: 2.4413e-04  eta: 2:50:31  time: 0.4536  data_time: 0.0053  memory: 10570  grad_norm: 1.5947  loss: 0.7142  loss_heatmap: 0.2764  layer_-1_loss_cls: 0.0650  layer_-1_loss_bbox: 0.3728  matched_ious: 0.5882  sec_per_iter: 0.4631  iters_per_sec: 2.1600  samples_per_sec: 34.5500  samples_per_sec_per_gpu: 8.6400  max_mem_allocated_mb: 143.9000  max_mem_reserved_mb: 11086.0000
04/08 22:32:58 - mmengine - INFO - Epoch(train)  [9][ 350/5000]  lr: 2.4315e-04  eta: 2:50:04  time: 0.4542  data_time: 0.0058  memory: 10390  grad_norm: 1.5070  loss: 0.6613  loss_heatmap: 0.2555  layer_-1_loss_cls: 0.0638  layer_-1_loss_bbox: 0.3420  matched_ious: 0.6038  sec_per_iter: 0.4617  iters_per_sec: 2.1700  samples_per_sec: 34.6600  samples_per_sec_per_gpu: 8.6600  max_mem_allocated_mb: 143.9000  max_mem_reserved_mb: 11086.0000
04/08 22:33:21 - mmengine - INFO - Epoch(train)  [9][ 400/5000]  lr: 2.4217e-04  eta: 2:49:37  time: 0.4766  data_time: 0.0064  memory: 10378  grad_norm: 1.7047  loss: 0.7741  loss_heatmap: 0.2924  layer_-1_loss_cls: 0.0694  layer_-1_loss_bbox: 0.4122  matched_ious: 0.5990  sec_per_iter: 0.4605  iters_per_sec: 2.1700  samples_per_sec: 34.7400  samples_per_sec_per_gpu: 8.6900  max_mem_allocated_mb: 143.9000  max_mem_reserved_mb: 11086.0000
04/08 22:33:44 - mmengine - INFO - Epoch(train)  [9][ 450/5000]  lr: 2.4119e-04  eta: 2:49:09  time: 0.4547  data_time: 0.0064  memory: 10549  grad_norm: 1.6015  loss: 0.6672  loss_heatmap: 0.2586  layer_-1_loss_cls: 0.0624  layer_-1_loss_bbox: 0.3462  matched_ious: 0.5644  sec_per_iter: 0.4626  iters_per_sec: 2.1600  samples_per_sec: 34.5900  samples_per_sec_per_gpu: 8.6500  max_mem_allocated_mb: 143.9000  max_mem_reserved_mb: 11086.0000
04/08 22:34:07 - mmengine - INFO - Epoch(train)  [9][ 500/5000]  lr: 2.4021e-04  eta: 2:48:42  time: 0.4487  data_time: 0.0058  memory: 10336  grad_norm: 1.6330  loss: 0.6888  loss_heatmap: 0.2663  layer_-1_loss_cls: 0.0658  layer_-1_loss_bbox: 0.3567  matched_ious: 0.5961  sec_per_iter: 0.4617  iters_per_sec: 2.1700  samples_per_sec: 34.6500  samples_per_sec_per_gpu: 8.6600  max_mem_allocated_mb: 143.9000  max_mem_reserved_mb: 11086.0000
04/08 22:34:30 - mmengine - INFO - Epoch(train)  [9][ 550/5000]  lr: 2.3923e-04  eta: 2:48:14  time: 0.4645  data_time: 0.0059  memory: 10414  grad_norm: 1.6344  loss: 0.7582  loss_heatmap: 0.2804  layer_-1_loss_cls: 0.0668  layer_-1_loss_bbox: 0.4110  matched_ious: 0.6048  sec_per_iter: 0.4604  iters_per_sec: 2.1700  samples_per_sec: 34.7500  samples_per_sec_per_gpu: 8.6900  max_mem_allocated_mb: 143.9000  max_mem_reserved_mb: 11086.0000
04/08 22:34:53 - mmengine - INFO - Epoch(train)  [9][ 600/5000]  lr: 2.3825e-04  eta: 2:47:47  time: 0.4536  data_time: 0.0099  memory: 10446  grad_norm: 1.6008  loss: 0.7417  loss_heatmap: 0.2937  layer_-1_loss_cls: 0.0682  layer_-1_loss_bbox: 0.3797  matched_ious: 0.5296  sec_per_iter: 0.4608  iters_per_sec: 2.1700  samples_per_sec: 34.7200  samples_per_sec_per_gpu: 8.6800  max_mem_allocated_mb: 143.9000  max_mem_reserved_mb: 11086.0000
04/08 22:35:15 - mmengine - INFO - Epoch(train)  [9][ 650/5000]  lr: 2.3727e-04  eta: 2:47:19  time: 0.4461  data_time: 0.0109  memory: 10365  grad_norm: 1.6921  loss: 0.6817  loss_heatmap: 0.2622  layer_-1_loss_cls: 0.0646  layer_-1_loss_bbox: 0.3549  matched_ious: 0.5973  sec_per_iter: 0.4602  iters_per_sec: 2.1700  samples_per_sec: 34.7700  samples_per_sec_per_gpu: 8.6900  max_mem_allocated_mb: 143.9000  max_mem_reserved_mb: 11086.0000
04/08 22:35:38 - mmengine - INFO - Epoch(train)  [9][ 700/5000]  lr: 2.3628e-04  eta: 2:46:52  time: 0.4649  data_time: 0.0052  memory: 10382  grad_norm: 1.5804  loss: 0.6196  loss_heatmap: 0.2388  layer_-1_loss_cls: 0.0616  layer_-1_loss_bbox: 0.3193  matched_ious: 0.5494  sec_per_iter: 0.4591  iters_per_sec: 2.1800  samples_per_sec: 34.8500  samples_per_sec_per_gpu: 8.7100  max_mem_allocated_mb: 143.9000  max_mem_reserved_mb: 11086.0000
04/08 22:36:00 - mmengine - INFO - Epoch(train)  [9][ 750/5000]  lr: 2.3530e-04  eta: 2:46:24  time: 0.4482  data_time: 0.0075  memory: 10372  grad_norm: 1.5533  loss: 0.6999  loss_heatmap: 0.2787  layer_-1_loss_cls: 0.0660  layer_-1_loss_bbox: 0.3552  matched_ious: 0.5648  sec_per_iter: 0.4595  iters_per_sec: 2.1800  samples_per_sec: 34.8200  samples_per_sec_per_gpu: 8.7000  max_mem_allocated_mb: 143.9000  max_mem_reserved_mb: 11086.0000
04/08 22:36:24 - mmengine - INFO - Epoch(train)  [9][ 800/5000]  lr: 2.3432e-04  eta: 2:45:57  time: 0.4618  data_time: 0.0058  memory: 10415  grad_norm: 1.6038  loss: 0.7380  loss_heatmap: 0.2778  layer_-1_loss_cls: 0.0649  layer_-1_loss_bbox: 0.3952  matched_ious: 0.5505  sec_per_iter: 0.4588  iters_per_sec: 2.1800  samples_per_sec: 34.8800  samples_per_sec_per_gpu: 8.7200  max_mem_allocated_mb: 143.9000  max_mem_reserved_mb: 11086.0000
04/08 22:36:46 - mmengine - INFO - Epoch(train)  [9][ 850/5000]  lr: 2.3334e-04  eta: 2:45:30  time: 0.4567  data_time: 0.0074  memory: 10357  grad_norm: 1.6516  loss: 0.7251  loss_heatmap: 0.2785  layer_-1_loss_cls: 0.0637  layer_-1_loss_bbox: 0.3829  matched_ious: 0.5928  sec_per_iter: 0.4590  iters_per_sec: 2.1800  samples_per_sec: 34.8600  samples_per_sec_per_gpu: 8.7200  max_mem_allocated_mb: 143.9000  max_mem_reserved_mb: 11086.0000
04/08 22:37:10 - mmengine - INFO - Epoch(train)  [9][ 900/5000]  lr: 2.3237e-04  eta: 2:45:03  time: 0.4769  data_time: 0.0061  memory: 10439  grad_norm: 1.7795  loss: 0.7033  loss_heatmap: 0.2651  layer_-1_loss_cls: 0.0665  layer_-1_loss_bbox: 0.3716  matched_ious: 0.5735  sec_per_iter: 0.4588  iters_per_sec: 2.1800  samples_per_sec: 34.8700  samples_per_sec_per_gpu: 8.7200  max_mem_allocated_mb: 143.9000  max_mem_reserved_mb: 11086.0000
04/08 22:37:32 - mmengine - INFO - Epoch(train)  [9][ 950/5000]  lr: 2.3139e-04  eta: 2:44:35  time: 0.4398  data_time: 0.0064  memory: 10466  grad_norm: 1.6351  loss: 0.7075  loss_heatmap: 0.2736  layer_-1_loss_cls: 0.0667  layer_-1_loss_bbox: 0.3672  matched_ious: 0.5792  sec_per_iter: 0.4598  iters_per_sec: 2.1700  samples_per_sec: 34.7900  samples_per_sec_per_gpu: 8.7000  max_mem_allocated_mb: 143.9000  max_mem_reserved_mb: 11086.0000
04/08 22:37:55 - mmengine - INFO - Exp name: zod_lidar_only_continue_20260408_160451
04/08 22:37:55 - mmengine - INFO - Epoch(train)  [9][1000/5000]  lr: 2.3041e-04  eta: 2:44:07  time: 0.4500  data_time: 0.0064  memory: 10306  grad_norm: 1.5716  loss: 0.6756  loss_heatmap: 0.2489  layer_-1_loss_cls: 0.0595  layer_-1_loss_bbox: 0.3672  matched_ious: 0.5632  sec_per_iter: 0.4588  iters_per_sec: 2.1800  samples_per_sec: 34.8700  samples_per_sec_per_gpu: 8.7200  max_mem_allocated_mb: 143.9000  max_mem_reserved_mb: 11086.0000
04/08 22:38:18 - mmengine - INFO - Epoch(train)  [9][1050/5000]  lr: 2.2943e-04  eta: 2:43:40  time: 0.4615  data_time: 0.0073  memory: 10366  grad_norm: 1.6515  loss: 0.6940  loss_heatmap: 0.2588  layer_-1_loss_cls: 0.0614  layer_-1_loss_bbox: 0.3738  matched_ious: 0.5051  sec_per_iter: 0.4583  iters_per_sec: 2.1800  samples_per_sec: 34.9100  samples_per_sec_per_gpu: 8.7300  max_mem_allocated_mb: 143.9000  max_mem_reserved_mb: 11086.0000
04/08 22:38:44 - mmengine - INFO - Epoch(train)  [9][1100/5000]  lr: 2.2845e-04  eta: 2:43:14  time: 0.5153  data_time: 0.0086  memory: 10439  grad_norm: 1.6639  loss: 0.6902  loss_heatmap: 0.2603  layer_-1_loss_cls: 0.0582  layer_-1_loss_bbox: 0.3717  matched_ious: 0.5919  sec_per_iter: 0.4585  iters_per_sec: 2.1800  samples_per_sec: 34.9000  samples_per_sec_per_gpu: 8.7200  max_mem_allocated_mb: 143.9000  max_mem_reserved_mb: 11086.0000
04/08 22:39:07 - mmengine - INFO - Epoch(train)  [9][1150/5000]  lr: 2.2747e-04  eta: 2:42:47  time: 0.4646  data_time: 0.0071  memory: 10481  grad_norm: 1.6659  loss: 0.6398  loss_heatmap: 0.2404  layer_-1_loss_cls: 0.0577  layer_-1_loss_bbox: 0.3418  matched_ious: 0.5781  sec_per_iter: 0.4612  iters_per_sec: 2.1700  samples_per_sec: 34.7000  samples_per_sec_per_gpu: 8.6700  max_mem_allocated_mb: 143.9000  max_mem_reserved_mb: 11086.0000
04/08 22:39:30 - mmengine - INFO - Epoch(train)  [9][1200/5000]  lr: 2.2650e-04  eta: 2:42:20  time: 0.4687  data_time: 0.0062  memory: 10406  grad_norm: 1.6311  loss: 0.7747  loss_heatmap: 0.2836  layer_-1_loss_cls: 0.0642  layer_-1_loss_bbox: 0.4269  matched_ious: 0.5512  sec_per_iter: 0.4612  iters_per_sec: 2.1700  samples_per_sec: 34.6900  samples_per_sec_per_gpu: 8.6700  max_mem_allocated_mb: 143.9000  max_mem_reserved_mb: 11086.0000
04/08 22:39:53 - mmengine - INFO - Epoch(train)  [9][1250/5000]  lr: 2.2552e-04  eta: 2:41:53  time: 0.4552  data_time: 0.0074  memory: 10380  grad_norm: 1.5999  loss: 0.6752  loss_heatmap: 0.2613  layer_-1_loss_cls: 0.0613  layer_-1_loss_bbox: 0.3526  matched_ious: 0.5608  sec_per_iter: 0.4616  iters_per_sec: 2.1700  samples_per_sec: 34.6600  samples_per_sec_per_gpu: 8.6700  max_mem_allocated_mb: 143.9000  max_mem_reserved_mb: 11086.0000
04/08 22:40:16 - mmengine - INFO - Epoch(train)  [9][1300/5000]  lr: 2.2454e-04  eta: 2:41:26  time: 0.4625  data_time: 0.0064  memory: 10299  grad_norm: 1.8335  loss: 0.7017  loss_heatmap: 0.2735  layer_-1_loss_cls: 0.0650  layer_-1_loss_bbox: 0.3631  matched_ious: 0.5824  sec_per_iter: 0.4613  iters_per_sec: 2.1700  samples_per_sec: 34.6800  samples_per_sec_per_gpu: 8.6700  max_mem_allocated_mb: 143.9000  max_mem_reserved_mb: 11086.0000
04/08 22:40:39 - mmengine - INFO - Epoch(train)  [9][1350/5000]  lr: 2.2356e-04  eta: 2:40:58  time: 0.4476  data_time: 0.0063  memory: 10585  grad_norm: 1.5856  loss: 0.7230  loss_heatmap: 0.2671  layer_-1_loss_cls: 0.0661  layer_-1_loss_bbox: 0.3898  matched_ious: 0.5801  sec_per_iter: 0.4614  iters_per_sec: 2.1700  samples_per_sec: 34.6800  samples_per_sec_per_gpu: 8.6700  max_mem_allocated_mb: 143.9000  max_mem_reserved_mb: 11086.0000
04/08 22:41:02 - mmengine - INFO - Epoch(train)  [9][1400/5000]  lr: 2.2259e-04  eta: 2:40:31  time: 0.4763  data_time: 0.0061  memory: 10413  grad_norm: 1.6247  loss: 0.6856  loss_heatmap: 0.2669  layer_-1_loss_cls: 0.0635  layer_-1_loss_bbox: 0.3552  matched_ious: 0.6130  sec_per_iter: 0.4609  iters_per_sec: 2.1700  samples_per_sec: 34.7200  samples_per_sec_per_gpu: 8.6800  max_mem_allocated_mb: 143.9000  max_mem_reserved_mb: 11086.0000
04/08 22:41:26 - mmengine - INFO - Epoch(train)  [9][1450/5000]  lr: 2.2161e-04  eta: 2:40:04  time: 0.4633  data_time: 0.0065  memory: 10395  grad_norm: 1.7137  loss: 0.6735  loss_heatmap: 0.2547  layer_-1_loss_cls: 0.0620  layer_-1_loss_bbox: 0.3568  matched_ious: 0.5520  sec_per_iter: 0.4614  iters_per_sec: 2.1700  samples_per_sec: 34.6800  samples_per_sec_per_gpu: 8.6700  max_mem_allocated_mb: 143.9000  max_mem_reserved_mb: 11086.0000
04/08 22:41:48 - mmengine - INFO - Epoch(train)  [9][1500/5000]  lr: 2.2064e-04  eta: 2:39:37  time: 0.4501  data_time: 0.0058  memory: 10428  grad_norm: 1.5575  loss: 0.6707  loss_heatmap: 0.2614  layer_-1_loss_cls: 0.0609  layer_-1_loss_bbox: 0.3484  matched_ious: 0.5593  sec_per_iter: 0.4615  iters_per_sec: 2.1700  samples_per_sec: 34.6700  samples_per_sec_per_gpu: 8.6700  max_mem_allocated_mb: 143.9000  max_mem_reserved_mb: 11086.0000
04/08 22:42:11 - mmengine - INFO - Epoch(train)  [9][1550/5000]  lr: 2.1966e-04  eta: 2:39:09  time: 0.4559  data_time: 0.0060  memory: 10322  grad_norm: 1.6914  loss: 0.7196  loss_heatmap: 0.2799  layer_-1_loss_cls: 0.0641  layer_-1_loss_bbox: 0.3756  matched_ious: 0.5662  sec_per_iter: 0.4611  iters_per_sec: 2.1700  samples_per_sec: 34.7000  samples_per_sec_per_gpu: 8.6800  max_mem_allocated_mb: 143.9000  max_mem_reserved_mb: 11086.0000
04/08 22:42:34 - mmengine - INFO - Epoch(train)  [9][1600/5000]  lr: 2.1869e-04  eta: 2:38:42  time: 0.4564  data_time: 0.0061  memory: 10390  grad_norm: 1.5979  loss: 0.6868  loss_heatmap: 0.2607  layer_-1_loss_cls: 0.0625  layer_-1_loss_bbox: 0.3636  matched_ious: 0.5647  sec_per_iter: 0.4609  iters_per_sec: 2.1700  samples_per_sec: 34.7100  samples_per_sec_per_gpu: 8.6800  max_mem_allocated_mb: 143.9000  max_mem_reserved_mb: 11086.0000
04/08 22:42:56 - mmengine - INFO - Epoch(train)  [9][1650/5000]  lr: 2.1772e-04  eta: 2:38:15  time: 0.4550  data_time: 0.0057  memory: 10481  grad_norm: 1.5949  loss: 0.6757  loss_heatmap: 0.2558  layer_-1_loss_cls: 0.0624  layer_-1_loss_bbox: 0.3575  matched_ious: 0.5196  sec_per_iter: 0.4608  iters_per_sec: 2.1700  samples_per_sec: 34.7200  samples_per_sec_per_gpu: 8.6800  max_mem_allocated_mb: 143.9000  max_mem_reserved_mb: 11086.0000
04/08 22:43:18 - mmengine - INFO - Epoch(train)  [9][1700/5000]  lr: 2.1674e-04  eta: 2:37:47  time: 0.4402  data_time: 0.0058  memory: 10425  grad_norm: 1.8756  loss: 0.7059  loss_heatmap: 0.2758  layer_-1_loss_cls: 0.0657  layer_-1_loss_bbox: 0.3644  matched_ious: 0.6294  sec_per_iter: 0.4606  iters_per_sec: 2.1700  samples_per_sec: 34.7400  samples_per_sec_per_gpu: 8.6800  max_mem_allocated_mb: 143.9000  max_mem_reserved_mb: 11086.0000
04/08 22:43:41 - mmengine - INFO - Epoch(train)  [9][1750/5000]  lr: 2.1577e-04  eta: 2:37:20  time: 0.4478  data_time: 0.0058  memory: 10419  grad_norm: 1.5509  loss: 0.6645  loss_heatmap: 0.2597  layer_-1_loss_cls: 0.0638  layer_-1_loss_bbox: 0.3410  matched_ious: 0.5652  sec_per_iter: 0.4600  iters_per_sec: 2.1700  samples_per_sec: 34.7800  samples_per_sec_per_gpu: 8.7000  max_mem_allocated_mb: 143.9000  max_mem_reserved_mb: 11086.0000
04/08 22:44:03 - mmengine - INFO - Epoch(train)  [9][1800/5000]  lr: 2.1480e-04  eta: 2:36:53  time: 0.4478  data_time: 0.0055  memory: 10395  grad_norm: 1.7150  loss: 0.6778  loss_heatmap: 0.2625  layer_-1_loss_cls: 0.0642  layer_-1_loss_bbox: 0.3511  matched_ious: 0.6226  sec_per_iter: 0.4597  iters_per_sec: 2.1800  samples_per_sec: 34.8100  samples_per_sec_per_gpu: 8.7000  max_mem_allocated_mb: 143.9000  max_mem_reserved_mb: 11086.0000
04/08 22:44:25 - mmengine - INFO - Epoch(train)  [9][1850/5000]  lr: 2.1383e-04  eta: 2:36:25  time: 0.4455  data_time: 0.0057  memory: 10294  grad_norm: 1.6665  loss: 0.7132  loss_heatmap: 0.2742  layer_-1_loss_cls: 0.0644  layer_-1_loss_bbox: 0.3745  matched_ious: 0.5744  sec_per_iter: 0.4593  iters_per_sec: 2.1800  samples_per_sec: 34.8300  samples_per_sec_per_gpu: 8.7100  max_mem_allocated_mb: 143.9000  max_mem_reserved_mb: 11086.0000
04/08 22:44:48 - mmengine - INFO - Epoch(train)  [9][1900/5000]  lr: 2.1285e-04  eta: 2:35:58  time: 0.4522  data_time: 0.0089  memory: 10587  grad_norm: 1.6623  loss: 0.7021  loss_heatmap: 0.2684  layer_-1_loss_cls: 0.0602  layer_-1_loss_bbox: 0.3735  matched_ious: 0.5780  sec_per_iter: 0.4590  iters_per_sec: 2.1800  samples_per_sec: 34.8600  samples_per_sec_per_gpu: 8.7200  max_mem_allocated_mb: 143.9000  max_mem_reserved_mb: 11086.0000
04/08 22:45:12 - mmengine - INFO - Epoch(train)  [9][1950/5000]  lr: 2.1188e-04  eta: 2:35:31  time: 0.4705  data_time: 0.0064  memory: 10510  grad_norm: 1.5639  loss: 0.6706  loss_heatmap: 0.2526  layer_-1_loss_cls: 0.0583  layer_-1_loss_bbox: 0.3597  matched_ious: 0.5990  sec_per_iter: 0.4588  iters_per_sec: 2.1800  samples_per_sec: 34.8700  samples_per_sec_per_gpu: 8.7200  max_mem_allocated_mb: 143.9000  max_mem_reserved_mb: 11086.0000
04/08 22:45:34 - mmengine - INFO - Exp name: zod_lidar_only_continue_20260408_160451
04/08 22:45:34 - mmengine - INFO - Epoch(train)  [9][2000/5000]  lr: 2.1091e-04  eta: 2:35:04  time: 0.4561  data_time: 0.0053  memory: 10403  grad_norm: nan  loss: 0.7003  loss_heatmap: 0.2677  layer_-1_loss_cls: 0.0641  layer_-1_loss_bbox: 0.3685  matched_ious: 0.5027  sec_per_iter: 0.4591  iters_per_sec: 2.1800  samples_per_sec: 34.8500  samples_per_sec_per_gpu: 8.7100  max_mem_allocated_mb: 143.9000  max_mem_reserved_mb: 11086.0000
04/08 22:45:58 - mmengine - INFO - Epoch(train)  [9][2050/5000]  lr: 2.0994e-04  eta: 2:34:37  time: 0.4649  data_time: 0.0057  memory: 10420  grad_norm: 1.7724  loss: 0.6651  loss_heatmap: 0.2506  layer_-1_loss_cls: 0.0602  layer_-1_loss_bbox: 0.3543  matched_ious: 0.5914  sec_per_iter: 0.4590  iters_per_sec: 2.1800  samples_per_sec: 34.8600  samples_per_sec_per_gpu: 8.7100  max_mem_allocated_mb: 143.9000  max_mem_reserved_mb: 11086.0000
04/08 22:46:20 - mmengine - INFO - Epoch(train)  [9][2100/5000]  lr: 2.0898e-04  eta: 2:34:10  time: 0.4516  data_time: 0.0084  memory: 10483  grad_norm: 1.5626  loss: 0.6849  loss_heatmap: 0.2661  layer_-1_loss_cls: 0.0600  layer_-1_loss_bbox: 0.3588  matched_ious: 0.5981  sec_per_iter: 0.4592  iters_per_sec: 2.1800  samples_per_sec: 34.8500  samples_per_sec_per_gpu: 8.7100  max_mem_allocated_mb: 143.9000  max_mem_reserved_mb: 11086.0000
04/08 22:46:42 - mmengine - INFO - Epoch(train)  [9][2150/5000]  lr: 2.0801e-04  eta: 2:33:42  time: 0.4360  data_time: 0.0051  memory: 10445  grad_norm: 1.8803  loss: 0.6732  loss_heatmap: 0.2510  layer_-1_loss_cls: 0.0646  layer_-1_loss_bbox: 0.3575  matched_ious: 0.5818  sec_per_iter: 0.4590  iters_per_sec: 2.1800  samples_per_sec: 34.8600  samples_per_sec_per_gpu: 8.7100  max_mem_allocated_mb: 143.9000  max_mem_reserved_mb: 11086.0000
04/08 22:47:05 - mmengine - INFO - Epoch(train)  [9][2200/5000]  lr: 2.0704e-04  eta: 2:33:15  time: 0.4608  data_time: 0.0056  memory: 10318  grad_norm: 1.6924  loss: 0.7330  loss_heatmap: 0.2788  layer_-1_loss_cls: 0.0636  layer_-1_loss_bbox: 0.3906  matched_ious: 0.5161  sec_per_iter: 0.4585  iters_per_sec: 2.1800  samples_per_sec: 34.9000  samples_per_sec_per_gpu: 8.7300  max_mem_allocated_mb: 143.9000  max_mem_reserved_mb: 11086.0000
04/08 22:47:28 - mmengine - INFO - Epoch(train)  [9][2250/5000]  lr: 2.0607e-04  eta: 2:32:48  time: 0.4525  data_time: 0.0057  memory: 10346  grad_norm: 1.5024  loss: 0.6753  loss_heatmap: 0.2544  layer_-1_loss_cls: 0.0605  layer_-1_loss_bbox: 0.3604  matched_ious: 0.6071  sec_per_iter: 0.4585  iters_per_sec: 2.1800  samples_per_sec: 34.9000  samples_per_sec_per_gpu: 8.7200  max_mem_allocated_mb: 143.9000  max_mem_reserved_mb: 11086.0000
04/08 22:47:52 - mmengine - INFO - Epoch(train)  [9][2300/5000]  lr: 2.0511e-04  eta: 2:32:21  time: 0.4798  data_time: 0.0066  memory: 10570  grad_norm: 1.7529  loss: 0.7354  loss_heatmap: 0.2768  layer_-1_loss_cls: 0.0614  layer_-1_loss_bbox: 0.3972  matched_ious: 0.5198  sec_per_iter: 0.4584  iters_per_sec: 2.1800  samples_per_sec: 34.9100  samples_per_sec_per_gpu: 8.7300  max_mem_allocated_mb: 143.9000  max_mem_reserved_mb: 11086.0000
04/08 22:48:15 - mmengine - INFO - Epoch(train)  [9][2350/5000]  lr: 2.0414e-04  eta: 2:31:54  time: 0.4556  data_time: 0.0060  memory: 10403  grad_norm: 1.6671  loss: 0.6902  loss_heatmap: 0.2571  layer_-1_loss_cls: 0.0603  layer_-1_loss_bbox: 0.3728  matched_ious: 0.6258  sec_per_iter: 0.4588  iters_per_sec: 2.1800  samples_per_sec: 34.8700  samples_per_sec_per_gpu: 8.7200  max_mem_allocated_mb: 143.9000  max_mem_reserved_mb: 11086.0000
04/08 22:48:38 - mmengine - INFO - Epoch(train)  [9][2400/5000]  lr: 2.0318e-04  eta: 2:31:27  time: 0.4617  data_time: 0.0064  memory: 10448  grad_norm: 1.5320  loss: 0.6651  loss_heatmap: 0.2408  layer_-1_loss_cls: 0.0557  layer_-1_loss_bbox: 0.3686  matched_ious: 0.5181  sec_per_iter: 0.4588  iters_per_sec: 2.1800  samples_per_sec: 34.8800  samples_per_sec_per_gpu: 8.7200  max_mem_allocated_mb: 143.9000  max_mem_reserved_mb: 11086.0000
04/08 22:49:01 - mmengine - INFO - Epoch(train)  [9][2450/5000]  lr: 2.0221e-04  eta: 2:31:00  time: 0.4613  data_time: 0.0061  memory: 10433  grad_norm: 1.7459  loss: 0.6747  loss_heatmap: 0.2514  layer_-1_loss_cls: 0.0640  layer_-1_loss_bbox: 0.3594  matched_ious: 0.5646  sec_per_iter: 0.4588  iters_per_sec: 2.1800  samples_per_sec: 34.8700  samples_per_sec_per_gpu: 8.7200  max_mem_allocated_mb: 143.9000  max_mem_reserved_mb: 11086.0000
04/08 22:49:24 - mmengine - INFO - Epoch(train)  [9][2500/5000]  lr: 2.0125e-04  eta: 2:30:33  time: 0.4592  data_time: 0.0064  memory: 10457  grad_norm: 1.6173  loss: 0.6676  loss_heatmap: 0.2560  layer_-1_loss_cls: 0.0621  layer_-1_loss_bbox: 0.3496  matched_ious: 0.5446  sec_per_iter: 0.4589  iters_per_sec: 2.1800  samples_per_sec: 34.8700  samples_per_sec_per_gpu: 8.7200  max_mem_allocated_mb: 143.9000  max_mem_reserved_mb: 11086.0000
04/08 22:49:46 - mmengine - INFO - Epoch(train)  [9][2550/5000]  lr: 2.0029e-04  eta: 2:30:06  time: 0.4447  data_time: 0.0056  memory: 10390  grad_norm: 1.5623  loss: 0.6764  loss_heatmap: 0.2618  layer_-1_loss_cls: 0.0606  layer_-1_loss_bbox: 0.3540  matched_ious: 0.5676  sec_per_iter: 0.4589  iters_per_sec: 2.1800  samples_per_sec: 34.8700  samples_per_sec_per_gpu: 8.7200  max_mem_allocated_mb: 143.9000  max_mem_reserved_mb: 11086.0000
04/08 22:50:09 - mmengine - INFO - Epoch(train)  [9][2600/5000]  lr: 1.9933e-04  eta: 2:29:39  time: 0.4567  data_time: 0.0063  memory: 10400  grad_norm: 1.6344  loss: 0.6629  loss_heatmap: 0.2434  layer_-1_loss_cls: 0.0598  layer_-1_loss_bbox: 0.3596  matched_ious: 0.5707  sec_per_iter: 0.4586  iters_per_sec: 2.1800  samples_per_sec: 34.8900  samples_per_sec_per_gpu: 8.7200  max_mem_allocated_mb: 143.9000  max_mem_reserved_mb: 11086.0000
04/08 22:50:31 - mmengine - INFO - Epoch(train)  [9][2650/5000]  lr: 1.9836e-04  eta: 2:29:12  time: 0.4431  data_time: 0.0066  memory: 10533  grad_norm: 1.6446  loss: 0.6262  loss_heatmap: 0.2335  layer_-1_loss_cls: 0.0601  layer_-1_loss_bbox: 0.3327  matched_ious: 0.5271  sec_per_iter: 0.4586  iters_per_sec: 2.1800  samples_per_sec: 34.8900  samples_per_sec_per_gpu: 8.7200  max_mem_allocated_mb: 143.9000  max_mem_reserved_mb: 11086.0000
04/08 22:50:54 - mmengine - INFO - Epoch(train)  [9][2700/5000]  lr: 1.9740e-04  eta: 2:28:45  time: 0.4706  data_time: 0.0064  memory: 10359  grad_norm: 1.6368  loss: 0.6888  loss_heatmap: 0.2549  layer_-1_loss_cls: 0.0602  layer_-1_loss_bbox: 0.3737  matched_ious: 0.5679  sec_per_iter: 0.4583  iters_per_sec: 2.1800  samples_per_sec: 34.9100  samples_per_sec_per_gpu: 8.7300  max_mem_allocated_mb: 143.9000  max_mem_reserved_mb: 11086.0000
04/08 22:51:18 - mmengine - INFO - Epoch(train)  [9][2750/5000]  lr: 1.9644e-04  eta: 2:28:19  time: 0.4773  data_time: 0.0061  memory: 10377  grad_norm: 1.5386  loss: 0.6545  loss_heatmap: 0.2484  layer_-1_loss_cls: 0.0616  layer_-1_loss_bbox: 0.3446  matched_ious: 0.5657  sec_per_iter: 0.4585  iters_per_sec: 2.1800  samples_per_sec: 34.8900  samples_per_sec_per_gpu: 8.7200  max_mem_allocated_mb: 143.9000  max_mem_reserved_mb: 11086.0000
04/08 22:51:41 - mmengine - INFO - Epoch(train)  [9][2800/5000]  lr: 1.9549e-04  eta: 2:27:51  time: 0.4509  data_time: 0.0054  memory: 10451  grad_norm: 1.6634  loss: 0.7113  loss_heatmap: 0.2714  layer_-1_loss_cls: 0.0625  layer_-1_loss_bbox: 0.3774  matched_ious: 0.5362  sec_per_iter: 0.4589  iters_per_sec: 2.1800  samples_per_sec: 34.8700  samples_per_sec_per_gpu: 8.7200  max_mem_allocated_mb: 143.9000  max_mem_reserved_mb: 11086.0000
04/08 22:52:04 - mmengine - INFO - Epoch(train)  [9][2850/5000]  lr: 1.9453e-04  eta: 2:27:25  time: 0.4590  data_time: 0.0062  memory: 10383  grad_norm: 1.6166  loss: 0.6524  loss_heatmap: 0.2479  layer_-1_loss_cls: 0.0617  layer_-1_loss_bbox: 0.3428  matched_ious: 0.5274  sec_per_iter: 0.4587  iters_per_sec: 2.1800  samples_per_sec: 34.8800  samples_per_sec_per_gpu: 8.7200  max_mem_allocated_mb: 143.9000  max_mem_reserved_mb: 11086.0000
04/08 22:52:27 - mmengine - INFO - Epoch(train)  [9][2900/5000]  lr: 1.9357e-04  eta: 2:26:58  time: 0.4680  data_time: 0.0063  memory: 10425  grad_norm: 1.6783  loss: 0.6612  loss_heatmap: 0.2499  layer_-1_loss_cls: 0.0619  layer_-1_loss_bbox: 0.3494  matched_ious: 0.5695  sec_per_iter: 0.4587  iters_per_sec: 2.1800  samples_per_sec: 34.8800  samples_per_sec_per_gpu: 8.7200  max_mem_allocated_mb: 143.9000  max_mem_reserved_mb: 11086.0000
04/08 22:52:49 - mmengine - INFO - Epoch(train)  [9][2950/5000]  lr: 1.9262e-04  eta: 2:26:31  time: 0.4457  data_time: 0.0059  memory: 10537  grad_norm: 1.7210  loss: 0.7524  loss_heatmap: 0.2799  layer_-1_loss_cls: 0.0662  layer_-1_loss_bbox: 0.4062  matched_ious: 0.5552  sec_per_iter: 0.4589  iters_per_sec: 2.1800  samples_per_sec: 34.8700  samples_per_sec_per_gpu: 8.7200  max_mem_allocated_mb: 143.9000  max_mem_reserved_mb: 11086.0000
04/08 22:53:12 - mmengine - INFO - Exp name: zod_lidar_only_continue_20260408_160451
04/08 22:53:12 - mmengine - INFO - Epoch(train)  [9][3000/5000]  lr: 1.9166e-04  eta: 2:26:04  time: 0.4544  data_time: 0.0055  memory: 10501  grad_norm: 1.6153  loss: 0.7187  loss_heatmap: 0.2720  layer_-1_loss_cls: 0.0635  layer_-1_loss_bbox: 0.3831  matched_ious: 0.5636  sec_per_iter: 0.4587  iters_per_sec: 2.1800  samples_per_sec: 34.8800  samples_per_sec_per_gpu: 8.7200  max_mem_allocated_mb: 143.9000  max_mem_reserved_mb: 11086.0000
04/08 22:53:35 - mmengine - INFO - Epoch(train)  [9][3050/5000]  lr: 1.9071e-04  eta: 2:25:37  time: 0.4470  data_time: 0.0055  memory: 10615  grad_norm: 1.6513  loss: 0.6746  loss_heatmap: 0.2484  layer_-1_loss_cls: 0.0605  layer_-1_loss_bbox: 0.3657  matched_ious: 0.5578  sec_per_iter: 0.4586  iters_per_sec: 2.1800  samples_per_sec: 34.8900  samples_per_sec_per_gpu: 8.7200  max_mem_allocated_mb: 143.9000  max_mem_reserved_mb: 11086.0000
04/08 22:53:57 - mmengine - INFO - Epoch(train)  [9][3100/5000]  lr: 1.8975e-04  eta: 2:25:10  time: 0.4549  data_time: 0.0066  memory: 10493  grad_norm: 1.6248  loss: 0.6442  loss_heatmap: 0.2402  layer_-1_loss_cls: 0.0599  layer_-1_loss_bbox: 0.3441  matched_ious: 0.6038  sec_per_iter: 0.4584  iters_per_sec: 2.1800  samples_per_sec: 34.9000  samples_per_sec_per_gpu: 8.7300  max_mem_allocated_mb: 143.9000  max_mem_reserved_mb: 11086.0000
04/08 22:54:19 - mmengine - INFO - Epoch(train)  [9][3150/5000]  lr: 1.8880e-04  eta: 2:24:42  time: 0.4423  data_time: 0.0055  memory: 10457  grad_norm: 1.6145  loss: 0.6638  loss_heatmap: 0.2525  layer_-1_loss_cls: 0.0587  layer_-1_loss_bbox: 0.3526  matched_ious: 0.4643  sec_per_iter: 0.4584  iters_per_sec: 2.1800  samples_per_sec: 34.9100  samples_per_sec_per_gpu: 8.7300  max_mem_allocated_mb: 143.9000  max_mem_reserved_mb: 11086.0000
04/08 22:54:42 - mmengine - INFO - Epoch(train)  [9][3200/5000]  lr: 1.8785e-04  eta: 2:24:15  time: 0.4451  data_time: 0.0055  memory: 10419  grad_norm: 1.7300  loss: 0.6637  loss_heatmap: 0.2546  layer_-1_loss_cls: 0.0620  layer_-1_loss_bbox: 0.3471  matched_ious: 0.5990  sec_per_iter: 0.4581  iters_per_sec: 2.1800  samples_per_sec: 34.9300  samples_per_sec_per_gpu: 8.7300  max_mem_allocated_mb: 143.9000  max_mem_reserved_mb: 11086.0000
04/08 22:55:05 - mmengine - INFO - Epoch(train)  [9][3250/5000]  lr: 1.8690e-04  eta: 2:23:48  time: 0.4591  data_time: 0.0057  memory: 10619  grad_norm: 1.6866  loss: 0.6911  loss_heatmap: 0.2645  layer_-1_loss_cls: 0.0656  layer_-1_loss_bbox: 0.3611  matched_ious: 0.5750  sec_per_iter: 0.4579  iters_per_sec: 2.1800  samples_per_sec: 34.9400  samples_per_sec_per_gpu: 8.7400  max_mem_allocated_mb: 143.9000  max_mem_reserved_mb: 11086.0000
04/08 22:55:27 - mmengine - INFO - Epoch(train)  [9][3300/5000]  lr: 1.8595e-04  eta: 2:23:21  time: 0.4499  data_time: 0.0068  memory: 10427  grad_norm: 1.7030  loss: 0.6770  loss_heatmap: 0.2600  layer_-1_loss_cls: 0.0612  layer_-1_loss_bbox: 0.3558  matched_ious: 0.5406  sec_per_iter: 0.4579  iters_per_sec: 2.1800  samples_per_sec: 34.9400  samples_per_sec_per_gpu: 8.7400  max_mem_allocated_mb: 143.9000  max_mem_reserved_mb: 11086.0000
04/08 22:55:50 - mmengine - INFO - Epoch(train)  [9][3350/5000]  lr: 1.8500e-04  eta: 2:22:55  time: 0.4599  data_time: 0.0079  memory: 10355  grad_norm: 1.7632  loss: 0.6891  loss_heatmap: 0.2652  layer_-1_loss_cls: 0.0614  layer_-1_loss_bbox: 0.3625  matched_ious: 0.5615  sec_per_iter: 0.4578  iters_per_sec: 2.1800  samples_per_sec: 34.9500  samples_per_sec_per_gpu: 8.7400  max_mem_allocated_mb: 143.9000  max_mem_reserved_mb: 11086.0000
04/08 22:56:13 - mmengine - INFO - Epoch(train)  [9][3400/5000]  lr: 1.8405e-04  eta: 2:22:28  time: 0.4595  data_time: 0.0069  memory: 10406  grad_norm: 1.6396  loss: 0.6669  loss_heatmap: 0.2600  layer_-1_loss_cls: 0.0624  layer_-1_loss_bbox: 0.3444  matched_ious: 0.5760  sec_per_iter: 0.4578  iters_per_sec: 2.1800  samples_per_sec: 34.9500  samples_per_sec_per_gpu: 8.7400  max_mem_allocated_mb: 143.9000  max_mem_reserved_mb: 11086.0000
04/08 22:56:35 - mmengine - INFO - Epoch(train)  [9][3450/5000]  lr: 1.8311e-04  eta: 2:22:01  time: 0.4410  data_time: 0.0061  memory: 10309  grad_norm: 1.6077  loss: 0.6873  loss_heatmap: 0.2565  layer_-1_loss_cls: 0.0611  layer_-1_loss_bbox: 0.3697  matched_ious: 0.5635  sec_per_iter: 0.4579  iters_per_sec: 2.1800  samples_per_sec: 34.9500  samples_per_sec_per_gpu: 8.7400  max_mem_allocated_mb: 143.9000  max_mem_reserved_mb: 11086.0000
04/08 22:56:58 - mmengine - INFO - Epoch(train)  [9][3500/5000]  lr: 1.8216e-04  eta: 2:21:34  time: 0.4626  data_time: 0.0055  memory: 10534  grad_norm: 1.5834  loss: 0.6558  loss_heatmap: 0.2497  layer_-1_loss_cls: 0.0564  layer_-1_loss_bbox: 0.3497  matched_ious: 0.5665  sec_per_iter: 0.4576  iters_per_sec: 2.1900  samples_per_sec: 34.9600  samples_per_sec_per_gpu: 8.7400  max_mem_allocated_mb: 143.9000  max_mem_reserved_mb: 11086.0000
04/08 22:57:21 - mmengine - INFO - Epoch(train)  [9][3550/5000]  lr: 1.8122e-04  eta: 2:21:07  time: 0.4536  data_time: 0.0058  memory: 10578  grad_norm: 1.6388  loss: 0.7230  loss_heatmap: 0.2789  layer_-1_loss_cls: 0.0616  layer_-1_loss_bbox: 0.3825  matched_ious: 0.5853  sec_per_iter: 0.4577  iters_per_sec: 2.1800  samples_per_sec: 34.9600  samples_per_sec_per_gpu: 8.7400  max_mem_allocated_mb: 143.9000  max_mem_reserved_mb: 11086.0000
04/08 22:57:45 - mmengine - INFO - Epoch(train)  [9][3600/5000]  lr: 1.8027e-04  eta: 2:20:40  time: 0.4734  data_time: 0.0094  memory: 10362  grad_norm: 1.7175  loss: 0.7030  loss_heatmap: 0.2695  layer_-1_loss_cls: 0.0667  layer_-1_loss_bbox: 0.3667  matched_ious: 0.6003  sec_per_iter: 0.4576  iters_per_sec: 2.1900  samples_per_sec: 34.9600  samples_per_sec_per_gpu: 8.7400  max_mem_allocated_mb: 143.9000  max_mem_reserved_mb: 11086.0000
04/08 22:58:09 - mmengine - INFO - Epoch(train)  [9][3650/5000]  lr: 1.7933e-04  eta: 2:20:14  time: 0.4826  data_time: 0.0087  memory: 10511  grad_norm: 1.6474  loss: 0.6810  loss_heatmap: 0.2575  layer_-1_loss_cls: 0.0596  layer_-1_loss_bbox: 0.3640  matched_ious: 0.5970  sec_per_iter: 0.4578  iters_per_sec: 2.1800  samples_per_sec: 34.9500  samples_per_sec_per_gpu: 8.7400  max_mem_allocated_mb: 143.9000  max_mem_reserved_mb: 11086.0000
04/08 22:58:31 - mmengine - INFO - Epoch(train)  [9][3700/5000]  lr: 1.7839e-04  eta: 2:19:47  time: 0.4495  data_time: 0.0072  memory: 10374  grad_norm: 1.7153  loss: 0.6796  loss_heatmap: 0.2665  layer_-1_loss_cls: 0.0603  layer_-1_loss_bbox: 0.3528  matched_ious: 0.6140  sec_per_iter: 0.4582  iters_per_sec: 2.1800  samples_per_sec: 34.9200  samples_per_sec_per_gpu: 8.7300  max_mem_allocated_mb: 143.9000  max_mem_reserved_mb: 11086.0000
04/08 22:58:55 - mmengine - INFO - Epoch(train)  [9][3750/5000]  lr: 1.7745e-04  eta: 2:19:21  time: 0.4665  data_time: 0.0062  memory: 10245  grad_norm: 1.8428  loss: 0.7376  loss_heatmap: 0.2773  layer_-1_loss_cls: 0.0631  layer_-1_loss_bbox: 0.3972  matched_ious: 0.5459  sec_per_iter: 0.4581  iters_per_sec: 2.1800  samples_per_sec: 34.9300  samples_per_sec_per_gpu: 8.7300  max_mem_allocated_mb: 143.9000  max_mem_reserved_mb: 11086.0000
04/08 22:59:18 - mmengine - INFO - Epoch(train)  [9][3800/5000]  lr: 1.7651e-04  eta: 2:18:54  time: 0.4653  data_time: 0.0077  memory: 10370  grad_norm: 1.7451  loss: 0.7257  loss_heatmap: 0.2646  layer_-1_loss_cls: 0.0636  layer_-1_loss_bbox: 0.3974  matched_ious: 0.5884  sec_per_iter: 0.4582  iters_per_sec: 2.1800  samples_per_sec: 34.9200  samples_per_sec_per_gpu: 8.7300  max_mem_allocated_mb: 143.9000  max_mem_reserved_mb: 11086.0000
04/08 22:59:40 - mmengine - INFO - Epoch(train)  [9][3850/5000]  lr: 1.7557e-04  eta: 2:18:27  time: 0.4461  data_time: 0.0064  memory: 10474  grad_norm: 1.8431  loss: 0.7017  loss_heatmap: 0.2646  layer_-1_loss_cls: 0.0629  layer_-1_loss_bbox: 0.3742  matched_ious: 0.5698  sec_per_iter: 0.4583  iters_per_sec: 2.1800  samples_per_sec: 34.9100  samples_per_sec_per_gpu: 8.7300  max_mem_allocated_mb: 143.9000  max_mem_reserved_mb: 11086.0000
04/08 23:00:03 - mmengine - INFO - Epoch(train)  [9][3900/5000]  lr: 1.7464e-04  eta: 2:18:00  time: 0.4629  data_time: 0.0059  memory: 10504  grad_norm: 1.8699  loss: 0.6877  loss_heatmap: 0.2516  layer_-1_loss_cls: 0.0580  layer_-1_loss_bbox: 0.3781  matched_ious: 0.5619  sec_per_iter: 0.4581  iters_per_sec: 2.1800  samples_per_sec: 34.9300  samples_per_sec_per_gpu: 8.7300  max_mem_allocated_mb: 143.9000  max_mem_reserved_mb: 11086.0000
04/08 23:00:27 - mmengine - INFO - Epoch(train)  [9][3950/5000]  lr: 1.7370e-04  eta: 2:17:34  time: 0.4669  data_time: 0.0055  memory: 10309  grad_norm: 1.7284  loss: 0.6889  loss_heatmap: 0.2666  layer_-1_loss_cls: 0.0625  layer_-1_loss_bbox: 0.3598  matched_ious: 0.5860  sec_per_iter: 0.4582  iters_per_sec: 2.1800  samples_per_sec: 34.9200  samples_per_sec_per_gpu: 8.7300  max_mem_allocated_mb: 143.9000  max_mem_reserved_mb: 11086.0000
04/08 23:00:49 - mmengine - INFO - Exp name: zod_lidar_only_continue_20260408_160451
04/08 23:00:49 - mmengine - INFO - Epoch(train)  [9][4000/5000]  lr: 1.7277e-04  eta: 2:17:07  time: 0.4519  data_time: 0.0067  memory: 10368  grad_norm: 1.6566  loss: 0.6431  loss_heatmap: 0.2459  layer_-1_loss_cls: 0.0591  layer_-1_loss_bbox: 0.3381  matched_ious: 0.5838  sec_per_iter: 0.4583  iters_per_sec: 2.1800  samples_per_sec: 34.9100  samples_per_sec_per_gpu: 8.7300  max_mem_allocated_mb: 143.9000  max_mem_reserved_mb: 11086.0000
04/08 23:01:12 - mmengine - INFO - Epoch(train)  [9][4050/5000]  lr: 1.7183e-04  eta: 2:16:40  time: 0.4534  data_time: 0.0058  memory: 10451  grad_norm: 1.7253  loss: 0.7088  loss_heatmap: 0.2694  layer_-1_loss_cls: 0.0603  layer_-1_loss_bbox: 0.3791  matched_ious: 0.5395  sec_per_iter: 0.4582  iters_per_sec: 2.1800  samples_per_sec: 34.9200  samples_per_sec_per_gpu: 8.7300  max_mem_allocated_mb: 143.9000  max_mem_reserved_mb: 11086.0000
04/08 23:01:35 - mmengine - INFO - Epoch(train)  [9][4100/5000]  lr: 1.7090e-04  eta: 2:16:13  time: 0.4552  data_time: 0.0052  memory: 10356  grad_norm: 1.6015  loss: 0.6681  loss_heatmap: 0.2491  layer_-1_loss_cls: 0.0577  layer_-1_loss_bbox: 0.3613  matched_ious: 0.5627  sec_per_iter: 0.4582  iters_per_sec: 2.1800  samples_per_sec: 34.9200  samples_per_sec_per_gpu: 8.7300  max_mem_allocated_mb: 143.9000  max_mem_reserved_mb: 11086.0000
04/08 23:01:58 - mmengine - INFO - Epoch(train)  [9][4150/5000]  lr: 1.6997e-04  eta: 2:15:47  time: 0.4651  data_time: 0.0076  memory: 10467  grad_norm: 1.5193  loss: 0.6408  loss_heatmap: 0.2449  layer_-1_loss_cls: 0.0585  layer_-1_loss_bbox: 0.3373  matched_ious: 0.5638  sec_per_iter: 0.4581  iters_per_sec: 2.1800  samples_per_sec: 34.9300  samples_per_sec_per_gpu: 8.7300  max_mem_allocated_mb: 143.9000  max_mem_reserved_mb: 11086.0000
04/08 23:02:20 - mmengine - INFO - Epoch(train)  [9][4200/5000]  lr: 1.6904e-04  eta: 2:15:20  time: 0.4410  data_time: 0.0060  memory: 10298  grad_norm: nan  loss: 0.6872  loss_heatmap: 0.2489  layer_-1_loss_cls: 0.0563  layer_-1_loss_bbox: 0.3820  matched_ious: 0.5506  sec_per_iter: 0.4582  iters_per_sec: 2.1800  samples_per_sec: 34.9200  samples_per_sec_per_gpu: 8.7300  max_mem_allocated_mb: 143.9000  max_mem_reserved_mb: 11086.0000
04/08 23:02:42 - mmengine - INFO - Epoch(train)  [9][4250/5000]  lr: 1.6811e-04  eta: 2:14:53  time: 0.4458  data_time: 0.0055  memory: 10385  grad_norm: 1.7452  loss: 0.6826  loss_heatmap: 0.2670  layer_-1_loss_cls: 0.0598  layer_-1_loss_bbox: 0.3559  matched_ious: 0.5499  sec_per_iter: 0.4580  iters_per_sec: 2.1800  samples_per_sec: 34.9300  samples_per_sec_per_gpu: 8.7300  max_mem_allocated_mb: 143.9000  max_mem_reserved_mb: 11086.0000
04/08 23:03:05 - mmengine - INFO - Epoch(train)  [9][4300/5000]  lr: 1.6719e-04  eta: 2:14:26  time: 0.4469  data_time: 0.0064  memory: 10476  grad_norm: 1.7183  loss: 0.6633  loss_heatmap: 0.2523  layer_-1_loss_cls: 0.0585  layer_-1_loss_bbox: 0.3525  matched_ious: 0.5706  sec_per_iter: 0.4579  iters_per_sec: 2.1800  samples_per_sec: 34.9500  samples_per_sec_per_gpu: 8.7400  max_mem_allocated_mb: 143.9000  max_mem_reserved_mb: 11086.0000
04/08 23:03:27 - mmengine - INFO - Epoch(train)  [9][4350/5000]  lr: 1.6626e-04  eta: 2:13:59  time: 0.4477  data_time: 0.0061  memory: 10480  grad_norm: 1.7233  loss: 0.6526  loss_heatmap: 0.2477  layer_-1_loss_cls: 0.0597  layer_-1_loss_bbox: 0.3452  matched_ious: 0.5499  sec_per_iter: 0.4577  iters_per_sec: 2.1800  samples_per_sec: 34.9500  samples_per_sec_per_gpu: 8.7400  max_mem_allocated_mb: 143.9000  max_mem_reserved_mb: 11086.0000
04/08 23:03:50 - mmengine - INFO - Epoch(train)  [9][4400/5000]  lr: 1.6534e-04  eta: 2:13:32  time: 0.4557  data_time: 0.0061  memory: 10485  grad_norm: 2.0354  loss: 0.7509  loss_heatmap: 0.2807  layer_-1_loss_cls: 0.0657  layer_-1_loss_bbox: 0.4046  matched_ious: 0.5841  sec_per_iter: 0.4576  iters_per_sec: 2.1900  samples_per_sec: 34.9600  samples_per_sec_per_gpu: 8.7400  max_mem_allocated_mb: 143.9000  max_mem_reserved_mb: 11086.0000
04/08 23:04:12 - mmengine - INFO - Epoch(train)  [9][4450/5000]  lr: 1.6441e-04  eta: 2:13:05  time: 0.4492  data_time: 0.0056  memory: 10338  grad_norm: 1.5425  loss: 0.7012  loss_heatmap: 0.2642  layer_-1_loss_cls: 0.0641  layer_-1_loss_bbox: 0.3729  matched_ious: 0.5336  sec_per_iter: 0.4576  iters_per_sec: 2.1900  samples_per_sec: 34.9700  samples_per_sec_per_gpu: 8.7400  max_mem_allocated_mb: 143.9000  max_mem_reserved_mb: 11086.0000
04/08 23:04:35 - mmengine - INFO - Epoch(train)  [9][4500/5000]  lr: 1.6349e-04  eta: 2:12:39  time: 0.4606  data_time: 0.0060  memory: 10349  grad_norm: 1.6618  loss: 0.6687  loss_heatmap: 0.2544  layer_-1_loss_cls: 0.0600  layer_-1_loss_bbox: 0.3544  matched_ious: 0.5896  sec_per_iter: 0.4575  iters_per_sec: 2.1900  samples_per_sec: 34.9700  samples_per_sec_per_gpu: 8.7400  max_mem_allocated_mb: 143.9000  max_mem_reserved_mb: 11086.0000
04/08 23:04:57 - mmengine - INFO - Epoch(train)  [9][4550/5000]  lr: 1.6257e-04  eta: 2:12:12  time: 0.4337  data_time: 0.0059  memory: 10430  grad_norm: 1.6826  loss: 0.6456  loss_heatmap: 0.2392  layer_-1_loss_cls: 0.0579  layer_-1_loss_bbox: 0.3486  matched_ious: 0.5532  sec_per_iter: 0.4575  iters_per_sec: 2.1900  samples_per_sec: 34.9700  samples_per_sec_per_gpu: 8.7400  max_mem_allocated_mb: 143.9000  max_mem_reserved_mb: 11086.0000
04/08 23:05:21 - mmengine - INFO - Epoch(train)  [9][4600/5000]  lr: 1.6165e-04  eta: 2:11:46  time: 0.4787  data_time: 0.0056  memory: 10507  grad_norm: 1.8280  loss: 0.6554  loss_heatmap: 0.2604  layer_-1_loss_cls: 0.0612  layer_-1_loss_bbox: 0.3338  matched_ious: 0.5861  sec_per_iter: 0.4573  iters_per_sec: 2.1900  samples_per_sec: 34.9900  samples_per_sec_per_gpu: 8.7500  max_mem_allocated_mb: 143.9000  max_mem_reserved_mb: 11086.0000
04/08 23:05:44 - mmengine - INFO - Epoch(train)  [9][4650/5000]  lr: 1.6074e-04  eta: 2:11:19  time: 0.4559  data_time: 0.0057  memory: 10394  grad_norm: 1.4920  loss: 0.6467  loss_heatmap: 0.2374  layer_-1_loss_cls: 0.0574  layer_-1_loss_bbox: 0.3519  matched_ious: 0.5793  sec_per_iter: 0.4575  iters_per_sec: 2.1900  samples_per_sec: 34.9700  samples_per_sec_per_gpu: 8.7400  max_mem_allocated_mb: 143.9000  max_mem_reserved_mb: 11086.0000
04/08 23:06:06 - mmengine - INFO - Epoch(train)  [9][4700/5000]  lr: 1.5982e-04  eta: 2:10:52  time: 0.4503  data_time: 0.0078  memory: 10467  grad_norm: 1.7957  loss: 0.6807  loss_heatmap: 0.2491  layer_-1_loss_cls: 0.0587  layer_-1_loss_bbox: 0.3730  matched_ious: 0.5749  sec_per_iter: 0.4575  iters_per_sec: 2.1900  samples_per_sec: 34.9700  samples_per_sec_per_gpu: 8.7400  max_mem_allocated_mb: 143.9000  max_mem_reserved_mb: 11086.0000
04/08 23:06:30 - mmengine - INFO - Epoch(train)  [9][4750/5000]  lr: 1.5890e-04  eta: 2:10:26  time: 0.4737  data_time: 0.0054  memory: 10377  grad_norm: 1.7282  loss: 0.6597  loss_heatmap: 0.2532  layer_-1_loss_cls: 0.0584  layer_-1_loss_bbox: 0.3481  matched_ious: 0.6062  sec_per_iter: 0.4574  iters_per_sec: 2.1900  samples_per_sec: 34.9800  samples_per_sec_per_gpu: 8.7400  max_mem_allocated_mb: 143.9000  max_mem_reserved_mb: 11086.0000
04/08 23:06:53 - mmengine - INFO - Epoch(train)  [9][4800/5000]  lr: 1.5799e-04  eta: 2:09:59  time: 0.4512  data_time: 0.0071  memory: 10409  grad_norm: 1.8043  loss: 0.6717  loss_heatmap: 0.2513  layer_-1_loss_cls: 0.0572  layer_-1_loss_bbox: 0.3631  matched_ious: 0.5454  sec_per_iter: 0.4576  iters_per_sec: 2.1900  samples_per_sec: 34.9700  samples_per_sec_per_gpu: 8.7400  max_mem_allocated_mb: 143.9000  max_mem_reserved_mb: 11086.0000
04/08 23:07:15 - mmengine - INFO - Epoch(train)  [9][4850/5000]  lr: 1.5708e-04  eta: 2:09:32  time: 0.4530  data_time: 0.0059  memory: 10311  grad_norm: 1.8127  loss: 0.6523  loss_heatmap: 0.2435  layer_-1_loss_cls: 0.0553  layer_-1_loss_bbox: 0.3534  matched_ious: 0.5782  sec_per_iter: 0.4575  iters_per_sec: 2.1900  samples_per_sec: 34.9700  samples_per_sec_per_gpu: 8.7400  max_mem_allocated_mb: 143.9000  max_mem_reserved_mb: 11086.0000
04/08 23:07:38 - mmengine - INFO - Epoch(train)  [9][4900/5000]  lr: 1.5617e-04  eta: 2:09:06  time: 0.4514  data_time: 0.0057  memory: 10413  grad_norm: 1.7537  loss: 0.6657  loss_heatmap: 0.2545  layer_-1_loss_cls: 0.0585  layer_-1_loss_bbox: 0.3528  matched_ious: 0.5347  sec_per_iter: 0.4575  iters_per_sec: 2.1900  samples_per_sec: 34.9700  samples_per_sec_per_gpu: 8.7400  max_mem_allocated_mb: 143.9000  max_mem_reserved_mb: 11086.0000
04/08 23:08:00 - mmengine - INFO - Epoch(train)  [9][4950/5000]  lr: 1.5526e-04  eta: 2:08:39  time: 0.4529  data_time: 0.0069  memory: 10384  grad_norm: 1.8068  loss: 0.7475  loss_heatmap: 0.2864  layer_-1_loss_cls: 0.0614  layer_-1_loss_bbox: 0.3997  matched_ious: 0.5880  sec_per_iter: 0.4574  iters_per_sec: 2.1900  samples_per_sec: 34.9800  samples_per_sec_per_gpu: 8.7400  max_mem_allocated_mb: 143.9000  max_mem_reserved_mb: 11086.0000
04/08 23:08:23 - mmengine - INFO - Exp name: zod_lidar_only_continue_20260408_160451
04/08 23:08:23 - mmengine - INFO - Epoch(train)  [9][5000/5000]  lr: 1.5435e-04  eta: 2:08:13  time: 0.4595  data_time: 0.0055  memory: 10443  grad_norm: 1.5658  loss: 0.6013  loss_heatmap: 0.2248  layer_-1_loss_cls: 0.0564  layer_-1_loss_bbox: 0.3201  matched_ious: 0.5354  sec_per_iter: 0.4574  iters_per_sec: 2.1900  samples_per_sec: 34.9800  samples_per_sec_per_gpu: 8.7500  max_mem_allocated_mb: 143.9000  max_mem_reserved_mb: 11086.0000
04/08 23:08:23 - mmengine - INFO - [Efficiency] Epoch 9: wall=2287.0s  iters=5000  sec/iter=0.457  mem_alloc=144MB  mem_rsv=11086MB
04/08 23:08:30 - mmengine - INFO - Epoch(val)  [9][  50/1250]    eta: 0:02:42  time: 0.1350  data_time: 0.0040  memory: 2447  
04/08 23:08:37 - mmengine - INFO - Epoch(val)  [9][ 100/1250]    eta: 0:02:32  time: 0.1302  data_time: 0.0018  memory: 2447  
04/08 23:08:43 - mmengine - INFO - Epoch(val)  [9][ 150/1250]    eta: 0:02:25  time: 0.1303  data_time: 0.0022  memory: 2447  
04/08 23:08:50 - mmengine - INFO - Epoch(val)  [9][ 200/1250]    eta: 0:02:18  time: 0.1326  data_time: 0.0021  memory: 2447  
04/08 23:08:56 - mmengine - INFO - Epoch(val)  [9][ 250/1250]    eta: 0:02:11  time: 0.1303  data_time: 0.0018  memory: 2447  
04/08 23:09:03 - mmengine - INFO - Epoch(val)  [9][ 300/1250]    eta: 0:02:05  time: 0.1347  data_time: 0.0021  memory: 2447  
04/08 23:09:10 - mmengine - INFO - Epoch(val)  [9][ 350/1250]    eta: 0:01:58  time: 0.1307  data_time: 0.0017  memory: 2447  
04/08 23:09:16 - mmengine - INFO - Epoch(val)  [9][ 400/1250]    eta: 0:01:51  time: 0.1295  data_time: 0.0020  memory: 2447  
04/08 23:09:23 - mmengine - INFO - Epoch(val)  [9][ 450/1250]    eta: 0:01:45  time: 0.1330  data_time: 0.0020  memory: 2447  
04/08 23:09:30 - mmengine - INFO - Epoch(val)  [9][ 500/1250]    eta: 0:01:39  time: 0.1385  data_time: 0.0026  memory: 2447  
04/08 23:09:36 - mmengine - INFO - Epoch(val)  [9][ 550/1250]    eta: 0:01:32  time: 0.1316  data_time: 0.0017  memory: 2447  
04/08 23:09:43 - mmengine - INFO - Epoch(val)  [9][ 600/1250]    eta: 0:01:26  time: 0.1338  data_time: 0.0018  memory: 2447  
04/08 23:09:50 - mmengine - INFO - Epoch(val)  [9][ 650/1250]    eta: 0:01:19  time: 0.1357  data_time: 0.0029  memory: 2447  
04/08 23:09:56 - mmengine - INFO - Epoch(val)  [9][ 700/1250]    eta: 0:01:12  time: 0.1254  data_time: 0.0016  memory: 2447  
04/08 23:10:02 - mmengine - INFO - Epoch(val)  [9][ 750/1250]    eta: 0:01:05  time: 0.1278  data_time: 0.0017  memory: 2447  
04/08 23:10:09 - mmengine - INFO - Epoch(val)  [9][ 800/1250]    eta: 0:00:59  time: 0.1247  data_time: 0.0016  memory: 2447  
04/08 23:10:15 - mmengine - INFO - Epoch(val)  [9][ 850/1250]    eta: 0:00:52  time: 0.1281  data_time: 0.0017  memory: 2447  
04/08 23:10:22 - mmengine - INFO - Epoch(val)  [9][ 900/1250]    eta: 0:00:45  time: 0.1301  data_time: 0.0016  memory: 2447  
04/08 23:10:28 - mmengine - INFO - Epoch(val)  [9][ 950/1250]    eta: 0:00:39  time: 0.1279  data_time: 0.0021  memory: 2447  
04/08 23:10:34 - mmengine - INFO - Epoch(val)  [9][1000/1250]    eta: 0:00:32  time: 0.1238  data_time: 0.0021  memory: 2447  
04/08 23:10:41 - mmengine - INFO - Epoch(val)  [9][1050/1250]    eta: 0:00:26  time: 0.1319  data_time: 0.0016  memory: 2446  
04/08 23:10:47 - mmengine - INFO - Epoch(val)  [9][1100/1250]    eta: 0:00:19  time: 0.1341  data_time: 0.0015  memory: 2446  
04/08 23:10:54 - mmengine - INFO - Epoch(val)  [9][1150/1250]    eta: 0:00:13  time: 0.1277  data_time: 0.0015  memory: 2447  
04/08 23:11:00 - mmengine - INFO - Epoch(val)  [9][1200/1250]    eta: 0:00:06  time: 0.1302  data_time: 0.0019  memory: 2447  
04/08 23:11:07 - mmengine - INFO - Epoch(val)  [9][1250/1250]    eta: 0:00:00  time: 0.1281  data_time: 0.0015  memory: 2447  
04/08 23:12:25 - mmengine - INFO - 
+------------+---------+---------+---------+---------+
| classes    | AP_0.25 | AR_0.25 | AP_0.50 | AR_0.50 |
+------------+---------+---------+---------+---------+
| pedestrian | 0.7482  | 0.9314  | 0.5321  | 0.7121  |
+------------+---------+---------+---------+---------+
| Overall    | 0.7482  | 0.9314  | 0.5321  | 0.7121  |
+------------+---------+---------+---------+---------+
04/08 23:12:48 - mmengine - INFO - 
+------------+---------+---------+---------+---------+---------+---------+
| classes    | AP_0.5m | AR_0.5m | AP_1.0m | AR_1.0m | AP_2.0m | AR_2.0m |
+------------+---------+---------+---------+---------+---------+---------+
| pedestrian | 0.7642  | 0.9551  | 0.7716  | 0.9625  | 0.7770  | 0.9676  |
+------------+---------+---------+---------+---------+---------+---------+
| Overall    | 0.7642  | 0.9551  | 0.7716  | 0.9625  | 0.7770  | 0.9676  |
+------------+---------+---------+---------+---------+---------+---------+
04/08 23:12:49 - mmengine - INFO - Epoch(val) [9][1250/1250]    pedestrian_AP_0.25: 0.7482  mAP_0.25: 0.7482  pedestrian_rec_0.25: 0.9314  mAR_0.25: 0.9314  pedestrian_AP_0.50: 0.5321  mAP_0.50: 0.5321  pedestrian_rec_0.50: 0.7121  mAR_0.50: 0.7121  pedestrian_AP_0.5m: 0.7642  pedestrian_rec_0.5m: 0.9551  pedestrian_AP_1.0m: 0.7716  pedestrian_rec_1.0m: 0.9625  pedestrian_AP_2.0m: 0.7770  pedestrian_rec_2.0m: 0.9676  mAP_0.5m: 0.7642  mAR_0.5m: 0.9551  mAP_1.0m: 0.7716  mAR_1.0m: 0.9625  mAP_2.0m: 0.7770  mAR_2.0m: 0.9676  data_time: 0.0020  time: 0.1306
04/08 23:13:13 - mmengine - INFO - Epoch(train) [10][  50/5000]  lr: 1.5344e-04  eta: 2:07:46  time: 0.4746  data_time: 0.0171  memory: 10506  grad_norm: 1.6857  loss: 0.6530  loss_heatmap: 0.2438  layer_-1_loss_cls: 0.0562  layer_-1_loss_bbox: 0.3529  matched_ious: 0.5964  sec_per_iter: 0.4574  iters_per_sec: 2.1900  samples_per_sec: 34.9800  samples_per_sec_per_gpu: 8.7500  max_mem_allocated_mb: 143.9000  max_mem_reserved_mb: 11086.0000
04/08 23:13:36 - mmengine - INFO - Epoch(train) [10][ 100/5000]  lr: 1.5254e-04  eta: 2:07:20  time: 0.4610  data_time: 0.0065  memory: 10490  grad_norm: 1.6299  loss: 0.7477  loss_heatmap: 0.2725  layer_-1_loss_cls: 0.0621  layer_-1_loss_bbox: 0.4131  matched_ious: 0.5933  sec_per_iter: 0.4754  iters_per_sec: 2.1000  samples_per_sec: 33.6500  samples_per_sec_per_gpu: 8.4100  max_mem_allocated_mb: 143.9000  max_mem_reserved_mb: 11086.0000
04/08 23:13:58 - mmengine - INFO - Epoch(train) [10][ 150/5000]  lr: 1.5164e-04  eta: 2:06:53  time: 0.4488  data_time: 0.0063  memory: 10628  grad_norm: 1.6111  loss: 0.6765  loss_heatmap: 0.2572  layer_-1_loss_cls: 0.0561  layer_-1_loss_bbox: 0.3633  matched_ious: 0.5776  sec_per_iter: 0.4682  iters_per_sec: 2.1400  samples_per_sec: 34.1700  samples_per_sec_per_gpu: 8.5400  max_mem_allocated_mb: 143.9000  max_mem_reserved_mb: 11086.0000
04/08 23:14:21 - mmengine - INFO - Epoch(train) [10][ 200/5000]  lr: 1.5073e-04  eta: 2:06:27  time: 0.4604  data_time: 0.0095  memory: 10360  grad_norm: 1.5872  loss: 0.6303  loss_heatmap: 0.2301  layer_-1_loss_cls: 0.0508  layer_-1_loss_bbox: 0.3493  matched_ious: 0.5500  sec_per_iter: 0.4621  iters_per_sec: 2.1600  samples_per_sec: 34.6200  samples_per_sec_per_gpu: 8.6600  max_mem_allocated_mb: 143.9000  max_mem_reserved_mb: 11086.0000
04/08 23:14:43 - mmengine - INFO - Epoch(train) [10][ 250/5000]  lr: 1.4983e-04  eta: 2:06:00  time: 0.4440  data_time: 0.0055  memory: 10485  grad_norm: 1.7158  loss: 0.6093  loss_heatmap: 0.2279  layer_-1_loss_cls: 0.0519  layer_-1_loss_bbox: 0.3295  matched_ious: 0.5418  sec_per_iter: 0.4613  iters_per_sec: 2.1700  samples_per_sec: 34.6800  samples_per_sec_per_gpu: 8.6700  max_mem_allocated_mb: 143.9000  max_mem_reserved_mb: 11086.0000
04/08 23:15:06 - mmengine - INFO - Epoch(train) [10][ 300/5000]  lr: 1.4894e-04  eta: 2:05:33  time: 0.4558  data_time: 0.0061  memory: 10471  grad_norm: 1.6179  loss: 0.6225  loss_heatmap: 0.2343  layer_-1_loss_cls: 0.0549  layer_-1_loss_bbox: 0.3333  matched_ious: 0.5793  sec_per_iter: 0.4579  iters_per_sec: 2.1800  samples_per_sec: 34.9400  samples_per_sec_per_gpu: 8.7400  max_mem_allocated_mb: 143.9000  max_mem_reserved_mb: 11086.0000
04/08 23:15:30 - mmengine - INFO - Epoch(train) [10][ 350/5000]  lr: 1.4804e-04  eta: 2:05:07  time: 0.4659  data_time: 0.0093  memory: 10390  grad_norm: 1.6299  loss: 0.6218  loss_heatmap: 0.2357  layer_-1_loss_cls: 0.0578  layer_-1_loss_bbox: 0.3283  matched_ious: 0.5856  sec_per_iter: 0.4576  iters_per_sec: 2.1900  samples_per_sec: 34.9700  samples_per_sec_per_gpu: 8.7400  max_mem_allocated_mb: 143.9000  max_mem_reserved_mb: 11086.0000
04/08 23:15:52 - mmengine - INFO - Epoch(train) [10][ 400/5000]  lr: 1.4714e-04  eta: 2:04:40  time: 0.4586  data_time: 0.0059  memory: 10553  grad_norm: 1.5682  loss: 0.6383  loss_heatmap: 0.2369  layer_-1_loss_cls: 0.0570  layer_-1_loss_bbox: 0.3444  matched_ious: 0.5576  sec_per_iter: 0.4588  iters_per_sec: 2.1800  samples_per_sec: 34.8700  samples_per_sec_per_gpu: 8.7200  max_mem_allocated_mb: 143.9000  max_mem_reserved_mb: 11086.0000
04/08 23:16:14 - mmengine - INFO - Epoch(train) [10][ 450/5000]  lr: 1.4625e-04  eta: 2:04:14  time: 0.4390  data_time: 0.0053  memory: 10526  grad_norm: 1.6443  loss: 0.6421  loss_heatmap: 0.2413  layer_-1_loss_cls: 0.0580  layer_-1_loss_bbox: 0.3427  matched_ious: 0.5685  sec_per_iter: 0.4588  iters_per_sec: 2.1800  samples_per_sec: 34.8800  samples_per_sec_per_gpu: 8.7200  max_mem_allocated_mb: 143.9000  max_mem_reserved_mb: 11086.0000
04/08 23:16:38 - mmengine - INFO - Epoch(train) [10][ 500/5000]  lr: 1.4536e-04  eta: 2:03:47  time: 0.4657  data_time: 0.0072  memory: 10448  grad_norm: 1.5179  loss: 0.6380  loss_heatmap: 0.2400  layer_-1_loss_cls: 0.0565  layer_-1_loss_bbox: 0.3415  matched_ious: 0.5336  sec_per_iter: 0.4567  iters_per_sec: 2.1900  samples_per_sec: 35.0400  samples_per_sec_per_gpu: 8.7600  max_mem_allocated_mb: 143.9000  max_mem_reserved_mb: 11086.0000
04/08 23:17:00 - mmengine - INFO - Epoch(train) [10][ 550/5000]  lr: 1.4447e-04  eta: 2:03:21  time: 0.4492  data_time: 0.0056  memory: 10370  grad_norm: 1.5382  loss: 0.6489  loss_heatmap: 0.2346  layer_-1_loss_cls: 0.0549  layer_-1_loss_bbox: 0.3594  matched_ious: 0.5655  sec_per_iter: 0.4575  iters_per_sec: 2.1900  samples_per_sec: 34.9700  samples_per_sec_per_gpu: 8.7400  max_mem_allocated_mb: 143.9000  max_mem_reserved_mb: 11086.0000
04/08 23:17:23 - mmengine - INFO - Epoch(train) [10][ 600/5000]  lr: 1.4358e-04  eta: 2:02:54  time: 0.4527  data_time: 0.0057  memory: 10342  grad_norm: 1.4770  loss: 0.6234  loss_heatmap: 0.2265  layer_-1_loss_cls: 0.0530  layer_-1_loss_bbox: 0.3439  matched_ious: 0.5940  sec_per_iter: 0.4567  iters_per_sec: 2.1900  samples_per_sec: 35.0300  samples_per_sec_per_gpu: 8.7600  max_mem_allocated_mb: 143.9000  max_mem_reserved_mb: 11086.0000
04/08 23:17:45 - mmengine - INFO - Epoch(train) [10][ 650/5000]  lr: 1.4269e-04  eta: 2:02:27  time: 0.4458  data_time: 0.0061  memory: 10405  grad_norm: 1.7704  loss: 0.6851  loss_heatmap: 0.2502  layer_-1_loss_cls: 0.0587  layer_-1_loss_bbox: 0.3762  matched_ious: 0.5542  sec_per_iter: 0.4564  iters_per_sec: 2.1900  samples_per_sec: 35.0600  samples_per_sec_per_gpu: 8.7600  max_mem_allocated_mb: 143.9000  max_mem_reserved_mb: 11086.0000
04/08 23:18:08 - mmengine - INFO - Epoch(train) [10][ 700/5000]  lr: 1.4180e-04  eta: 2:02:01  time: 0.4517  data_time: 0.0059  memory: 10390  grad_norm: 1.4934  loss: 0.6472  loss_heatmap: 0.2391  layer_-1_loss_cls: 0.0525  layer_-1_loss_bbox: 0.3556  matched_ious: 0.5880  sec_per_iter: 0.4556  iters_per_sec: 2.1900  samples_per_sec: 35.1200  samples_per_sec_per_gpu: 8.7800  max_mem_allocated_mb: 143.9000  max_mem_reserved_mb: 11086.0000
04/08 23:18:30 - mmengine - INFO - Epoch(train) [10][ 750/5000]  lr: 1.4092e-04  eta: 2:01:34  time: 0.4479  data_time: 0.0054  memory: 10366  grad_norm: 1.6254  loss: 0.6717  loss_heatmap: 0.2509  layer_-1_loss_cls: 0.0551  layer_-1_loss_bbox: 0.3657  matched_ious: 0.5261  sec_per_iter: 0.4553  iters_per_sec: 2.2000  samples_per_sec: 35.1400  samples_per_sec_per_gpu: 8.7800  max_mem_allocated_mb: 143.9000  max_mem_reserved_mb: 11086.0000
04/08 23:18:53 - mmengine - INFO - Epoch(train) [10][ 800/5000]  lr: 1.4004e-04  eta: 2:01:08  time: 0.4477  data_time: 0.0062  memory: 10377  grad_norm: 1.6062  loss: 0.6139  loss_heatmap: 0.2236  layer_-1_loss_cls: 0.0503  layer_-1_loss_bbox: 0.3400  matched_ious: 0.5965  sec_per_iter: 0.4549  iters_per_sec: 2.2000  samples_per_sec: 35.1700  samples_per_sec_per_gpu: 8.7900  max_mem_allocated_mb: 143.9000  max_mem_reserved_mb: 11086.0000
04/08 23:19:16 - mmengine - INFO - Epoch(train) [10][ 850/5000]  lr: 1.3916e-04  eta: 2:00:41  time: 0.4637  data_time: 0.0065  memory: 10360  grad_norm: 1.5894  loss: 0.5956  loss_heatmap: 0.2191  layer_-1_loss_cls: 0.0538  layer_-1_loss_bbox: 0.3227  matched_ious: 0.5892  sec_per_iter: 0.4544  iters_per_sec: 2.2000  samples_per_sec: 35.2100  samples_per_sec_per_gpu: 8.8000  max_mem_allocated_mb: 143.9000  max_mem_reserved_mb: 11086.0000
04/08 23:19:39 - mmengine - INFO - Epoch(train) [10][ 900/5000]  lr: 1.3828e-04  eta: 2:00:15  time: 0.4614  data_time: 0.0091  memory: 10486  grad_norm: 1.6090  loss: 0.6582  loss_heatmap: 0.2432  layer_-1_loss_cls: 0.0568  layer_-1_loss_bbox: 0.3582  matched_ious: 0.6068  sec_per_iter: 0.4549  iters_per_sec: 2.2000  samples_per_sec: 35.1700  samples_per_sec_per_gpu: 8.7900  max_mem_allocated_mb: 143.9000  max_mem_reserved_mb: 11086.0000
04/08 23:20:02 - mmengine - INFO - Epoch(train) [10][ 950/5000]  lr: 1.3740e-04  eta: 1:59:49  time: 0.4578  data_time: 0.0080  memory: 10396  grad_norm: 1.6858  loss: 0.6371  loss_heatmap: 0.2406  layer_-1_loss_cls: 0.0554  layer_-1_loss_bbox: 0.3410  matched_ious: 0.5778  sec_per_iter: 0.4553  iters_per_sec: 2.2000  samples_per_sec: 35.1400  samples_per_sec_per_gpu: 8.7900  max_mem_allocated_mb: 143.9000  max_mem_reserved_mb: 11086.0000
04/08 23:20:24 - mmengine - INFO - Exp name: zod_lidar_only_continue_20260408_160451
04/08 23:20:24 - mmengine - INFO - Epoch(train) [10][1000/5000]  lr: 1.3652e-04  eta: 1:59:22  time: 0.4529  data_time: 0.0059  memory: 10580  grad_norm: 1.7820  loss: 0.6801  loss_heatmap: 0.2489  layer_-1_loss_cls: 0.0601  layer_-1_loss_bbox: 0.3711  matched_ious: 0.5387  sec_per_iter: 0.4555  iters_per_sec: 2.2000  samples_per_sec: 35.1300  samples_per_sec_per_gpu: 8.7800  max_mem_allocated_mb: 143.9000  max_mem_reserved_mb: 11086.0000
04/08 23:20:47 - mmengine - INFO - Epoch(train) [10][1050/5000]  lr: 1.3565e-04  eta: 1:58:56  time: 0.4508  data_time: 0.0063  memory: 10405  grad_norm: 1.6819  loss: 0.7001  loss_heatmap: 0.2557  layer_-1_loss_cls: 0.0554  layer_-1_loss_bbox: 0.3890  matched_ious: 0.5843  sec_per_iter: 0.4553  iters_per_sec: 2.2000  samples_per_sec: 35.1400  samples_per_sec_per_gpu: 8.7900  max_mem_allocated_mb: 143.9000  max_mem_reserved_mb: 11086.0000
04/08 23:21:10 - mmengine - INFO - Epoch(train) [10][1100/5000]  lr: 1.3478e-04  eta: 1:58:29  time: 0.4569  data_time: 0.0065  memory: 10450  grad_norm: 1.7063  loss: 0.6879  loss_heatmap: 0.2556  layer_-1_loss_cls: 0.0578  layer_-1_loss_bbox: 0.3746  matched_ious: 0.5781  sec_per_iter: 0.4551  iters_per_sec: 2.2000  samples_per_sec: 35.1600  samples_per_sec_per_gpu: 8.7900  max_mem_allocated_mb: 143.9000  max_mem_reserved_mb: 11086.0000
04/08 23:21:33 - mmengine - INFO - Epoch(train) [10][1150/5000]  lr: 1.3391e-04  eta: 1:58:03  time: 0.4583  data_time: 0.0065  memory: 10524  grad_norm: 1.5572  loss: 0.6656  loss_heatmap: 0.2437  layer_-1_loss_cls: 0.0572  layer_-1_loss_bbox: 0.3648  matched_ious: 0.6114  sec_per_iter: 0.4552  iters_per_sec: 2.2000  samples_per_sec: 35.1500  samples_per_sec_per_gpu: 8.7900  max_mem_allocated_mb: 143.9000  max_mem_reserved_mb: 11086.0000
04/08 23:21:59 - mmengine - INFO - Epoch(train) [10][1200/5000]  lr: 1.3304e-04  eta: 1:57:37  time: 0.5217  data_time: 0.0078  memory: 10447  grad_norm: 1.7288  loss: 0.6872  loss_heatmap: 0.2513  layer_-1_loss_cls: 0.0552  layer_-1_loss_bbox: 0.3807  matched_ious: 0.5727  sec_per_iter: 0.4553  iters_per_sec: 2.2000  samples_per_sec: 35.1400  samples_per_sec_per_gpu: 8.7800  max_mem_allocated_mb: 143.9000  max_mem_reserved_mb: 11086.0000
04/08 23:22:21 - mmengine - INFO - Epoch(train) [10][1250/5000]  lr: 1.3217e-04  eta: 1:57:11  time: 0.4490  data_time: 0.0061  memory: 10742  grad_norm: 1.6281  loss: 0.6262  loss_heatmap: 0.2330  layer_-1_loss_cls: 0.0530  layer_-1_loss_bbox: 0.3402  matched_ious: 0.5498  sec_per_iter: 0.4581  iters_per_sec: 2.1800  samples_per_sec: 34.9300  samples_per_sec_per_gpu: 8.7300  max_mem_allocated_mb: 143.9000  max_mem_reserved_mb: 11086.0000
04/08 23:22:44 - mmengine - INFO - Epoch(train) [10][1300/5000]  lr: 1.3131e-04  eta: 1:56:45  time: 0.4617  data_time: 0.0064  memory: 10333  grad_norm: 1.6071  loss: 0.6479  loss_heatmap: 0.2335  layer_-1_loss_cls: 0.0562  layer_-1_loss_bbox: 0.3582  matched_ious: 0.5830  sec_per_iter: 0.4577  iters_per_sec: 2.1800  samples_per_sec: 34.9600  samples_per_sec_per_gpu: 8.7400  max_mem_allocated_mb: 143.9000  max_mem_reserved_mb: 11086.0000
04/08 23:23:07 - mmengine - INFO - Epoch(train) [10][1350/5000]  lr: 1.3044e-04  eta: 1:56:18  time: 0.4529  data_time: 0.0060  memory: 10399  grad_norm: 1.5377  loss: 0.6137  loss_heatmap: 0.2204  layer_-1_loss_cls: 0.0526  layer_-1_loss_bbox: 0.3407  matched_ious: 0.5726  sec_per_iter: 0.4579  iters_per_sec: 2.1800  samples_per_sec: 34.9400  samples_per_sec_per_gpu: 8.7400  max_mem_allocated_mb: 143.9000  max_mem_reserved_mb: 11086.0000
04/08 23:23:29 - mmengine - INFO - Epoch(train) [10][1400/5000]  lr: 1.2958e-04  eta: 1:55:52  time: 0.4487  data_time: 0.0058  memory: 10350  grad_norm: 1.6235  loss: 0.6372  loss_heatmap: 0.2321  layer_-1_loss_cls: 0.0550  layer_-1_loss_bbox: 0.3501  matched_ious: 0.5848  sec_per_iter: 0.4577  iters_per_sec: 2.1800  samples_per_sec: 34.9600  samples_per_sec_per_gpu: 8.7400  max_mem_allocated_mb: 143.9000  max_mem_reserved_mb: 11086.0000
04/08 23:23:52 - mmengine - INFO - Epoch(train) [10][1450/5000]  lr: 1.2872e-04  eta: 1:55:25  time: 0.4496  data_time: 0.0055  memory: 10421  grad_norm: 1.6224  loss: 0.6188  loss_heatmap: 0.2348  layer_-1_loss_cls: 0.0537  layer_-1_loss_bbox: 0.3303  matched_ious: 0.5562  sec_per_iter: 0.4574  iters_per_sec: 2.1900  samples_per_sec: 34.9800  samples_per_sec_per_gpu: 8.7500  max_mem_allocated_mb: 143.9000  max_mem_reserved_mb: 11086.0000
04/08 23:24:14 - mmengine - INFO - Epoch(train) [10][1500/5000]  lr: 1.2787e-04  eta: 1:54:59  time: 0.4484  data_time: 0.0058  memory: 10595  grad_norm: 1.5186  loss: 0.6120  loss_heatmap: 0.2248  layer_-1_loss_cls: 0.0521  layer_-1_loss_bbox: 0.3351  matched_ious: 0.5291  sec_per_iter: 0.4571  iters_per_sec: 2.1900  samples_per_sec: 35.0000  samples_per_sec_per_gpu: 8.7500  max_mem_allocated_mb: 143.9000  max_mem_reserved_mb: 11086.0000
04/08 23:24:37 - mmengine - INFO - Epoch(train) [10][1550/5000]  lr: 1.2701e-04  eta: 1:54:33  time: 0.4626  data_time: 0.0056  memory: 10502  grad_norm: 1.7892  loss: 0.6395  loss_heatmap: 0.2327  layer_-1_loss_cls: 0.0517  layer_-1_loss_bbox: 0.3550  matched_ious: 0.5773  sec_per_iter: 0.4568  iters_per_sec: 2.1900  samples_per_sec: 35.0200  samples_per_sec_per_gpu: 8.7600  max_mem_allocated_mb: 143.9000  max_mem_reserved_mb: 11086.0000
04/08 23:24:59 - mmengine - INFO - Epoch(train) [10][1600/5000]  lr: 1.2616e-04  eta: 1:54:06  time: 0.4420  data_time: 0.0059  memory: 10487  grad_norm: 1.7431  loss: 0.6389  loss_heatmap: 0.2327  layer_-1_loss_cls: 0.0571  layer_-1_loss_bbox: 0.3492  matched_ious: 0.5385  sec_per_iter: 0.4570  iters_per_sec: 2.1900  samples_per_sec: 35.0100  samples_per_sec_per_gpu: 8.7500  max_mem_allocated_mb: 143.9000  max_mem_reserved_mb: 11086.0000
04/08 23:25:24 - mmengine - INFO - Epoch(train) [10][1650/5000]  lr: 1.2530e-04  eta: 1:53:40  time: 0.4879  data_time: 0.0065  memory: 10273  grad_norm: 1.5314  loss: 0.6340  loss_heatmap: 0.2257  layer_-1_loss_cls: 0.0564  layer_-1_loss_bbox: 0.3519  matched_ious: 0.5397  sec_per_iter: 0.4566  iters_per_sec: 2.1900  samples_per_sec: 35.0500  samples_per_sec_per_gpu: 8.7600  max_mem_allocated_mb: 143.9000  max_mem_reserved_mb: 11086.0000
04/08 23:25:47 - mmengine - INFO - Epoch(train) [10][1700/5000]  lr: 1.2445e-04  eta: 1:53:14  time: 0.4623  data_time: 0.0054  memory: 10435  grad_norm: inf  loss: 0.6425  loss_heatmap: 0.2426  layer_-1_loss_cls: 0.0567  layer_-1_loss_bbox: 0.3432  matched_ious: 0.6189  sec_per_iter: 0.4575  iters_per_sec: 2.1900  samples_per_sec: 34.9700  samples_per_sec_per_gpu: 8.7400  max_mem_allocated_mb: 143.9000  max_mem_reserved_mb: 11086.0000
04/08 23:26:10 - mmengine - INFO - Epoch(train) [10][1750/5000]  lr: 1.2361e-04  eta: 1:52:48  time: 0.4520  data_time: 0.0054  memory: 10425  grad_norm: 1.7333  loss: 0.6275  loss_heatmap: 0.2343  layer_-1_loss_cls: 0.0536  layer_-1_loss_bbox: 0.3397  matched_ious: 0.5785  sec_per_iter: 0.4576  iters_per_sec: 2.1900  samples_per_sec: 34.9600  samples_per_sec_per_gpu: 8.7400  max_mem_allocated_mb: 143.9000  max_mem_reserved_mb: 11086.0000
04/08 23:26:33 - mmengine - INFO - Epoch(train) [10][1800/5000]  lr: 1.2276e-04  eta: 1:52:21  time: 0.4586  data_time: 0.0068  memory: 10627  grad_norm: 1.6273  loss: 0.6632  loss_heatmap: 0.2294  layer_-1_loss_cls: 0.0510  layer_-1_loss_bbox: 0.3827  matched_ious: 0.5972  sec_per_iter: 0.4575  iters_per_sec: 2.1900  samples_per_sec: 34.9700  samples_per_sec_per_gpu: 8.7400  max_mem_allocated_mb: 143.9000  max_mem_reserved_mb: 11086.0000
04/08 23:26:56 - mmengine - INFO - Epoch(train) [10][1850/5000]  lr: 1.2192e-04  eta: 1:51:55  time: 0.4680  data_time: 0.0056  memory: 10421  grad_norm: 1.5939  loss: 0.6369  loss_heatmap: 0.2276  layer_-1_loss_cls: 0.0553  layer_-1_loss_bbox: 0.3539  matched_ious: 0.5904  sec_per_iter: 0.4575  iters_per_sec: 2.1900  samples_per_sec: 34.9700  samples_per_sec_per_gpu: 8.7400  max_mem_allocated_mb: 143.9000  max_mem_reserved_mb: 11086.0000
04/08 23:27:18 - mmengine - INFO - Epoch(train) [10][1900/5000]  lr: 1.2107e-04  eta: 1:51:29  time: 0.4447  data_time: 0.0052  memory: 10523  grad_norm: 1.6617  loss: 0.6244  loss_heatmap: 0.2338  layer_-1_loss_cls: 0.0547  layer_-1_loss_bbox: 0.3359  matched_ious: 0.5560  sec_per_iter: 0.4578  iters_per_sec: 2.1800  samples_per_sec: 34.9500  samples_per_sec_per_gpu: 8.7400  max_mem_allocated_mb: 143.9000  max_mem_reserved_mb: 11086.0000
04/08 23:27:41 - mmengine - INFO - Epoch(train) [10][1950/5000]  lr: 1.2023e-04  eta: 1:51:02  time: 0.4476  data_time: 0.0055  memory: 10516  grad_norm: 1.6485  loss: 0.6744  loss_heatmap: 0.2455  layer_-1_loss_cls: 0.0545  layer_-1_loss_bbox: 0.3744  matched_ious: 0.5399  sec_per_iter: 0.4575  iters_per_sec: 2.1900  samples_per_sec: 34.9800  samples_per_sec_per_gpu: 8.7400  max_mem_allocated_mb: 143.9000  max_mem_reserved_mb: 11086.0000
04/08 23:28:03 - mmengine - INFO - Exp name: zod_lidar_only_continue_20260408_160451
04/08 23:28:03 - mmengine - INFO - Epoch(train) [10][2000/5000]  lr: 1.1940e-04  eta: 1:50:36  time: 0.4574  data_time: 0.0059  memory: 10315  grad_norm: 1.6273  loss: 0.6657  loss_heatmap: 0.2441  layer_-1_loss_cls: 0.0532  layer_-1_loss_bbox: 0.3683  matched_ious: 0.5293  sec_per_iter: 0.4572  iters_per_sec: 2.1900  samples_per_sec: 34.9900  samples_per_sec_per_gpu: 8.7500  max_mem_allocated_mb: 143.9000  max_mem_reserved_mb: 11086.0000
04/08 23:28:26 - mmengine - INFO - Epoch(train) [10][2050/5000]  lr: 1.1856e-04  eta: 1:50:10  time: 0.4489  data_time: 0.0055  memory: 10269  grad_norm: 1.5667  loss: 0.6735  loss_heatmap: 0.2386  layer_-1_loss_cls: 0.0547  layer_-1_loss_bbox: 0.3802  matched_ious: 0.4998  sec_per_iter: 0.4572  iters_per_sec: 2.1900  samples_per_sec: 34.9900  samples_per_sec_per_gpu: 8.7500  max_mem_allocated_mb: 143.9000  max_mem_reserved_mb: 11086.0000
04/08 23:28:49 - mmengine - INFO - Epoch(train) [10][2100/5000]  lr: 1.1773e-04  eta: 1:49:44  time: 0.4677  data_time: 0.0063  memory: 10419  grad_norm: 1.7249  loss: 0.6501  loss_heatmap: 0.2420  layer_-1_loss_cls: 0.0543  layer_-1_loss_bbox: 0.3538  matched_ious: 0.5824  sec_per_iter: 0.4570  iters_per_sec: 2.1900  samples_per_sec: 35.0100  samples_per_sec_per_gpu: 8.7500  max_mem_allocated_mb: 143.9000  max_mem_reserved_mb: 11086.0000
04/08 23:29:12 - mmengine - INFO - Epoch(train) [10][2150/5000]  lr: 1.1689e-04  eta: 1:49:17  time: 0.4527  data_time: 0.0056  memory: 10483  grad_norm: 1.5544  loss: 0.6286  loss_heatmap: 0.2222  layer_-1_loss_cls: 0.0539  layer_-1_loss_bbox: 0.3525  matched_ious: 0.5418  sec_per_iter: 0.4573  iters_per_sec: 2.1900  samples_per_sec: 34.9900  samples_per_sec_per_gpu: 8.7500  max_mem_allocated_mb: 143.9000  max_mem_reserved_mb: 11086.0000
04/08 23:29:35 - mmengine - INFO - Epoch(train) [10][2200/5000]  lr: 1.1606e-04  eta: 1:48:51  time: 0.4531  data_time: 0.0068  memory: 10445  grad_norm: 1.7617  loss: 0.6217  loss_heatmap: 0.2261  layer_-1_loss_cls: 0.0539  layer_-1_loss_bbox: 0.3417  matched_ious: 0.5761  sec_per_iter: 0.4572  iters_per_sec: 2.1900  samples_per_sec: 35.0000  samples_per_sec_per_gpu: 8.7500  max_mem_allocated_mb: 143.9000  max_mem_reserved_mb: 11086.0000
04/08 23:29:57 - mmengine - INFO - Epoch(train) [10][2250/5000]  lr: 1.1524e-04  eta: 1:48:25  time: 0.4519  data_time: 0.0056  memory: 10593  grad_norm: 1.5345  loss: 0.6193  loss_heatmap: 0.2262  layer_-1_loss_cls: 0.0508  layer_-1_loss_bbox: 0.3424  matched_ious: 0.6165  sec_per_iter: 0.4571  iters_per_sec: 2.1900  samples_per_sec: 35.0000  samples_per_sec_per_gpu: 8.7500  max_mem_allocated_mb: 143.9000  max_mem_reserved_mb: 11086.0000
04/08 23:30:20 - mmengine - INFO - Epoch(train) [10][2300/5000]  lr: 1.1441e-04  eta: 1:47:58  time: 0.4510  data_time: 0.0058  memory: 10375  grad_norm: 1.5045  loss: 0.6239  loss_heatmap: 0.2221  layer_-1_loss_cls: 0.0532  layer_-1_loss_bbox: 0.3486  matched_ious: 0.5346  sec_per_iter: 0.4570  iters_per_sec: 2.1900  samples_per_sec: 35.0100  samples_per_sec_per_gpu: 8.7500  max_mem_allocated_mb: 143.9000  max_mem_reserved_mb: 11086.0000
04/08 23:30:43 - mmengine - INFO - Epoch(train) [10][2350/5000]  lr: 1.1359e-04  eta: 1:47:32  time: 0.4571  data_time: 0.0072  memory: 10493  grad_norm: 1.7266  loss: 0.6690  loss_heatmap: 0.2379  layer_-1_loss_cls: 0.0578  layer_-1_loss_bbox: 0.3733  matched_ious: 0.5903  sec_per_iter: 0.4568  iters_per_sec: 2.1900  samples_per_sec: 35.0200  samples_per_sec_per_gpu: 8.7600  max_mem_allocated_mb: 143.9000  max_mem_reserved_mb: 11086.0000
04/08 23:31:05 - mmengine - INFO - Epoch(train) [10][2400/5000]  lr: 1.1276e-04  eta: 1:47:06  time: 0.4499  data_time: 0.0065  memory: 10529  grad_norm: 1.5690  loss: 0.6361  loss_heatmap: 0.2217  layer_-1_loss_cls: 0.0526  layer_-1_loss_bbox: 0.3618  matched_ious: 0.6069  sec_per_iter: 0.4569  iters_per_sec: 2.1900  samples_per_sec: 35.0200  samples_per_sec_per_gpu: 8.7600  max_mem_allocated_mb: 143.9000  max_mem_reserved_mb: 11086.0000
04/08 23:31:28 - mmengine - INFO - Epoch(train) [10][2450/5000]  lr: 1.1195e-04  eta: 1:46:40  time: 0.4615  data_time: 0.0062  memory: 10372  grad_norm: 1.5403  loss: 0.6003  loss_heatmap: 0.2256  layer_-1_loss_cls: 0.0537  layer_-1_loss_bbox: 0.3209  matched_ious: 0.5953  sec_per_iter: 0.4567  iters_per_sec: 2.1900  samples_per_sec: 35.0300  samples_per_sec_per_gpu: 8.7600  max_mem_allocated_mb: 143.9000  max_mem_reserved_mb: 11086.0000
04/08 23:31:51 - mmengine - INFO - Epoch(train) [10][2500/5000]  lr: 1.1113e-04  eta: 1:46:13  time: 0.4483  data_time: 0.0057  memory: 10368  grad_norm: 1.6869  loss: 0.5833  loss_heatmap: 0.2137  layer_-1_loss_cls: 0.0523  layer_-1_loss_bbox: 0.3173  matched_ious: 0.5941  sec_per_iter: 0.4568  iters_per_sec: 2.1900  samples_per_sec: 35.0200  samples_per_sec_per_gpu: 8.7600  max_mem_allocated_mb: 143.9000  max_mem_reserved_mb: 11086.0000
04/08 23:32:14 - mmengine - INFO - Epoch(train) [10][2550/5000]  lr: 1.1031e-04  eta: 1:45:47  time: 0.4673  data_time: 0.0058  memory: 10331  grad_norm: 1.6777  loss: 0.6229  loss_heatmap: 0.2246  layer_-1_loss_cls: 0.0535  layer_-1_loss_bbox: 0.3448  matched_ious: 0.5970  sec_per_iter: 0.4566  iters_per_sec: 2.1900  samples_per_sec: 35.0400  samples_per_sec_per_gpu: 8.7600  max_mem_allocated_mb: 143.9000  max_mem_reserved_mb: 11086.0000
04/08 23:32:37 - mmengine - INFO - Epoch(train) [10][2600/5000]  lr: 1.0950e-04  eta: 1:45:21  time: 0.4661  data_time: 0.0058  memory: 10514  grad_norm: 1.5971  loss: 0.6050  loss_heatmap: 0.2264  layer_-1_loss_cls: 0.0531  layer_-1_loss_bbox: 0.3255  matched_ious: 0.5335  sec_per_iter: 0.4569  iters_per_sec: 2.1900  samples_per_sec: 35.0200  samples_per_sec_per_gpu: 8.7600  max_mem_allocated_mb: 143.9000  max_mem_reserved_mb: 11086.0000
04/08 23:32:59 - mmengine - INFO - Epoch(train) [10][2650/5000]  lr: 1.0869e-04  eta: 1:44:55  time: 0.4432  data_time: 0.0055  memory: 10424  grad_norm: 1.5379  loss: 0.5992  loss_heatmap: 0.2209  layer_-1_loss_cls: 0.0505  layer_-1_loss_bbox: 0.3278  matched_ious: 0.6072  sec_per_iter: 0.4570  iters_per_sec: 2.1900  samples_per_sec: 35.0100  samples_per_sec_per_gpu: 8.7500  max_mem_allocated_mb: 143.9000  max_mem_reserved_mb: 11086.0000
04/08 23:33:22 - mmengine - INFO - Epoch(train) [10][2700/5000]  lr: 1.0788e-04  eta: 1:44:29  time: 0.4520  data_time: 0.0055  memory: 10316  grad_norm: 1.6937  loss: 0.6584  loss_heatmap: 0.2328  layer_-1_loss_cls: 0.0540  layer_-1_loss_bbox: 0.3716  matched_ious: 0.5847  sec_per_iter: 0.4568  iters_per_sec: 2.1900  samples_per_sec: 35.0300  samples_per_sec_per_gpu: 8.7600  max_mem_allocated_mb: 143.9000  max_mem_reserved_mb: 11086.0000
04/08 23:33:44 - mmengine - INFO - Epoch(train) [10][2750/5000]  lr: 1.0707e-04  eta: 1:44:02  time: 0.4481  data_time: 0.0051  memory: 10473  grad_norm: 1.5752  loss: 0.5980  loss_heatmap: 0.2195  layer_-1_loss_cls: 0.0517  layer_-1_loss_bbox: 0.3268  matched_ious: 0.5490  sec_per_iter: 0.4567  iters_per_sec: 2.1900  samples_per_sec: 35.0400  samples_per_sec_per_gpu: 8.7600  max_mem_allocated_mb: 143.9000  max_mem_reserved_mb: 11086.0000
04/08 23:34:07 - mmengine - INFO - Epoch(train) [10][2800/5000]  lr: 1.0627e-04  eta: 1:43:36  time: 0.4551  data_time: 0.0060  memory: 10340  grad_norm: 2.0085  loss: 0.6597  loss_heatmap: 0.2406  layer_-1_loss_cls: 0.0546  layer_-1_loss_bbox: 0.3646  matched_ious: 0.5381  sec_per_iter: 0.4565  iters_per_sec: 2.1900  samples_per_sec: 35.0500  samples_per_sec_per_gpu: 8.7600  max_mem_allocated_mb: 143.9000  max_mem_reserved_mb: 11086.0000
04/08 23:34:30 - mmengine - INFO - Epoch(train) [10][2850/5000]  lr: 1.0547e-04  eta: 1:43:10  time: 0.4636  data_time: 0.0071  memory: 10465  grad_norm: 1.5588  loss: 0.6039  loss_heatmap: 0.2204  layer_-1_loss_cls: 0.0509  layer_-1_loss_bbox: 0.3327  matched_ious: 0.5820  sec_per_iter: 0.4565  iters_per_sec: 2.1900  samples_per_sec: 35.0500  samples_per_sec_per_gpu: 8.7600  max_mem_allocated_mb: 143.9000  max_mem_reserved_mb: 11086.0000
04/08 23:34:53 - mmengine - INFO - Epoch(train) [10][2900/5000]  lr: 1.0467e-04  eta: 1:42:44  time: 0.4583  data_time: 0.0064  memory: 10360  grad_norm: 1.5848  loss: 0.5906  loss_heatmap: 0.2035  layer_-1_loss_cls: 0.0477  layer_-1_loss_bbox: 0.3394  matched_ious: 0.6110  sec_per_iter: 0.4566  iters_per_sec: 2.1900  samples_per_sec: 35.0400  samples_per_sec_per_gpu: 8.7600  max_mem_allocated_mb: 143.9000  max_mem_reserved_mb: 11086.0000
04/08 23:35:16 - mmengine - INFO - Epoch(train) [10][2950/5000]  lr: 1.0387e-04  eta: 1:42:18  time: 0.4601  data_time: 0.0060  memory: 10389  grad_norm: 1.6523  loss: 0.6359  loss_heatmap: 0.2291  layer_-1_loss_cls: 0.0522  layer_-1_loss_bbox: 0.3547  matched_ious: 0.6226  sec_per_iter: 0.4567  iters_per_sec: 2.1900  samples_per_sec: 35.0400  samples_per_sec_per_gpu: 8.7600  max_mem_allocated_mb: 143.9000  max_mem_reserved_mb: 11086.0000
04/08 23:35:39 - mmengine - INFO - Exp name: zod_lidar_only_continue_20260408_160451
04/08 23:35:39 - mmengine - INFO - Epoch(train) [10][3000/5000]  lr: 1.0307e-04  eta: 1:41:52  time: 0.4546  data_time: 0.0060  memory: 10447  grad_norm: 1.6073  loss: 0.6379  loss_heatmap: 0.2211  layer_-1_loss_cls: 0.0517  layer_-1_loss_bbox: 0.3651  matched_ious: 0.5824  sec_per_iter: 0.4567  iters_per_sec: 2.1900  samples_per_sec: 35.0300  samples_per_sec_per_gpu: 8.7600  max_mem_allocated_mb: 143.9000  max_mem_reserved_mb: 11086.0000
04/08 23:36:01 - mmengine - INFO - Epoch(train) [10][3050/5000]  lr: 1.0228e-04  eta: 1:41:25  time: 0.4446  data_time: 0.0062  memory: 10498  grad_norm: 1.7904  loss: 0.6686  loss_heatmap: 0.2406  layer_-1_loss_cls: 0.0532  layer_-1_loss_bbox: 0.3749  matched_ious: 0.5131  sec_per_iter: 0.4567  iters_per_sec: 2.1900  samples_per_sec: 35.0300  samples_per_sec_per_gpu: 8.7600  max_mem_allocated_mb: 143.9000  max_mem_reserved_mb: 11086.0000
04/08 23:36:24 - mmengine - INFO - Epoch(train) [10][3100/5000]  lr: 1.0149e-04  eta: 1:40:59  time: 0.4517  data_time: 0.0069  memory: 10339  grad_norm: 1.7272  loss: 0.6621  loss_heatmap: 0.2395  layer_-1_loss_cls: 0.0534  layer_-1_loss_bbox: 0.3692  matched_ious: 0.4860  sec_per_iter: 0.4565  iters_per_sec: 2.1900  samples_per_sec: 35.0500  samples_per_sec_per_gpu: 8.7600  max_mem_allocated_mb: 143.9000  max_mem_reserved_mb: 11086.0000
04/08 23:36:46 - mmengine - INFO - Epoch(train) [10][3150/5000]  lr: 1.0070e-04  eta: 1:40:33  time: 0.4412  data_time: 0.0054  memory: 10331  grad_norm: 1.7044  loss: 0.6078  loss_heatmap: 0.2224  layer_-1_loss_cls: 0.0488  layer_-1_loss_bbox: 0.3366  matched_ious: 0.5681  sec_per_iter: 0.4564  iters_per_sec: 2.1900  samples_per_sec: 35.0600  samples_per_sec_per_gpu: 8.7600  max_mem_allocated_mb: 143.9000  max_mem_reserved_mb: 11086.0000
04/08 23:37:09 - mmengine - INFO - Epoch(train) [10][3200/5000]  lr: 9.9915e-05  eta: 1:40:07  time: 0.4597  data_time: 0.0073  memory: 10330  grad_norm: 1.6665  loss: 0.6402  loss_heatmap: 0.2294  layer_-1_loss_cls: 0.0508  layer_-1_loss_bbox: 0.3599  matched_ious: 0.5606  sec_per_iter: 0.4562  iters_per_sec: 2.1900  samples_per_sec: 35.0700  samples_per_sec_per_gpu: 8.7700  max_mem_allocated_mb: 143.9000  max_mem_reserved_mb: 11086.0000
04/08 23:37:32 - mmengine - INFO - Epoch(train) [10][3250/5000]  lr: 9.9131e-05  eta: 1:39:41  time: 0.4553  data_time: 0.0057  memory: 10417  grad_norm: 1.7610  loss: 0.6570  loss_heatmap: 0.2412  layer_-1_loss_cls: 0.0514  layer_-1_loss_bbox: 0.3645  matched_ious: 0.6110  sec_per_iter: 0.4562  iters_per_sec: 2.1900  samples_per_sec: 35.0700  samples_per_sec_per_gpu: 8.7700  max_mem_allocated_mb: 143.9000  max_mem_reserved_mb: 11086.0000
04/08 23:37:55 - mmengine - INFO - Epoch(train) [10][3300/5000]  lr: 9.8349e-05  eta: 1:39:15  time: 0.4573  data_time: 0.0058  memory: 10479  grad_norm: 1.6761  loss: 0.6012  loss_heatmap: 0.2247  layer_-1_loss_cls: 0.0491  layer_-1_loss_bbox: 0.3275  matched_ious: 0.6054  sec_per_iter: 0.4562  iters_per_sec: 2.1900  samples_per_sec: 35.0700  samples_per_sec_per_gpu: 8.7700  max_mem_allocated_mb: 143.9000  max_mem_reserved_mb: 11086.0000
04/08 23:38:17 - mmengine - INFO - Epoch(train) [10][3350/5000]  lr: 9.7570e-05  eta: 1:38:49  time: 0.4460  data_time: 0.0062  memory: 10336  grad_norm: 1.6877  loss: 0.6435  loss_heatmap: 0.2361  layer_-1_loss_cls: 0.0547  layer_-1_loss_bbox: 0.3527  matched_ious: 0.5566  sec_per_iter: 0.4562  iters_per_sec: 2.1900  samples_per_sec: 35.0700  samples_per_sec_per_gpu: 8.7700  max_mem_allocated_mb: 143.9000  max_mem_reserved_mb: 11086.0000
04/08 23:38:39 - mmengine - INFO - Epoch(train) [10][3400/5000]  lr: 9.6793e-05  eta: 1:38:22  time: 0.4457  data_time: 0.0055  memory: 10335  grad_norm: 1.5806  loss: 0.6272  loss_heatmap: 0.2240  layer_-1_loss_cls: 0.0496  layer_-1_loss_bbox: 0.3536  matched_ious: 0.6375  sec_per_iter: 0.4561  iters_per_sec: 2.1900  samples_per_sec: 35.0800  samples_per_sec_per_gpu: 8.7700  max_mem_allocated_mb: 143.9000  max_mem_reserved_mb: 11086.0000
04/08 23:39:02 - mmengine - INFO - Epoch(train) [10][3450/5000]  lr: 9.6018e-05  eta: 1:37:56  time: 0.4527  data_time: 0.0065  memory: 10403  grad_norm: 1.8190  loss: 0.6247  loss_heatmap: 0.2283  layer_-1_loss_cls: 0.0506  layer_-1_loss_bbox: 0.3458  matched_ious: 0.5617  sec_per_iter: 0.4559  iters_per_sec: 2.1900  samples_per_sec: 35.0900  samples_per_sec_per_gpu: 8.7700  max_mem_allocated_mb: 143.9000  max_mem_reserved_mb: 11086.0000
04/08 23:39:24 - mmengine - INFO - Epoch(train) [10][3500/5000]  lr: 9.5246e-05  eta: 1:37:30  time: 0.4440  data_time: 0.0061  memory: 10302  grad_norm: 1.7497  loss: 0.6044  loss_heatmap: 0.2177  layer_-1_loss_cls: 0.0523  layer_-1_loss_bbox: 0.3343  matched_ious: 0.5482  sec_per_iter: 0.4559  iters_per_sec: 2.1900  samples_per_sec: 35.1000  samples_per_sec_per_gpu: 8.7700  max_mem_allocated_mb: 143.9000  max_mem_reserved_mb: 11086.0000
04/08 23:39:47 - mmengine - INFO - Epoch(train) [10][3550/5000]  lr: 9.4476e-05  eta: 1:37:04  time: 0.4616  data_time: 0.0073  memory: 10367  grad_norm: 1.5869  loss: 0.6347  loss_heatmap: 0.2372  layer_-1_loss_cls: 0.0544  layer_-1_loss_bbox: 0.3430  matched_ious: 0.5903  sec_per_iter: 0.4557  iters_per_sec: 2.1900  samples_per_sec: 35.1100  samples_per_sec_per_gpu: 8.7800  max_mem_allocated_mb: 143.9000  max_mem_reserved_mb: 11086.0000
04/08 23:40:10 - mmengine - INFO - Epoch(train) [10][3600/5000]  lr: 9.3709e-05  eta: 1:36:38  time: 0.4565  data_time: 0.0064  memory: 10460  grad_norm: 1.5274  loss: 0.6534  loss_heatmap: 0.2372  layer_-1_loss_cls: 0.0538  layer_-1_loss_bbox: 0.3623  matched_ious: 0.5671  sec_per_iter: 0.4558  iters_per_sec: 2.1900  samples_per_sec: 35.1000  samples_per_sec_per_gpu: 8.7800  max_mem_allocated_mb: 143.9000  max_mem_reserved_mb: 11086.0000
04/08 23:40:33 - mmengine - INFO - Epoch(train) [10][3650/5000]  lr: 9.2944e-05  eta: 1:36:12  time: 0.4530  data_time: 0.0083  memory: 10423  grad_norm: 1.8044  loss: 0.6953  loss_heatmap: 0.2442  layer_-1_loss_cls: 0.0539  layer_-1_loss_bbox: 0.3973  matched_ious: 0.5308  sec_per_iter: 0.4558  iters_per_sec: 2.1900  samples_per_sec: 35.1000  samples_per_sec_per_gpu: 8.7800  max_mem_allocated_mb: 143.9000  max_mem_reserved_mb: 11086.0000
04/08 23:40:55 - mmengine - INFO - Epoch(train) [10][3700/5000]  lr: 9.2181e-05  eta: 1:35:46  time: 0.4455  data_time: 0.0061  memory: 10349  grad_norm: 1.5491  loss: 0.6597  loss_heatmap: 0.2329  layer_-1_loss_cls: 0.0525  layer_-1_loss_bbox: 0.3743  matched_ious: 0.5411  sec_per_iter: 0.4558  iters_per_sec: 2.1900  samples_per_sec: 35.1000  samples_per_sec_per_gpu: 8.7800  max_mem_allocated_mb: 143.9000  max_mem_reserved_mb: 11086.0000
04/08 23:41:18 - mmengine - INFO - Epoch(train) [10][3750/5000]  lr: 9.1421e-05  eta: 1:35:20  time: 0.4603  data_time: 0.0066  memory: 10308  grad_norm: 1.6378  loss: 0.6429  loss_heatmap: 0.2352  layer_-1_loss_cls: 0.0502  layer_-1_loss_bbox: 0.3576  matched_ious: 0.5698  sec_per_iter: 0.4556  iters_per_sec: 2.1900  samples_per_sec: 35.1200  samples_per_sec_per_gpu: 8.7800  max_mem_allocated_mb: 143.9000  max_mem_reserved_mb: 11086.0000
04/08 23:41:41 - mmengine - INFO - Epoch(train) [10][3800/5000]  lr: 9.0663e-05  eta: 1:34:54  time: 0.4703  data_time: 0.0070  memory: 10462  grad_norm: 1.6079  loss: 0.6471  loss_heatmap: 0.2298  layer_-1_loss_cls: 0.0517  layer_-1_loss_bbox: 0.3656  matched_ious: 0.5830  sec_per_iter: 0.4557  iters_per_sec: 2.1900  samples_per_sec: 35.1100  samples_per_sec_per_gpu: 8.7800  max_mem_allocated_mb: 143.9000  max_mem_reserved_mb: 11086.0000
04/08 23:42:04 - mmengine - INFO - Epoch(train) [10][3850/5000]  lr: 8.9908e-05  eta: 1:34:28  time: 0.4519  data_time: 0.0056  memory: 10452  grad_norm: 1.6580  loss: 0.6526  loss_heatmap: 0.2306  layer_-1_loss_cls: 0.0555  layer_-1_loss_bbox: 0.3665  matched_ious: 0.5293  sec_per_iter: 0.4559  iters_per_sec: 2.1900  samples_per_sec: 35.1000  samples_per_sec_per_gpu: 8.7700  max_mem_allocated_mb: 143.9000  max_mem_reserved_mb: 11086.0000
04/08 23:42:27 - mmengine - INFO - Epoch(train) [10][3900/5000]  lr: 8.9155e-05  eta: 1:34:02  time: 0.4656  data_time: 0.0080  memory: 10472  grad_norm: 1.7333  loss: 0.5980  loss_heatmap: 0.2210  layer_-1_loss_cls: 0.0514  layer_-1_loss_bbox: 0.3255  matched_ious: 0.6007  sec_per_iter: 0.4558  iters_per_sec: 2.1900  samples_per_sec: 35.1000  samples_per_sec_per_gpu: 8.7800  max_mem_allocated_mb: 143.9000  max_mem_reserved_mb: 11086.0000
04/08 23:42:50 - mmengine - INFO - Epoch(train) [10][3950/5000]  lr: 8.8405e-05  eta: 1:33:36  time: 0.4460  data_time: 0.0058  memory: 10363  grad_norm: 1.7378  loss: 0.5925  loss_heatmap: 0.2136  layer_-1_loss_cls: 0.0513  layer_-1_loss_bbox: 0.3276  matched_ious: 0.5959  sec_per_iter: 0.4560  iters_per_sec: 2.1900  samples_per_sec: 35.0900  samples_per_sec_per_gpu: 8.7700  max_mem_allocated_mb: 143.9000  max_mem_reserved_mb: 11086.0000
04/08 23:43:12 - mmengine - INFO - Exp name: zod_lidar_only_continue_20260408_160451
04/08 23:43:12 - mmengine - INFO - Epoch(train) [10][4000/5000]  lr: 8.7657e-05  eta: 1:33:10  time: 0.4561  data_time: 0.0068  memory: 10458  grad_norm: 1.7375  loss: 0.6305  loss_heatmap: 0.2268  layer_-1_loss_cls: 0.0532  layer_-1_loss_bbox: 0.3505  matched_ious: 0.5541  sec_per_iter: 0.4558  iters_per_sec: 2.1900  samples_per_sec: 35.1000  samples_per_sec_per_gpu: 8.7700  max_mem_allocated_mb: 143.9000  max_mem_reserved_mb: 11086.0000
04/08 23:43:36 - mmengine - INFO - Epoch(train) [10][4050/5000]  lr: 8.6912e-05  eta: 1:32:44  time: 0.4626  data_time: 0.0059  memory: 10345  grad_norm: 1.7494  loss: 0.6455  loss_heatmap: 0.2303  layer_-1_loss_cls: 0.0536  layer_-1_loss_bbox: 0.3617  matched_ious: 0.6358  sec_per_iter: 0.4558  iters_per_sec: 2.1900  samples_per_sec: 35.1000  samples_per_sec_per_gpu: 8.7700  max_mem_allocated_mb: 143.9000  max_mem_reserved_mb: 11086.0000
04/08 23:43:58 - mmengine - INFO - Epoch(train) [10][4100/5000]  lr: 8.6169e-05  eta: 1:32:18  time: 0.4439  data_time: 0.0062  memory: 10377  grad_norm: inf  loss: 0.5970  loss_heatmap: 0.2209  layer_-1_loss_cls: 0.0530  layer_-1_loss_bbox: 0.3231  matched_ious: 0.5335  sec_per_iter: 0.4559  iters_per_sec: 2.1900  samples_per_sec: 35.0900  samples_per_sec_per_gpu: 8.7700  max_mem_allocated_mb: 143.9000  max_mem_reserved_mb: 11086.0000
04/08 23:44:21 - mmengine - INFO - Epoch(train) [10][4150/5000]  lr: 8.5429e-05  eta: 1:31:52  time: 0.4585  data_time: 0.0063  memory: 10439  grad_norm: 1.6974  loss: 0.6449  loss_heatmap: 0.2349  layer_-1_loss_cls: 0.0511  layer_-1_loss_bbox: 0.3589  matched_ious: 0.5867  sec_per_iter: 0.4558  iters_per_sec: 2.1900  samples_per_sec: 35.1000  samples_per_sec_per_gpu: 8.7800  max_mem_allocated_mb: 143.9000  max_mem_reserved_mb: 11086.0000
04/08 23:44:43 - mmengine - INFO - Epoch(train) [10][4200/5000]  lr: 8.4691e-05  eta: 1:31:26  time: 0.4478  data_time: 0.0060  memory: 10346  grad_norm: 1.4830  loss: 0.6067  loss_heatmap: 0.2170  layer_-1_loss_cls: 0.0472  layer_-1_loss_bbox: 0.3425  matched_ious: 0.5541  sec_per_iter: 0.4558  iters_per_sec: 2.1900  samples_per_sec: 35.1000  samples_per_sec_per_gpu: 8.7800  max_mem_allocated_mb: 143.9000  max_mem_reserved_mb: 11086.0000
04/08 23:45:06 - mmengine - INFO - Epoch(train) [10][4250/5000]  lr: 8.3956e-05  eta: 1:31:00  time: 0.4578  data_time: 0.0060  memory: 10378  grad_norm: 1.6587  loss: 0.6642  loss_heatmap: 0.2344  layer_-1_loss_cls: 0.0517  layer_-1_loss_bbox: 0.3781  matched_ious: 0.5696  sec_per_iter: 0.4557  iters_per_sec: 2.1900  samples_per_sec: 35.1100  samples_per_sec_per_gpu: 8.7800  max_mem_allocated_mb: 143.9000  max_mem_reserved_mb: 11086.0000
04/08 23:45:28 - mmengine - INFO - Epoch(train) [10][4300/5000]  lr: 8.3223e-05  eta: 1:30:34  time: 0.4503  data_time: 0.0080  memory: 10402  grad_norm: 1.5894  loss: 0.6118  loss_heatmap: 0.2243  layer_-1_loss_cls: 0.0489  layer_-1_loss_bbox: 0.3385  matched_ious: 0.5910  sec_per_iter: 0.4557  iters_per_sec: 2.1900  samples_per_sec: 35.1100  samples_per_sec_per_gpu: 8.7800  max_mem_allocated_mb: 143.9000  max_mem_reserved_mb: 11086.0000
04/08 23:45:51 - mmengine - INFO - Epoch(train) [10][4350/5000]  lr: 8.2493e-05  eta: 1:30:08  time: 0.4520  data_time: 0.0059  memory: 10377  grad_norm: 1.5474  loss: 0.6027  loss_heatmap: 0.2137  layer_-1_loss_cls: 0.0485  layer_-1_loss_bbox: 0.3405  matched_ious: 0.5712  sec_per_iter: 0.4557  iters_per_sec: 2.1900  samples_per_sec: 35.1100  samples_per_sec_per_gpu: 8.7800  max_mem_allocated_mb: 143.9000  max_mem_reserved_mb: 11086.0000
04/08 23:46:13 - mmengine - INFO - Epoch(train) [10][4400/5000]  lr: 8.1766e-05  eta: 1:29:42  time: 0.4452  data_time: 0.0062  memory: 10337  grad_norm: 1.5880  loss: 0.6016  loss_heatmap: 0.2119  layer_-1_loss_cls: 0.0496  layer_-1_loss_bbox: 0.3402  matched_ious: 0.6245  sec_per_iter: 0.4557  iters_per_sec: 2.1900  samples_per_sec: 35.1100  samples_per_sec_per_gpu: 8.7800  max_mem_allocated_mb: 143.9000  max_mem_reserved_mb: 11086.0000
04/08 23:46:36 - mmengine - INFO - Epoch(train) [10][4450/5000]  lr: 8.1041e-05  eta: 1:29:16  time: 0.4619  data_time: 0.0059  memory: 10385  grad_norm: 1.6235  loss: 0.6331  loss_heatmap: 0.2286  layer_-1_loss_cls: 0.0520  layer_-1_loss_bbox: 0.3525  matched_ious: 0.5333  sec_per_iter: 0.4555  iters_per_sec: 2.2000  samples_per_sec: 35.1200  samples_per_sec_per_gpu: 8.7800  max_mem_allocated_mb: 143.9000  max_mem_reserved_mb: 11086.0000
04/08 23:46:59 - mmengine - INFO - Epoch(train) [10][4500/5000]  lr: 8.0318e-05  eta: 1:28:50  time: 0.4541  data_time: 0.0059  memory: 10465  grad_norm: 1.6301  loss: 0.6066  loss_heatmap: 0.2178  layer_-1_loss_cls: 0.0511  layer_-1_loss_bbox: 0.3377  matched_ious: 0.5144  sec_per_iter: 0.4556  iters_per_sec: 2.1900  samples_per_sec: 35.1200  samples_per_sec_per_gpu: 8.7800  max_mem_allocated_mb: 143.9000  max_mem_reserved_mb: 11086.0000
04/08 23:47:22 - mmengine - INFO - Epoch(train) [10][4550/5000]  lr: 7.9599e-05  eta: 1:28:24  time: 0.4581  data_time: 0.0063  memory: 10529  grad_norm: 1.8393  loss: 0.6018  loss_heatmap: 0.2202  layer_-1_loss_cls: 0.0527  layer_-1_loss_bbox: 0.3289  matched_ious: 0.5837  sec_per_iter: 0.4556  iters_per_sec: 2.1900  samples_per_sec: 35.1200  samples_per_sec_per_gpu: 8.7800  max_mem_allocated_mb: 143.9000  max_mem_reserved_mb: 11086.0000
04/08 23:47:45 - mmengine - INFO - Epoch(train) [10][4600/5000]  lr: 7.8882e-05  eta: 1:27:58  time: 0.4512  data_time: 0.0054  memory: 10510  grad_norm: 1.7388  loss: 0.5995  loss_heatmap: 0.2169  layer_-1_loss_cls: 0.0544  layer_-1_loss_bbox: 0.3282  matched_ious: 0.5776  sec_per_iter: 0.4556  iters_per_sec: 2.1900  samples_per_sec: 35.1200  samples_per_sec_per_gpu: 8.7800  max_mem_allocated_mb: 143.9000  max_mem_reserved_mb: 11086.0000
04/08 23:48:07 - mmengine - INFO - Epoch(train) [10][4650/5000]  lr: 7.8167e-05  eta: 1:27:32  time: 0.4549  data_time: 0.0064  memory: 10462  grad_norm: 1.7626  loss: 0.6117  loss_heatmap: 0.2212  layer_-1_loss_cls: 0.0487  layer_-1_loss_bbox: 0.3418  matched_ious: 0.5923  sec_per_iter: 0.4556  iters_per_sec: 2.2000  samples_per_sec: 35.1200  samples_per_sec_per_gpu: 8.7800  max_mem_allocated_mb: 143.9000  max_mem_reserved_mb: 11086.0000
04/08 23:48:30 - mmengine - INFO - Epoch(train) [10][4700/5000]  lr: 7.7456e-05  eta: 1:27:06  time: 0.4613  data_time: 0.0072  memory: 10376  grad_norm: 1.7571  loss: 0.6263  loss_heatmap: 0.2322  layer_-1_loss_cls: 0.0504  layer_-1_loss_bbox: 0.3437  matched_ious: 0.5449  sec_per_iter: 0.4556  iters_per_sec: 2.2000  samples_per_sec: 35.1200  samples_per_sec_per_gpu: 8.7800  max_mem_allocated_mb: 143.9000  max_mem_reserved_mb: 11086.0000
04/08 23:48:53 - mmengine - INFO - Epoch(train) [10][4750/5000]  lr: 7.6747e-05  eta: 1:26:40  time: 0.4440  data_time: 0.0072  memory: 10457  grad_norm: 1.6695  loss: 0.5705  loss_heatmap: 0.2041  layer_-1_loss_cls: 0.0504  layer_-1_loss_bbox: 0.3160  matched_ious: 0.6067  sec_per_iter: 0.4556  iters_per_sec: 2.1900  samples_per_sec: 35.1200  samples_per_sec_per_gpu: 8.7800  max_mem_allocated_mb: 143.9000  max_mem_reserved_mb: 11086.0000
04/08 23:49:15 - mmengine - INFO - Epoch(train) [10][4800/5000]  lr: 7.6040e-05  eta: 1:26:14  time: 0.4544  data_time: 0.0065  memory: 10557  grad_norm: 1.5820  loss: 0.6466  loss_heatmap: 0.2259  layer_-1_loss_cls: 0.0518  layer_-1_loss_bbox: 0.3688  matched_ious: 0.5636  sec_per_iter: 0.4555  iters_per_sec: 2.2000  samples_per_sec: 35.1300  samples_per_sec_per_gpu: 8.7800  max_mem_allocated_mb: 143.9000  max_mem_reserved_mb: 11086.0000
04/08 23:49:37 - mmengine - INFO - Epoch(train) [10][4850/5000]  lr: 7.5336e-05  eta: 1:25:48  time: 0.4419  data_time: 0.0052  memory: 10457  grad_norm: 1.8093  loss: 0.6194  loss_heatmap: 0.2166  layer_-1_loss_cls: 0.0482  layer_-1_loss_bbox: 0.3545  matched_ious: 0.6032  sec_per_iter: 0.4555  iters_per_sec: 2.2000  samples_per_sec: 35.1300  samples_per_sec_per_gpu: 8.7800  max_mem_allocated_mb: 143.9000  max_mem_reserved_mb: 11086.0000
04/08 23:50:00 - mmengine - INFO - Epoch(train) [10][4900/5000]  lr: 7.4635e-05  eta: 1:25:22  time: 0.4562  data_time: 0.0059  memory: 10373  grad_norm: 1.6356  loss: 0.6091  loss_heatmap: 0.2156  layer_-1_loss_cls: 0.0493  layer_-1_loss_bbox: 0.3442  matched_ious: 0.5604  sec_per_iter: 0.4553  iters_per_sec: 2.2000  samples_per_sec: 35.1400  samples_per_sec_per_gpu: 8.7800  max_mem_allocated_mb: 143.9000  max_mem_reserved_mb: 11086.0000
04/08 23:50:22 - mmengine - INFO - Epoch(train) [10][4950/5000]  lr: 7.3937e-05  eta: 1:24:56  time: 0.4442  data_time: 0.0059  memory: 10469  grad_norm: 1.6445  loss: 0.6199  loss_heatmap: 0.2196  layer_-1_loss_cls: 0.0506  layer_-1_loss_bbox: 0.3498  matched_ious: 0.5777  sec_per_iter: 0.4554  iters_per_sec: 2.2000  samples_per_sec: 35.1400  samples_per_sec_per_gpu: 8.7800  max_mem_allocated_mb: 143.9000  max_mem_reserved_mb: 11086.0000
04/08 23:50:45 - mmengine - INFO - Exp name: zod_lidar_only_continue_20260408_160451
04/08 23:50:45 - mmengine - INFO - Epoch(train) [10][5000/5000]  lr: 7.3241e-05  eta: 1:24:30  time: 0.4487  data_time: 0.0055  memory: 10454  grad_norm: 1.6430  loss: 0.5911  loss_heatmap: 0.2097  layer_-1_loss_cls: 0.0497  layer_-1_loss_bbox: 0.3317  matched_ious: 0.5246  sec_per_iter: 0.4552  iters_per_sec: 2.2000  samples_per_sec: 35.1500  samples_per_sec_per_gpu: 8.7900  max_mem_allocated_mb: 143.9000  max_mem_reserved_mb: 11086.0000
04/08 23:50:45 - mmengine - INFO - [Efficiency] Epoch 10: wall=2275.9s  iters=5000  sec/iter=0.455  mem_alloc=144MB  mem_rsv=11086MB
04/08 23:50:46 - mmengine - INFO - Saved /home/users/u103958/projects/multimodal-MoE/outputs/runs/zod_lidar_only_continue/zod-lidar-continue_4459870/visualizations/bev_before_backbone_epoch_10.png
04/08 23:50:46 - mmengine - INFO - Saved /home/users/u103958/projects/multimodal-MoE/outputs/runs/zod_lidar_only_continue/zod-lidar-continue_4459870/visualizations/bev_after_fpn_epoch_10.png
04/08 23:50:47 - mmengine - INFO - Saved /home/users/u103958/projects/multimodal-MoE/outputs/runs/zod_lidar_only_continue/zod-lidar-continue_4459870/visualizations/bev_pred_vs_gt_epoch_10.png  (GT=15, pred=15, max_score=0.821)
04/08 23:50:47 - mmengine - INFO - Saved /home/users/u103958/projects/multimodal-MoE/outputs/runs/zod_lidar_only_continue/zod-lidar-continue_4459870/visualizations/bev_val_pred_vs_gt_epoch_10.png  (GT=25, pred=21, max_score=0.827)
04/08 23:50:47 - mmengine - INFO - Saving checkpoint at 10 epochs
04/08 23:50:55 - mmengine - INFO - Epoch(val) [10][  50/1250]    eta: 0:02:36  time: 0.1308  data_time: 0.0025  memory: 2447  
04/08 23:51:02 - mmengine - INFO - Epoch(val) [10][ 100/1250]    eta: 0:02:37  time: 0.1434  data_time: 0.0020  memory: 2447  
04/08 23:51:08 - mmengine - INFO - Epoch(val) [10][ 150/1250]    eta: 0:02:29  time: 0.1333  data_time: 0.0023  memory: 2447  
04/08 23:51:15 - mmengine - INFO - Epoch(val) [10][ 200/1250]    eta: 0:02:20  time: 0.1274  data_time: 0.0019  memory: 2447  
04/08 23:51:23 - mmengine - INFO - Epoch(val) [10][ 250/1250]    eta: 0:02:19  time: 0.1639  data_time: 0.0020  memory: 2447  
04/08 23:51:30 - mmengine - INFO - Epoch(val) [10][ 300/1250]    eta: 0:02:11  time: 0.1318  data_time: 0.0025  memory: 2447  
04/08 23:51:36 - mmengine - INFO - Epoch(val) [10][ 350/1250]    eta: 0:02:03  time: 0.1315  data_time: 0.0021  memory: 2447  
04/08 23:51:43 - mmengine - INFO - Epoch(val) [10][ 400/1250]    eta: 0:01:56  time: 0.1354  data_time: 0.0021  memory: 2447  
04/08 23:51:50 - mmengine - INFO - Epoch(val) [10][ 450/1250]    eta: 0:01:49  time: 0.1320  data_time: 0.0018  memory: 2447  
04/08 23:51:56 - mmengine - INFO - Epoch(val) [10][ 500/1250]    eta: 0:01:41  time: 0.1301  data_time: 0.0021  memory: 2447  
04/08 23:52:03 - mmengine - INFO - Epoch(val) [10][ 550/1250]    eta: 0:01:35  time: 0.1377  data_time: 0.0017  memory: 2447  
04/08 23:52:10 - mmengine - INFO - Epoch(val) [10][ 600/1250]    eta: 0:01:28  time: 0.1335  data_time: 0.0020  memory: 2447  
04/08 23:52:16 - mmengine - INFO - Epoch(val) [10][ 650/1250]    eta: 0:01:21  time: 0.1322  data_time: 0.0018  memory: 2447  
04/08 23:52:23 - mmengine - INFO - Epoch(val) [10][ 700/1250]    eta: 0:01:14  time: 0.1314  data_time: 0.0019  memory: 2447  
04/08 23:52:29 - mmengine - INFO - Epoch(val) [10][ 750/1250]    eta: 0:01:07  time: 0.1260  data_time: 0.0016  memory: 2447  
04/08 23:52:35 - mmengine - INFO - Epoch(val) [10][ 800/1250]    eta: 0:01:00  time: 0.1269  data_time: 0.0017  memory: 2447  
04/08 23:52:42 - mmengine - INFO - Epoch(val) [10][ 850/1250]    eta: 0:00:53  time: 0.1290  data_time: 0.0017  memory: 2447  
04/08 23:52:48 - mmengine - INFO - Epoch(val) [10][ 900/1250]    eta: 0:00:46  time: 0.1308  data_time: 0.0017  memory: 2447  
04/08 23:52:55 - mmengine - INFO - Epoch(val) [10][ 950/1250]    eta: 0:00:40  time: 0.1290  data_time: 0.0017  memory: 2447  
04/08 23:53:01 - mmengine - INFO - Epoch(val) [10][1000/1250]    eta: 0:00:33  time: 0.1248  data_time: 0.0018  memory: 2447  
04/08 23:53:08 - mmengine - INFO - Epoch(val) [10][1050/1250]    eta: 0:00:26  time: 0.1311  data_time: 0.0015  memory: 2446  
04/08 23:53:14 - mmengine - INFO - Epoch(val) [10][1100/1250]    eta: 0:00:19  time: 0.1261  data_time: 0.0016  memory: 2446  
04/08 23:53:21 - mmengine - INFO - Epoch(val) [10][1150/1250]    eta: 0:00:13  time: 0.1330  data_time: 0.0018  memory: 2447  
04/08 23:53:27 - mmengine - INFO - Epoch(val) [10][1200/1250]    eta: 0:00:06  time: 0.1273  data_time: 0.0019  memory: 2447  
04/08 23:53:34 - mmengine - INFO - Epoch(val) [10][1250/1250]    eta: 0:00:00  time: 0.1284  data_time: 0.0026  memory: 2447  
04/08 23:54:50 - mmengine - INFO - 
+------------+---------+---------+---------+---------+
| classes    | AP_0.25 | AR_0.25 | AP_0.50 | AR_0.50 |
+------------+---------+---------+---------+---------+
| pedestrian | 0.7414  | 0.9317  | 0.5297  | 0.7176  |
+------------+---------+---------+---------+---------+
| Overall    | 0.7414  | 0.9317  | 0.5297  | 0.7176  |
+------------+---------+---------+---------+---------+
04/08 23:55:13 - mmengine - INFO - 
+------------+---------+---------+---------+---------+---------+---------+
| classes    | AP_0.5m | AR_0.5m | AP_1.0m | AR_1.0m | AP_2.0m | AR_2.0m |
+------------+---------+---------+---------+---------+---------+---------+
| pedestrian | 0.7573  | 0.9549  | 0.7643  | 0.9613  | 0.7700  | 0.9657  |
+------------+---------+---------+---------+---------+---------+---------+
| Overall    | 0.7573  | 0.9549  | 0.7643  | 0.9613  | 0.7700  | 0.9657  |
+------------+---------+---------+---------+---------+---------+---------+
04/08 23:55:13 - mmengine - INFO - Epoch(val) [10][1250/1250]    pedestrian_AP_0.25: 0.7414  mAP_0.25: 0.7414  pedestrian_rec_0.25: 0.9317  mAR_0.25: 0.9317  pedestrian_AP_0.50: 0.5297  mAP_0.50: 0.5297  pedestrian_rec_0.50: 0.7176  mAR_0.50: 0.7176  pedestrian_AP_0.5m: 0.7573  pedestrian_rec_0.5m: 0.9549  pedestrian_AP_1.0m: 0.7643  pedestrian_rec_1.0m: 0.9613  pedestrian_AP_2.0m: 0.7700  pedestrian_rec_2.0m: 0.9657  mAP_0.5m: 0.7573  mAR_0.5m: 0.9549  mAP_1.0m: 0.7643  mAR_1.0m: 0.9613  mAP_2.0m: 0.7700  mAR_2.0m: 0.9657  data_time: 0.0019  time: 0.1323
04/08 23:55:38 - mmengine - INFO - Epoch(train) [11][  50/5000]  lr: 7.2549e-05  eta: 1:24:05  time: 0.4838  data_time: 0.0141  memory: 10376  grad_norm: 1.7428  loss: 0.6476  loss_heatmap: 0.2304  layer_-1_loss_cls: 0.0508  layer_-1_loss_bbox: 0.3664  matched_ious: 0.5724  sec_per_iter: 0.4552  iters_per_sec: 2.2000  samples_per_sec: 35.1500  samples_per_sec_per_gpu: 8.7900  max_mem_allocated_mb: 143.9000  max_mem_reserved_mb: 11086.0000
04/08 23:56:00 - mmengine - INFO - Epoch(train) [11][ 100/5000]  lr: 7.1858e-05  eta: 1:23:39  time: 0.4453  data_time: 0.0060  memory: 10322  grad_norm: 1.7167  loss: 0.5934  loss_heatmap: 0.2095  layer_-1_loss_cls: 0.0492  layer_-1_loss_bbox: 0.3347  matched_ious: 0.5686  sec_per_iter: 0.4845  iters_per_sec: 2.0600  samples_per_sec: 33.0300  samples_per_sec_per_gpu: 8.2600  max_mem_allocated_mb: 143.9000  max_mem_reserved_mb: 11086.0000
04/08 23:56:22 - mmengine - INFO - Epoch(train) [11][ 150/5000]  lr: 7.1171e-05  eta: 1:23:13  time: 0.4399  data_time: 0.0061  memory: 10408  grad_norm: 1.7665  loss: 0.6267  loss_heatmap: 0.2230  layer_-1_loss_cls: 0.0474  layer_-1_loss_bbox: 0.3563  matched_ious: 0.4942  sec_per_iter: 0.4648  iters_per_sec: 2.1500  samples_per_sec: 34.4200  samples_per_sec_per_gpu: 8.6100  max_mem_allocated_mb: 143.9000  max_mem_reserved_mb: 11086.0000
04/08 23:56:45 - mmengine - INFO - Epoch(train) [11][ 200/5000]  lr: 7.0486e-05  eta: 1:22:47  time: 0.4649  data_time: 0.0056  memory: 10421  grad_norm: 1.6618  loss: 0.6070  loss_heatmap: 0.2203  layer_-1_loss_cls: 0.0495  layer_-1_loss_bbox: 0.3372  matched_ious: 0.5551  sec_per_iter: 0.4566  iters_per_sec: 2.1900  samples_per_sec: 35.0500  samples_per_sec_per_gpu: 8.7600  max_mem_allocated_mb: 143.9000  max_mem_reserved_mb: 11086.0000
04/08 23:57:09 - mmengine - INFO - Epoch(train) [11][ 250/5000]  lr: 6.9805e-05  eta: 1:22:21  time: 0.4689  data_time: 0.0060  memory: 10530  grad_norm: 1.7710  loss: 0.6072  loss_heatmap: 0.2224  layer_-1_loss_cls: 0.0485  layer_-1_loss_bbox: 0.3362  matched_ious: 0.5793  sec_per_iter: 0.4587  iters_per_sec: 2.1800  samples_per_sec: 34.8800  samples_per_sec_per_gpu: 8.7200  max_mem_allocated_mb: 143.9000  max_mem_reserved_mb: 11086.0000
04/08 23:57:31 - mmengine - INFO - Epoch(train) [11][ 300/5000]  lr: 6.9125e-05  eta: 1:21:56  time: 0.4513  data_time: 0.0061  memory: 10362  grad_norm: 1.6115  loss: 0.6239  loss_heatmap: 0.2223  layer_-1_loss_cls: 0.0488  layer_-1_loss_bbox: 0.3527  matched_ious: 0.6377  sec_per_iter: 0.4607  iters_per_sec: 2.1700  samples_per_sec: 34.7300  samples_per_sec_per_gpu: 8.6800  max_mem_allocated_mb: 143.9000  max_mem_reserved_mb: 11086.0000
04/08 23:57:54 - mmengine - INFO - Epoch(train) [11][ 350/5000]  lr: 6.8449e-05  eta: 1:21:30  time: 0.4466  data_time: 0.0062  memory: 10559  grad_norm: 1.6528  loss: 0.5938  loss_heatmap: 0.2158  layer_-1_loss_cls: 0.0473  layer_-1_loss_bbox: 0.3308  matched_ious: 0.5801  sec_per_iter: 0.4591  iters_per_sec: 2.1800  samples_per_sec: 34.8500  samples_per_sec_per_gpu: 8.7100  max_mem_allocated_mb: 143.9000  max_mem_reserved_mb: 11086.0000
04/08 23:58:16 - mmengine - INFO - Epoch(train) [11][ 400/5000]  lr: 6.7776e-05  eta: 1:21:04  time: 0.4525  data_time: 0.0059  memory: 10393  grad_norm: 1.6914  loss: 0.6199  loss_heatmap: 0.2178  layer_-1_loss_cls: 0.0490  layer_-1_loss_bbox: 0.3531  matched_ious: 0.5942  sec_per_iter: 0.4574  iters_per_sec: 2.1900  samples_per_sec: 34.9800  samples_per_sec_per_gpu: 8.7400  max_mem_allocated_mb: 143.9000  max_mem_reserved_mb: 11086.0000
04/08 23:58:40 - mmengine - INFO - Epoch(train) [11][ 450/5000]  lr: 6.7105e-05  eta: 1:20:38  time: 0.4672  data_time: 0.0063  memory: 10384  grad_norm: 1.5883  loss: 0.5681  loss_heatmap: 0.2038  layer_-1_loss_cls: 0.0474  layer_-1_loss_bbox: 0.3169  matched_ious: 0.5758  sec_per_iter: 0.4568  iters_per_sec: 2.1900  samples_per_sec: 35.0300  samples_per_sec_per_gpu: 8.7600  max_mem_allocated_mb: 143.9000  max_mem_reserved_mb: 11086.0000
04/08 23:59:02 - mmengine - INFO - Epoch(train) [11][ 500/5000]  lr: 6.6437e-05  eta: 1:20:12  time: 0.4496  data_time: 0.0063  memory: 10435  grad_norm: 1.6701  loss: 0.5999  loss_heatmap: 0.2127  layer_-1_loss_cls: 0.0464  layer_-1_loss_bbox: 0.3409  matched_ious: 0.5816  sec_per_iter: 0.4579  iters_per_sec: 2.1800  samples_per_sec: 34.9400  samples_per_sec_per_gpu: 8.7300  max_mem_allocated_mb: 143.9000  max_mem_reserved_mb: 11086.0000
04/08 23:59:26 - mmengine - INFO - Epoch(train) [11][ 550/5000]  lr: 6.5772e-05  eta: 1:19:47  time: 0.4757  data_time: 0.0065  memory: 10317  grad_norm: 1.7279  loss: 0.6180  loss_heatmap: 0.2290  layer_-1_loss_cls: 0.0478  layer_-1_loss_bbox: 0.3412  matched_ious: 0.5499  sec_per_iter: 0.4571  iters_per_sec: 2.1900  samples_per_sec: 35.0000  samples_per_sec_per_gpu: 8.7500  max_mem_allocated_mb: 143.9000  max_mem_reserved_mb: 11086.0000
04/08 23:59:49 - mmengine - INFO - Epoch(train) [11][ 600/5000]  lr: 6.5110e-05  eta: 1:19:21  time: 0.4659  data_time: 0.0076  memory: 10473  grad_norm: 1.6481  loss: 0.6296  loss_heatmap: 0.2208  layer_-1_loss_cls: 0.0477  layer_-1_loss_bbox: 0.3612  matched_ious: 0.5726  sec_per_iter: 0.4588  iters_per_sec: 2.1800  samples_per_sec: 34.8700  samples_per_sec_per_gpu: 8.7200  max_mem_allocated_mb: 143.9000  max_mem_reserved_mb: 11086.0000
04/09 00:00:13 - mmengine - INFO - Epoch(train) [11][ 650/5000]  lr: 6.4450e-05  eta: 1:18:55  time: 0.4762  data_time: 0.0067  memory: 10584  grad_norm: 1.6661  loss: 0.6100  loss_heatmap: 0.2110  layer_-1_loss_cls: 0.0486  layer_-1_loss_bbox: 0.3505  matched_ious: 0.5938  sec_per_iter: 0.4595  iters_per_sec: 2.1800  samples_per_sec: 34.8200  samples_per_sec_per_gpu: 8.7100  max_mem_allocated_mb: 143.9000  max_mem_reserved_mb: 11086.0000
04/09 00:00:36 - mmengine - INFO - Epoch(train) [11][ 700/5000]  lr: 6.3794e-05  eta: 1:18:30  time: 0.4612  data_time: 0.0086  memory: 10387  grad_norm: 1.6117  loss: 0.5884  loss_heatmap: 0.2117  layer_-1_loss_cls: 0.0473  layer_-1_loss_bbox: 0.3294  matched_ious: 0.5955  sec_per_iter: 0.4607  iters_per_sec: 2.1700  samples_per_sec: 34.7300  samples_per_sec_per_gpu: 8.6800  max_mem_allocated_mb: 143.9000  max_mem_reserved_mb: 11086.0000
04/09 00:01:02 - mmengine - INFO - Epoch(train) [11][ 750/5000]  lr: 6.3140e-05  eta: 1:18:04  time: 0.5073  data_time: 0.0077  memory: 10315  grad_norm: 1.6381  loss: 0.5918  loss_heatmap: 0.2201  layer_-1_loss_cls: 0.0431  layer_-1_loss_bbox: 0.3286  matched_ious: 0.5831  sec_per_iter: 0.4607  iters_per_sec: 2.1700  samples_per_sec: 34.7300  samples_per_sec_per_gpu: 8.6800  max_mem_allocated_mb: 143.9000  max_mem_reserved_mb: 11086.0000
04/09 00:01:24 - mmengine - INFO - Epoch(train) [11][ 800/5000]  lr: 6.2490e-05  eta: 1:17:38  time: 0.4406  data_time: 0.0065  memory: 10510  grad_norm: 1.5559  loss: 0.5661  loss_heatmap: 0.2026  layer_-1_loss_cls: 0.0420  layer_-1_loss_bbox: 0.3215  matched_ious: 0.5959  sec_per_iter: 0.4639  iters_per_sec: 2.1600  samples_per_sec: 34.4900  samples_per_sec_per_gpu: 8.6200  max_mem_allocated_mb: 143.9000  max_mem_reserved_mb: 11086.0000
04/09 00:01:46 - mmengine - INFO - Epoch(train) [11][ 850/5000]  lr: 6.1842e-05  eta: 1:17:12  time: 0.4400  data_time: 0.0057  memory: 10437  grad_norm: 1.7063  loss: 0.6369  loss_heatmap: 0.2269  layer_-1_loss_cls: 0.0487  layer_-1_loss_bbox: 0.3613  matched_ious: 0.5769  sec_per_iter: 0.4624  iters_per_sec: 2.1600  samples_per_sec: 34.6000  samples_per_sec_per_gpu: 8.6500  max_mem_allocated_mb: 143.9000  max_mem_reserved_mb: 11086.0000
04/09 00:02:10 - mmengine - INFO - Epoch(train) [11][ 900/5000]  lr: 6.1197e-05  eta: 1:16:47  time: 0.4873  data_time: 0.0061  memory: 10366  grad_norm: 1.6522  loss: 0.6097  loss_heatmap: 0.2142  layer_-1_loss_cls: 0.0484  layer_-1_loss_bbox: 0.3471  matched_ious: 0.6022  sec_per_iter: 0.4611  iters_per_sec: 2.1700  samples_per_sec: 34.7000  samples_per_sec_per_gpu: 8.6700  max_mem_allocated_mb: 143.9000  max_mem_reserved_mb: 11086.0000
04/09 00:02:33 - mmengine - INFO - Epoch(train) [11][ 950/5000]  lr: 6.0555e-05  eta: 1:16:21  time: 0.4584  data_time: 0.0070  memory: 10569  grad_norm: 1.7873  loss: 0.6520  loss_heatmap: 0.2274  layer_-1_loss_cls: 0.0511  layer_-1_loss_bbox: 0.3736  matched_ious: 0.6122  sec_per_iter: 0.4626  iters_per_sec: 2.1600  samples_per_sec: 34.5900  samples_per_sec_per_gpu: 8.6500  max_mem_allocated_mb: 143.9000  max_mem_reserved_mb: 11086.0000
04/09 00:02:55 - mmengine - INFO - Exp name: zod_lidar_only_continue_20260408_160451
04/09 00:02:55 - mmengine - INFO - Epoch(train) [11][1000/5000]  lr: 5.9916e-05  eta: 1:15:55  time: 0.4423  data_time: 0.0076  memory: 10395  grad_norm: 1.6574  loss: 0.6209  loss_heatmap: 0.2110  layer_-1_loss_cls: 0.0462  layer_-1_loss_bbox: 0.3637  matched_ious: 0.5674  sec_per_iter: 0.4623  iters_per_sec: 2.1600  samples_per_sec: 34.6100  samples_per_sec_per_gpu: 8.6500  max_mem_allocated_mb: 143.9000  max_mem_reserved_mb: 11086.0000
04/09 00:03:18 - mmengine - INFO - Epoch(train) [11][1050/5000]  lr: 5.9279e-05  eta: 1:15:30  time: 0.4683  data_time: 0.0077  memory: 10327  grad_norm: 1.6433  loss: 0.6387  loss_heatmap: 0.2257  layer_-1_loss_cls: 0.0460  layer_-1_loss_bbox: 0.3670  matched_ious: 0.6334  sec_per_iter: 0.4614  iters_per_sec: 2.1700  samples_per_sec: 34.6800  samples_per_sec_per_gpu: 8.6700  max_mem_allocated_mb: 143.9000  max_mem_reserved_mb: 11086.0000
04/09 00:03:41 - mmengine - INFO - Epoch(train) [11][1100/5000]  lr: 5.8646e-05  eta: 1:15:04  time: 0.4592  data_time: 0.0056  memory: 10492  grad_norm: 1.7374  loss: 0.6096  loss_heatmap: 0.2144  layer_-1_loss_cls: 0.0477  layer_-1_loss_bbox: 0.3476  matched_ious: 0.6238  sec_per_iter: 0.4617  iters_per_sec: 2.1700  samples_per_sec: 34.6600  samples_per_sec_per_gpu: 8.6600  max_mem_allocated_mb: 143.9000  max_mem_reserved_mb: 11086.0000
04/09 00:04:04 - mmengine - INFO - Epoch(train) [11][1150/5000]  lr: 5.8016e-05  eta: 1:14:38  time: 0.4570  data_time: 0.0066  memory: 10482  grad_norm: 1.9827  loss: 0.5956  loss_heatmap: 0.2131  layer_-1_loss_cls: 0.0471  layer_-1_loss_bbox: 0.3354  matched_ious: 0.6071  sec_per_iter: 0.4616  iters_per_sec: 2.1700  samples_per_sec: 34.6600  samples_per_sec_per_gpu: 8.6700  max_mem_allocated_mb: 143.9000  max_mem_reserved_mb: 11086.0000
04/09 00:04:27 - mmengine - INFO - Epoch(train) [11][1200/5000]  lr: 5.7389e-05  eta: 1:14:12  time: 0.4508  data_time: 0.0061  memory: 10409  grad_norm: 1.6062  loss: 0.6322  loss_heatmap: 0.2185  layer_-1_loss_cls: 0.0492  layer_-1_loss_bbox: 0.3644  matched_ious: 0.5772  sec_per_iter: 0.4614  iters_per_sec: 2.1700  samples_per_sec: 34.6800  samples_per_sec_per_gpu: 8.6700  max_mem_allocated_mb: 143.9000  max_mem_reserved_mb: 11086.0000
04/09 00:04:50 - mmengine - INFO - Epoch(train) [11][1250/5000]  lr: 5.6764e-05  eta: 1:13:47  time: 0.4666  data_time: 0.0076  memory: 10369  grad_norm: 1.6997  loss: 0.6285  loss_heatmap: 0.2125  layer_-1_loss_cls: 0.0453  layer_-1_loss_bbox: 0.3707  matched_ious: 0.5971  sec_per_iter: 0.4609  iters_per_sec: 2.1700  samples_per_sec: 34.7100  samples_per_sec_per_gpu: 8.6800  max_mem_allocated_mb: 143.9000  max_mem_reserved_mb: 11086.0000
04/09 00:05:13 - mmengine - INFO - Epoch(train) [11][1300/5000]  lr: 5.6143e-05  eta: 1:13:21  time: 0.4504  data_time: 0.0064  memory: 10454  grad_norm: 1.6324  loss: 0.6236  loss_heatmap: 0.2118  layer_-1_loss_cls: 0.0480  layer_-1_loss_bbox: 0.3638  matched_ious: 0.5555  sec_per_iter: 0.4612  iters_per_sec: 2.1700  samples_per_sec: 34.6900  samples_per_sec_per_gpu: 8.6700  max_mem_allocated_mb: 143.9000  max_mem_reserved_mb: 11086.0000
04/09 00:05:35 - mmengine - INFO - Epoch(train) [11][1350/5000]  lr: 5.5525e-05  eta: 1:12:55  time: 0.4558  data_time: 0.0068  memory: 10464  grad_norm: 1.5934  loss: 0.5705  loss_heatmap: 0.2038  layer_-1_loss_cls: 0.0459  layer_-1_loss_bbox: 0.3208  matched_ious: 0.5728  sec_per_iter: 0.4608  iters_per_sec: 2.1700  samples_per_sec: 34.7300  samples_per_sec_per_gpu: 8.6800  max_mem_allocated_mb: 143.9000  max_mem_reserved_mb: 11086.0000
04/09 00:05:58 - mmengine - INFO - Epoch(train) [11][1400/5000]  lr: 5.4909e-05  eta: 1:12:30  time: 0.4533  data_time: 0.0090  memory: 10331  grad_norm: 1.6582  loss: 0.6432  loss_heatmap: 0.2229  layer_-1_loss_cls: 0.0445  layer_-1_loss_bbox: 0.3758  matched_ious: 0.5812  sec_per_iter: 0.4606  iters_per_sec: 2.1700  samples_per_sec: 34.7400  samples_per_sec_per_gpu: 8.6800  max_mem_allocated_mb: 143.9000  max_mem_reserved_mb: 11086.0000
04/09 00:06:20 - mmengine - INFO - Epoch(train) [11][1450/5000]  lr: 5.4297e-05  eta: 1:12:04  time: 0.4447  data_time: 0.0075  memory: 10485  grad_norm: nan  loss: 0.6542  loss_heatmap: 0.2312  layer_-1_loss_cls: 0.0473  layer_-1_loss_bbox: 0.3757  matched_ious: 0.5658  sec_per_iter: 0.4603  iters_per_sec: 2.1700  samples_per_sec: 34.7600  samples_per_sec_per_gpu: 8.6900  max_mem_allocated_mb: 143.9000  max_mem_reserved_mb: 11086.0000
04/09 00:06:45 - mmengine - INFO - Epoch(train) [11][1500/5000]  lr: 5.3687e-05  eta: 1:11:38  time: 0.4858  data_time: 0.0076  memory: 10402  grad_norm: 1.7003  loss: 0.6034  loss_heatmap: 0.2188  layer_-1_loss_cls: 0.0509  layer_-1_loss_bbox: 0.3337  matched_ious: 0.5864  sec_per_iter: 0.4598  iters_per_sec: 2.1700  samples_per_sec: 34.8000  samples_per_sec_per_gpu: 8.7000  max_mem_allocated_mb: 143.9000  max_mem_reserved_mb: 11086.0000
04/09 00:07:07 - mmengine - INFO - Epoch(train) [11][1550/5000]  lr: 5.3081e-05  eta: 1:11:13  time: 0.4551  data_time: 0.0055  memory: 10566  grad_norm: 1.6802  loss: 0.5724  loss_heatmap: 0.1947  layer_-1_loss_cls: 0.0448  layer_-1_loss_bbox: 0.3328  matched_ious: 0.6012  sec_per_iter: 0.4606  iters_per_sec: 2.1700  samples_per_sec: 34.7300  samples_per_sec_per_gpu: 8.6800  max_mem_allocated_mb: 143.9000  max_mem_reserved_mb: 11086.0000
04/09 00:07:31 - mmengine - INFO - Epoch(train) [11][1600/5000]  lr: 5.2478e-05  eta: 1:10:47  time: 0.4757  data_time: 0.0078  memory: 10458  grad_norm: 1.5755  loss: 0.5952  loss_heatmap: 0.2092  layer_-1_loss_cls: 0.0474  layer_-1_loss_bbox: 0.3386  matched_ious: 0.5873  sec_per_iter: 0.4605  iters_per_sec: 2.1700  samples_per_sec: 34.7500  samples_per_sec_per_gpu: 8.6900  max_mem_allocated_mb: 143.9000  max_mem_reserved_mb: 11086.0000
04/09 00:07:53 - mmengine - INFO - Epoch(train) [11][1650/5000]  lr: 5.1878e-05  eta: 1:10:21  time: 0.4426  data_time: 0.0061  memory: 10365  grad_norm: 1.5859  loss: 0.6334  loss_heatmap: 0.2151  layer_-1_loss_cls: 0.0488  layer_-1_loss_bbox: 0.3695  matched_ious: 0.5899  sec_per_iter: 0.4610  iters_per_sec: 2.1700  samples_per_sec: 34.7100  samples_per_sec_per_gpu: 8.6800  max_mem_allocated_mb: 143.9000  max_mem_reserved_mb: 11086.0000
04/09 00:08:16 - mmengine - INFO - Epoch(train) [11][1700/5000]  lr: 5.1280e-05  eta: 1:09:56  time: 0.4583  data_time: 0.0067  memory: 10441  grad_norm: 1.6854  loss: 0.6440  loss_heatmap: 0.2319  layer_-1_loss_cls: 0.0493  layer_-1_loss_bbox: 0.3628  matched_ious: 0.5798  sec_per_iter: 0.4604  iters_per_sec: 2.1700  samples_per_sec: 34.7500  samples_per_sec_per_gpu: 8.6900  max_mem_allocated_mb: 143.9000  max_mem_reserved_mb: 11086.0000
04/09 00:08:40 - mmengine - INFO - Epoch(train) [11][1750/5000]  lr: 5.0686e-05  eta: 1:09:30  time: 0.4705  data_time: 0.0077  memory: 10487  grad_norm: 1.6210  loss: 0.5808  loss_heatmap: 0.2002  layer_-1_loss_cls: 0.0441  layer_-1_loss_bbox: 0.3365  matched_ious: 0.6713  sec_per_iter: 0.4603  iters_per_sec: 2.1700  samples_per_sec: 34.7600  samples_per_sec_per_gpu: 8.6900  max_mem_allocated_mb: 143.9000  max_mem_reserved_mb: 11086.0000
04/09 00:09:03 - mmengine - INFO - Epoch(train) [11][1800/5000]  lr: 5.0095e-05  eta: 1:09:04  time: 0.4567  data_time: 0.0056  memory: 10323  grad_norm: 1.7674  loss: 0.6101  loss_heatmap: 0.2127  layer_-1_loss_cls: 0.0445  layer_-1_loss_bbox: 0.3528  matched_ious: 0.5309  sec_per_iter: 0.4606  iters_per_sec: 2.1700  samples_per_sec: 34.7300  samples_per_sec_per_gpu: 8.6800  max_mem_allocated_mb: 143.9000  max_mem_reserved_mb: 11086.0000
04/09 00:09:25 - mmengine - INFO - Epoch(train) [11][1850/5000]  lr: 4.9507e-05  eta: 1:08:39  time: 0.4448  data_time: 0.0054  memory: 10296  grad_norm: 1.7356  loss: 0.6016  loss_heatmap: 0.2047  layer_-1_loss_cls: 0.0470  layer_-1_loss_bbox: 0.3499  matched_ious: 0.5557  sec_per_iter: 0.4605  iters_per_sec: 2.1700  samples_per_sec: 34.7400  samples_per_sec_per_gpu: 8.6900  max_mem_allocated_mb: 143.9000  max_mem_reserved_mb: 11086.0000
04/09 00:09:48 - mmengine - INFO - Epoch(train) [11][1900/5000]  lr: 4.8922e-05  eta: 1:08:13  time: 0.4645  data_time: 0.0063  memory: 10401  grad_norm: 1.7724  loss: 0.6069  loss_heatmap: 0.2128  layer_-1_loss_cls: 0.0492  layer_-1_loss_bbox: 0.3449  matched_ious: 0.5845  sec_per_iter: 0.4601  iters_per_sec: 2.1700  samples_per_sec: 34.7800  samples_per_sec_per_gpu: 8.6900  max_mem_allocated_mb: 143.9000  max_mem_reserved_mb: 11086.0000
04/09 00:10:11 - mmengine - INFO - Epoch(train) [11][1950/5000]  lr: 4.8340e-05  eta: 1:07:47  time: 0.4613  data_time: 0.0062  memory: 10598  grad_norm: 1.5957  loss: 0.5786  loss_heatmap: 0.2082  layer_-1_loss_cls: 0.0453  layer_-1_loss_bbox: 0.3251  matched_ious: 0.6033  sec_per_iter: 0.4602  iters_per_sec: 2.1700  samples_per_sec: 34.7700  samples_per_sec_per_gpu: 8.6900  max_mem_allocated_mb: 143.9000  max_mem_reserved_mb: 11086.0000
04/09 00:10:34 - mmengine - INFO - Exp name: zod_lidar_only_continue_20260408_160451
04/09 00:10:34 - mmengine - INFO - Epoch(train) [11][2000/5000]  lr: 4.7762e-05  eta: 1:07:22  time: 0.4614  data_time: 0.0053  memory: 10396  grad_norm: 1.7429  loss: 0.6633  loss_heatmap: 0.2232  layer_-1_loss_cls: 0.0478  layer_-1_loss_bbox: 0.3923  matched_ious: 0.5127  sec_per_iter: 0.4602  iters_per_sec: 2.1700  samples_per_sec: 34.7600  samples_per_sec_per_gpu: 8.6900  max_mem_allocated_mb: 143.9000  max_mem_reserved_mb: 11086.0000
04/09 00:10:57 - mmengine - INFO - Epoch(train) [11][2050/5000]  lr: 4.7186e-05  eta: 1:06:56  time: 0.4523  data_time: 0.0061  memory: 10388  grad_norm: 1.6795  loss: 0.5944  loss_heatmap: 0.2113  layer_-1_loss_cls: 0.0484  layer_-1_loss_bbox: 0.3347  matched_ious: 0.5740  sec_per_iter: 0.4603  iters_per_sec: 2.1700  samples_per_sec: 34.7600  samples_per_sec_per_gpu: 8.6900  max_mem_allocated_mb: 143.9000  max_mem_reserved_mb: 11086.0000
04/09 00:11:19 - mmengine - INFO - Epoch(train) [11][2100/5000]  lr: 4.6614e-05  eta: 1:06:30  time: 0.4504  data_time: 0.0051  memory: 10464  grad_norm: 1.6197  loss: 0.6088  loss_heatmap: 0.2243  layer_-1_loss_cls: 0.0500  layer_-1_loss_bbox: 0.3345  matched_ious: 0.5916  sec_per_iter: 0.4601  iters_per_sec: 2.1700  samples_per_sec: 34.7800  samples_per_sec_per_gpu: 8.6900  max_mem_allocated_mb: 143.9000  max_mem_reserved_mb: 11086.0000
04/09 00:11:42 - mmengine - INFO - Epoch(train) [11][2150/5000]  lr: 4.6045e-05  eta: 1:06:05  time: 0.4522  data_time: 0.0064  memory: 10298  grad_norm: 1.5149  loss: 0.6038  loss_heatmap: 0.2080  layer_-1_loss_cls: 0.0472  layer_-1_loss_bbox: 0.3486  matched_ious: 0.5711  sec_per_iter: 0.4599  iters_per_sec: 2.1700  samples_per_sec: 34.7900  samples_per_sec_per_gpu: 8.7000  max_mem_allocated_mb: 143.9000  max_mem_reserved_mb: 11086.0000
04/09 00:12:05 - mmengine - INFO - Epoch(train) [11][2200/5000]  lr: 4.5478e-05  eta: 1:05:39  time: 0.4641  data_time: 0.0056  memory: 10451  grad_norm: 1.8214  loss: 0.6066  loss_heatmap: 0.2133  layer_-1_loss_cls: 0.0479  layer_-1_loss_bbox: 0.3455  matched_ious: 0.5776  sec_per_iter: 0.4597  iters_per_sec: 2.1800  samples_per_sec: 34.8100  samples_per_sec_per_gpu: 8.7000  max_mem_allocated_mb: 143.9000  max_mem_reserved_mb: 11086.0000
04/09 00:12:28 - mmengine - INFO - Epoch(train) [11][2250/5000]  lr: 4.4915e-05  eta: 1:05:14  time: 0.4480  data_time: 0.0058  memory: 10378  grad_norm: 1.5587  loss: 0.5786  loss_heatmap: 0.2036  layer_-1_loss_cls: 0.0457  layer_-1_loss_bbox: 0.3293  matched_ious: 0.5750  sec_per_iter: 0.4598  iters_per_sec: 2.1700  samples_per_sec: 34.8000  samples_per_sec_per_gpu: 8.7000  max_mem_allocated_mb: 143.9000  max_mem_reserved_mb: 11086.0000
04/09 00:12:51 - mmengine - INFO - Epoch(train) [11][2300/5000]  lr: 4.4356e-05  eta: 1:04:48  time: 0.4595  data_time: 0.0057  memory: 10409  grad_norm: 1.6255  loss: 0.6061  loss_heatmap: 0.2127  layer_-1_loss_cls: 0.0506  layer_-1_loss_bbox: 0.3428  matched_ious: 0.5313  sec_per_iter: 0.4595  iters_per_sec: 2.1800  samples_per_sec: 34.8200  samples_per_sec_per_gpu: 8.7000  max_mem_allocated_mb: 143.9000  max_mem_reserved_mb: 11086.0000
04/09 00:13:13 - mmengine - INFO - Epoch(train) [11][2350/5000]  lr: 4.3799e-05  eta: 1:04:22  time: 0.4562  data_time: 0.0057  memory: 10359  grad_norm: 1.7753  loss: 0.5648  loss_heatmap: 0.1946  layer_-1_loss_cls: 0.0458  layer_-1_loss_bbox: 0.3245  matched_ious: 0.5834  sec_per_iter: 0.4595  iters_per_sec: 2.1800  samples_per_sec: 34.8200  samples_per_sec_per_gpu: 8.7000  max_mem_allocated_mb: 143.9000  max_mem_reserved_mb: 11086.0000
04/09 00:13:35 - mmengine - INFO - Epoch(train) [11][2400/5000]  lr: 4.3245e-05  eta: 1:03:57  time: 0.4415  data_time: 0.0076  memory: 10458  grad_norm: 1.4772  loss: 0.5715  loss_heatmap: 0.2020  layer_-1_loss_cls: 0.0477  layer_-1_loss_bbox: 0.3218  matched_ious: 0.5962  sec_per_iter: 0.4595  iters_per_sec: 2.1800  samples_per_sec: 34.8200  samples_per_sec_per_gpu: 8.7100  max_mem_allocated_mb: 143.9000  max_mem_reserved_mb: 11086.0000
04/09 00:13:58 - mmengine - INFO - Epoch(train) [11][2450/5000]  lr: 4.2695e-05  eta: 1:03:31  time: 0.4515  data_time: 0.0055  memory: 10505  grad_norm: 1.5360  loss: 0.6323  loss_heatmap: 0.2314  layer_-1_loss_cls: 0.0488  layer_-1_loss_bbox: 0.3521  matched_ious: 0.6015  sec_per_iter: 0.4591  iters_per_sec: 2.1800  samples_per_sec: 34.8500  samples_per_sec_per_gpu: 8.7100  max_mem_allocated_mb: 143.9000  max_mem_reserved_mb: 11086.0000
04/09 00:14:21 - mmengine - INFO - Epoch(train) [11][2500/5000]  lr: 4.2148e-05  eta: 1:03:05  time: 0.4522  data_time: 0.0053  memory: 10404  grad_norm: 1.5919  loss: 0.5925  loss_heatmap: 0.2140  layer_-1_loss_cls: 0.0470  layer_-1_loss_bbox: 0.3315  matched_ious: 0.5363  sec_per_iter: 0.4589  iters_per_sec: 2.1800  samples_per_sec: 34.8600  samples_per_sec_per_gpu: 8.7200  max_mem_allocated_mb: 143.9000  max_mem_reserved_mb: 11086.0000
04/09 00:14:43 - mmengine - INFO - Epoch(train) [11][2550/5000]  lr: 4.1604e-05  eta: 1:02:40  time: 0.4433  data_time: 0.0063  memory: 10370  grad_norm: 1.5443  loss: 0.5904  loss_heatmap: 0.2037  layer_-1_loss_cls: 0.0459  layer_-1_loss_bbox: 0.3408  matched_ious: 0.6328  sec_per_iter: 0.4588  iters_per_sec: 2.1800  samples_per_sec: 34.8700  samples_per_sec_per_gpu: 8.7200  max_mem_allocated_mb: 143.9000  max_mem_reserved_mb: 11086.0000
04/09 00:15:06 - mmengine - INFO - Epoch(train) [11][2600/5000]  lr: 4.1064e-05  eta: 1:02:14  time: 0.4658  data_time: 0.0052  memory: 10526  grad_norm: 1.6882  loss: 0.5876  loss_heatmap: 0.2039  layer_-1_loss_cls: 0.0454  layer_-1_loss_bbox: 0.3383  matched_ious: 0.5823  sec_per_iter: 0.4585  iters_per_sec: 2.1800  samples_per_sec: 34.9000  samples_per_sec_per_gpu: 8.7200  max_mem_allocated_mb: 143.9000  max_mem_reserved_mb: 11086.0000
04/09 00:15:29 - mmengine - INFO - Epoch(train) [11][2650/5000]  lr: 4.0526e-05  eta: 1:01:49  time: 0.4498  data_time: 0.0059  memory: 10399  grad_norm: 1.6913  loss: 0.5829  loss_heatmap: 0.2094  layer_-1_loss_cls: 0.0463  layer_-1_loss_bbox: 0.3271  matched_ious: 0.5640  sec_per_iter: 0.4586  iters_per_sec: 2.1800  samples_per_sec: 34.8900  samples_per_sec_per_gpu: 8.7200  max_mem_allocated_mb: 143.9000  max_mem_reserved_mb: 11086.0000
04/09 00:15:51 - mmengine - INFO - Epoch(train) [11][2700/5000]  lr: 3.9992e-05  eta: 1:01:23  time: 0.4561  data_time: 0.0056  memory: 10341  grad_norm: 1.5793  loss: 0.5668  loss_heatmap: 0.1975  layer_-1_loss_cls: 0.0470  layer_-1_loss_bbox: 0.3224  matched_ious: 0.5978  sec_per_iter: 0.4585  iters_per_sec: 2.1800  samples_per_sec: 34.9000  samples_per_sec_per_gpu: 8.7200  max_mem_allocated_mb: 143.9000  max_mem_reserved_mb: 11086.0000
04/09 00:16:13 - mmengine - INFO - Epoch(train) [11][2750/5000]  lr: 3.9461e-05  eta: 1:00:57  time: 0.4424  data_time: 0.0060  memory: 10496  grad_norm: 1.7944  loss: 0.6202  loss_heatmap: 0.2297  layer_-1_loss_cls: 0.0517  layer_-1_loss_bbox: 0.3388  matched_ious: 0.5794  sec_per_iter: 0.4584  iters_per_sec: 2.1800  samples_per_sec: 34.9000  samples_per_sec_per_gpu: 8.7300  max_mem_allocated_mb: 143.9000  max_mem_reserved_mb: 11086.0000
04/09 00:16:36 - mmengine - INFO - Epoch(train) [11][2800/5000]  lr: 3.8933e-05  eta: 1:00:32  time: 0.4535  data_time: 0.0057  memory: 10542  grad_norm: 1.5970  loss: 0.5860  loss_heatmap: 0.2003  layer_-1_loss_cls: 0.0434  layer_-1_loss_bbox: 0.3423  matched_ious: 0.5771  sec_per_iter: 0.4581  iters_per_sec: 2.1800  samples_per_sec: 34.9200  samples_per_sec_per_gpu: 8.7300  max_mem_allocated_mb: 143.9000  max_mem_reserved_mb: 11086.0000
04/09 00:16:59 - mmengine - INFO - Epoch(train) [11][2850/5000]  lr: 3.8409e-05  eta: 1:00:06  time: 0.4491  data_time: 0.0054  memory: 10327  grad_norm: 1.5942  loss: 0.5985  loss_heatmap: 0.2072  layer_-1_loss_cls: 0.0476  layer_-1_loss_bbox: 0.3437  matched_ious: 0.6283  sec_per_iter: 0.4581  iters_per_sec: 2.1800  samples_per_sec: 34.9300  samples_per_sec_per_gpu: 8.7300  max_mem_allocated_mb: 143.9000  max_mem_reserved_mb: 11086.0000
04/09 00:17:21 - mmengine - INFO - Epoch(train) [11][2900/5000]  lr: 3.7887e-05  eta: 0:59:41  time: 0.4508  data_time: 0.0063  memory: 10417  grad_norm: 1.6233  loss: 0.6129  loss_heatmap: 0.2215  layer_-1_loss_cls: 0.0481  layer_-1_loss_bbox: 0.3433  matched_ious: 0.5947  sec_per_iter: 0.4579  iters_per_sec: 2.1800  samples_per_sec: 34.9400  samples_per_sec_per_gpu: 8.7400  max_mem_allocated_mb: 143.9000  max_mem_reserved_mb: 11086.0000
04/09 00:17:44 - mmengine - INFO - Epoch(train) [11][2950/5000]  lr: 3.7370e-05  eta: 0:59:15  time: 0.4606  data_time: 0.0063  memory: 10572  grad_norm: 1.7297  loss: 0.6050  loss_heatmap: 0.2131  layer_-1_loss_cls: 0.0489  layer_-1_loss_bbox: 0.3430  matched_ious: 0.6070  sec_per_iter: 0.4578  iters_per_sec: 2.1800  samples_per_sec: 34.9500  samples_per_sec_per_gpu: 8.7400  max_mem_allocated_mb: 143.9000  max_mem_reserved_mb: 11086.0000
04/09 00:18:07 - mmengine - INFO - Exp name: zod_lidar_only_continue_20260408_160451
04/09 00:18:07 - mmengine - INFO - Epoch(train) [11][3000/5000]  lr: 3.6855e-05  eta: 0:58:50  time: 0.4541  data_time: 0.0061  memory: 10395  grad_norm: 1.7403  loss: 0.6451  loss_heatmap: 0.2199  layer_-1_loss_cls: 0.0485  layer_-1_loss_bbox: 0.3767  matched_ious: 0.5919  sec_per_iter: 0.4578  iters_per_sec: 2.1800  samples_per_sec: 34.9500  samples_per_sec_per_gpu: 8.7400  max_mem_allocated_mb: 143.9000  max_mem_reserved_mb: 11086.0000
04/09 00:18:30 - mmengine - INFO - Epoch(train) [11][3050/5000]  lr: 3.6343e-05  eta: 0:58:24  time: 0.4676  data_time: 0.0053  memory: 10398  grad_norm: 1.5947  loss: 0.5736  loss_heatmap: 0.1999  layer_-1_loss_cls: 0.0452  layer_-1_loss_bbox: 0.3284  matched_ious: 0.5600  sec_per_iter: 0.4578  iters_per_sec: 2.1800  samples_per_sec: 34.9500  samples_per_sec_per_gpu: 8.7400  max_mem_allocated_mb: 143.9000  max_mem_reserved_mb: 11086.0000
04/09 00:18:54 - mmengine - INFO - Epoch(train) [11][3100/5000]  lr: 3.5835e-05  eta: 0:57:59  time: 0.4816  data_time: 0.0100  memory: 10438  grad_norm: 1.8783  loss: 0.6100  loss_heatmap: 0.2127  layer_-1_loss_cls: 0.0488  layer_-1_loss_bbox: 0.3485  matched_ious: 0.5886  sec_per_iter: 0.4579  iters_per_sec: 2.1800  samples_per_sec: 34.9400  samples_per_sec_per_gpu: 8.7300  max_mem_allocated_mb: 143.9000  max_mem_reserved_mb: 11086.0000
04/09 00:19:17 - mmengine - INFO - Epoch(train) [11][3150/5000]  lr: 3.5331e-05  eta: 0:57:33  time: 0.4528  data_time: 0.0057  memory: 10390  grad_norm: 1.5484  loss: 0.6196  loss_heatmap: 0.2195  layer_-1_loss_cls: 0.0468  layer_-1_loss_bbox: 0.3533  matched_ious: 0.5296  sec_per_iter: 0.4583  iters_per_sec: 2.1800  samples_per_sec: 34.9100  samples_per_sec_per_gpu: 8.7300  max_mem_allocated_mb: 143.9000  max_mem_reserved_mb: 11086.0000
04/09 00:19:40 - mmengine - INFO - Epoch(train) [11][3200/5000]  lr: 3.4829e-05  eta: 0:57:08  time: 0.4596  data_time: 0.0053  memory: 10441  grad_norm: 1.6368  loss: 0.6210  loss_heatmap: 0.2272  layer_-1_loss_cls: 0.0495  layer_-1_loss_bbox: 0.3443  matched_ious: 0.5476  sec_per_iter: 0.4582  iters_per_sec: 2.1800  samples_per_sec: 34.9200  samples_per_sec_per_gpu: 8.7300  max_mem_allocated_mb: 143.9000  max_mem_reserved_mb: 11086.0000
04/09 00:20:03 - mmengine - INFO - Epoch(train) [11][3250/5000]  lr: 3.4331e-05  eta: 0:56:42  time: 0.4560  data_time: 0.0059  memory: 10375  grad_norm: 1.5216  loss: 0.5848  loss_heatmap: 0.2044  layer_-1_loss_cls: 0.0471  layer_-1_loss_bbox: 0.3333  matched_ious: 0.5494  sec_per_iter: 0.4583  iters_per_sec: 2.1800  samples_per_sec: 34.9200  samples_per_sec_per_gpu: 8.7300  max_mem_allocated_mb: 143.9000  max_mem_reserved_mb: 11086.0000
04/09 00:20:26 - mmengine - INFO - Epoch(train) [11][3300/5000]  lr: 3.3836e-05  eta: 0:56:17  time: 0.4572  data_time: 0.0066  memory: 10506  grad_norm: 1.6987  loss: 0.6188  loss_heatmap: 0.2162  layer_-1_loss_cls: 0.0449  layer_-1_loss_bbox: 0.3578  matched_ious: 0.6035  sec_per_iter: 0.4582  iters_per_sec: 2.1800  samples_per_sec: 34.9200  samples_per_sec_per_gpu: 8.7300  max_mem_allocated_mb: 143.9000  max_mem_reserved_mb: 11086.0000
04/09 00:20:50 - mmengine - INFO - Epoch(train) [11][3350/5000]  lr: 3.3345e-05  eta: 0:55:51  time: 0.4901  data_time: 0.0070  memory: 10378  grad_norm: 1.6756  loss: 0.6109  loss_heatmap: 0.2190  layer_-1_loss_cls: 0.0488  layer_-1_loss_bbox: 0.3431  matched_ious: 0.6035  sec_per_iter: 0.4582  iters_per_sec: 2.1800  samples_per_sec: 34.9200  samples_per_sec_per_gpu: 8.7300  max_mem_allocated_mb: 143.9000  max_mem_reserved_mb: 11086.0000
04/09 00:21:14 - mmengine - INFO - Epoch(train) [11][3400/5000]  lr: 3.2857e-05  eta: 0:55:26  time: 0.4661  data_time: 0.0062  memory: 10649  grad_norm: 1.7596  loss: 0.6115  loss_heatmap: 0.2212  layer_-1_loss_cls: 0.0482  layer_-1_loss_bbox: 0.3421  matched_ious: 0.6336  sec_per_iter: 0.4587  iters_per_sec: 2.1800  samples_per_sec: 34.8800  samples_per_sec_per_gpu: 8.7200  max_mem_allocated_mb: 143.9000  max_mem_reserved_mb: 11086.0000
04/09 00:21:37 - mmengine - INFO - Epoch(train) [11][3450/5000]  lr: 3.2372e-05  eta: 0:55:01  time: 0.4687  data_time: 0.0079  memory: 10692  grad_norm: 1.5985  loss: 0.6158  loss_heatmap: 0.2169  layer_-1_loss_cls: 0.0452  layer_-1_loss_bbox: 0.3537  matched_ious: 0.6016  sec_per_iter: 0.4588  iters_per_sec: 2.1800  samples_per_sec: 34.8700  samples_per_sec_per_gpu: 8.7200  max_mem_allocated_mb: 143.9000  max_mem_reserved_mb: 11086.0000
04/09 00:22:00 - mmengine - INFO - Epoch(train) [11][3500/5000]  lr: 3.1890e-05  eta: 0:54:35  time: 0.4647  data_time: 0.0074  memory: 10606  grad_norm: 1.6093  loss: 0.5937  loss_heatmap: 0.2205  layer_-1_loss_cls: 0.0460  layer_-1_loss_bbox: 0.3272  matched_ious: 0.6006  sec_per_iter: 0.4589  iters_per_sec: 2.1800  samples_per_sec: 34.8600  samples_per_sec_per_gpu: 8.7200  max_mem_allocated_mb: 143.9000  max_mem_reserved_mb: 11086.0000
04/09 00:22:22 - mmengine - INFO - Epoch(train) [11][3550/5000]  lr: 3.1412e-05  eta: 0:54:10  time: 0.4405  data_time: 0.0069  memory: 10265  grad_norm: 1.5441  loss: 0.5949  loss_heatmap: 0.2098  layer_-1_loss_cls: 0.0437  layer_-1_loss_bbox: 0.3414  matched_ious: 0.5233  sec_per_iter: 0.4590  iters_per_sec: 2.1800  samples_per_sec: 34.8600  samples_per_sec_per_gpu: 8.7100  max_mem_allocated_mb: 143.9000  max_mem_reserved_mb: 11086.0000
04/09 00:22:45 - mmengine - INFO - Epoch(train) [11][3600/5000]  lr: 3.0937e-05  eta: 0:53:44  time: 0.4527  data_time: 0.0063  memory: 10406  grad_norm: 1.6285  loss: 0.5919  loss_heatmap: 0.2066  layer_-1_loss_cls: 0.0465  layer_-1_loss_bbox: 0.3388  matched_ious: 0.5564  sec_per_iter: 0.4588  iters_per_sec: 2.1800  samples_per_sec: 34.8800  samples_per_sec_per_gpu: 8.7200  max_mem_allocated_mb: 143.9000  max_mem_reserved_mb: 11086.0000
04/09 00:23:08 - mmengine - INFO - Epoch(train) [11][3650/5000]  lr: 3.0466e-05  eta: 0:53:19  time: 0.4699  data_time: 0.0065  memory: 10377  grad_norm: 1.7183  loss: 0.5918  loss_heatmap: 0.2043  layer_-1_loss_cls: 0.0465  layer_-1_loss_bbox: 0.3410  matched_ious: 0.5611  sec_per_iter: 0.4587  iters_per_sec: 2.1800  samples_per_sec: 34.8800  samples_per_sec_per_gpu: 8.7200  max_mem_allocated_mb: 143.9000  max_mem_reserved_mb: 11086.0000
04/09 00:23:31 - mmengine - INFO - Epoch(train) [11][3700/5000]  lr: 2.9998e-05  eta: 0:52:53  time: 0.4430  data_time: 0.0055  memory: 10451  grad_norm: 1.6042  loss: 0.5935  loss_heatmap: 0.1985  layer_-1_loss_cls: 0.0436  layer_-1_loss_bbox: 0.3515  matched_ious: 0.5964  sec_per_iter: 0.4588  iters_per_sec: 2.1800  samples_per_sec: 34.8700  samples_per_sec_per_gpu: 8.7200  max_mem_allocated_mb: 143.9000  max_mem_reserved_mb: 11086.0000
04/09 00:23:54 - mmengine - INFO - Epoch(train) [11][3750/5000]  lr: 2.9534e-05  eta: 0:52:28  time: 0.4619  data_time: 0.0067  memory: 10274  grad_norm: inf  loss: 0.6016  loss_heatmap: 0.2134  layer_-1_loss_cls: 0.0464  layer_-1_loss_bbox: 0.3419  matched_ious: 0.5941  sec_per_iter: 0.4586  iters_per_sec: 2.1800  samples_per_sec: 34.8900  samples_per_sec_per_gpu: 8.7200  max_mem_allocated_mb: 143.9000  max_mem_reserved_mb: 11086.0000
04/09 00:24:16 - mmengine - INFO - Epoch(train) [11][3800/5000]  lr: 2.9072e-05  eta: 0:52:02  time: 0.4533  data_time: 0.0062  memory: 10508  grad_norm: 1.6058  loss: 0.5953  loss_heatmap: 0.2098  layer_-1_loss_cls: 0.0452  layer_-1_loss_bbox: 0.3403  matched_ious: 0.5652  sec_per_iter: 0.4587  iters_per_sec: 2.1800  samples_per_sec: 34.8800  samples_per_sec_per_gpu: 8.7200  max_mem_allocated_mb: 143.9000  max_mem_reserved_mb: 11086.0000
04/09 00:24:40 - mmengine - INFO - Epoch(train) [11][3850/5000]  lr: 2.8615e-05  eta: 0:51:37  time: 0.4753  data_time: 0.0061  memory: 10373  grad_norm: 1.9252  loss: 0.6361  loss_heatmap: 0.2153  layer_-1_loss_cls: 0.0495  layer_-1_loss_bbox: 0.3713  matched_ious: 0.6090  sec_per_iter: 0.4586  iters_per_sec: 2.1800  samples_per_sec: 34.8900  samples_per_sec_per_gpu: 8.7200  max_mem_allocated_mb: 143.9000  max_mem_reserved_mb: 11086.0000
04/09 00:25:02 - mmengine - INFO - Epoch(train) [11][3900/5000]  lr: 2.8160e-05  eta: 0:51:11  time: 0.4488  data_time: 0.0061  memory: 10427  grad_norm: 1.5581  loss: 0.5689  loss_heatmap: 0.1958  layer_-1_loss_cls: 0.0422  layer_-1_loss_bbox: 0.3309  matched_ious: 0.5105  sec_per_iter: 0.4588  iters_per_sec: 2.1800  samples_per_sec: 34.8700  samples_per_sec_per_gpu: 8.7200  max_mem_allocated_mb: 143.9000  max_mem_reserved_mb: 11086.0000
04/09 00:25:25 - mmengine - INFO - Epoch(train) [11][3950/5000]  lr: 2.7709e-05  eta: 0:50:46  time: 0.4485  data_time: 0.0054  memory: 10521  grad_norm: 1.6310  loss: 0.6172  loss_heatmap: 0.2228  layer_-1_loss_cls: 0.0495  layer_-1_loss_bbox: 0.3449  matched_ious: 0.5896  sec_per_iter: 0.4587  iters_per_sec: 2.1800  samples_per_sec: 34.8800  samples_per_sec_per_gpu: 8.7200  max_mem_allocated_mb: 143.9000  max_mem_reserved_mb: 11086.0000
04/09 00:25:47 - mmengine - INFO - Exp name: zod_lidar_only_continue_20260408_160451
04/09 00:25:47 - mmengine - INFO - Epoch(train) [11][4000/5000]  lr: 2.7262e-05  eta: 0:50:20  time: 0.4513  data_time: 0.0075  memory: 10344  grad_norm: 1.6553  loss: 0.6153  loss_heatmap: 0.2149  layer_-1_loss_cls: 0.0491  layer_-1_loss_bbox: 0.3514  matched_ious: 0.6081  sec_per_iter: 0.4586  iters_per_sec: 2.1800  samples_per_sec: 34.8900  samples_per_sec_per_gpu: 8.7200  max_mem_allocated_mb: 143.9000  max_mem_reserved_mb: 11086.0000
04/09 00:26:10 - mmengine - INFO - Epoch(train) [11][4050/5000]  lr: 2.6818e-05  eta: 0:49:55  time: 0.4477  data_time: 0.0059  memory: 10346  grad_norm: 1.6838  loss: 0.5994  loss_heatmap: 0.2092  layer_-1_loss_cls: 0.0439  layer_-1_loss_bbox: 0.3462  matched_ious: 0.5137  sec_per_iter: 0.4585  iters_per_sec: 2.1800  samples_per_sec: 34.9000  samples_per_sec_per_gpu: 8.7200  max_mem_allocated_mb: 143.9000  max_mem_reserved_mb: 11086.0000
04/09 00:26:33 - mmengine - INFO - Epoch(train) [11][4100/5000]  lr: 2.6377e-05  eta: 0:49:30  time: 0.4715  data_time: 0.0061  memory: 10443  grad_norm: 1.5919  loss: 0.5664  loss_heatmap: 0.1947  layer_-1_loss_cls: 0.0420  layer_-1_loss_bbox: 0.3297  matched_ious: 0.5641  sec_per_iter: 0.4583  iters_per_sec: 2.1800  samples_per_sec: 34.9100  samples_per_sec_per_gpu: 8.7300  max_mem_allocated_mb: 143.9000  max_mem_reserved_mb: 11086.0000
04/09 00:26:56 - mmengine - INFO - Epoch(train) [11][4150/5000]  lr: 2.5940e-05  eta: 0:49:04  time: 0.4525  data_time: 0.0071  memory: 10379  grad_norm: 1.6088  loss: 0.5542  loss_heatmap: 0.1942  layer_-1_loss_cls: 0.0462  layer_-1_loss_bbox: 0.3137  matched_ious: 0.6057  sec_per_iter: 0.4585  iters_per_sec: 2.1800  samples_per_sec: 34.9000  samples_per_sec_per_gpu: 8.7200  max_mem_allocated_mb: 143.9000  max_mem_reserved_mb: 11086.0000
04/09 00:27:19 - mmengine - INFO - Epoch(train) [11][4200/5000]  lr: 2.5506e-05  eta: 0:48:39  time: 0.4652  data_time: 0.0065  memory: 10369  grad_norm: 1.5474  loss: 0.5704  loss_heatmap: 0.1958  layer_-1_loss_cls: 0.0432  layer_-1_loss_bbox: 0.3315  matched_ious: 0.5727  sec_per_iter: 0.4584  iters_per_sec: 2.1800  samples_per_sec: 34.9000  samples_per_sec_per_gpu: 8.7300  max_mem_allocated_mb: 143.9000  max_mem_reserved_mb: 11086.0000
04/09 00:27:42 - mmengine - INFO - Epoch(train) [11][4250/5000]  lr: 2.5076e-05  eta: 0:48:13  time: 0.4544  data_time: 0.0062  memory: 10332  grad_norm: 1.8559  loss: 0.6102  loss_heatmap: 0.2117  layer_-1_loss_cls: 0.0450  layer_-1_loss_bbox: 0.3535  matched_ious: 0.5592  sec_per_iter: 0.4585  iters_per_sec: 2.1800  samples_per_sec: 34.9000  samples_per_sec_per_gpu: 8.7200  max_mem_allocated_mb: 143.9000  max_mem_reserved_mb: 11086.0000
04/09 00:28:05 - mmengine - INFO - Epoch(train) [11][4300/5000]  lr: 2.4649e-05  eta: 0:47:48  time: 0.4631  data_time: 0.0060  memory: 10269  grad_norm: 1.6614  loss: 0.5595  loss_heatmap: 0.1955  layer_-1_loss_cls: 0.0401  layer_-1_loss_bbox: 0.3239  matched_ious: 0.5283  sec_per_iter: 0.4585  iters_per_sec: 2.1800  samples_per_sec: 34.9000  samples_per_sec_per_gpu: 8.7200  max_mem_allocated_mb: 143.9000  max_mem_reserved_mb: 11086.0000
04/09 00:28:28 - mmengine - INFO - Epoch(train) [11][4350/5000]  lr: 2.4226e-05  eta: 0:47:23  time: 0.4638  data_time: 0.0068  memory: 10508  grad_norm: 1.7192  loss: 0.5634  loss_heatmap: 0.2025  layer_-1_loss_cls: 0.0452  layer_-1_loss_bbox: 0.3157  matched_ious: 0.5914  sec_per_iter: 0.4585  iters_per_sec: 2.1800  samples_per_sec: 34.9000  samples_per_sec_per_gpu: 8.7200  max_mem_allocated_mb: 143.9000  max_mem_reserved_mb: 11086.0000
04/09 00:28:51 - mmengine - INFO - Epoch(train) [11][4400/5000]  lr: 2.3806e-05  eta: 0:46:57  time: 0.4528  data_time: 0.0066  memory: 10548  grad_norm: 1.5237  loss: 0.6126  loss_heatmap: 0.2101  layer_-1_loss_cls: 0.0462  layer_-1_loss_bbox: 0.3564  matched_ious: 0.5738  sec_per_iter: 0.4586  iters_per_sec: 2.1800  samples_per_sec: 34.8900  samples_per_sec_per_gpu: 8.7200  max_mem_allocated_mb: 143.9000  max_mem_reserved_mb: 11086.0000
04/09 00:29:14 - mmengine - INFO - Epoch(train) [11][4450/5000]  lr: 2.3390e-05  eta: 0:46:32  time: 0.4626  data_time: 0.0069  memory: 10423  grad_norm: 1.7114  loss: 0.5736  loss_heatmap: 0.2044  layer_-1_loss_cls: 0.0481  layer_-1_loss_bbox: 0.3211  matched_ious: 0.6221  sec_per_iter: 0.4585  iters_per_sec: 2.1800  samples_per_sec: 34.9000  samples_per_sec_per_gpu: 8.7200  max_mem_allocated_mb: 143.9000  max_mem_reserved_mb: 11086.0000
04/09 00:29:37 - mmengine - INFO - Epoch(train) [11][4500/5000]  lr: 2.2977e-05  eta: 0:46:06  time: 0.4462  data_time: 0.0053  memory: 10498  grad_norm: 1.8017  loss: 0.6386  loss_heatmap: 0.2268  layer_-1_loss_cls: 0.0454  layer_-1_loss_bbox: 0.3664  matched_ious: 0.5796  sec_per_iter: 0.4586  iters_per_sec: 2.1800  samples_per_sec: 34.8900  samples_per_sec_per_gpu: 8.7200  max_mem_allocated_mb: 143.9000  max_mem_reserved_mb: 11086.0000
04/09 00:29:59 - mmengine - INFO - Epoch(train) [11][4550/5000]  lr: 2.2568e-05  eta: 0:45:41  time: 0.4573  data_time: 0.0068  memory: 10412  grad_norm: 1.6332  loss: 0.5570  loss_heatmap: 0.1899  layer_-1_loss_cls: 0.0437  layer_-1_loss_bbox: 0.3234  matched_ious: 0.5846  sec_per_iter: 0.4584  iters_per_sec: 2.1800  samples_per_sec: 34.9000  samples_per_sec_per_gpu: 8.7300  max_mem_allocated_mb: 143.9000  max_mem_reserved_mb: 11086.0000
04/09 00:30:22 - mmengine - INFO - Epoch(train) [11][4600/5000]  lr: 2.2162e-05  eta: 0:45:16  time: 0.4507  data_time: 0.0058  memory: 10336  grad_norm: 1.6521  loss: 0.5883  loss_heatmap: 0.2048  layer_-1_loss_cls: 0.0459  layer_-1_loss_bbox: 0.3376  matched_ious: 0.5552  sec_per_iter: 0.4584  iters_per_sec: 2.1800  samples_per_sec: 34.9000  samples_per_sec_per_gpu: 8.7300  max_mem_allocated_mb: 143.9000  max_mem_reserved_mb: 11086.0000
04/09 00:30:45 - mmengine - INFO - Epoch(train) [11][4650/5000]  lr: 2.1760e-05  eta: 0:44:50  time: 0.4526  data_time: 0.0064  memory: 10440  grad_norm: 1.4418  loss: 0.5762  loss_heatmap: 0.1986  layer_-1_loss_cls: 0.0432  layer_-1_loss_bbox: 0.3344  matched_ious: 0.5991  sec_per_iter: 0.4583  iters_per_sec: 2.1800  samples_per_sec: 34.9100  samples_per_sec_per_gpu: 8.7300  max_mem_allocated_mb: 143.9000  max_mem_reserved_mb: 11086.0000
04/09 00:31:07 - mmengine - INFO - Epoch(train) [11][4700/5000]  lr: 2.1361e-05  eta: 0:44:25  time: 0.4522  data_time: 0.0060  memory: 10315  grad_norm: 1.5433  loss: 0.5533  loss_heatmap: 0.1829  layer_-1_loss_cls: 0.0428  layer_-1_loss_bbox: 0.3276  matched_ious: 0.5479  sec_per_iter: 0.4583  iters_per_sec: 2.1800  samples_per_sec: 34.9100  samples_per_sec_per_gpu: 8.7300  max_mem_allocated_mb: 143.9000  max_mem_reserved_mb: 11086.0000
04/09 00:31:30 - mmengine - INFO - Epoch(train) [11][4750/5000]  lr: 2.0966e-05  eta: 0:43:59  time: 0.4520  data_time: 0.0075  memory: 10280  grad_norm: 1.5332  loss: 0.5616  loss_heatmap: 0.1936  layer_-1_loss_cls: 0.0435  layer_-1_loss_bbox: 0.3245  matched_ious: 0.5735  sec_per_iter: 0.4582  iters_per_sec: 2.1800  samples_per_sec: 34.9200  samples_per_sec_per_gpu: 8.7300  max_mem_allocated_mb: 143.9000  max_mem_reserved_mb: 11086.0000
04/09 00:31:52 - mmengine - INFO - Epoch(train) [11][4800/5000]  lr: 2.0574e-05  eta: 0:43:34  time: 0.4539  data_time: 0.0078  memory: 10388  grad_norm: 1.6836  loss: 0.5814  loss_heatmap: 0.2015  layer_-1_loss_cls: 0.0435  layer_-1_loss_bbox: 0.3364  matched_ious: 0.5727  sec_per_iter: 0.4581  iters_per_sec: 2.1800  samples_per_sec: 34.9200  samples_per_sec_per_gpu: 8.7300  max_mem_allocated_mb: 143.9000  max_mem_reserved_mb: 11086.0000
04/09 00:32:16 - mmengine - INFO - Epoch(train) [11][4850/5000]  lr: 2.0186e-05  eta: 0:43:09  time: 0.4634  data_time: 0.0068  memory: 10440  grad_norm: 1.6001  loss: 0.5774  loss_heatmap: 0.2017  layer_-1_loss_cls: 0.0448  layer_-1_loss_bbox: 0.3308  matched_ious: 0.5900  sec_per_iter: 0.4581  iters_per_sec: 2.1800  samples_per_sec: 34.9300  samples_per_sec_per_gpu: 8.7300  max_mem_allocated_mb: 143.9000  max_mem_reserved_mb: 11086.0000
04/09 00:32:37 - mmengine - INFO - Epoch(train) [11][4900/5000]  lr: 1.9801e-05  eta: 0:42:43  time: 0.4348  data_time: 0.0058  memory: 10423  grad_norm: 1.5430  loss: 0.5442  loss_heatmap: 0.1889  layer_-1_loss_cls: 0.0445  layer_-1_loss_bbox: 0.3108  matched_ious: 0.6250  sec_per_iter: 0.4581  iters_per_sec: 2.1800  samples_per_sec: 34.9200  samples_per_sec_per_gpu: 8.7300  max_mem_allocated_mb: 143.9000  max_mem_reserved_mb: 11086.0000
04/09 00:33:01 - mmengine - INFO - Epoch(train) [11][4950/5000]  lr: 1.9420e-05  eta: 0:42:18  time: 0.4688  data_time: 0.0080  memory: 10424  grad_norm: 1.7067  loss: 0.5700  loss_heatmap: 0.1969  layer_-1_loss_cls: 0.0440  layer_-1_loss_bbox: 0.3291  matched_ious: 0.6114  sec_per_iter: 0.4579  iters_per_sec: 2.1800  samples_per_sec: 34.9400  samples_per_sec_per_gpu: 8.7400  max_mem_allocated_mb: 143.9000  max_mem_reserved_mb: 11086.0000
04/09 00:33:23 - mmengine - INFO - Exp name: zod_lidar_only_continue_20260408_160451
04/09 00:33:23 - mmengine - INFO - Epoch(train) [11][5000/5000]  lr: 1.9042e-05  eta: 0:41:53  time: 0.4515  data_time: 0.0055  memory: 10385  grad_norm: 1.7039  loss: 0.5995  loss_heatmap: 0.2158  layer_-1_loss_cls: 0.0445  layer_-1_loss_bbox: 0.3392  matched_ious: 0.5877  sec_per_iter: 0.4580  iters_per_sec: 2.1800  samples_per_sec: 34.9300  samples_per_sec_per_gpu: 8.7300  max_mem_allocated_mb: 143.9000  max_mem_reserved_mb: 11086.0000
04/09 00:33:23 - mmengine - INFO - [Efficiency] Epoch 11: wall=2289.8s  iters=5000  sec/iter=0.458  mem_alloc=144MB  mem_rsv=11086MB
04/09 00:33:30 - mmengine - INFO - Epoch(val) [11][  50/1250]    eta: 0:02:45  time: 0.1381  data_time: 0.0043  memory: 2447  
04/09 00:33:37 - mmengine - INFO - Epoch(val) [11][ 100/1250]    eta: 0:02:36  time: 0.1341  data_time: 0.0018  memory: 2447  
04/09 00:33:44 - mmengine - INFO - Epoch(val) [11][ 150/1250]    eta: 0:02:29  time: 0.1360  data_time: 0.0018  memory: 2447  
04/09 00:33:50 - mmengine - INFO - Epoch(val) [11][ 200/1250]    eta: 0:02:20  time: 0.1280  data_time: 0.0017  memory: 2447  
04/09 00:33:57 - mmengine - INFO - Epoch(val) [11][ 250/1250]    eta: 0:02:12  time: 0.1287  data_time: 0.0017  memory: 2447  
04/09 00:34:04 - mmengine - INFO - Epoch(val) [11][ 300/1250]    eta: 0:02:06  time: 0.1370  data_time: 0.0020  memory: 2447  
04/09 00:34:10 - mmengine - INFO - Epoch(val) [11][ 350/1250]    eta: 0:01:59  time: 0.1283  data_time: 0.0018  memory: 2447  
04/09 00:34:17 - mmengine - INFO - Epoch(val) [11][ 400/1250]    eta: 0:01:53  time: 0.1388  data_time: 0.0020  memory: 2447  
04/09 00:34:24 - mmengine - INFO - Epoch(val) [11][ 450/1250]    eta: 0:01:47  time: 0.1353  data_time: 0.0018  memory: 2447  
04/09 00:34:30 - mmengine - INFO - Epoch(val) [11][ 500/1250]    eta: 0:01:40  time: 0.1304  data_time: 0.0020  memory: 2447  
04/09 00:34:38 - mmengine - INFO - Epoch(val) [11][ 550/1250]    eta: 0:01:34  time: 0.1451  data_time: 0.0024  memory: 2447  
04/09 00:34:44 - mmengine - INFO - Epoch(val) [11][ 600/1250]    eta: 0:01:27  time: 0.1310  data_time: 0.0019  memory: 2447  
04/09 00:34:51 - mmengine - INFO - Epoch(val) [11][ 650/1250]    eta: 0:01:20  time: 0.1336  data_time: 0.0018  memory: 2447  
04/09 00:34:57 - mmengine - INFO - Epoch(val) [11][ 700/1250]    eta: 0:01:13  time: 0.1270  data_time: 0.0017  memory: 2447  
04/09 00:35:03 - mmengine - INFO - Epoch(val) [11][ 750/1250]    eta: 0:01:06  time: 0.1266  data_time: 0.0019  memory: 2447  
04/09 00:35:10 - mmengine - INFO - Epoch(val) [11][ 800/1250]    eta: 0:00:59  time: 0.1339  data_time: 0.0016  memory: 2447  
04/09 00:35:17 - mmengine - INFO - Epoch(val) [11][ 850/1250]    eta: 0:00:53  time: 0.1287  data_time: 0.0025  memory: 2447  
04/09 00:35:23 - mmengine - INFO - Epoch(val) [11][ 900/1250]    eta: 0:00:46  time: 0.1283  data_time: 0.0017  memory: 2447  
04/09 00:35:30 - mmengine - INFO - Epoch(val) [11][ 950/1250]    eta: 0:00:39  time: 0.1304  data_time: 0.0020  memory: 2447  
04/09 00:35:36 - mmengine - INFO - Epoch(val) [11][1000/1250]    eta: 0:00:33  time: 0.1234  data_time: 0.0015  memory: 2447  
04/09 00:35:42 - mmengine - INFO - Epoch(val) [11][1050/1250]    eta: 0:00:26  time: 0.1307  data_time: 0.0017  memory: 2446  
04/09 00:35:49 - mmengine - INFO - Epoch(val) [11][1100/1250]    eta: 0:00:19  time: 0.1318  data_time: 0.0016  memory: 2446  
04/09 00:35:55 - mmengine - INFO - Epoch(val) [11][1150/1250]    eta: 0:00:13  time: 0.1292  data_time: 0.0023  memory: 2447  
04/09 00:36:02 - mmengine - INFO - Epoch(val) [11][1200/1250]    eta: 0:00:06  time: 0.1284  data_time: 0.0019  memory: 2447  
04/09 00:36:08 - mmengine - INFO - Epoch(val) [11][1250/1250]    eta: 0:00:00  time: 0.1257  data_time: 0.0015  memory: 2447  
04/09 00:37:25 - mmengine - INFO - 
+------------+---------+---------+---------+---------+
| classes    | AP_0.25 | AR_0.25 | AP_0.50 | AR_0.50 |
+------------+---------+---------+---------+---------+
| pedestrian | 0.7393  | 0.9321  | 0.5319  | 0.7210  |
+------------+---------+---------+---------+---------+
| Overall    | 0.7393  | 0.9321  | 0.5319  | 0.7210  |
+------------+---------+---------+---------+---------+
04/09 00:37:48 - mmengine - INFO - 
+------------+---------+---------+---------+---------+---------+---------+
| classes    | AP_0.5m | AR_0.5m | AP_1.0m | AR_1.0m | AP_2.0m | AR_2.0m |
+------------+---------+---------+---------+---------+---------+---------+
| pedestrian | 0.7539  | 0.9549  | 0.7609  | 0.9613  | 0.7667  | 0.9656  |
+------------+---------+---------+---------+---------+---------+---------+
| Overall    | 0.7539  | 0.9549  | 0.7609  | 0.9613  | 0.7667  | 0.9656  |
+------------+---------+---------+---------+---------+---------+---------+
04/09 00:37:49 - mmengine - INFO - Epoch(val) [11][1250/1250]    pedestrian_AP_0.25: 0.7393  mAP_0.25: 0.7393  pedestrian_rec_0.25: 0.9321  mAR_0.25: 0.9321  pedestrian_AP_0.50: 0.5319  mAP_0.50: 0.5319  pedestrian_rec_0.50: 0.7210  mAR_0.50: 0.7210  pedestrian_AP_0.5m: 0.7539  pedestrian_rec_0.5m: 0.9549  pedestrian_AP_1.0m: 0.7609  pedestrian_rec_1.0m: 0.9613  pedestrian_AP_2.0m: 0.7667  pedestrian_rec_2.0m: 0.9656  mAP_0.5m: 0.7539  mAR_0.5m: 0.9549  mAP_1.0m: 0.7609  mAR_1.0m: 0.9613  mAP_2.0m: 0.7667  mAR_2.0m: 0.9656  data_time: 0.0020  time: 0.1315
04/09 00:38:13 - mmengine - INFO - Epoch(train) [12][  50/5000]  lr: 1.8668e-05  eta: 0:41:27  time: 0.4794  data_time: 0.0127  memory: 10328  grad_norm: 1.6178  loss: 0.5698  loss_heatmap: 0.1991  layer_-1_loss_cls: 0.0441  layer_-1_loss_bbox: 0.3266  matched_ious: 0.5716  sec_per_iter: 0.4580  iters_per_sec: 2.1800  samples_per_sec: 34.9400  samples_per_sec_per_gpu: 8.7300  max_mem_allocated_mb: 143.9000  max_mem_reserved_mb: 11086.0000
04/09 00:38:36 - mmengine - INFO - Epoch(train) [12][ 100/5000]  lr: 1.8298e-05  eta: 0:41:02  time: 0.4659  data_time: 0.0060  memory: 10335  grad_norm: 1.5143  loss: 0.5962  loss_heatmap: 0.2075  layer_-1_loss_cls: 0.0449  layer_-1_loss_bbox: 0.3438  matched_ious: 0.5781  sec_per_iter: 0.4803  iters_per_sec: 2.0800  samples_per_sec: 33.3200  samples_per_sec_per_gpu: 8.3300  max_mem_allocated_mb: 143.9000  max_mem_reserved_mb: 11086.0000
04/09 00:39:02 - mmengine - INFO - Epoch(train) [12][ 150/5000]  lr: 1.7931e-05  eta: 0:40:37  time: 0.5049  data_time: 0.0061  memory: 10423  grad_norm: 1.5383  loss: 0.5694  loss_heatmap: 0.1992  layer_-1_loss_cls: 0.0427  layer_-1_loss_bbox: 0.3276  matched_ious: 0.5739  sec_per_iter: 0.4729  iters_per_sec: 2.1100  samples_per_sec: 33.8400  samples_per_sec_per_gpu: 8.4600  max_mem_allocated_mb: 143.9000  max_mem_reserved_mb: 11086.0000
04/09 00:39:24 - mmengine - INFO - Epoch(train) [12][ 200/5000]  lr: 1.7568e-05  eta: 0:40:12  time: 0.4588  data_time: 0.0055  memory: 10357  grad_norm: 1.6836  loss: 0.6237  loss_heatmap: 0.2186  layer_-1_loss_cls: 0.0457  layer_-1_loss_bbox: 0.3594  matched_ious: 0.5388  sec_per_iter: 0.4836  iters_per_sec: 2.0700  samples_per_sec: 33.0800  samples_per_sec_per_gpu: 8.2700  max_mem_allocated_mb: 143.9000  max_mem_reserved_mb: 11086.0000
04/09 00:39:47 - mmengine - INFO - Epoch(train) [12][ 250/5000]  lr: 1.7208e-05  eta: 0:39:46  time: 0.4549  data_time: 0.0052  memory: 10567  grad_norm: 1.5208  loss: 0.5859  loss_heatmap: 0.1976  layer_-1_loss_cls: 0.0419  layer_-1_loss_bbox: 0.3465  matched_ious: 0.5570  sec_per_iter: 0.4774  iters_per_sec: 2.0900  samples_per_sec: 33.5200  samples_per_sec_per_gpu: 8.3800  max_mem_allocated_mb: 143.9000  max_mem_reserved_mb: 11086.0000
04/09 00:40:10 - mmengine - INFO - Epoch(train) [12][ 300/5000]  lr: 1.6852e-05  eta: 0:39:21  time: 0.4632  data_time: 0.0077  memory: 10469  grad_norm: 1.6144  loss: 0.5767  loss_heatmap: 0.1935  layer_-1_loss_cls: 0.0425  layer_-1_loss_bbox: 0.3407  matched_ious: 0.5718  sec_per_iter: 0.4730  iters_per_sec: 2.1100  samples_per_sec: 33.8300  samples_per_sec_per_gpu: 8.4600  max_mem_allocated_mb: 143.9000  max_mem_reserved_mb: 11086.0000
04/09 00:40:33 - mmengine - INFO - Epoch(train) [12][ 350/5000]  lr: 1.6500e-05  eta: 0:38:56  time: 0.4581  data_time: 0.0068  memory: 10342  grad_norm: 1.5835  loss: 0.5645  loss_heatmap: 0.1896  layer_-1_loss_cls: 0.0429  layer_-1_loss_bbox: 0.3320  matched_ious: 0.5708  sec_per_iter: 0.4714  iters_per_sec: 2.1200  samples_per_sec: 33.9400  samples_per_sec_per_gpu: 8.4900  max_mem_allocated_mb: 143.9000  max_mem_reserved_mb: 11086.0000
04/09 00:40:56 - mmengine - INFO - Epoch(train) [12][ 400/5000]  lr: 1.6151e-05  eta: 0:38:30  time: 0.4508  data_time: 0.0074  memory: 10268  grad_norm: 1.6921  loss: 0.5622  loss_heatmap: 0.1916  layer_-1_loss_cls: 0.0436  layer_-1_loss_bbox: 0.3269  matched_ious: 0.6081  sec_per_iter: 0.4695  iters_per_sec: 2.1300  samples_per_sec: 34.0800  samples_per_sec_per_gpu: 8.5200  max_mem_allocated_mb: 143.9000  max_mem_reserved_mb: 11086.0000
04/09 00:41:18 - mmengine - INFO - Epoch(train) [12][ 450/5000]  lr: 1.5805e-05  eta: 0:38:05  time: 0.4487  data_time: 0.0069  memory: 10362  grad_norm: 1.7396  loss: 0.5712  loss_heatmap: 0.1986  layer_-1_loss_cls: 0.0417  layer_-1_loss_bbox: 0.3309  matched_ious: 0.5997  sec_per_iter: 0.4672  iters_per_sec: 2.1400  samples_per_sec: 34.2500  samples_per_sec_per_gpu: 8.5600  max_mem_allocated_mb: 143.9000  max_mem_reserved_mb: 11086.0000
04/09 00:41:41 - mmengine - INFO - Epoch(train) [12][ 500/5000]  lr: 1.5464e-05  eta: 0:37:40  time: 0.4594  data_time: 0.0074  memory: 10426  grad_norm: 1.6397  loss: 0.6062  loss_heatmap: 0.2189  layer_-1_loss_cls: 0.0465  layer_-1_loss_bbox: 0.3409  matched_ious: 0.5976  sec_per_iter: 0.4651  iters_per_sec: 2.1500  samples_per_sec: 34.4000  samples_per_sec_per_gpu: 8.6000  max_mem_allocated_mb: 143.9000  max_mem_reserved_mb: 11086.0000
04/09 00:42:04 - mmengine - INFO - Epoch(train) [12][ 550/5000]  lr: 1.5126e-05  eta: 0:37:14  time: 0.4486  data_time: 0.0064  memory: 10392  grad_norm: 1.7131  loss: 0.5482  loss_heatmap: 0.1879  layer_-1_loss_cls: 0.0412  layer_-1_loss_bbox: 0.3191  matched_ious: 0.6286  sec_per_iter: 0.4645  iters_per_sec: 2.1500  samples_per_sec: 34.4400  samples_per_sec_per_gpu: 8.6100  max_mem_allocated_mb: 143.9000  max_mem_reserved_mb: 11086.0000
04/09 00:42:27 - mmengine - INFO - Epoch(train) [12][ 600/5000]  lr: 1.4791e-05  eta: 0:36:49  time: 0.4735  data_time: 0.0071  memory: 10312  grad_norm: 1.7390  loss: 0.5832  loss_heatmap: 0.2031  layer_-1_loss_cls: 0.0454  layer_-1_loss_bbox: 0.3347  matched_ious: 0.5848  sec_per_iter: 0.4631  iters_per_sec: 2.1600  samples_per_sec: 34.5500  samples_per_sec_per_gpu: 8.6400  max_mem_allocated_mb: 143.9000  max_mem_reserved_mb: 11086.0000
04/09 00:42:52 - mmengine - INFO - Epoch(train) [12][ 650/5000]  lr: 1.4461e-05  eta: 0:36:24  time: 0.4874  data_time: 0.0135  memory: 10459  grad_norm: 1.7353  loss: 0.6035  loss_heatmap: 0.2083  layer_-1_loss_cls: 0.0445  layer_-1_loss_bbox: 0.3507  matched_ious: 0.5634  sec_per_iter: 0.4640  iters_per_sec: 2.1600  samples_per_sec: 34.4900  samples_per_sec_per_gpu: 8.6200  max_mem_allocated_mb: 143.9000  max_mem_reserved_mb: 11086.0000
04/09 00:43:15 - mmengine - INFO - Epoch(train) [12][ 700/5000]  lr: 1.4133e-05  eta: 0:35:59  time: 0.4679  data_time: 0.0113  memory: 10427  grad_norm: 1.6280  loss: 0.5990  loss_heatmap: 0.2103  layer_-1_loss_cls: 0.0441  layer_-1_loss_bbox: 0.3446  matched_ious: 0.5702  sec_per_iter: 0.4658  iters_per_sec: 2.1500  samples_per_sec: 34.3500  samples_per_sec_per_gpu: 8.5900  max_mem_allocated_mb: 143.9000  max_mem_reserved_mb: 11086.0000
04/09 00:43:37 - mmengine - INFO - Epoch(train) [12][ 750/5000]  lr: 1.3810e-05  eta: 0:35:33  time: 0.4475  data_time: 0.0054  memory: 10386  grad_norm: 1.5416  loss: 0.5575  loss_heatmap: 0.1947  layer_-1_loss_cls: 0.0429  layer_-1_loss_bbox: 0.3199  matched_ious: 0.6123  sec_per_iter: 0.4659  iters_per_sec: 2.1500  samples_per_sec: 34.3400  samples_per_sec_per_gpu: 8.5800  max_mem_allocated_mb: 143.9000  max_mem_reserved_mb: 11086.0000
04/09 00:44:00 - mmengine - INFO - Epoch(train) [12][ 800/5000]  lr: 1.3490e-05  eta: 0:35:08  time: 0.4557  data_time: 0.0060  memory: 10700  grad_norm: 1.5899  loss: 0.5810  loss_heatmap: 0.2015  layer_-1_loss_cls: 0.0405  layer_-1_loss_bbox: 0.3389  matched_ious: 0.5546  sec_per_iter: 0.4647  iters_per_sec: 2.1500  samples_per_sec: 34.4300  samples_per_sec_per_gpu: 8.6100  max_mem_allocated_mb: 143.9000  max_mem_reserved_mb: 11086.0000
04/09 00:44:24 - mmengine - INFO - Epoch(train) [12][ 850/5000]  lr: 1.3174e-05  eta: 0:34:43  time: 0.4679  data_time: 0.0062  memory: 10304  grad_norm: 1.5879  loss: 0.5958  loss_heatmap: 0.2107  layer_-1_loss_cls: 0.0441  layer_-1_loss_bbox: 0.3409  matched_ious: 0.5834  sec_per_iter: 0.4642  iters_per_sec: 2.1500  samples_per_sec: 34.4700  samples_per_sec_per_gpu: 8.6200  max_mem_allocated_mb: 143.9000  max_mem_reserved_mb: 11086.0000
04/09 00:44:46 - mmengine - INFO - Epoch(train) [12][ 900/5000]  lr: 1.2861e-05  eta: 0:34:18  time: 0.4436  data_time: 0.0073  memory: 10391  grad_norm: 1.5036  loss: 0.5922  loss_heatmap: 0.2118  layer_-1_loss_cls: 0.0447  layer_-1_loss_bbox: 0.3357  matched_ious: 0.6038  sec_per_iter: 0.4644  iters_per_sec: 2.1500  samples_per_sec: 34.4500  samples_per_sec_per_gpu: 8.6100  max_mem_allocated_mb: 143.9000  max_mem_reserved_mb: 11086.0000
04/09 00:45:08 - mmengine - INFO - Epoch(train) [12][ 950/5000]  lr: 1.2552e-05  eta: 0:33:52  time: 0.4517  data_time: 0.0072  memory: 10387  grad_norm: 1.7286  loss: 0.5966  loss_heatmap: 0.2066  layer_-1_loss_cls: 0.0448  layer_-1_loss_bbox: 0.3451  matched_ious: 0.6042  sec_per_iter: 0.4632  iters_per_sec: 2.1600  samples_per_sec: 34.5400  samples_per_sec_per_gpu: 8.6400  max_mem_allocated_mb: 143.9000  max_mem_reserved_mb: 11086.0000
04/09 00:45:31 - mmengine - INFO - Exp name: zod_lidar_only_continue_20260408_160451
04/09 00:45:31 - mmengine - INFO - Epoch(train) [12][1000/5000]  lr: 1.2247e-05  eta: 0:33:27  time: 0.4596  data_time: 0.0102  memory: 10371  grad_norm: 1.8416  loss: 0.6188  loss_heatmap: 0.2128  layer_-1_loss_cls: 0.0440  layer_-1_loss_bbox: 0.3620  matched_ious: 0.5638  sec_per_iter: 0.4626  iters_per_sec: 2.1600  samples_per_sec: 34.5800  samples_per_sec_per_gpu: 8.6500  max_mem_allocated_mb: 143.9000  max_mem_reserved_mb: 11086.0000
04/09 00:45:54 - mmengine - INFO - Epoch(train) [12][1050/5000]  lr: 1.1945e-05  eta: 0:33:02  time: 0.4481  data_time: 0.0086  memory: 10355  grad_norm: 1.6363  loss: 0.5285  loss_heatmap: 0.1775  layer_-1_loss_cls: 0.0403  layer_-1_loss_bbox: 0.3107  matched_ious: 0.6096  sec_per_iter: 0.4625  iters_per_sec: 2.1600  samples_per_sec: 34.6000  samples_per_sec_per_gpu: 8.6500  max_mem_allocated_mb: 143.9000  max_mem_reserved_mb: 11086.0000
04/09 00:46:16 - mmengine - INFO - Epoch(train) [12][1100/5000]  lr: 1.1647e-05  eta: 0:32:37  time: 0.4527  data_time: 0.0082  memory: 10385  grad_norm: 1.6494  loss: 0.5523  loss_heatmap: 0.1894  layer_-1_loss_cls: 0.0438  layer_-1_loss_bbox: 0.3191  matched_ious: 0.5950  sec_per_iter: 0.4618  iters_per_sec: 2.1700  samples_per_sec: 34.6500  samples_per_sec_per_gpu: 8.6600  max_mem_allocated_mb: 143.9000  max_mem_reserved_mb: 11086.0000
04/09 00:46:39 - mmengine - INFO - Epoch(train) [12][1150/5000]  lr: 1.1353e-05  eta: 0:32:11  time: 0.4561  data_time: 0.0078  memory: 10350  grad_norm: 1.5266  loss: 0.5665  loss_heatmap: 0.1929  layer_-1_loss_cls: 0.0434  layer_-1_loss_bbox: 0.3302  matched_ious: 0.5709  sec_per_iter: 0.4614  iters_per_sec: 2.1700  samples_per_sec: 34.6800  samples_per_sec_per_gpu: 8.6700  max_mem_allocated_mb: 143.9000  max_mem_reserved_mb: 11086.0000
04/09 00:47:02 - mmengine - INFO - Epoch(train) [12][1200/5000]  lr: 1.1062e-05  eta: 0:31:46  time: 0.4552  data_time: 0.0078  memory: 10300  grad_norm: 1.6360  loss: 0.5973  loss_heatmap: 0.2022  layer_-1_loss_cls: 0.0402  layer_-1_loss_bbox: 0.3550  matched_ious: 0.6028  sec_per_iter: 0.4612  iters_per_sec: 2.1700  samples_per_sec: 34.6900  samples_per_sec_per_gpu: 8.6700  max_mem_allocated_mb: 143.9000  max_mem_reserved_mb: 11086.0000
04/09 00:47:25 - mmengine - INFO - Epoch(train) [12][1250/5000]  lr: 1.0776e-05  eta: 0:31:21  time: 0.4552  data_time: 0.0068  memory: 10358  grad_norm: 1.5568  loss: 0.5563  loss_heatmap: 0.1914  layer_-1_loss_cls: 0.0470  layer_-1_loss_bbox: 0.3179  matched_ious: 0.5761  sec_per_iter: 0.4609  iters_per_sec: 2.1700  samples_per_sec: 34.7100  samples_per_sec_per_gpu: 8.6800  max_mem_allocated_mb: 143.9000  max_mem_reserved_mb: 11086.0000
04/09 00:47:48 - mmengine - INFO - Epoch(train) [12][1300/5000]  lr: 1.0492e-05  eta: 0:30:56  time: 0.4641  data_time: 0.0059  memory: 10334  grad_norm: 1.6220  loss: 0.5935  loss_heatmap: 0.2043  layer_-1_loss_cls: 0.0430  layer_-1_loss_bbox: 0.3462  matched_ious: 0.5899  sec_per_iter: 0.4607  iters_per_sec: 2.1700  samples_per_sec: 34.7300  samples_per_sec_per_gpu: 8.6800  max_mem_allocated_mb: 143.9000  max_mem_reserved_mb: 11086.0000
04/09 00:48:11 - mmengine - INFO - Epoch(train) [12][1350/5000]  lr: 1.0213e-05  eta: 0:30:30  time: 0.4562  data_time: 0.0087  memory: 10485  grad_norm: 1.6645  loss: 0.6496  loss_heatmap: 0.2296  layer_-1_loss_cls: 0.0467  layer_-1_loss_bbox: 0.3733  matched_ious: 0.5731  sec_per_iter: 0.4608  iters_per_sec: 2.1700  samples_per_sec: 34.7200  samples_per_sec_per_gpu: 8.6800  max_mem_allocated_mb: 143.9000  max_mem_reserved_mb: 11086.0000
04/09 00:48:34 - mmengine - INFO - Epoch(train) [12][1400/5000]  lr: 9.9370e-06  eta: 0:30:05  time: 0.4645  data_time: 0.0074  memory: 10347  grad_norm: 1.7605  loss: 0.5643  loss_heatmap: 0.1950  layer_-1_loss_cls: 0.0413  layer_-1_loss_bbox: 0.3280  matched_ious: 0.5878  sec_per_iter: 0.4607  iters_per_sec: 2.1700  samples_per_sec: 34.7300  samples_per_sec_per_gpu: 8.6800  max_mem_allocated_mb: 143.9000  max_mem_reserved_mb: 11086.0000
04/09 00:48:57 - mmengine - INFO - Epoch(train) [12][1450/5000]  lr: 9.6648e-06  eta: 0:29:40  time: 0.4533  data_time: 0.0056  memory: 10364  grad_norm: 1.6690  loss: 0.6123  loss_heatmap: 0.2093  layer_-1_loss_cls: 0.0443  layer_-1_loss_bbox: 0.3587  matched_ious: 0.5854  sec_per_iter: 0.4608  iters_per_sec: 2.1700  samples_per_sec: 34.7200  samples_per_sec_per_gpu: 8.6800  max_mem_allocated_mb: 143.9000  max_mem_reserved_mb: 11086.0000
04/09 00:49:20 - mmengine - INFO - Epoch(train) [12][1500/5000]  lr: 9.3964e-06  eta: 0:29:15  time: 0.4630  data_time: 0.0066  memory: 10422  grad_norm: 1.6966  loss: 0.5995  loss_heatmap: 0.2091  layer_-1_loss_cls: 0.0461  layer_-1_loss_bbox: 0.3442  matched_ious: 0.5906  sec_per_iter: 0.4606  iters_per_sec: 2.1700  samples_per_sec: 34.7400  samples_per_sec_per_gpu: 8.6800  max_mem_allocated_mb: 143.9000  max_mem_reserved_mb: 11086.0000
04/09 00:49:43 - mmengine - INFO - Epoch(train) [12][1550/5000]  lr: 9.1317e-06  eta: 0:28:50  time: 0.4624  data_time: 0.0070  memory: 10347  grad_norm: 1.5079  loss: 0.5915  loss_heatmap: 0.2011  layer_-1_loss_cls: 0.0439  layer_-1_loss_bbox: 0.3465  matched_ious: 0.5284  sec_per_iter: 0.4606  iters_per_sec: 2.1700  samples_per_sec: 34.7400  samples_per_sec_per_gpu: 8.6800  max_mem_allocated_mb: 143.9000  max_mem_reserved_mb: 11086.0000
04/09 00:50:06 - mmengine - INFO - Epoch(train) [12][1600/5000]  lr: 8.8707e-06  eta: 0:28:24  time: 0.4577  data_time: 0.0074  memory: 10317  grad_norm: 1.7813  loss: 0.5909  loss_heatmap: 0.2173  layer_-1_loss_cls: 0.0482  layer_-1_loss_bbox: 0.3254  matched_ious: 0.5316  sec_per_iter: 0.4607  iters_per_sec: 2.1700  samples_per_sec: 34.7300  samples_per_sec_per_gpu: 8.6800  max_mem_allocated_mb: 143.9000  max_mem_reserved_mb: 11086.0000
04/09 00:50:28 - mmengine - INFO - Epoch(train) [12][1650/5000]  lr: 8.6135e-06  eta: 0:27:59  time: 0.4407  data_time: 0.0062  memory: 10477  grad_norm: 1.5657  loss: 0.5477  loss_heatmap: 0.1825  layer_-1_loss_cls: 0.0385  layer_-1_loss_bbox: 0.3267  matched_ious: 0.5927  sec_per_iter: 0.4606  iters_per_sec: 2.1700  samples_per_sec: 34.7400  samples_per_sec_per_gpu: 8.6800  max_mem_allocated_mb: 143.9000  max_mem_reserved_mb: 11086.0000
04/09 00:50:51 - mmengine - INFO - Epoch(train) [12][1700/5000]  lr: 8.3599e-06  eta: 0:27:34  time: 0.4581  data_time: 0.0086  memory: 10455  grad_norm: 1.6624  loss: 0.6234  loss_heatmap: 0.2261  layer_-1_loss_cls: 0.0455  layer_-1_loss_bbox: 0.3517  matched_ious: 0.5770  sec_per_iter: 0.4600  iters_per_sec: 2.1700  samples_per_sec: 34.7800  samples_per_sec_per_gpu: 8.7000  max_mem_allocated_mb: 143.9000  max_mem_reserved_mb: 11086.0000
04/09 00:51:14 - mmengine - INFO - Epoch(train) [12][1750/5000]  lr: 8.1101e-06  eta: 0:27:09  time: 0.4677  data_time: 0.0068  memory: 10407  grad_norm: 1.7412  loss: 0.5567  loss_heatmap: 0.1868  layer_-1_loss_cls: 0.0419  layer_-1_loss_bbox: 0.3281  matched_ious: 0.5580  sec_per_iter: 0.4599  iters_per_sec: 2.1700  samples_per_sec: 34.7900  samples_per_sec_per_gpu: 8.7000  max_mem_allocated_mb: 143.9000  max_mem_reserved_mb: 11086.0000
04/09 00:51:37 - mmengine - INFO - Epoch(train) [12][1800/5000]  lr: 7.8640e-06  eta: 0:26:44  time: 0.4494  data_time: 0.0073  memory: 10485  grad_norm: 1.6575  loss: 0.5933  loss_heatmap: 0.2068  layer_-1_loss_cls: 0.0457  layer_-1_loss_bbox: 0.3408  matched_ious: 0.5896  sec_per_iter: 0.4602  iters_per_sec: 2.1700  samples_per_sec: 34.7700  samples_per_sec_per_gpu: 8.6900  max_mem_allocated_mb: 143.9000  max_mem_reserved_mb: 11086.0000
04/09 00:52:00 - mmengine - INFO - Epoch(train) [12][1850/5000]  lr: 7.6217e-06  eta: 0:26:18  time: 0.4603  data_time: 0.0079  memory: 10592  grad_norm: 1.6748  loss: 0.5802  loss_heatmap: 0.2077  layer_-1_loss_cls: 0.0464  layer_-1_loss_bbox: 0.3262  matched_ious: 0.5716  sec_per_iter: 0.4599  iters_per_sec: 2.1700  samples_per_sec: 34.7900  samples_per_sec_per_gpu: 8.7000  max_mem_allocated_mb: 143.9000  max_mem_reserved_mb: 11086.0000
04/09 00:52:23 - mmengine - INFO - Epoch(train) [12][1900/5000]  lr: 7.3830e-06  eta: 0:25:53  time: 0.4566  data_time: 0.0076  memory: 10477  grad_norm: 1.8084  loss: 0.6328  loss_heatmap: 0.2168  layer_-1_loss_cls: 0.0495  layer_-1_loss_bbox: 0.3665  matched_ious: 0.5840  sec_per_iter: 0.4599  iters_per_sec: 2.1700  samples_per_sec: 34.7900  samples_per_sec_per_gpu: 8.7000  max_mem_allocated_mb: 143.9000  max_mem_reserved_mb: 11086.0000
04/09 00:52:45 - mmengine - INFO - Epoch(train) [12][1950/5000]  lr: 7.1482e-06  eta: 0:25:28  time: 0.4452  data_time: 0.0060  memory: 10408  grad_norm: 1.6164  loss: 0.5705  loss_heatmap: 0.1971  layer_-1_loss_cls: 0.0446  layer_-1_loss_bbox: 0.3287  matched_ious: 0.5501  sec_per_iter: 0.4598  iters_per_sec: 2.1700  samples_per_sec: 34.8000  samples_per_sec_per_gpu: 8.7000  max_mem_allocated_mb: 143.9000  max_mem_reserved_mb: 11086.0000
04/09 00:53:07 - mmengine - INFO - Exp name: zod_lidar_only_continue_20260408_160451
04/09 00:53:07 - mmengine - INFO - Epoch(train) [12][2000/5000]  lr: 6.9170e-06  eta: 0:25:03  time: 0.4510  data_time: 0.0057  memory: 10543  grad_norm: 1.5130  loss: 0.5911  loss_heatmap: 0.1978  layer_-1_loss_cls: 0.0443  layer_-1_loss_bbox: 0.3491  matched_ious: 0.5898  sec_per_iter: 0.4594  iters_per_sec: 2.1800  samples_per_sec: 34.8300  samples_per_sec_per_gpu: 8.7100  max_mem_allocated_mb: 143.9000  max_mem_reserved_mb: 11086.0000
04/09 00:53:31 - mmengine - INFO - Epoch(train) [12][2050/5000]  lr: 6.6897e-06  eta: 0:24:38  time: 0.4669  data_time: 0.0082  memory: 10395  grad_norm: 1.5380  loss: 0.5788  loss_heatmap: 0.1925  layer_-1_loss_cls: 0.0445  layer_-1_loss_bbox: 0.3418  matched_ious: 0.6251  sec_per_iter: 0.4592  iters_per_sec: 2.1800  samples_per_sec: 34.8400  samples_per_sec_per_gpu: 8.7100  max_mem_allocated_mb: 143.9000  max_mem_reserved_mb: 11086.0000
04/09 00:53:54 - mmengine - INFO - Epoch(train) [12][2100/5000]  lr: 6.4660e-06  eta: 0:24:12  time: 0.4666  data_time: 0.0082  memory: 10322  grad_norm: 1.6471  loss: 0.5687  loss_heatmap: 0.1975  layer_-1_loss_cls: 0.0455  layer_-1_loss_bbox: 0.3257  matched_ious: 0.5790  sec_per_iter: 0.4594  iters_per_sec: 2.1800  samples_per_sec: 34.8300  samples_per_sec_per_gpu: 8.7100  max_mem_allocated_mb: 143.9000  max_mem_reserved_mb: 11086.0000
04/09 00:54:17 - mmengine - INFO - Epoch(train) [12][2150/5000]  lr: 6.2461e-06  eta: 0:23:47  time: 0.4537  data_time: 0.0073  memory: 10459  grad_norm: 1.9356  loss: 0.5565  loss_heatmap: 0.1930  layer_-1_loss_cls: 0.0422  layer_-1_loss_bbox: 0.3213  matched_ious: 0.5805  sec_per_iter: 0.4596  iters_per_sec: 2.1800  samples_per_sec: 34.8100  samples_per_sec_per_gpu: 8.7000  max_mem_allocated_mb: 143.9000  max_mem_reserved_mb: 11086.0000
04/09 00:54:39 - mmengine - INFO - Epoch(train) [12][2200/5000]  lr: 6.0300e-06  eta: 0:23:22  time: 0.4532  data_time: 0.0060  memory: 10384  grad_norm: 1.6056  loss: 0.5652  loss_heatmap: 0.1947  layer_-1_loss_cls: 0.0420  layer_-1_loss_bbox: 0.3285  matched_ious: 0.6023  sec_per_iter: 0.4594  iters_per_sec: 2.1800  samples_per_sec: 34.8200  samples_per_sec_per_gpu: 8.7100  max_mem_allocated_mb: 143.9000  max_mem_reserved_mb: 11086.0000
04/09 00:55:02 - mmengine - INFO - Epoch(train) [12][2250/5000]  lr: 5.8177e-06  eta: 0:22:57  time: 0.4589  data_time: 0.0068  memory: 10536  grad_norm: 1.6593  loss: 0.5854  loss_heatmap: 0.2004  layer_-1_loss_cls: 0.0438  layer_-1_loss_bbox: 0.3412  matched_ious: 0.5628  sec_per_iter: 0.4593  iters_per_sec: 2.1800  samples_per_sec: 34.8400  samples_per_sec_per_gpu: 8.7100  max_mem_allocated_mb: 143.9000  max_mem_reserved_mb: 11086.0000
04/09 00:55:25 - mmengine - INFO - Epoch(train) [12][2300/5000]  lr: 5.6091e-06  eta: 0:22:32  time: 0.4610  data_time: 0.0064  memory: 10343  grad_norm: 1.6260  loss: 0.5648  loss_heatmap: 0.1885  layer_-1_loss_cls: 0.0408  layer_-1_loss_bbox: 0.3355  matched_ious: 0.5499  sec_per_iter: 0.4593  iters_per_sec: 2.1800  samples_per_sec: 34.8400  samples_per_sec_per_gpu: 8.7100  max_mem_allocated_mb: 143.9000  max_mem_reserved_mb: 11086.0000
04/09 00:55:49 - mmengine - INFO - Epoch(train) [12][2350/5000]  lr: 5.4043e-06  eta: 0:22:07  time: 0.4681  data_time: 0.0068  memory: 10502  grad_norm: 1.5206  loss: 0.5766  loss_heatmap: 0.2013  layer_-1_loss_cls: 0.0449  layer_-1_loss_bbox: 0.3304  matched_ious: 0.5673  sec_per_iter: 0.4593  iters_per_sec: 2.1800  samples_per_sec: 34.8300  samples_per_sec_per_gpu: 8.7100  max_mem_allocated_mb: 143.9000  max_mem_reserved_mb: 11086.0000
04/09 00:56:11 - mmengine - INFO - Epoch(train) [12][2400/5000]  lr: 5.2032e-06  eta: 0:21:42  time: 0.4530  data_time: 0.0052  memory: 10278  grad_norm: 1.4836  loss: 0.5720  loss_heatmap: 0.1993  layer_-1_loss_cls: 0.0438  layer_-1_loss_bbox: 0.3289  matched_ious: 0.5210  sec_per_iter: 0.4595  iters_per_sec: 2.1800  samples_per_sec: 34.8200  samples_per_sec_per_gpu: 8.7000  max_mem_allocated_mb: 143.9000  max_mem_reserved_mb: 11086.0000
04/09 00:56:34 - mmengine - INFO - Epoch(train) [12][2450/5000]  lr: 5.0060e-06  eta: 0:21:16  time: 0.4519  data_time: 0.0056  memory: 10366  grad_norm: 1.4942  loss: 0.5390  loss_heatmap: 0.1811  layer_-1_loss_cls: 0.0420  layer_-1_loss_bbox: 0.3159  matched_ious: 0.6115  sec_per_iter: 0.4594  iters_per_sec: 2.1800  samples_per_sec: 34.8300  samples_per_sec_per_gpu: 8.7100  max_mem_allocated_mb: 143.9000  max_mem_reserved_mb: 11086.0000
04/09 00:56:57 - mmengine - INFO - Epoch(train) [12][2500/5000]  lr: 4.8125e-06  eta: 0:20:51  time: 0.4516  data_time: 0.0073  memory: 10435  grad_norm: 1.6425  loss: 0.5999  loss_heatmap: 0.2029  layer_-1_loss_cls: 0.0432  layer_-1_loss_bbox: 0.3538  matched_ious: 0.6175  sec_per_iter: 0.4592  iters_per_sec: 2.1800  samples_per_sec: 34.8400  samples_per_sec_per_gpu: 8.7100  max_mem_allocated_mb: 143.9000  max_mem_reserved_mb: 11086.0000
04/09 00:57:20 - mmengine - INFO - Epoch(train) [12][2550/5000]  lr: 4.6228e-06  eta: 0:20:26  time: 0.4608  data_time: 0.0065  memory: 10454  grad_norm: 1.5068  loss: 0.5539  loss_heatmap: 0.1904  layer_-1_loss_cls: 0.0422  layer_-1_loss_bbox: 0.3213  matched_ious: 0.6156  sec_per_iter: 0.4591  iters_per_sec: 2.1800  samples_per_sec: 34.8500  samples_per_sec_per_gpu: 8.7100  max_mem_allocated_mb: 143.9000  max_mem_reserved_mb: 11086.0000
04/09 00:57:43 - mmengine - INFO - Epoch(train) [12][2600/5000]  lr: 4.4368e-06  eta: 0:20:01  time: 0.4584  data_time: 0.0055  memory: 10523  grad_norm: 1.6698  loss: 0.5826  loss_heatmap: 0.2002  layer_-1_loss_cls: 0.0409  layer_-1_loss_bbox: 0.3415  matched_ious: 0.5905  sec_per_iter: 0.4591  iters_per_sec: 2.1800  samples_per_sec: 34.8500  samples_per_sec_per_gpu: 8.7100  max_mem_allocated_mb: 143.9000  max_mem_reserved_mb: 11086.0000
04/09 00:58:05 - mmengine - INFO - Epoch(train) [12][2650/5000]  lr: 4.2547e-06  eta: 0:19:36  time: 0.4560  data_time: 0.0061  memory: 10324  grad_norm: 1.5765  loss: 0.5303  loss_heatmap: 0.1812  layer_-1_loss_cls: 0.0402  layer_-1_loss_bbox: 0.3089  matched_ious: 0.6073  sec_per_iter: 0.4591  iters_per_sec: 2.1800  samples_per_sec: 34.8500  samples_per_sec_per_gpu: 8.7100  max_mem_allocated_mb: 143.9000  max_mem_reserved_mb: 11086.0000
04/09 00:58:29 - mmengine - INFO - Epoch(train) [12][2700/5000]  lr: 4.0763e-06  eta: 0:19:11  time: 0.4627  data_time: 0.0058  memory: 10531  grad_norm: 1.6621  loss: 0.5830  loss_heatmap: 0.1937  layer_-1_loss_cls: 0.0431  layer_-1_loss_bbox: 0.3462  matched_ious: 0.5902  sec_per_iter: 0.4591  iters_per_sec: 2.1800  samples_per_sec: 34.8500  samples_per_sec_per_gpu: 8.7100  max_mem_allocated_mb: 143.9000  max_mem_reserved_mb: 11086.0000
04/09 00:58:52 - mmengine - INFO - Epoch(train) [12][2750/5000]  lr: 3.9018e-06  eta: 0:18:46  time: 0.4601  data_time: 0.0060  memory: 10318  grad_norm: inf  loss: 0.5779  loss_heatmap: 0.1893  layer_-1_loss_cls: 0.0431  layer_-1_loss_bbox: 0.3454  matched_ious: 0.6146  sec_per_iter: 0.4591  iters_per_sec: 2.1800  samples_per_sec: 34.8500  samples_per_sec_per_gpu: 8.7100  max_mem_allocated_mb: 143.9000  max_mem_reserved_mb: 11086.0000
04/09 00:59:15 - mmengine - INFO - Epoch(train) [12][2800/5000]  lr: 3.7310e-06  eta: 0:18:21  time: 0.4625  data_time: 0.0065  memory: 10517  grad_norm: 1.6012  loss: 0.5972  loss_heatmap: 0.1994  layer_-1_loss_cls: 0.0418  layer_-1_loss_bbox: 0.3559  matched_ious: 0.5620  sec_per_iter: 0.4592  iters_per_sec: 2.1800  samples_per_sec: 34.8500  samples_per_sec_per_gpu: 8.7100  max_mem_allocated_mb: 143.9000  max_mem_reserved_mb: 11086.0000
04/09 00:59:37 - mmengine - INFO - Epoch(train) [12][2850/5000]  lr: 3.5640e-06  eta: 0:17:56  time: 0.4510  data_time: 0.0057  memory: 10505  grad_norm: 1.5669  loss: 0.6006  loss_heatmap: 0.2064  layer_-1_loss_cls: 0.0453  layer_-1_loss_bbox: 0.3489  matched_ious: 0.5821  sec_per_iter: 0.4592  iters_per_sec: 2.1800  samples_per_sec: 34.8400  samples_per_sec_per_gpu: 8.7100  max_mem_allocated_mb: 143.9000  max_mem_reserved_mb: 11086.0000
04/09 01:00:00 - mmengine - INFO - Epoch(train) [12][2900/5000]  lr: 3.4009e-06  eta: 0:17:30  time: 0.4611  data_time: 0.0067  memory: 10568  grad_norm: 1.6071  loss: 0.6233  loss_heatmap: 0.2114  layer_-1_loss_cls: 0.0448  layer_-1_loss_bbox: 0.3671  matched_ious: 0.6101  sec_per_iter: 0.4591  iters_per_sec: 2.1800  samples_per_sec: 34.8500  samples_per_sec_per_gpu: 8.7100  max_mem_allocated_mb: 143.9000  max_mem_reserved_mb: 11086.0000
04/09 01:00:23 - mmengine - INFO - Epoch(train) [12][2950/5000]  lr: 3.2415e-06  eta: 0:17:05  time: 0.4444  data_time: 0.0056  memory: 10369  grad_norm: 1.5831  loss: 0.5749  loss_heatmap: 0.1932  layer_-1_loss_cls: 0.0425  layer_-1_loss_bbox: 0.3393  matched_ious: 0.5562  sec_per_iter: 0.4591  iters_per_sec: 2.1800  samples_per_sec: 34.8500  samples_per_sec_per_gpu: 8.7100  max_mem_allocated_mb: 143.9000  max_mem_reserved_mb: 11086.0000
04/09 01:00:45 - mmengine - INFO - Exp name: zod_lidar_only_continue_20260408_160451
04/09 01:00:45 - mmengine - INFO - Epoch(train) [12][3000/5000]  lr: 3.0860e-06  eta: 0:16:40  time: 0.4446  data_time: 0.0060  memory: 10398  grad_norm: 1.8489  loss: 0.5912  loss_heatmap: 0.2026  layer_-1_loss_cls: 0.0457  layer_-1_loss_bbox: 0.3429  matched_ious: 0.6658  sec_per_iter: 0.4589  iters_per_sec: 2.1800  samples_per_sec: 34.8700  samples_per_sec_per_gpu: 8.7200  max_mem_allocated_mb: 143.9000  max_mem_reserved_mb: 11086.0000
04/09 01:01:07 - mmengine - INFO - Epoch(train) [12][3050/5000]  lr: 2.9342e-06  eta: 0:16:15  time: 0.4440  data_time: 0.0053  memory: 10354  grad_norm: 1.6017  loss: 0.5721  loss_heatmap: 0.1959  layer_-1_loss_cls: 0.0428  layer_-1_loss_bbox: 0.3335  matched_ious: 0.5958  sec_per_iter: 0.4586  iters_per_sec: 2.1800  samples_per_sec: 34.8900  samples_per_sec_per_gpu: 8.7200  max_mem_allocated_mb: 143.9000  max_mem_reserved_mb: 11086.0000
04/09 01:01:29 - mmengine - INFO - Epoch(train) [12][3100/5000]  lr: 2.7863e-06  eta: 0:15:50  time: 0.4413  data_time: 0.0058  memory: 10436  grad_norm: 1.4685  loss: 0.5623  loss_heatmap: 0.1901  layer_-1_loss_cls: 0.0414  layer_-1_loss_bbox: 0.3308  matched_ious: 0.5771  sec_per_iter: 0.4584  iters_per_sec: 2.1800  samples_per_sec: 34.9100  samples_per_sec_per_gpu: 8.7300  max_mem_allocated_mb: 143.9000  max_mem_reserved_mb: 11086.0000
04/09 01:01:53 - mmengine - INFO - Epoch(train) [12][3150/5000]  lr: 2.6421e-06  eta: 0:15:25  time: 0.4760  data_time: 0.0059  memory: 10458  grad_norm: 1.5445  loss: 0.6015  loss_heatmap: 0.2117  layer_-1_loss_cls: 0.0435  layer_-1_loss_bbox: 0.3463  matched_ious: 0.5545  sec_per_iter: 0.4581  iters_per_sec: 2.1800  samples_per_sec: 34.9300  samples_per_sec_per_gpu: 8.7300  max_mem_allocated_mb: 143.9000  max_mem_reserved_mb: 11086.0000
04/09 01:02:15 - mmengine - INFO - Epoch(train) [12][3200/5000]  lr: 2.5018e-06  eta: 0:15:00  time: 0.4503  data_time: 0.0054  memory: 10297  grad_norm: 1.5708  loss: 0.5994  loss_heatmap: 0.2001  layer_-1_loss_cls: 0.0432  layer_-1_loss_bbox: 0.3562  matched_ious: 0.6443  sec_per_iter: 0.4584  iters_per_sec: 2.1800  samples_per_sec: 34.9000  samples_per_sec_per_gpu: 8.7300  max_mem_allocated_mb: 143.9000  max_mem_reserved_mb: 11086.0000
04/09 01:02:38 - mmengine - INFO - Epoch(train) [12][3250/5000]  lr: 2.3653e-06  eta: 0:14:35  time: 0.4614  data_time: 0.0071  memory: 10495  grad_norm: 1.6593  loss: 0.6015  loss_heatmap: 0.2109  layer_-1_loss_cls: 0.0445  layer_-1_loss_bbox: 0.3462  matched_ious: 0.5765  sec_per_iter: 0.4583  iters_per_sec: 2.1800  samples_per_sec: 34.9100  samples_per_sec_per_gpu: 8.7300  max_mem_allocated_mb: 143.9000  max_mem_reserved_mb: 11086.0000
04/09 01:03:01 - mmengine - INFO - Epoch(train) [12][3300/5000]  lr: 2.2327e-06  eta: 0:14:10  time: 0.4518  data_time: 0.0069  memory: 10496  grad_norm: 1.4637  loss: 0.5987  loss_heatmap: 0.2031  layer_-1_loss_cls: 0.0420  layer_-1_loss_bbox: 0.3536  matched_ious: 0.6142  sec_per_iter: 0.4583  iters_per_sec: 2.1800  samples_per_sec: 34.9100  samples_per_sec_per_gpu: 8.7300  max_mem_allocated_mb: 143.9000  max_mem_reserved_mb: 11086.0000
04/09 01:03:25 - mmengine - INFO - Epoch(train) [12][3350/5000]  lr: 2.1038e-06  eta: 0:13:45  time: 0.4734  data_time: 0.0057  memory: 10513  grad_norm: 1.5356  loss: 0.5422  loss_heatmap: 0.1817  layer_-1_loss_cls: 0.0384  layer_-1_loss_bbox: 0.3221  matched_ious: 0.5434  sec_per_iter: 0.4582  iters_per_sec: 2.1800  samples_per_sec: 34.9200  samples_per_sec_per_gpu: 8.7300  max_mem_allocated_mb: 143.9000  max_mem_reserved_mb: 11086.0000
04/09 01:03:47 - mmengine - INFO - Epoch(train) [12][3400/5000]  lr: 1.9788e-06  eta: 0:13:20  time: 0.4510  data_time: 0.0057  memory: 10444  grad_norm: 1.6496  loss: 0.5975  loss_heatmap: 0.2074  layer_-1_loss_cls: 0.0451  layer_-1_loss_bbox: 0.3451  matched_ious: 0.5411  sec_per_iter: 0.4584  iters_per_sec: 2.1800  samples_per_sec: 34.9000  samples_per_sec_per_gpu: 8.7300  max_mem_allocated_mb: 143.9000  max_mem_reserved_mb: 11086.0000
04/09 01:04:10 - mmengine - INFO - Epoch(train) [12][3450/5000]  lr: 1.8576e-06  eta: 0:12:54  time: 0.4519  data_time: 0.0056  memory: 10430  grad_norm: 1.5038  loss: 0.5677  loss_heatmap: 0.1997  layer_-1_loss_cls: 0.0444  layer_-1_loss_bbox: 0.3235  matched_ious: 0.6328  sec_per_iter: 0.4583  iters_per_sec: 2.1800  samples_per_sec: 34.9100  samples_per_sec_per_gpu: 8.7300  max_mem_allocated_mb: 143.9000  max_mem_reserved_mb: 11086.0000
04/09 01:04:32 - mmengine - INFO - Epoch(train) [12][3500/5000]  lr: 1.7402e-06  eta: 0:12:29  time: 0.4482  data_time: 0.0054  memory: 10478  grad_norm: 1.5966  loss: 0.6015  loss_heatmap: 0.1988  layer_-1_loss_cls: 0.0429  layer_-1_loss_bbox: 0.3598  matched_ious: 0.6219  sec_per_iter: 0.4582  iters_per_sec: 2.1800  samples_per_sec: 34.9200  samples_per_sec_per_gpu: 8.7300  max_mem_allocated_mb: 143.9000  max_mem_reserved_mb: 11086.0000
04/09 01:04:55 - mmengine - INFO - Epoch(train) [12][3550/5000]  lr: 1.6266e-06  eta: 0:12:04  time: 0.4637  data_time: 0.0060  memory: 10299  grad_norm: 1.7060  loss: 0.5927  loss_heatmap: 0.2062  layer_-1_loss_cls: 0.0436  layer_-1_loss_bbox: 0.3429  matched_ious: 0.5548  sec_per_iter: 0.4581  iters_per_sec: 2.1800  samples_per_sec: 34.9300  samples_per_sec_per_gpu: 8.7300  max_mem_allocated_mb: 143.9000  max_mem_reserved_mb: 11086.0000
04/09 01:05:18 - mmengine - INFO - Epoch(train) [12][3600/5000]  lr: 1.5169e-06  eta: 0:11:39  time: 0.4537  data_time: 0.0054  memory: 10300  grad_norm: 1.6401  loss: 0.5912  loss_heatmap: 0.2075  layer_-1_loss_cls: 0.0443  layer_-1_loss_bbox: 0.3394  matched_ious: 0.5741  sec_per_iter: 0.4582  iters_per_sec: 2.1800  samples_per_sec: 34.9200  samples_per_sec_per_gpu: 8.7300  max_mem_allocated_mb: 143.9000  max_mem_reserved_mb: 11086.0000
04/09 01:05:40 - mmengine - INFO - Epoch(train) [12][3650/5000]  lr: 1.4110e-06  eta: 0:11:14  time: 0.4429  data_time: 0.0055  memory: 10461  grad_norm: 1.5971  loss: 0.5673  loss_heatmap: 0.1970  layer_-1_loss_cls: 0.0395  layer_-1_loss_bbox: 0.3308  matched_ious: 0.4986  sec_per_iter: 0.4581  iters_per_sec: 2.1800  samples_per_sec: 34.9300  samples_per_sec_per_gpu: 8.7300  max_mem_allocated_mb: 143.9000  max_mem_reserved_mb: 11086.0000
04/09 01:06:03 - mmengine - INFO - Epoch(train) [12][3700/5000]  lr: 1.3090e-06  eta: 0:10:49  time: 0.4539  data_time: 0.0057  memory: 10422  grad_norm: 1.7006  loss: 0.5890  loss_heatmap: 0.2062  layer_-1_loss_cls: 0.0449  layer_-1_loss_bbox: 0.3379  matched_ious: 0.5885  sec_per_iter: 0.4579  iters_per_sec: 2.1800  samples_per_sec: 34.9400  samples_per_sec_per_gpu: 8.7400  max_mem_allocated_mb: 143.9000  max_mem_reserved_mb: 11086.0000
04/09 01:06:25 - mmengine - INFO - Epoch(train) [12][3750/5000]  lr: 1.2107e-06  eta: 0:10:24  time: 0.4472  data_time: 0.0056  memory: 10442  grad_norm: 1.7289  loss: 0.5894  loss_heatmap: 0.2061  layer_-1_loss_cls: 0.0432  layer_-1_loss_bbox: 0.3400  matched_ious: 0.6096  sec_per_iter: 0.4579  iters_per_sec: 2.1800  samples_per_sec: 34.9500  samples_per_sec_per_gpu: 8.7400  max_mem_allocated_mb: 143.9000  max_mem_reserved_mb: 11086.0000
04/09 01:06:48 - mmengine - INFO - Epoch(train) [12][3800/5000]  lr: 1.1163e-06  eta: 0:09:59  time: 0.4530  data_time: 0.0057  memory: 10781  grad_norm: 1.6181  loss: 0.5587  loss_heatmap: 0.1976  layer_-1_loss_cls: 0.0434  layer_-1_loss_bbox: 0.3177  matched_ious: 0.5800  sec_per_iter: 0.4577  iters_per_sec: 2.1800  samples_per_sec: 34.9600  samples_per_sec_per_gpu: 8.7400  max_mem_allocated_mb: 143.9000  max_mem_reserved_mb: 11086.0000
04/09 01:07:11 - mmengine - INFO - Epoch(train) [12][3850/5000]  lr: 1.0258e-06  eta: 0:09:34  time: 0.4665  data_time: 0.0066  memory: 10414  grad_norm: 1.6707  loss: 0.5998  loss_heatmap: 0.2078  layer_-1_loss_cls: 0.0472  layer_-1_loss_bbox: 0.3447  matched_ious: 0.5781  sec_per_iter: 0.4577  iters_per_sec: 2.1900  samples_per_sec: 34.9600  samples_per_sec_per_gpu: 8.7400  max_mem_allocated_mb: 143.9000  max_mem_reserved_mb: 11086.0000
04/09 01:07:35 - mmengine - INFO - Epoch(train) [12][3900/5000]  lr: 9.3909e-07  eta: 0:09:09  time: 0.4666  data_time: 0.0058  memory: 10430  grad_norm: 1.5385  loss: 0.5517  loss_heatmap: 0.1929  layer_-1_loss_cls: 0.0430  layer_-1_loss_bbox: 0.3158  matched_ious: 0.5754  sec_per_iter: 0.4578  iters_per_sec: 2.1800  samples_per_sec: 34.9500  samples_per_sec_per_gpu: 8.7400  max_mem_allocated_mb: 143.9000  max_mem_reserved_mb: 11086.0000
04/09 01:07:58 - mmengine - INFO - Epoch(train) [12][3950/5000]  lr: 8.5622e-07  eta: 0:08:44  time: 0.4609  data_time: 0.0080  memory: 10388  grad_norm: 1.4980  loss: 0.5453  loss_heatmap: 0.1892  layer_-1_loss_cls: 0.0434  layer_-1_loss_bbox: 0.3127  matched_ious: 0.5468  sec_per_iter: 0.4579  iters_per_sec: 2.1800  samples_per_sec: 34.9400  samples_per_sec_per_gpu: 8.7400  max_mem_allocated_mb: 143.9000  max_mem_reserved_mb: 11086.0000
04/09 01:08:21 - mmengine - INFO - Exp name: zod_lidar_only_continue_20260408_160451
04/09 01:08:21 - mmengine - INFO - Epoch(train) [12][4000/5000]  lr: 7.7720e-07  eta: 0:08:19  time: 0.4552  data_time: 0.0071  memory: 10407  grad_norm: 1.8329  loss: 0.6357  loss_heatmap: 0.2179  layer_-1_loss_cls: 0.0453  layer_-1_loss_bbox: 0.3725  matched_ious: 0.5838  sec_per_iter: 0.4579  iters_per_sec: 2.1800  samples_per_sec: 34.9400  samples_per_sec_per_gpu: 8.7300  max_mem_allocated_mb: 143.9000  max_mem_reserved_mb: 11086.0000
04/09 01:08:43 - mmengine - INFO - Epoch(train) [12][4050/5000]  lr: 7.0202e-07  eta: 0:07:54  time: 0.4522  data_time: 0.0084  memory: 10580  grad_norm: 1.5830  loss: 0.5834  loss_heatmap: 0.1957  layer_-1_loss_cls: 0.0412  layer_-1_loss_bbox: 0.3465  matched_ious: 0.5799  sec_per_iter: 0.4579  iters_per_sec: 2.1800  samples_per_sec: 34.9400  samples_per_sec_per_gpu: 8.7400  max_mem_allocated_mb: 143.9000  max_mem_reserved_mb: 11086.0000
04/09 01:09:06 - mmengine - INFO - Epoch(train) [12][4100/5000]  lr: 6.3068e-07  eta: 0:07:29  time: 0.4572  data_time: 0.0060  memory: 10432  grad_norm: 1.8640  loss: 0.6202  loss_heatmap: 0.2124  layer_-1_loss_cls: 0.0436  layer_-1_loss_bbox: 0.3642  matched_ious: 0.6020  sec_per_iter: 0.4578  iters_per_sec: 2.1800  samples_per_sec: 34.9500  samples_per_sec_per_gpu: 8.7400  max_mem_allocated_mb: 143.9000  max_mem_reserved_mb: 11086.0000
04/09 01:09:28 - mmengine - INFO - Epoch(train) [12][4150/5000]  lr: 5.6319e-07  eta: 0:07:04  time: 0.4491  data_time: 0.0057  memory: 10473  grad_norm: 1.6063  loss: 0.6390  loss_heatmap: 0.2176  layer_-1_loss_cls: 0.0446  layer_-1_loss_bbox: 0.3768  matched_ious: 0.5634  sec_per_iter: 0.4578  iters_per_sec: 2.1800  samples_per_sec: 34.9500  samples_per_sec_per_gpu: 8.7400  max_mem_allocated_mb: 143.9000  max_mem_reserved_mb: 11086.0000
04/09 01:09:51 - mmengine - INFO - Epoch(train) [12][4200/5000]  lr: 4.9955e-07  eta: 0:06:39  time: 0.4569  data_time: 0.0057  memory: 10423  grad_norm: 1.8065  loss: 0.6377  loss_heatmap: 0.2247  layer_-1_loss_cls: 0.0438  layer_-1_loss_bbox: 0.3692  matched_ious: 0.5620  sec_per_iter: 0.4577  iters_per_sec: 2.1800  samples_per_sec: 34.9600  samples_per_sec_per_gpu: 8.7400  max_mem_allocated_mb: 143.9000  max_mem_reserved_mb: 11086.0000
04/09 01:10:14 - mmengine - INFO - Epoch(train) [12][4250/5000]  lr: 4.3975e-07  eta: 0:06:14  time: 0.4631  data_time: 0.0075  memory: 10467  grad_norm: 1.4760  loss: 0.5635  loss_heatmap: 0.1934  layer_-1_loss_cls: 0.0431  layer_-1_loss_bbox: 0.3270  matched_ious: 0.5909  sec_per_iter: 0.4577  iters_per_sec: 2.1800  samples_per_sec: 34.9600  samples_per_sec_per_gpu: 8.7400  max_mem_allocated_mb: 143.9000  max_mem_reserved_mb: 11086.0000
04/09 01:10:37 - mmengine - INFO - Epoch(train) [12][4300/5000]  lr: 3.8380e-07  eta: 0:05:49  time: 0.4442  data_time: 0.0069  memory: 10404  grad_norm: 1.7505  loss: 0.6040  loss_heatmap: 0.2143  layer_-1_loss_cls: 0.0463  layer_-1_loss_bbox: 0.3434  matched_ious: 0.5632  sec_per_iter: 0.4578  iters_per_sec: 2.1800  samples_per_sec: 34.9500  samples_per_sec_per_gpu: 8.7400  max_mem_allocated_mb: 143.9000  max_mem_reserved_mb: 11086.0000
04/09 01:10:59 - mmengine - INFO - Epoch(train) [12][4350/5000]  lr: 3.3170e-07  eta: 0:05:24  time: 0.4450  data_time: 0.0059  memory: 10433  grad_norm: 1.8348  loss: 0.6090  loss_heatmap: 0.2141  layer_-1_loss_cls: 0.0458  layer_-1_loss_bbox: 0.3492  matched_ious: 0.5843  sec_per_iter: 0.4576  iters_per_sec: 2.1900  samples_per_sec: 34.9600  samples_per_sec_per_gpu: 8.7400  max_mem_allocated_mb: 143.9000  max_mem_reserved_mb: 11086.0000
04/09 01:11:22 - mmengine - INFO - Epoch(train) [12][4400/5000]  lr: 2.8345e-07  eta: 0:04:59  time: 0.4511  data_time: 0.0058  memory: 10564  grad_norm: 1.6279  loss: 0.6061  loss_heatmap: 0.2119  layer_-1_loss_cls: 0.0440  layer_-1_loss_bbox: 0.3503  matched_ious: 0.5514  sec_per_iter: 0.4575  iters_per_sec: 2.1900  samples_per_sec: 34.9700  samples_per_sec_per_gpu: 8.7400  max_mem_allocated_mb: 143.9000  max_mem_reserved_mb: 11086.0000
04/09 01:11:45 - mmengine - INFO - Epoch(train) [12][4450/5000]  lr: 2.3906e-07  eta: 0:04:34  time: 0.4604  data_time: 0.0061  memory: 10298  grad_norm: 1.6068  loss: 0.5641  loss_heatmap: 0.1956  layer_-1_loss_cls: 0.0438  layer_-1_loss_bbox: 0.3247  matched_ious: 0.5664  sec_per_iter: 0.4574  iters_per_sec: 2.1900  samples_per_sec: 34.9800  samples_per_sec_per_gpu: 8.7500  max_mem_allocated_mb: 143.9000  max_mem_reserved_mb: 11086.0000
04/09 01:12:07 - mmengine - INFO - Epoch(train) [12][4500/5000]  lr: 1.9851e-07  eta: 0:04:09  time: 0.4528  data_time: 0.0059  memory: 10433  grad_norm: 1.6021  loss: 0.5756  loss_heatmap: 0.1939  layer_-1_loss_cls: 0.0431  layer_-1_loss_bbox: 0.3386  matched_ious: 0.5648  sec_per_iter: 0.4574  iters_per_sec: 2.1900  samples_per_sec: 34.9800  samples_per_sec_per_gpu: 8.7400  max_mem_allocated_mb: 143.9000  max_mem_reserved_mb: 11086.0000
04/09 01:12:30 - mmengine - INFO - Epoch(train) [12][4550/5000]  lr: 1.6182e-07  eta: 0:03:44  time: 0.4659  data_time: 0.0057  memory: 10424  grad_norm: 1.7867  loss: 0.5478  loss_heatmap: 0.1871  layer_-1_loss_cls: 0.0439  layer_-1_loss_bbox: 0.3168  matched_ious: 0.5855  sec_per_iter: 0.4574  iters_per_sec: 2.1900  samples_per_sec: 34.9800  samples_per_sec_per_gpu: 8.7500  max_mem_allocated_mb: 143.9000  max_mem_reserved_mb: 11086.0000
04/09 01:12:53 - mmengine - INFO - Epoch(train) [12][4600/5000]  lr: 1.2898e-07  eta: 0:03:19  time: 0.4418  data_time: 0.0062  memory: 10543  grad_norm: 1.6746  loss: 0.5727  loss_heatmap: 0.1959  layer_-1_loss_cls: 0.0458  layer_-1_loss_bbox: 0.3310  matched_ious: 0.5463  sec_per_iter: 0.4575  iters_per_sec: 2.1900  samples_per_sec: 34.9700  samples_per_sec_per_gpu: 8.7400  max_mem_allocated_mb: 143.9000  max_mem_reserved_mb: 11086.0000
04/09 01:13:15 - mmengine - INFO - Epoch(train) [12][4650/5000]  lr: 9.9989e-08  eta: 0:02:54  time: 0.4549  data_time: 0.0066  memory: 10392  grad_norm: 1.6100  loss: 0.5780  loss_heatmap: 0.2025  layer_-1_loss_cls: 0.0482  layer_-1_loss_bbox: 0.3273  matched_ious: 0.5870  sec_per_iter: 0.4573  iters_per_sec: 2.1900  samples_per_sec: 34.9900  samples_per_sec_per_gpu: 8.7500  max_mem_allocated_mb: 143.9000  max_mem_reserved_mb: 11086.0000
04/09 01:13:39 - mmengine - INFO - Epoch(train) [12][4700/5000]  lr: 7.4855e-08  eta: 0:02:29  time: 0.4643  data_time: 0.0055  memory: 10519  grad_norm: 1.6704  loss: 0.5469  loss_heatmap: 0.1811  layer_-1_loss_cls: 0.0433  layer_-1_loss_bbox: 0.3225  matched_ious: 0.5896  sec_per_iter: 0.4573  iters_per_sec: 2.1900  samples_per_sec: 34.9900  samples_per_sec_per_gpu: 8.7500  max_mem_allocated_mb: 143.9000  max_mem_reserved_mb: 11086.0000
04/09 01:14:01 - mmengine - INFO - Epoch(train) [12][4750/5000]  lr: 5.3576e-08  eta: 0:02:04  time: 0.4493  data_time: 0.0089  memory: 10420  grad_norm: inf  loss: 0.5617  loss_heatmap: 0.1933  layer_-1_loss_cls: 0.0406  layer_-1_loss_bbox: 0.3278  matched_ious: 0.5341  sec_per_iter: 0.4574  iters_per_sec: 2.1900  samples_per_sec: 34.9800  samples_per_sec_per_gpu: 8.7500  max_mem_allocated_mb: 143.9000  max_mem_reserved_mb: 11086.0000
04/09 01:14:24 - mmengine - INFO - Epoch(train) [12][4800/5000]  lr: 3.6151e-08  eta: 0:01:39  time: 0.4517  data_time: 0.0078  memory: 10365  grad_norm: 1.6782  loss: 0.5896  loss_heatmap: 0.2025  layer_-1_loss_cls: 0.0466  layer_-1_loss_bbox: 0.3405  matched_ious: 0.5894  sec_per_iter: 0.4573  iters_per_sec: 2.1900  samples_per_sec: 34.9900  samples_per_sec_per_gpu: 8.7500  max_mem_allocated_mb: 143.9000  max_mem_reserved_mb: 11086.0000
04/09 01:14:46 - mmengine - INFO - Epoch(train) [12][4850/5000]  lr: 2.2581e-08  eta: 0:01:14  time: 0.4526  data_time: 0.0065  memory: 10354  grad_norm: 1.5640  loss: 0.5567  loss_heatmap: 0.1932  layer_-1_loss_cls: 0.0413  layer_-1_loss_bbox: 0.3222  matched_ious: 0.6054  sec_per_iter: 0.4572  iters_per_sec: 2.1900  samples_per_sec: 34.9900  samples_per_sec_per_gpu: 8.7500  max_mem_allocated_mb: 143.9000  max_mem_reserved_mb: 11086.0000
04/09 01:15:09 - mmengine - INFO - Epoch(train) [12][4900/5000]  lr: 1.2865e-08  eta: 0:00:49  time: 0.4624  data_time: 0.0061  memory: 10471  grad_norm: 1.6414  loss: 0.5920  loss_heatmap: 0.1997  layer_-1_loss_cls: 0.0442  layer_-1_loss_bbox: 0.3481  matched_ious: 0.5667  sec_per_iter: 0.4572  iters_per_sec: 2.1900  samples_per_sec: 35.0000  samples_per_sec_per_gpu: 8.7500  max_mem_allocated_mb: 143.9000  max_mem_reserved_mb: 11086.0000
04/09 01:15:32 - mmengine - INFO - Epoch(train) [12][4950/5000]  lr: 7.0055e-09  eta: 0:00:24  time: 0.4547  data_time: 0.0060  memory: 10496  grad_norm: 1.6319  loss: 0.6316  loss_heatmap: 0.2164  layer_-1_loss_cls: 0.0466  layer_-1_loss_bbox: 0.3686  matched_ious: 0.5908  sec_per_iter: 0.4572  iters_per_sec: 2.1900  samples_per_sec: 34.9900  samples_per_sec_per_gpu: 8.7500  max_mem_allocated_mb: 143.9000  max_mem_reserved_mb: 11086.0000
04/09 01:15:55 - mmengine - INFO - Exp name: zod_lidar_only_continue_20260408_160451
04/09 01:15:55 - mmengine - INFO - Epoch(train) [12][5000/5000]  lr: 5.0008e-09  eta: 0:00:00  time: 0.4514  data_time: 0.0059  memory: 10415  grad_norm: 1.8364  loss: 0.6244  loss_heatmap: 0.2182  layer_-1_loss_cls: 0.0465  layer_-1_loss_bbox: 0.3597  matched_ious: 0.5557  sec_per_iter: 0.4572  iters_per_sec: 2.1900  samples_per_sec: 35.0000  samples_per_sec_per_gpu: 8.7500  max_mem_allocated_mb: 143.9000  max_mem_reserved_mb: 11086.0000
04/09 01:15:55 - mmengine - INFO - [Efficiency] Epoch 12: wall=2285.7s  iters=5000  sec/iter=0.457  mem_alloc=144MB  mem_rsv=11086MB
04/09 01:15:55 - mmengine - INFO - Saved /home/users/u103958/projects/multimodal-MoE/outputs/runs/zod_lidar_only_continue/zod-lidar-continue_4459870/visualizations/bev_before_backbone_epoch_12.png
04/09 01:15:56 - mmengine - INFO - Saved /home/users/u103958/projects/multimodal-MoE/outputs/runs/zod_lidar_only_continue/zod-lidar-continue_4459870/visualizations/bev_after_fpn_epoch_12.png
04/09 01:15:56 - mmengine - INFO - Saved /home/users/u103958/projects/multimodal-MoE/outputs/runs/zod_lidar_only_continue/zod-lidar-continue_4459870/visualizations/bev_pred_vs_gt_epoch_12.png  (GT=16, pred=13, max_score=0.848)
04/09 01:15:57 - mmengine - INFO - Saved /home/users/u103958/projects/multimodal-MoE/outputs/runs/zod_lidar_only_continue/zod-lidar-continue_4459870/visualizations/bev_val_pred_vs_gt_epoch_12.png  (GT=25, pred=21, max_score=0.849)
04/09 01:15:57 - mmengine - INFO - Saving checkpoint at 12 epochs
04/09 01:16:04 - mmengine - INFO - Epoch(val) [12][  50/1250]    eta: 0:02:37  time: 0.1316  data_time: 0.0026  memory: 2447  
04/09 01:16:13 - mmengine - INFO - Epoch(val) [12][ 100/1250]    eta: 0:02:52  time: 0.1686  data_time: 0.0018  memory: 2447  
04/09 01:16:19 - mmengine - INFO - Epoch(val) [12][ 150/1250]    eta: 0:02:38  time: 0.1324  data_time: 0.0019  memory: 2447  
04/09 01:16:26 - mmengine - INFO - Epoch(val) [12][ 200/1250]    eta: 0:02:27  time: 0.1292  data_time: 0.0019  memory: 2447  
04/09 01:16:32 - mmengine - INFO - Epoch(val) [12][ 250/1250]    eta: 0:02:18  time: 0.1301  data_time: 0.0017  memory: 2447  
04/09 01:16:39 - mmengine - INFO - Epoch(val) [12][ 300/1250]    eta: 0:02:10  time: 0.1341  data_time: 0.0019  memory: 2447  
04/09 01:16:46 - mmengine - INFO - Epoch(val) [12][ 350/1250]    eta: 0:02:03  time: 0.1352  data_time: 0.0018  memory: 2447  
04/09 01:16:52 - mmengine - INFO - Epoch(val) [12][ 400/1250]    eta: 0:01:55  time: 0.1287  data_time: 0.0029  memory: 2447  
04/09 01:16:59 - mmengine - INFO - Epoch(val) [12][ 450/1250]    eta: 0:01:48  time: 0.1331  data_time: 0.0019  memory: 2447  
04/09 01:17:05 - mmengine - INFO - Epoch(val) [12][ 500/1250]    eta: 0:01:41  time: 0.1308  data_time: 0.0018  memory: 2447  
04/09 01:17:12 - mmengine - INFO - Epoch(val) [12][ 550/1250]    eta: 0:01:34  time: 0.1342  data_time: 0.0019  memory: 2447  
04/09 01:17:19 - mmengine - INFO - Epoch(val) [12][ 600/1250]    eta: 0:01:27  time: 0.1344  data_time: 0.0021  memory: 2447  
04/09 01:17:25 - mmengine - INFO - Epoch(val) [12][ 650/1250]    eta: 0:01:20  time: 0.1305  data_time: 0.0018  memory: 2447  
04/09 01:17:32 - mmengine - INFO - Epoch(val) [12][ 700/1250]    eta: 0:01:13  time: 0.1277  data_time: 0.0017  memory: 2447  
04/09 01:17:38 - mmengine - INFO - Epoch(val) [12][ 750/1250]    eta: 0:01:06  time: 0.1292  data_time: 0.0019  memory: 2447  
04/09 01:17:44 - mmengine - INFO - Epoch(val) [12][ 800/1250]    eta: 0:01:00  time: 0.1253  data_time: 0.0017  memory: 2447  
04/09 01:17:51 - mmengine - INFO - Epoch(val) [12][ 850/1250]    eta: 0:00:53  time: 0.1300  data_time: 0.0016  memory: 2447  
04/09 01:17:57 - mmengine - INFO - Epoch(val) [12][ 900/1250]    eta: 0:00:46  time: 0.1286  data_time: 0.0016  memory: 2447  
04/09 01:18:04 - mmengine - INFO - Epoch(val) [12][ 950/1250]    eta: 0:00:39  time: 0.1284  data_time: 0.0017  memory: 2447  
04/09 01:18:10 - mmengine - INFO - Epoch(val) [12][1000/1250]    eta: 0:00:33  time: 0.1270  data_time: 0.0016  memory: 2447  
04/09 01:18:17 - mmengine - INFO - Epoch(val) [12][1050/1250]    eta: 0:00:26  time: 0.1296  data_time: 0.0015  memory: 2446  
04/09 01:18:23 - mmengine - INFO - Epoch(val) [12][1100/1250]    eta: 0:00:19  time: 0.1280  data_time: 0.0016  memory: 2446  
04/09 01:18:30 - mmengine - INFO - Epoch(val) [12][1150/1250]    eta: 0:00:13  time: 0.1334  data_time: 0.0019  memory: 2447  
04/09 01:18:36 - mmengine - INFO - Epoch(val) [12][1200/1250]    eta: 0:00:06  time: 0.1241  data_time: 0.0015  memory: 2447  
04/09 01:18:42 - mmengine - INFO - Epoch(val) [12][1250/1250]    eta: 0:00:00  time: 0.1296  data_time: 0.0016  memory: 2447  
04/09 01:19:58 - mmengine - INFO - 
+------------+---------+---------+---------+---------+
| classes    | AP_0.25 | AR_0.25 | AP_0.50 | AR_0.50 |
+------------+---------+---------+---------+---------+
| pedestrian | 0.7384  | 0.9307  | 0.5314  | 0.7211  |
+------------+---------+---------+---------+---------+
| Overall    | 0.7384  | 0.9307  | 0.5314  | 0.7211  |
+------------+---------+---------+---------+---------+
04/09 01:20:21 - mmengine - INFO - 
+------------+---------+---------+---------+---------+---------+---------+
| classes    | AP_0.5m | AR_0.5m | AP_1.0m | AR_1.0m | AP_2.0m | AR_2.0m |
+------------+---------+---------+---------+---------+---------+---------+
| pedestrian | 0.7526  | 0.9525  | 0.7599  | 0.9592  | 0.7655  | 0.9640  |
+------------+---------+---------+---------+---------+---------+---------+
| Overall    | 0.7526  | 0.9525  | 0.7599  | 0.9592  | 0.7655  | 0.9640  |
+------------+---------+---------+---------+---------+---------+---------+
04/09 01:20:22 - mmengine - INFO - Epoch(val) [12][1250/1250]    pedestrian_AP_0.25: 0.7384  mAP_0.25: 0.7384  pedestrian_rec_0.25: 0.9307  mAR_0.25: 0.9307  pedestrian_AP_0.50: 0.5314  mAP_0.50: 0.5314  pedestrian_rec_0.50: 0.7211  mAR_0.50: 0.7211  pedestrian_AP_0.5m: 0.7526  pedestrian_rec_0.5m: 0.9525  pedestrian_AP_1.0m: 0.7599  pedestrian_rec_1.0m: 0.9592  pedestrian_AP_2.0m: 0.7655  pedestrian_rec_2.0m: 0.9640  mAP_0.5m: 0.7526  mAR_0.5m: 0.9525  mAP_1.0m: 0.7599  mAR_1.0m: 0.9592  mAP_2.0m: 0.7655  mAR_2.0m: 0.9640  data_time: 0.0018  time: 0.1317
04/09 01:20:22 - mmengine - INFO - 
========================================================================
  RUN SUMMARY
========================================================================

  A) Run Configuration
     world_size           : 4
     per_gpu_batch_size   : 4
     global_batch_size    : 16
     total_epochs         : 12

  B) Validation Performance
     best_epoch           : 7
     best/pedestrian_AP_0.25: 0.7555
     best/mAP_0.25          : 0.7555
     best/pedestrian_rec_0.25: 0.9346
     best/mAR_0.25          : 0.9346
     best/pedestrian_AP_0.50: 0.4848
     best/mAP_0.50          : 0.4848
     best/pedestrian_rec_0.50: 0.6728
     best/mAR_0.50          : 0.6728
     best/pedestrian_AP_0.5m: 0.7764
     best/pedestrian_rec_0.5m: 0.9640
     best/pedestrian_AP_1.0m: 0.7847
     best/pedestrian_rec_1.0m: 0.9708
     best/pedestrian_AP_2.0m: 0.7898
     best/pedestrian_rec_2.0m: 0.9753
     best/mAP_0.5m          : 0.7764
     best/mAR_0.5m          : 0.9640
     best/mAP_1.0m          : 0.7847
     best/mAR_1.0m          : 0.9708
     best/mAP_2.0m          : 0.7898
     best/mAR_2.0m          : 0.9753

     final/pedestrian_AP_0.25: 0.7384
     final/mAP_0.25         : 0.7384
     final/pedestrian_rec_0.25: 0.9307
     final/mAR_0.25         : 0.9307
     final/pedestrian_AP_0.50: 0.5314
     final/mAP_0.50         : 0.5314
     final/pedestrian_rec_0.50: 0.7211
     final/mAR_0.50         : 0.7211
     final/pedestrian_AP_0.5m: 0.7526
     final/pedestrian_rec_0.5m: 0.9525
     final/pedestrian_AP_1.0m: 0.7599
     final/pedestrian_rec_1.0m: 0.9592
     final/pedestrian_AP_2.0m: 0.7655
     final/pedestrian_rec_2.0m: 0.9640
     final/mAP_0.5m         : 0.7526
     final/mAR_0.5m         : 0.9525
     final/mAP_1.0m         : 0.7599
     final/mAR_1.0m         : 0.9592
     final/mAP_2.0m         : 0.7655
     final/mAR_2.0m         : 0.9640

  C) Training Efficiency
     total_wall_time      : 33274.3s  (9.24h)
     total_iters          : 60000
     avg_sec_per_iter     : 0.5546
     avg_iters_per_sec    : 1.80
     avg_samples_per_sec  : 28.85
     avg_samples/s/gpu    : 7.21
     peak_mem_allocated_mb: 10781
     peak_mem_reserved_mb : 11086

========================================================================
04/09 01:20:22 - mmengine - INFO - Run summary saved to /home/users/u103958/projects/multimodal-MoE/outputs/runs/zod_lidar_only_continue/zod-lidar-continue_4459870/run_summary.txt
=== Finished. Checkpoints and logs under: /home/users/u103958/projects/multimodal-MoE/outputs/runs/zod_lidar_only_continue/zod-lidar-continue_4459870 ===
