Using PYTHON=/home/users/u103958/miniconda3/envs/multimodal-moe/bin/python
python /home/users/u103958/miniconda3/envs/multimodal-moe/bin/python
torch 2.4.0+cu121
CameraOnlyBEVFusion registered OK
Camera-side modules registered OK
=== Slurm job 4461334 on mel2004 ===
MMDET3D_ROOT=/home/users/u103958/projects/multimodal-MoE/mmdetection3d
CONFIG=configs/zod/zod_camera_only.py
WORK_DIR=/home/users/u103958/projects/multimodal-MoE/outputs/runs/zod_camera_only/zod-cam-only_4461334
CUDA_VISIBLE_DEVICES: 0,1,2,3     
GPU 0: NVIDIA A100-SXM4-40GB (UUID: GPU-19459215-8625-92a6-85fe-c8f061b9b38d)
GPU 1: NVIDIA A100-SXM4-40GB (UUID: GPU-a85f802c-2442-4a84-b158-9d329e25c8fd)
GPU 2: NVIDIA A100-SXM4-40GB (UUID: GPU-22442d03-7eec-c1d9-6955-5d732268ab23)
GPU 3: NVIDIA A100-SXM4-40GB (UUID: GPU-be19ad5c-6829-19a0-8967-92cddf719c9f)
NCCL version 2.20.5+cuda12.4
04/08 20:44:15 - mmengine - INFO - 
------------------------------------------------------------
System environment:
    sys.platform: linux
    Python: 3.10.20 | packaged by conda-forge | (main, Mar  5 2026, 16:42:22) [GCC 14.3.0]
    CUDA available: True
    MUSA available: False
    numpy_random_seed: 822145125
    GPU 0: NVIDIA A100-SXM4-40GB
    CUDA_HOME: None
    GCC: gcc (GCC) 8.5.0 20210514 (Red Hat 8.5.0-28)
    PyTorch: 2.4.0+cu121
    PyTorch compiling details: PyTorch built with:
  - GCC 9.3
  - C++ Version: 201703
  - Intel(R) oneAPI Math Kernel Library Version 2022.2-Product Build 20220804 for Intel(R) 64 architecture applications
  - Intel(R) MKL-DNN v3.4.2 (Git Hash 1137e04ec0b5251ca2b4400a4fd3c667ce843d67)
  - OpenMP 201511 (a.k.a. OpenMP 4.5)
  - LAPACK is enabled (usually provided by MKL)
  - NNPACK is enabled
  - CPU capability usage: AVX2
  - CUDA Runtime 12.1
  - NVCC architecture flags: -gencode;arch=compute_50,code=sm_50;-gencode;arch=compute_60,code=sm_60;-gencode;arch=compute_70,code=sm_70;-gencode;arch=compute_75,code=sm_75;-gencode;arch=compute_80,code=sm_80;-gencode;arch=compute_86,code=sm_86;-gencode;arch=compute_90,code=sm_90
  - CuDNN 90.1  (built against CUDA 12.4)
  - Magma 2.6.1
  - Build settings: BLAS_INFO=mkl, BUILD_TYPE=Release, CUDA_VERSION=12.1, CUDNN_VERSION=9.1.0, CXX_COMPILER=/opt/rh/devtoolset-9/root/usr/bin/c++, CXX_FLAGS= -D_GLIBCXX_USE_CXX11_ABI=0 -fabi-version=11 -fvisibility-inlines-hidden -DUSE_PTHREADPOOL -DNDEBUG -DUSE_KINETO -DLIBKINETO_NOROCTRACER -DUSE_FBGEMM -DUSE_PYTORCH_QNNPACK -DUSE_XNNPACK -DSYMBOLICATE_MOBILE_DEBUG_HANDLE -O2 -fPIC -Wall -Wextra -Werror=return-type -Werror=non-virtual-dtor -Werror=bool-operation -Wnarrowing -Wno-missing-field-initializers -Wno-type-limits -Wno-array-bounds -Wno-unknown-pragmas -Wno-unused-parameter -Wno-unused-function -Wno-unused-result -Wno-strict-overflow -Wno-strict-aliasing -Wno-stringop-overflow -Wsuggest-override -Wno-psabi -Wno-error=pedantic -Wno-error=old-style-cast -Wno-missing-braces -fdiagnostics-color=always -faligned-new -Wno-unused-but-set-variable -Wno-maybe-uninitialized -fno-math-errno -fno-trapping-math -Werror=format -Wno-stringop-overflow, LAPACK_INFO=mkl, PERF_WITH_AVX=1, PERF_WITH_AVX2=1, PERF_WITH_AVX512=1, TORCH_VERSION=2.4.0, USE_CUDA=ON, USE_CUDNN=ON, USE_CUSPARSELT=1, USE_EXCEPTION_PTR=1, USE_GFLAGS=OFF, USE_GLOG=OFF, USE_GLOO=ON, USE_MKL=ON, USE_MKLDNN=ON, USE_MPI=OFF, USE_NCCL=1, USE_NNPACK=ON, USE_OPENMP=ON, USE_ROCM=OFF, USE_ROCM_KERNEL_ASSERT=OFF, 

    TorchVision: 0.19.0+cu121
    OpenCV: 4.9.0
    MMEngine: 0.10.7

Runtime environment:
    cudnn_benchmark: False
    mp_cfg: {'mp_start_method': 'fork', 'opencv_num_threads': 0}
    dist_cfg: {'backend': 'nccl'}
    seed: 822145125
    Distributed launcher: slurm
    Distributed training: True
    GPU number: 4
------------------------------------------------------------

04/08 20:44:15 - mmengine - INFO - Config:
_VIS_EPOCHS = (
    1,
    3,
    5,
    7,
    10,
    12,
)
auto_scale_lr = dict(enable=False)
backend_args = None
class_names = [
    'pedestrian',
]
custom_hooks = [
    dict(
        score_thr=0.15,
        type='BEVPredictionVisualizationHook',
        vis_epochs=(
            1,
            3,
            5,
            7,
            10,
            12,
        )),
    dict(
        score_thr=0.15,
        type='BEVValPredictionVisualizationHook',
        vis_epochs=(
            1,
            3,
            5,
            7,
            10,
            12,
        )),
    dict(
        type='BEVCameraFeatureVisualizationHook',
        vis_epochs=(
            1,
            3,
            5,
            7,
            10,
            12,
        )),
    dict(
        type='DepthTransformDiagnosticHook', vis_epochs=(
            1,
            3,
            5,
            7,
            10,
            12,
        )),
    dict(type='TrainingEfficiencyHook'),
    dict(type='RunSummaryHook'),
    dict(type='DepthProjectionDebugHook', vis_epochs=(
        1,
        3,
        5,
        7,
        10,
        12,
    )),
    dict(
        filename='val_curve_ap_0_50_0_5m',
        metric_keys=(
            'mAP_0.50',
            'mAP_0.5m',
        ),
        type='ValidationCurveHook'),
]
custom_imports = dict(
    allow_failed_imports=False, imports=[
        'projects.BEVFusion.bevfusion',
    ])
data_prefix = dict(CAM_FRONT='', pts='')
data_root = '/mnt/tier2/project/p201222/u103958/zod_moe/zod_nuscenes/'
dataset_type = 'ZODDataset'
default_hooks = dict(
    checkpoint=dict(
        interval=2,
        rule='greater',
        save_best='mAP_0.50',
        type='CheckpointHook'),
    logger=dict(interval=50, type='LoggerHook'),
    param_scheduler=dict(type='ParamSchedulerHook'),
    sampler_seed=dict(type='DistSamplerSeedHook'),
    timer=dict(type='IterTimerHook'),
    visualization=dict(type='Det3DVisualizationHook'))
default_scope = 'mmdet3d'
env_cfg = dict(
    cudnn_benchmark=False,
    dist_cfg=dict(backend='nccl'),
    mp_cfg=dict(mp_start_method='fork', opencv_num_threads=0))
grid_size = [
    1440,
    1440,
    40,
]
input_modality = dict(use_camera=True, use_lidar=True)
launcher = 'slurm'
load_from = '/home/users/u103958/projects/multimodal-MoE/outputs/runs/zod_bevfusion_finetune/bevfusion-finetune_4456392/best_mAP_0.50_epoch_12.pth'
log_level = 'INFO'
log_processor = dict(by_epoch=True, type='LogProcessor', window_size=50)
lr = 5e-05
metainfo = dict(
    box_type_3d='LiDAR', classes=[
        'pedestrian',
    ])
model = dict(
    bbox_head=dict(
        auxiliary=True,
        bbox_coder=dict(
            code_size=8,
            out_size_factor=8,
            pc_range=[
                0.0,
                -54.0,
            ],
            post_center_range=[
                0.0,
                -54.0,
                -10.0,
                108.0,
                54.0,
                10.0,
            ],
            score_threshold=0.0,
            type='TransFusionBBoxCoder',
            voxel_size=[
                0.075,
                0.075,
            ]),
        bn_momentum=0.1,
        common_heads=dict(
            center=[
                2,
                2,
            ], dim=[
                3,
                2,
            ], height=[
                1,
                2,
            ], rot=[
                2,
                2,
            ]),
        decoder_layer=dict(
            cross_attn_cfg=dict(dropout=0.1, embed_dims=128, num_heads=8),
            ffn_cfg=dict(
                act_cfg=dict(inplace=True, type='ReLU'),
                embed_dims=128,
                feedforward_channels=256,
                ffn_drop=0.1,
                num_fcs=2),
            norm_cfg=dict(type='LN'),
            pos_encoding_cfg=dict(input_channel=2, num_pos_feats=128),
            self_attn_cfg=dict(dropout=0.1, embed_dims=128, num_heads=8),
            type='TransformerDecoderLayer'),
        hidden_channel=128,
        in_channels=512,
        loss_bbox=dict(
            loss_weight=0.25, reduction='mean', type='mmdet.L1Loss'),
        loss_cls=dict(
            alpha=0.25,
            gamma=2.0,
            loss_weight=1.0,
            reduction='mean',
            type='mmdet.FocalLoss',
            use_sigmoid=True),
        loss_heatmap=dict(
            loss_weight=1.0, reduction='mean', type='mmdet.GaussianFocalLoss'),
        nms_kernel_size=3,
        num_classes=1,
        num_decoder_layers=1,
        num_proposals=500,
        test_cfg=dict(
            dataset='custom_zod',
            grid_size=[
                1440,
                1440,
                40,
            ],
            nms_type='circle',
            out_size_factor=8,
            pc_range=[
                0.0,
                -54.0,
            ],
            voxel_size=[
                0.075,
                0.075,
            ]),
        train_cfg=dict(
            assigner=dict(
                cls_cost=dict(
                    alpha=0.25,
                    gamma=2.0,
                    type='mmdet.FocalLossCost',
                    weight=0.15),
                iou_calculator=dict(coordinate='lidar', type='BboxOverlaps3D'),
                iou_cost=dict(type='IoU3DCost', weight=0.25),
                reg_cost=dict(type='BBoxBEVL1Cost', weight=0.25),
                type='HungarianAssigner3D'),
            code_weights=[
                1.0,
                1.0,
                1.0,
                1.0,
                1.0,
                1.0,
                1.0,
                1.0,
            ],
            dataset='custom_zod',
            gaussian_overlap=0.1,
            grid_size=[
                1440,
                1440,
                40,
            ],
            min_radius=2,
            out_size_factor=8,
            point_cloud_range=[
                0.0,
                -54.0,
                -5.0,
                108.0,
                54.0,
                3.0,
            ],
            pos_weight=-1,
            voxel_size=[
                0.075,
                0.075,
                0.2,
            ]),
        type='TransFusionHead'),
    data_preprocessor=dict(
        bgr_to_rgb=False,
        mean=[
            123.675,
            116.28,
            103.53,
        ],
        pad_size_divisor=32,
        std=[
            58.395,
            57.12,
            57.375,
        ],
        type='Det3DDataPreprocessor'),
    img_backbone=dict(
        attn_drop_rate=0.0,
        convert_weights=True,
        depths=[
            2,
            2,
            6,
            2,
        ],
        drop_path_rate=0.2,
        drop_rate=0.0,
        embed_dims=96,
        init_cfg=dict(
            checkpoint=
            '/mnt/tier2/project/p201222/u103958/checkpoints/swin_tiny_patch4_window7_224.pth',
            type='Pretrained'),
        mlp_ratio=4,
        num_heads=[
            3,
            6,
            12,
            24,
        ],
        out_indices=[
            1,
            2,
            3,
        ],
        patch_norm=True,
        qk_scale=None,
        qkv_bias=True,
        type='mmdet.SwinTransformer',
        window_size=7,
        with_cp=False),
    img_neck=dict(
        act_cfg=dict(inplace=True, type='ReLU'),
        in_channels=[
            192,
            384,
            768,
        ],
        norm_cfg=dict(requires_grad=True, type='BN2d'),
        num_outs=3,
        out_channels=256,
        start_level=0,
        type='GeneralizedLSSFPN',
        upsample_cfg=dict(align_corners=False, mode='bilinear')),
    pts_backbone=dict(
        conv_cfg=dict(bias=False, type='Conv2d'),
        in_channels=80,
        layer_nums=[
            5,
            5,
        ],
        layer_strides=[
            1,
            2,
        ],
        norm_cfg=dict(eps=0.001, momentum=0.01, type='BN'),
        out_channels=[
            128,
            256,
        ],
        type='SECOND'),
    pts_neck=dict(
        in_channels=[
            128,
            256,
        ],
        norm_cfg=dict(eps=0.001, momentum=0.01, type='BN'),
        out_channels=[
            256,
            256,
        ],
        type='SECONDFPN',
        upsample_cfg=dict(bias=False, type='deconv'),
        upsample_strides=[
            1,
            2,
        ],
        use_conv_for_no_stride=True),
    type='CameraOnlyBEVFusion',
    view_transform=dict(
        aux_depth_loss_weight=0.5,
        dbound=[
            1.0,
            90.0,
            0.5,
        ],
        downsample=2,
        feature_size=[
            88,
            156,
        ],
        image_size=[
            704,
            1248,
        ],
        in_channels=256,
        out_channels=80,
        splat_radius=1,
        type='DepthLSSTransform',
        xbound=[
            0.0,
            108.0,
            0.3,
        ],
        ybound=[
            -54.0,
            54.0,
            0.3,
        ],
        zbound=[
            -10.0,
            10.0,
            20.0,
        ]))
optim_wrapper = dict(
    clip_grad=dict(max_norm=10, norm_type=2),
    loss_scale='dynamic',
    optimizer=dict(lr=5e-05, type='AdamW', weight_decay=0.01),
    type='AmpOptimWrapper')
out_size_factor = 8
param_scheduler = [
    dict(
        begin=0,
        by_epoch=False,
        end=500,
        start_factor=0.33333333,
        type='LinearLR'),
    dict(
        T_max=4,
        begin=0,
        by_epoch=True,
        convert_to_iter_based=True,
        end=4,
        eta_min=0.0005,
        type='CosineAnnealingLR'),
    dict(
        T_max=8,
        begin=4,
        by_epoch=True,
        convert_to_iter_based=True,
        end=12,
        eta_min=5e-09,
        type='CosineAnnealingLR'),
    dict(
        T_max=4,
        begin=0,
        by_epoch=True,
        convert_to_iter_based=True,
        end=4,
        eta_min=0.8947368421052632,
        type='CosineAnnealingMomentum'),
    dict(
        T_max=8,
        begin=4,
        by_epoch=True,
        convert_to_iter_based=True,
        end=12,
        eta_min=1,
        type='CosineAnnealingMomentum'),
]
point_cloud_range = [
    0.0,
    -54.0,
    -5.0,
    108.0,
    54.0,
    3.0,
]
resume = False
test_cfg = dict()
test_dataloader = dict(
    batch_size=2,
    dataset=dict(
        ann_file='infos/zod_nuscenes_infos_test.pkl',
        backend_args=None,
        box_type_3d='LiDAR',
        data_prefix=dict(CAM_FRONT='', pts=''),
        data_root='/mnt/tier2/project/p201222/u103958/zod_moe/zod_nuscenes/',
        metainfo=dict(box_type_3d='LiDAR', classes=[
            'pedestrian',
        ]),
        modality=dict(use_camera=True, use_lidar=True),
        pipeline=[
            dict(
                backend_args=None,
                color_type='color',
                num_views=1,
                to_float32=True,
                type='BEVLoadMultiViewImageFromFiles'),
            dict(
                backend_args=None,
                coord_type='LIDAR',
                load_dim=4,
                type='LoadPointsFromFile',
                use_dim=4),
            dict(
                bot_pct_lim=[
                    0.0,
                    0.0,
                ],
                final_dim=[
                    704,
                    1248,
                ],
                is_train=False,
                rand_flip=False,
                resize_lim=[
                    1.0,
                    1.0,
                ],
                rot_lim=[
                    0.0,
                    0.0,
                ],
                type='ImageAug3D'),
            dict(
                point_cloud_range=[
                    0.0,
                    -54.0,
                    -5.0,
                    108.0,
                    54.0,
                    3.0,
                ],
                type='PointsRangeFilter'),
            dict(
                keys=[
                    'img',
                    'points',
                    'gt_bboxes_3d',
                    'gt_labels_3d',
                ],
                meta_keys=[
                    'cam2img',
                    'ori_cam2img',
                    'lidar2cam',
                    'lidar2img',
                    'cam2lidar',
                    'img_aug_matrix',
                    'box_type_3d',
                    'sample_idx',
                    'lidar_path',
                    'img_path',
                    'num_pts_feats',
                ],
                type='Pack3DDetInputs'),
        ],
        test_mode=True,
        type='ZODDataset',
        use_valid_flag=False,
        with_velocity=False),
    drop_last=False,
    num_workers=4,
    persistent_workers=True,
    sampler=dict(shuffle=False, type='DefaultSampler'))
test_evaluator = [
    dict(iou_thr=[
        0.25,
        0.5,
    ], type='IndoorMetric'),
    dict(dist_thr=[
        0.5,
        1.0,
        2.0,
        4.0,
    ], type='CenterDistanceMetric'),
]
test_pipeline = [
    dict(
        backend_args=None,
        color_type='color',
        num_views=1,
        to_float32=True,
        type='BEVLoadMultiViewImageFromFiles'),
    dict(
        backend_args=None,
        coord_type='LIDAR',
        load_dim=4,
        type='LoadPointsFromFile',
        use_dim=4),
    dict(
        bot_pct_lim=[
            0.0,
            0.0,
        ],
        final_dim=[
            704,
            1248,
        ],
        is_train=False,
        rand_flip=False,
        resize_lim=[
            1.0,
            1.0,
        ],
        rot_lim=[
            0.0,
            0.0,
        ],
        type='ImageAug3D'),
    dict(
        point_cloud_range=[
            0.0,
            -54.0,
            -5.0,
            108.0,
            54.0,
            3.0,
        ],
        type='PointsRangeFilter'),
    dict(
        keys=[
            'img',
            'points',
            'gt_bboxes_3d',
            'gt_labels_3d',
        ],
        meta_keys=[
            'cam2img',
            'ori_cam2img',
            'lidar2cam',
            'lidar2img',
            'cam2lidar',
            'img_aug_matrix',
            'box_type_3d',
            'sample_idx',
            'lidar_path',
            'img_path',
            'num_pts_feats',
        ],
        type='Pack3DDetInputs'),
]
train_cfg = dict(by_epoch=True, max_epochs=12, val_interval=1)
train_dataloader = dict(
    batch_size=4,
    dataset=dict(
        ann_file='infos/zod_nuscenes_infos_train.pkl',
        box_type_3d='LiDAR',
        data_prefix=dict(CAM_FRONT='', pts=''),
        data_root='/mnt/tier2/project/p201222/u103958/zod_moe/zod_nuscenes/',
        metainfo=dict(box_type_3d='LiDAR', classes=[
            'pedestrian',
        ]),
        modality=dict(use_camera=True, use_lidar=True),
        pipeline=[
            dict(
                backend_args=None,
                color_type='color',
                num_views=1,
                to_float32=True,
                type='BEVLoadMultiViewImageFromFiles'),
            dict(
                backend_args=None,
                coord_type='LIDAR',
                load_dim=4,
                type='LoadPointsFromFile',
                use_dim=4),
            dict(
                type='LoadAnnotations3D',
                with_attr_label=False,
                with_bbox_3d=True,
                with_label_3d=True),
            dict(
                bot_pct_lim=[
                    0.0,
                    0.0,
                ],
                final_dim=[
                    704,
                    1248,
                ],
                is_train=True,
                rand_flip=False,
                resize_lim=[
                    1.0,
                    1.0,
                ],
                rot_lim=[
                    0.0,
                    0.0,
                ],
                type='ImageAug3D'),
            dict(
                rot_range=[
                    0,
                    0,
                ],
                scale_ratio_range=[
                    0.9,
                    1.1,
                ],
                translation_std=0.5,
                type='BEVFusionGlobalRotScaleTrans'),
            dict(
                point_cloud_range=[
                    0.0,
                    -54.0,
                    -5.0,
                    108.0,
                    54.0,
                    3.0,
                ],
                type='PointsRangeFilter'),
            dict(
                point_cloud_range=[
                    0.0,
                    -54.0,
                    -5.0,
                    108.0,
                    54.0,
                    3.0,
                ],
                type='ObjectRangeFilter'),
            dict(classes=[
                'pedestrian',
            ], type='ObjectNameFilter'),
            dict(
                fixed_prob=True,
                max_epoch=10,
                mode=1,
                offset=False,
                prob=0.0,
                ratio=0.5,
                rotate=1,
                type='GridMask',
                use_h=True,
                use_w=True),
            dict(type='PointShuffle'),
            dict(
                keys=[
                    'points',
                    'img',
                    'gt_bboxes_3d',
                    'gt_labels_3d',
                ],
                meta_keys=[
                    'cam2img',
                    'ori_cam2img',
                    'lidar2cam',
                    'lidar2img',
                    'cam2lidar',
                    'img_aug_matrix',
                    'box_type_3d',
                    'sample_idx',
                    'lidar_path',
                    'img_path',
                    'transformation_3d_flow',
                    'pcd_rotation',
                    'pcd_scale_factor',
                    'pcd_trans',
                    'lidar_aug_matrix',
                    'num_pts_feats',
                ],
                type='Pack3DDetInputs'),
        ],
        test_mode=False,
        type='ZODDataset',
        use_valid_flag=False,
        with_velocity=False),
    num_workers=4,
    persistent_workers=True,
    sampler=dict(shuffle=True, type='DefaultSampler'))
train_pipeline = [
    dict(
        backend_args=None,
        color_type='color',
        num_views=1,
        to_float32=True,
        type='BEVLoadMultiViewImageFromFiles'),
    dict(
        backend_args=None,
        coord_type='LIDAR',
        load_dim=4,
        type='LoadPointsFromFile',
        use_dim=4),
    dict(
        type='LoadAnnotations3D',
        with_attr_label=False,
        with_bbox_3d=True,
        with_label_3d=True),
    dict(
        bot_pct_lim=[
            0.0,
            0.0,
        ],
        final_dim=[
            704,
            1248,
        ],
        is_train=True,
        rand_flip=False,
        resize_lim=[
            1.0,
            1.0,
        ],
        rot_lim=[
            0.0,
            0.0,
        ],
        type='ImageAug3D'),
    dict(
        rot_range=[
            0,
            0,
        ],
        scale_ratio_range=[
            0.9,
            1.1,
        ],
        translation_std=0.5,
        type='BEVFusionGlobalRotScaleTrans'),
    dict(
        point_cloud_range=[
            0.0,
            -54.0,
            -5.0,
            108.0,
            54.0,
            3.0,
        ],
        type='PointsRangeFilter'),
    dict(
        point_cloud_range=[
            0.0,
            -54.0,
            -5.0,
            108.0,
            54.0,
            3.0,
        ],
        type='ObjectRangeFilter'),
    dict(classes=[
        'pedestrian',
    ], type='ObjectNameFilter'),
    dict(
        fixed_prob=True,
        max_epoch=10,
        mode=1,
        offset=False,
        prob=0.0,
        ratio=0.5,
        rotate=1,
        type='GridMask',
        use_h=True,
        use_w=True),
    dict(type='PointShuffle'),
    dict(
        keys=[
            'points',
            'img',
            'gt_bboxes_3d',
            'gt_labels_3d',
        ],
        meta_keys=[
            'cam2img',
            'ori_cam2img',
            'lidar2cam',
            'lidar2img',
            'cam2lidar',
            'img_aug_matrix',
            'box_type_3d',
            'sample_idx',
            'lidar_path',
            'img_path',
            'transformation_3d_flow',
            'pcd_rotation',
            'pcd_scale_factor',
            'pcd_trans',
            'lidar_aug_matrix',
            'num_pts_feats',
        ],
        type='Pack3DDetInputs'),
]
val_cfg = dict()
val_dataloader = dict(
    batch_size=2,
    dataset=dict(
        ann_file='infos/zod_nuscenes_infos_val.pkl',
        backend_args=None,
        box_type_3d='LiDAR',
        data_prefix=dict(CAM_FRONT='', pts=''),
        data_root='/mnt/tier2/project/p201222/u103958/zod_moe/zod_nuscenes/',
        metainfo=dict(box_type_3d='LiDAR', classes=[
            'pedestrian',
        ]),
        modality=dict(use_camera=True, use_lidar=True),
        pipeline=[
            dict(
                backend_args=None,
                color_type='color',
                num_views=1,
                to_float32=True,
                type='BEVLoadMultiViewImageFromFiles'),
            dict(
                backend_args=None,
                coord_type='LIDAR',
                load_dim=4,
                type='LoadPointsFromFile',
                use_dim=4),
            dict(
                bot_pct_lim=[
                    0.0,
                    0.0,
                ],
                final_dim=[
                    704,
                    1248,
                ],
                is_train=False,
                rand_flip=False,
                resize_lim=[
                    1.0,
                    1.0,
                ],
                rot_lim=[
                    0.0,
                    0.0,
                ],
                type='ImageAug3D'),
            dict(
                point_cloud_range=[
                    0.0,
                    -54.0,
                    -5.0,
                    108.0,
                    54.0,
                    3.0,
                ],
                type='PointsRangeFilter'),
            dict(
                keys=[
                    'img',
                    'points',
                    'gt_bboxes_3d',
                    'gt_labels_3d',
                ],
                meta_keys=[
                    'cam2img',
                    'ori_cam2img',
                    'lidar2cam',
                    'lidar2img',
                    'cam2lidar',
                    'img_aug_matrix',
                    'box_type_3d',
                    'sample_idx',
                    'lidar_path',
                    'img_path',
                    'num_pts_feats',
                ],
                type='Pack3DDetInputs'),
        ],
        test_mode=True,
        type='ZODDataset',
        use_valid_flag=False,
        with_velocity=False),
    drop_last=False,
    num_workers=4,
    persistent_workers=True,
    sampler=dict(shuffle=False, type='DefaultSampler'))
val_evaluator = [
    dict(iou_thr=[
        0.25,
        0.5,
    ], type='IndoorMetric'),
    dict(dist_thr=[
        0.5,
        1.0,
        2.0,
        4.0,
    ], type='CenterDistanceMetric'),
]
vis_backends = [
    dict(type='LocalVisBackend'),
]
visualizer = dict(
    name='visualizer',
    type='Det3DLocalVisualizer',
    vis_backends=[
        dict(type='LocalVisBackend'),
    ])
voxel_size = [
    0.075,
    0.075,
    0.2,
]
work_dir = '/home/users/u103958/projects/multimodal-MoE/outputs/runs/zod_camera_only/zod-cam-only_4461334'

04/08 20:44:45 - mmengine - INFO - Loads checkpoint by local backend from path: /mnt/tier2/project/p201222/u103958/checkpoints/swin_tiny_patch4_window7_224.pth
04/08 20:44:46 - mmengine - INFO - Hooks will be executed in the following order:
before_run:
(VERY_HIGH   ) RuntimeInfoHook                    
(BELOW_NORMAL) LoggerHook                         
(LOW         ) ValidationCurveHook                
 -------------------- 
before_train:
(VERY_HIGH   ) RuntimeInfoHook                    
(NORMAL      ) IterTimerHook                      
(BELOW_NORMAL) TrainingEfficiencyHook             
(VERY_LOW    ) CheckpointHook                     
(VERY_LOW    ) RunSummaryHook                     
 -------------------- 
before_train_epoch:
(VERY_HIGH   ) RuntimeInfoHook                    
(NORMAL      ) IterTimerHook                      
(NORMAL      ) DistSamplerSeedHook                
(BELOW_NORMAL) TrainingEfficiencyHook             
 -------------------- 
before_train_iter:
(VERY_HIGH   ) RuntimeInfoHook                    
(NORMAL      ) IterTimerHook                      
 -------------------- 
after_train_iter:
(VERY_HIGH   ) RuntimeInfoHook                    
(NORMAL      ) IterTimerHook                      
(BELOW_NORMAL) LoggerHook                         
(BELOW_NORMAL) TrainingEfficiencyHook             
(LOW         ) ParamSchedulerHook                 
(VERY_LOW    ) CheckpointHook                     
(VERY_LOW    ) RunSummaryHook                     
 -------------------- 
after_train_epoch:
(NORMAL      ) IterTimerHook                      
(BELOW_NORMAL) TrainingEfficiencyHook             
(LOW         ) ParamSchedulerHook                 
(LOW         ) BEVPredictionVisualizationHook     
(LOW         ) BEVValPredictionVisualizationHook  
(LOW         ) BEVCameraFeatureVisualizationHook  
(LOW         ) DepthTransformDiagnosticHook       
(LOW         ) DepthProjectionDebugHook           
(VERY_LOW    ) CheckpointHook                     
 -------------------- 
before_val:
(VERY_HIGH   ) RuntimeInfoHook                    
 -------------------- 
before_val_epoch:
(NORMAL      ) IterTimerHook                      
 -------------------- 
before_val_iter:
(NORMAL      ) IterTimerHook                      
 -------------------- 
after_val_iter:
(NORMAL      ) IterTimerHook                      
(NORMAL      ) Det3DVisualizationHook             
(BELOW_NORMAL) LoggerHook                         
 -------------------- 
after_val_epoch:
(VERY_HIGH   ) RuntimeInfoHook                    
(NORMAL      ) IterTimerHook                      
(BELOW_NORMAL) LoggerHook                         
(LOW         ) ParamSchedulerHook                 
(LOW         ) ValidationCurveHook                
(VERY_LOW    ) CheckpointHook                     
(VERY_LOW    ) RunSummaryHook                     
 -------------------- 
after_val:
(VERY_HIGH   ) RuntimeInfoHook                    
 -------------------- 
after_train:
(VERY_HIGH   ) RuntimeInfoHook                    
(VERY_LOW    ) CheckpointHook                     
(VERY_LOW    ) RunSummaryHook                     
 -------------------- 
before_test:
(VERY_HIGH   ) RuntimeInfoHook                    
 -------------------- 
before_test_epoch:
(NORMAL      ) IterTimerHook                      
 -------------------- 
before_test_iter:
(NORMAL      ) IterTimerHook                      
 -------------------- 
after_test_iter:
(NORMAL      ) IterTimerHook                      
(NORMAL      ) Det3DVisualizationHook             
(BELOW_NORMAL) LoggerHook                         
 -------------------- 
after_test_epoch:
(VERY_HIGH   ) RuntimeInfoHook                    
(NORMAL      ) IterTimerHook                      
(BELOW_NORMAL) LoggerHook                         
 -------------------- 
after_test:
(VERY_HIGH   ) RuntimeInfoHook                    
 -------------------- 
after_run:
(BELOW_NORMAL) LoggerHook                         
 -------------------- 
04/08 20:44:46 - mmengine - WARNING - LiDAR is not a meta file, simply parsed as meta information
04/08 20:45:00 - mmengine - INFO - ------------------------------
04/08 20:45:00 - mmengine - INFO - The length of training dataset: 79999
04/08 20:45:00 - mmengine - INFO - The number of instances per category in the dataset:
+------------+--------+
| category   | number |
+------------+--------+
| pedestrian | 182784 |
+------------+--------+
04/08 20:45:02 - mmengine - INFO - ------------------------------
04/08 20:45:02 - mmengine - INFO - The length of test dataset: 10000
04/08 20:45:02 - mmengine - INFO - The number of instances per category in the dataset:
+------------+--------+
| category   | number |
+------------+--------+
| pedestrian | 23478  |
+------------+--------+
04/08 20:45:02 - mmengine - WARNING - The prefix is not set in metric class IndoorMetric.
04/08 20:45:02 - mmengine - WARNING - The prefix is not set in metric class CenterDistanceMetric.
04/08 20:45:03 - mmengine - INFO - Loads checkpoint by local backend from path: /mnt/tier2/project/p201222/u103958/checkpoints/swin_tiny_patch4_window7_224.pth
Loads checkpoint by local backend from path: /home/users/u103958/projects/multimodal-MoE/outputs/runs/zod_bevfusion_finetune/bevfusion-finetune_4456392/best_mAP_0.50_epoch_12.pth
Loads checkpoint by local backend from path: /home/users/u103958/projects/multimodal-MoE/outputs/runs/zod_bevfusion_finetune/bevfusion-finetune_4456392/best_mAP_0.50_epoch_12.pth
Loads checkpoint by local backend from path: /home/users/u103958/projects/multimodal-MoE/outputs/runs/zod_bevfusion_finetune/bevfusion-finetune_4456392/best_mAP_0.50_epoch_12.pth
Loads checkpoint by local backend from path: /home/users/u103958/projects/multimodal-MoE/outputs/runs/zod_bevfusion_finetune/bevfusion-finetune_4456392/best_mAP_0.50_epoch_12.pth
The model and loaded state dict do not match exactly

size mismatch for pts_backbone.blocks.0.0.weight: copying a param with shape torch.Size([128, 256, 3, 3]) from checkpoint, the shape in current model is torch.Size([128, 80, 3, 3]).
unexpected key in source state_dict: pts_middle_encoder.conv_input.0.weight, pts_middle_encoder.conv_input.1.weight, pts_middle_encoder.conv_input.1.bias, pts_middle_encoder.conv_input.1.running_mean, pts_middle_encoder.conv_input.1.running_var, pts_middle_encoder.conv_input.1.num_batches_tracked, pts_middle_encoder.encoder_layers.encoder_layer1.0.conv1.weight, pts_middle_encoder.encoder_layers.encoder_layer1.0.bn1.weight, pts_middle_encoder.encoder_layers.encoder_layer1.0.bn1.bias, pts_middle_encoder.encoder_layers.encoder_layer1.0.bn1.running_mean, pts_middle_encoder.encoder_layers.encoder_layer1.0.bn1.running_var, pts_middle_encoder.encoder_layers.encoder_layer1.0.bn1.num_batches_tracked, pts_middle_encoder.encoder_layers.encoder_layer1.0.conv2.weight, pts_middle_encoder.encoder_layers.encoder_layer1.0.bn2.weight, pts_middle_encoder.encoder_layers.encoder_layer1.0.bn2.bias, pts_middle_encoder.encoder_layers.encoder_layer1.0.bn2.running_mean, pts_middle_encoder.encoder_layers.encoder_layer1.0.bn2.running_var, pts_middle_encoder.encoder_layers.encoder_layer1.0.bn2.num_batches_tracked, pts_middle_encoder.encoder_layers.encoder_layer1.1.conv1.weight, pts_middle_encoder.encoder_layers.encoder_layer1.1.bn1.weight, pts_middle_encoder.encoder_layers.encoder_layer1.1.bn1.bias, pts_middle_encoder.encoder_layers.encoder_layer1.1.bn1.running_mean, pts_middle_encoder.encoder_layers.encoder_layer1.1.bn1.running_var, pts_middle_encoder.encoder_layers.encoder_layer1.1.bn1.num_batches_tracked, pts_middle_encoder.encoder_layers.encoder_layer1.1.conv2.weight, pts_middle_encoder.encoder_layers.encoder_layer1.1.bn2.weight, pts_middle_encoder.encoder_layers.encoder_layer1.1.bn2.bias, pts_middle_encoder.encoder_layers.encoder_layer1.1.bn2.running_mean, pts_middle_encoder.encoder_layers.encoder_layer1.1.bn2.running_var, pts_middle_encoder.encoder_layers.encoder_layer1.1.bn2.num_batches_tracked, pts_middle_encoder.encoder_layers.encoder_layer1.2.0.weight, pts_middle_encoder.encoder_layers.encoder_layer1.2.1.weight, pts_middle_encoder.encoder_layers.encoder_layer1.2.1.bias, pts_middle_encoder.encoder_layers.encoder_layer1.2.1.running_mean, pts_middle_encoder.encoder_layers.encoder_layer1.2.1.running_var, pts_middle_encoder.encoder_layers.encoder_layer1.2.1.num_batches_tracked, pts_middle_encoder.encoder_layers.encoder_layer2.0.conv1.weight, pts_middle_encoder.encoder_layers.encoder_layer2.0.bn1.weight, pts_middle_encoder.encoder_layers.encoder_layer2.0.bn1.bias, pts_middle_encoder.encoder_layers.encoder_layer2.0.bn1.running_mean, pts_middle_encoder.encoder_layers.encoder_layer2.0.bn1.running_var, pts_middle_encoder.encoder_layers.encoder_layer2.0.bn1.num_batches_tracked, pts_middle_encoder.encoder_layers.encoder_layer2.0.conv2.weight, pts_middle_encoder.encoder_layers.encoder_layer2.0.bn2.weight, pts_middle_encoder.encoder_layers.encoder_layer2.0.bn2.bias, pts_middle_encoder.encoder_layers.encoder_layer2.0.bn2.running_mean, pts_middle_encoder.encoder_layers.encoder_layer2.0.bn2.running_var, pts_middle_encoder.encoder_layers.encoder_layer2.0.bn2.num_batches_tracked, pts_middle_encoder.encoder_layers.encoder_layer2.1.conv1.weight, pts_middle_encoder.encoder_layers.encoder_layer2.1.bn1.weight, pts_middle_encoder.encoder_layers.encoder_layer2.1.bn1.bias, pts_middle_encoder.encoder_layers.encoder_layer2.1.bn1.running_mean, pts_middle_encoder.encoder_layers.encoder_layer2.1.bn1.running_var, pts_middle_encoder.encoder_layers.encoder_layer2.1.bn1.num_batches_tracked, pts_middle_encoder.encoder_layers.encoder_layer2.1.conv2.weight, pts_middle_encoder.encoder_layers.encoder_layer2.1.bn2.weight, pts_middle_encoder.encoder_layers.encoder_layer2.1.bn2.bias, pts_middle_encoder.encoder_layers.encoder_layer2.1.bn2.running_mean, pts_middle_encoder.encoder_layers.encoder_layer2.1.bn2.running_var, pts_middle_encoder.encoder_layers.encoder_layer2.1.bn2.num_batches_tracked, pts_middle_encoder.encoder_layers.encoder_layer2.2.0.weight, pts_middle_encoder.encoder_layers.encoder_layer2.2.1.weight, pts_middle_encoder.encoder_layers.encoder_layer2.2.1.bias, pts_middle_encoder.encoder_layers.encoder_layer2.2.1.running_mean, pts_middle_encoder.encoder_layers.encoder_layer2.2.1.running_var, pts_middle_encoder.encoder_layers.encoder_layer2.2.1.num_batches_tracked, pts_middle_encoder.encoder_layers.encoder_layer3.0.conv1.weight, pts_middle_encoder.encoder_layers.encoder_layer3.0.bn1.weight, pts_middle_encoder.encoder_layers.encoder_layer3.0.bn1.bias, pts_middle_encoder.encoder_layers.encoder_layer3.0.bn1.running_mean, pts_middle_encoder.encoder_layers.encoder_layer3.0.bn1.running_var, pts_middle_encoder.encoder_layers.encoder_layer3.0.bn1.num_batches_tracked, pts_middle_encoder.encoder_layers.encoder_layer3.0.conv2.weight, pts_middle_encoder.encoder_layers.encoder_layer3.0.bn2.weight, pts_middle_encoder.encoder_layers.encoder_layer3.0.bn2.bias, pts_middle_encoder.encoder_layers.encoder_layer3.0.bn2.running_mean, pts_middle_encoder.encoder_layers.encoder_layer3.0.bn2.running_var, pts_middle_encoder.encoder_layers.encoder_layer3.0.bn2.num_batches_tracked, pts_middle_encoder.encoder_layers.encoder_layer3.1.conv1.weight, pts_middle_encoder.encoder_layers.encoder_layer3.1.bn1.weight, pts_middle_encoder.encoder_layers.encoder_layer3.1.bn1.bias, pts_middle_encoder.encoder_layers.encoder_layer3.1.bn1.running_mean, pts_middle_encoder.encoder_layers.encoder_layer3.1.bn1.running_var, pts_middle_encoder.encoder_layers.encoder_layer3.1.bn1.num_batches_tracked, pts_middle_encoder.encoder_layers.encoder_layer3.1.conv2.weight, pts_middle_encoder.encoder_layers.encoder_layer3.1.bn2.weight, pts_middle_encoder.encoder_layers.encoder_layer3.1.bn2.bias, pts_middle_encoder.encoder_layers.encoder_layer3.1.bn2.running_mean, pts_middle_encoder.encoder_layers.encoder_layer3.1.bn2.running_var, pts_middle_encoder.encoder_layers.encoder_layer3.1.bn2.num_batches_tracked, pts_middle_encoder.encoder_layers.encoder_layer3.2.0.weight, pts_middle_encoder.encoder_layers.encoder_layer3.2.1.weight, pts_middle_encoder.encoder_layers.encoder_layer3.2.1.bias, pts_middle_encoder.encoder_layers.encoder_layer3.2.1.running_mean, pts_middle_encoder.encoder_layers.encoder_layer3.2.1.running_var, pts_middle_encoder.encoder_layers.encoder_layer3.2.1.num_batches_tracked, pts_middle_encoder.encoder_layers.encoder_layer4.0.conv1.weight, pts_middle_encoder.encoder_layers.encoder_layer4.0.bn1.weight, pts_middle_encoder.encoder_layers.encoder_layer4.0.bn1.bias, pts_middle_encoder.encoder_layers.encoder_layer4.0.bn1.running_mean, pts_middle_encoder.encoder_layers.encoder_layer4.0.bn1.running_var, pts_middle_encoder.encoder_layers.encoder_layer4.0.bn1.num_batches_tracked, pts_middle_encoder.encoder_layers.encoder_layer4.0.conv2.weight, pts_middle_encoder.encoder_layers.encoder_layer4.0.bn2.weight, pts_middle_encoder.encoder_layers.encoder_layer4.0.bn2.bias, pts_middle_encoder.encoder_layers.encoder_layer4.0.bn2.running_mean, pts_middle_encoder.encoder_layers.encoder_layer4.0.bn2.running_var, pts_middle_encoder.encoder_layers.encoder_layer4.0.bn2.num_batches_tracked, pts_middle_encoder.encoder_layers.encoder_layer4.1.conv1.weight, pts_middle_encoder.encoder_layers.encoder_layer4.1.bn1.weight, pts_middle_encoder.encoder_layers.encoder_layer4.1.bn1.bias, pts_middle_encoder.encoder_layers.encoder_layer4.1.bn1.running_mean, pts_middle_encoder.encoder_layers.encoder_layer4.1.bn1.running_var, pts_middle_encoder.encoder_layers.encoder_layer4.1.bn1.num_batches_tracked, pts_middle_encoder.encoder_layers.encoder_layer4.1.conv2.weight, pts_middle_encoder.encoder_layers.encoder_layer4.1.bn2.weight, pts_middle_encoder.encoder_layers.encoder_layer4.1.bn2.bias, pts_middle_encoder.encoder_layers.encoder_layer4.1.bn2.running_mean, pts_middle_encoder.encoder_layers.encoder_layer4.1.bn2.running_var, pts_middle_encoder.encoder_layers.encoder_layer4.1.bn2.num_batches_tracked, pts_middle_encoder.conv_out.0.weight, pts_middle_encoder.conv_out.1.weight, pts_middle_encoder.conv_out.1.bias, pts_middle_encoder.conv_out.1.running_mean, pts_middle_encoder.conv_out.1.running_var, pts_middle_encoder.conv_out.1.num_batches_tracked, fusion_layer.0.weight, fusion_layer.1.weight, fusion_layer.1.bias, fusion_layer.1.running_mean, fusion_layer.1.running_var, fusion_layer.1.num_batches_tracked

04/08 20:45:05 - mmengine - INFO - Load checkpoint from /home/users/u103958/projects/multimodal-MoE/outputs/runs/zod_bevfusion_finetune/bevfusion-finetune_4456392/best_mAP_0.50_epoch_12.pth
04/08 20:45:05 - mmengine - WARNING - "FileClient" will be deprecated in future. Please use io functions in https://mmengine.readthedocs.io/en/latest/api/fileio.html#file-io
04/08 20:45:05 - mmengine - WARNING - "HardDiskBackend" is the alias of "LocalBackend" and the former will be deprecated in future.
04/08 20:45:05 - mmengine - INFO - Checkpoints will be saved to /home/users/u103958/projects/multimodal-MoE/outputs/runs/zod_camera_only/zod-cam-only_4461334.
04/08 20:45:57 - mmengine - INFO - Epoch(train)  [1][  50/5000]  lr: 1.9947e-05  eta: 17:22:38  time: 1.0435  data_time: 0.0866  memory: 15695  grad_norm: nan  loss: 14.7520  loss_heatmap: 5.7848  layer_-1_loss_cls: 0.3999  layer_-1_loss_bbox: 8.1753  matched_ious: 0.0326  aux_depth_loss: 0.3921
04/08 20:46:24 - mmengine - INFO - Epoch(train)  [1][ 100/5000]  lr: 2.3312e-05  eta: 13:04:07  time: 0.5274  data_time: 0.0128  memory: 15695  grad_norm: 74.8033  loss: 9.1242  loss_heatmap: 3.4453  layer_-1_loss_cls: 0.3705  layer_-1_loss_bbox: 4.8805  matched_ious: 0.0439  aux_depth_loss: 0.4279  sec_per_iter: 1.0442  iters_per_sec: 0.9600  samples_per_sec: 15.3200  samples_per_sec_per_gpu: 3.8300  max_mem_allocated_mb: 607.2000  max_mem_reserved_mb: 21978.0000
04/08 20:46:46 - mmengine - INFO - Epoch(train)  [1][ 150/5000]  lr: 2.6695e-05  eta: 11:14:26  time: 0.4575  data_time: 0.0104  memory: 15695  grad_norm: 62.7928  loss: 7.7075  loss_heatmap: 2.8810  layer_-1_loss_cls: 0.3499  layer_-1_loss_bbox: 4.0665  matched_ious: 0.0627  aux_depth_loss: 0.4101  sec_per_iter: 0.7858  iters_per_sec: 1.2700  samples_per_sec: 20.3600  samples_per_sec_per_gpu: 5.0900  max_mem_allocated_mb: 607.2000  max_mem_reserved_mb: 21978.0000
04/08 20:47:11 - mmengine - INFO - Epoch(train)  [1][ 200/5000]  lr: 3.0098e-05  eta: 10:25:46  time: 0.4831  data_time: 0.0123  memory: 15695  grad_norm: 43.0319  loss: 7.3225  loss_heatmap: 2.7244  layer_-1_loss_cls: 0.3355  layer_-1_loss_bbox: 3.8554  matched_ious: 0.0284  aux_depth_loss: 0.4072  sec_per_iter: 0.6766  iters_per_sec: 1.4800  samples_per_sec: 23.6500  samples_per_sec_per_gpu: 5.9100  max_mem_allocated_mb: 607.2000  max_mem_reserved_mb: 21978.0000
04/08 20:47:34 - mmengine - INFO - Epoch(train)  [1][ 250/5000]  lr: 3.3522e-05  eta: 9:55:09  time: 0.4767  data_time: 0.0123  memory: 15694  grad_norm: 42.3778  loss: 7.0098  loss_heatmap: 2.5859  layer_-1_loss_cls: 0.3348  layer_-1_loss_bbox: 3.6816  matched_ious: 0.0727  aux_depth_loss: 0.4076  sec_per_iter: 0.6281  iters_per_sec: 1.5900  samples_per_sec: 25.4700  samples_per_sec_per_gpu: 6.3700  max_mem_allocated_mb: 607.2000  max_mem_reserved_mb: 21978.0000
04/08 20:48:00 - mmengine - INFO - Epoch(train)  [1][ 300/5000]  lr: 3.6966e-05  eta: 9:39:18  time: 0.5051  data_time: 0.0122  memory: 15697  grad_norm: 42.9127  loss: 6.7309  loss_heatmap: 2.4821  layer_-1_loss_cls: 0.3317  layer_-1_loss_bbox: 3.5007  matched_ious: 0.0693  aux_depth_loss: 0.4164  sec_per_iter: 0.5978  iters_per_sec: 1.6700  samples_per_sec: 26.7700  samples_per_sec_per_gpu: 6.6900  max_mem_allocated_mb: 607.2000  max_mem_reserved_mb: 21978.0000
04/08 20:48:24 - mmengine - INFO - Epoch(train)  [1][ 350/5000]  lr: 4.0432e-05  eta: 9:25:14  time: 0.4865  data_time: 0.0116  memory: 15695  grad_norm: 67.8090  loss: 6.6668  loss_heatmap: 2.4935  layer_-1_loss_cls: 0.3400  layer_-1_loss_bbox: 3.4086  matched_ious: 0.0811  aux_depth_loss: 0.4247  sec_per_iter: 0.5823  iters_per_sec: 1.7200  samples_per_sec: 27.4800  samples_per_sec_per_gpu: 6.8700  max_mem_allocated_mb: 607.2000  max_mem_reserved_mb: 21978.0000
04/08 20:48:48 - mmengine - INFO - Epoch(train)  [1][ 400/5000]  lr: 4.3919e-05  eta: 9:13:40  time: 0.4793  data_time: 0.0147  memory: 15695  grad_norm: 62.9519  loss: 6.4376  loss_heatmap: 2.4191  layer_-1_loss_cls: 0.3277  layer_-1_loss_bbox: 3.2660  matched_ious: 0.0362  aux_depth_loss: 0.4248  sec_per_iter: 0.5687  iters_per_sec: 1.7600  samples_per_sec: 28.1400  samples_per_sec_per_gpu: 7.0300  max_mem_allocated_mb: 607.2000  max_mem_reserved_mb: 21978.0000
04/08 20:49:11 - mmengine - INFO - Epoch(train)  [1][ 450/5000]  lr: 4.7429e-05  eta: 9:03:12  time: 0.4667  data_time: 0.0130  memory: 15696  grad_norm: 47.4941  loss: 6.2967  loss_heatmap: 2.3660  layer_-1_loss_cls: 0.3334  layer_-1_loss_bbox: 3.1711  matched_ious: 0.1279  aux_depth_loss: 0.4263  sec_per_iter: 0.5575  iters_per_sec: 1.7900  samples_per_sec: 28.7000  samples_per_sec_per_gpu: 7.1700  max_mem_allocated_mb: 607.2000  max_mem_reserved_mb: 21978.0000
04/08 20:49:35 - mmengine - INFO - Epoch(train)  [1][ 500/5000]  lr: 5.0960e-05  eta: 8:54:46  time: 0.4669  data_time: 0.0111  memory: 15695  grad_norm: 48.7596  loss: 6.1745  loss_heatmap: 2.3542  layer_-1_loss_cls: 0.3252  layer_-1_loss_bbox: 3.0673  matched_ious: 0.0615  aux_depth_loss: 0.4278  sec_per_iter: 0.5474  iters_per_sec: 1.8300  samples_per_sec: 29.2300  samples_per_sec_per_gpu: 7.3100  max_mem_allocated_mb: 607.2000  max_mem_reserved_mb: 21978.0000
04/08 20:49:59 - mmengine - INFO - Epoch(train)  [1][ 550/5000]  lr: 5.1105e-05  eta: 8:50:23  time: 0.4955  data_time: 0.0113  memory: 15697  grad_norm: 53.5627  loss: 6.4390  loss_heatmap: 2.3860  layer_-1_loss_cls: 0.3220  layer_-1_loss_bbox: 3.2819  matched_ious: 0.1396  aux_depth_loss: 0.4491  sec_per_iter: 0.5394  iters_per_sec: 1.8500  samples_per_sec: 29.6600  samples_per_sec_per_gpu: 7.4200  max_mem_allocated_mb: 607.2000  max_mem_reserved_mb: 21978.0000
04/08 20:50:24 - mmengine - INFO - Epoch(train)  [1][ 600/5000]  lr: 5.1264e-05  eta: 8:45:26  time: 0.4808  data_time: 0.0119  memory: 15694  grad_norm: 51.1617  loss: 6.1370  loss_heatmap: 2.3326  layer_-1_loss_cls: 0.3267  layer_-1_loss_bbox: 3.0458  matched_ious: 0.0662  aux_depth_loss: 0.4319  sec_per_iter: 0.5354  iters_per_sec: 1.8700  samples_per_sec: 29.8900  samples_per_sec_per_gpu: 7.4700  max_mem_allocated_mb: 607.2000  max_mem_reserved_mb: 21978.0000
04/08 20:50:47 - mmengine - INFO - Epoch(train)  [1][ 650/5000]  lr: 5.1437e-05  eta: 8:40:54  time: 0.4770  data_time: 0.0116  memory: 15694  grad_norm: 51.3393  loss: 6.1303  loss_heatmap: 2.3222  layer_-1_loss_cls: 0.3246  layer_-1_loss_bbox: 3.0430  matched_ious: 0.0888  aux_depth_loss: 0.4405  sec_per_iter: 0.5308  iters_per_sec: 1.8800  samples_per_sec: 30.1400  samples_per_sec_per_gpu: 7.5400  max_mem_allocated_mb: 607.2000  max_mem_reserved_mb: 21978.0000
04/08 20:51:11 - mmengine - INFO - Epoch(train)  [1][ 700/5000]  lr: 5.1624e-05  eta: 8:36:03  time: 0.4641  data_time: 0.0123  memory: 15694  grad_norm: 45.9886  loss: 6.2005  loss_heatmap: 2.3407  layer_-1_loss_cls: 0.3192  layer_-1_loss_bbox: 3.1051  matched_ious: 0.0384  aux_depth_loss: 0.4355  sec_per_iter: 0.5267  iters_per_sec: 1.9000  samples_per_sec: 30.3800  samples_per_sec_per_gpu: 7.5900  max_mem_allocated_mb: 607.2000  max_mem_reserved_mb: 21978.0000
04/08 20:51:36 - mmengine - INFO - Epoch(train)  [1][ 750/5000]  lr: 5.1824e-05  eta: 8:34:38  time: 0.5070  data_time: 0.0114  memory: 15693  grad_norm: 43.0084  loss: 6.3013  loss_heatmap: 2.3210  layer_-1_loss_cls: 0.3155  layer_-1_loss_bbox: 3.2286  matched_ious: 0.0682  aux_depth_loss: 0.4362  sec_per_iter: 0.5222  iters_per_sec: 1.9100  samples_per_sec: 30.6400  samples_per_sec_per_gpu: 7.6600  max_mem_allocated_mb: 607.2000  max_mem_reserved_mb: 21978.0000
04/08 20:52:00 - mmengine - INFO - Epoch(train)  [1][ 800/5000]  lr: 5.2038e-05  eta: 8:31:17  time: 0.4739  data_time: 0.0128  memory: 15697  grad_norm: 70.5110  loss: 5.9293  loss_heatmap: 2.2780  layer_-1_loss_cls: 0.3104  layer_-1_loss_bbox: 2.9111  matched_ious: 0.0785  aux_depth_loss: 0.4298  sec_per_iter: 0.5212  iters_per_sec: 1.9200  samples_per_sec: 30.7000  samples_per_sec_per_gpu: 7.6700  max_mem_allocated_mb: 607.2000  max_mem_reserved_mb: 21978.0000
04/08 20:52:25 - mmengine - INFO - Epoch(train)  [1][ 850/5000]  lr: 5.2266e-05  eta: 8:30:09  time: 0.5062  data_time: 0.0166  memory: 15696  grad_norm: 40.5260  loss: 6.0268  loss_heatmap: 2.3163  layer_-1_loss_cls: 0.3186  layer_-1_loss_bbox: 2.9436  matched_ious: 0.0843  aux_depth_loss: 0.4483  sec_per_iter: 0.5183  iters_per_sec: 1.9300  samples_per_sec: 30.8700  samples_per_sec_per_gpu: 7.7200  max_mem_allocated_mb: 607.2000  max_mem_reserved_mb: 21978.0000
04/08 20:52:49 - mmengine - INFO - Epoch(train)  [1][ 900/5000]  lr: 5.2508e-05  eta: 8:27:56  time: 0.4847  data_time: 0.0172  memory: 15692  grad_norm: 41.9681  loss: 6.1583  loss_heatmap: 2.2957  layer_-1_loss_cls: 0.3104  layer_-1_loss_bbox: 3.1019  matched_ious: 0.1114  aux_depth_loss: 0.4502  sec_per_iter: 0.5176  iters_per_sec: 1.9300  samples_per_sec: 30.9100  samples_per_sec_per_gpu: 7.7300  max_mem_allocated_mb: 607.2000  max_mem_reserved_mb: 21978.0000
04/08 20:53:13 - mmengine - INFO - Epoch(train)  [1][ 950/5000]  lr: 5.2763e-05  eta: 8:25:04  time: 0.4688  data_time: 0.0147  memory: 15695  grad_norm: 51.7870  loss: 6.3039  loss_heatmap: 2.2826  layer_-1_loss_cls: 0.2982  layer_-1_loss_bbox: 3.2804  matched_ious: 0.0620  aux_depth_loss: 0.4428  sec_per_iter: 0.5158  iters_per_sec: 1.9400  samples_per_sec: 31.0200  samples_per_sec_per_gpu: 7.7600  max_mem_allocated_mb: 607.2000  max_mem_reserved_mb: 21978.0000
04/08 20:53:40 - mmengine - INFO - Exp name: zod_camera_only_20260408_204407
04/08 20:53:40 - mmengine - INFO - Epoch(train)  [1][1000/5000]  lr: 5.3032e-05  eta: 8:26:26  time: 0.5496  data_time: 0.0247  memory: 15696  grad_norm: 63.5744  loss: 6.2528  loss_heatmap: 2.3175  layer_-1_loss_cls: 0.2960  layer_-1_loss_bbox: 3.1758  matched_ious: 0.0264  aux_depth_loss: 0.4635  sec_per_iter: 0.5133  iters_per_sec: 1.9500  samples_per_sec: 31.1700  samples_per_sec_per_gpu: 7.7900  max_mem_allocated_mb: 607.2000  max_mem_reserved_mb: 21978.0000
04/08 20:54:05 - mmengine - INFO - Epoch(train)  [1][1050/5000]  lr: 5.3315e-05  eta: 8:24:54  time: 0.4913  data_time: 0.0119  memory: 15696  grad_norm: nan  loss: 6.4889  loss_heatmap: 2.3622  layer_-1_loss_cls: 0.2961  layer_-1_loss_bbox: 3.3585  matched_ious: 0.0480  aux_depth_loss: 0.4720  sec_per_iter: 0.5151  iters_per_sec: 1.9400  samples_per_sec: 31.0600  samples_per_sec_per_gpu: 7.7700  max_mem_allocated_mb: 607.2000  max_mem_reserved_mb: 21978.0000
04/08 20:54:28 - mmengine - INFO - Epoch(train)  [1][1100/5000]  lr: 5.3612e-05  eta: 8:22:44  time: 0.4751  data_time: 0.0112  memory: 15694  grad_norm: 54.8222  loss: 6.3001  loss_heatmap: 2.3398  layer_-1_loss_cls: 0.3052  layer_-1_loss_bbox: 3.1885  matched_ious: 0.0668  aux_depth_loss: 0.4666  sec_per_iter: 0.5140  iters_per_sec: 1.9500  samples_per_sec: 31.1300  samples_per_sec_per_gpu: 7.7800  max_mem_allocated_mb: 607.2000  max_mem_reserved_mb: 21978.0000
04/08 20:54:52 - mmengine - INFO - Epoch(train)  [1][1150/5000]  lr: 5.3922e-05  eta: 8:20:56  time: 0.4799  data_time: 0.0116  memory: 15696  grad_norm: 51.6559  loss: 6.2074  loss_heatmap: 2.3194  layer_-1_loss_cls: 0.3029  layer_-1_loss_bbox: 3.1194  matched_ious: 0.0923  aux_depth_loss: 0.4657  sec_per_iter: 0.5122  iters_per_sec: 1.9500  samples_per_sec: 31.2400  samples_per_sec_per_gpu: 7.8100  max_mem_allocated_mb: 607.2000  max_mem_reserved_mb: 21978.0000
04/08 20:55:18 - mmengine - INFO - Epoch(train)  [1][1200/5000]  lr: 5.4246e-05  eta: 8:20:49  time: 0.5182  data_time: 0.0142  memory: 15699  grad_norm: 50.4422  loss: 6.2714  loss_heatmap: 2.3424  layer_-1_loss_cls: 0.2968  layer_-1_loss_bbox: 3.1576  matched_ious: 0.0721  aux_depth_loss: 0.4747  sec_per_iter: 0.5108  iters_per_sec: 1.9600  samples_per_sec: 31.3200  samples_per_sec_per_gpu: 7.8300  max_mem_allocated_mb: 607.2000  max_mem_reserved_mb: 21978.0000
04/08 20:55:42 - mmengine - INFO - Epoch(train)  [1][1250/5000]  lr: 5.4583e-05  eta: 8:19:18  time: 0.4834  data_time: 0.0125  memory: 15698  grad_norm: nan  loss: 6.5693  loss_heatmap: 2.3260  layer_-1_loss_cls: 0.2931  layer_-1_loss_bbox: 3.4848  matched_ious: 0.0392  aux_depth_loss: 0.4654  sec_per_iter: 0.5111  iters_per_sec: 1.9600  samples_per_sec: 31.3100  samples_per_sec_per_gpu: 7.8300  max_mem_allocated_mb: 607.2000  max_mem_reserved_mb: 21978.0000
04/08 20:56:07 - mmengine - INFO - Epoch(train)  [1][1300/5000]  lr: 5.4934e-05  eta: 8:18:02  time: 0.4876  data_time: 0.0152  memory: 15695  grad_norm: 111.8158  loss: 6.5582  loss_heatmap: 2.3441  layer_-1_loss_cls: 0.2821  layer_-1_loss_bbox: 3.4483  matched_ious: 0.0225  aux_depth_loss: 0.4838  sec_per_iter: 0.5100  iters_per_sec: 1.9600  samples_per_sec: 31.3700  samples_per_sec_per_gpu: 7.8400  max_mem_allocated_mb: 607.2000  max_mem_reserved_mb: 21978.0000
04/08 20:56:31 - mmengine - INFO - Epoch(train)  [1][1350/5000]  lr: 5.5299e-05  eta: 8:16:47  time: 0.4863  data_time: 0.0119  memory: 15694  grad_norm: 79.7416  loss: 6.6397  loss_heatmap: 2.3604  layer_-1_loss_cls: 0.2913  layer_-1_loss_bbox: 3.4971  matched_ious: 0.0585  aux_depth_loss: 0.4909  sec_per_iter: 0.5091  iters_per_sec: 1.9600  samples_per_sec: 31.4300  samples_per_sec_per_gpu: 7.8600  max_mem_allocated_mb: 607.2000  max_mem_reserved_mb: 21978.0000
04/08 20:56:56 - mmengine - INFO - Epoch(train)  [1][1400/5000]  lr: 5.5677e-05  eta: 8:16:10  time: 0.5026  data_time: 0.0130  memory: 15695  grad_norm: 91.2986  loss: 6.3353  loss_heatmap: 2.3346  layer_-1_loss_cls: 0.2856  layer_-1_loss_bbox: 3.2435  matched_ious: 0.0226  aux_depth_loss: 0.4717  sec_per_iter: 0.5083  iters_per_sec: 1.9700  samples_per_sec: 31.4800  samples_per_sec_per_gpu: 7.8700  max_mem_allocated_mb: 607.2000  max_mem_reserved_mb: 21978.0000
04/08 20:57:20 - mmengine - INFO - Epoch(train)  [1][1450/5000]  lr: 5.6069e-05  eta: 8:14:53  time: 0.4824  data_time: 0.0128  memory: 15696  grad_norm: 116.7620  loss: 7.3773  loss_heatmap: 2.4558  layer_-1_loss_cls: 0.2784  layer_-1_loss_bbox: 4.1340  matched_ious: 0.0584  aux_depth_loss: 0.5091  sec_per_iter: 0.5081  iters_per_sec: 1.9700  samples_per_sec: 31.4900  samples_per_sec_per_gpu: 7.8700  max_mem_allocated_mb: 607.2000  max_mem_reserved_mb: 21978.0000
04/08 20:57:44 - mmengine - INFO - Epoch(train)  [1][1500/5000]  lr: 5.6474e-05  eta: 8:13:26  time: 0.4758  data_time: 0.0147  memory: 15697  grad_norm: 87.8534  loss: 6.6703  loss_heatmap: 2.4068  layer_-1_loss_cls: 0.2903  layer_-1_loss_bbox: 3.4849  matched_ious: 0.0710  aux_depth_loss: 0.4882  sec_per_iter: 0.5072  iters_per_sec: 1.9700  samples_per_sec: 31.5500  samples_per_sec_per_gpu: 7.8900  max_mem_allocated_mb: 607.2000  max_mem_reserved_mb: 21978.0000
04/08 20:58:08 - mmengine - INFO - Epoch(train)  [1][1550/5000]  lr: 5.6893e-05  eta: 8:12:20  time: 0.4842  data_time: 0.0139  memory: 15696  grad_norm: inf  loss: 6.5983  loss_heatmap: 2.3663  layer_-1_loss_cls: 0.2905  layer_-1_loss_bbox: 3.4331  matched_ious: 0.0375  aux_depth_loss: 0.5084  sec_per_iter: 0.5061  iters_per_sec: 1.9800  samples_per_sec: 31.6100  samples_per_sec_per_gpu: 7.9000  max_mem_allocated_mb: 607.2000  max_mem_reserved_mb: 21978.0000
04/08 20:58:32 - mmengine - INFO - Epoch(train)  [1][1600/5000]  lr: 5.7325e-05  eta: 8:10:58  time: 0.4746  data_time: 0.0147  memory: 15696  grad_norm: 99.4806  loss: 6.6737  loss_heatmap: 2.3485  layer_-1_loss_cls: 0.2857  layer_-1_loss_bbox: 3.5423  matched_ious: 0.0433  aux_depth_loss: 0.4972  sec_per_iter: 0.5054  iters_per_sec: 1.9800  samples_per_sec: 31.6600  samples_per_sec_per_gpu: 7.9100  max_mem_allocated_mb: 607.2000  max_mem_reserved_mb: 21978.0000
04/08 20:58:56 - mmengine - INFO - Epoch(train)  [1][1650/5000]  lr: 5.7771e-05  eta: 8:09:40  time: 0.4747  data_time: 0.0130  memory: 15695  grad_norm: 171.3683  loss: 7.2149  loss_heatmap: 2.4285  layer_-1_loss_cls: 0.2828  layer_-1_loss_bbox: 3.9187  matched_ious: 0.0252  aux_depth_loss: 0.5848  sec_per_iter: 0.5045  iters_per_sec: 1.9800  samples_per_sec: 31.7100  samples_per_sec_per_gpu: 7.9300  max_mem_allocated_mb: 607.2000  max_mem_reserved_mb: 21978.0000
04/08 20:59:20 - mmengine - INFO - Epoch(train)  [1][1700/5000]  lr: 5.8230e-05  eta: 8:08:28  time: 0.4759  data_time: 0.0120  memory: 15694  grad_norm: 215.1917  loss: 7.0213  loss_heatmap: 2.4231  layer_-1_loss_cls: 0.2905  layer_-1_loss_bbox: 3.7647  matched_ious: 0.0199  aux_depth_loss: 0.5431  sec_per_iter: 0.5036  iters_per_sec: 1.9900  samples_per_sec: 31.7700  samples_per_sec_per_gpu: 7.9400  max_mem_allocated_mb: 607.2000  max_mem_reserved_mb: 21978.0000
04/08 20:59:43 - mmengine - INFO - Epoch(train)  [1][1750/5000]  lr: 5.8702e-05  eta: 8:06:55  time: 0.4619  data_time: 0.0119  memory: 15695  grad_norm: 178.0417  loss: 7.4398  loss_heatmap: 2.5019  layer_-1_loss_cls: 0.3029  layer_-1_loss_bbox: 4.0487  matched_ious: 0.0160  aux_depth_loss: 0.5864  sec_per_iter: 0.5028  iters_per_sec: 1.9900  samples_per_sec: 31.8200  samples_per_sec_per_gpu: 7.9600  max_mem_allocated_mb: 607.2000  max_mem_reserved_mb: 21978.0000
04/08 21:00:11 - mmengine - INFO - Epoch(train)  [1][1800/5000]  lr: 5.9188e-05  eta: 8:08:01  time: 0.5583  data_time: 0.0135  memory: 15696  grad_norm: 174.6992  loss: 8.2071  loss_heatmap: 2.6623  layer_-1_loss_cls: 0.3127  layer_-1_loss_bbox: 4.5602  matched_ious: 0.0117  aux_depth_loss: 0.6719  sec_per_iter: 0.5016  iters_per_sec: 1.9900  samples_per_sec: 31.9000  samples_per_sec_per_gpu: 7.9700  max_mem_allocated_mb: 607.2000  max_mem_reserved_mb: 21978.0000
04/08 21:00:35 - mmengine - INFO - Epoch(train)  [1][1850/5000]  lr: 5.9687e-05  eta: 8:07:12  time: 0.4880  data_time: 0.0127  memory: 15693  grad_norm: 362.8340  loss: 10.9995  loss_heatmap: 3.0377  layer_-1_loss_cls: 0.3208  layer_-1_loss_bbox: 6.4829  matched_ious: 0.0036  aux_depth_loss: 1.1580  sec_per_iter: 0.5032  iters_per_sec: 1.9900  samples_per_sec: 31.8000  samples_per_sec_per_gpu: 7.9500  max_mem_allocated_mb: 607.2000  max_mem_reserved_mb: 21978.0000
04/08 21:00:59 - mmengine - INFO - Epoch(train)  [1][1900/5000]  lr: 6.0200e-05  eta: 8:06:08  time: 0.4772  data_time: 0.0185  memory: 15695  grad_norm: 392.1066  loss: 12.4059  loss_heatmap: 2.9791  layer_-1_loss_cls: 0.3029  layer_-1_loss_bbox: 7.8532  matched_ious: 0.0223  aux_depth_loss: 1.2708  sec_per_iter: 0.5027  iters_per_sec: 1.9900  samples_per_sec: 31.8300  samples_per_sec_per_gpu: 7.9600  max_mem_allocated_mb: 607.2000  max_mem_reserved_mb: 21978.0000
04/08 21:01:23 - mmengine - INFO - Epoch(train)  [1][1950/5000]  lr: 6.0725e-05  eta: 8:05:21  time: 0.4874  data_time: 0.0133  memory: 15693  grad_norm: 191.9751  loss: 10.7400  loss_heatmap: 2.8001  layer_-1_loss_cls: 0.3184  layer_-1_loss_bbox: 6.7699  matched_ious: 0.0390  aux_depth_loss: 0.8517  sec_per_iter: 0.5021  iters_per_sec: 1.9900  samples_per_sec: 31.8700  samples_per_sec_per_gpu: 7.9700  max_mem_allocated_mb: 607.2000  max_mem_reserved_mb: 21978.0000
04/08 21:01:48 - mmengine - INFO - Exp name: zod_camera_only_20260408_204407
04/08 21:01:48 - mmengine - INFO - Epoch(train)  [1][2000/5000]  lr: 6.1264e-05  eta: 8:04:33  time: 0.4853  data_time: 0.0114  memory: 15696  grad_norm: 113.0083  loss: 8.6618  loss_heatmap: 2.7062  layer_-1_loss_cls: 0.3470  layer_-1_loss_bbox: 4.8849  matched_ious: 0.0393  aux_depth_loss: 0.7237  sec_per_iter: 0.5017  iters_per_sec: 1.9900  samples_per_sec: 31.8900  samples_per_sec_per_gpu: 7.9700  max_mem_allocated_mb: 607.2000  max_mem_reserved_mb: 21978.0000
04/08 21:02:11 - mmengine - INFO - Epoch(train)  [1][2050/5000]  lr: 6.1816e-05  eta: 8:03:29  time: 0.4740  data_time: 0.0124  memory: 15694  grad_norm: 38.6006  loss: 9.0315  loss_heatmap: 2.4946  layer_-1_loss_cls: 0.3381  layer_-1_loss_bbox: 5.6004  matched_ious: 0.0340  aux_depth_loss: 0.5984  sec_per_iter: 0.5013  iters_per_sec: 1.9900  samples_per_sec: 31.9200  samples_per_sec_per_gpu: 7.9800  max_mem_allocated_mb: 607.2000  max_mem_reserved_mb: 21978.0000
04/08 21:02:35 - mmengine - INFO - Epoch(train)  [1][2100/5000]  lr: 6.2382e-05  eta: 8:02:33  time: 0.4785  data_time: 0.0128  memory: 15694  grad_norm: 18.2175  loss: 7.2306  loss_heatmap: 2.3866  layer_-1_loss_cls: 0.3470  layer_-1_loss_bbox: 3.9973  matched_ious: 0.0298  aux_depth_loss: 0.4997  sec_per_iter: 0.5006  iters_per_sec: 2.0000  samples_per_sec: 31.9600  samples_per_sec_per_gpu: 7.9900  max_mem_allocated_mb: 607.2000  max_mem_reserved_mb: 21978.0000
04/08 21:03:02 - mmengine - INFO - Epoch(train)  [1][2150/5000]  lr: 6.2960e-05  eta: 8:02:45  time: 0.5272  data_time: 0.0130  memory: 15695  grad_norm: 27.2089  loss: 6.8381  loss_heatmap: 2.3717  layer_-1_loss_cls: 0.3403  layer_-1_loss_bbox: 3.6326  matched_ious: 0.0797  aux_depth_loss: 0.4935  sec_per_iter: 0.5001  iters_per_sec: 2.0000  samples_per_sec: 31.9900  samples_per_sec_per_gpu: 8.0000  max_mem_allocated_mb: 607.2000  max_mem_reserved_mb: 21978.0000
04/08 21:03:28 - mmengine - INFO - Epoch(train)  [1][2200/5000]  lr: 6.3551e-05  eta: 8:02:54  time: 0.5263  data_time: 0.0138  memory: 15693  grad_norm: 15.2993  loss: 6.2431  loss_heatmap: 2.2222  layer_-1_loss_cls: 0.3336  layer_-1_loss_bbox: 3.2099  matched_ious: 0.0960  aux_depth_loss: 0.4775  sec_per_iter: 0.5007  iters_per_sec: 2.0000  samples_per_sec: 31.9500  samples_per_sec_per_gpu: 7.9900  max_mem_allocated_mb: 607.2000  max_mem_reserved_mb: 21978.0000
04/08 21:03:52 - mmengine - INFO - Epoch(train)  [1][2250/5000]  lr: 6.4156e-05  eta: 8:02:13  time: 0.4894  data_time: 0.0130  memory: 15693  grad_norm: 13.1555  loss: 6.4489  loss_heatmap: 2.2665  layer_-1_loss_cls: 0.3116  layer_-1_loss_bbox: 3.4066  matched_ious: 0.1537  aux_depth_loss: 0.4642  sec_per_iter: 0.5013  iters_per_sec: 1.9900  samples_per_sec: 31.9200  samples_per_sec_per_gpu: 7.9800  max_mem_allocated_mb: 607.2000  max_mem_reserved_mb: 21978.0000
04/08 21:04:18 - mmengine - INFO - Epoch(train)  [1][2300/5000]  lr: 6.4773e-05  eta: 8:02:11  time: 0.5190  data_time: 0.0138  memory: 15693  grad_norm: 19.0379  loss: 5.9518  loss_heatmap: 2.2260  layer_-1_loss_cls: 0.3162  layer_-1_loss_bbox: 2.9427  matched_ious: 0.0647  aux_depth_loss: 0.4669  sec_per_iter: 0.5011  iters_per_sec: 2.0000  samples_per_sec: 31.9300  samples_per_sec_per_gpu: 7.9800  max_mem_allocated_mb: 607.2000  max_mem_reserved_mb: 21978.0000
04/08 21:04:44 - mmengine - INFO - Epoch(train)  [1][2350/5000]  lr: 6.5404e-05  eta: 8:01:59  time: 0.5122  data_time: 0.0126  memory: 15694  grad_norm: 21.0964  loss: 5.9260  loss_heatmap: 2.2617  layer_-1_loss_cls: 0.3348  layer_-1_loss_bbox: 2.8793  matched_ious: 0.0584  aux_depth_loss: 0.4501  sec_per_iter: 0.5014  iters_per_sec: 1.9900  samples_per_sec: 31.9100  samples_per_sec_per_gpu: 7.9800  max_mem_allocated_mb: 607.2000  max_mem_reserved_mb: 21978.0000
04/08 21:05:08 - mmengine - INFO - Epoch(train)  [1][2400/5000]  lr: 6.6047e-05  eta: 8:01:09  time: 0.4812  data_time: 0.0145  memory: 15697  grad_norm: 32.7786  loss: 6.3074  loss_heatmap: 2.2737  layer_-1_loss_cls: 0.3140  layer_-1_loss_bbox: 3.2483  matched_ious: 0.0548  aux_depth_loss: 0.4714  sec_per_iter: 0.5017  iters_per_sec: 1.9900  samples_per_sec: 31.8900  samples_per_sec_per_gpu: 7.9700  max_mem_allocated_mb: 607.2000  max_mem_reserved_mb: 21978.0000
04/08 21:05:31 - mmengine - INFO - Epoch(train)  [1][2450/5000]  lr: 6.6704e-05  eta: 7:59:52  time: 0.4567  data_time: 0.0143  memory: 15695  grad_norm: 22.5083  loss: 6.0226  loss_heatmap: 2.2263  layer_-1_loss_cls: 0.3206  layer_-1_loss_bbox: 3.0289  matched_ious: 0.1190  aux_depth_loss: 0.4468  sec_per_iter: 0.5012  iters_per_sec: 2.0000  samples_per_sec: 31.9200  samples_per_sec_per_gpu: 7.9800  max_mem_allocated_mb: 607.2000  max_mem_reserved_mb: 21978.0000
04/08 21:05:55 - mmengine - INFO - Epoch(train)  [1][2500/5000]  lr: 6.7373e-05  eta: 7:59:13  time: 0.4884  data_time: 0.0120  memory: 15697  grad_norm: 30.0334  loss: 6.1606  loss_heatmap: 2.2725  layer_-1_loss_cls: 0.3451  layer_-1_loss_bbox: 3.0784  matched_ious: 0.0365  aux_depth_loss: 0.4647  sec_per_iter: 0.5003  iters_per_sec: 2.0000  samples_per_sec: 31.9800  samples_per_sec_per_gpu: 7.9900  max_mem_allocated_mb: 607.2000  max_mem_reserved_mb: 21978.0000
04/08 21:06:19 - mmengine - INFO - Epoch(train)  [1][2550/5000]  lr: 6.8055e-05  eta: 7:58:11  time: 0.4672  data_time: 0.0116  memory: 15696  grad_norm: 43.6329  loss: 6.3551  loss_heatmap: 2.2975  layer_-1_loss_cls: 0.3262  layer_-1_loss_bbox: 3.2459  matched_ious: 0.1144  aux_depth_loss: 0.4854  sec_per_iter: 0.5001  iters_per_sec: 2.0000  samples_per_sec: 31.9900  samples_per_sec_per_gpu: 8.0000  max_mem_allocated_mb: 607.2000  max_mem_reserved_mb: 21978.0000
04/08 21:06:43 - mmengine - INFO - Epoch(train)  [1][2600/5000]  lr: 6.8750e-05  eta: 7:57:25  time: 0.4803  data_time: 0.0138  memory: 15696  grad_norm: 62.0998  loss: 6.2864  loss_heatmap: 2.2972  layer_-1_loss_cls: 0.3412  layer_-1_loss_bbox: 3.1672  matched_ious: 0.0745  aux_depth_loss: 0.4809  sec_per_iter: 0.4995  iters_per_sec: 2.0000  samples_per_sec: 32.0300  samples_per_sec_per_gpu: 8.0100  max_mem_allocated_mb: 607.2000  max_mem_reserved_mb: 21978.0000
04/08 21:07:07 - mmengine - INFO - Epoch(train)  [1][2650/5000]  lr: 6.9457e-05  eta: 7:56:37  time: 0.4778  data_time: 0.0122  memory: 15695  grad_norm: 81.9932  loss: 7.5895  loss_heatmap: 2.5700  layer_-1_loss_cls: 0.3453  layer_-1_loss_bbox: 4.0001  matched_ious: 0.0581  aux_depth_loss: 0.6742  sec_per_iter: 0.4991  iters_per_sec: 2.0000  samples_per_sec: 32.0600  samples_per_sec_per_gpu: 8.0100  max_mem_allocated_mb: 607.2000  max_mem_reserved_mb: 21978.0000
04/08 21:07:32 - mmengine - INFO - Epoch(train)  [1][2700/5000]  lr: 7.0177e-05  eta: 7:56:17  time: 0.5025  data_time: 0.0120  memory: 15697  grad_norm: 104.7791  loss: 7.8656  loss_heatmap: 2.6890  layer_-1_loss_cls: 0.3548  layer_-1_loss_bbox: 3.9278  matched_ious: 0.0231  aux_depth_loss: 0.8940  sec_per_iter: 0.4987  iters_per_sec: 2.0100  samples_per_sec: 32.0800  samples_per_sec_per_gpu: 8.0200  max_mem_allocated_mb: 607.2000  max_mem_reserved_mb: 21978.0000
04/08 21:07:56 - mmengine - INFO - Epoch(train)  [1][2750/5000]  lr: 7.0910e-05  eta: 7:55:32  time: 0.4796  data_time: 0.0118  memory: 15694  grad_norm: 73.7440  loss: 7.1413  loss_heatmap: 2.4631  layer_-1_loss_cls: 0.3693  layer_-1_loss_bbox: 3.5979  matched_ious: 0.0638  aux_depth_loss: 0.7110  sec_per_iter: 0.4988  iters_per_sec: 2.0000  samples_per_sec: 32.0800  samples_per_sec_per_gpu: 8.0200  max_mem_allocated_mb: 607.2000  max_mem_reserved_mb: 21978.0000
04/08 21:08:19 - mmengine - INFO - Epoch(train)  [1][2800/5000]  lr: 7.1656e-05  eta: 7:54:45  time: 0.4769  data_time: 0.0115  memory: 15695  grad_norm: 42.4115  loss: 6.9602  loss_heatmap: 2.3795  layer_-1_loss_cls: 0.3715  layer_-1_loss_bbox: 3.6008  matched_ious: 0.0423  aux_depth_loss: 0.6084  sec_per_iter: 0.4984  iters_per_sec: 2.0100  samples_per_sec: 32.1000  samples_per_sec_per_gpu: 8.0300  max_mem_allocated_mb: 607.2000  max_mem_reserved_mb: 21978.0000
04/08 21:08:43 - mmengine - INFO - Epoch(train)  [1][2850/5000]  lr: 7.2414e-05  eta: 7:53:46  time: 0.4637  data_time: 0.0120  memory: 15698  grad_norm: 83.6159  loss: 6.6261  loss_heatmap: 2.3807  layer_-1_loss_cls: 0.3882  layer_-1_loss_bbox: 3.2633  matched_ious: 0.0717  aux_depth_loss: 0.5939  sec_per_iter: 0.4980  iters_per_sec: 2.0100  samples_per_sec: 32.1300  samples_per_sec_per_gpu: 8.0300  max_mem_allocated_mb: 607.2000  max_mem_reserved_mb: 21978.0000
04/08 21:09:05 - mmengine - INFO - Epoch(train)  [1][2900/5000]  lr: 7.3184e-05  eta: 7:52:39  time: 0.4551  data_time: 0.0118  memory: 15695  grad_norm: 86.8068  loss: 6.5524  loss_heatmap: 2.3793  layer_-1_loss_cls: 0.3774  layer_-1_loss_bbox: 3.1874  matched_ious: 0.1025  aux_depth_loss: 0.6084  sec_per_iter: 0.4974  iters_per_sec: 2.0100  samples_per_sec: 32.1700  samples_per_sec_per_gpu: 8.0400  max_mem_allocated_mb: 607.2000  max_mem_reserved_mb: 21978.0000
04/08 21:09:29 - mmengine - INFO - Epoch(train)  [1][2950/5000]  lr: 7.3967e-05  eta: 7:51:41  time: 0.4624  data_time: 0.0116  memory: 15695  grad_norm: 54.0903  loss: 6.6809  loss_heatmap: 2.3969  layer_-1_loss_cls: 0.3809  layer_-1_loss_bbox: 3.3138  matched_ious: 0.0364  aux_depth_loss: 0.5892  sec_per_iter: 0.4967  iters_per_sec: 2.0100  samples_per_sec: 32.2100  samples_per_sec_per_gpu: 8.0500  max_mem_allocated_mb: 607.2000  max_mem_reserved_mb: 21978.0000
04/08 21:09:52 - mmengine - INFO - Exp name: zod_camera_only_20260408_204407
04/08 21:09:52 - mmengine - INFO - Epoch(train)  [1][3000/5000]  lr: 7.4762e-05  eta: 7:50:47  time: 0.4648  data_time: 0.0119  memory: 15694  grad_norm: 54.5084  loss: 6.5930  loss_heatmap: 2.3806  layer_-1_loss_cls: 0.3839  layer_-1_loss_bbox: 3.2515  matched_ious: 0.0989  aux_depth_loss: 0.5769  sec_per_iter: 0.4961  iters_per_sec: 2.0200  samples_per_sec: 32.2500  samples_per_sec_per_gpu: 8.0600  max_mem_allocated_mb: 607.2000  max_mem_reserved_mb: 21978.0000
04/08 21:10:16 - mmengine - INFO - Epoch(train)  [1][3050/5000]  lr: 7.5570e-05  eta: 7:50:18  time: 0.4915  data_time: 0.0123  memory: 15694  grad_norm: 33.2759  loss: 6.2836  loss_heatmap: 2.3354  layer_-1_loss_cls: 0.3847  layer_-1_loss_bbox: 3.0229  matched_ious: 0.0600  aux_depth_loss: 0.5406  sec_per_iter: 0.4956  iters_per_sec: 2.0200  samples_per_sec: 32.2800  samples_per_sec_per_gpu: 8.0700  max_mem_allocated_mb: 607.2000  max_mem_reserved_mb: 21978.0000
04/08 21:10:39 - mmengine - INFO - Epoch(train)  [1][3100/5000]  lr: 7.6390e-05  eta: 7:49:19  time: 0.4580  data_time: 0.0120  memory: 15694  grad_norm: 50.9534  loss: 6.3914  loss_heatmap: 2.3394  layer_-1_loss_cls: 0.3709  layer_-1_loss_bbox: 3.1293  matched_ious: 0.0821  aux_depth_loss: 0.5517  sec_per_iter: 0.4955  iters_per_sec: 2.0200  samples_per_sec: 32.2900  samples_per_sec_per_gpu: 8.0700  max_mem_allocated_mb: 607.2000  max_mem_reserved_mb: 21978.0000
04/08 21:11:04 - mmengine - INFO - Epoch(train)  [1][3150/5000]  lr: 7.7222e-05  eta: 7:48:59  time: 0.5001  data_time: 0.0119  memory: 15693  grad_norm: 50.4808  loss: 6.3812  loss_heatmap: 2.3424  layer_-1_loss_cls: 0.3954  layer_-1_loss_bbox: 3.0621  matched_ious: 0.0940  aux_depth_loss: 0.5813  sec_per_iter: 0.4949  iters_per_sec: 2.0200  samples_per_sec: 32.3300  samples_per_sec_per_gpu: 8.0800  max_mem_allocated_mb: 607.2000  max_mem_reserved_mb: 21978.0000
04/08 21:11:28 - mmengine - INFO - Epoch(train)  [1][3200/5000]  lr: 7.8067e-05  eta: 7:48:13  time: 0.4713  data_time: 0.0121  memory: 15695  grad_norm: 29.3190  loss: 6.3771  loss_heatmap: 2.3170  layer_-1_loss_cls: 0.3850  layer_-1_loss_bbox: 3.1599  matched_ious: 0.0854  aux_depth_loss: 0.5152  sec_per_iter: 0.4950  iters_per_sec: 2.0200  samples_per_sec: 32.3200  samples_per_sec_per_gpu: 8.0800  max_mem_allocated_mb: 607.2000  max_mem_reserved_mb: 21978.0000
04/08 21:11:50 - mmengine - INFO - Epoch(train)  [1][3250/5000]  lr: 7.8923e-05  eta: 7:47:07  time: 0.4476  data_time: 0.0108  memory: 15696  grad_norm: 19.5379  loss: 6.1353  loss_heatmap: 2.3014  layer_-1_loss_cls: 0.3818  layer_-1_loss_bbox: 2.9587  matched_ious: 0.0812  aux_depth_loss: 0.4934  sec_per_iter: 0.4946  iters_per_sec: 2.0200  samples_per_sec: 32.3500  samples_per_sec_per_gpu: 8.0900  max_mem_allocated_mb: 607.2000  max_mem_reserved_mb: 21978.0000
04/08 21:12:13 - mmengine - INFO - Epoch(train)  [1][3300/5000]  lr: 7.9792e-05  eta: 7:46:19  time: 0.4660  data_time: 0.0147  memory: 15695  grad_norm: 22.8462  loss: 5.9314  loss_heatmap: 2.2403  layer_-1_loss_cls: 0.3974  layer_-1_loss_bbox: 2.8162  matched_ious: 0.0664  aux_depth_loss: 0.4775  sec_per_iter: 0.4939  iters_per_sec: 2.0200  samples_per_sec: 32.3900  samples_per_sec_per_gpu: 8.1000  max_mem_allocated_mb: 607.2000  max_mem_reserved_mb: 21978.0000
04/08 21:12:37 - mmengine - INFO - Epoch(train)  [1][3350/5000]  lr: 8.0673e-05  eta: 7:45:36  time: 0.4727  data_time: 0.0121  memory: 15696  grad_norm: 44.8168  loss: 5.9060  loss_heatmap: 2.2455  layer_-1_loss_cls: 0.3758  layer_-1_loss_bbox: 2.8032  matched_ious: 0.0903  aux_depth_loss: 0.4815  sec_per_iter: 0.4935  iters_per_sec: 2.0300  samples_per_sec: 32.4200  samples_per_sec_per_gpu: 8.1100  max_mem_allocated_mb: 607.2000  max_mem_reserved_mb: 21978.0000
04/08 21:13:01 - mmengine - INFO - Epoch(train)  [1][3400/5000]  lr: 8.1566e-05  eta: 7:44:57  time: 0.4757  data_time: 0.0110  memory: 15693  grad_norm: 46.3112  loss: 5.8756  loss_heatmap: 2.2251  layer_-1_loss_cls: 0.3752  layer_-1_loss_bbox: 2.7984  matched_ious: 0.0907  aux_depth_loss: 0.4769  sec_per_iter: 0.4932  iters_per_sec: 2.0300  samples_per_sec: 32.4400  samples_per_sec_per_gpu: 8.1100  max_mem_allocated_mb: 607.2000  max_mem_reserved_mb: 21978.0000
04/08 21:13:24 - mmengine - INFO - Epoch(train)  [1][3450/5000]  lr: 8.2471e-05  eta: 7:44:11  time: 0.4669  data_time: 0.0117  memory: 15696  grad_norm: 51.3411  loss: 5.8381  loss_heatmap: 2.2340  layer_-1_loss_cls: 0.3738  layer_-1_loss_bbox: 2.7574  matched_ious: 0.0870  aux_depth_loss: 0.4728  sec_per_iter: 0.4929  iters_per_sec: 2.0300  samples_per_sec: 32.4600  samples_per_sec_per_gpu: 8.1200  max_mem_allocated_mb: 607.2000  max_mem_reserved_mb: 21978.0000
04/08 21:13:48 - mmengine - INFO - Epoch(train)  [1][3500/5000]  lr: 8.3387e-05  eta: 7:43:31  time: 0.4735  data_time: 0.0121  memory: 15695  grad_norm: 47.1183  loss: 5.7251  loss_heatmap: 2.2000  layer_-1_loss_cls: 0.3664  layer_-1_loss_bbox: 2.6846  matched_ious: 0.1276  aux_depth_loss: 0.4741  sec_per_iter: 0.4925  iters_per_sec: 2.0300  samples_per_sec: 32.4900  samples_per_sec_per_gpu: 8.1200  max_mem_allocated_mb: 607.2000  max_mem_reserved_mb: 21978.0000
04/08 21:14:11 - mmengine - INFO - Epoch(train)  [1][3550/5000]  lr: 8.4316e-05  eta: 7:42:43  time: 0.4622  data_time: 0.0120  memory: 15695  grad_norm: 52.4299  loss: 5.5864  loss_heatmap: 2.1712  layer_-1_loss_cls: 0.3747  layer_-1_loss_bbox: 2.5596  matched_ious: 0.0676  aux_depth_loss: 0.4808  sec_per_iter: 0.4923  iters_per_sec: 2.0300  samples_per_sec: 32.5000  samples_per_sec_per_gpu: 8.1300  max_mem_allocated_mb: 607.2000  max_mem_reserved_mb: 21978.0000
04/08 21:14:34 - mmengine - INFO - Epoch(train)  [1][3600/5000]  lr: 8.5256e-05  eta: 7:41:48  time: 0.4529  data_time: 0.0128  memory: 15692  grad_norm: 35.0542  loss: 5.8923  loss_heatmap: 2.2226  layer_-1_loss_cls: 0.3687  layer_-1_loss_bbox: 2.8232  matched_ious: 0.0807  aux_depth_loss: 0.4778  sec_per_iter: 0.4919  iters_per_sec: 2.0300  samples_per_sec: 32.5300  samples_per_sec_per_gpu: 8.1300  max_mem_allocated_mb: 607.2000  max_mem_reserved_mb: 21978.0000
04/08 21:14:56 - mmengine - INFO - Epoch(train)  [1][3650/5000]  lr: 8.6208e-05  eta: 7:40:54  time: 0.4537  data_time: 0.0115  memory: 15696  grad_norm: 27.9084  loss: 5.9268  loss_heatmap: 2.2211  layer_-1_loss_cls: 0.3610  layer_-1_loss_bbox: 2.8697  matched_ious: 0.1326  aux_depth_loss: 0.4749  sec_per_iter: 0.4913  iters_per_sec: 2.0400  samples_per_sec: 32.5700  samples_per_sec_per_gpu: 8.1400  max_mem_allocated_mb: 607.2000  max_mem_reserved_mb: 21978.0000
04/08 21:15:19 - mmengine - INFO - Epoch(train)  [1][3700/5000]  lr: 8.7171e-05  eta: 7:40:06  time: 0.4597  data_time: 0.0110  memory: 15695  grad_norm: 27.2162  loss: 5.8412  loss_heatmap: 2.1979  layer_-1_loss_cls: 0.3695  layer_-1_loss_bbox: 2.7977  matched_ious: 0.0483  aux_depth_loss: 0.4761  sec_per_iter: 0.4908  iters_per_sec: 2.0400  samples_per_sec: 32.6000  samples_per_sec_per_gpu: 8.1500  max_mem_allocated_mb: 607.2000  max_mem_reserved_mb: 21978.0000
04/08 21:15:42 - mmengine - INFO - Epoch(train)  [1][3750/5000]  lr: 8.8147e-05  eta: 7:39:20  time: 0.4623  data_time: 0.0114  memory: 15693  grad_norm: 25.9635  loss: 5.7108  loss_heatmap: 2.2237  layer_-1_loss_cls: 0.3685  layer_-1_loss_bbox: 2.6480  matched_ious: 0.0978  aux_depth_loss: 0.4706  sec_per_iter: 0.4904  iters_per_sec: 2.0400  samples_per_sec: 32.6300  samples_per_sec_per_gpu: 8.1600  max_mem_allocated_mb: 607.2000  max_mem_reserved_mb: 21978.0000
04/08 21:16:08 - mmengine - INFO - Epoch(train)  [1][3800/5000]  lr: 8.9133e-05  eta: 7:39:06  time: 0.5043  data_time: 0.0121  memory: 15696  grad_norm: 17.0055  loss: 5.6674  loss_heatmap: 2.1336  layer_-1_loss_cls: 0.3388  layer_-1_loss_bbox: 2.7334  matched_ious: 0.0627  aux_depth_loss: 0.4615  sec_per_iter: 0.4900  iters_per_sec: 2.0400  samples_per_sec: 32.6500  samples_per_sec_per_gpu: 8.1600  max_mem_allocated_mb: 607.2000  max_mem_reserved_mb: 21978.0000
04/08 21:16:31 - mmengine - INFO - Epoch(train)  [1][3850/5000]  lr: 9.0131e-05  eta: 7:38:18  time: 0.4578  data_time: 0.0116  memory: 15693  grad_norm: 26.9487  loss: 5.9707  loss_heatmap: 2.2432  layer_-1_loss_cls: 0.3360  layer_-1_loss_bbox: 2.9091  matched_ious: 0.0518  aux_depth_loss: 0.4825  sec_per_iter: 0.4902  iters_per_sec: 2.0400  samples_per_sec: 32.6400  samples_per_sec_per_gpu: 8.1600  max_mem_allocated_mb: 607.2000  max_mem_reserved_mb: 21978.0000
04/08 21:16:54 - mmengine - INFO - Epoch(train)  [1][3900/5000]  lr: 9.1141e-05  eta: 7:37:32  time: 0.4592  data_time: 0.0130  memory: 15694  grad_norm: 31.9432  loss: 5.7797  loss_heatmap: 2.1341  layer_-1_loss_cls: 0.3413  layer_-1_loss_bbox: 2.8325  matched_ious: 0.0607  aux_depth_loss: 0.4718  sec_per_iter: 0.4898  iters_per_sec: 2.0400  samples_per_sec: 32.6700  samples_per_sec_per_gpu: 8.1700  max_mem_allocated_mb: 607.2000  max_mem_reserved_mb: 21978.0000
04/08 21:17:17 - mmengine - INFO - Epoch(train)  [1][3950/5000]  lr: 9.2162e-05  eta: 7:36:49  time: 0.4642  data_time: 0.0114  memory: 15695  grad_norm: 37.7534  loss: 6.2510  loss_heatmap: 2.1618  layer_-1_loss_cls: 0.3302  layer_-1_loss_bbox: 3.2966  matched_ious: 0.0464  aux_depth_loss: 0.4624  sec_per_iter: 0.4894  iters_per_sec: 2.0400  samples_per_sec: 32.7000  samples_per_sec_per_gpu: 8.1700  max_mem_allocated_mb: 607.2000  max_mem_reserved_mb: 21978.0000
04/08 21:17:40 - mmengine - INFO - Exp name: zod_camera_only_20260408_204407
04/08 21:17:40 - mmengine - INFO - Epoch(train)  [1][4000/5000]  lr: 9.3194e-05  eta: 7:36:02  time: 0.4557  data_time: 0.0117  memory: 15696  grad_norm: 35.6042  loss: 6.2621  loss_heatmap: 2.2535  layer_-1_loss_cls: 0.3339  layer_-1_loss_bbox: 3.1942  matched_ious: 0.0592  aux_depth_loss: 0.4804  sec_per_iter: 0.4890  iters_per_sec: 2.0400  samples_per_sec: 32.7200  samples_per_sec_per_gpu: 8.1800  max_mem_allocated_mb: 607.2000  max_mem_reserved_mb: 21978.0000
04/08 21:18:03 - mmengine - INFO - Epoch(train)  [1][4050/5000]  lr: 9.4238e-05  eta: 7:35:21  time: 0.4649  data_time: 0.0116  memory: 15696  grad_norm: 19.2592  loss: 5.8870  loss_heatmap: 2.1918  layer_-1_loss_cls: 0.3649  layer_-1_loss_bbox: 2.8513  matched_ious: 0.1011  aux_depth_loss: 0.4791  sec_per_iter: 0.4886  iters_per_sec: 2.0500  samples_per_sec: 32.7400  samples_per_sec_per_gpu: 8.1900  max_mem_allocated_mb: 607.2000  max_mem_reserved_mb: 21978.0000
04/08 21:18:26 - mmengine - INFO - Epoch(train)  [1][4100/5000]  lr: 9.5292e-05  eta: 7:34:45  time: 0.4719  data_time: 0.0117  memory: 15694  grad_norm: 31.2607  loss: 5.6799  loss_heatmap: 2.1279  layer_-1_loss_cls: 0.3467  layer_-1_loss_bbox: 2.7349  matched_ious: 0.1618  aux_depth_loss: 0.4704  sec_per_iter: 0.4883  iters_per_sec: 2.0500  samples_per_sec: 32.7600  samples_per_sec_per_gpu: 8.1900  max_mem_allocated_mb: 607.2000  max_mem_reserved_mb: 21978.0000
04/08 21:18:49 - mmengine - INFO - Epoch(train)  [1][4150/5000]  lr: 9.6358e-05  eta: 7:33:58  time: 0.4546  data_time: 0.0133  memory: 15696  grad_norm: 47.6610  loss: 5.7364  loss_heatmap: 2.1657  layer_-1_loss_cls: 0.3461  layer_-1_loss_bbox: 2.7527  matched_ious: 0.1025  aux_depth_loss: 0.4719  sec_per_iter: 0.4881  iters_per_sec: 2.0500  samples_per_sec: 32.7800  samples_per_sec_per_gpu: 8.1900  max_mem_allocated_mb: 607.2000  max_mem_reserved_mb: 21978.0000
04/08 21:19:12 - mmengine - INFO - Epoch(train)  [1][4200/5000]  lr: 9.7435e-05  eta: 7:33:12  time: 0.4542  data_time: 0.0127  memory: 15695  grad_norm: 12.0034  loss: 5.8522  loss_heatmap: 2.1545  layer_-1_loss_cls: 0.3354  layer_-1_loss_bbox: 2.8977  matched_ious: 0.0950  aux_depth_loss: 0.4647  sec_per_iter: 0.4877  iters_per_sec: 2.0500  samples_per_sec: 32.8000  samples_per_sec_per_gpu: 8.2000  max_mem_allocated_mb: 607.2000  max_mem_reserved_mb: 21978.0000
04/08 21:19:35 - mmengine - INFO - Epoch(train)  [1][4250/5000]  lr: 9.8522e-05  eta: 7:32:31  time: 0.4631  data_time: 0.0117  memory: 15694  grad_norm: 13.2626  loss: 5.5509  loss_heatmap: 2.0719  layer_-1_loss_cls: 0.3349  layer_-1_loss_bbox: 2.6834  matched_ious: 0.0815  aux_depth_loss: 0.4607  sec_per_iter: 0.4873  iters_per_sec: 2.0500  samples_per_sec: 32.8300  samples_per_sec_per_gpu: 8.2100  max_mem_allocated_mb: 607.2000  max_mem_reserved_mb: 21978.0000
04/08 21:19:58 - mmengine - INFO - Epoch(train)  [1][4300/5000]  lr: 9.9621e-05  eta: 7:31:47  time: 0.4561  data_time: 0.0117  memory: 15695  grad_norm: 13.6030  loss: 5.5091  loss_heatmap: 2.0665  layer_-1_loss_cls: 0.3308  layer_-1_loss_bbox: 2.6477  matched_ious: 0.0850  aux_depth_loss: 0.4640  sec_per_iter: 0.4870  iters_per_sec: 2.0500  samples_per_sec: 32.8500  samples_per_sec_per_gpu: 8.2100  max_mem_allocated_mb: 607.2000  max_mem_reserved_mb: 21978.0000
04/08 21:20:20 - mmengine - INFO - Epoch(train)  [1][4350/5000]  lr: 1.0073e-04  eta: 7:30:59  time: 0.4503  data_time: 0.0118  memory: 15695  grad_norm: 14.4439  loss: 5.8748  loss_heatmap: 2.1494  layer_-1_loss_cls: 0.3357  layer_-1_loss_bbox: 2.9308  matched_ious: 0.1354  aux_depth_loss: 0.4589  sec_per_iter: 0.4867  iters_per_sec: 2.0500  samples_per_sec: 32.8800  samples_per_sec_per_gpu: 8.2200  max_mem_allocated_mb: 607.2000  max_mem_reserved_mb: 21978.0000
04/08 21:20:45 - mmengine - INFO - Epoch(train)  [1][4400/5000]  lr: 1.0185e-04  eta: 7:30:45  time: 0.5017  data_time: 0.0118  memory: 15696  grad_norm: 19.8865  loss: 5.6367  loss_heatmap: 2.1512  layer_-1_loss_cls: 0.3428  layer_-1_loss_bbox: 2.6826  matched_ious: 0.1009  aux_depth_loss: 0.4600  sec_per_iter: 0.4863  iters_per_sec: 2.0600  samples_per_sec: 32.9000  samples_per_sec_per_gpu: 8.2300  max_mem_allocated_mb: 607.2000  max_mem_reserved_mb: 21978.0000
04/08 21:21:09 - mmengine - INFO - Epoch(train)  [1][4450/5000]  lr: 1.0298e-04  eta: 7:30:08  time: 0.4665  data_time: 0.0121  memory: 15698  grad_norm: 14.6716  loss: 5.4158  loss_heatmap: 2.0676  layer_-1_loss_cls: 0.3521  layer_-1_loss_bbox: 2.5421  matched_ious: 0.1079  aux_depth_loss: 0.4540  sec_per_iter: 0.4864  iters_per_sec: 2.0600  samples_per_sec: 32.8900  samples_per_sec_per_gpu: 8.2200  max_mem_allocated_mb: 607.2000  max_mem_reserved_mb: 21978.0000
04/08 21:21:35 - mmengine - INFO - Epoch(train)  [1][4500/5000]  lr: 1.0412e-04  eta: 7:30:14  time: 0.5349  data_time: 0.0130  memory: 15698  grad_norm: 12.4945  loss: 5.5562  loss_heatmap: 2.0854  layer_-1_loss_cls: 0.3378  layer_-1_loss_bbox: 2.6640  matched_ious: 0.1159  aux_depth_loss: 0.4691  sec_per_iter: 0.4862  iters_per_sec: 2.0600  samples_per_sec: 32.9100  samples_per_sec_per_gpu: 8.2300  max_mem_allocated_mb: 607.2000  max_mem_reserved_mb: 21978.0000
04/08 21:21:59 - mmengine - INFO - Epoch(train)  [1][4550/5000]  lr: 1.0527e-04  eta: 7:29:42  time: 0.4749  data_time: 0.0135  memory: 15696  grad_norm: 12.9152  loss: 5.3378  loss_heatmap: 2.0574  layer_-1_loss_cls: 0.3674  layer_-1_loss_bbox: 2.4559  matched_ious: 0.1422  aux_depth_loss: 0.4571  sec_per_iter: 0.4868  iters_per_sec: 2.0500  samples_per_sec: 32.8700  samples_per_sec_per_gpu: 8.2200  max_mem_allocated_mb: 607.2000  max_mem_reserved_mb: 21978.0000
04/08 21:22:23 - mmengine - INFO - Epoch(train)  [1][4600/5000]  lr: 1.0644e-04  eta: 7:29:12  time: 0.4771  data_time: 0.0139  memory: 15694  grad_norm: 15.8043  loss: 5.3769  loss_heatmap: 2.0987  layer_-1_loss_cls: 0.3550  layer_-1_loss_bbox: 2.4644  matched_ious: 0.0778  aux_depth_loss: 0.4588  sec_per_iter: 0.4866  iters_per_sec: 2.0500  samples_per_sec: 32.8800  samples_per_sec_per_gpu: 8.2200  max_mem_allocated_mb: 607.2000  max_mem_reserved_mb: 21978.0000
04/08 21:22:47 - mmengine - INFO - Epoch(train)  [1][4650/5000]  lr: 1.0761e-04  eta: 7:28:38  time: 0.4706  data_time: 0.0151  memory: 15695  grad_norm: 18.4122  loss: 5.5520  loss_heatmap: 2.1204  layer_-1_loss_cls: 0.3431  layer_-1_loss_bbox: 2.6232  matched_ious: 0.0608  aux_depth_loss: 0.4653  sec_per_iter: 0.4865  iters_per_sec: 2.0600  samples_per_sec: 32.8900  samples_per_sec_per_gpu: 8.2200  max_mem_allocated_mb: 607.2000  max_mem_reserved_mb: 21978.0000
04/08 21:23:10 - mmengine - INFO - Epoch(train)  [1][4700/5000]  lr: 1.0879e-04  eta: 7:27:58  time: 0.4585  data_time: 0.0112  memory: 15695  grad_norm: 15.2831  loss: 5.5694  loss_heatmap: 2.1104  layer_-1_loss_cls: 0.3376  layer_-1_loss_bbox: 2.6625  matched_ious: 0.0810  aux_depth_loss: 0.4590  sec_per_iter: 0.4864  iters_per_sec: 2.0600  samples_per_sec: 32.9000  samples_per_sec_per_gpu: 8.2200  max_mem_allocated_mb: 607.2000  max_mem_reserved_mb: 21978.0000
04/08 21:23:34 - mmengine - INFO - Epoch(train)  [1][4750/5000]  lr: 1.0999e-04  eta: 7:27:31  time: 0.4820  data_time: 0.0118  memory: 15695  grad_norm: 12.8994  loss: 5.6301  loss_heatmap: 2.0884  layer_-1_loss_cls: 0.3402  layer_-1_loss_bbox: 2.7384  matched_ious: 0.0932  aux_depth_loss: 0.4632  sec_per_iter: 0.4861  iters_per_sec: 2.0600  samples_per_sec: 32.9200  samples_per_sec_per_gpu: 8.2300  max_mem_allocated_mb: 607.2000  max_mem_reserved_mb: 21978.0000
04/08 21:23:57 - mmengine - INFO - Epoch(train)  [1][4800/5000]  lr: 1.1119e-04  eta: 7:27:00  time: 0.4737  data_time: 0.0130  memory: 15695  grad_norm: 44.8177  loss: 5.7802  loss_heatmap: 2.1429  layer_-1_loss_cls: 0.3430  layer_-1_loss_bbox: 2.8283  matched_ious: 0.1273  aux_depth_loss: 0.4660  sec_per_iter: 0.4860  iters_per_sec: 2.0600  samples_per_sec: 32.9200  samples_per_sec_per_gpu: 8.2300  max_mem_allocated_mb: 607.2000  max_mem_reserved_mb: 21978.0000
04/08 21:24:21 - mmengine - INFO - Epoch(train)  [1][4850/5000]  lr: 1.1240e-04  eta: 7:26:27  time: 0.4717  data_time: 0.0118  memory: 15694  grad_norm: 21.0878  loss: 5.8288  loss_heatmap: 2.1446  layer_-1_loss_cls: 0.3512  layer_-1_loss_bbox: 2.8711  matched_ious: 0.1006  aux_depth_loss: 0.4618  sec_per_iter: 0.4859  iters_per_sec: 2.0600  samples_per_sec: 32.9300  samples_per_sec_per_gpu: 8.2300  max_mem_allocated_mb: 607.2000  max_mem_reserved_mb: 21978.0000
04/08 21:24:45 - mmengine - INFO - Epoch(train)  [1][4900/5000]  lr: 1.1363e-04  eta: 7:25:57  time: 0.4757  data_time: 0.0174  memory: 15694  grad_norm: 40.5035  loss: 5.8593  loss_heatmap: 2.1805  layer_-1_loss_cls: 0.3439  layer_-1_loss_bbox: 2.8559  matched_ious: 0.0543  aux_depth_loss: 0.4790  sec_per_iter: 0.4858  iters_per_sec: 2.0600  samples_per_sec: 32.9400  samples_per_sec_per_gpu: 8.2300  max_mem_allocated_mb: 607.2000  max_mem_reserved_mb: 21978.0000
04/08 21:25:09 - mmengine - INFO - Epoch(train)  [1][4950/5000]  lr: 1.1486e-04  eta: 7:25:30  time: 0.4799  data_time: 0.0130  memory: 15695  grad_norm: 45.9673  loss: 5.5345  loss_heatmap: 2.1513  layer_-1_loss_cls: 0.3552  layer_-1_loss_bbox: 2.5420  matched_ious: 0.0478  aux_depth_loss: 0.4859  sec_per_iter: 0.4856  iters_per_sec: 2.0600  samples_per_sec: 32.9500  samples_per_sec_per_gpu: 8.2400  max_mem_allocated_mb: 607.2000  max_mem_reserved_mb: 21978.0000
04/08 21:25:31 - mmengine - INFO - Exp name: zod_camera_only_20260408_204407
04/08 21:25:31 - mmengine - INFO - Epoch(train)  [1][5000/5000]  lr: 1.1611e-04  eta: 7:24:49  time: 0.4561  data_time: 0.0123  memory: 15695  grad_norm: 19.3344  loss: 5.3518  loss_heatmap: 2.0787  layer_-1_loss_cls: 0.3486  layer_-1_loss_bbox: 2.4509  matched_ious: 0.0671  aux_depth_loss: 0.4737  sec_per_iter: 0.4856  iters_per_sec: 2.0600  samples_per_sec: 32.9500  samples_per_sec_per_gpu: 8.2400  max_mem_allocated_mb: 607.2000  max_mem_reserved_mb: 21978.0000
04/08 21:25:31 - mmengine - INFO - [Efficiency] Epoch 1: wall=2426.5s  iters=5000  sec/iter=0.485  mem_alloc=607MB  mem_rsv=21978MB
04/08 21:25:48 - mmengine - INFO - Saved /home/users/u103958/projects/multimodal-MoE/outputs/runs/zod_camera_only/zod-cam-only_4461334/visualizations/bev_pred_vs_gt_epoch_1.png  (GT=16, pred=1, max_score=0.215)
04/08 21:25:49 - mmengine - INFO - Saved /home/users/u103958/projects/multimodal-MoE/outputs/runs/zod_camera_only/zod-cam-only_4461334/visualizations/bev_val_pred_vs_gt_epoch_1.png  (GT=25, pred=3, max_score=0.261)
04/08 21:25:49 - mmengine - INFO - Saved /home/users/u103958/projects/multimodal-MoE/outputs/runs/zod_camera_only/zod-cam-only_4461334/visualizations/camera_bev_features_epoch_1.png
04/08 21:25:50 - mmengine - INFO - Saved /home/users/u103958/projects/multimodal-MoE/outputs/runs/zod_camera_only/zod-cam-only_4461334/visualizations/depth_transform_diagnostic_epoch_1.png
04/08 21:25:51 - mmengine - INFO - ========================================================================
04/08 21:25:51 - mmengine - INFO -   DEPTH PROJECTION DEBUG — Sparse depth analysis
04/08 21:25:51 - mmengine - INFO - ========================================================================
04/08 21:25:51 - mmengine - INFO -   lidar2img  shape=(1, 4, 4)
04/08 21:25:51 - mmengine - INFO -     [  622.2576  -478.3849    -1.9513 -1257.4954]
04/08 21:25:51 - mmengine - INFO -     [ 350.0951    7.6426 -478.2796 -167.8321]
04/08 21:25:51 - mmengine - INFO -     [ 1.      0.003   0.0074 -2.0314]
04/08 21:25:51 - mmengine - INFO -     [0. 0. 0. 1.]
04/08 21:25:51 - mmengine - INFO -   cam2img  shape=(1, 4, 4)
04/08 21:25:51 - mmengine - INFO -     [480.324    0.     620.7651   0.    ]
04/08 21:25:51 - mmengine - INFO -     [  0.     480.9149 346.5506   0.    ]
04/08 21:25:51 - mmengine - INFO -     [0. 0. 1. 0.]
04/08 21:25:51 - mmengine - INFO -     [0. 0. 0. 1.]
04/08 21:25:51 - mmengine - INFO -   img_aug_matrix  shape=(1, 4, 4)
04/08 21:25:51 - mmengine - INFO -     [1. 0. 0. 0.]
04/08 21:25:51 - mmengine - INFO -     [0. 1. 0. 0.]
04/08 21:25:51 - mmengine - INFO -     [0. 0. 1. 0.]
04/08 21:25:51 - mmengine - INFO -     [0. 0. 0. 1.]
04/08 21:25:51 - mmengine - INFO -   lidar_aug_matrix  shape=(4, 4)
04/08 21:25:51 - mmengine - INFO -     [1. 0. 0. 0.]
04/08 21:25:51 - mmengine - INFO -     [0. 1. 0. 0.]
04/08 21:25:51 - mmengine - INFO -     [0. 0. 1. 0.]
04/08 21:25:51 - mmengine - INFO -     [0. 0. 0. 1.]
04/08 21:25:51 - mmengine - INFO -   img tensor shape: (1, 1, 3, 704, 1248)
04/08 21:25:51 - mmengine - INFO -   points[0] shape:  (50570, 4)
04/08 21:25:51 - mmengine - INFO -   image_size=[704, 1248]  feature_size=[88, 156]  D=178
04/08 21:25:51 - mmengine - INFO -   projected: 50570 / 50570 on image
04/08 21:25:51 - mmengine - INFO -   row min/max/mean: 226.9 / 703.6 / 382.4
04/08 21:25:51 - mmengine - INFO - ------------------------------------------------------------------------
04/08 21:25:51 - mmengine - INFO -   MULTI-HIT / OVERWRITE ANALYSIS (full-res depth map)
04/08 21:25:51 - mmengine - INFO -   total LiDAR hits on image:     50570
04/08 21:25:51 - mmengine - INFO -   unique pixels occupied:         45944
04/08 21:25:51 - mmengine - INFO -   pixels with >1 hit:             4354
04/08 21:25:51 - mmengine - INFO -   overwritten points (lost):      4626  (9.1%)
04/08 21:25:51 - mmengine - INFO -   multi-hit max/mean:             4 / 2.1
04/08 21:25:51 - mmengine - INFO -   full-res occupancy:             45944 / 878592 = 5.229%
04/08 21:25:51 - mmengine - INFO - ------------------------------------------------------------------------
04/08 21:25:51 - mmengine - INFO -   OCCUPANCY THROUGH DEPTH PIPELINE
04/08 21:25:51 - mmengine - INFO -   sparse_depth (full-res):  (1, 1, 704, 1248)
04/08 21:25:51 - mmengine - INFO -     nonzero: 156662 / 878592  (17.831%)
04/08 21:25:51 - mmengine - INFO -     active rows: 479/704  cols: 1248/1248
04/08 21:25:51 - mmengine - INFO -   dtransform output:        (1, 64, 88, 156)
04/08 21:25:51 - mmengine - INFO -     active cells (any ch>0): 13728 / 13728  (100.00%)
04/08 21:25:51 - mmengine - INFO -   img_features:             (1, 1, 256, 88, 156)
04/08 21:25:51 - mmengine - INFO -   depthnet output:          (1, 258, 88, 156)
04/08 21:25:51 - mmengine - INFO -   camera BEV:               (1, 80, 180, 180)
04/08 21:25:54 - mmengine - INFO -   Saved /home/users/u103958/projects/multimodal-MoE/outputs/runs/zod_camera_only/zod-cam-only_4461334/debug/sparse_depth_pipeline.png
04/08 21:25:56 - mmengine - INFO -   Saved /home/users/u103958/projects/multimodal-MoE/outputs/runs/zod_camera_only/zod-cam-only_4461334/debug/lidar_projection_overlay.png
04/08 21:25:56 - mmengine - INFO - ========================================================================
04/08 21:26:03 - mmengine - INFO - Epoch(val)  [1][  50/1250]    eta: 0:02:58  time: 0.1488  data_time: 0.0201  memory: 4814  
04/08 21:26:09 - mmengine - INFO - Epoch(val)  [1][ 100/1250]    eta: 0:02:36  time: 0.1241  data_time: 0.0047  memory: 4820  
04/08 21:26:15 - mmengine - INFO - Epoch(val)  [1][ 150/1250]    eta: 0:02:25  time: 0.1245  data_time: 0.0048  memory: 4823  
04/08 21:26:22 - mmengine - INFO - Epoch(val)  [1][ 200/1250]    eta: 0:02:16  time: 0.1243  data_time: 0.0047  memory: 4820  
04/08 21:26:28 - mmengine - INFO - Epoch(val)  [1][ 250/1250]    eta: 0:02:09  time: 0.1239  data_time: 0.0051  memory: 4810  
04/08 21:26:34 - mmengine - INFO - Epoch(val)  [1][ 300/1250]    eta: 0:02:02  time: 0.1252  data_time: 0.0050  memory: 4818  
04/08 21:26:41 - mmengine - INFO - Epoch(val)  [1][ 350/1250]    eta: 0:01:56  time: 0.1320  data_time: 0.0051  memory: 4821  
04/08 21:26:47 - mmengine - INFO - Epoch(val)  [1][ 400/1250]    eta: 0:01:49  time: 0.1238  data_time: 0.0051  memory: 4811  
04/08 21:26:53 - mmengine - INFO - Epoch(val)  [1][ 450/1250]    eta: 0:01:42  time: 0.1256  data_time: 0.0050  memory: 4814  
04/08 21:27:00 - mmengine - INFO - Epoch(val)  [1][ 500/1250]    eta: 0:01:35  time: 0.1276  data_time: 0.0052  memory: 4814  
04/08 21:27:06 - mmengine - INFO - Epoch(val)  [1][ 550/1250]    eta: 0:01:29  time: 0.1248  data_time: 0.0049  memory: 4814  
04/08 21:27:12 - mmengine - INFO - Epoch(val)  [1][ 600/1250]    eta: 0:01:22  time: 0.1250  data_time: 0.0054  memory: 4818  
04/08 21:27:19 - mmengine - INFO - Epoch(val)  [1][ 650/1250]    eta: 0:01:16  time: 0.1272  data_time: 0.0051  memory: 4818  
04/08 21:27:25 - mmengine - INFO - Epoch(val)  [1][ 700/1250]    eta: 0:01:10  time: 0.1282  data_time: 0.0053  memory: 4814  
04/08 21:27:31 - mmengine - INFO - Epoch(val)  [1][ 750/1250]    eta: 0:01:03  time: 0.1275  data_time: 0.0052  memory: 4817  
04/08 21:27:38 - mmengine - INFO - Epoch(val)  [1][ 800/1250]    eta: 0:00:57  time: 0.1330  data_time: 0.0063  memory: 4812  
04/08 21:27:44 - mmengine - INFO - Epoch(val)  [1][ 850/1250]    eta: 0:00:51  time: 0.1253  data_time: 0.0051  memory: 4817  
04/08 21:27:51 - mmengine - INFO - Epoch(val)  [1][ 900/1250]    eta: 0:00:44  time: 0.1268  data_time: 0.0055  memory: 4821  
04/08 21:27:57 - mmengine - INFO - Epoch(val)  [1][ 950/1250]    eta: 0:00:38  time: 0.1270  data_time: 0.0054  memory: 4817  
04/08 21:28:03 - mmengine - INFO - Epoch(val)  [1][1000/1250]    eta: 0:00:31  time: 0.1256  data_time: 0.0049  memory: 4820  
04/08 21:28:09 - mmengine - INFO - Epoch(val)  [1][1050/1250]    eta: 0:00:25  time: 0.1239  data_time: 0.0048  memory: 4820  
04/08 21:28:17 - mmengine - INFO - Epoch(val)  [1][1100/1250]    eta: 0:00:19  time: 0.1520  data_time: 0.0054  memory: 4820  
04/08 21:28:23 - mmengine - INFO - Epoch(val)  [1][1150/1250]    eta: 0:00:12  time: 0.1286  data_time: 0.0050  memory: 4721  
04/08 21:28:30 - mmengine - INFO - Epoch(val)  [1][1200/1250]    eta: 0:00:06  time: 0.1272  data_time: 0.0052  memory: 4719  
04/08 21:28:36 - mmengine - INFO - Epoch(val)  [1][1250/1250]    eta: 0:00:00  time: 0.1235  data_time: 0.0054  memory: 4723  
04/08 21:29:53 - mmengine - INFO - 
+------------+---------+---------+---------+---------+
| classes    | AP_0.25 | AR_0.25 | AP_0.50 | AR_0.50 |
+------------+---------+---------+---------+---------+
| pedestrian | 0.0082  | 0.1607  | 0.0001  | 0.0180  |
+------------+---------+---------+---------+---------+
| Overall    | 0.0082  | 0.1607  | 0.0001  | 0.0180  |
+------------+---------+---------+---------+---------+
04/08 21:30:23 - mmengine - INFO - 
+------------+---------+---------+---------+---------+---------+---------+---------+---------+
| classes    | AP_0.5m | AR_0.5m | AP_1.0m | AR_1.0m | AP_2.0m | AR_2.0m | AP_4.0m | AR_4.0m |
+------------+---------+---------+---------+---------+---------+---------+---------+---------+
| pedestrian | 0.0395  | 0.3700  | 0.1056  | 0.5285  | 0.1541  | 0.6354  | 0.1825  | 0.7230  |
+------------+---------+---------+---------+---------+---------+---------+---------+---------+
| Overall    | 0.0395  | 0.3700  | 0.1056  | 0.5285  | 0.1541  | 0.6354  | 0.1825  | 0.7230  |
+------------+---------+---------+---------+---------+---------+---------+---------+---------+
04/08 21:30:24 - mmengine - INFO - Epoch(val) [1][1250/1250]    pedestrian_AP_0.25: 0.0082  mAP_0.25: 0.0082  pedestrian_rec_0.25: 0.1607  mAR_0.25: 0.1607  pedestrian_AP_0.50: 0.0001  mAP_0.50: 0.0001  pedestrian_rec_0.50: 0.0180  mAR_0.50: 0.0180  pedestrian_AP_0.5m: 0.0395  pedestrian_rec_0.5m: 0.3700  pedestrian_AP_1.0m: 0.1056  pedestrian_rec_1.0m: 0.5285  pedestrian_AP_2.0m: 0.1541  pedestrian_rec_2.0m: 0.6354  pedestrian_AP_4.0m: 0.1825  pedestrian_rec_4.0m: 0.7230  mAP_0.5m: 0.0395  mAR_0.5m: 0.3700  mAP_1.0m: 0.1056  mAR_1.0m: 0.5285  mAP_2.0m: 0.1541  mAR_2.0m: 0.6354  mAP_4.0m: 0.1825  mAR_4.0m: 0.7230  data_time: 0.0058  time: 0.1282
04/08 21:30:26 - mmengine - INFO - The best checkpoint with 0.0001 mAP_0.50 at 1 epoch is saved to best_mAP_0.50_epoch_1.pth.
04/08 21:30:50 - mmengine - INFO - Epoch(train)  [2][  50/5000]  lr: 1.1736e-04  eta: 7:24:26  time: 0.4866  data_time: 0.0175  memory: 15694  grad_norm: 29.0274  loss: 5.8948  loss_heatmap: 2.1767  layer_-1_loss_cls: 0.3327  layer_-1_loss_bbox: 2.9001  matched_ious: 0.1222  aux_depth_loss: 0.4853  sec_per_iter: 0.4853  iters_per_sec: 2.0600  samples_per_sec: 32.9700  samples_per_sec_per_gpu: 8.2400  max_mem_allocated_mb: 607.2000  max_mem_reserved_mb: 21978.0000
04/08 21:31:15 - mmengine - INFO - Epoch(train)  [2][ 100/5000]  lr: 1.1862e-04  eta: 7:24:08  time: 0.4977  data_time: 0.0114  memory: 15695  grad_norm: 16.7937  loss: 5.4429  loss_heatmap: 2.0471  layer_-1_loss_cls: 0.3437  layer_-1_loss_bbox: 2.5890  matched_ious: 0.1248  aux_depth_loss: 0.4631  sec_per_iter: 0.4869  iters_per_sec: 2.0500  samples_per_sec: 32.8600  samples_per_sec_per_gpu: 8.2100  max_mem_allocated_mb: 607.2000  max_mem_reserved_mb: 21978.0000
04/08 21:31:38 - mmengine - INFO - Epoch(train)  [2][ 150/5000]  lr: 1.1990e-04  eta: 7:23:31  time: 0.4617  data_time: 0.0114  memory: 15695  grad_norm: 14.8292  loss: 5.5602  loss_heatmap: 2.0708  layer_-1_loss_cls: 0.3380  layer_-1_loss_bbox: 2.6728  matched_ious: 0.0857  aux_depth_loss: 0.4785  sec_per_iter: 0.4924  iters_per_sec: 2.0300  samples_per_sec: 32.4900  samples_per_sec_per_gpu: 8.1200  max_mem_allocated_mb: 607.2000  max_mem_reserved_mb: 21978.0000
04/08 21:32:02 - mmengine - INFO - Epoch(train)  [2][ 200/5000]  lr: 1.2118e-04  eta: 7:23:06  time: 0.4829  data_time: 0.0115  memory: 15695  grad_norm: 20.8230  loss: 5.6132  loss_heatmap: 2.0834  layer_-1_loss_cls: 0.3402  layer_-1_loss_bbox: 2.7167  matched_ious: 0.0799  aux_depth_loss: 0.4729  sec_per_iter: 0.4822  iters_per_sec: 2.0700  samples_per_sec: 33.1800  samples_per_sec_per_gpu: 8.3000  max_mem_allocated_mb: 607.2000  max_mem_reserved_mb: 21978.0000
04/08 21:32:26 - mmengine - INFO - Epoch(train)  [2][ 250/5000]  lr: 1.2247e-04  eta: 7:22:33  time: 0.4692  data_time: 0.0109  memory: 15694  grad_norm: 20.2961  loss: 5.6856  loss_heatmap: 2.1189  layer_-1_loss_cls: 0.3363  layer_-1_loss_bbox: 2.7504  matched_ious: 0.0916  aux_depth_loss: 0.4801  sec_per_iter: 0.4823  iters_per_sec: 2.0700  samples_per_sec: 33.1700  samples_per_sec_per_gpu: 8.2900  max_mem_allocated_mb: 607.2000  max_mem_reserved_mb: 21978.0000
04/08 21:32:49 - mmengine - INFO - Epoch(train)  [2][ 300/5000]  lr: 1.2377e-04  eta: 7:22:03  time: 0.4728  data_time: 0.0122  memory: 15696  grad_norm: 14.4080  loss: 5.5757  loss_heatmap: 2.0720  layer_-1_loss_cls: 0.3335  layer_-1_loss_bbox: 2.7072  matched_ious: 0.1243  aux_depth_loss: 0.4630  sec_per_iter: 0.4797  iters_per_sec: 2.0800  samples_per_sec: 33.3500  samples_per_sec_per_gpu: 8.3400  max_mem_allocated_mb: 607.2000  max_mem_reserved_mb: 21978.0000
04/08 21:33:13 - mmengine - INFO - Epoch(train)  [2][ 350/5000]  lr: 1.2508e-04  eta: 7:21:36  time: 0.4798  data_time: 0.0115  memory: 15693  grad_norm: 20.3858  loss: 5.5796  loss_heatmap: 2.0825  layer_-1_loss_cls: 0.3300  layer_-1_loss_bbox: 2.7001  matched_ious: 0.0768  aux_depth_loss: 0.4670  sec_per_iter: 0.4786  iters_per_sec: 2.0900  samples_per_sec: 33.4300  samples_per_sec_per_gpu: 8.3600  max_mem_allocated_mb: 607.2000  max_mem_reserved_mb: 21978.0000
04/08 21:33:37 - mmengine - INFO - Epoch(train)  [2][ 400/5000]  lr: 1.2640e-04  eta: 7:21:04  time: 0.4690  data_time: 0.0136  memory: 15693  grad_norm: 22.9040  loss: 5.7959  loss_heatmap: 2.1372  layer_-1_loss_cls: 0.3305  layer_-1_loss_bbox: 2.8493  matched_ious: 0.0732  aux_depth_loss: 0.4789  sec_per_iter: 0.4788  iters_per_sec: 2.0900  samples_per_sec: 33.4200  samples_per_sec_per_gpu: 8.3500  max_mem_allocated_mb: 607.2000  max_mem_reserved_mb: 21978.0000
04/08 21:34:00 - mmengine - INFO - Epoch(train)  [2][ 450/5000]  lr: 1.2773e-04  eta: 7:20:31  time: 0.4684  data_time: 0.0119  memory: 15694  grad_norm: 26.7047  loss: 5.7995  loss_heatmap: 2.1274  layer_-1_loss_cls: 0.3338  layer_-1_loss_bbox: 2.8556  matched_ious: 0.1361  aux_depth_loss: 0.4826  sec_per_iter: 0.4775  iters_per_sec: 2.0900  samples_per_sec: 33.5100  samples_per_sec_per_gpu: 8.3800  max_mem_allocated_mb: 607.2000  max_mem_reserved_mb: 21978.0000
04/08 21:34:24 - mmengine - INFO - Epoch(train)  [2][ 500/5000]  lr: 1.2907e-04  eta: 7:20:04  time: 0.4782  data_time: 0.0115  memory: 15696  grad_norm: 20.3411  loss: 5.6550  loss_heatmap: 2.0940  layer_-1_loss_cls: 0.3416  layer_-1_loss_bbox: 2.7517  matched_ious: 0.1263  aux_depth_loss: 0.4678  sec_per_iter: 0.4765  iters_per_sec: 2.1000  samples_per_sec: 33.5800  samples_per_sec_per_gpu: 8.3900  max_mem_allocated_mb: 607.2000  max_mem_reserved_mb: 21978.0000
04/08 21:34:47 - mmengine - INFO - Epoch(train)  [2][ 550/5000]  lr: 1.3042e-04  eta: 7:19:31  time: 0.4673  data_time: 0.0125  memory: 15694  grad_norm: 24.8548  loss: 5.5786  loss_heatmap: 2.0848  layer_-1_loss_cls: 0.3336  layer_-1_loss_bbox: 2.6803  matched_ious: 0.0784  aux_depth_loss: 0.4799  sec_per_iter: 0.4767  iters_per_sec: 2.1000  samples_per_sec: 33.5600  samples_per_sec_per_gpu: 8.3900  max_mem_allocated_mb: 607.2000  max_mem_reserved_mb: 21978.0000
04/08 21:35:10 - mmengine - INFO - Epoch(train)  [2][ 600/5000]  lr: 1.3177e-04  eta: 7:18:54  time: 0.4577  data_time: 0.0114  memory: 15695  grad_norm: 25.3236  loss: 5.6568  loss_heatmap: 2.1036  layer_-1_loss_cls: 0.3327  layer_-1_loss_bbox: 2.7317  matched_ious: 0.0561  aux_depth_loss: 0.4888  sec_per_iter: 0.4758  iters_per_sec: 2.1000  samples_per_sec: 33.6300  samples_per_sec_per_gpu: 8.4100  max_mem_allocated_mb: 607.2000  max_mem_reserved_mb: 21978.0000
04/08 21:35:34 - mmengine - INFO - Epoch(train)  [2][ 650/5000]  lr: 1.3314e-04  eta: 7:18:23  time: 0.4688  data_time: 0.0115  memory: 15695  grad_norm: 19.1342  loss: 5.5424  loss_heatmap: 2.0905  layer_-1_loss_cls: 0.3432  layer_-1_loss_bbox: 2.6306  matched_ious: 0.1568  aux_depth_loss: 0.4781  sec_per_iter: 0.4743  iters_per_sec: 2.1100  samples_per_sec: 33.7300  samples_per_sec_per_gpu: 8.4300  max_mem_allocated_mb: 607.2000  max_mem_reserved_mb: 21978.0000
04/08 21:35:57 - mmengine - INFO - Epoch(train)  [2][ 700/5000]  lr: 1.3451e-04  eta: 7:17:52  time: 0.4703  data_time: 0.0114  memory: 15693  grad_norm: 14.7433  loss: 5.6156  loss_heatmap: 2.1215  layer_-1_loss_cls: 0.3455  layer_-1_loss_bbox: 2.6817  matched_ious: 0.1335  aux_depth_loss: 0.4668  sec_per_iter: 0.4739  iters_per_sec: 2.1100  samples_per_sec: 33.7600  samples_per_sec_per_gpu: 8.4400  max_mem_allocated_mb: 607.2000  max_mem_reserved_mb: 21978.0000
04/08 21:36:21 - mmengine - INFO - Epoch(train)  [2][ 750/5000]  lr: 1.3589e-04  eta: 7:17:21  time: 0.4702  data_time: 0.0117  memory: 15694  grad_norm: 15.8083  loss: 5.5181  loss_heatmap: 2.0901  layer_-1_loss_cls: 0.3530  layer_-1_loss_bbox: 2.6078  matched_ious: 0.1312  aux_depth_loss: 0.4672  sec_per_iter: 0.4736  iters_per_sec: 2.1100  samples_per_sec: 33.7800  samples_per_sec_per_gpu: 8.4500  max_mem_allocated_mb: 607.2000  max_mem_reserved_mb: 21978.0000
04/08 21:36:44 - mmengine - INFO - Epoch(train)  [2][ 800/5000]  lr: 1.3729e-04  eta: 7:16:46  time: 0.4605  data_time: 0.0121  memory: 15696  grad_norm: 15.4752  loss: 5.5297  loss_heatmap: 2.0698  layer_-1_loss_cls: 0.3475  layer_-1_loss_bbox: 2.6343  matched_ious: 0.0959  aux_depth_loss: 0.4780  sec_per_iter: 0.4734  iters_per_sec: 2.1100  samples_per_sec: 33.8000  samples_per_sec_per_gpu: 8.4500  max_mem_allocated_mb: 607.2000  max_mem_reserved_mb: 21978.0000
04/08 21:37:06 - mmengine - INFO - Epoch(train)  [2][ 850/5000]  lr: 1.3868e-04  eta: 7:16:09  time: 0.4544  data_time: 0.0128  memory: 15697  grad_norm: 20.3823  loss: 5.4634  loss_heatmap: 2.0464  layer_-1_loss_cls: 0.3437  layer_-1_loss_bbox: 2.5950  matched_ious: 0.0950  aux_depth_loss: 0.4783  sec_per_iter: 0.4726  iters_per_sec: 2.1200  samples_per_sec: 33.8500  samples_per_sec_per_gpu: 8.4600  max_mem_allocated_mb: 607.2000  max_mem_reserved_mb: 21978.0000
04/08 21:37:30 - mmengine - INFO - Epoch(train)  [2][ 900/5000]  lr: 1.4009e-04  eta: 7:15:38  time: 0.4685  data_time: 0.0121  memory: 15692  grad_norm: 21.1236  loss: 5.5227  loss_heatmap: 2.0900  layer_-1_loss_cls: 0.3627  layer_-1_loss_bbox: 2.5976  matched_ious: 0.1486  aux_depth_loss: 0.4724  sec_per_iter: 0.4716  iters_per_sec: 2.1200  samples_per_sec: 33.9300  samples_per_sec_per_gpu: 8.4800  max_mem_allocated_mb: 607.2000  max_mem_reserved_mb: 21978.0000
04/08 21:37:53 - mmengine - INFO - Epoch(train)  [2][ 950/5000]  lr: 1.4151e-04  eta: 7:15:00  time: 0.4525  data_time: 0.0117  memory: 15696  grad_norm: 14.7810  loss: 5.6806  loss_heatmap: 2.1208  layer_-1_loss_cls: 0.3608  layer_-1_loss_bbox: 2.7177  matched_ious: 0.1684  aux_depth_loss: 0.4813  sec_per_iter: 0.4714  iters_per_sec: 2.1200  samples_per_sec: 33.9400  samples_per_sec_per_gpu: 8.4900  max_mem_allocated_mb: 607.2000  max_mem_reserved_mb: 21978.0000
04/08 21:38:17 - mmengine - INFO - Exp name: zod_camera_only_20260408_204407
04/08 21:38:17 - mmengine - INFO - Epoch(train)  [2][1000/5000]  lr: 1.4293e-04  eta: 7:14:41  time: 0.4958  data_time: 0.0135  memory: 15694  grad_norm: 13.9009  loss: 5.3191  loss_heatmap: 2.0442  layer_-1_loss_cls: 0.3480  layer_-1_loss_bbox: 2.4541  matched_ious: 0.1583  aux_depth_loss: 0.4729  sec_per_iter: 0.4704  iters_per_sec: 2.1300  samples_per_sec: 34.0100  samples_per_sec_per_gpu: 8.5000  max_mem_allocated_mb: 607.2000  max_mem_reserved_mb: 21978.0000
04/08 21:38:40 - mmengine - INFO - Epoch(train)  [2][1050/5000]  lr: 1.4437e-04  eta: 7:14:08  time: 0.4622  data_time: 0.0115  memory: 15695  grad_norm: 15.9324  loss: 5.4051  loss_heatmap: 2.0572  layer_-1_loss_cls: 0.3409  layer_-1_loss_bbox: 2.5468  matched_ious: 0.1370  aux_depth_loss: 0.4602  sec_per_iter: 0.4716  iters_per_sec: 2.1200  samples_per_sec: 33.9200  samples_per_sec_per_gpu: 8.4800  max_mem_allocated_mb: 607.2000  max_mem_reserved_mb: 21978.0000
04/08 21:39:04 - mmengine - INFO - Epoch(train)  [2][1100/5000]  lr: 1.4581e-04  eta: 7:13:42  time: 0.4797  data_time: 0.0144  memory: 15694  grad_norm: 20.4654  loss: 5.5705  loss_heatmap: 2.0605  layer_-1_loss_cls: 0.3416  layer_-1_loss_bbox: 2.6977  matched_ious: 0.1081  aux_depth_loss: 0.4707  sec_per_iter: 0.4712  iters_per_sec: 2.1200  samples_per_sec: 33.9500  samples_per_sec_per_gpu: 8.4900  max_mem_allocated_mb: 607.2000  max_mem_reserved_mb: 21978.0000
04/08 21:39:28 - mmengine - INFO - Epoch(train)  [2][1150/5000]  lr: 1.4726e-04  eta: 7:13:12  time: 0.4696  data_time: 0.0142  memory: 15699  grad_norm: 23.6247  loss: 5.5355  loss_heatmap: 2.1253  layer_-1_loss_cls: 0.3481  layer_-1_loss_bbox: 2.5879  matched_ious: 0.1503  aux_depth_loss: 0.4743  sec_per_iter: 0.4716  iters_per_sec: 2.1200  samples_per_sec: 33.9300  samples_per_sec_per_gpu: 8.4800  max_mem_allocated_mb: 607.2000  max_mem_reserved_mb: 21978.0000
04/08 21:39:52 - mmengine - INFO - Epoch(train)  [2][1200/5000]  lr: 1.4871e-04  eta: 7:12:48  time: 0.4822  data_time: 0.0124  memory: 15696  grad_norm: 19.7423  loss: 5.6771  loss_heatmap: 2.0874  layer_-1_loss_cls: 0.3384  layer_-1_loss_bbox: 2.7693  matched_ious: 0.1130  aux_depth_loss: 0.4820  sec_per_iter: 0.4715  iters_per_sec: 2.1200  samples_per_sec: 33.9300  samples_per_sec_per_gpu: 8.4800  max_mem_allocated_mb: 607.2000  max_mem_reserved_mb: 21978.0000
04/08 21:40:15 - mmengine - INFO - Epoch(train)  [2][1250/5000]  lr: 1.5018e-04  eta: 7:12:14  time: 0.4595  data_time: 0.0122  memory: 15695  grad_norm: 19.9686  loss: 5.5802  loss_heatmap: 2.1368  layer_-1_loss_cls: 0.3390  layer_-1_loss_bbox: 2.6058  matched_ious: 0.1307  aux_depth_loss: 0.4986  sec_per_iter: 0.4720  iters_per_sec: 2.1200  samples_per_sec: 33.9000  samples_per_sec_per_gpu: 8.4800  max_mem_allocated_mb: 607.2000  max_mem_reserved_mb: 21978.0000
04/08 21:40:40 - mmengine - INFO - Epoch(train)  [2][1300/5000]  lr: 1.5165e-04  eta: 7:11:59  time: 0.5040  data_time: 0.0130  memory: 15695  grad_norm: 23.8701  loss: 5.4994  loss_heatmap: 2.0338  layer_-1_loss_cls: 0.3370  layer_-1_loss_bbox: 2.6466  matched_ious: 0.1666  aux_depth_loss: 0.4819  sec_per_iter: 0.4715  iters_per_sec: 2.1200  samples_per_sec: 33.9400  samples_per_sec_per_gpu: 8.4800  max_mem_allocated_mb: 607.2000  max_mem_reserved_mb: 21978.0000
04/08 21:41:03 - mmengine - INFO - Epoch(train)  [2][1350/5000]  lr: 1.5313e-04  eta: 7:11:27  time: 0.4638  data_time: 0.0122  memory: 15693  grad_norm: 18.8634  loss: 5.7494  loss_heatmap: 2.1462  layer_-1_loss_cls: 0.3464  layer_-1_loss_bbox: 2.7777  matched_ious: 0.1344  aux_depth_loss: 0.4791  sec_per_iter: 0.4727  iters_per_sec: 2.1200  samples_per_sec: 33.8500  samples_per_sec_per_gpu: 8.4600  max_mem_allocated_mb: 607.2000  max_mem_reserved_mb: 21978.0000
04/08 21:41:29 - mmengine - INFO - Epoch(train)  [2][1400/5000]  lr: 1.5462e-04  eta: 7:11:13  time: 0.5071  data_time: 0.0120  memory: 15695  grad_norm: 16.6903  loss: 5.4992  loss_heatmap: 2.0931  layer_-1_loss_cls: 0.3503  layer_-1_loss_bbox: 2.5790  matched_ious: 0.1618  aux_depth_loss: 0.4767  sec_per_iter: 0.4724  iters_per_sec: 2.1200  samples_per_sec: 33.8700  samples_per_sec_per_gpu: 8.4700  max_mem_allocated_mb: 607.2000  max_mem_reserved_mb: 21978.0000
04/08 21:41:52 - mmengine - INFO - Epoch(train)  [2][1450/5000]  lr: 1.5611e-04  eta: 7:10:39  time: 0.4582  data_time: 0.0124  memory: 15696  grad_norm: 19.4897  loss: 5.6021  loss_heatmap: 2.1555  layer_-1_loss_cls: 0.3543  layer_-1_loss_bbox: 2.6185  matched_ious: 0.0690  aux_depth_loss: 0.4739  sec_per_iter: 0.4736  iters_per_sec: 2.1100  samples_per_sec: 33.7800  samples_per_sec_per_gpu: 8.4500  max_mem_allocated_mb: 607.2000  max_mem_reserved_mb: 21978.0000
04/08 21:42:15 - mmengine - INFO - Epoch(train)  [2][1500/5000]  lr: 1.5761e-04  eta: 7:10:09  time: 0.4689  data_time: 0.0121  memory: 15694  grad_norm: 21.3749  loss: 5.6373  loss_heatmap: 2.0827  layer_-1_loss_cls: 0.3312  layer_-1_loss_bbox: 2.7366  matched_ious: 0.1043  aux_depth_loss: 0.4868  sec_per_iter: 0.4731  iters_per_sec: 2.1100  samples_per_sec: 33.8200  samples_per_sec_per_gpu: 8.4500  max_mem_allocated_mb: 607.2000  max_mem_reserved_mb: 21978.0000
04/08 21:42:40 - mmengine - INFO - Epoch(train)  [2][1550/5000]  lr: 1.5912e-04  eta: 7:09:52  time: 0.4995  data_time: 0.0120  memory: 15695  grad_norm: 23.8552  loss: 5.8465  loss_heatmap: 2.1283  layer_-1_loss_cls: 0.3351  layer_-1_loss_bbox: 2.8878  matched_ious: 0.1279  aux_depth_loss: 0.4952  sec_per_iter: 0.4730  iters_per_sec: 2.1100  samples_per_sec: 33.8300  samples_per_sec_per_gpu: 8.4600  max_mem_allocated_mb: 607.2000  max_mem_reserved_mb: 21978.0000
04/08 21:43:03 - mmengine - INFO - Epoch(train)  [2][1600/5000]  lr: 1.6064e-04  eta: 7:09:15  time: 0.4512  data_time: 0.0118  memory: 15696  grad_norm: 19.8790  loss: 5.5178  loss_heatmap: 2.1056  layer_-1_loss_cls: 0.3445  layer_-1_loss_bbox: 2.5462  matched_ious: 0.0656  aux_depth_loss: 0.5215  sec_per_iter: 0.4738  iters_per_sec: 2.1100  samples_per_sec: 33.7700  samples_per_sec_per_gpu: 8.4400  max_mem_allocated_mb: 607.2000  max_mem_reserved_mb: 21978.0000
04/08 21:43:26 - mmengine - INFO - Epoch(train)  [2][1650/5000]  lr: 1.6216e-04  eta: 7:08:42  time: 0.4600  data_time: 0.0125  memory: 15694  grad_norm: 20.8334  loss: 5.5608  loss_heatmap: 2.1167  layer_-1_loss_cls: 0.3383  layer_-1_loss_bbox: 2.5983  matched_ious: 0.0897  aux_depth_loss: 0.5076  sec_per_iter: 0.4731  iters_per_sec: 2.1100  samples_per_sec: 33.8200  samples_per_sec_per_gpu: 8.4500  max_mem_allocated_mb: 607.2000  max_mem_reserved_mb: 21978.0000
04/08 21:43:49 - mmengine - INFO - Epoch(train)  [2][1700/5000]  lr: 1.6369e-04  eta: 7:08:11  time: 0.4653  data_time: 0.0127  memory: 15695  grad_norm: 31.3508  loss: 5.6441  loss_heatmap: 2.1491  layer_-1_loss_cls: 0.3534  layer_-1_loss_bbox: 2.6344  matched_ious: 0.1109  aux_depth_loss: 0.5072  sec_per_iter: 0.4727  iters_per_sec: 2.1200  samples_per_sec: 33.8500  samples_per_sec_per_gpu: 8.4600  max_mem_allocated_mb: 607.2000  max_mem_reserved_mb: 21978.0000
04/08 21:44:12 - mmengine - INFO - Epoch(train)  [2][1750/5000]  lr: 1.6523e-04  eta: 7:07:37  time: 0.4574  data_time: 0.0132  memory: 15695  grad_norm: 16.2318  loss: 5.5278  loss_heatmap: 2.0866  layer_-1_loss_cls: 0.3491  layer_-1_loss_bbox: 2.5987  matched_ious: 0.1309  aux_depth_loss: 0.4935  sec_per_iter: 0.4725  iters_per_sec: 2.1200  samples_per_sec: 33.8600  samples_per_sec_per_gpu: 8.4700  max_mem_allocated_mb: 607.2000  max_mem_reserved_mb: 21978.0000
04/08 21:44:35 - mmengine - INFO - Epoch(train)  [2][1800/5000]  lr: 1.6677e-04  eta: 7:07:09  time: 0.4708  data_time: 0.0154  memory: 15696  grad_norm: 13.1736  loss: 5.5437  loss_heatmap: 2.0617  layer_-1_loss_cls: 0.3433  layer_-1_loss_bbox: 2.6506  matched_ious: 0.1118  aux_depth_loss: 0.4881  sec_per_iter: 0.4721  iters_per_sec: 2.1200  samples_per_sec: 33.8900  samples_per_sec_per_gpu: 8.4700  max_mem_allocated_mb: 607.2000  max_mem_reserved_mb: 21978.0000
04/08 21:44:59 - mmengine - INFO - Epoch(train)  [2][1850/5000]  lr: 1.6832e-04  eta: 7:06:42  time: 0.4747  data_time: 0.0132  memory: 15694  grad_norm: 14.0293  loss: 5.6060  loss_heatmap: 2.0666  layer_-1_loss_cls: 0.3417  layer_-1_loss_bbox: 2.7192  matched_ious: 0.1504  aux_depth_loss: 0.4786  sec_per_iter: 0.4720  iters_per_sec: 2.1200  samples_per_sec: 33.9000  samples_per_sec_per_gpu: 8.4700  max_mem_allocated_mb: 607.2000  max_mem_reserved_mb: 21978.0000
04/08 21:45:23 - mmengine - INFO - Epoch(train)  [2][1900/5000]  lr: 1.6988e-04  eta: 7:06:16  time: 0.4759  data_time: 0.0144  memory: 15695  grad_norm: 13.9046  loss: 5.1990  loss_heatmap: 2.0243  layer_-1_loss_cls: 0.3552  layer_-1_loss_bbox: 2.3486  matched_ious: 0.1305  aux_depth_loss: 0.4709  sec_per_iter: 0.4721  iters_per_sec: 2.1200  samples_per_sec: 33.8900  samples_per_sec_per_gpu: 8.4700  max_mem_allocated_mb: 607.2000  max_mem_reserved_mb: 21978.0000
04/08 21:45:47 - mmengine - INFO - Epoch(train)  [2][1950/5000]  lr: 1.7145e-04  eta: 7:05:53  time: 0.4852  data_time: 0.0145  memory: 15696  grad_norm: 12.5656  loss: 5.2587  loss_heatmap: 2.0237  layer_-1_loss_cls: 0.3630  layer_-1_loss_bbox: 2.4069  matched_ious: 0.1167  aux_depth_loss: 0.4651  sec_per_iter: 0.4722  iters_per_sec: 2.1200  samples_per_sec: 33.8800  samples_per_sec_per_gpu: 8.4700  max_mem_allocated_mb: 607.2000  max_mem_reserved_mb: 21978.0000
04/08 21:46:12 - mmengine - INFO - Exp name: zod_camera_only_20260408_204407
04/08 21:46:12 - mmengine - INFO - Epoch(train)  [2][2000/5000]  lr: 1.7302e-04  eta: 7:05:32  time: 0.4901  data_time: 0.0153  memory: 15694  grad_norm: 14.2357  loss: 5.2538  loss_heatmap: 1.9899  layer_-1_loss_cls: 0.3587  layer_-1_loss_bbox: 2.4326  matched_ious: 0.1102  aux_depth_loss: 0.4725  sec_per_iter: 0.4725  iters_per_sec: 2.1200  samples_per_sec: 33.8600  samples_per_sec_per_gpu: 8.4700  max_mem_allocated_mb: 607.2000  max_mem_reserved_mb: 21978.0000
04/08 21:46:36 - mmengine - INFO - Epoch(train)  [2][2050/5000]  lr: 1.7459e-04  eta: 7:05:14  time: 0.4973  data_time: 0.0132  memory: 15693  grad_norm: 16.2835  loss: 5.1278  loss_heatmap: 1.9995  layer_-1_loss_cls: 0.3632  layer_-1_loss_bbox: 2.2865  matched_ious: 0.1043  aux_depth_loss: 0.4785  sec_per_iter: 0.4730  iters_per_sec: 2.1100  samples_per_sec: 33.8300  samples_per_sec_per_gpu: 8.4600  max_mem_allocated_mb: 607.2000  max_mem_reserved_mb: 21978.0000
04/08 21:47:01 - mmengine - INFO - Epoch(train)  [2][2100/5000]  lr: 1.7618e-04  eta: 7:04:54  time: 0.4921  data_time: 0.0134  memory: 15696  grad_norm: 13.8383  loss: 5.2932  loss_heatmap: 2.0314  layer_-1_loss_cls: 0.3469  layer_-1_loss_bbox: 2.4352  matched_ious: 0.0429  aux_depth_loss: 0.4797  sec_per_iter: 0.4736  iters_per_sec: 2.1100  samples_per_sec: 33.7900  samples_per_sec_per_gpu: 8.4500  max_mem_allocated_mb: 607.2000  max_mem_reserved_mb: 21978.0000
04/08 21:47:25 - mmengine - INFO - Epoch(train)  [2][2150/5000]  lr: 1.7776e-04  eta: 7:04:28  time: 0.4777  data_time: 0.0121  memory: 15695  grad_norm: 12.1099  loss: 5.2961  loss_heatmap: 2.0058  layer_-1_loss_cls: 0.3453  layer_-1_loss_bbox: 2.4792  matched_ious: 0.1716  aux_depth_loss: 0.4658  sec_per_iter: 0.4740  iters_per_sec: 2.1100  samples_per_sec: 33.7600  samples_per_sec_per_gpu: 8.4400  max_mem_allocated_mb: 607.2000  max_mem_reserved_mb: 21978.0000
04/08 21:47:50 - mmengine - INFO - Epoch(train)  [2][2200/5000]  lr: 1.7936e-04  eta: 7:04:09  time: 0.4962  data_time: 0.0122  memory: 15696  grad_norm: 10.6096  loss: 5.3335  loss_heatmap: 2.0400  layer_-1_loss_cls: 0.3502  layer_-1_loss_bbox: 2.4641  matched_ious: 0.1431  aux_depth_loss: 0.4792  sec_per_iter: 0.4741  iters_per_sec: 2.1100  samples_per_sec: 33.7500  samples_per_sec_per_gpu: 8.4400  max_mem_allocated_mb: 607.2000  max_mem_reserved_mb: 21978.0000
04/08 21:48:13 - mmengine - INFO - Epoch(train)  [2][2250/5000]  lr: 1.8096e-04  eta: 7:03:41  time: 0.4699  data_time: 0.0127  memory: 15695  grad_norm: 10.2810  loss: 5.3387  loss_heatmap: 2.0113  layer_-1_loss_cls: 0.3379  layer_-1_loss_bbox: 2.5215  matched_ious: 0.0778  aux_depth_loss: 0.4680  sec_per_iter: 0.4746  iters_per_sec: 2.1100  samples_per_sec: 33.7100  samples_per_sec_per_gpu: 8.4300  max_mem_allocated_mb: 607.2000  max_mem_reserved_mb: 21978.0000
04/08 21:48:37 - mmengine - INFO - Epoch(train)  [2][2300/5000]  lr: 1.8257e-04  eta: 7:03:14  time: 0.4755  data_time: 0.0122  memory: 15696  grad_norm: 10.9238  loss: 5.3392  loss_heatmap: 1.9869  layer_-1_loss_cls: 0.3428  layer_-1_loss_bbox: 2.5357  matched_ious: 0.0953  aux_depth_loss: 0.4738  sec_per_iter: 0.4745  iters_per_sec: 2.1100  samples_per_sec: 33.7200  samples_per_sec_per_gpu: 8.4300  max_mem_allocated_mb: 607.2000  max_mem_reserved_mb: 21978.0000
04/08 21:49:00 - mmengine - INFO - Epoch(train)  [2][2350/5000]  lr: 1.8418e-04  eta: 7:02:42  time: 0.4602  data_time: 0.0122  memory: 15697  grad_norm: 14.1232  loss: 5.1096  loss_heatmap: 1.9591  layer_-1_loss_cls: 0.3530  layer_-1_loss_bbox: 2.3148  matched_ious: 0.1125  aux_depth_loss: 0.4826  sec_per_iter: 0.4745  iters_per_sec: 2.1100  samples_per_sec: 33.7200  samples_per_sec_per_gpu: 8.4300  max_mem_allocated_mb: 607.2000  max_mem_reserved_mb: 21978.0000
04/08 21:49:23 - mmengine - INFO - Epoch(train)  [2][2400/5000]  lr: 1.8580e-04  eta: 7:02:13  time: 0.4676  data_time: 0.0120  memory: 15693  grad_norm: 10.6007  loss: 5.2524  loss_heatmap: 1.9627  layer_-1_loss_cls: 0.3462  layer_-1_loss_bbox: 2.4887  matched_ious: 0.1327  aux_depth_loss: 0.4548  sec_per_iter: 0.4742  iters_per_sec: 2.1100  samples_per_sec: 33.7400  samples_per_sec_per_gpu: 8.4400  max_mem_allocated_mb: 607.2000  max_mem_reserved_mb: 21978.0000
04/08 21:49:48 - mmengine - INFO - Epoch(train)  [2][2450/5000]  lr: 1.8742e-04  eta: 7:01:50  time: 0.4846  data_time: 0.0120  memory: 15694  grad_norm: 11.3741  loss: 5.1479  loss_heatmap: 1.9703  layer_-1_loss_cls: 0.3426  layer_-1_loss_bbox: 2.3603  matched_ious: 0.1710  aux_depth_loss: 0.4746  sec_per_iter: 0.4741  iters_per_sec: 2.1100  samples_per_sec: 33.7500  samples_per_sec_per_gpu: 8.4400  max_mem_allocated_mb: 607.2000  max_mem_reserved_mb: 21978.0000
04/08 21:50:13 - mmengine - INFO - Epoch(train)  [2][2500/5000]  lr: 1.8905e-04  eta: 7:01:33  time: 0.5023  data_time: 0.0144  memory: 15695  grad_norm: 10.3827  loss: 5.3562  loss_heatmap: 1.9877  layer_-1_loss_cls: 0.3465  layer_-1_loss_bbox: 2.5431  matched_ious: 0.1142  aux_depth_loss: 0.4789  sec_per_iter: 0.4743  iters_per_sec: 2.1100  samples_per_sec: 33.7300  samples_per_sec_per_gpu: 8.4300  max_mem_allocated_mb: 607.2000  max_mem_reserved_mb: 21978.0000
04/08 21:50:36 - mmengine - INFO - Epoch(train)  [2][2550/5000]  lr: 1.9068e-04  eta: 7:01:05  time: 0.4681  data_time: 0.0124  memory: 15695  grad_norm: 11.7544  loss: 5.1427  loss_heatmap: 1.9807  layer_-1_loss_cls: 0.3563  layer_-1_loss_bbox: 2.3411  matched_ious: 0.2166  aux_depth_loss: 0.4646  sec_per_iter: 0.4749  iters_per_sec: 2.1100  samples_per_sec: 33.6900  samples_per_sec_per_gpu: 8.4200  max_mem_allocated_mb: 607.2000  max_mem_reserved_mb: 21978.0000
04/08 21:51:00 - mmengine - INFO - Epoch(train)  [2][2600/5000]  lr: 1.9232e-04  eta: 7:00:36  time: 0.4689  data_time: 0.0118  memory: 15693  grad_norm: 12.3480  loss: 5.4257  loss_heatmap: 2.0144  layer_-1_loss_cls: 0.3456  layer_-1_loss_bbox: 2.5862  matched_ious: 0.1463  aux_depth_loss: 0.4795  sec_per_iter: 0.4747  iters_per_sec: 2.1100  samples_per_sec: 33.7000  samples_per_sec_per_gpu: 8.4300  max_mem_allocated_mb: 607.2000  max_mem_reserved_mb: 21978.0000
04/08 21:51:23 - mmengine - INFO - Epoch(train)  [2][2650/5000]  lr: 1.9397e-04  eta: 7:00:07  time: 0.4668  data_time: 0.0119  memory: 15696  grad_norm: 15.6604  loss: 5.5487  loss_heatmap: 2.0478  layer_-1_loss_cls: 0.3511  layer_-1_loss_bbox: 2.6667  matched_ious: 0.0935  aux_depth_loss: 0.4831  sec_per_iter: 0.4746  iters_per_sec: 2.1100  samples_per_sec: 33.7100  samples_per_sec_per_gpu: 8.4300  max_mem_allocated_mb: 607.2000  max_mem_reserved_mb: 21978.0000
04/08 21:51:46 - mmengine - INFO - Epoch(train)  [2][2700/5000]  lr: 1.9562e-04  eta: 6:59:38  time: 0.4684  data_time: 0.0114  memory: 15694  grad_norm: 13.8099  loss: 5.5228  loss_heatmap: 2.0360  layer_-1_loss_cls: 0.3469  layer_-1_loss_bbox: 2.6490  matched_ious: 0.1503  aux_depth_loss: 0.4910  sec_per_iter: 0.4745  iters_per_sec: 2.1100  samples_per_sec: 33.7200  samples_per_sec_per_gpu: 8.4300  max_mem_allocated_mb: 607.2000  max_mem_reserved_mb: 21978.0000
04/08 21:52:09 - mmengine - INFO - Epoch(train)  [2][2750/5000]  lr: 1.9727e-04  eta: 6:59:08  time: 0.4623  data_time: 0.0117  memory: 15695  grad_norm: 11.0275  loss: 5.4374  loss_heatmap: 2.0312  layer_-1_loss_cls: 0.3441  layer_-1_loss_bbox: 2.5819  matched_ious: 0.1163  aux_depth_loss: 0.4802  sec_per_iter: 0.4743  iters_per_sec: 2.1100  samples_per_sec: 33.7300  samples_per_sec_per_gpu: 8.4300  max_mem_allocated_mb: 607.2000  max_mem_reserved_mb: 21978.0000
04/08 21:52:33 - mmengine - INFO - Epoch(train)  [2][2800/5000]  lr: 1.9893e-04  eta: 6:58:42  time: 0.4769  data_time: 0.0129  memory: 15695  grad_norm: 15.6881  loss: 5.4657  loss_heatmap: 2.0300  layer_-1_loss_cls: 0.3456  layer_-1_loss_bbox: 2.6015  matched_ious: 0.1331  aux_depth_loss: 0.4887  sec_per_iter: 0.4741  iters_per_sec: 2.1100  samples_per_sec: 33.7500  samples_per_sec_per_gpu: 8.4400  max_mem_allocated_mb: 607.2000  max_mem_reserved_mb: 21978.0000
04/08 21:52:57 - mmengine - INFO - Epoch(train)  [2][2850/5000]  lr: 2.0060e-04  eta: 6:58:13  time: 0.4656  data_time: 0.0120  memory: 15695  grad_norm: 15.1319  loss: 5.5288  loss_heatmap: 2.0645  layer_-1_loss_cls: 0.3577  layer_-1_loss_bbox: 2.6162  matched_ious: 0.1233  aux_depth_loss: 0.4904  sec_per_iter: 0.4742  iters_per_sec: 2.1100  samples_per_sec: 33.7400  samples_per_sec_per_gpu: 8.4400  max_mem_allocated_mb: 607.2000  max_mem_reserved_mb: 21978.0000
04/08 21:53:20 - mmengine - INFO - Epoch(train)  [2][2900/5000]  lr: 2.0226e-04  eta: 6:57:45  time: 0.4692  data_time: 0.0126  memory: 15693  grad_norm: 11.2465  loss: 5.4765  loss_heatmap: 2.0492  layer_-1_loss_cls: 0.3434  layer_-1_loss_bbox: 2.5978  matched_ious: 0.1607  aux_depth_loss: 0.4862  sec_per_iter: 0.4740  iters_per_sec: 2.1100  samples_per_sec: 33.7500  samples_per_sec_per_gpu: 8.4400  max_mem_allocated_mb: 607.2000  max_mem_reserved_mb: 21978.0000
04/08 21:53:43 - mmengine - INFO - Epoch(train)  [2][2950/5000]  lr: 2.0394e-04  eta: 6:57:12  time: 0.4552  data_time: 0.0139  memory: 15693  grad_norm: 11.9027  loss: 5.2786  loss_heatmap: 1.9835  layer_-1_loss_cls: 0.3446  layer_-1_loss_bbox: 2.4752  matched_ious: 0.1137  aux_depth_loss: 0.4754  sec_per_iter: 0.4739  iters_per_sec: 2.1100  samples_per_sec: 33.7600  samples_per_sec_per_gpu: 8.4400  max_mem_allocated_mb: 607.2000  max_mem_reserved_mb: 21978.0000
04/08 21:54:07 - mmengine - INFO - Exp name: zod_camera_only_20260408_204407
04/08 21:54:07 - mmengine - INFO - Epoch(train)  [2][3000/5000]  lr: 2.0561e-04  eta: 6:56:47  time: 0.4777  data_time: 0.0139  memory: 15694  grad_norm: 13.5665  loss: 5.3265  loss_heatmap: 1.9688  layer_-1_loss_cls: 0.3345  layer_-1_loss_bbox: 2.5437  matched_ious: 0.1056  aux_depth_loss: 0.4795  sec_per_iter: 0.4736  iters_per_sec: 2.1100  samples_per_sec: 33.7800  samples_per_sec_per_gpu: 8.4500  max_mem_allocated_mb: 607.2000  max_mem_reserved_mb: 21978.0000
04/08 21:54:30 - mmengine - INFO - Epoch(train)  [2][3050/5000]  lr: 2.0730e-04  eta: 6:56:16  time: 0.4571  data_time: 0.0130  memory: 15694  grad_norm: 20.1890  loss: 5.3866  loss_heatmap: 2.0015  layer_-1_loss_cls: 0.3517  layer_-1_loss_bbox: 2.5495  matched_ious: 0.1088  aux_depth_loss: 0.4839  sec_per_iter: 0.4737  iters_per_sec: 2.1100  samples_per_sec: 33.7800  samples_per_sec_per_gpu: 8.4400  max_mem_allocated_mb: 607.2000  max_mem_reserved_mb: 21978.0000
04/08 21:54:53 - mmengine - INFO - Epoch(train)  [2][3100/5000]  lr: 2.0898e-04  eta: 6:55:46  time: 0.4646  data_time: 0.0130  memory: 15696  grad_norm: 16.7147  loss: 5.5905  loss_heatmap: 2.0467  layer_-1_loss_cls: 0.3363  layer_-1_loss_bbox: 2.7123  matched_ious: 0.1168  aux_depth_loss: 0.4953  sec_per_iter: 0.4734  iters_per_sec: 2.1100  samples_per_sec: 33.8000  samples_per_sec_per_gpu: 8.4500  max_mem_allocated_mb: 607.2000  max_mem_reserved_mb: 21978.0000
04/08 21:55:16 - mmengine - INFO - Epoch(train)  [2][3150/5000]  lr: 2.1067e-04  eta: 6:55:18  time: 0.4679  data_time: 0.0137  memory: 15694  grad_norm: 11.3878  loss: 5.4775  loss_heatmap: 2.0022  layer_-1_loss_cls: 0.3359  layer_-1_loss_bbox: 2.6477  matched_ious: 0.1549  aux_depth_loss: 0.4917  sec_per_iter: 0.4733  iters_per_sec: 2.1100  samples_per_sec: 33.8100  samples_per_sec_per_gpu: 8.4500  max_mem_allocated_mb: 607.2000  max_mem_reserved_mb: 21978.0000
04/08 21:55:39 - mmengine - INFO - Epoch(train)  [2][3200/5000]  lr: 2.1237e-04  eta: 6:54:49  time: 0.4651  data_time: 0.0141  memory: 15695  grad_norm: 10.2359  loss: 5.2350  loss_heatmap: 1.9539  layer_-1_loss_cls: 0.3424  layer_-1_loss_bbox: 2.4605  matched_ious: 0.1405  aux_depth_loss: 0.4782  sec_per_iter: 0.4732  iters_per_sec: 2.1100  samples_per_sec: 33.8100  samples_per_sec_per_gpu: 8.4500  max_mem_allocated_mb: 607.2000  max_mem_reserved_mb: 21978.0000
04/08 21:56:03 - mmengine - INFO - Epoch(train)  [2][3250/5000]  lr: 2.1406e-04  eta: 6:54:22  time: 0.4699  data_time: 0.0134  memory: 15694  grad_norm: 18.0450  loss: 5.3376  loss_heatmap: 2.0006  layer_-1_loss_cls: 0.3430  layer_-1_loss_bbox: 2.5026  matched_ious: 0.0911  aux_depth_loss: 0.4913  sec_per_iter: 0.4731  iters_per_sec: 2.1100  samples_per_sec: 33.8200  samples_per_sec_per_gpu: 8.4600  max_mem_allocated_mb: 607.2000  max_mem_reserved_mb: 21978.0000
04/08 21:56:26 - mmengine - INFO - Epoch(train)  [2][3300/5000]  lr: 2.1576e-04  eta: 6:53:52  time: 0.4611  data_time: 0.0117  memory: 15696  grad_norm: 34.3433  loss: 5.6572  loss_heatmap: 2.0615  layer_-1_loss_cls: 0.3411  layer_-1_loss_bbox: 2.7265  matched_ious: 0.1933  aux_depth_loss: 0.5281  sec_per_iter: 0.4730  iters_per_sec: 2.1100  samples_per_sec: 33.8300  samples_per_sec_per_gpu: 8.4600  max_mem_allocated_mb: 607.2000  max_mem_reserved_mb: 21978.0000
04/08 21:56:50 - mmengine - INFO - Epoch(train)  [2][3350/5000]  lr: 2.1747e-04  eta: 6:53:30  time: 0.4858  data_time: 0.0125  memory: 15696  grad_norm: 22.9111  loss: 5.6098  loss_heatmap: 2.0603  layer_-1_loss_cls: 0.3400  layer_-1_loss_bbox: 2.6527  matched_ious: 0.0561  aux_depth_loss: 0.5567  sec_per_iter: 0.4729  iters_per_sec: 2.1100  samples_per_sec: 33.8400  samples_per_sec_per_gpu: 8.4600  max_mem_allocated_mb: 607.2000  max_mem_reserved_mb: 21978.0000
04/08 21:57:14 - mmengine - INFO - Epoch(train)  [2][3400/5000]  lr: 2.1918e-04  eta: 6:53:04  time: 0.4750  data_time: 0.0135  memory: 15694  grad_norm: 14.8059  loss: 5.5309  loss_heatmap: 2.0473  layer_-1_loss_cls: 0.3394  layer_-1_loss_bbox: 2.6313  matched_ious: 0.1252  aux_depth_loss: 0.5129  sec_per_iter: 0.4730  iters_per_sec: 2.1100  samples_per_sec: 33.8200  samples_per_sec_per_gpu: 8.4600  max_mem_allocated_mb: 607.2000  max_mem_reserved_mb: 21978.0000
04/08 21:57:38 - mmengine - INFO - Epoch(train)  [2][3450/5000]  lr: 2.2089e-04  eta: 6:52:41  time: 0.4822  data_time: 0.0126  memory: 15696  grad_norm: 17.3930  loss: 5.3567  loss_heatmap: 2.0609  layer_-1_loss_cls: 0.3490  layer_-1_loss_bbox: 2.4335  matched_ious: 0.1404  aux_depth_loss: 0.5132  sec_per_iter: 0.4731  iters_per_sec: 2.1100  samples_per_sec: 33.8200  samples_per_sec_per_gpu: 8.4600  max_mem_allocated_mb: 607.2000  max_mem_reserved_mb: 21978.0000
04/08 21:58:02 - mmengine - INFO - Epoch(train)  [2][3500/5000]  lr: 2.2261e-04  eta: 6:52:14  time: 0.4703  data_time: 0.0123  memory: 15694  grad_norm: 16.2642  loss: 5.5357  loss_heatmap: 2.0380  layer_-1_loss_cls: 0.3306  layer_-1_loss_bbox: 2.6704  matched_ious: 0.1354  aux_depth_loss: 0.4968  sec_per_iter: 0.4732  iters_per_sec: 2.1100  samples_per_sec: 33.8100  samples_per_sec_per_gpu: 8.4500  max_mem_allocated_mb: 607.2000  max_mem_reserved_mb: 21978.0000
04/08 21:58:25 - mmengine - INFO - Epoch(train)  [2][3550/5000]  lr: 2.2433e-04  eta: 6:51:45  time: 0.4668  data_time: 0.0129  memory: 15695  grad_norm: 13.2420  loss: 5.4704  loss_heatmap: 2.0440  layer_-1_loss_cls: 0.3332  layer_-1_loss_bbox: 2.5955  matched_ious: 0.1222  aux_depth_loss: 0.4977  sec_per_iter: 0.4732  iters_per_sec: 2.1100  samples_per_sec: 33.8200  samples_per_sec_per_gpu: 8.4500  max_mem_allocated_mb: 607.2000  max_mem_reserved_mb: 21978.0000
04/08 21:58:50 - mmengine - INFO - Epoch(train)  [2][3600/5000]  lr: 2.2605e-04  eta: 6:51:28  time: 0.5016  data_time: 0.0145  memory: 15694  grad_norm: 15.7171  loss: 5.6739  loss_heatmap: 2.0597  layer_-1_loss_cls: 0.3228  layer_-1_loss_bbox: 2.7907  matched_ious: 0.1148  aux_depth_loss: 0.5006  sec_per_iter: 0.4731  iters_per_sec: 2.1100  samples_per_sec: 33.8200  samples_per_sec_per_gpu: 8.4600  max_mem_allocated_mb: 607.2000  max_mem_reserved_mb: 21978.0000
04/08 21:59:14 - mmengine - INFO - Epoch(train)  [2][3650/5000]  lr: 2.2777e-04  eta: 6:51:02  time: 0.4748  data_time: 0.0127  memory: 15696  grad_norm: 17.2128  loss: 5.6795  loss_heatmap: 2.0781  layer_-1_loss_cls: 0.3307  layer_-1_loss_bbox: 2.7603  matched_ious: 0.1119  aux_depth_loss: 0.5105  sec_per_iter: 0.4735  iters_per_sec: 2.1100  samples_per_sec: 33.7900  samples_per_sec_per_gpu: 8.4500  max_mem_allocated_mb: 607.2000  max_mem_reserved_mb: 21978.0000
04/08 21:59:39 - mmengine - INFO - Epoch(train)  [2][3700/5000]  lr: 2.2950e-04  eta: 6:50:45  time: 0.5030  data_time: 0.0122  memory: 15694  grad_norm: 14.3959  loss: 5.8002  loss_heatmap: 2.0568  layer_-1_loss_cls: 0.3185  layer_-1_loss_bbox: 2.8913  matched_ious: 0.0977  aux_depth_loss: 0.5336  sec_per_iter: 0.4735  iters_per_sec: 2.1100  samples_per_sec: 33.7900  samples_per_sec_per_gpu: 8.4500  max_mem_allocated_mb: 607.2000  max_mem_reserved_mb: 21978.0000
04/08 22:00:03 - mmengine - INFO - Epoch(train)  [2][3750/5000]  lr: 2.3123e-04  eta: 6:50:19  time: 0.4723  data_time: 0.0122  memory: 15695  grad_norm: 14.0886  loss: 5.5249  loss_heatmap: 2.0445  layer_-1_loss_cls: 0.3343  layer_-1_loss_bbox: 2.6435  matched_ious: 0.1634  aux_depth_loss: 0.5027  sec_per_iter: 0.4739  iters_per_sec: 2.1100  samples_per_sec: 33.7600  samples_per_sec_per_gpu: 8.4400  max_mem_allocated_mb: 607.2000  max_mem_reserved_mb: 21978.0000
04/08 22:00:27 - mmengine - INFO - Epoch(train)  [2][3800/5000]  lr: 2.3296e-04  eta: 6:49:59  time: 0.4967  data_time: 0.0117  memory: 15695  grad_norm: 10.6084  loss: 5.4548  loss_heatmap: 2.0331  layer_-1_loss_cls: 0.3479  layer_-1_loss_bbox: 2.5849  matched_ious: 0.1095  aux_depth_loss: 0.4888  sec_per_iter: 0.4739  iters_per_sec: 2.1100  samples_per_sec: 33.7700  samples_per_sec_per_gpu: 8.4400  max_mem_allocated_mb: 607.2000  max_mem_reserved_mb: 21978.0000
04/08 22:00:51 - mmengine - INFO - Epoch(train)  [2][3850/5000]  lr: 2.3470e-04  eta: 6:49:33  time: 0.4739  data_time: 0.0153  memory: 15697  grad_norm: 11.6150  loss: 5.1732  loss_heatmap: 1.9925  layer_-1_loss_cls: 0.3495  layer_-1_loss_bbox: 2.3477  matched_ious: 0.1830  aux_depth_loss: 0.4836  sec_per_iter: 0.4742  iters_per_sec: 2.1100  samples_per_sec: 33.7400  samples_per_sec_per_gpu: 8.4400  max_mem_allocated_mb: 607.2000  max_mem_reserved_mb: 21978.0000
04/08 22:01:15 - mmengine - INFO - Epoch(train)  [2][3900/5000]  lr: 2.3644e-04  eta: 6:49:11  time: 0.4859  data_time: 0.0122  memory: 15696  grad_norm: 15.4219  loss: 5.3868  loss_heatmap: 2.0415  layer_-1_loss_cls: 0.3428  layer_-1_loss_bbox: 2.5167  matched_ious: 0.0861  aux_depth_loss: 0.4857  sec_per_iter: 0.4742  iters_per_sec: 2.1100  samples_per_sec: 33.7400  samples_per_sec_per_gpu: 8.4400  max_mem_allocated_mb: 607.2000  max_mem_reserved_mb: 21978.0000
04/08 22:01:39 - mmengine - INFO - Epoch(train)  [2][3950/5000]  lr: 2.3818e-04  eta: 6:48:43  time: 0.4662  data_time: 0.0123  memory: 15696  grad_norm: 12.4336  loss: 5.3642  loss_heatmap: 2.0061  layer_-1_loss_cls: 0.3396  layer_-1_loss_bbox: 2.5324  matched_ious: 0.1257  aux_depth_loss: 0.4862  sec_per_iter: 0.4743  iters_per_sec: 2.1100  samples_per_sec: 33.7300  samples_per_sec_per_gpu: 8.4300  max_mem_allocated_mb: 607.2000  max_mem_reserved_mb: 21978.0000
04/08 22:02:04 - mmengine - INFO - Exp name: zod_camera_only_20260408_204407
04/08 22:02:04 - mmengine - INFO - Epoch(train)  [2][4000/5000]  lr: 2.3992e-04  eta: 6:48:24  time: 0.5005  data_time: 0.0119  memory: 15696  grad_norm: 14.0377  loss: 5.5258  loss_heatmap: 2.0525  layer_-1_loss_cls: 0.3426  layer_-1_loss_bbox: 2.6357  matched_ious: 0.1888  aux_depth_loss: 0.4949  sec_per_iter: 0.4742  iters_per_sec: 2.1100  samples_per_sec: 33.7400  samples_per_sec_per_gpu: 8.4400  max_mem_allocated_mb: 607.2000  max_mem_reserved_mb: 21978.0000
04/08 22:02:27 - mmengine - INFO - Epoch(train)  [2][4050/5000]  lr: 2.4167e-04  eta: 6:47:55  time: 0.4609  data_time: 0.0116  memory: 15694  grad_norm: 15.0383  loss: 5.5381  loss_heatmap: 2.0493  layer_-1_loss_cls: 0.3518  layer_-1_loss_bbox: 2.6311  matched_ious: 0.1391  aux_depth_loss: 0.5059  sec_per_iter: 0.4745  iters_per_sec: 2.1100  samples_per_sec: 33.7200  samples_per_sec_per_gpu: 8.4300  max_mem_allocated_mb: 607.2000  max_mem_reserved_mb: 21978.0000
04/08 22:02:50 - mmengine - INFO - Epoch(train)  [2][4100/5000]  lr: 2.4342e-04  eta: 6:47:29  time: 0.4721  data_time: 0.0118  memory: 15696  grad_norm: 12.0260  loss: 5.5536  loss_heatmap: 2.0629  layer_-1_loss_cls: 0.3501  layer_-1_loss_bbox: 2.6277  matched_ious: 0.1240  aux_depth_loss: 0.5128  sec_per_iter: 0.4744  iters_per_sec: 2.1100  samples_per_sec: 33.7300  samples_per_sec_per_gpu: 8.4300  max_mem_allocated_mb: 607.2000  max_mem_reserved_mb: 21978.0000
04/08 22:03:14 - mmengine - INFO - Epoch(train)  [2][4150/5000]  lr: 2.4517e-04  eta: 6:47:01  time: 0.4672  data_time: 0.0122  memory: 15693  grad_norm: 13.0599  loss: 5.4755  loss_heatmap: 2.0053  layer_-1_loss_cls: 0.3337  layer_-1_loss_bbox: 2.6340  matched_ious: 0.1076  aux_depth_loss: 0.5025  sec_per_iter: 0.4743  iters_per_sec: 2.1100  samples_per_sec: 33.7300  samples_per_sec_per_gpu: 8.4300  max_mem_allocated_mb: 607.2000  max_mem_reserved_mb: 21978.0000
04/08 22:03:37 - mmengine - INFO - Epoch(train)  [2][4200/5000]  lr: 2.4692e-04  eta: 6:46:34  time: 0.4711  data_time: 0.0122  memory: 15695  grad_norm: 16.4527  loss: 5.7699  loss_heatmap: 2.0934  layer_-1_loss_cls: 0.3305  layer_-1_loss_bbox: 2.8244  matched_ious: 0.0850  aux_depth_loss: 0.5216  sec_per_iter: 0.4743  iters_per_sec: 2.1100  samples_per_sec: 33.7400  samples_per_sec_per_gpu: 8.4300  max_mem_allocated_mb: 607.2000  max_mem_reserved_mb: 21978.0000
04/08 22:04:01 - mmengine - INFO - Epoch(train)  [2][4250/5000]  lr: 2.4867e-04  eta: 6:46:07  time: 0.4661  data_time: 0.0124  memory: 15697  grad_norm: 18.4570  loss: 5.5797  loss_heatmap: 2.0364  layer_-1_loss_cls: 0.3316  layer_-1_loss_bbox: 2.6996  matched_ious: 0.1461  aux_depth_loss: 0.5120  sec_per_iter: 0.4742  iters_per_sec: 2.1100  samples_per_sec: 33.7400  samples_per_sec_per_gpu: 8.4300  max_mem_allocated_mb: 607.2000  max_mem_reserved_mb: 21978.0000
04/08 22:04:25 - mmengine - INFO - Epoch(train)  [2][4300/5000]  lr: 2.5042e-04  eta: 6:45:45  time: 0.4882  data_time: 0.0116  memory: 15693  grad_norm: 10.8122  loss: 5.6790  loss_heatmap: 2.0252  layer_-1_loss_cls: 0.3253  layer_-1_loss_bbox: 2.8271  matched_ious: 0.1095  aux_depth_loss: 0.5014  sec_per_iter: 0.4741  iters_per_sec: 2.1100  samples_per_sec: 33.7500  samples_per_sec_per_gpu: 8.4400  max_mem_allocated_mb: 607.2000  max_mem_reserved_mb: 21978.0000
04/08 22:04:48 - mmengine - INFO - Epoch(train)  [2][4350/5000]  lr: 2.5218e-04  eta: 6:45:15  time: 0.4598  data_time: 0.0126  memory: 15696  grad_norm: 11.8037  loss: 5.3709  loss_heatmap: 1.9825  layer_-1_loss_cls: 0.3393  layer_-1_loss_bbox: 2.5586  matched_ious: 0.1580  aux_depth_loss: 0.4905  sec_per_iter: 0.4743  iters_per_sec: 2.1100  samples_per_sec: 33.7400  samples_per_sec_per_gpu: 8.4300  max_mem_allocated_mb: 607.2000  max_mem_reserved_mb: 21978.0000
04/08 22:05:12 - mmengine - INFO - Epoch(train)  [2][4400/5000]  lr: 2.5394e-04  eta: 6:44:49  time: 0.4707  data_time: 0.0121  memory: 15696  grad_norm: 11.8110  loss: 5.4313  loss_heatmap: 1.9726  layer_-1_loss_cls: 0.3288  layer_-1_loss_bbox: 2.6382  matched_ious: 0.1783  aux_depth_loss: 0.4918  sec_per_iter: 0.4741  iters_per_sec: 2.1100  samples_per_sec: 33.7500  samples_per_sec_per_gpu: 8.4400  max_mem_allocated_mb: 607.2000  max_mem_reserved_mb: 21978.0000
04/08 22:05:35 - mmengine - INFO - Epoch(train)  [2][4450/5000]  lr: 2.5570e-04  eta: 6:44:20  time: 0.4617  data_time: 0.0122  memory: 15694  grad_norm: 13.7930  loss: 5.5306  loss_heatmap: 2.0378  layer_-1_loss_cls: 0.3377  layer_-1_loss_bbox: 2.6677  matched_ious: 0.0953  aux_depth_loss: 0.4875  sec_per_iter: 0.4741  iters_per_sec: 2.1100  samples_per_sec: 33.7500  samples_per_sec_per_gpu: 8.4400  max_mem_allocated_mb: 607.2000  max_mem_reserved_mb: 21978.0000
04/08 22:05:57 - mmengine - INFO - Epoch(train)  [2][4500/5000]  lr: 2.5746e-04  eta: 6:43:48  time: 0.4519  data_time: 0.0127  memory: 15696  grad_norm: 15.2644  loss: 5.3637  loss_heatmap: 2.0461  layer_-1_loss_cls: 0.3441  layer_-1_loss_bbox: 2.4667  matched_ious: 0.1560  aux_depth_loss: 0.5068  sec_per_iter: 0.4739  iters_per_sec: 2.1100  samples_per_sec: 33.7600  samples_per_sec_per_gpu: 8.4400  max_mem_allocated_mb: 607.2000  max_mem_reserved_mb: 21978.0000
04/08 22:06:20 - mmengine - INFO - Epoch(train)  [2][4550/5000]  lr: 2.5922e-04  eta: 6:43:19  time: 0.4615  data_time: 0.0123  memory: 15694  grad_norm: 16.2347  loss: 5.3794  loss_heatmap: 2.0147  layer_-1_loss_cls: 0.3576  layer_-1_loss_bbox: 2.5047  matched_ious: 0.1849  aux_depth_loss: 0.5024  sec_per_iter: 0.4737  iters_per_sec: 2.1100  samples_per_sec: 33.7800  samples_per_sec_per_gpu: 8.4400  max_mem_allocated_mb: 607.2000  max_mem_reserved_mb: 21978.0000
04/08 22:06:43 - mmengine - INFO - Epoch(train)  [2][4600/5000]  lr: 2.6098e-04  eta: 6:42:51  time: 0.4630  data_time: 0.0124  memory: 15694  grad_norm: 18.5272  loss: 5.3641  loss_heatmap: 2.0262  layer_-1_loss_cls: 0.3510  layer_-1_loss_bbox: 2.4816  matched_ious: 0.1064  aux_depth_loss: 0.5053  sec_per_iter: 0.4736  iters_per_sec: 2.1100  samples_per_sec: 33.7900  samples_per_sec_per_gpu: 8.4500  max_mem_allocated_mb: 607.2000  max_mem_reserved_mb: 21978.0000
04/08 22:07:06 - mmengine - INFO - Epoch(train)  [2][4650/5000]  lr: 2.6274e-04  eta: 6:42:21  time: 0.4571  data_time: 0.0118  memory: 15693  grad_norm: 13.6461  loss: 5.4996  loss_heatmap: 2.0255  layer_-1_loss_cls: 0.3670  layer_-1_loss_bbox: 2.5928  matched_ious: 0.1028  aux_depth_loss: 0.5144  sec_per_iter: 0.4734  iters_per_sec: 2.1100  samples_per_sec: 33.7900  samples_per_sec_per_gpu: 8.4500  max_mem_allocated_mb: 607.2000  max_mem_reserved_mb: 21978.0000
04/08 22:07:30 - mmengine - INFO - Epoch(train)  [2][4700/5000]  lr: 2.6451e-04  eta: 6:41:55  time: 0.4694  data_time: 0.0125  memory: 15694  grad_norm: 12.2560  loss: 5.3324  loss_heatmap: 1.9795  layer_-1_loss_cls: 0.3567  layer_-1_loss_bbox: 2.4774  matched_ious: 0.0934  aux_depth_loss: 0.5187  sec_per_iter: 0.4733  iters_per_sec: 2.1100  samples_per_sec: 33.8100  samples_per_sec_per_gpu: 8.4500  max_mem_allocated_mb: 607.2000  max_mem_reserved_mb: 21978.0000
04/08 22:07:53 - mmengine - INFO - Epoch(train)  [2][4750/5000]  lr: 2.6627e-04  eta: 6:41:28  time: 0.4690  data_time: 0.0130  memory: 15695  grad_norm: 14.3452  loss: 5.3929  loss_heatmap: 1.9705  layer_-1_loss_cls: 0.3389  layer_-1_loss_bbox: 2.5784  matched_ious: 0.0754  aux_depth_loss: 0.5051  sec_per_iter: 0.4732  iters_per_sec: 2.1100  samples_per_sec: 33.8100  samples_per_sec_per_gpu: 8.4500  max_mem_allocated_mb: 607.2000  max_mem_reserved_mb: 21978.0000
04/08 22:08:17 - mmengine - INFO - Epoch(train)  [2][4800/5000]  lr: 2.6804e-04  eta: 6:41:03  time: 0.4745  data_time: 0.0119  memory: 15694  grad_norm: 21.4716  loss: 5.7148  loss_heatmap: 2.0879  layer_-1_loss_cls: 0.3357  layer_-1_loss_bbox: 2.7651  matched_ious: 0.0988  aux_depth_loss: 0.5261  sec_per_iter: 0.4732  iters_per_sec: 2.1100  samples_per_sec: 33.8100  samples_per_sec_per_gpu: 8.4500  max_mem_allocated_mb: 607.2000  max_mem_reserved_mb: 21978.0000
04/08 22:08:40 - mmengine - INFO - Epoch(train)  [2][4850/5000]  lr: 2.6980e-04  eta: 6:40:35  time: 0.4625  data_time: 0.0126  memory: 15694  grad_norm: 20.2851  loss: 5.7749  loss_heatmap: 2.0496  layer_-1_loss_cls: 0.3242  layer_-1_loss_bbox: 2.8776  matched_ious: 0.0703  aux_depth_loss: 0.5236  sec_per_iter: 0.4732  iters_per_sec: 2.1100  samples_per_sec: 33.8100  samples_per_sec_per_gpu: 8.4500  max_mem_allocated_mb: 607.2000  max_mem_reserved_mb: 21978.0000
04/08 22:09:05 - mmengine - INFO - Epoch(train)  [2][4900/5000]  lr: 2.7157e-04  eta: 6:40:14  time: 0.4914  data_time: 0.0119  memory: 15695  grad_norm: 18.6083  loss: 5.9797  loss_heatmap: 2.1549  layer_-1_loss_cls: 0.3387  layer_-1_loss_bbox: 2.9210  matched_ious: 0.1120  aux_depth_loss: 0.5651  sec_per_iter: 0.4731  iters_per_sec: 2.1100  samples_per_sec: 33.8200  samples_per_sec_per_gpu: 8.4600  max_mem_allocated_mb: 607.2000  max_mem_reserved_mb: 21978.0000
04/08 22:09:28 - mmengine - INFO - Epoch(train)  [2][4950/5000]  lr: 2.7333e-04  eta: 6:39:44  time: 0.4574  data_time: 0.0118  memory: 15696  grad_norm: 18.1787  loss: 6.0697  loss_heatmap: 2.2023  layer_-1_loss_cls: 0.3397  layer_-1_loss_bbox: 2.9873  matched_ious: 0.1020  aux_depth_loss: 0.5404  sec_per_iter: 0.4733  iters_per_sec: 2.1100  samples_per_sec: 33.8100  samples_per_sec_per_gpu: 8.4500  max_mem_allocated_mb: 607.2000  max_mem_reserved_mb: 21978.0000
04/08 22:09:50 - mmengine - INFO - Exp name: zod_camera_only_20260408_204407
04/08 22:09:50 - mmengine - INFO - Epoch(train)  [2][5000/5000]  lr: 2.7510e-04  eta: 6:39:15  time: 0.4576  data_time: 0.0116  memory: 15696  grad_norm: 14.6446  loss: 5.8729  loss_heatmap: 2.1082  layer_-1_loss_cls: 0.3380  layer_-1_loss_bbox: 2.8701  matched_ious: 0.0882  aux_depth_loss: 0.5566  sec_per_iter: 0.4731  iters_per_sec: 2.1100  samples_per_sec: 33.8200  samples_per_sec_per_gpu: 8.4500  max_mem_allocated_mb: 607.2000  max_mem_reserved_mb: 21978.0000
04/08 22:09:50 - mmengine - INFO - [Efficiency] Epoch 2: wall=2364.8s  iters=5000  sec/iter=0.473  mem_alloc=607MB  mem_rsv=21978MB
04/08 22:09:50 - mmengine - INFO - Saving checkpoint at 2 epochs
04/08 22:09:59 - mmengine - INFO - Epoch(val)  [2][  50/1250]    eta: 0:02:39  time: 0.1332  data_time: 0.0092  memory: 4720  
04/08 22:10:05 - mmengine - INFO - Epoch(val)  [2][ 100/1250]    eta: 0:02:32  time: 0.1315  data_time: 0.0067  memory: 4725  
04/08 22:10:12 - mmengine - INFO - Epoch(val)  [2][ 150/1250]    eta: 0:02:25  time: 0.1327  data_time: 0.0057  memory: 4729  
04/08 22:10:18 - mmengine - INFO - Epoch(val)  [2][ 200/1250]    eta: 0:02:17  time: 0.1247  data_time: 0.0055  memory: 4726  
04/08 22:10:26 - mmengine - INFO - Epoch(val)  [2][ 250/1250]    eta: 0:02:16  time: 0.1614  data_time: 0.0057  memory: 4716  
04/08 22:10:33 - mmengine - INFO - Epoch(val)  [2][ 300/1250]    eta: 0:02:09  time: 0.1365  data_time: 0.0062  memory: 4723  
04/08 22:10:39 - mmengine - INFO - Epoch(val)  [2][ 350/1250]    eta: 0:02:02  time: 0.1302  data_time: 0.0060  memory: 4726  
04/08 22:10:46 - mmengine - INFO - Epoch(val)  [2][ 400/1250]    eta: 0:01:55  time: 0.1323  data_time: 0.0060  memory: 4716  
04/08 22:10:53 - mmengine - INFO - Epoch(val)  [2][ 450/1250]    eta: 0:01:47  time: 0.1293  data_time: 0.0059  memory: 4719  
04/08 22:10:59 - mmengine - INFO - Epoch(val)  [2][ 500/1250]    eta: 0:01:40  time: 0.1246  data_time: 0.0058  memory: 4719  
04/08 22:11:06 - mmengine - INFO - Epoch(val)  [2][ 550/1250]    eta: 0:01:33  time: 0.1378  data_time: 0.0063  memory: 4719  
04/08 22:11:12 - mmengine - INFO - Epoch(val)  [2][ 600/1250]    eta: 0:01:26  time: 0.1306  data_time: 0.0055  memory: 4723  
04/08 22:11:19 - mmengine - INFO - Epoch(val)  [2][ 650/1250]    eta: 0:01:19  time: 0.1278  data_time: 0.0056  memory: 4723  
04/08 22:11:25 - mmengine - INFO - Epoch(val)  [2][ 700/1250]    eta: 0:01:13  time: 0.1287  data_time: 0.0056  memory: 4720  
04/08 22:11:32 - mmengine - INFO - Epoch(val)  [2][ 750/1250]    eta: 0:01:06  time: 0.1318  data_time: 0.0058  memory: 4722  
04/08 22:11:38 - mmengine - INFO - Epoch(val)  [2][ 800/1250]    eta: 0:00:59  time: 0.1270  data_time: 0.0056  memory: 4717  
04/08 22:11:44 - mmengine - INFO - Epoch(val)  [2][ 850/1250]    eta: 0:00:52  time: 0.1260  data_time: 0.0054  memory: 4722  
04/08 22:11:51 - mmengine - INFO - Epoch(val)  [2][ 900/1250]    eta: 0:00:46  time: 0.1263  data_time: 0.0057  memory: 4726  
04/08 22:11:57 - mmengine - INFO - Epoch(val)  [2][ 950/1250]    eta: 0:00:39  time: 0.1311  data_time: 0.0055  memory: 4723  
04/08 22:12:04 - mmengine - INFO - Epoch(val)  [2][1000/1250]    eta: 0:00:32  time: 0.1264  data_time: 0.0056  memory: 4726  
04/08 22:12:11 - mmengine - INFO - Epoch(val)  [2][1050/1250]    eta: 0:00:26  time: 0.1405  data_time: 0.0060  memory: 4726  
04/08 22:12:17 - mmengine - INFO - Epoch(val)  [2][1100/1250]    eta: 0:00:19  time: 0.1287  data_time: 0.0058  memory: 4726  
04/08 22:12:23 - mmengine - INFO - Epoch(val)  [2][1150/1250]    eta: 0:00:13  time: 0.1278  data_time: 0.0058  memory: 4721  
04/08 22:12:30 - mmengine - INFO - Epoch(val)  [2][1200/1250]    eta: 0:00:06  time: 0.1254  data_time: 0.0057  memory: 4719  
04/08 22:12:36 - mmengine - INFO - Epoch(val)  [2][1250/1250]    eta: 0:00:00  time: 0.1283  data_time: 0.0060  memory: 4723  
04/08 22:13:52 - mmengine - INFO - 
+------------+---------+---------+---------+---------+
| classes    | AP_0.25 | AR_0.25 | AP_0.50 | AR_0.50 |
+------------+---------+---------+---------+---------+
| pedestrian | 0.0254  | 0.2133  | 0.0008  | 0.0323  |
+------------+---------+---------+---------+---------+
| Overall    | 0.0254  | 0.2133  | 0.0008  | 0.0323  |
+------------+---------+---------+---------+---------+
04/08 22:14:21 - mmengine - INFO - 
+------------+---------+---------+---------+---------+---------+---------+---------+---------+
| classes    | AP_0.5m | AR_0.5m | AP_1.0m | AR_1.0m | AP_2.0m | AR_2.0m | AP_4.0m | AR_4.0m |
+------------+---------+---------+---------+---------+---------+---------+---------+---------+
| pedestrian | 0.0725  | 0.4043  | 0.1276  | 0.5431  | 0.1650  | 0.6330  | 0.1878  | 0.7052  |
+------------+---------+---------+---------+---------+---------+---------+---------+---------+
| Overall    | 0.0725  | 0.4043  | 0.1276  | 0.5431  | 0.1650  | 0.6330  | 0.1878  | 0.7052  |
+------------+---------+---------+---------+---------+---------+---------+---------+---------+
04/08 22:14:22 - mmengine - INFO - Epoch(val) [2][1250/1250]    pedestrian_AP_0.25: 0.0254  mAP_0.25: 0.0254  pedestrian_rec_0.25: 0.2133  mAR_0.25: 0.2133  pedestrian_AP_0.50: 0.0008  mAP_0.50: 0.0008  pedestrian_rec_0.50: 0.0323  mAR_0.50: 0.0323  pedestrian_AP_0.5m: 0.0725  pedestrian_rec_0.5m: 0.4043  pedestrian_AP_1.0m: 0.1276  pedestrian_rec_1.0m: 0.5431  pedestrian_AP_2.0m: 0.1650  pedestrian_rec_2.0m: 0.6330  pedestrian_AP_4.0m: 0.1878  pedestrian_rec_4.0m: 0.7052  mAP_0.5m: 0.0725  mAR_0.5m: 0.4043  mAP_1.0m: 0.1276  mAR_1.0m: 0.5431  mAP_2.0m: 0.1650  mAR_2.0m: 0.6330  mAP_4.0m: 0.1878  mAR_4.0m: 0.7052  data_time: 0.0060  time: 0.1312
04/08 22:14:22 - mmengine - INFO - The previous best checkpoint /home/users/u103958/projects/multimodal-MoE/outputs/runs/zod_camera_only/zod-cam-only_4461334/best_mAP_0.50_epoch_1.pth is removed
04/08 22:14:23 - mmengine - INFO - The best checkpoint with 0.0008 mAP_0.50 at 2 epoch is saved to best_mAP_0.50_epoch_2.pth.
04/08 22:14:49 - mmengine - INFO - Epoch(train)  [3][  50/5000]  lr: 2.7687e-04  eta: 6:38:47  time: 0.4620  data_time: 0.0175  memory: 15694  grad_norm: 12.9185  loss: 5.6968  loss_heatmap: 2.0987  layer_-1_loss_cls: 0.3467  layer_-1_loss_bbox: 2.7098  matched_ious: 0.1201  aux_depth_loss: 0.5416  sec_per_iter: 0.4730  iters_per_sec: 2.1100  samples_per_sec: 33.8300  samples_per_sec_per_gpu: 8.4600  max_mem_allocated_mb: 607.2000  max_mem_reserved_mb: 21978.0000
04/08 22:15:12 - mmengine - INFO - Epoch(train)  [3][ 100/5000]  lr: 2.7863e-04  eta: 6:38:21  time: 0.4713  data_time: 0.0112  memory: 15697  grad_norm: 11.1427  loss: 5.4461  loss_heatmap: 1.9959  layer_-1_loss_cls: 0.3370  layer_-1_loss_bbox: 2.5858  matched_ious: 0.0941  aux_depth_loss: 0.5273  sec_per_iter: 0.4625  iters_per_sec: 2.1600  samples_per_sec: 34.6000  samples_per_sec_per_gpu: 8.6500  max_mem_allocated_mb: 607.2000  max_mem_reserved_mb: 21978.0000
04/08 22:15:35 - mmengine - INFO - Epoch(train)  [3][ 150/5000]  lr: 2.8040e-04  eta: 6:37:53  time: 0.4633  data_time: 0.0112  memory: 15694  grad_norm: 11.0285  loss: 5.5656  loss_heatmap: 2.0127  layer_-1_loss_cls: 0.3433  layer_-1_loss_bbox: 2.6921  matched_ious: 0.1212  aux_depth_loss: 0.5175  sec_per_iter: 0.4668  iters_per_sec: 2.1400  samples_per_sec: 34.2700  samples_per_sec_per_gpu: 8.5700  max_mem_allocated_mb: 607.2000  max_mem_reserved_mb: 21978.0000
04/08 22:15:58 - mmengine - INFO - Epoch(train)  [3][ 200/5000]  lr: 2.8216e-04  eta: 6:37:23  time: 0.4559  data_time: 0.0116  memory: 15694  grad_norm: 10.3183  loss: 5.5043  loss_heatmap: 2.0128  layer_-1_loss_cls: 0.3354  layer_-1_loss_bbox: 2.6486  matched_ious: 0.0913  aux_depth_loss: 0.5075  sec_per_iter: 0.4657  iters_per_sec: 2.1500  samples_per_sec: 34.3500  samples_per_sec_per_gpu: 8.5900  max_mem_allocated_mb: 607.2000  max_mem_reserved_mb: 21978.0000
04/08 22:16:22 - mmengine - INFO - Epoch(train)  [3][ 250/5000]  lr: 2.8393e-04  eta: 6:36:59  time: 0.4764  data_time: 0.0113  memory: 15694  grad_norm: 9.5463  loss: 5.3143  loss_heatmap: 1.9732  layer_-1_loss_cls: 0.3360  layer_-1_loss_bbox: 2.5041  matched_ious: 0.1479  aux_depth_loss: 0.5011  sec_per_iter: 0.4632  iters_per_sec: 2.1600  samples_per_sec: 34.5400  samples_per_sec_per_gpu: 8.6300  max_mem_allocated_mb: 607.2000  max_mem_reserved_mb: 21978.0000
04/08 22:16:45 - mmengine - INFO - Epoch(train)  [3][ 300/5000]  lr: 2.8569e-04  eta: 6:36:29  time: 0.4525  data_time: 0.0123  memory: 15693  grad_norm: 11.8995  loss: 5.3905  loss_heatmap: 1.9280  layer_-1_loss_cls: 0.3287  layer_-1_loss_bbox: 2.6364  matched_ious: 0.1295  aux_depth_loss: 0.4975  sec_per_iter: 0.4659  iters_per_sec: 2.1500  samples_per_sec: 34.3400  samples_per_sec_per_gpu: 8.5900  max_mem_allocated_mb: 607.2000  max_mem_reserved_mb: 21978.0000
04/08 22:17:08 - mmengine - INFO - Epoch(train)  [3][ 350/5000]  lr: 2.8746e-04  eta: 6:36:01  time: 0.4616  data_time: 0.0113  memory: 15699  grad_norm: 9.9826  loss: 5.3628  loss_heatmap: 1.9713  layer_-1_loss_cls: 0.3387  layer_-1_loss_bbox: 2.5435  matched_ious: 0.1188  aux_depth_loss: 0.5094  sec_per_iter: 0.4636  iters_per_sec: 2.1600  samples_per_sec: 34.5100  samples_per_sec_per_gpu: 8.6300  max_mem_allocated_mb: 607.2000  max_mem_reserved_mb: 21978.0000
04/08 22:17:31 - mmengine - INFO - Epoch(train)  [3][ 400/5000]  lr: 2.8922e-04  eta: 6:35:36  time: 0.4754  data_time: 0.0167  memory: 15694  grad_norm: 10.0382  loss: 5.1606  loss_heatmap: 1.9522  layer_-1_loss_cls: 0.3441  layer_-1_loss_bbox: 2.3680  matched_ious: 0.0826  aux_depth_loss: 0.4963  sec_per_iter: 0.4634  iters_per_sec: 2.1600  samples_per_sec: 34.5300  samples_per_sec_per_gpu: 8.6300  max_mem_allocated_mb: 607.2000  max_mem_reserved_mb: 21978.0000
04/08 22:17:55 - mmengine - INFO - Epoch(train)  [3][ 450/5000]  lr: 2.9098e-04  eta: 6:35:10  time: 0.4699  data_time: 0.0120  memory: 15695  grad_norm: 9.9868  loss: 5.2712  loss_heatmap: 1.9530  layer_-1_loss_cls: 0.3391  layer_-1_loss_bbox: 2.4695  matched_ious: 0.1288  aux_depth_loss: 0.5097  sec_per_iter: 0.4649  iters_per_sec: 2.1500  samples_per_sec: 34.4200  samples_per_sec_per_gpu: 8.6000  max_mem_allocated_mb: 607.2000  max_mem_reserved_mb: 21978.0000
04/08 22:18:18 - mmengine - INFO - Epoch(train)  [3][ 500/5000]  lr: 2.9274e-04  eta: 6:34:40  time: 0.4536  data_time: 0.0114  memory: 15695  grad_norm: 12.9540  loss: 5.5175  loss_heatmap: 2.0307  layer_-1_loss_cls: 0.3365  layer_-1_loss_bbox: 2.6528  matched_ious: 0.1490  aux_depth_loss: 0.4976  sec_per_iter: 0.4655  iters_per_sec: 2.1500  samples_per_sec: 34.3700  samples_per_sec_per_gpu: 8.5900  max_mem_allocated_mb: 607.2000  max_mem_reserved_mb: 21978.0000
04/08 22:18:41 - mmengine - INFO - Epoch(train)  [3][ 550/5000]  lr: 2.9450e-04  eta: 6:34:13  time: 0.4644  data_time: 0.0121  memory: 15694  grad_norm: 13.2383  loss: 5.4596  loss_heatmap: 1.9864  layer_-1_loss_cls: 0.3368  layer_-1_loss_bbox: 2.6298  matched_ious: 0.1796  aux_depth_loss: 0.5066  sec_per_iter: 0.4643  iters_per_sec: 2.1500  samples_per_sec: 34.4600  samples_per_sec_per_gpu: 8.6200  max_mem_allocated_mb: 607.2000  max_mem_reserved_mb: 21978.0000
04/08 22:19:04 - mmengine - INFO - Epoch(train)  [3][ 600/5000]  lr: 2.9626e-04  eta: 6:33:46  time: 0.4636  data_time: 0.0118  memory: 15693  grad_norm: 11.2421  loss: 5.2920  loss_heatmap: 1.9835  layer_-1_loss_cls: 0.3535  layer_-1_loss_bbox: 2.4453  matched_ious: 0.1115  aux_depth_loss: 0.5097  sec_per_iter: 0.4643  iters_per_sec: 2.1500  samples_per_sec: 34.4600  samples_per_sec_per_gpu: 8.6200  max_mem_allocated_mb: 607.2000  max_mem_reserved_mb: 21978.0000
04/08 22:19:28 - mmengine - INFO - Epoch(train)  [3][ 650/5000]  lr: 2.9802e-04  eta: 6:33:20  time: 0.4703  data_time: 0.0134  memory: 15696  grad_norm: 12.2398  loss: 5.1868  loss_heatmap: 1.9221  layer_-1_loss_cls: 0.3462  layer_-1_loss_bbox: 2.4142  matched_ious: 0.1151  aux_depth_loss: 0.5043  sec_per_iter: 0.4642  iters_per_sec: 2.1500  samples_per_sec: 34.4700  samples_per_sec_per_gpu: 8.6200  max_mem_allocated_mb: 607.2000  max_mem_reserved_mb: 21978.0000
04/08 22:19:51 - mmengine - INFO - Epoch(train)  [3][ 700/5000]  lr: 2.9978e-04  eta: 6:32:54  time: 0.4720  data_time: 0.0114  memory: 15693  grad_norm: 12.9737  loss: 5.4420  loss_heatmap: 2.0075  layer_-1_loss_cls: 0.3385  layer_-1_loss_bbox: 2.5702  matched_ious: 0.0915  aux_depth_loss: 0.5257  sec_per_iter: 0.4647  iters_per_sec: 2.1500  samples_per_sec: 34.4300  samples_per_sec_per_gpu: 8.6100  max_mem_allocated_mb: 607.2000  max_mem_reserved_mb: 21978.0000
04/08 22:20:14 - mmengine - INFO - Epoch(train)  [3][ 750/5000]  lr: 3.0153e-04  eta: 6:32:25  time: 0.4532  data_time: 0.0114  memory: 15695  grad_norm: 11.1688  loss: 5.4572  loss_heatmap: 1.9701  layer_-1_loss_cls: 0.3266  layer_-1_loss_bbox: 2.6492  matched_ious: 0.1079  aux_depth_loss: 0.5112  sec_per_iter: 0.4652  iters_per_sec: 2.1500  samples_per_sec: 34.3900  samples_per_sec_per_gpu: 8.6000  max_mem_allocated_mb: 607.2000  max_mem_reserved_mb: 21978.0000
04/08 22:20:36 - mmengine - INFO - Epoch(train)  [3][ 800/5000]  lr: 3.0328e-04  eta: 6:31:54  time: 0.4492  data_time: 0.0113  memory: 15694  grad_norm: 14.1194  loss: 5.5922  loss_heatmap: 1.9899  layer_-1_loss_cls: 0.3286  layer_-1_loss_bbox: 2.7579  matched_ious: 0.1006  aux_depth_loss: 0.5159  sec_per_iter: 0.4644  iters_per_sec: 2.1500  samples_per_sec: 34.4500  samples_per_sec_per_gpu: 8.6100  max_mem_allocated_mb: 607.2000  max_mem_reserved_mb: 21978.0000
04/08 22:21:01 - mmengine - INFO - Epoch(train)  [3][ 850/5000]  lr: 3.0503e-04  eta: 6:31:32  time: 0.4862  data_time: 0.0111  memory: 15695  grad_norm: 20.1685  loss: 5.6528  loss_heatmap: 2.0651  layer_-1_loss_cls: 0.3364  layer_-1_loss_bbox: 2.7153  matched_ious: 0.1254  aux_depth_loss: 0.5360  sec_per_iter: 0.4635  iters_per_sec: 2.1600  samples_per_sec: 34.5200  samples_per_sec_per_gpu: 8.6300  max_mem_allocated_mb: 607.2000  max_mem_reserved_mb: 21978.0000
04/08 22:21:25 - mmengine - INFO - Epoch(train)  [3][ 900/5000]  lr: 3.0678e-04  eta: 6:31:08  time: 0.4782  data_time: 0.0116  memory: 15694  grad_norm: 15.7661  loss: 5.6137  loss_heatmap: 2.0073  layer_-1_loss_cls: 0.3385  layer_-1_loss_bbox: 2.7304  matched_ious: 0.1066  aux_depth_loss: 0.5376  sec_per_iter: 0.4648  iters_per_sec: 2.1500  samples_per_sec: 34.4200  samples_per_sec_per_gpu: 8.6100  max_mem_allocated_mb: 607.2000  max_mem_reserved_mb: 21978.0000
04/08 22:21:48 - mmengine - INFO - Epoch(train)  [3][ 950/5000]  lr: 3.0853e-04  eta: 6:30:42  time: 0.4683  data_time: 0.0110  memory: 15694  grad_norm: 14.0161  loss: 5.4734  loss_heatmap: 1.9931  layer_-1_loss_cls: 0.3386  layer_-1_loss_bbox: 2.6031  matched_ious: 0.1350  aux_depth_loss: 0.5386  sec_per_iter: 0.4655  iters_per_sec: 2.1500  samples_per_sec: 34.3700  samples_per_sec_per_gpu: 8.5900  max_mem_allocated_mb: 607.2000  max_mem_reserved_mb: 21978.0000
04/08 22:22:12 - mmengine - INFO - Exp name: zod_camera_only_20260408_204407
04/08 22:22:12 - mmengine - INFO - Epoch(train)  [3][1000/5000]  lr: 3.1028e-04  eta: 6:30:19  time: 0.4783  data_time: 0.0136  memory: 15696  grad_norm: 13.3556  loss: 5.5462  loss_heatmap: 1.9880  layer_-1_loss_cls: 0.3340  layer_-1_loss_bbox: 2.7052  matched_ious: 0.0951  aux_depth_loss: 0.5190  sec_per_iter: 0.4657  iters_per_sec: 2.1500  samples_per_sec: 34.3600  samples_per_sec_per_gpu: 8.5900  max_mem_allocated_mb: 607.2000  max_mem_reserved_mb: 21978.0000
04/08 22:22:37 - mmengine - INFO - Epoch(train)  [3][1050/5000]  lr: 3.1202e-04  eta: 6:29:59  time: 0.4957  data_time: 0.0130  memory: 15693  grad_norm: 10.7801  loss: 5.3345  loss_heatmap: 1.9453  layer_-1_loss_cls: 0.3471  layer_-1_loss_bbox: 2.5183  matched_ious: 0.1403  aux_depth_loss: 0.5238  sec_per_iter: 0.4664  iters_per_sec: 2.1400  samples_per_sec: 34.3000  samples_per_sec_per_gpu: 8.5800  max_mem_allocated_mb: 607.2000  max_mem_reserved_mb: 21978.0000
04/08 22:23:01 - mmengine - INFO - Epoch(train)  [3][1100/5000]  lr: 3.1376e-04  eta: 6:29:35  time: 0.4772  data_time: 0.0110  memory: 15696  grad_norm: 10.4597  loss: 5.1871  loss_heatmap: 1.9339  layer_-1_loss_cls: 0.3441  layer_-1_loss_bbox: 2.3979  matched_ious: 0.1365  aux_depth_loss: 0.5112  sec_per_iter: 0.4677  iters_per_sec: 2.1400  samples_per_sec: 34.2100  samples_per_sec_per_gpu: 8.5500  max_mem_allocated_mb: 607.2000  max_mem_reserved_mb: 21978.0000
04/08 22:23:25 - mmengine - INFO - Epoch(train)  [3][1150/5000]  lr: 3.1550e-04  eta: 6:29:11  time: 0.4806  data_time: 0.0115  memory: 15695  grad_norm: 11.4833  loss: 5.2243  loss_heatmap: 1.9324  layer_-1_loss_cls: 0.3558  layer_-1_loss_bbox: 2.4218  matched_ious: 0.0954  aux_depth_loss: 0.5142  sec_per_iter: 0.4682  iters_per_sec: 2.1400  samples_per_sec: 34.1800  samples_per_sec_per_gpu: 8.5400  max_mem_allocated_mb: 607.2000  max_mem_reserved_mb: 21978.0000
04/08 22:23:48 - mmengine - INFO - Epoch(train)  [3][1200/5000]  lr: 3.1724e-04  eta: 6:28:45  time: 0.4660  data_time: 0.0112  memory: 15695  grad_norm: 13.6840  loss: 5.4122  loss_heatmap: 2.0014  layer_-1_loss_cls: 0.3546  layer_-1_loss_bbox: 2.5483  matched_ious: 0.1986  aux_depth_loss: 0.5080  sec_per_iter: 0.4687  iters_per_sec: 2.1300  samples_per_sec: 34.1400  samples_per_sec_per_gpu: 8.5300  max_mem_allocated_mb: 607.2000  max_mem_reserved_mb: 21978.0000
04/08 22:24:12 - mmengine - INFO - Epoch(train)  [3][1250/5000]  lr: 3.1897e-04  eta: 6:28:20  time: 0.4746  data_time: 0.0156  memory: 15694  grad_norm: 13.4250  loss: 5.5622  loss_heatmap: 1.9929  layer_-1_loss_cls: 0.3350  layer_-1_loss_bbox: 2.7189  matched_ious: 0.1099  aux_depth_loss: 0.5153  sec_per_iter: 0.4686  iters_per_sec: 2.1300  samples_per_sec: 34.1400  samples_per_sec_per_gpu: 8.5400  max_mem_allocated_mb: 607.2000  max_mem_reserved_mb: 21978.0000
04/08 22:24:34 - mmengine - INFO - Epoch(train)  [3][1300/5000]  lr: 3.2070e-04  eta: 6:27:52  time: 0.4575  data_time: 0.0123  memory: 15698  grad_norm: 12.9954  loss: 5.7221  loss_heatmap: 2.0151  layer_-1_loss_cls: 0.3283  layer_-1_loss_bbox: 2.8610  matched_ious: 0.1235  aux_depth_loss: 0.5177  sec_per_iter: 0.4688  iters_per_sec: 2.1300  samples_per_sec: 34.1300  samples_per_sec_per_gpu: 8.5300  max_mem_allocated_mb: 607.2000  max_mem_reserved_mb: 21978.0000
04/08 22:24:58 - mmengine - INFO - Epoch(train)  [3][1350/5000]  lr: 3.2243e-04  eta: 6:27:28  time: 0.4764  data_time: 0.0120  memory: 15693  grad_norm: 11.5527  loss: 5.7522  loss_heatmap: 2.0060  layer_-1_loss_cls: 0.3344  layer_-1_loss_bbox: 2.8828  matched_ious: 0.1054  aux_depth_loss: 0.5290  sec_per_iter: 0.4684  iters_per_sec: 2.1300  samples_per_sec: 34.1600  samples_per_sec_per_gpu: 8.5400  max_mem_allocated_mb: 607.2000  max_mem_reserved_mb: 21978.0000
04/08 22:25:21 - mmengine - INFO - Epoch(train)  [3][1400/5000]  lr: 3.2415e-04  eta: 6:27:00  time: 0.4616  data_time: 0.0121  memory: 15694  grad_norm: 12.3743  loss: 5.6992  loss_heatmap: 2.0245  layer_-1_loss_cls: 0.3383  layer_-1_loss_bbox: 2.8267  matched_ious: 0.2410  aux_depth_loss: 0.5098  sec_per_iter: 0.4687  iters_per_sec: 2.1300  samples_per_sec: 34.1400  samples_per_sec_per_gpu: 8.5300  max_mem_allocated_mb: 607.2000  max_mem_reserved_mb: 21978.0000
04/08 22:25:45 - mmengine - INFO - Epoch(train)  [3][1450/5000]  lr: 3.2588e-04  eta: 6:26:36  time: 0.4756  data_time: 0.0116  memory: 15694  grad_norm: 14.1793  loss: 5.4960  loss_heatmap: 2.0114  layer_-1_loss_cls: 0.3333  layer_-1_loss_bbox: 2.6320  matched_ious: 0.1344  aux_depth_loss: 0.5194  sec_per_iter: 0.4684  iters_per_sec: 2.1300  samples_per_sec: 34.1600  samples_per_sec_per_gpu: 8.5400  max_mem_allocated_mb: 607.2000  max_mem_reserved_mb: 21978.0000
04/08 22:26:09 - mmengine - INFO - Epoch(train)  [3][1500/5000]  lr: 3.2759e-04  eta: 6:26:10  time: 0.4702  data_time: 0.0123  memory: 15695  grad_norm: 16.5041  loss: 5.6525  loss_heatmap: 2.0594  layer_-1_loss_cls: 0.3498  layer_-1_loss_bbox: 2.7053  matched_ious: 0.1763  aux_depth_loss: 0.5380  sec_per_iter: 0.4687  iters_per_sec: 2.1300  samples_per_sec: 34.1400  samples_per_sec_per_gpu: 8.5300  max_mem_allocated_mb: 607.2000  max_mem_reserved_mb: 21978.0000
04/08 22:26:31 - mmengine - INFO - Epoch(train)  [3][1550/5000]  lr: 3.2931e-04  eta: 6:25:41  time: 0.4538  data_time: 0.0112  memory: 15696  grad_norm: 17.4535  loss: 5.9975  loss_heatmap: 2.1301  layer_-1_loss_cls: 0.3296  layer_-1_loss_bbox: 2.9899  matched_ious: 0.0601  aux_depth_loss: 0.5479  sec_per_iter: 0.4687  iters_per_sec: 2.1300  samples_per_sec: 34.1300  samples_per_sec_per_gpu: 8.5300  max_mem_allocated_mb: 607.2000  max_mem_reserved_mb: 21978.0000
04/08 22:26:55 - mmengine - INFO - Epoch(train)  [3][1600/5000]  lr: 3.3102e-04  eta: 6:25:18  time: 0.4790  data_time: 0.0112  memory: 15694  grad_norm: 15.6837  loss: 5.7018  loss_heatmap: 2.0711  layer_-1_loss_cls: 0.3430  layer_-1_loss_bbox: 2.7339  matched_ious: 0.0613  aux_depth_loss: 0.5539  sec_per_iter: 0.4683  iters_per_sec: 2.1400  samples_per_sec: 34.1700  samples_per_sec_per_gpu: 8.5400  max_mem_allocated_mb: 607.2000  max_mem_reserved_mb: 21978.0000
04/08 22:27:18 - mmengine - INFO - Epoch(train)  [3][1650/5000]  lr: 3.3273e-04  eta: 6:24:50  time: 0.4603  data_time: 0.0110  memory: 15696  grad_norm: 10.5646  loss: 5.3008  loss_heatmap: 1.9958  layer_-1_loss_cls: 0.3571  layer_-1_loss_bbox: 2.4141  matched_ious: 0.0810  aux_depth_loss: 0.5338  sec_per_iter: 0.4686  iters_per_sec: 2.1300  samples_per_sec: 34.1400  samples_per_sec_per_gpu: 8.5400  max_mem_allocated_mb: 607.2000  max_mem_reserved_mb: 21978.0000
04/08 22:27:44 - mmengine - INFO - Epoch(train)  [3][1700/5000]  lr: 3.3444e-04  eta: 6:24:35  time: 0.5201  data_time: 0.0117  memory: 15696  grad_norm: 9.4017  loss: 5.2449  loss_heatmap: 1.9652  layer_-1_loss_cls: 0.3402  layer_-1_loss_bbox: 2.4024  matched_ious: 0.1432  aux_depth_loss: 0.5371  sec_per_iter: 0.4683  iters_per_sec: 2.1400  samples_per_sec: 34.1600  samples_per_sec_per_gpu: 8.5400  max_mem_allocated_mb: 607.2000  max_mem_reserved_mb: 21978.0000
04/08 22:28:07 - mmengine - INFO - Epoch(train)  [3][1750/5000]  lr: 3.3614e-04  eta: 6:24:07  time: 0.4583  data_time: 0.0111  memory: 15694  grad_norm: 10.5189  loss: 5.3329  loss_heatmap: 1.9423  layer_-1_loss_cls: 0.3429  layer_-1_loss_bbox: 2.5283  matched_ious: 0.1693  aux_depth_loss: 0.5193  sec_per_iter: 0.4699  iters_per_sec: 2.1300  samples_per_sec: 34.0500  samples_per_sec_per_gpu: 8.5100  max_mem_allocated_mb: 607.2000  max_mem_reserved_mb: 21978.0000
04/08 22:28:31 - mmengine - INFO - Epoch(train)  [3][1800/5000]  lr: 3.3784e-04  eta: 6:23:44  time: 0.4820  data_time: 0.0116  memory: 15695  grad_norm: 9.7668  loss: 5.1716  loss_heatmap: 1.8850  layer_-1_loss_cls: 0.3385  layer_-1_loss_bbox: 2.4390  matched_ious: 0.1222  aux_depth_loss: 0.5091  sec_per_iter: 0.4695  iters_per_sec: 2.1300  samples_per_sec: 34.0800  samples_per_sec_per_gpu: 8.5200  max_mem_allocated_mb: 607.2000  max_mem_reserved_mb: 21978.0000
04/08 22:28:55 - mmengine - INFO - Epoch(train)  [3][1850/5000]  lr: 3.3953e-04  eta: 6:23:20  time: 0.4749  data_time: 0.0120  memory: 15695  grad_norm: inf  loss: 5.1629  loss_heatmap: 1.9060  layer_-1_loss_cls: 0.3439  layer_-1_loss_bbox: 2.4105  matched_ious: 0.1822  aux_depth_loss: 0.5024  sec_per_iter: 0.4699  iters_per_sec: 2.1300  samples_per_sec: 34.0500  samples_per_sec_per_gpu: 8.5100  max_mem_allocated_mb: 607.2000  max_mem_reserved_mb: 21978.0000
04/08 22:29:20 - mmengine - INFO - Epoch(train)  [3][1900/5000]  lr: 3.4122e-04  eta: 6:23:01  time: 0.5038  data_time: 0.0123  memory: 15696  grad_norm: 10.9081  loss: 5.2903  loss_heatmap: 1.9350  layer_-1_loss_cls: 0.3331  layer_-1_loss_bbox: 2.5102  matched_ious: 0.0962  aux_depth_loss: 0.5119  sec_per_iter: 0.4700  iters_per_sec: 2.1300  samples_per_sec: 34.0400  samples_per_sec_per_gpu: 8.5100  max_mem_allocated_mb: 607.2000  max_mem_reserved_mb: 21978.0000
04/08 22:29:44 - mmengine - INFO - Epoch(train)  [3][1950/5000]  lr: 3.4291e-04  eta: 6:22:35  time: 0.4676  data_time: 0.0123  memory: 15692  grad_norm: 10.6305  loss: 5.4890  loss_heatmap: 1.9727  layer_-1_loss_cls: 0.3351  layer_-1_loss_bbox: 2.6704  matched_ious: 0.0965  aux_depth_loss: 0.5108  sec_per_iter: 0.4709  iters_per_sec: 2.1200  samples_per_sec: 33.9800  samples_per_sec_per_gpu: 8.4900  max_mem_allocated_mb: 607.2000  max_mem_reserved_mb: 21978.0000
04/08 22:30:08 - mmengine - INFO - Exp name: zod_camera_only_20260408_204407
04/08 22:30:08 - mmengine - INFO - Epoch(train)  [3][2000/5000]  lr: 3.4459e-04  eta: 6:22:12  time: 0.4797  data_time: 0.0116  memory: 15696  grad_norm: 8.8793  loss: 5.2610  loss_heatmap: 1.9150  layer_-1_loss_cls: 0.3375  layer_-1_loss_bbox: 2.5077  matched_ious: 0.1690  aux_depth_loss: 0.5008  sec_per_iter: 0.4708  iters_per_sec: 2.1200  samples_per_sec: 33.9800  samples_per_sec_per_gpu: 8.5000  max_mem_allocated_mb: 607.2000  max_mem_reserved_mb: 21978.0000
04/08 22:30:31 - mmengine - INFO - Epoch(train)  [3][2050/5000]  lr: 3.4627e-04  eta: 6:21:44  time: 0.4573  data_time: 0.0134  memory: 15695  grad_norm: 12.4581  loss: 5.3275  loss_heatmap: 2.0085  layer_-1_loss_cls: 0.3666  layer_-1_loss_bbox: 2.4280  matched_ious: 0.1290  aux_depth_loss: 0.5243  sec_per_iter: 0.4711  iters_per_sec: 2.1200  samples_per_sec: 33.9600  samples_per_sec_per_gpu: 8.4900  max_mem_allocated_mb: 607.2000  max_mem_reserved_mb: 21978.0000
04/08 22:30:54 - mmengine - INFO - Epoch(train)  [3][2100/5000]  lr: 3.4794e-04  eta: 6:21:18  time: 0.4648  data_time: 0.0120  memory: 15693  grad_norm: 10.3666  loss: 5.3211  loss_heatmap: 1.9464  layer_-1_loss_cls: 0.3347  layer_-1_loss_bbox: 2.5152  matched_ious: 0.1431  aux_depth_loss: 0.5247  sec_per_iter: 0.4707  iters_per_sec: 2.1200  samples_per_sec: 33.9900  samples_per_sec_per_gpu: 8.5000  max_mem_allocated_mb: 607.2000  max_mem_reserved_mb: 21978.0000
04/08 22:31:18 - mmengine - INFO - Epoch(train)  [3][2150/5000]  lr: 3.4961e-04  eta: 6:20:54  time: 0.4789  data_time: 0.0112  memory: 15697  grad_norm: 12.9032  loss: 4.9513  loss_heatmap: 1.8967  layer_-1_loss_cls: 0.3542  layer_-1_loss_bbox: 2.1911  matched_ious: 0.1672  aux_depth_loss: 0.5093  sec_per_iter: 0.4706  iters_per_sec: 2.1300  samples_per_sec: 34.0000  samples_per_sec_per_gpu: 8.5000  max_mem_allocated_mb: 607.2000  max_mem_reserved_mb: 21978.0000
04/08 22:31:41 - mmengine - INFO - Epoch(train)  [3][2200/5000]  lr: 3.5127e-04  eta: 6:20:28  time: 0.4682  data_time: 0.0112  memory: 15695  grad_norm: 10.5023  loss: 5.0582  loss_heatmap: 1.9177  layer_-1_loss_cls: 0.3502  layer_-1_loss_bbox: 2.2670  matched_ious: 0.1694  aux_depth_loss: 0.5233  sec_per_iter: 0.4708  iters_per_sec: 2.1200  samples_per_sec: 33.9900  samples_per_sec_per_gpu: 8.5000  max_mem_allocated_mb: 607.2000  max_mem_reserved_mb: 21978.0000
04/08 22:32:04 - mmengine - INFO - Epoch(train)  [3][2250/5000]  lr: 3.5293e-04  eta: 6:20:00  time: 0.4574  data_time: 0.0115  memory: 15694  grad_norm: 10.4229  loss: 5.1116  loss_heatmap: 1.9126  layer_-1_loss_cls: 0.3559  layer_-1_loss_bbox: 2.3346  matched_ious: 0.1668  aux_depth_loss: 0.5085  sec_per_iter: 0.4707  iters_per_sec: 2.1200  samples_per_sec: 33.9900  samples_per_sec_per_gpu: 8.5000  max_mem_allocated_mb: 607.2000  max_mem_reserved_mb: 21978.0000
04/08 22:32:27 - mmengine - INFO - Epoch(train)  [3][2300/5000]  lr: 3.5459e-04  eta: 6:19:34  time: 0.4661  data_time: 0.0111  memory: 15694  grad_norm: 8.4909  loss: 4.9330  loss_heatmap: 1.8680  layer_-1_loss_cls: 0.3543  layer_-1_loss_bbox: 2.2013  matched_ious: 0.1504  aux_depth_loss: 0.5094  sec_per_iter: 0.4704  iters_per_sec: 2.1300  samples_per_sec: 34.0100  samples_per_sec_per_gpu: 8.5000  max_mem_allocated_mb: 607.2000  max_mem_reserved_mb: 21978.0000
04/08 22:32:50 - mmengine - INFO - Epoch(train)  [3][2350/5000]  lr: 3.5624e-04  eta: 6:19:07  time: 0.4611  data_time: 0.0125  memory: 15695  grad_norm: 10.1898  loss: 5.1861  loss_heatmap: 1.9141  layer_-1_loss_cls: 0.3480  layer_-1_loss_bbox: 2.4165  matched_ious: 0.1302  aux_depth_loss: 0.5074  sec_per_iter: 0.4703  iters_per_sec: 2.1300  samples_per_sec: 34.0200  samples_per_sec_per_gpu: 8.5000  max_mem_allocated_mb: 607.2000  max_mem_reserved_mb: 21978.0000
04/08 22:33:15 - mmengine - INFO - Epoch(train)  [3][2400/5000]  lr: 3.5788e-04  eta: 6:18:45  time: 0.4863  data_time: 0.0135  memory: 15696  grad_norm: 10.7461  loss: 5.1976  loss_heatmap: 1.9127  layer_-1_loss_cls: 0.3382  layer_-1_loss_bbox: 2.4336  matched_ious: 0.1195  aux_depth_loss: 0.5131  sec_per_iter: 0.4701  iters_per_sec: 2.1300  samples_per_sec: 34.0300  samples_per_sec_per_gpu: 8.5100  max_mem_allocated_mb: 607.2000  max_mem_reserved_mb: 21978.0000
04/08 22:33:39 - mmengine - INFO - Epoch(train)  [3][2450/5000]  lr: 3.5952e-04  eta: 6:18:24  time: 0.4907  data_time: 0.0134  memory: 15693  grad_norm: 10.7140  loss: 5.3908  loss_heatmap: 1.9084  layer_-1_loss_cls: 0.3170  layer_-1_loss_bbox: 2.6394  matched_ious: 0.1185  aux_depth_loss: 0.5260  sec_per_iter: 0.4705  iters_per_sec: 2.1300  samples_per_sec: 34.0100  samples_per_sec_per_gpu: 8.5000  max_mem_allocated_mb: 607.2000  max_mem_reserved_mb: 21978.0000
04/08 22:34:03 - mmengine - INFO - Epoch(train)  [3][2500/5000]  lr: 3.6115e-04  eta: 6:17:58  time: 0.4687  data_time: 0.0120  memory: 15696  grad_norm: 11.6493  loss: 5.3805  loss_heatmap: 1.9350  layer_-1_loss_cls: 0.3364  layer_-1_loss_bbox: 2.5848  matched_ious: 0.1088  aux_depth_loss: 0.5243  sec_per_iter: 0.4709  iters_per_sec: 2.1200  samples_per_sec: 33.9800  samples_per_sec_per_gpu: 8.4900  max_mem_allocated_mb: 607.2000  max_mem_reserved_mb: 21978.0000
04/08 22:34:25 - mmengine - INFO - Epoch(train)  [3][2550/5000]  lr: 3.6278e-04  eta: 6:17:30  time: 0.4555  data_time: 0.0114  memory: 15693  grad_norm: 10.1034  loss: 5.2617  loss_heatmap: 1.9266  layer_-1_loss_cls: 0.3415  layer_-1_loss_bbox: 2.4759  matched_ious: 0.1119  aux_depth_loss: 0.5176  sec_per_iter: 0.4708  iters_per_sec: 2.1200  samples_per_sec: 33.9800  samples_per_sec_per_gpu: 8.5000  max_mem_allocated_mb: 607.2000  max_mem_reserved_mb: 21978.0000
04/08 22:34:49 - mmengine - INFO - Epoch(train)  [3][2600/5000]  lr: 3.6441e-04  eta: 6:17:04  time: 0.4661  data_time: 0.0133  memory: 15696  grad_norm: 11.5033  loss: 5.1938  loss_heatmap: 1.9419  layer_-1_loss_cls: 0.3472  layer_-1_loss_bbox: 2.3940  matched_ious: 0.0949  aux_depth_loss: 0.5108  sec_per_iter: 0.4705  iters_per_sec: 2.1300  samples_per_sec: 34.0000  samples_per_sec_per_gpu: 8.5000  max_mem_allocated_mb: 607.2000  max_mem_reserved_mb: 21978.0000
04/08 22:35:12 - mmengine - INFO - Epoch(train)  [3][2650/5000]  lr: 3.6603e-04  eta: 6:16:38  time: 0.4675  data_time: 0.0122  memory: 15692  grad_norm: 11.4255  loss: 5.2452  loss_heatmap: 1.9177  layer_-1_loss_cls: 0.3311  layer_-1_loss_bbox: 2.4652  matched_ious: 0.0918  aux_depth_loss: 0.5313  sec_per_iter: 0.4705  iters_per_sec: 2.1300  samples_per_sec: 34.0100  samples_per_sec_per_gpu: 8.5000  max_mem_allocated_mb: 607.2000  max_mem_reserved_mb: 21978.0000
04/08 22:35:35 - mmengine - INFO - Epoch(train)  [3][2700/5000]  lr: 3.6764e-04  eta: 6:16:11  time: 0.4555  data_time: 0.0116  memory: 15695  grad_norm: 11.6248  loss: 5.3187  loss_heatmap: 1.9014  layer_-1_loss_cls: 0.3193  layer_-1_loss_bbox: 2.5803  matched_ious: 0.0965  aux_depth_loss: 0.5177  sec_per_iter: 0.4704  iters_per_sec: 2.1300  samples_per_sec: 34.0100  samples_per_sec_per_gpu: 8.5000  max_mem_allocated_mb: 607.2000  max_mem_reserved_mb: 21978.0000
04/08 22:35:58 - mmengine - INFO - Epoch(train)  [3][2750/5000]  lr: 3.6924e-04  eta: 6:15:43  time: 0.4593  data_time: 0.0126  memory: 15694  grad_norm: 21.3185  loss: 5.5496  loss_heatmap: 2.0210  layer_-1_loss_cls: 0.3425  layer_-1_loss_bbox: 2.6572  matched_ious: 0.1642  aux_depth_loss: 0.5288  sec_per_iter: 0.4701  iters_per_sec: 2.1300  samples_per_sec: 34.0300  samples_per_sec_per_gpu: 8.5100  max_mem_allocated_mb: 607.2000  max_mem_reserved_mb: 21978.0000
04/08 22:36:21 - mmengine - INFO - Epoch(train)  [3][2800/5000]  lr: 3.7085e-04  eta: 6:15:17  time: 0.4622  data_time: 0.0112  memory: 15697  grad_norm: 10.1891  loss: 5.4574  loss_heatmap: 1.9407  layer_-1_loss_cls: 0.3222  layer_-1_loss_bbox: 2.6599  matched_ious: 0.1270  aux_depth_loss: 0.5345  sec_per_iter: 0.4699  iters_per_sec: 2.1300  samples_per_sec: 34.0500  samples_per_sec_per_gpu: 8.5100  max_mem_allocated_mb: 607.2000  max_mem_reserved_mb: 21978.0000
04/08 22:36:44 - mmengine - INFO - Epoch(train)  [3][2850/5000]  lr: 3.7244e-04  eta: 6:14:52  time: 0.4695  data_time: 0.0119  memory: 15697  grad_norm: 11.9343  loss: 5.3881  loss_heatmap: 1.9607  layer_-1_loss_cls: 0.3388  layer_-1_loss_bbox: 2.5568  matched_ious: 0.1183  aux_depth_loss: 0.5318  sec_per_iter: 0.4698  iters_per_sec: 2.1300  samples_per_sec: 34.0600  samples_per_sec_per_gpu: 8.5100  max_mem_allocated_mb: 607.2000  max_mem_reserved_mb: 21978.0000
04/08 22:37:07 - mmengine - INFO - Epoch(train)  [3][2900/5000]  lr: 3.7403e-04  eta: 6:14:25  time: 0.4606  data_time: 0.0123  memory: 15696  grad_norm: 15.1081  loss: 5.5337  loss_heatmap: 2.0048  layer_-1_loss_cls: 0.3393  layer_-1_loss_bbox: 2.6147  matched_ious: 0.0808  aux_depth_loss: 0.5749  sec_per_iter: 0.4698  iters_per_sec: 2.1300  samples_per_sec: 34.0600  samples_per_sec_per_gpu: 8.5100  max_mem_allocated_mb: 607.2000  max_mem_reserved_mb: 21978.0000
04/08 22:37:32 - mmengine - INFO - Epoch(train)  [3][2950/5000]  lr: 3.7561e-04  eta: 6:14:02  time: 0.4809  data_time: 0.0128  memory: 15695  grad_norm: 11.3601  loss: 5.3088  loss_heatmap: 1.9742  layer_-1_loss_cls: 0.3425  layer_-1_loss_bbox: 2.4307  matched_ious: 0.1229  aux_depth_loss: 0.5614  sec_per_iter: 0.4696  iters_per_sec: 2.1300  samples_per_sec: 34.0700  samples_per_sec_per_gpu: 8.5200  max_mem_allocated_mb: 607.2000  max_mem_reserved_mb: 21978.0000
04/08 22:37:55 - mmengine - INFO - Exp name: zod_camera_only_20260408_204407
04/08 22:37:55 - mmengine - INFO - Epoch(train)  [3][3000/5000]  lr: 3.7719e-04  eta: 6:13:38  time: 0.4762  data_time: 0.0146  memory: 15696  grad_norm: 9.8201  loss: 5.3570  loss_heatmap: 1.9719  layer_-1_loss_cls: 0.3331  layer_-1_loss_bbox: 2.5120  matched_ious: 0.1649  aux_depth_loss: 0.5400  sec_per_iter: 0.4698  iters_per_sec: 2.1300  samples_per_sec: 34.0500  samples_per_sec_per_gpu: 8.5100  max_mem_allocated_mb: 607.2000  max_mem_reserved_mb: 21978.0000
04/08 22:38:19 - mmengine - INFO - Epoch(train)  [3][3050/5000]  lr: 3.7876e-04  eta: 6:13:12  time: 0.4678  data_time: 0.0128  memory: 15693  grad_norm: 12.6435  loss: 5.0577  loss_heatmap: 1.9008  layer_-1_loss_cls: 0.3442  layer_-1_loss_bbox: 2.2795  matched_ious: 0.1916  aux_depth_loss: 0.5332  sec_per_iter: 0.4699  iters_per_sec: 2.1300  samples_per_sec: 34.0500  samples_per_sec_per_gpu: 8.5100  max_mem_allocated_mb: 607.2000  max_mem_reserved_mb: 21978.0000
04/08 22:38:44 - mmengine - INFO - Epoch(train)  [3][3100/5000]  lr: 3.8032e-04  eta: 6:12:53  time: 0.5058  data_time: 0.0250  memory: 15694  grad_norm: 17.0032  loss: 5.3862  loss_heatmap: 1.9791  layer_-1_loss_cls: 0.3389  layer_-1_loss_bbox: 2.5162  matched_ious: 0.1448  aux_depth_loss: 0.5519  sec_per_iter: 0.4699  iters_per_sec: 2.1300  samples_per_sec: 34.0500  samples_per_sec_per_gpu: 8.5100  max_mem_allocated_mb: 607.2000  max_mem_reserved_mb: 21978.0000
04/08 22:39:08 - mmengine - INFO - Epoch(train)  [3][3150/5000]  lr: 3.8188e-04  eta: 6:12:31  time: 0.4830  data_time: 0.0121  memory: 15694  grad_norm: 7.8215  loss: 5.1656  loss_heatmap: 1.9118  layer_-1_loss_cls: 0.3413  layer_-1_loss_bbox: 2.3860  matched_ious: 0.1595  aux_depth_loss: 0.5265  sec_per_iter: 0.4705  iters_per_sec: 2.1300  samples_per_sec: 34.0100  samples_per_sec_per_gpu: 8.5000  max_mem_allocated_mb: 607.2000  max_mem_reserved_mb: 21978.0000
04/08 22:39:31 - mmengine - INFO - Epoch(train)  [3][3200/5000]  lr: 3.8343e-04  eta: 6:12:04  time: 0.4602  data_time: 0.0124  memory: 15693  grad_norm: 13.7175  loss: 5.1903  loss_heatmap: 1.9264  layer_-1_loss_cls: 0.3445  layer_-1_loss_bbox: 2.4012  matched_ious: 0.1646  aux_depth_loss: 0.5181  sec_per_iter: 0.4707  iters_per_sec: 2.1200  samples_per_sec: 33.9900  samples_per_sec_per_gpu: 8.5000  max_mem_allocated_mb: 607.2000  max_mem_reserved_mb: 21978.0000
04/08 22:39:54 - mmengine - INFO - Epoch(train)  [3][3250/5000]  lr: 3.8498e-04  eta: 6:11:36  time: 0.4576  data_time: 0.0119  memory: 15693  grad_norm: 15.0203  loss: 5.5564  loss_heatmap: 2.0194  layer_-1_loss_cls: 0.3348  layer_-1_loss_bbox: 2.6473  matched_ious: 0.0620  aux_depth_loss: 0.5549  sec_per_iter: 0.4705  iters_per_sec: 2.1300  samples_per_sec: 34.0100  samples_per_sec_per_gpu: 8.5000  max_mem_allocated_mb: 607.2000  max_mem_reserved_mb: 21978.0000
04/08 22:40:18 - mmengine - INFO - Epoch(train)  [3][3300/5000]  lr: 3.8652e-04  eta: 6:11:12  time: 0.4715  data_time: 0.0116  memory: 15699  grad_norm: 10.9191  loss: 5.5622  loss_heatmap: 2.0052  layer_-1_loss_cls: 0.3400  layer_-1_loss_bbox: 2.6333  matched_ious: 0.0648  aux_depth_loss: 0.5837  sec_per_iter: 0.4703  iters_per_sec: 2.1300  samples_per_sec: 34.0200  samples_per_sec_per_gpu: 8.5100  max_mem_allocated_mb: 607.2000  max_mem_reserved_mb: 21978.0000
04/08 22:40:40 - mmengine - INFO - Epoch(train)  [3][3350/5000]  lr: 3.8805e-04  eta: 6:10:44  time: 0.4537  data_time: 0.0113  memory: 15698  grad_norm: 9.4816  loss: 5.4001  loss_heatmap: 1.9327  layer_-1_loss_cls: 0.3255  layer_-1_loss_bbox: 2.6151  matched_ious: 0.1240  aux_depth_loss: 0.5267  sec_per_iter: 0.4703  iters_per_sec: 2.1300  samples_per_sec: 34.0200  samples_per_sec_per_gpu: 8.5000  max_mem_allocated_mb: 607.2000  max_mem_reserved_mb: 21978.0000
04/08 22:41:04 - mmengine - INFO - Epoch(train)  [3][3400/5000]  lr: 3.8957e-04  eta: 6:10:18  time: 0.4645  data_time: 0.0111  memory: 15696  grad_norm: 13.3733  loss: 5.3395  loss_heatmap: 1.9569  layer_-1_loss_cls: 0.3309  layer_-1_loss_bbox: 2.5249  matched_ious: 0.1498  aux_depth_loss: 0.5267  sec_per_iter: 0.4701  iters_per_sec: 2.1300  samples_per_sec: 34.0400  samples_per_sec_per_gpu: 8.5100  max_mem_allocated_mb: 607.2000  max_mem_reserved_mb: 21978.0000
04/08 22:41:27 - mmengine - INFO - Epoch(train)  [3][3450/5000]  lr: 3.9109e-04  eta: 6:09:53  time: 0.4736  data_time: 0.0110  memory: 15695  grad_norm: 10.0715  loss: 5.0394  loss_heatmap: 1.8612  layer_-1_loss_cls: 0.3373  layer_-1_loss_bbox: 2.3209  matched_ious: 0.1591  aux_depth_loss: 0.5200  sec_per_iter: 0.4700  iters_per_sec: 2.1300  samples_per_sec: 34.0400  samples_per_sec_per_gpu: 8.5100  max_mem_allocated_mb: 607.2000  max_mem_reserved_mb: 21978.0000
04/08 22:41:50 - mmengine - INFO - Epoch(train)  [3][3500/5000]  lr: 3.9260e-04  eta: 6:09:27  time: 0.4634  data_time: 0.0113  memory: 15697  grad_norm: 11.2007  loss: 5.0799  loss_heatmap: 1.9077  layer_-1_loss_cls: 0.3537  layer_-1_loss_bbox: 2.2827  matched_ious: 0.1455  aux_depth_loss: 0.5358  sec_per_iter: 0.4700  iters_per_sec: 2.1300  samples_per_sec: 34.0400  samples_per_sec_per_gpu: 8.5100  max_mem_allocated_mb: 607.2000  max_mem_reserved_mb: 21978.0000
04/08 22:42:14 - mmengine - INFO - Epoch(train)  [3][3550/5000]  lr: 3.9410e-04  eta: 6:09:02  time: 0.4684  data_time: 0.0114  memory: 15695  grad_norm: 9.5648  loss: 5.0870  loss_heatmap: 1.8668  layer_-1_loss_cls: 0.3445  layer_-1_loss_bbox: 2.3388  matched_ious: 0.1628  aux_depth_loss: 0.5368  sec_per_iter: 0.4700  iters_per_sec: 2.1300  samples_per_sec: 34.0500  samples_per_sec_per_gpu: 8.5100  max_mem_allocated_mb: 607.2000  max_mem_reserved_mb: 21978.0000
04/08 22:42:37 - mmengine - INFO - Epoch(train)  [3][3600/5000]  lr: 3.9559e-04  eta: 6:08:37  time: 0.4713  data_time: 0.0112  memory: 15694  grad_norm: 8.5555  loss: 4.9520  loss_heatmap: 1.8477  layer_-1_loss_cls: 0.3496  layer_-1_loss_bbox: 2.2390  matched_ious: 0.2322  aux_depth_loss: 0.5156  sec_per_iter: 0.4699  iters_per_sec: 2.1300  samples_per_sec: 34.0500  samples_per_sec_per_gpu: 8.5100  max_mem_allocated_mb: 607.2000  max_mem_reserved_mb: 21978.0000
04/08 22:43:00 - mmengine - INFO - Epoch(train)  [3][3650/5000]  lr: 3.9708e-04  eta: 6:08:10  time: 0.4559  data_time: 0.0123  memory: 15694  grad_norm: 11.5256  loss: 4.9529  loss_heatmap: 1.8852  layer_-1_loss_cls: 0.3594  layer_-1_loss_bbox: 2.1889  matched_ious: 0.1006  aux_depth_loss: 0.5195  sec_per_iter: 0.4699  iters_per_sec: 2.1300  samples_per_sec: 34.0500  samples_per_sec_per_gpu: 8.5100  max_mem_allocated_mb: 607.2000  max_mem_reserved_mb: 21978.0000
04/08 22:43:24 - mmengine - INFO - Epoch(train)  [3][3700/5000]  lr: 3.9856e-04  eta: 6:07:47  time: 0.4809  data_time: 0.0117  memory: 15694  grad_norm: 9.9951  loss: 4.9533  loss_heatmap: 1.8902  layer_-1_loss_cls: 0.3585  layer_-1_loss_bbox: 2.1913  matched_ious: 0.1748  aux_depth_loss: 0.5132  sec_per_iter: 0.4698  iters_per_sec: 2.1300  samples_per_sec: 34.0600  samples_per_sec_per_gpu: 8.5200  max_mem_allocated_mb: 607.2000  max_mem_reserved_mb: 21978.0000
04/08 22:43:47 - mmengine - INFO - Epoch(train)  [3][3750/5000]  lr: 4.0003e-04  eta: 6:07:21  time: 0.4642  data_time: 0.0111  memory: 15693  grad_norm: 9.5150  loss: 5.0870  loss_heatmap: 1.8974  layer_-1_loss_cls: 0.3489  layer_-1_loss_bbox: 2.3186  matched_ious: 0.1229  aux_depth_loss: 0.5219  sec_per_iter: 0.4699  iters_per_sec: 2.1300  samples_per_sec: 34.0500  samples_per_sec_per_gpu: 8.5100  max_mem_allocated_mb: 607.2000  max_mem_reserved_mb: 21978.0000
04/08 22:44:10 - mmengine - INFO - Epoch(train)  [3][3800/5000]  lr: 4.0150e-04  eta: 6:06:54  time: 0.4606  data_time: 0.0113  memory: 15697  grad_norm: 14.1138  loss: 5.1260  loss_heatmap: 1.9057  layer_-1_loss_cls: 0.3444  layer_-1_loss_bbox: 2.3435  matched_ious: 0.1741  aux_depth_loss: 0.5323  sec_per_iter: 0.4698  iters_per_sec: 2.1300  samples_per_sec: 34.0500  samples_per_sec_per_gpu: 8.5100  max_mem_allocated_mb: 607.2000  max_mem_reserved_mb: 21978.0000
04/08 22:44:33 - mmengine - INFO - Epoch(train)  [3][3850/5000]  lr: 4.0296e-04  eta: 6:06:27  time: 0.4556  data_time: 0.0110  memory: 15695  grad_norm: 10.4289  loss: 5.2098  loss_heatmap: 1.9443  layer_-1_loss_cls: 0.3503  layer_-1_loss_bbox: 2.3766  matched_ious: 0.1964  aux_depth_loss: 0.5386  sec_per_iter: 0.4697  iters_per_sec: 2.1300  samples_per_sec: 34.0600  samples_per_sec_per_gpu: 8.5200  max_mem_allocated_mb: 607.2000  max_mem_reserved_mb: 21978.0000
04/08 22:44:56 - mmengine - INFO - Epoch(train)  [3][3900/5000]  lr: 4.0440e-04  eta: 6:06:00  time: 0.4578  data_time: 0.0114  memory: 15693  grad_norm: 9.3788  loss: 4.9695  loss_heatmap: 1.8860  layer_-1_loss_cls: 0.3549  layer_-1_loss_bbox: 2.2114  matched_ious: 0.0772  aux_depth_loss: 0.5173  sec_per_iter: 0.4695  iters_per_sec: 2.1300  samples_per_sec: 34.0800  samples_per_sec_per_gpu: 8.5200  max_mem_allocated_mb: 607.2000  max_mem_reserved_mb: 21978.0000
04/08 22:45:19 - mmengine - INFO - Epoch(train)  [3][3950/5000]  lr: 4.0585e-04  eta: 6:05:33  time: 0.4582  data_time: 0.0121  memory: 15692  grad_norm: 10.2953  loss: 4.9242  loss_heatmap: 1.8491  layer_-1_loss_cls: 0.3508  layer_-1_loss_bbox: 2.2025  matched_ious: 0.1413  aux_depth_loss: 0.5219  sec_per_iter: 0.4694  iters_per_sec: 2.1300  samples_per_sec: 34.0900  samples_per_sec_per_gpu: 8.5200  max_mem_allocated_mb: 607.2000  max_mem_reserved_mb: 21978.0000
04/08 22:45:42 - mmengine - INFO - Exp name: zod_camera_only_20260408_204407
04/08 22:45:42 - mmengine - INFO - Epoch(train)  [3][4000/5000]  lr: 4.0728e-04  eta: 6:05:06  time: 0.4556  data_time: 0.0112  memory: 15696  grad_norm: 10.6218  loss: 5.0994  loss_heatmap: 1.9003  layer_-1_loss_cls: 0.3482  layer_-1_loss_bbox: 2.3187  matched_ious: 0.2245  aux_depth_loss: 0.5322  sec_per_iter: 0.4692  iters_per_sec: 2.1300  samples_per_sec: 34.1000  samples_per_sec_per_gpu: 8.5200  max_mem_allocated_mb: 607.2000  max_mem_reserved_mb: 21978.0000
04/08 22:46:05 - mmengine - INFO - Epoch(train)  [3][4050/5000]  lr: 4.0870e-04  eta: 6:04:40  time: 0.4631  data_time: 0.0115  memory: 15694  grad_norm: 8.8496  loss: 5.0106  loss_heatmap: 1.8429  layer_-1_loss_cls: 0.3333  layer_-1_loss_bbox: 2.3272  matched_ious: 0.1062  aux_depth_loss: 0.5072  sec_per_iter: 0.4691  iters_per_sec: 2.1300  samples_per_sec: 34.1100  samples_per_sec_per_gpu: 8.5300  max_mem_allocated_mb: 607.2000  max_mem_reserved_mb: 21978.0000
04/08 22:46:32 - mmengine - INFO - Epoch(train)  [3][4100/5000]  lr: 4.1012e-04  eta: 6:04:27  time: 0.5407  data_time: 0.0120  memory: 15696  grad_norm: 9.8443  loss: 5.0544  loss_heatmap: 1.8774  layer_-1_loss_cls: 0.3457  layer_-1_loss_bbox: 2.3063  matched_ious: 0.1542  aux_depth_loss: 0.5250  sec_per_iter: 0.4690  iters_per_sec: 2.1300  samples_per_sec: 34.1200  samples_per_sec_per_gpu: 8.5300  max_mem_allocated_mb: 607.2000  max_mem_reserved_mb: 21978.0000
04/08 22:46:55 - mmengine - INFO - Epoch(train)  [3][4150/5000]  lr: 4.1153e-04  eta: 6:04:02  time: 0.4696  data_time: 0.0121  memory: 15695  grad_norm: 11.2739  loss: 5.2264  loss_heatmap: 1.9018  layer_-1_loss_cls: 0.3371  layer_-1_loss_bbox: 2.4622  matched_ious: 0.0614  aux_depth_loss: 0.5252  sec_per_iter: 0.4699  iters_per_sec: 2.1300  samples_per_sec: 34.0500  samples_per_sec_per_gpu: 8.5100  max_mem_allocated_mb: 607.2000  max_mem_reserved_mb: 21978.0000
04/08 22:47:20 - mmengine - INFO - Epoch(train)  [3][4200/5000]  lr: 4.1293e-04  eta: 6:03:41  time: 0.4933  data_time: 0.0128  memory: 15695  grad_norm: 13.3186  loss: 4.9870  loss_heatmap: 1.8881  layer_-1_loss_cls: 0.3518  layer_-1_loss_bbox: 2.2264  matched_ious: 0.1646  aux_depth_loss: 0.5208  sec_per_iter: 0.4699  iters_per_sec: 2.1300  samples_per_sec: 34.0500  samples_per_sec_per_gpu: 8.5100  max_mem_allocated_mb: 607.2000  max_mem_reserved_mb: 21978.0000
04/08 22:47:45 - mmengine - INFO - Epoch(train)  [3][4250/5000]  lr: 4.1432e-04  eta: 6:03:19  time: 0.4876  data_time: 0.0120  memory: 15694  grad_norm: 9.8399  loss: 5.1269  loss_heatmap: 1.9169  layer_-1_loss_cls: 0.3462  layer_-1_loss_bbox: 2.3426  matched_ious: 0.1368  aux_depth_loss: 0.5211  sec_per_iter: 0.4701  iters_per_sec: 2.1300  samples_per_sec: 34.0300  samples_per_sec_per_gpu: 8.5100  max_mem_allocated_mb: 607.2000  max_mem_reserved_mb: 21978.0000
04/08 22:48:08 - mmengine - INFO - Epoch(train)  [3][4300/5000]  lr: 4.1570e-04  eta: 6:02:54  time: 0.4705  data_time: 0.0118  memory: 15695  grad_norm: 9.3187  loss: 4.9110  loss_heatmap: 1.8537  layer_-1_loss_cls: 0.3472  layer_-1_loss_bbox: 2.1970  matched_ious: 0.0923  aux_depth_loss: 0.5130  sec_per_iter: 0.4703  iters_per_sec: 2.1300  samples_per_sec: 34.0200  samples_per_sec_per_gpu: 8.5000  max_mem_allocated_mb: 607.2000  max_mem_reserved_mb: 21978.0000
04/08 22:48:32 - mmengine - INFO - Epoch(train)  [3][4350/5000]  lr: 4.1708e-04  eta: 6:02:29  time: 0.4700  data_time: 0.0115  memory: 15698  grad_norm: 9.4604  loss: 4.9158  loss_heatmap: 1.8511  layer_-1_loss_cls: 0.3394  layer_-1_loss_bbox: 2.2054  matched_ious: 0.1421  aux_depth_loss: 0.5199  sec_per_iter: 0.4704  iters_per_sec: 2.1300  samples_per_sec: 34.0200  samples_per_sec_per_gpu: 8.5000  max_mem_allocated_mb: 607.2000  max_mem_reserved_mb: 21978.0000
04/08 22:48:55 - mmengine - INFO - Epoch(train)  [3][4400/5000]  lr: 4.1844e-04  eta: 6:02:05  time: 0.4770  data_time: 0.0117  memory: 15695  grad_norm: 10.9911  loss: 5.0696  loss_heatmap: 1.8748  layer_-1_loss_cls: 0.3344  layer_-1_loss_bbox: 2.3393  matched_ious: 0.1062  aux_depth_loss: 0.5210  sec_per_iter: 0.4703  iters_per_sec: 2.1300  samples_per_sec: 34.0200  samples_per_sec_per_gpu: 8.5000  max_mem_allocated_mb: 607.2000  max_mem_reserved_mb: 21978.0000
04/08 22:49:19 - mmengine - INFO - Epoch(train)  [3][4450/5000]  lr: 4.1980e-04  eta: 6:01:40  time: 0.4679  data_time: 0.0125  memory: 15697  grad_norm: 8.5044  loss: 5.1349  loss_heatmap: 1.9176  layer_-1_loss_cls: 0.3397  layer_-1_loss_bbox: 2.3539  matched_ious: 0.0992  aux_depth_loss: 0.5237  sec_per_iter: 0.4704  iters_per_sec: 2.1300  samples_per_sec: 34.0100  samples_per_sec_per_gpu: 8.5000  max_mem_allocated_mb: 607.2000  max_mem_reserved_mb: 21978.0000
04/08 22:49:43 - mmengine - INFO - Epoch(train)  [3][4500/5000]  lr: 4.2115e-04  eta: 6:01:18  time: 0.4864  data_time: 0.0115  memory: 15696  grad_norm: 8.7613  loss: 4.9467  loss_heatmap: 1.8619  layer_-1_loss_cls: 0.3424  layer_-1_loss_bbox: 2.2158  matched_ious: 0.1082  aux_depth_loss: 0.5265  sec_per_iter: 0.4704  iters_per_sec: 2.1300  samples_per_sec: 34.0100  samples_per_sec_per_gpu: 8.5000  max_mem_allocated_mb: 607.2000  max_mem_reserved_mb: 21978.0000
04/08 22:50:06 - mmengine - INFO - Epoch(train)  [3][4550/5000]  lr: 4.2248e-04  eta: 6:00:52  time: 0.4612  data_time: 0.0114  memory: 15694  grad_norm: 10.3902  loss: 5.3079  loss_heatmap: 1.9674  layer_-1_loss_cls: 0.3464  layer_-1_loss_bbox: 2.4418  matched_ious: 0.1236  aux_depth_loss: 0.5522  sec_per_iter: 0.4706  iters_per_sec: 2.1300  samples_per_sec: 34.0000  samples_per_sec_per_gpu: 8.5000  max_mem_allocated_mb: 607.2000  max_mem_reserved_mb: 21978.0000
04/08 22:50:29 - mmengine - INFO - Epoch(train)  [3][4600/5000]  lr: 4.2381e-04  eta: 6:00:25  time: 0.4576  data_time: 0.0116  memory: 15693  grad_norm: 11.5622  loss: 5.0770  loss_heatmap: 1.9008  layer_-1_loss_cls: 0.3396  layer_-1_loss_bbox: 2.2935  matched_ious: 0.1491  aux_depth_loss: 0.5431  sec_per_iter: 0.4705  iters_per_sec: 2.1300  samples_per_sec: 34.0100  samples_per_sec_per_gpu: 8.5000  max_mem_allocated_mb: 607.2000  max_mem_reserved_mb: 21978.0000
04/08 22:50:52 - mmengine - INFO - Epoch(train)  [3][4650/5000]  lr: 4.2513e-04  eta: 5:59:58  time: 0.4582  data_time: 0.0115  memory: 15695  grad_norm: 9.2603  loss: 5.2428  loss_heatmap: 1.9245  layer_-1_loss_cls: 0.3312  layer_-1_loss_bbox: 2.4530  matched_ious: 0.1602  aux_depth_loss: 0.5342  sec_per_iter: 0.4703  iters_per_sec: 2.1300  samples_per_sec: 34.0200  samples_per_sec_per_gpu: 8.5000  max_mem_allocated_mb: 607.2000  max_mem_reserved_mb: 21978.0000
04/08 22:51:16 - mmengine - INFO - Epoch(train)  [3][4700/5000]  lr: 4.2645e-04  eta: 5:59:34  time: 0.4728  data_time: 0.0120  memory: 15695  grad_norm: nan  loss: 5.7641  loss_heatmap: 2.0902  layer_-1_loss_cls: 0.3668  layer_-1_loss_bbox: 2.7175  matched_ious: 0.1072  aux_depth_loss: 0.5895  sec_per_iter: 0.4702  iters_per_sec: 2.1300  samples_per_sec: 34.0300  samples_per_sec_per_gpu: 8.5100  max_mem_allocated_mb: 607.2000  max_mem_reserved_mb: 21978.0000
04/08 22:51:40 - mmengine - INFO - Epoch(train)  [3][4750/5000]  lr: 4.2775e-04  eta: 5:59:12  time: 0.4860  data_time: 0.0115  memory: 15697  grad_norm: 9.5435  loss: 5.2315  loss_heatmap: 1.9540  layer_-1_loss_cls: 0.3540  layer_-1_loss_bbox: 2.3481  matched_ious: 0.1657  aux_depth_loss: 0.5754  sec_per_iter: 0.4702  iters_per_sec: 2.1300  samples_per_sec: 34.0300  samples_per_sec_per_gpu: 8.5100  max_mem_allocated_mb: 607.2000  max_mem_reserved_mb: 21978.0000
04/08 22:52:05 - mmengine - INFO - Epoch(train)  [3][4800/5000]  lr: 4.2904e-04  eta: 5:58:53  time: 0.5087  data_time: 0.0123  memory: 15696  grad_norm: 11.4854  loss: 5.0426  loss_heatmap: 1.9315  layer_-1_loss_cls: 0.3590  layer_-1_loss_bbox: 2.1999  matched_ious: 0.1229  aux_depth_loss: 0.5521  sec_per_iter: 0.4704  iters_per_sec: 2.1300  samples_per_sec: 34.0100  samples_per_sec_per_gpu: 8.5000  max_mem_allocated_mb: 607.2000  max_mem_reserved_mb: 21978.0000
04/08 22:52:28 - mmengine - INFO - Epoch(train)  [3][4850/5000]  lr: 4.3032e-04  eta: 5:58:27  time: 0.4610  data_time: 0.0110  memory: 15697  grad_norm: 9.4902  loss: 5.0873  loss_heatmap: 1.9126  layer_-1_loss_cls: 0.3423  layer_-1_loss_bbox: 2.2979  matched_ious: 0.1378  aux_depth_loss: 0.5345  sec_per_iter: 0.4708  iters_per_sec: 2.1200  samples_per_sec: 33.9900  samples_per_sec_per_gpu: 8.5000  max_mem_allocated_mb: 607.2000  max_mem_reserved_mb: 21978.0000
04/08 22:52:52 - mmengine - INFO - Epoch(train)  [3][4900/5000]  lr: 4.3160e-04  eta: 5:58:01  time: 0.4630  data_time: 0.0110  memory: 15693  grad_norm: 8.2378  loss: 4.8989  loss_heatmap: 1.8513  layer_-1_loss_cls: 0.3403  layer_-1_loss_bbox: 2.1856  matched_ious: 0.1027  aux_depth_loss: 0.5217  sec_per_iter: 0.4707  iters_per_sec: 2.1200  samples_per_sec: 33.9900  samples_per_sec_per_gpu: 8.5000  max_mem_allocated_mb: 607.2000  max_mem_reserved_mb: 21978.0000
04/08 22:53:15 - mmengine - INFO - Epoch(train)  [3][4950/5000]  lr: 4.3286e-04  eta: 5:57:35  time: 0.4604  data_time: 0.0111  memory: 15696  grad_norm: 9.9498  loss: 5.0204  loss_heatmap: 1.8936  layer_-1_loss_cls: 0.3464  layer_-1_loss_bbox: 2.2538  matched_ious: 0.1237  aux_depth_loss: 0.5265  sec_per_iter: 0.4706  iters_per_sec: 2.1200  samples_per_sec: 34.0000  samples_per_sec_per_gpu: 8.5000  max_mem_allocated_mb: 607.2000  max_mem_reserved_mb: 21978.0000
04/08 22:53:40 - mmengine - INFO - Exp name: zod_camera_only_20260408_204407
04/08 22:53:40 - mmengine - INFO - Epoch(train)  [3][5000/5000]  lr: 4.3411e-04  eta: 5:57:15  time: 0.5071  data_time: 0.0115  memory: 15695  grad_norm: 10.4736  loss: 4.8048  loss_heatmap: 1.8146  layer_-1_loss_cls: 0.3368  layer_-1_loss_bbox: 2.1194  matched_ious: 0.1145  aux_depth_loss: 0.5340  sec_per_iter: 0.4705  iters_per_sec: 2.1300  samples_per_sec: 34.0100  samples_per_sec_per_gpu: 8.5000  max_mem_allocated_mb: 607.2000  max_mem_reserved_mb: 21978.0000
04/08 22:53:40 - mmengine - INFO - [Efficiency] Epoch 3: wall=2354.4s  iters=5000  sec/iter=0.471  mem_alloc=607MB  mem_rsv=21978MB
04/08 22:53:41 - mmengine - INFO - Saved /home/users/u103958/projects/multimodal-MoE/outputs/runs/zod_camera_only/zod-cam-only_4461334/visualizations/bev_pred_vs_gt_epoch_3.png  (GT=16, pred=3, max_score=0.181)
04/08 22:53:41 - mmengine - INFO - Saved /home/users/u103958/projects/multimodal-MoE/outputs/runs/zod_camera_only/zod-cam-only_4461334/visualizations/bev_val_pred_vs_gt_epoch_3.png  (GT=25, pred=4, max_score=0.253)
04/08 22:53:42 - mmengine - INFO - Saved /home/users/u103958/projects/multimodal-MoE/outputs/runs/zod_camera_only/zod-cam-only_4461334/visualizations/camera_bev_features_epoch_3.png
04/08 22:53:43 - mmengine - INFO - Saved /home/users/u103958/projects/multimodal-MoE/outputs/runs/zod_camera_only/zod-cam-only_4461334/visualizations/depth_transform_diagnostic_epoch_3.png
04/08 22:53:43 - mmengine - INFO - ========================================================================
04/08 22:53:43 - mmengine - INFO -   DEPTH PROJECTION DEBUG — Sparse depth analysis
04/08 22:53:43 - mmengine - INFO - ========================================================================
04/08 22:53:43 - mmengine - INFO -   lidar2img  shape=(1, 4, 4)
04/08 22:53:43 - mmengine - INFO -     [  622.2576  -478.3849    -1.9513 -1257.4954]
04/08 22:53:43 - mmengine - INFO -     [ 350.0951    7.6426 -478.2796 -167.8321]
04/08 22:53:43 - mmengine - INFO -     [ 1.      0.003   0.0074 -2.0314]
04/08 22:53:43 - mmengine - INFO -     [0. 0. 0. 1.]
04/08 22:53:43 - mmengine - INFO -   cam2img  shape=(1, 4, 4)
04/08 22:53:43 - mmengine - INFO -     [480.324    0.     620.7651   0.    ]
04/08 22:53:43 - mmengine - INFO -     [  0.     480.9149 346.5506   0.    ]
04/08 22:53:43 - mmengine - INFO -     [0. 0. 1. 0.]
04/08 22:53:43 - mmengine - INFO -     [0. 0. 0. 1.]
04/08 22:53:43 - mmengine - INFO -   img_aug_matrix  shape=(1, 4, 4)
04/08 22:53:43 - mmengine - INFO -     [1. 0. 0. 0.]
04/08 22:53:43 - mmengine - INFO -     [0. 1. 0. 0.]
04/08 22:53:43 - mmengine - INFO -     [0. 0. 1. 0.]
04/08 22:53:43 - mmengine - INFO -     [0. 0. 0. 1.]
04/08 22:53:43 - mmengine - INFO -   lidar_aug_matrix  shape=(4, 4)
04/08 22:53:43 - mmengine - INFO -     [1. 0. 0. 0.]
04/08 22:53:43 - mmengine - INFO -     [0. 1. 0. 0.]
04/08 22:53:43 - mmengine - INFO -     [0. 0. 1. 0.]
04/08 22:53:43 - mmengine - INFO -     [0. 0. 0. 1.]
04/08 22:53:43 - mmengine - INFO -   img tensor shape: (1, 1, 3, 704, 1248)
04/08 22:53:43 - mmengine - INFO -   points[0] shape:  (50570, 4)
04/08 22:53:43 - mmengine - INFO -   image_size=[704, 1248]  feature_size=[88, 156]  D=178
04/08 22:53:43 - mmengine - INFO -   projected: 50570 / 50570 on image
04/08 22:53:43 - mmengine - INFO -   row min/max/mean: 226.9 / 703.6 / 382.4
04/08 22:53:43 - mmengine - INFO - ------------------------------------------------------------------------
04/08 22:53:43 - mmengine - INFO -   MULTI-HIT / OVERWRITE ANALYSIS (full-res depth map)
04/08 22:53:43 - mmengine - INFO -   total LiDAR hits on image:     50570
04/08 22:53:43 - mmengine - INFO -   unique pixels occupied:         45944
04/08 22:53:43 - mmengine - INFO -   pixels with >1 hit:             4354
04/08 22:53:43 - mmengine - INFO -   overwritten points (lost):      4626  (9.1%)
04/08 22:53:43 - mmengine - INFO -   multi-hit max/mean:             4 / 2.1
04/08 22:53:43 - mmengine - INFO -   full-res occupancy:             45944 / 878592 = 5.229%
04/08 22:53:44 - mmengine - INFO - ------------------------------------------------------------------------
04/08 22:53:44 - mmengine - INFO -   OCCUPANCY THROUGH DEPTH PIPELINE
04/08 22:53:44 - mmengine - INFO -   sparse_depth (full-res):  (1, 1, 704, 1248)
04/08 22:53:44 - mmengine - INFO -     nonzero: 156662 / 878592  (17.831%)
04/08 22:53:44 - mmengine - INFO -     active rows: 479/704  cols: 1248/1248
04/08 22:53:44 - mmengine - INFO -   dtransform output:        (1, 64, 88, 156)
04/08 22:53:44 - mmengine - INFO -     active cells (any ch>0): 13728 / 13728  (100.00%)
04/08 22:53:44 - mmengine - INFO -   img_features:             (1, 1, 256, 88, 156)
04/08 22:53:44 - mmengine - INFO -   depthnet output:          (1, 258, 88, 156)
04/08 22:53:44 - mmengine - INFO -   camera BEV:               (1, 80, 180, 180)
04/08 22:53:47 - mmengine - INFO -   Saved /home/users/u103958/projects/multimodal-MoE/outputs/runs/zod_camera_only/zod-cam-only_4461334/debug/sparse_depth_pipeline.png
04/08 22:53:48 - mmengine - INFO -   Saved /home/users/u103958/projects/multimodal-MoE/outputs/runs/zod_camera_only/zod-cam-only_4461334/debug/lidar_projection_overlay.png
04/08 22:53:48 - mmengine - INFO - ========================================================================
04/08 22:53:55 - mmengine - INFO - Epoch(val)  [3][  50/1250]    eta: 0:02:33  time: 0.1281  data_time: 0.0080  memory: 4814  
04/08 22:54:01 - mmengine - INFO - Epoch(val)  [3][ 100/1250]    eta: 0:02:26  time: 0.1268  data_time: 0.0051  memory: 4820  
04/08 22:54:08 - mmengine - INFO - Epoch(val)  [3][ 150/1250]    eta: 0:02:21  time: 0.1313  data_time: 0.0053  memory: 4823  
04/08 22:54:14 - mmengine - INFO - Epoch(val)  [3][ 200/1250]    eta: 0:02:15  time: 0.1289  data_time: 0.0054  memory: 4820  
04/08 22:54:21 - mmengine - INFO - Epoch(val)  [3][ 250/1250]    eta: 0:02:08  time: 0.1277  data_time: 0.0069  memory: 4810  
04/08 22:54:27 - mmengine - INFO - Epoch(val)  [3][ 300/1250]    eta: 0:02:01  time: 0.1253  data_time: 0.0055  memory: 4818  
04/08 22:54:33 - mmengine - INFO - Epoch(val)  [3][ 350/1250]    eta: 0:01:54  time: 0.1254  data_time: 0.0052  memory: 4821  
04/08 22:54:39 - mmengine - INFO - Epoch(val)  [3][ 400/1250]    eta: 0:01:48  time: 0.1274  data_time: 0.0054  memory: 4811  
04/08 22:54:46 - mmengine - INFO - Epoch(val)  [3][ 450/1250]    eta: 0:01:41  time: 0.1264  data_time: 0.0057  memory: 4814  
04/08 22:54:52 - mmengine - INFO - Epoch(val)  [3][ 500/1250]    eta: 0:01:35  time: 0.1266  data_time: 0.0054  memory: 4814  
04/08 22:54:58 - mmengine - INFO - Epoch(val)  [3][ 550/1250]    eta: 0:01:29  time: 0.1264  data_time: 0.0055  memory: 4814  
04/08 22:55:05 - mmengine - INFO - Epoch(val)  [3][ 600/1250]    eta: 0:01:22  time: 0.1240  data_time: 0.0053  memory: 4818  
04/08 22:55:11 - mmengine - INFO - Epoch(val)  [3][ 650/1250]    eta: 0:01:16  time: 0.1231  data_time: 0.0055  memory: 4818  
04/08 22:55:17 - mmengine - INFO - Epoch(val)  [3][ 700/1250]    eta: 0:01:09  time: 0.1255  data_time: 0.0055  memory: 4814  
04/08 22:55:24 - mmengine - INFO - Epoch(val)  [3][ 750/1250]    eta: 0:01:03  time: 0.1367  data_time: 0.0054  memory: 4817  
04/08 22:55:30 - mmengine - INFO - Epoch(val)  [3][ 800/1250]    eta: 0:00:57  time: 0.1253  data_time: 0.0053  memory: 4812  
04/08 22:55:36 - mmengine - INFO - Epoch(val)  [3][ 850/1250]    eta: 0:00:50  time: 0.1263  data_time: 0.0053  memory: 4817  
04/08 22:55:43 - mmengine - INFO - Epoch(val)  [3][ 900/1250]    eta: 0:00:44  time: 0.1238  data_time: 0.0051  memory: 4821  
04/08 22:55:49 - mmengine - INFO - Epoch(val)  [3][ 950/1250]    eta: 0:00:38  time: 0.1277  data_time: 0.0056  memory: 4817  
04/08 22:55:57 - mmengine - INFO - Epoch(val)  [3][1000/1250]    eta: 0:00:32  time: 0.1572  data_time: 0.0051  memory: 4813  
04/08 22:56:03 - mmengine - INFO - Epoch(val)  [3][1050/1250]    eta: 0:00:25  time: 0.1230  data_time: 0.0053  memory: 4726  
04/08 22:56:09 - mmengine - INFO - Epoch(val)  [3][1100/1250]    eta: 0:00:19  time: 0.1278  data_time: 0.0052  memory: 4726  
04/08 22:56:16 - mmengine - INFO - Epoch(val)  [3][1150/1250]    eta: 0:00:12  time: 0.1249  data_time: 0.0051  memory: 4721  
04/08 22:56:22 - mmengine - INFO - Epoch(val)  [3][1200/1250]    eta: 0:00:06  time: 0.1287  data_time: 0.0057  memory: 4719  
04/08 22:56:28 - mmengine - INFO - Epoch(val)  [3][1250/1250]    eta: 0:00:00  time: 0.1233  data_time: 0.0051  memory: 4723  
04/08 22:57:43 - mmengine - INFO - 
+------------+---------+---------+---------+---------+
| classes    | AP_0.25 | AR_0.25 | AP_0.50 | AR_0.50 |
+------------+---------+---------+---------+---------+
| pedestrian | 0.0397  | 0.2566  | 0.0013  | 0.0378  |
+------------+---------+---------+---------+---------+
| Overall    | 0.0397  | 0.2566  | 0.0013  | 0.0378  |
+------------+---------+---------+---------+---------+
04/08 22:58:13 - mmengine - INFO - 
+------------+---------+---------+---------+---------+---------+---------+---------+---------+
| classes    | AP_0.5m | AR_0.5m | AP_1.0m | AR_1.0m | AP_2.0m | AR_2.0m | AP_4.0m | AR_4.0m |
+------------+---------+---------+---------+---------+---------+---------+---------+---------+
| pedestrian | 0.1040  | 0.4641  | 0.1845  | 0.5920  | 0.2341  | 0.6692  | 0.2642  | 0.7335  |
+------------+---------+---------+---------+---------+---------+---------+---------+---------+
| Overall    | 0.1040  | 0.4641  | 0.1845  | 0.5920  | 0.2341  | 0.6692  | 0.2642  | 0.7335  |
+------------+---------+---------+---------+---------+---------+---------+---------+---------+
04/08 22:58:14 - mmengine - INFO - Epoch(val) [3][1250/1250]    pedestrian_AP_0.25: 0.0397  mAP_0.25: 0.0397  pedestrian_rec_0.25: 0.2566  mAR_0.25: 0.2566  pedestrian_AP_0.50: 0.0013  mAP_0.50: 0.0013  pedestrian_rec_0.50: 0.0378  mAR_0.50: 0.0378  pedestrian_AP_0.5m: 0.1040  pedestrian_rec_0.5m: 0.4641  pedestrian_AP_1.0m: 0.1845  pedestrian_rec_1.0m: 0.5920  pedestrian_AP_2.0m: 0.2341  pedestrian_rec_2.0m: 0.6692  pedestrian_AP_4.0m: 0.2642  pedestrian_rec_4.0m: 0.7335  mAP_0.5m: 0.1040  mAR_0.5m: 0.4641  mAP_1.0m: 0.1845  mAR_1.0m: 0.5920  mAP_2.0m: 0.2341  mAR_2.0m: 0.6692  mAP_4.0m: 0.2642  mAR_4.0m: 0.7335  data_time: 0.0055  time: 0.1279
04/08 22:58:15 - mmengine - INFO - The previous best checkpoint /home/users/u103958/projects/multimodal-MoE/outputs/runs/zod_camera_only/zod-cam-only_4461334/best_mAP_0.50_epoch_2.pth is removed
04/08 22:58:16 - mmengine - INFO - The best checkpoint with 0.0013 mAP_0.50 at 3 epoch is saved to best_mAP_0.50_epoch_3.pth.
04/08 22:58:41 - mmengine - INFO - Epoch(train)  [4][  50/5000]  lr: 4.3536e-04  eta: 5:56:49  time: 0.4610  data_time: 0.0181  memory: 15697  grad_norm: 12.5620  loss: 5.1046  loss_heatmap: 1.8658  layer_-1_loss_cls: 0.3355  layer_-1_loss_bbox: 2.3381  matched_ious: 0.0825  aux_depth_loss: 0.5653  sec_per_iter: 0.4709  iters_per_sec: 2.1200  samples_per_sec: 33.9800  samples_per_sec_per_gpu: 8.4900  max_mem_allocated_mb: 607.2000  max_mem_reserved_mb: 21978.0000
04/08 22:59:04 - mmengine - INFO - Epoch(train)  [4][ 100/5000]  lr: 4.3659e-04  eta: 5:56:23  time: 0.4586  data_time: 0.0111  memory: 15696  grad_norm: 11.0901  loss: 5.1469  loss_heatmap: 1.8462  layer_-1_loss_cls: 0.3358  layer_-1_loss_bbox: 2.4203  matched_ious: 0.1534  aux_depth_loss: 0.5446  sec_per_iter: 0.4614  iters_per_sec: 2.1700  samples_per_sec: 34.6800  samples_per_sec_per_gpu: 8.6700  max_mem_allocated_mb: 607.2000  max_mem_reserved_mb: 21978.0000
04/08 22:59:27 - mmengine - INFO - Epoch(train)  [4][ 150/5000]  lr: 4.3782e-04  eta: 5:55:56  time: 0.4552  data_time: 0.0114  memory: 15695  grad_norm: 10.5147  loss: 4.8836  loss_heatmap: 1.8022  layer_-1_loss_cls: 0.3377  layer_-1_loss_bbox: 2.2075  matched_ious: 0.1709  aux_depth_loss: 0.5362  sec_per_iter: 0.4600  iters_per_sec: 2.1700  samples_per_sec: 34.7800  samples_per_sec_per_gpu: 8.7000  max_mem_allocated_mb: 607.2000  max_mem_reserved_mb: 21978.0000
04/08 22:59:49 - mmengine - INFO - Epoch(train)  [4][ 200/5000]  lr: 4.3903e-04  eta: 5:55:28  time: 0.4500  data_time: 0.0108  memory: 15695  grad_norm: 11.4279  loss: 5.1353  loss_heatmap: 1.9327  layer_-1_loss_cls: 0.3600  layer_-1_loss_bbox: 2.2943  matched_ious: 0.1220  aux_depth_loss: 0.5482  sec_per_iter: 0.4584  iters_per_sec: 2.1800  samples_per_sec: 34.9000  samples_per_sec_per_gpu: 8.7300  max_mem_allocated_mb: 607.2000  max_mem_reserved_mb: 21978.0000
04/08 23:00:12 - mmengine - INFO - Epoch(train)  [4][ 250/5000]  lr: 4.4023e-04  eta: 5:55:01  time: 0.4552  data_time: 0.0118  memory: 15695  grad_norm: 13.5738  loss: 5.1538  loss_heatmap: 1.9199  layer_-1_loss_cls: 0.3415  layer_-1_loss_bbox: 2.3629  matched_ious: 0.1164  aux_depth_loss: 0.5295  sec_per_iter: 0.4563  iters_per_sec: 2.1900  samples_per_sec: 35.0600  samples_per_sec_per_gpu: 8.7700  max_mem_allocated_mb: 607.2000  max_mem_reserved_mb: 21978.0000
04/08 23:00:36 - mmengine - INFO - Epoch(train)  [4][ 300/5000]  lr: 4.4143e-04  eta: 5:54:37  time: 0.4696  data_time: 0.0109  memory: 15696  grad_norm: 12.2717  loss: 5.4319  loss_heatmap: 2.0138  layer_-1_loss_cls: 0.3520  layer_-1_loss_bbox: 2.5026  matched_ious: 0.1867  aux_depth_loss: 0.5635  sec_per_iter: 0.4561  iters_per_sec: 2.1900  samples_per_sec: 35.0800  samples_per_sec_per_gpu: 8.7700  max_mem_allocated_mb: 607.2000  max_mem_reserved_mb: 21978.0000
04/08 23:00:59 - mmengine - INFO - Epoch(train)  [4][ 350/5000]  lr: 4.4261e-04  eta: 5:54:12  time: 0.4718  data_time: 0.0110  memory: 15693  grad_norm: 12.0706  loss: 4.8604  loss_heatmap: 1.8367  layer_-1_loss_cls: 0.3506  layer_-1_loss_bbox: 2.1158  matched_ious: 0.1445  aux_depth_loss: 0.5574  sec_per_iter: 0.4584  iters_per_sec: 2.1800  samples_per_sec: 34.9100  samples_per_sec_per_gpu: 8.7300  max_mem_allocated_mb: 607.2000  max_mem_reserved_mb: 21978.0000
04/08 23:01:23 - mmengine - INFO - Epoch(train)  [4][ 400/5000]  lr: 4.4379e-04  eta: 5:53:47  time: 0.4673  data_time: 0.0114  memory: 15694  grad_norm: 11.1558  loss: 4.9946  loss_heatmap: 1.8770  layer_-1_loss_cls: 0.3490  layer_-1_loss_bbox: 2.2144  matched_ious: 0.0947  aux_depth_loss: 0.5542  sec_per_iter: 0.4602  iters_per_sec: 2.1700  samples_per_sec: 34.7600  samples_per_sec_per_gpu: 8.6900  max_mem_allocated_mb: 607.2000  max_mem_reserved_mb: 21978.0000
04/08 23:01:47 - mmengine - INFO - Epoch(train)  [4][ 450/5000]  lr: 4.4495e-04  eta: 5:53:24  time: 0.4784  data_time: 0.0110  memory: 15695  grad_norm: 11.2911  loss: 5.0232  loss_heatmap: 1.8656  layer_-1_loss_cls: 0.3441  layer_-1_loss_bbox: 2.2610  matched_ious: 0.0904  aux_depth_loss: 0.5525  sec_per_iter: 0.4612  iters_per_sec: 2.1700  samples_per_sec: 34.7000  samples_per_sec_per_gpu: 8.6700  max_mem_allocated_mb: 607.2000  max_mem_reserved_mb: 21978.0000
04/08 23:02:10 - mmengine - INFO - Epoch(train)  [4][ 500/5000]  lr: 4.4610e-04  eta: 5:53:00  time: 0.4735  data_time: 0.0111  memory: 15693  grad_norm: 11.7968  loss: 5.0066  loss_heatmap: 1.8644  layer_-1_loss_cls: 0.3519  layer_-1_loss_bbox: 2.2389  matched_ious: 0.0864  aux_depth_loss: 0.5514  sec_per_iter: 0.4631  iters_per_sec: 2.1600  samples_per_sec: 34.5500  samples_per_sec_per_gpu: 8.6400  max_mem_allocated_mb: 607.2000  max_mem_reserved_mb: 21978.0000
04/08 23:02:35 - mmengine - INFO - Epoch(train)  [4][ 550/5000]  lr: 4.4724e-04  eta: 5:52:38  time: 0.4905  data_time: 0.0113  memory: 15693  grad_norm: 9.7693  loss: 5.3721  loss_heatmap: 2.0015  layer_-1_loss_cls: 0.3556  layer_-1_loss_bbox: 2.4659  matched_ious: 0.1290  aux_depth_loss: 0.5491  sec_per_iter: 0.4641  iters_per_sec: 2.1500  samples_per_sec: 34.4700  samples_per_sec_per_gpu: 8.6200  max_mem_allocated_mb: 607.2000  max_mem_reserved_mb: 21978.0000
04/08 23:02:59 - mmengine - INFO - Epoch(train)  [4][ 600/5000]  lr: 4.4837e-04  eta: 5:52:15  time: 0.4825  data_time: 0.0135  memory: 15694  grad_norm: 10.0922  loss: 5.0111  loss_heatmap: 1.8668  layer_-1_loss_cls: 0.3409  layer_-1_loss_bbox: 2.2645  matched_ious: 0.1381  aux_depth_loss: 0.5389  sec_per_iter: 0.4665  iters_per_sec: 2.1400  samples_per_sec: 34.3000  samples_per_sec_per_gpu: 8.5700  max_mem_allocated_mb: 607.2000  max_mem_reserved_mb: 21978.0000
04/08 23:03:22 - mmengine - INFO - Epoch(train)  [4][ 650/5000]  lr: 4.4949e-04  eta: 5:51:50  time: 0.4656  data_time: 0.0134  memory: 15692  grad_norm: 11.4165  loss: 5.2733  loss_heatmap: 1.9407  layer_-1_loss_cls: 0.3410  layer_-1_loss_bbox: 2.4443  matched_ious: 0.1293  aux_depth_loss: 0.5474  sec_per_iter: 0.4678  iters_per_sec: 2.1400  samples_per_sec: 34.2000  samples_per_sec_per_gpu: 8.5500  max_mem_allocated_mb: 607.2000  max_mem_reserved_mb: 21978.0000
04/08 23:03:45 - mmengine - INFO - Epoch(train)  [4][ 700/5000]  lr: 4.5060e-04  eta: 5:51:23  time: 0.4571  data_time: 0.0115  memory: 15696  grad_norm: 8.7411  loss: 5.0950  loss_heatmap: 1.8870  layer_-1_loss_cls: 0.3415  layer_-1_loss_bbox: 2.3276  matched_ious: 0.1057  aux_depth_loss: 0.5389  sec_per_iter: 0.4677  iters_per_sec: 2.1400  samples_per_sec: 34.2100  samples_per_sec_per_gpu: 8.5500  max_mem_allocated_mb: 607.2000  max_mem_reserved_mb: 21978.0000
04/08 23:04:08 - mmengine - INFO - Epoch(train)  [4][ 750/5000]  lr: 4.5170e-04  eta: 5:50:56  time: 0.4541  data_time: 0.0113  memory: 15694  grad_norm: 9.8650  loss: 5.2201  loss_heatmap: 1.8809  layer_-1_loss_cls: 0.3352  layer_-1_loss_bbox: 2.4563  matched_ious: 0.1119  aux_depth_loss: 0.5476  sec_per_iter: 0.4669  iters_per_sec: 2.1400  samples_per_sec: 34.2700  samples_per_sec_per_gpu: 8.5700  max_mem_allocated_mb: 607.2000  max_mem_reserved_mb: 21978.0000
04/08 23:04:31 - mmengine - INFO - Epoch(train)  [4][ 800/5000]  lr: 4.5279e-04  eta: 5:50:30  time: 0.4587  data_time: 0.0109  memory: 15692  grad_norm: 9.1633  loss: 4.7090  loss_heatmap: 1.8458  layer_-1_loss_cls: 0.3645  layer_-1_loss_bbox: 1.9568  matched_ious: 0.1657  aux_depth_loss: 0.5419  sec_per_iter: 0.4661  iters_per_sec: 2.1500  samples_per_sec: 34.3300  samples_per_sec_per_gpu: 8.5800  max_mem_allocated_mb: 607.2000  max_mem_reserved_mb: 21978.0000
04/08 23:04:54 - mmengine - INFO - Epoch(train)  [4][ 850/5000]  lr: 4.5387e-04  eta: 5:50:04  time: 0.4583  data_time: 0.0110  memory: 15695  grad_norm: 8.3676  loss: 4.8753  loss_heatmap: 1.8551  layer_-1_loss_cls: 0.3480  layer_-1_loss_bbox: 2.1460  matched_ious: 0.1404  aux_depth_loss: 0.5262  sec_per_iter: 0.4656  iters_per_sec: 2.1500  samples_per_sec: 34.3600  samples_per_sec_per_gpu: 8.5900  max_mem_allocated_mb: 607.2000  max_mem_reserved_mb: 21978.0000
04/08 23:05:17 - mmengine - INFO - Epoch(train)  [4][ 900/5000]  lr: 4.5493e-04  eta: 5:49:38  time: 0.4602  data_time: 0.0112  memory: 15693  grad_norm: 8.7433  loss: 4.8039  loss_heatmap: 1.8029  layer_-1_loss_cls: 0.3351  layer_-1_loss_bbox: 2.1454  matched_ious: 0.1851  aux_depth_loss: 0.5205  sec_per_iter: 0.4652  iters_per_sec: 2.1500  samples_per_sec: 34.4000  samples_per_sec_per_gpu: 8.6000  max_mem_allocated_mb: 607.2000  max_mem_reserved_mb: 21978.0000
04/08 23:05:39 - mmengine - INFO - Epoch(train)  [4][ 950/5000]  lr: 4.5599e-04  eta: 5:49:10  time: 0.4456  data_time: 0.0109  memory: 15695  grad_norm: 11.5113  loss: 4.8268  loss_heatmap: 1.8299  layer_-1_loss_cls: 0.3494  layer_-1_loss_bbox: 2.1051  matched_ious: 0.1014  aux_depth_loss: 0.5424  sec_per_iter: 0.4649  iters_per_sec: 2.1500  samples_per_sec: 34.4200  samples_per_sec_per_gpu: 8.6000  max_mem_allocated_mb: 607.2000  max_mem_reserved_mb: 21978.0000
04/08 23:06:02 - mmengine - INFO - Exp name: zod_camera_only_20260408_204407
04/08 23:06:02 - mmengine - INFO - Epoch(train)  [4][1000/5000]  lr: 4.5703e-04  eta: 5:48:45  time: 0.4671  data_time: 0.0110  memory: 15696  grad_norm: inf  loss: 5.1911  loss_heatmap: 1.9437  layer_-1_loss_cls: 0.3483  layer_-1_loss_bbox: 2.3415  matched_ious: 0.0898  aux_depth_loss: 0.5576  sec_per_iter: 0.4639  iters_per_sec: 2.1600  samples_per_sec: 34.4900  samples_per_sec_per_gpu: 8.6200  max_mem_allocated_mb: 607.2000  max_mem_reserved_mb: 21978.0000
04/08 23:06:25 - mmengine - INFO - Epoch(train)  [4][1050/5000]  lr: 4.5807e-04  eta: 5:48:19  time: 0.4549  data_time: 0.0118  memory: 15694  grad_norm: 9.8469  loss: 5.0760  loss_heatmap: 1.9052  layer_-1_loss_cls: 0.3421  layer_-1_loss_bbox: 2.2864  matched_ious: 0.1923  aux_depth_loss: 0.5423  sec_per_iter: 0.4641  iters_per_sec: 2.1500  samples_per_sec: 34.4800  samples_per_sec_per_gpu: 8.6200  max_mem_allocated_mb: 607.2000  max_mem_reserved_mb: 21978.0000
04/08 23:06:48 - mmengine - INFO - Epoch(train)  [4][1100/5000]  lr: 4.5909e-04  eta: 5:47:52  time: 0.4580  data_time: 0.0115  memory: 15695  grad_norm: 8.4496  loss: 5.0171  loss_heatmap: 1.8634  layer_-1_loss_cls: 0.3389  layer_-1_loss_bbox: 2.2830  matched_ious: 0.1036  aux_depth_loss: 0.5317  sec_per_iter: 0.4636  iters_per_sec: 2.1600  samples_per_sec: 34.5100  samples_per_sec_per_gpu: 8.6300  max_mem_allocated_mb: 607.2000  max_mem_reserved_mb: 21978.0000
04/08 23:07:11 - mmengine - INFO - Epoch(train)  [4][1150/5000]  lr: 4.6010e-04  eta: 5:47:26  time: 0.4535  data_time: 0.0112  memory: 15695  grad_norm: 9.7151  loss: 4.9339  loss_heatmap: 1.8675  layer_-1_loss_cls: 0.3460  layer_-1_loss_bbox: 2.1951  matched_ious: 0.0901  aux_depth_loss: 0.5254  sec_per_iter: 0.4634  iters_per_sec: 2.1600  samples_per_sec: 34.5300  samples_per_sec_per_gpu: 8.6300  max_mem_allocated_mb: 607.2000  max_mem_reserved_mb: 21978.0000
04/08 23:07:35 - mmengine - INFO - Epoch(train)  [4][1200/5000]  lr: 4.6110e-04  eta: 5:47:02  time: 0.4797  data_time: 0.0120  memory: 15697  grad_norm: 8.4375  loss: 5.0006  loss_heatmap: 1.8164  layer_-1_loss_cls: 0.3311  layer_-1_loss_bbox: 2.3266  matched_ious: 0.1511  aux_depth_loss: 0.5265  sec_per_iter: 0.4629  iters_per_sec: 2.1600  samples_per_sec: 34.5600  samples_per_sec_per_gpu: 8.6400  max_mem_allocated_mb: 607.2000  max_mem_reserved_mb: 21978.0000
04/08 23:07:58 - mmengine - INFO - Epoch(train)  [4][1250/5000]  lr: 4.6208e-04  eta: 5:46:38  time: 0.4738  data_time: 0.0142  memory: 15698  grad_norm: 9.5561  loss: 4.9127  loss_heatmap: 1.8118  layer_-1_loss_cls: 0.3237  layer_-1_loss_bbox: 2.2482  matched_ious: 0.0803  aux_depth_loss: 0.5291  sec_per_iter: 0.4637  iters_per_sec: 2.1600  samples_per_sec: 34.5100  samples_per_sec_per_gpu: 8.6300  max_mem_allocated_mb: 607.2000  max_mem_reserved_mb: 21978.0000
04/08 23:08:21 - mmengine - INFO - Epoch(train)  [4][1300/5000]  lr: 4.6306e-04  eta: 5:46:12  time: 0.4580  data_time: 0.0116  memory: 15696  grad_norm: 9.7670  loss: 5.0294  loss_heatmap: 1.8454  layer_-1_loss_cls: 0.3324  layer_-1_loss_bbox: 2.3218  matched_ious: 0.1851  aux_depth_loss: 0.5298  sec_per_iter: 0.4641  iters_per_sec: 2.1500  samples_per_sec: 34.4800  samples_per_sec_per_gpu: 8.6200  max_mem_allocated_mb: 607.2000  max_mem_reserved_mb: 21978.0000
04/08 23:08:44 - mmengine - INFO - Epoch(train)  [4][1350/5000]  lr: 4.6402e-04  eta: 5:45:47  time: 0.4611  data_time: 0.0111  memory: 15696  grad_norm: 8.8920  loss: 5.1706  loss_heatmap: 1.8703  layer_-1_loss_cls: 0.3360  layer_-1_loss_bbox: 2.4273  matched_ious: 0.1294  aux_depth_loss: 0.5370  sec_per_iter: 0.4638  iters_per_sec: 2.1600  samples_per_sec: 34.5000  samples_per_sec_per_gpu: 8.6200  max_mem_allocated_mb: 607.2000  max_mem_reserved_mb: 21978.0000
04/08 23:09:08 - mmengine - INFO - Epoch(train)  [4][1400/5000]  lr: 4.6498e-04  eta: 5:45:23  time: 0.4741  data_time: 0.0116  memory: 15696  grad_norm: 10.6710  loss: 4.9192  loss_heatmap: 1.8370  layer_-1_loss_cls: 0.3441  layer_-1_loss_bbox: 2.2118  matched_ious: 0.1469  aux_depth_loss: 0.5263  sec_per_iter: 0.4637  iters_per_sec: 2.1600  samples_per_sec: 34.5000  samples_per_sec_per_gpu: 8.6300  max_mem_allocated_mb: 607.2000  max_mem_reserved_mb: 21978.0000
04/08 23:09:31 - mmengine - INFO - Epoch(train)  [4][1450/5000]  lr: 4.6592e-04  eta: 5:44:56  time: 0.4560  data_time: 0.0123  memory: 15694  grad_norm: 9.7459  loss: 4.9290  loss_heatmap: 1.8176  layer_-1_loss_cls: 0.3410  layer_-1_loss_bbox: 2.2462  matched_ious: 0.1015  aux_depth_loss: 0.5242  sec_per_iter: 0.4641  iters_per_sec: 2.1500  samples_per_sec: 34.4800  samples_per_sec_per_gpu: 8.6200  max_mem_allocated_mb: 607.2000  max_mem_reserved_mb: 21978.0000
04/08 23:09:54 - mmengine - INFO - Epoch(train)  [4][1500/5000]  lr: 4.6685e-04  eta: 5:44:30  time: 0.4575  data_time: 0.0116  memory: 15696  grad_norm: 11.0641  loss: 5.0287  loss_heatmap: 1.8431  layer_-1_loss_cls: 0.3366  layer_-1_loss_bbox: 2.3193  matched_ious: 0.1128  aux_depth_loss: 0.5296  sec_per_iter: 0.4638  iters_per_sec: 2.1600  samples_per_sec: 34.5000  samples_per_sec_per_gpu: 8.6200  max_mem_allocated_mb: 607.2000  max_mem_reserved_mb: 21978.0000
04/08 23:10:17 - mmengine - INFO - Epoch(train)  [4][1550/5000]  lr: 4.6776e-04  eta: 5:44:05  time: 0.4609  data_time: 0.0117  memory: 15695  grad_norm: 8.4778  loss: 4.9443  loss_heatmap: 1.8770  layer_-1_loss_cls: 0.3453  layer_-1_loss_bbox: 2.1956  matched_ious: 0.1983  aux_depth_loss: 0.5264  sec_per_iter: 0.4636  iters_per_sec: 2.1600  samples_per_sec: 34.5100  samples_per_sec_per_gpu: 8.6300  max_mem_allocated_mb: 607.2000  max_mem_reserved_mb: 21978.0000
04/08 23:10:40 - mmengine - INFO - Epoch(train)  [4][1600/5000]  lr: 4.6867e-04  eta: 5:43:39  time: 0.4588  data_time: 0.0121  memory: 15694  grad_norm: 10.3810  loss: 4.9280  loss_heatmap: 1.8246  layer_-1_loss_cls: 0.3467  layer_-1_loss_bbox: 2.2272  matched_ious: 0.1933  aux_depth_loss: 0.5295  sec_per_iter: 0.4635  iters_per_sec: 2.1600  samples_per_sec: 34.5200  samples_per_sec_per_gpu: 8.6300  max_mem_allocated_mb: 607.2000  max_mem_reserved_mb: 21978.0000
04/08 23:11:03 - mmengine - INFO - Epoch(train)  [4][1650/5000]  lr: 4.6956e-04  eta: 5:43:13  time: 0.4596  data_time: 0.0118  memory: 15693  grad_norm: 9.5556  loss: 4.8755  loss_heatmap: 1.8149  layer_-1_loss_cls: 0.3411  layer_-1_loss_bbox: 2.1847  matched_ious: 0.1779  aux_depth_loss: 0.5349  sec_per_iter: 0.4634  iters_per_sec: 2.1600  samples_per_sec: 34.5300  samples_per_sec_per_gpu: 8.6300  max_mem_allocated_mb: 607.2000  max_mem_reserved_mb: 21978.0000
04/08 23:11:26 - mmengine - INFO - Epoch(train)  [4][1700/5000]  lr: 4.7044e-04  eta: 5:42:49  time: 0.4756  data_time: 0.0122  memory: 15696  grad_norm: 10.8882  loss: 5.0299  loss_heatmap: 1.8807  layer_-1_loss_cls: 0.3438  layer_-1_loss_bbox: 2.2580  matched_ious: 0.1028  aux_depth_loss: 0.5475  sec_per_iter: 0.4633  iters_per_sec: 2.1600  samples_per_sec: 34.5400  samples_per_sec_per_gpu: 8.6300  max_mem_allocated_mb: 607.2000  max_mem_reserved_mb: 21978.0000
04/08 23:11:50 - mmengine - INFO - Epoch(train)  [4][1750/5000]  lr: 4.7131e-04  eta: 5:42:24  time: 0.4667  data_time: 0.0113  memory: 15693  grad_norm: 8.5044  loss: 4.8011  loss_heatmap: 1.8400  layer_-1_loss_cls: 0.3524  layer_-1_loss_bbox: 2.0824  matched_ious: 0.1326  aux_depth_loss: 0.5263  sec_per_iter: 0.4636  iters_per_sec: 2.1600  samples_per_sec: 34.5100  samples_per_sec_per_gpu: 8.6300  max_mem_allocated_mb: 607.2000  max_mem_reserved_mb: 21978.0000
04/08 23:12:12 - mmengine - INFO - Epoch(train)  [4][1800/5000]  lr: 4.7217e-04  eta: 5:41:58  time: 0.4520  data_time: 0.0115  memory: 15695  grad_norm: 10.4827  loss: 4.9241  loss_heatmap: 1.8678  layer_-1_loss_cls: 0.3497  layer_-1_loss_bbox: 2.1802  matched_ious: 0.0926  aux_depth_loss: 0.5265  sec_per_iter: 0.4637  iters_per_sec: 2.1600  samples_per_sec: 34.5000  samples_per_sec_per_gpu: 8.6300  max_mem_allocated_mb: 607.2000  max_mem_reserved_mb: 21978.0000
04/08 23:12:37 - mmengine - INFO - Epoch(train)  [4][1850/5000]  lr: 4.7301e-04  eta: 5:41:36  time: 0.4936  data_time: 0.0119  memory: 15695  grad_norm: 8.2726  loss: 4.9628  loss_heatmap: 1.8242  layer_-1_loss_cls: 0.3453  layer_-1_loss_bbox: 2.2652  matched_ious: 0.1242  aux_depth_loss: 0.5282  sec_per_iter: 0.4634  iters_per_sec: 2.1600  samples_per_sec: 34.5300  samples_per_sec_per_gpu: 8.6300  max_mem_allocated_mb: 607.2000  max_mem_reserved_mb: 21978.0000
04/08 23:13:00 - mmengine - INFO - Epoch(train)  [4][1900/5000]  lr: 4.7385e-04  eta: 5:41:11  time: 0.4621  data_time: 0.0121  memory: 15697  grad_norm: 9.1093  loss: 4.7405  loss_heatmap: 1.7877  layer_-1_loss_cls: 0.3383  layer_-1_loss_bbox: 2.0905  matched_ious: 0.0882  aux_depth_loss: 0.5240  sec_per_iter: 0.4642  iters_per_sec: 2.1500  samples_per_sec: 34.4700  samples_per_sec_per_gpu: 8.6200  max_mem_allocated_mb: 607.2000  max_mem_reserved_mb: 21978.0000
04/08 23:13:23 - mmengine - INFO - Epoch(train)  [4][1950/5000]  lr: 4.7467e-04  eta: 5:40:46  time: 0.4615  data_time: 0.0119  memory: 15696  grad_norm: 11.3858  loss: 4.9469  loss_heatmap: 1.8336  layer_-1_loss_cls: 0.3464  layer_-1_loss_bbox: 2.2265  matched_ious: 0.1557  aux_depth_loss: 0.5404  sec_per_iter: 0.4641  iters_per_sec: 2.1500  samples_per_sec: 34.4700  samples_per_sec_per_gpu: 8.6200  max_mem_allocated_mb: 607.2000  max_mem_reserved_mb: 21978.0000
04/08 23:13:47 - mmengine - INFO - Exp name: zod_camera_only_20260408_204407
04/08 23:13:47 - mmengine - INFO - Epoch(train)  [4][2000/5000]  lr: 4.7548e-04  eta: 5:40:21  time: 0.4698  data_time: 0.0120  memory: 15694  grad_norm: 8.7327  loss: 4.8447  loss_heatmap: 1.8032  layer_-1_loss_cls: 0.3407  layer_-1_loss_bbox: 2.1845  matched_ious: 0.1752  aux_depth_loss: 0.5164  sec_per_iter: 0.4641  iters_per_sec: 2.1500  samples_per_sec: 34.4800  samples_per_sec_per_gpu: 8.6200  max_mem_allocated_mb: 607.2000  max_mem_reserved_mb: 21978.0000
04/08 23:14:10 - mmengine - INFO - Epoch(train)  [4][2050/5000]  lr: 4.7627e-04  eta: 5:39:56  time: 0.4663  data_time: 0.0117  memory: 15696  grad_norm: 8.9096  loss: 4.8757  loss_heatmap: 1.7834  layer_-1_loss_cls: 0.3392  layer_-1_loss_bbox: 2.2309  matched_ious: 0.1890  aux_depth_loss: 0.5223  sec_per_iter: 0.4642  iters_per_sec: 2.1500  samples_per_sec: 34.4700  samples_per_sec_per_gpu: 8.6200  max_mem_allocated_mb: 607.2000  max_mem_reserved_mb: 21978.0000
04/08 23:14:34 - mmengine - INFO - Epoch(train)  [4][2100/5000]  lr: 4.7705e-04  eta: 5:39:32  time: 0.4728  data_time: 0.0118  memory: 15695  grad_norm: 10.6380  loss: 4.8368  loss_heatmap: 1.7958  layer_-1_loss_cls: 0.3418  layer_-1_loss_bbox: 2.1448  matched_ious: 0.1381  aux_depth_loss: 0.5544  sec_per_iter: 0.4643  iters_per_sec: 2.1500  samples_per_sec: 34.4600  samples_per_sec_per_gpu: 8.6200  max_mem_allocated_mb: 607.2000  max_mem_reserved_mb: 21978.0000
04/08 23:14:56 - mmengine - INFO - Epoch(train)  [4][2150/5000]  lr: 4.7783e-04  eta: 5:39:06  time: 0.4544  data_time: 0.0114  memory: 15695  grad_norm: 10.4086  loss: 4.9757  loss_heatmap: 1.8756  layer_-1_loss_cls: 0.3569  layer_-1_loss_bbox: 2.2096  matched_ious: 0.1308  aux_depth_loss: 0.5336  sec_per_iter: 0.4645  iters_per_sec: 2.1500  samples_per_sec: 34.4500  samples_per_sec_per_gpu: 8.6100  max_mem_allocated_mb: 607.2000  max_mem_reserved_mb: 21978.0000
04/08 23:15:19 - mmengine - INFO - Epoch(train)  [4][2200/5000]  lr: 4.7858e-04  eta: 5:38:41  time: 0.4628  data_time: 0.0135  memory: 15694  grad_norm: 10.6810  loss: 4.8637  loss_heatmap: 1.8259  layer_-1_loss_cls: 0.3473  layer_-1_loss_bbox: 2.1532  matched_ious: 0.0884  aux_depth_loss: 0.5373  sec_per_iter: 0.4642  iters_per_sec: 2.1500  samples_per_sec: 34.4700  samples_per_sec_per_gpu: 8.6200  max_mem_allocated_mb: 607.2000  max_mem_reserved_mb: 21978.0000
04/08 23:15:43 - mmengine - INFO - Epoch(train)  [4][2250/5000]  lr: 4.7933e-04  eta: 5:38:17  time: 0.4716  data_time: 0.0137  memory: 15698  grad_norm: 16.7534  loss: 5.1947  loss_heatmap: 1.9306  layer_-1_loss_cls: 0.3506  layer_-1_loss_bbox: 2.3524  matched_ious: 0.1535  aux_depth_loss: 0.5610  sec_per_iter: 0.4642  iters_per_sec: 2.1500  samples_per_sec: 34.4700  samples_per_sec_per_gpu: 8.6200  max_mem_allocated_mb: 607.2000  max_mem_reserved_mb: 21978.0000
04/08 23:16:06 - mmengine - INFO - Epoch(train)  [4][2300/5000]  lr: 4.8006e-04  eta: 5:37:51  time: 0.4593  data_time: 0.0114  memory: 15694  grad_norm: 16.6767  loss: 4.9115  loss_heatmap: 1.8748  layer_-1_loss_cls: 0.3504  layer_-1_loss_bbox: 2.1302  matched_ious: 0.1659  aux_depth_loss: 0.5559  sec_per_iter: 0.4644  iters_per_sec: 2.1500  samples_per_sec: 34.4600  samples_per_sec_per_gpu: 8.6100  max_mem_allocated_mb: 607.2000  max_mem_reserved_mb: 21978.0000
04/08 23:16:29 - mmengine - INFO - Epoch(train)  [4][2350/5000]  lr: 4.8078e-04  eta: 5:37:25  time: 0.4567  data_time: 0.0113  memory: 15694  grad_norm: 12.6335  loss: 5.3846  loss_heatmap: 2.0268  layer_-1_loss_cls: 0.3620  layer_-1_loss_bbox: 2.4254  matched_ious: 0.1526  aux_depth_loss: 0.5705  sec_per_iter: 0.4643  iters_per_sec: 2.1500  samples_per_sec: 34.4600  samples_per_sec_per_gpu: 8.6200  max_mem_allocated_mb: 607.2000  max_mem_reserved_mb: 21978.0000
04/08 23:16:52 - mmengine - INFO - Epoch(train)  [4][2400/5000]  lr: 4.8149e-04  eta: 5:37:00  time: 0.4622  data_time: 0.0117  memory: 15694  grad_norm: 8.9649  loss: 4.9841  loss_heatmap: 1.9084  layer_-1_loss_cls: 0.3647  layer_-1_loss_bbox: 2.1530  matched_ious: 0.1194  aux_depth_loss: 0.5580  sec_per_iter: 0.4641  iters_per_sec: 2.1500  samples_per_sec: 34.4800  samples_per_sec_per_gpu: 8.6200  max_mem_allocated_mb: 607.2000  max_mem_reserved_mb: 21978.0000
04/08 23:17:14 - mmengine - INFO - Epoch(train)  [4][2450/5000]  lr: 4.8219e-04  eta: 5:36:33  time: 0.4483  data_time: 0.0114  memory: 15693  grad_norm: 7.2654  loss: 4.6818  loss_heatmap: 1.7806  layer_-1_loss_cls: 0.3531  layer_-1_loss_bbox: 2.0209  matched_ious: 0.1862  aux_depth_loss: 0.5272  sec_per_iter: 0.4641  iters_per_sec: 2.1500  samples_per_sec: 34.4800  samples_per_sec_per_gpu: 8.6200  max_mem_allocated_mb: 607.2000  max_mem_reserved_mb: 21978.0000
04/08 23:17:37 - mmengine - INFO - Epoch(train)  [4][2500/5000]  lr: 4.8287e-04  eta: 5:36:06  time: 0.4521  data_time: 0.0116  memory: 15696  grad_norm: 7.3041  loss: 4.8874  loss_heatmap: 1.8268  layer_-1_loss_cls: 0.3429  layer_-1_loss_bbox: 2.1865  matched_ious: 0.1505  aux_depth_loss: 0.5312  sec_per_iter: 0.4637  iters_per_sec: 2.1600  samples_per_sec: 34.5000  samples_per_sec_per_gpu: 8.6300  max_mem_allocated_mb: 607.2000  max_mem_reserved_mb: 21978.0000
04/08 23:18:00 - mmengine - INFO - Epoch(train)  [4][2550/5000]  lr: 4.8354e-04  eta: 5:35:40  time: 0.4559  data_time: 0.0131  memory: 15693  grad_norm: 7.8549  loss: 4.7302  loss_heatmap: 1.7795  layer_-1_loss_cls: 0.3467  layer_-1_loss_bbox: 2.0779  matched_ious: 0.1766  aux_depth_loss: 0.5261  sec_per_iter: 0.4635  iters_per_sec: 2.1600  samples_per_sec: 34.5200  samples_per_sec_per_gpu: 8.6300  max_mem_allocated_mb: 607.2000  max_mem_reserved_mb: 21978.0000
04/08 23:18:23 - mmengine - INFO - Epoch(train)  [4][2600/5000]  lr: 4.8420e-04  eta: 5:35:15  time: 0.4595  data_time: 0.0124  memory: 15694  grad_norm: 10.9411  loss: 4.9665  loss_heatmap: 1.8519  layer_-1_loss_cls: 0.3475  layer_-1_loss_bbox: 2.2315  matched_ious: 0.2111  aux_depth_loss: 0.5355  sec_per_iter: 0.4634  iters_per_sec: 2.1600  samples_per_sec: 34.5300  samples_per_sec_per_gpu: 8.6300  max_mem_allocated_mb: 607.2000  max_mem_reserved_mb: 21978.0000
04/08 23:18:45 - mmengine - INFO - Epoch(train)  [4][2650/5000]  lr: 4.8484e-04  eta: 5:34:48  time: 0.4504  data_time: 0.0117  memory: 15696  grad_norm: 8.9610  loss: 4.7188  loss_heatmap: 1.7870  layer_-1_loss_cls: 0.3485  layer_-1_loss_bbox: 2.0678  matched_ious: 0.1393  aux_depth_loss: 0.5155  sec_per_iter: 0.4633  iters_per_sec: 2.1600  samples_per_sec: 34.5400  samples_per_sec_per_gpu: 8.6300  max_mem_allocated_mb: 607.2000  max_mem_reserved_mb: 21978.0000
04/08 23:19:08 - mmengine - INFO - Epoch(train)  [4][2700/5000]  lr: 4.8547e-04  eta: 5:34:22  time: 0.4538  data_time: 0.0116  memory: 15695  grad_norm: 11.1476  loss: 4.8158  loss_heatmap: 1.7907  layer_-1_loss_cls: 0.3388  layer_-1_loss_bbox: 2.1573  matched_ious: 0.1296  aux_depth_loss: 0.5291  sec_per_iter: 0.4630  iters_per_sec: 2.1600  samples_per_sec: 34.5500  samples_per_sec_per_gpu: 8.6400  max_mem_allocated_mb: 607.2000  max_mem_reserved_mb: 21978.0000
04/08 23:19:31 - mmengine - INFO - Epoch(train)  [4][2750/5000]  lr: 4.8609e-04  eta: 5:33:56  time: 0.4559  data_time: 0.0124  memory: 15694  grad_norm: 8.2799  loss: 4.7675  loss_heatmap: 1.7437  layer_-1_loss_cls: 0.3387  layer_-1_loss_bbox: 2.1693  matched_ious: 0.1632  aux_depth_loss: 0.5157  sec_per_iter: 0.4629  iters_per_sec: 2.1600  samples_per_sec: 34.5700  samples_per_sec_per_gpu: 8.6400  max_mem_allocated_mb: 607.2000  max_mem_reserved_mb: 21978.0000
04/08 23:19:54 - mmengine - INFO - Epoch(train)  [4][2800/5000]  lr: 4.8669e-04  eta: 5:33:31  time: 0.4661  data_time: 0.0148  memory: 15696  grad_norm: 11.4905  loss: 4.7174  loss_heatmap: 1.7641  layer_-1_loss_cls: 0.3443  layer_-1_loss_bbox: 2.0790  matched_ious: 0.1704  aux_depth_loss: 0.5300  sec_per_iter: 0.4627  iters_per_sec: 2.1600  samples_per_sec: 34.5800  samples_per_sec_per_gpu: 8.6400  max_mem_allocated_mb: 607.2000  max_mem_reserved_mb: 21978.0000
04/08 23:20:20 - mmengine - INFO - Epoch(train)  [4][2850/5000]  lr: 4.8729e-04  eta: 5:33:12  time: 0.5093  data_time: 0.0118  memory: 15695  grad_norm: 10.9411  loss: 4.7135  loss_heatmap: 1.7898  layer_-1_loss_cls: 0.3407  layer_-1_loss_bbox: 2.0452  matched_ious: 0.1562  aux_depth_loss: 0.5377  sec_per_iter: 0.4628  iters_per_sec: 2.1600  samples_per_sec: 34.5700  samples_per_sec_per_gpu: 8.6400  max_mem_allocated_mb: 607.2000  max_mem_reserved_mb: 21978.0000
04/08 23:20:43 - mmengine - INFO - Epoch(train)  [4][2900/5000]  lr: 4.8787e-04  eta: 5:32:47  time: 0.4669  data_time: 0.0124  memory: 15694  grad_norm: 11.3251  loss: 4.7548  loss_heatmap: 1.8218  layer_-1_loss_cls: 0.3504  layer_-1_loss_bbox: 2.0282  matched_ious: 0.1538  aux_depth_loss: 0.5543  sec_per_iter: 0.4636  iters_per_sec: 2.1600  samples_per_sec: 34.5100  samples_per_sec_per_gpu: 8.6300  max_mem_allocated_mb: 607.2000  max_mem_reserved_mb: 21978.0000
04/08 23:21:08 - mmengine - INFO - Epoch(train)  [4][2950/5000]  lr: 4.8843e-04  eta: 5:32:26  time: 0.4951  data_time: 0.0113  memory: 15696  grad_norm: 10.9673  loss: 5.0298  loss_heatmap: 1.8788  layer_-1_loss_cls: 0.3511  layer_-1_loss_bbox: 2.2282  matched_ious: 0.1109  aux_depth_loss: 0.5716  sec_per_iter: 0.4637  iters_per_sec: 2.1600  samples_per_sec: 34.5100  samples_per_sec_per_gpu: 8.6300  max_mem_allocated_mb: 607.2000  max_mem_reserved_mb: 21978.0000
04/08 23:21:32 - mmengine - INFO - Exp name: zod_camera_only_20260408_204407
04/08 23:21:32 - mmengine - INFO - Epoch(train)  [4][3000/5000]  lr: 4.8898e-04  eta: 5:32:03  time: 0.4843  data_time: 0.0124  memory: 15694  grad_norm: 13.9931  loss: 4.9349  loss_heatmap: 1.8498  layer_-1_loss_cls: 0.3551  layer_-1_loss_bbox: 2.1773  matched_ious: 0.1194  aux_depth_loss: 0.5527  sec_per_iter: 0.4642  iters_per_sec: 2.1500  samples_per_sec: 34.4700  samples_per_sec_per_gpu: 8.6200  max_mem_allocated_mb: 607.2000  max_mem_reserved_mb: 21978.0000
04/08 23:21:56 - mmengine - INFO - Epoch(train)  [4][3050/5000]  lr: 4.8952e-04  eta: 5:31:40  time: 0.4807  data_time: 0.0120  memory: 15695  grad_norm: 9.1301  loss: 5.3743  loss_heatmap: 1.9844  layer_-1_loss_cls: 0.3533  layer_-1_loss_bbox: 2.4709  matched_ious: 0.1593  aux_depth_loss: 0.5658  sec_per_iter: 0.4645  iters_per_sec: 2.1500  samples_per_sec: 34.4400  samples_per_sec_per_gpu: 8.6100  max_mem_allocated_mb: 607.2000  max_mem_reserved_mb: 21978.0000
04/08 23:22:19 - mmengine - INFO - Epoch(train)  [4][3100/5000]  lr: 4.9005e-04  eta: 5:31:15  time: 0.4586  data_time: 0.0117  memory: 15694  grad_norm: 9.3777  loss: 4.9345  loss_heatmap: 1.8164  layer_-1_loss_cls: 0.3503  layer_-1_loss_bbox: 2.2189  matched_ious: 0.1357  aux_depth_loss: 0.5490  sec_per_iter: 0.4648  iters_per_sec: 2.1500  samples_per_sec: 34.4200  samples_per_sec_per_gpu: 8.6100  max_mem_allocated_mb: 607.2000  max_mem_reserved_mb: 21978.0000
04/08 23:22:42 - mmengine - INFO - Epoch(train)  [4][3150/5000]  lr: 4.9056e-04  eta: 5:30:51  time: 0.4708  data_time: 0.0120  memory: 15694  grad_norm: 8.7909  loss: 5.0271  loss_heatmap: 1.8530  layer_-1_loss_cls: 0.3421  layer_-1_loss_bbox: 2.2862  matched_ious: 0.1541  aux_depth_loss: 0.5457  sec_per_iter: 0.4647  iters_per_sec: 2.1500  samples_per_sec: 34.4300  samples_per_sec_per_gpu: 8.6100  max_mem_allocated_mb: 607.2000  max_mem_reserved_mb: 21978.0000
04/08 23:23:05 - mmengine - INFO - Epoch(train)  [4][3200/5000]  lr: 4.9106e-04  eta: 5:30:25  time: 0.4542  data_time: 0.0117  memory: 15694  grad_norm: 8.3309  loss: 4.7935  loss_heatmap: 1.8046  layer_-1_loss_cls: 0.3478  layer_-1_loss_bbox: 2.1127  matched_ious: 0.2064  aux_depth_loss: 0.5284  sec_per_iter: 0.4648  iters_per_sec: 2.1500  samples_per_sec: 34.4200  samples_per_sec_per_gpu: 8.6100  max_mem_allocated_mb: 607.2000  max_mem_reserved_mb: 21978.0000
04/08 23:23:28 - mmengine - INFO - Epoch(train)  [4][3250/5000]  lr: 4.9155e-04  eta: 5:30:00  time: 0.4665  data_time: 0.0121  memory: 15695  grad_norm: 7.7548  loss: 4.7222  loss_heatmap: 1.7830  layer_-1_loss_cls: 0.3505  layer_-1_loss_bbox: 2.0621  matched_ious: 0.1690  aux_depth_loss: 0.5266  sec_per_iter: 0.4646  iters_per_sec: 2.1500  samples_per_sec: 34.4400  samples_per_sec_per_gpu: 8.6100  max_mem_allocated_mb: 607.2000  max_mem_reserved_mb: 21978.0000
04/08 23:23:51 - mmengine - INFO - Epoch(train)  [4][3300/5000]  lr: 4.9202e-04  eta: 5:29:35  time: 0.4611  data_time: 0.0119  memory: 15693  grad_norm: 10.5666  loss: 4.7840  loss_heatmap: 1.7888  layer_-1_loss_cls: 0.3471  layer_-1_loss_bbox: 2.1152  matched_ious: 0.1471  aux_depth_loss: 0.5329  sec_per_iter: 0.4647  iters_per_sec: 2.1500  samples_per_sec: 34.4300  samples_per_sec_per_gpu: 8.6100  max_mem_allocated_mb: 607.2000  max_mem_reserved_mb: 21978.0000
04/08 23:24:15 - mmengine - INFO - Epoch(train)  [4][3350/5000]  lr: 4.9248e-04  eta: 5:29:11  time: 0.4691  data_time: 0.0123  memory: 15695  grad_norm: 9.3970  loss: 4.9699  loss_heatmap: 1.8478  layer_-1_loss_cls: 0.3301  layer_-1_loss_bbox: 2.2531  matched_ious: 0.1088  aux_depth_loss: 0.5389  sec_per_iter: 0.4646  iters_per_sec: 2.1500  samples_per_sec: 34.4400  samples_per_sec_per_gpu: 8.6100  max_mem_allocated_mb: 607.2000  max_mem_reserved_mb: 21978.0000
04/08 23:24:39 - mmengine - INFO - Epoch(train)  [4][3400/5000]  lr: 4.9293e-04  eta: 5:28:47  time: 0.4743  data_time: 0.0114  memory: 15694  grad_norm: 9.8419  loss: 4.7877  loss_heatmap: 1.7956  layer_-1_loss_cls: 0.3390  layer_-1_loss_bbox: 2.1242  matched_ious: 0.1510  aux_depth_loss: 0.5290  sec_per_iter: 0.4647  iters_per_sec: 2.1500  samples_per_sec: 34.4300  samples_per_sec_per_gpu: 8.6100  max_mem_allocated_mb: 607.2000  max_mem_reserved_mb: 21978.0000
04/08 23:25:02 - mmengine - INFO - Epoch(train)  [4][3450/5000]  lr: 4.9336e-04  eta: 5:28:21  time: 0.4580  data_time: 0.0113  memory: 15695  grad_norm: 11.0523  loss: 4.8373  loss_heatmap: 1.8099  layer_-1_loss_cls: 0.3513  layer_-1_loss_bbox: 2.1204  matched_ious: 0.1486  aux_depth_loss: 0.5557  sec_per_iter: 0.4648  iters_per_sec: 2.1500  samples_per_sec: 34.4200  samples_per_sec_per_gpu: 8.6100  max_mem_allocated_mb: 607.2000  max_mem_reserved_mb: 21978.0000
04/08 23:25:25 - mmengine - INFO - Epoch(train)  [4][3500/5000]  lr: 4.9378e-04  eta: 5:27:57  time: 0.4654  data_time: 0.0116  memory: 15696  grad_norm: 10.0923  loss: 4.8476  loss_heatmap: 1.8268  layer_-1_loss_cls: 0.3552  layer_-1_loss_bbox: 2.1207  matched_ious: 0.2010  aux_depth_loss: 0.5449  sec_per_iter: 0.4647  iters_per_sec: 2.1500  samples_per_sec: 34.4300  samples_per_sec_per_gpu: 8.6100  max_mem_allocated_mb: 607.2000  max_mem_reserved_mb: 21978.0000
04/08 23:25:48 - mmengine - INFO - Epoch(train)  [4][3550/5000]  lr: 4.9418e-04  eta: 5:27:31  time: 0.4546  data_time: 0.0113  memory: 15694  grad_norm: 9.4152  loss: 5.0359  loss_heatmap: 1.8588  layer_-1_loss_cls: 0.3394  layer_-1_loss_bbox: 2.3031  matched_ious: 0.1879  aux_depth_loss: 0.5347  sec_per_iter: 0.4647  iters_per_sec: 2.1500  samples_per_sec: 34.4300  samples_per_sec_per_gpu: 8.6100  max_mem_allocated_mb: 607.2000  max_mem_reserved_mb: 21978.0000
04/08 23:26:11 - mmengine - INFO - Epoch(train)  [4][3600/5000]  lr: 4.9458e-04  eta: 5:27:06  time: 0.4655  data_time: 0.0114  memory: 15693  grad_norm: 10.3246  loss: 4.8502  loss_heatmap: 1.7943  layer_-1_loss_cls: 0.3536  layer_-1_loss_bbox: 2.1570  matched_ious: 0.2283  aux_depth_loss: 0.5453  sec_per_iter: 0.4646  iters_per_sec: 2.1500  samples_per_sec: 34.4400  samples_per_sec_per_gpu: 8.6100  max_mem_allocated_mb: 607.2000  max_mem_reserved_mb: 21978.0000
04/08 23:26:34 - mmengine - INFO - Epoch(train)  [4][3650/5000]  lr: 4.9496e-04  eta: 5:26:42  time: 0.4718  data_time: 0.0119  memory: 15696  grad_norm: 9.1688  loss: 4.8680  loss_heatmap: 1.8023  layer_-1_loss_cls: 0.3343  layer_-1_loss_bbox: 2.2009  matched_ious: 0.1177  aux_depth_loss: 0.5306  sec_per_iter: 0.4646  iters_per_sec: 2.1500  samples_per_sec: 34.4400  samples_per_sec_per_gpu: 8.6100  max_mem_allocated_mb: 607.2000  max_mem_reserved_mb: 21978.0000
04/08 23:26:57 - mmengine - INFO - Epoch(train)  [4][3700/5000]  lr: 4.9532e-04  eta: 5:26:17  time: 0.4566  data_time: 0.0136  memory: 15696  grad_norm: 11.1675  loss: 4.8838  loss_heatmap: 1.8076  layer_-1_loss_cls: 0.3355  layer_-1_loss_bbox: 2.2174  matched_ious: 0.1364  aux_depth_loss: 0.5234  sec_per_iter: 0.4647  iters_per_sec: 2.1500  samples_per_sec: 34.4300  samples_per_sec_per_gpu: 8.6100  max_mem_allocated_mb: 607.2000  max_mem_reserved_mb: 21978.0000
04/08 23:27:21 - mmengine - INFO - Epoch(train)  [4][3750/5000]  lr: 4.9567e-04  eta: 5:25:52  time: 0.4665  data_time: 0.0117  memory: 15696  grad_norm: 10.3733  loss: 4.6820  loss_heatmap: 1.7673  layer_-1_loss_cls: 0.3490  layer_-1_loss_bbox: 2.0212  matched_ious: 0.2099  aux_depth_loss: 0.5446  sec_per_iter: 0.4646  iters_per_sec: 2.1500  samples_per_sec: 34.4400  samples_per_sec_per_gpu: 8.6100  max_mem_allocated_mb: 607.2000  max_mem_reserved_mb: 21978.0000
04/08 23:27:44 - mmengine - INFO - Epoch(train)  [4][3800/5000]  lr: 4.9601e-04  eta: 5:25:28  time: 0.4694  data_time: 0.0128  memory: 15694  grad_norm: 10.9772  loss: 4.9365  loss_heatmap: 1.8504  layer_-1_loss_cls: 0.3502  layer_-1_loss_bbox: 2.1975  matched_ious: 0.0950  aux_depth_loss: 0.5384  sec_per_iter: 0.4646  iters_per_sec: 2.1500  samples_per_sec: 34.4400  samples_per_sec_per_gpu: 8.6100  max_mem_allocated_mb: 607.2000  max_mem_reserved_mb: 21978.0000
04/08 23:28:08 - mmengine - INFO - Epoch(train)  [4][3850/5000]  lr: 4.9633e-04  eta: 5:25:04  time: 0.4699  data_time: 0.0125  memory: 15696  grad_norm: 8.5682  loss: 5.0021  loss_heatmap: 1.8469  layer_-1_loss_cls: 0.3498  layer_-1_loss_bbox: 2.2647  matched_ious: 0.1355  aux_depth_loss: 0.5408  sec_per_iter: 0.4647  iters_per_sec: 2.1500  samples_per_sec: 34.4300  samples_per_sec_per_gpu: 8.6100  max_mem_allocated_mb: 607.2000  max_mem_reserved_mb: 21978.0000
04/08 23:28:30 - mmengine - INFO - Epoch(train)  [4][3900/5000]  lr: 4.9665e-04  eta: 5:24:38  time: 0.4568  data_time: 0.0116  memory: 15695  grad_norm: 12.4341  loss: 4.9088  loss_heatmap: 1.8193  layer_-1_loss_cls: 0.3238  layer_-1_loss_bbox: 2.2209  matched_ious: 0.1531  aux_depth_loss: 0.5447  sec_per_iter: 0.4648  iters_per_sec: 2.1500  samples_per_sec: 34.4300  samples_per_sec_per_gpu: 8.6100  max_mem_allocated_mb: 607.2000  max_mem_reserved_mb: 21978.0000
04/08 23:28:54 - mmengine - INFO - Epoch(train)  [4][3950/5000]  lr: 4.9694e-04  eta: 5:24:13  time: 0.4649  data_time: 0.0115  memory: 15697  grad_norm: 17.0188  loss: 5.0834  loss_heatmap: 1.8734  layer_-1_loss_cls: 0.3406  layer_-1_loss_bbox: 2.2980  matched_ious: 0.0862  aux_depth_loss: 0.5714  sec_per_iter: 0.4647  iters_per_sec: 2.1500  samples_per_sec: 34.4300  samples_per_sec_per_gpu: 8.6100  max_mem_allocated_mb: 607.2000  max_mem_reserved_mb: 21978.0000
04/08 23:29:17 - mmengine - INFO - Exp name: zod_camera_only_20260408_204407
04/08 23:29:17 - mmengine - INFO - Epoch(train)  [4][4000/5000]  lr: 4.9723e-04  eta: 5:23:48  time: 0.4579  data_time: 0.0116  memory: 15696  grad_norm: 13.1087  loss: 6.0698  loss_heatmap: 2.1677  layer_-1_loss_cls: 0.3458  layer_-1_loss_bbox: 2.9364  matched_ious: 0.1230  aux_depth_loss: 0.6199  sec_per_iter: 0.4647  iters_per_sec: 2.1500  samples_per_sec: 34.4300  samples_per_sec_per_gpu: 8.6100  max_mem_allocated_mb: 607.2000  max_mem_reserved_mb: 21978.0000
04/08 23:29:40 - mmengine - INFO - Epoch(train)  [4][4050/5000]  lr: 4.9750e-04  eta: 5:23:24  time: 0.4727  data_time: 0.0114  memory: 15696  grad_norm: 7.4640  loss: 5.2068  loss_heatmap: 1.9694  layer_-1_loss_cls: 0.3526  layer_-1_loss_bbox: 2.2997  matched_ious: 0.1077  aux_depth_loss: 0.5851  sec_per_iter: 0.4646  iters_per_sec: 2.1500  samples_per_sec: 34.4400  samples_per_sec_per_gpu: 8.6100  max_mem_allocated_mb: 607.2000  max_mem_reserved_mb: 21978.0000
04/08 23:30:04 - mmengine - INFO - Epoch(train)  [4][4100/5000]  lr: 4.9775e-04  eta: 5:23:00  time: 0.4703  data_time: 0.0121  memory: 15698  grad_norm: 11.7165  loss: 5.4620  loss_heatmap: 1.9927  layer_-1_loss_cls: 0.3367  layer_-1_loss_bbox: 2.5623  matched_ious: 0.0955  aux_depth_loss: 0.5703  sec_per_iter: 0.4647  iters_per_sec: 2.1500  samples_per_sec: 34.4300  samples_per_sec_per_gpu: 8.6100  max_mem_allocated_mb: 607.2000  max_mem_reserved_mb: 21978.0000
04/08 23:30:27 - mmengine - INFO - Epoch(train)  [4][4150/5000]  lr: 4.9799e-04  eta: 5:22:35  time: 0.4641  data_time: 0.0113  memory: 15693  grad_norm: 15.1029  loss: 5.5999  loss_heatmap: 2.0587  layer_-1_loss_cls: 0.3600  layer_-1_loss_bbox: 2.5797  matched_ious: 0.0757  aux_depth_loss: 0.6015  sec_per_iter: 0.4647  iters_per_sec: 2.1500  samples_per_sec: 34.4300  samples_per_sec_per_gpu: 8.6100  max_mem_allocated_mb: 607.2000  max_mem_reserved_mb: 21978.0000
04/08 23:30:50 - mmengine - INFO - Epoch(train)  [4][4200/5000]  lr: 4.9822e-04  eta: 5:22:12  time: 0.4720  data_time: 0.0123  memory: 15694  grad_norm: 15.7702  loss: 6.5138  loss_heatmap: 2.3170  layer_-1_loss_cls: 0.3538  layer_-1_loss_bbox: 3.1778  matched_ious: 0.0851  aux_depth_loss: 0.6652  sec_per_iter: 0.4647  iters_per_sec: 2.1500  samples_per_sec: 34.4300  samples_per_sec_per_gpu: 8.6100  max_mem_allocated_mb: 607.2000  max_mem_reserved_mb: 21978.0000
04/08 23:31:13 - mmengine - INFO - Epoch(train)  [4][4250/5000]  lr: 4.9844e-04  eta: 5:21:46  time: 0.4573  data_time: 0.0111  memory: 15696  grad_norm: 8.7665  loss: 5.6607  loss_heatmap: 2.0387  layer_-1_loss_cls: 0.3440  layer_-1_loss_bbox: 2.6829  matched_ious: 0.1200  aux_depth_loss: 0.5951  sec_per_iter: 0.4648  iters_per_sec: 2.1500  samples_per_sec: 34.4200  samples_per_sec_per_gpu: 8.6100  max_mem_allocated_mb: 607.2000  max_mem_reserved_mb: 21978.0000
04/08 23:31:37 - mmengine - INFO - Epoch(train)  [4][4300/5000]  lr: 4.9864e-04  eta: 5:21:22  time: 0.4701  data_time: 0.0115  memory: 15694  grad_norm: 10.6091  loss: 5.6309  loss_heatmap: 2.0081  layer_-1_loss_cls: 0.3349  layer_-1_loss_bbox: 2.7016  matched_ious: 0.1068  aux_depth_loss: 0.5863  sec_per_iter: 0.4647  iters_per_sec: 2.1500  samples_per_sec: 34.4300  samples_per_sec_per_gpu: 8.6100  max_mem_allocated_mb: 607.2000  max_mem_reserved_mb: 21978.0000
04/08 23:32:00 - mmengine - INFO - Epoch(train)  [4][4350/5000]  lr: 4.9883e-04  eta: 5:20:58  time: 0.4681  data_time: 0.0121  memory: 15698  grad_norm: 8.7311  loss: 5.3570  loss_heatmap: 1.9725  layer_-1_loss_cls: 0.3415  layer_-1_loss_bbox: 2.4737  matched_ious: 0.0739  aux_depth_loss: 0.5694  sec_per_iter: 0.4648  iters_per_sec: 2.1500  samples_per_sec: 34.4200  samples_per_sec_per_gpu: 8.6100  max_mem_allocated_mb: 607.2000  max_mem_reserved_mb: 21978.0000
04/08 23:32:24 - mmengine - INFO - Epoch(train)  [4][4400/5000]  lr: 4.9900e-04  eta: 5:20:33  time: 0.4656  data_time: 0.0121  memory: 15694  grad_norm: 9.6765  loss: 5.2800  loss_heatmap: 1.9482  layer_-1_loss_cls: 0.3494  layer_-1_loss_bbox: 2.4104  matched_ious: 0.1009  aux_depth_loss: 0.5719  sec_per_iter: 0.4648  iters_per_sec: 2.1500  samples_per_sec: 34.4200  samples_per_sec_per_gpu: 8.6100  max_mem_allocated_mb: 607.2000  max_mem_reserved_mb: 21978.0000
04/08 23:32:47 - mmengine - INFO - Epoch(train)  [4][4450/5000]  lr: 4.9916e-04  eta: 5:20:09  time: 0.4682  data_time: 0.0118  memory: 15694  grad_norm: 10.3039  loss: 5.1620  loss_heatmap: 1.8849  layer_-1_loss_cls: 0.3343  layer_-1_loss_bbox: 2.3775  matched_ious: 0.1426  aux_depth_loss: 0.5653  sec_per_iter: 0.4648  iters_per_sec: 2.1500  samples_per_sec: 34.4200  samples_per_sec_per_gpu: 8.6000  max_mem_allocated_mb: 607.2000  max_mem_reserved_mb: 21978.0000
04/08 23:33:11 - mmengine - INFO - Epoch(train)  [4][4500/5000]  lr: 4.9930e-04  eta: 5:19:45  time: 0.4709  data_time: 0.0119  memory: 15694  grad_norm: 10.4711  loss: 5.5386  loss_heatmap: 2.0132  layer_-1_loss_cls: 0.3403  layer_-1_loss_bbox: 2.6106  matched_ious: 0.1407  aux_depth_loss: 0.5744  sec_per_iter: 0.4649  iters_per_sec: 2.1500  samples_per_sec: 34.4200  samples_per_sec_per_gpu: 8.6000  max_mem_allocated_mb: 607.2000  max_mem_reserved_mb: 21978.0000
04/08 23:33:33 - mmengine - INFO - Epoch(train)  [4][4550/5000]  lr: 4.9944e-04  eta: 5:19:19  time: 0.4526  data_time: 0.0120  memory: 15694  grad_norm: 9.8637  loss: 5.3771  loss_heatmap: 1.9929  layer_-1_loss_cls: 0.3337  layer_-1_loss_bbox: 2.4596  matched_ious: 0.1627  aux_depth_loss: 0.5909  sec_per_iter: 0.4650  iters_per_sec: 2.1500  samples_per_sec: 34.4100  samples_per_sec_per_gpu: 8.6000  max_mem_allocated_mb: 607.2000  max_mem_reserved_mb: 21978.0000
04/08 23:33:56 - mmengine - INFO - Epoch(train)  [4][4600/5000]  lr: 4.9955e-04  eta: 5:18:53  time: 0.4526  data_time: 0.0116  memory: 15694  grad_norm: 8.5371  loss: 5.4106  loss_heatmap: 1.9679  layer_-1_loss_cls: 0.3429  layer_-1_loss_bbox: 2.5287  matched_ious: 0.1719  aux_depth_loss: 0.5711  sec_per_iter: 0.4648  iters_per_sec: 2.1500  samples_per_sec: 34.4200  samples_per_sec_per_gpu: 8.6100  max_mem_allocated_mb: 607.2000  max_mem_reserved_mb: 21978.0000
04/08 23:34:19 - mmengine - INFO - Epoch(train)  [4][4650/5000]  lr: 4.9966e-04  eta: 5:18:28  time: 0.4629  data_time: 0.0128  memory: 15694  grad_norm: 9.1503  loss: 5.2491  loss_heatmap: 1.9145  layer_-1_loss_cls: 0.3270  layer_-1_loss_bbox: 2.4326  matched_ious: 0.1305  aux_depth_loss: 0.5751  sec_per_iter: 0.4647  iters_per_sec: 2.1500  samples_per_sec: 34.4300  samples_per_sec_per_gpu: 8.6100  max_mem_allocated_mb: 607.2000  max_mem_reserved_mb: 21978.0000
04/08 23:34:42 - mmengine - INFO - Epoch(train)  [4][4700/5000]  lr: 4.9975e-04  eta: 5:18:04  time: 0.4626  data_time: 0.0120  memory: 15694  grad_norm: 7.8174  loss: 5.0701  loss_heatmap: 1.8777  layer_-1_loss_cls: 0.3315  layer_-1_loss_bbox: 2.2974  matched_ious: 0.1394  aux_depth_loss: 0.5634  sec_per_iter: 0.4647  iters_per_sec: 2.1500  samples_per_sec: 34.4300  samples_per_sec_per_gpu: 8.6100  max_mem_allocated_mb: 607.2000  max_mem_reserved_mb: 21978.0000
04/08 23:35:05 - mmengine - INFO - Epoch(train)  [4][4750/5000]  lr: 4.9983e-04  eta: 5:17:38  time: 0.4502  data_time: 0.0114  memory: 15699  grad_norm: 7.6514  loss: 5.0478  loss_heatmap: 1.8644  layer_-1_loss_cls: 0.3271  layer_-1_loss_bbox: 2.3062  matched_ious: 0.1624  aux_depth_loss: 0.5502  sec_per_iter: 0.4646  iters_per_sec: 2.1500  samples_per_sec: 34.4300  samples_per_sec_per_gpu: 8.6100  max_mem_allocated_mb: 607.2000  max_mem_reserved_mb: 21978.0000
04/08 23:35:28 - mmengine - INFO - Epoch(train)  [4][4800/5000]  lr: 4.9989e-04  eta: 5:17:14  time: 0.4734  data_time: 0.0118  memory: 15694  grad_norm: 8.3853  loss: 4.9321  loss_heatmap: 1.8323  layer_-1_loss_cls: 0.3291  layer_-1_loss_bbox: 2.2278  matched_ious: 0.1738  aux_depth_loss: 0.5429  sec_per_iter: 0.4645  iters_per_sec: 2.1500  samples_per_sec: 34.4500  samples_per_sec_per_gpu: 8.6100  max_mem_allocated_mb: 607.2000  max_mem_reserved_mb: 21978.0000
04/08 23:35:51 - mmengine - INFO - Epoch(train)  [4][4850/5000]  lr: 4.9994e-04  eta: 5:16:49  time: 0.4606  data_time: 0.0124  memory: 15694  grad_norm: 8.9469  loss: 4.9728  loss_heatmap: 1.8341  layer_-1_loss_cls: 0.3300  layer_-1_loss_bbox: 2.2639  matched_ious: 0.0990  aux_depth_loss: 0.5449  sec_per_iter: 0.4646  iters_per_sec: 2.1500  samples_per_sec: 34.4400  samples_per_sec_per_gpu: 8.6100  max_mem_allocated_mb: 607.2000  max_mem_reserved_mb: 21978.0000
04/08 23:36:15 - mmengine - INFO - Epoch(train)  [4][4900/5000]  lr: 4.9997e-04  eta: 5:16:25  time: 0.4740  data_time: 0.0131  memory: 15696  grad_norm: 8.0857  loss: 4.9493  loss_heatmap: 1.8439  layer_-1_loss_cls: 0.3297  layer_-1_loss_bbox: 2.2380  matched_ious: 0.1610  aux_depth_loss: 0.5377  sec_per_iter: 0.4645  iters_per_sec: 2.1500  samples_per_sec: 34.4400  samples_per_sec_per_gpu: 8.6100  max_mem_allocated_mb: 607.2000  max_mem_reserved_mb: 21978.0000
04/08 23:36:39 - mmengine - INFO - Epoch(train)  [4][4950/5000]  lr: 4.9999e-04  eta: 5:16:02  time: 0.4779  data_time: 0.0117  memory: 15696  grad_norm: 7.8239  loss: 4.7423  loss_heatmap: 1.7806  layer_-1_loss_cls: 0.3302  layer_-1_loss_bbox: 2.0992  matched_ious: 0.1556  aux_depth_loss: 0.5322  sec_per_iter: 0.4646  iters_per_sec: 2.1500  samples_per_sec: 34.4400  samples_per_sec_per_gpu: 8.6100  max_mem_allocated_mb: 607.2000  max_mem_reserved_mb: 21978.0000
04/08 23:37:02 - mmengine - INFO - Exp name: zod_camera_only_20260408_204407
04/08 23:37:02 - mmengine - INFO - Epoch(train)  [4][5000/5000]  lr: 5.0000e-04  eta: 5:15:36  time: 0.4539  data_time: 0.0129  memory: 15694  grad_norm: 8.2186  loss: 4.9007  loss_heatmap: 1.8284  layer_-1_loss_cls: 0.3423  layer_-1_loss_bbox: 2.1896  matched_ious: 0.1168  aux_depth_loss: 0.5404  sec_per_iter: 0.4648  iters_per_sec: 2.1500  samples_per_sec: 34.4200  samples_per_sec_per_gpu: 8.6100  max_mem_allocated_mb: 607.2000  max_mem_reserved_mb: 21978.0000
04/08 23:37:02 - mmengine - INFO - [Efficiency] Epoch 4: wall=2323.4s  iters=5000  sec/iter=0.465  mem_alloc=607MB  mem_rsv=21978MB
04/08 23:37:02 - mmengine - INFO - Saving checkpoint at 4 epochs
04/08 23:37:11 - mmengine - INFO - Epoch(val)  [4][  50/1250]    eta: 0:02:32  time: 0.1269  data_time: 0.0085  memory: 4720  
04/08 23:37:18 - mmengine - INFO - Epoch(val)  [4][ 100/1250]    eta: 0:02:31  time: 0.1372  data_time: 0.0062  memory: 4725  
04/08 23:37:24 - mmengine - INFO - Epoch(val)  [4][ 150/1250]    eta: 0:02:23  time: 0.1268  data_time: 0.0055  memory: 4729  
04/08 23:37:31 - mmengine - INFO - Epoch(val)  [4][ 200/1250]    eta: 0:02:15  time: 0.1250  data_time: 0.0055  memory: 4726  
04/08 23:37:37 - mmengine - INFO - Epoch(val)  [4][ 250/1250]    eta: 0:02:08  time: 0.1278  data_time: 0.0055  memory: 4716  
04/08 23:37:43 - mmengine - INFO - Epoch(val)  [4][ 300/1250]    eta: 0:02:02  time: 0.1275  data_time: 0.0056  memory: 4723  
04/08 23:37:50 - mmengine - INFO - Epoch(val)  [4][ 350/1250]    eta: 0:01:55  time: 0.1268  data_time: 0.0055  memory: 4726  
04/08 23:37:56 - mmengine - INFO - Epoch(val)  [4][ 400/1250]    eta: 0:01:48  time: 0.1260  data_time: 0.0056  memory: 4716  
04/08 23:38:03 - mmengine - INFO - Epoch(val)  [4][ 450/1250]    eta: 0:01:42  time: 0.1279  data_time: 0.0062  memory: 4719  
04/08 23:38:09 - mmengine - INFO - Epoch(val)  [4][ 500/1250]    eta: 0:01:36  time: 0.1337  data_time: 0.0057  memory: 4719  
04/08 23:38:16 - mmengine - INFO - Epoch(val)  [4][ 550/1250]    eta: 0:01:29  time: 0.1270  data_time: 0.0058  memory: 4719  
04/08 23:38:22 - mmengine - INFO - Epoch(val)  [4][ 600/1250]    eta: 0:01:23  time: 0.1288  data_time: 0.0057  memory: 4723  
04/08 23:38:28 - mmengine - INFO - Epoch(val)  [4][ 650/1250]    eta: 0:01:16  time: 0.1249  data_time: 0.0054  memory: 4723  
04/08 23:38:35 - mmengine - INFO - Epoch(val)  [4][ 700/1250]    eta: 0:01:10  time: 0.1251  data_time: 0.0058  memory: 4720  
04/08 23:38:41 - mmengine - INFO - Epoch(val)  [4][ 750/1250]    eta: 0:01:04  time: 0.1294  data_time: 0.0056  memory: 4722  
04/08 23:38:47 - mmengine - INFO - Epoch(val)  [4][ 800/1250]    eta: 0:00:57  time: 0.1265  data_time: 0.0054  memory: 4717  
04/08 23:38:54 - mmengine - INFO - Epoch(val)  [4][ 850/1250]    eta: 0:00:51  time: 0.1300  data_time: 0.0053  memory: 4722  
04/08 23:39:00 - mmengine - INFO - Epoch(val)  [4][ 900/1250]    eta: 0:00:44  time: 0.1279  data_time: 0.0051  memory: 4726  
04/08 23:39:07 - mmengine - INFO - Epoch(val)  [4][ 950/1250]    eta: 0:00:38  time: 0.1274  data_time: 0.0052  memory: 4723  
04/08 23:39:13 - mmengine - INFO - Epoch(val)  [4][1000/1250]    eta: 0:00:31  time: 0.1255  data_time: 0.0051  memory: 4726  
04/08 23:39:21 - mmengine - INFO - Epoch(val)  [4][1050/1250]    eta: 0:00:25  time: 0.1560  data_time: 0.0332  memory: 4726  
04/08 23:39:27 - mmengine - INFO - Epoch(val)  [4][1100/1250]    eta: 0:00:19  time: 0.1230  data_time: 0.0051  memory: 4726  
04/08 23:39:34 - mmengine - INFO - Epoch(val)  [4][1150/1250]    eta: 0:00:12  time: 0.1355  data_time: 0.0058  memory: 4721  
04/08 23:39:40 - mmengine - INFO - Epoch(val)  [4][1200/1250]    eta: 0:00:06  time: 0.1268  data_time: 0.0055  memory: 4719  
04/08 23:39:46 - mmengine - INFO - Epoch(val)  [4][1250/1250]    eta: 0:00:00  time: 0.1225  data_time: 0.0051  memory: 4723  
04/08 23:41:01 - mmengine - INFO - 
+------------+---------+---------+---------+---------+
| classes    | AP_0.25 | AR_0.25 | AP_0.50 | AR_0.50 |
+------------+---------+---------+---------+---------+
| pedestrian | 0.0421  | 0.2772  | 0.0013  | 0.0385  |
+------------+---------+---------+---------+---------+
| Overall    | 0.0421  | 0.2772  | 0.0013  | 0.0385  |
+------------+---------+---------+---------+---------+
04/08 23:41:30 - mmengine - INFO - 
+------------+---------+---------+---------+---------+---------+---------+---------+---------+
| classes    | AP_0.5m | AR_0.5m | AP_1.0m | AR_1.0m | AP_2.0m | AR_2.0m | AP_4.0m | AR_4.0m |
+------------+---------+---------+---------+---------+---------+---------+---------+---------+
| pedestrian | 0.1254  | 0.5210  | 0.2181  | 0.6394  | 0.2670  | 0.7004  | 0.2899  | 0.7506  |
+------------+---------+---------+---------+---------+---------+---------+---------+---------+
| Overall    | 0.1254  | 0.5210  | 0.2181  | 0.6394  | 0.2670  | 0.7004  | 0.2899  | 0.7506  |
+------------+---------+---------+---------+---------+---------+---------+---------+---------+
04/08 23:41:31 - mmengine - INFO - Epoch(val) [4][1250/1250]    pedestrian_AP_0.25: 0.0421  mAP_0.25: 0.0421  pedestrian_rec_0.25: 0.2772  mAR_0.25: 0.2772  pedestrian_AP_0.50: 0.0013  mAP_0.50: 0.0013  pedestrian_rec_0.50: 0.0385  mAR_0.50: 0.0385  pedestrian_AP_0.5m: 0.1254  pedestrian_rec_0.5m: 0.5210  pedestrian_AP_1.0m: 0.2181  pedestrian_rec_1.0m: 0.6394  pedestrian_AP_2.0m: 0.2670  pedestrian_rec_2.0m: 0.7004  pedestrian_AP_4.0m: 0.2899  pedestrian_rec_4.0m: 0.7506  mAP_0.5m: 0.1254  mAR_0.5m: 0.5210  mAP_1.0m: 0.2181  mAR_1.0m: 0.6394  mAP_2.0m: 0.2670  mAR_2.0m: 0.7004  mAP_4.0m: 0.2899  mAR_4.0m: 0.7506  data_time: 0.0068  time: 0.1289
04/08 23:41:57 - mmengine - INFO - Epoch(train)  [5][  50/5000]  lr: 5.0000e-04  eta: 5:15:15  time: 0.4982  data_time: 0.0236  memory: 15696  grad_norm: 8.3143  loss: 4.7740  loss_heatmap: 1.7541  layer_-1_loss_cls: 0.3295  layer_-1_loss_bbox: 2.1520  matched_ious: 0.0995  aux_depth_loss: 0.5384  sec_per_iter: 0.4647  iters_per_sec: 2.1500  samples_per_sec: 34.4300  samples_per_sec_per_gpu: 8.6100  max_mem_allocated_mb: 607.2000  max_mem_reserved_mb: 21978.0000
04/08 23:42:20 - mmengine - INFO - Epoch(train)  [5][ 100/5000]  lr: 4.9999e-04  eta: 5:14:51  time: 0.4647  data_time: 0.0107  memory: 15695  grad_norm: 9.6872  loss: 4.9904  loss_heatmap: 1.7770  layer_-1_loss_cls: 0.3116  layer_-1_loss_bbox: 2.3533  matched_ious: 0.1626  aux_depth_loss: 0.5485  sec_per_iter: 0.4988  iters_per_sec: 2.0000  samples_per_sec: 32.0700  samples_per_sec_per_gpu: 8.0200  max_mem_allocated_mb: 607.2000  max_mem_reserved_mb: 21978.0000
04/08 23:42:43 - mmengine - INFO - Epoch(train)  [5][ 150/5000]  lr: 4.9998e-04  eta: 5:14:25  time: 0.4547  data_time: 0.0123  memory: 15696  grad_norm: 9.9663  loss: 4.9806  loss_heatmap: 1.8035  layer_-1_loss_cls: 0.3194  layer_-1_loss_bbox: 2.3052  matched_ious: 0.1972  aux_depth_loss: 0.5525  sec_per_iter: 0.4817  iters_per_sec: 2.0800  samples_per_sec: 33.2200  samples_per_sec_per_gpu: 8.3000  max_mem_allocated_mb: 607.2000  max_mem_reserved_mb: 21978.0000
04/08 23:43:06 - mmengine - INFO - Epoch(train)  [5][ 200/5000]  lr: 4.9997e-04  eta: 5:14:01  time: 0.4655  data_time: 0.0107  memory: 15693  grad_norm: 8.3668  loss: 4.7767  loss_heatmap: 1.7663  layer_-1_loss_cls: 0.3287  layer_-1_loss_bbox: 2.1563  matched_ious: 0.0850  aux_depth_loss: 0.5254  sec_per_iter: 0.4727  iters_per_sec: 2.1200  samples_per_sec: 33.8500  samples_per_sec_per_gpu: 8.4600  max_mem_allocated_mb: 607.2000  max_mem_reserved_mb: 21978.0000
04/08 23:43:29 - mmengine - INFO - Epoch(train)  [5][ 250/5000]  lr: 4.9995e-04  eta: 5:13:36  time: 0.4613  data_time: 0.0118  memory: 15696  grad_norm: 9.0600  loss: 4.7744  loss_heatmap: 1.7545  layer_-1_loss_cls: 0.3184  layer_-1_loss_bbox: 2.1779  matched_ious: 0.1892  aux_depth_loss: 0.5236  sec_per_iter: 0.4710  iters_per_sec: 2.1200  samples_per_sec: 33.9700  samples_per_sec_per_gpu: 8.4900  max_mem_allocated_mb: 607.2000  max_mem_reserved_mb: 21978.0000
04/08 23:43:51 - mmengine - INFO - Epoch(train)  [5][ 300/5000]  lr: 4.9993e-04  eta: 5:13:10  time: 0.4499  data_time: 0.0109  memory: 15695  grad_norm: 8.8262  loss: 4.8583  loss_heatmap: 1.7536  layer_-1_loss_cls: 0.3220  layer_-1_loss_bbox: 2.2396  matched_ious: 0.1626  aux_depth_loss: 0.5431  sec_per_iter: 0.4690  iters_per_sec: 2.1300  samples_per_sec: 34.1100  samples_per_sec_per_gpu: 8.5300  max_mem_allocated_mb: 607.2000  max_mem_reserved_mb: 21978.0000
04/08 23:44:15 - mmengine - INFO - Epoch(train)  [5][ 350/5000]  lr: 4.9991e-04  eta: 5:12:46  time: 0.4728  data_time: 0.0121  memory: 15695  grad_norm: 8.7620  loss: 4.8194  loss_heatmap: 1.7601  layer_-1_loss_cls: 0.3343  layer_-1_loss_bbox: 2.1790  matched_ious: 0.1333  aux_depth_loss: 0.5460  sec_per_iter: 0.4658  iters_per_sec: 2.1500  samples_per_sec: 34.3500  samples_per_sec_per_gpu: 8.5900  max_mem_allocated_mb: 607.2000  max_mem_reserved_mb: 21978.0000
04/08 23:44:38 - mmengine - INFO - Epoch(train)  [5][ 400/5000]  lr: 4.9988e-04  eta: 5:12:20  time: 0.4520  data_time: 0.0115  memory: 15695  grad_norm: 8.7605  loss: 4.9113  loss_heatmap: 1.7978  layer_-1_loss_cls: 0.3386  layer_-1_loss_bbox: 2.2381  matched_ious: 0.1572  aux_depth_loss: 0.5368  sec_per_iter: 0.4668  iters_per_sec: 2.1400  samples_per_sec: 34.2700  samples_per_sec_per_gpu: 8.5700  max_mem_allocated_mb: 607.2000  max_mem_reserved_mb: 21978.0000
04/08 23:45:01 - mmengine - INFO - Epoch(train)  [5][ 450/5000]  lr: 4.9984e-04  eta: 5:11:56  time: 0.4691  data_time: 0.0114  memory: 15698  grad_norm: 7.5471  loss: 4.7866  loss_heatmap: 1.7527  layer_-1_loss_cls: 0.3327  layer_-1_loss_bbox: 2.1725  matched_ious: 0.1521  aux_depth_loss: 0.5287  sec_per_iter: 0.4650  iters_per_sec: 2.1500  samples_per_sec: 34.4100  samples_per_sec_per_gpu: 8.6000  max_mem_allocated_mb: 607.2000  max_mem_reserved_mb: 21978.0000
04/08 23:45:24 - mmengine - INFO - Epoch(train)  [5][ 500/5000]  lr: 4.9981e-04  eta: 5:11:32  time: 0.4679  data_time: 0.0139  memory: 15694  grad_norm: 9.2719  loss: 4.8327  loss_heatmap: 1.7990  layer_-1_loss_cls: 0.3363  layer_-1_loss_bbox: 2.1653  matched_ious: 0.1458  aux_depth_loss: 0.5321  sec_per_iter: 0.4654  iters_per_sec: 2.1500  samples_per_sec: 34.3800  samples_per_sec_per_gpu: 8.5900  max_mem_allocated_mb: 607.2000  max_mem_reserved_mb: 21978.0000
04/08 23:45:47 - mmengine - INFO - Epoch(train)  [5][ 550/5000]  lr: 4.9977e-04  eta: 5:11:07  time: 0.4596  data_time: 0.0121  memory: 15693  grad_norm: 8.5339  loss: 4.8668  loss_heatmap: 1.7958  layer_-1_loss_cls: 0.3306  layer_-1_loss_bbox: 2.2089  matched_ious: 0.1138  aux_depth_loss: 0.5315  sec_per_iter: 0.4657  iters_per_sec: 2.1500  samples_per_sec: 34.3600  samples_per_sec_per_gpu: 8.5900  max_mem_allocated_mb: 607.2000  max_mem_reserved_mb: 21978.0000
04/08 23:46:11 - mmengine - INFO - Epoch(train)  [5][ 600/5000]  lr: 4.9972e-04  eta: 5:10:43  time: 0.4690  data_time: 0.0125  memory: 15697  grad_norm: 10.7103  loss: 4.7712  loss_heatmap: 1.7734  layer_-1_loss_cls: 0.3297  layer_-1_loss_bbox: 2.1239  matched_ious: 0.1243  aux_depth_loss: 0.5442  sec_per_iter: 0.4651  iters_per_sec: 2.1500  samples_per_sec: 34.4000  samples_per_sec_per_gpu: 8.6000  max_mem_allocated_mb: 607.2000  max_mem_reserved_mb: 21978.0000
04/08 23:46:35 - mmengine - INFO - Epoch(train)  [5][ 650/5000]  lr: 4.9968e-04  eta: 5:10:20  time: 0.4829  data_time: 0.0115  memory: 15694  grad_norm: 10.7550  loss: 5.2714  loss_heatmap: 1.9110  layer_-1_loss_cls: 0.3218  layer_-1_loss_bbox: 2.4668  matched_ious: 0.0964  aux_depth_loss: 0.5718  sec_per_iter: 0.4655  iters_per_sec: 2.1500  samples_per_sec: 34.3700  samples_per_sec_per_gpu: 8.5900  max_mem_allocated_mb: 607.2000  max_mem_reserved_mb: 21978.0000
04/08 23:46:58 - mmengine - INFO - Epoch(train)  [5][ 700/5000]  lr: 4.9962e-04  eta: 5:09:55  time: 0.4554  data_time: 0.0112  memory: 15694  grad_norm: 10.1246  loss: 5.4270  loss_heatmap: 1.9552  layer_-1_loss_cls: 0.3347  layer_-1_loss_bbox: 2.5493  matched_ious: 0.1145  aux_depth_loss: 0.5877  sec_per_iter: 0.4668  iters_per_sec: 2.1400  samples_per_sec: 34.2800  samples_per_sec_per_gpu: 8.5700  max_mem_allocated_mb: 607.2000  max_mem_reserved_mb: 21978.0000
04/08 23:47:21 - mmengine - INFO - Epoch(train)  [5][ 750/5000]  lr: 4.9957e-04  eta: 5:09:30  time: 0.4590  data_time: 0.0125  memory: 15694  grad_norm: 8.3782  loss: 5.1438  loss_heatmap: 1.8919  layer_-1_loss_cls: 0.3414  layer_-1_loss_bbox: 2.3484  matched_ious: 0.2074  aux_depth_loss: 0.5622  sec_per_iter: 0.4661  iters_per_sec: 2.1500  samples_per_sec: 34.3300  samples_per_sec_per_gpu: 8.5800  max_mem_allocated_mb: 607.2000  max_mem_reserved_mb: 21978.0000
04/08 23:47:46 - mmengine - INFO - Epoch(train)  [5][ 800/5000]  lr: 4.9951e-04  eta: 5:09:09  time: 0.5017  data_time: 0.0118  memory: 15694  grad_norm: 7.7781  loss: 4.8156  loss_heatmap: 1.7917  layer_-1_loss_cls: 0.3553  layer_-1_loss_bbox: 2.1318  matched_ious: 0.1631  aux_depth_loss: 0.5368  sec_per_iter: 0.4655  iters_per_sec: 2.1500  samples_per_sec: 34.3700  samples_per_sec_per_gpu: 8.5900  max_mem_allocated_mb: 607.2000  max_mem_reserved_mb: 21978.0000
04/08 23:48:11 - mmengine - INFO - Epoch(train)  [5][ 850/5000]  lr: 4.9944e-04  eta: 5:08:47  time: 0.4933  data_time: 0.0121  memory: 15695  grad_norm: 8.5829  loss: 4.7167  loss_heatmap: 1.7587  layer_-1_loss_cls: 0.3386  layer_-1_loss_bbox: 2.0843  matched_ious: 0.1347  aux_depth_loss: 0.5351  sec_per_iter: 0.4678  iters_per_sec: 2.1400  samples_per_sec: 34.2000  samples_per_sec_per_gpu: 8.5500  max_mem_allocated_mb: 607.2000  max_mem_reserved_mb: 21978.0000
04/08 23:48:34 - mmengine - INFO - Epoch(train)  [5][ 900/5000]  lr: 4.9938e-04  eta: 5:08:23  time: 0.4609  data_time: 0.0125  memory: 15693  grad_norm: 7.1891  loss: 4.7260  loss_heatmap: 1.7312  layer_-1_loss_cls: 0.3361  layer_-1_loss_bbox: 2.1279  matched_ious: 0.1366  aux_depth_loss: 0.5308  sec_per_iter: 0.4693  iters_per_sec: 2.1300  samples_per_sec: 34.0900  samples_per_sec_per_gpu: 8.5200  max_mem_allocated_mb: 607.2000  max_mem_reserved_mb: 21978.0000
04/08 23:48:57 - mmengine - INFO - Epoch(train)  [5][ 950/5000]  lr: 4.9931e-04  eta: 5:07:59  time: 0.4695  data_time: 0.0150  memory: 15696  grad_norm: 8.8099  loss: 4.8660  loss_heatmap: 1.7662  layer_-1_loss_cls: 0.3365  layer_-1_loss_bbox: 2.2265  matched_ious: 0.1210  aux_depth_loss: 0.5369  sec_per_iter: 0.4689  iters_per_sec: 2.1300  samples_per_sec: 34.1300  samples_per_sec_per_gpu: 8.5300  max_mem_allocated_mb: 607.2000  max_mem_reserved_mb: 21978.0000
04/08 23:49:20 - mmengine - INFO - Exp name: zod_camera_only_20260408_204407
04/08 23:49:20 - mmengine - INFO - Epoch(train)  [5][1000/5000]  lr: 4.9923e-04  eta: 5:07:34  time: 0.4593  data_time: 0.0123  memory: 15694  grad_norm: 9.0675  loss: 4.7952  loss_heatmap: 1.7861  layer_-1_loss_cls: 0.3382  layer_-1_loss_bbox: 2.1398  matched_ious: 0.1151  aux_depth_loss: 0.5311  sec_per_iter: 0.4689  iters_per_sec: 2.1300  samples_per_sec: 34.1200  samples_per_sec_per_gpu: 8.5300  max_mem_allocated_mb: 607.2000  max_mem_reserved_mb: 21978.0000
04/08 23:49:44 - mmengine - INFO - Epoch(train)  [5][1050/5000]  lr: 4.9915e-04  eta: 5:07:10  time: 0.4696  data_time: 0.0118  memory: 15695  grad_norm: 7.6336  loss: 4.7440  loss_heatmap: 1.7308  layer_-1_loss_cls: 0.3359  layer_-1_loss_bbox: 2.1334  matched_ious: 0.1975  aux_depth_loss: 0.5438  sec_per_iter: 0.4684  iters_per_sec: 2.1300  samples_per_sec: 34.1600  samples_per_sec_per_gpu: 8.5400  max_mem_allocated_mb: 607.2000  max_mem_reserved_mb: 21978.0000
04/08 23:50:07 - mmengine - INFO - Epoch(train)  [5][1100/5000]  lr: 4.9907e-04  eta: 5:06:45  time: 0.4673  data_time: 0.0127  memory: 15696  grad_norm: 8.1331  loss: 4.7691  loss_heatmap: 1.7660  layer_-1_loss_cls: 0.3362  layer_-1_loss_bbox: 2.1373  matched_ious: 0.1725  aux_depth_loss: 0.5296  sec_per_iter: 0.4685  iters_per_sec: 2.1300  samples_per_sec: 34.1500  samples_per_sec_per_gpu: 8.5400  max_mem_allocated_mb: 607.2000  max_mem_reserved_mb: 21978.0000
04/08 23:50:29 - mmengine - INFO - Epoch(train)  [5][1150/5000]  lr: 4.9898e-04  eta: 5:06:20  time: 0.4512  data_time: 0.0120  memory: 15695  grad_norm: 7.8042  loss: 4.6236  loss_heatmap: 1.7264  layer_-1_loss_cls: 0.3413  layer_-1_loss_bbox: 2.0222  matched_ious: 0.1260  aux_depth_loss: 0.5337  sec_per_iter: 0.4684  iters_per_sec: 2.1300  samples_per_sec: 34.1600  samples_per_sec_per_gpu: 8.5400  max_mem_allocated_mb: 607.2000  max_mem_reserved_mb: 21978.0000
04/08 23:50:52 - mmengine - INFO - Epoch(train)  [5][1200/5000]  lr: 4.9889e-04  eta: 5:05:55  time: 0.4600  data_time: 0.0116  memory: 15697  grad_norm: 9.4109  loss: 4.5613  loss_heatmap: 1.7086  layer_-1_loss_cls: 0.3426  layer_-1_loss_bbox: 1.9825  matched_ious: 0.1231  aux_depth_loss: 0.5276  sec_per_iter: 0.4677  iters_per_sec: 2.1400  samples_per_sec: 34.2100  samples_per_sec_per_gpu: 8.5500  max_mem_allocated_mb: 607.2000  max_mem_reserved_mb: 21978.0000
04/08 23:51:15 - mmengine - INFO - Epoch(train)  [5][1250/5000]  lr: 4.9880e-04  eta: 5:05:30  time: 0.4568  data_time: 0.0123  memory: 15695  grad_norm: 9.1313  loss: 4.7182  loss_heatmap: 1.7651  layer_-1_loss_cls: 0.3536  layer_-1_loss_bbox: 2.0576  matched_ious: 0.1603  aux_depth_loss: 0.5419  sec_per_iter: 0.4673  iters_per_sec: 2.1400  samples_per_sec: 34.2400  samples_per_sec_per_gpu: 8.5600  max_mem_allocated_mb: 607.2000  max_mem_reserved_mb: 21978.0000
04/08 23:51:38 - mmengine - INFO - Epoch(train)  [5][1300/5000]  lr: 4.9870e-04  eta: 5:05:05  time: 0.4566  data_time: 0.0122  memory: 15694  grad_norm: 7.5563  loss: 4.6998  loss_heatmap: 1.7594  layer_-1_loss_cls: 0.3447  layer_-1_loss_bbox: 2.0598  matched_ious: 0.1796  aux_depth_loss: 0.5359  sec_per_iter: 0.4669  iters_per_sec: 2.1400  samples_per_sec: 34.2700  samples_per_sec_per_gpu: 8.5700  max_mem_allocated_mb: 607.2000  max_mem_reserved_mb: 21978.0000
04/08 23:52:02 - mmengine - INFO - Epoch(train)  [5][1350/5000]  lr: 4.9860e-04  eta: 5:04:41  time: 0.4785  data_time: 0.0120  memory: 15697  grad_norm: 11.4032  loss: 4.7435  loss_heatmap: 1.7705  layer_-1_loss_cls: 0.3462  layer_-1_loss_bbox: 2.0491  matched_ious: 0.1179  aux_depth_loss: 0.5776  sec_per_iter: 0.4665  iters_per_sec: 2.1400  samples_per_sec: 34.3000  samples_per_sec_per_gpu: 8.5700  max_mem_allocated_mb: 607.2000  max_mem_reserved_mb: 21978.0000
04/08 23:52:25 - mmengine - INFO - Epoch(train)  [5][1400/5000]  lr: 4.9849e-04  eta: 5:04:17  time: 0.4605  data_time: 0.0129  memory: 15696  grad_norm: 9.2662  loss: 4.6436  loss_heatmap: 1.7102  layer_-1_loss_cls: 0.3398  layer_-1_loss_bbox: 2.0636  matched_ious: 0.2178  aux_depth_loss: 0.5300  sec_per_iter: 0.4670  iters_per_sec: 2.1400  samples_per_sec: 34.2600  samples_per_sec_per_gpu: 8.5700  max_mem_allocated_mb: 607.2000  max_mem_reserved_mb: 21978.0000
04/08 23:52:48 - mmengine - INFO - Epoch(train)  [5][1450/5000]  lr: 4.9838e-04  eta: 5:03:52  time: 0.4649  data_time: 0.0130  memory: 15695  grad_norm: 9.2036  loss: 4.8214  loss_heatmap: 1.7740  layer_-1_loss_cls: 0.3402  layer_-1_loss_bbox: 2.1648  matched_ious: 0.1975  aux_depth_loss: 0.5424  sec_per_iter: 0.4667  iters_per_sec: 2.1400  samples_per_sec: 34.2800  samples_per_sec_per_gpu: 8.5700  max_mem_allocated_mb: 607.2000  max_mem_reserved_mb: 21978.0000
04/08 23:53:11 - mmengine - INFO - Epoch(train)  [5][1500/5000]  lr: 4.9827e-04  eta: 5:03:28  time: 0.4620  data_time: 0.0137  memory: 15696  grad_norm: 9.1279  loss: 4.8348  loss_heatmap: 1.8109  layer_-1_loss_cls: 0.3499  layer_-1_loss_bbox: 2.1244  matched_ious: 0.1432  aux_depth_loss: 0.5496  sec_per_iter: 0.4667  iters_per_sec: 2.1400  samples_per_sec: 34.2900  samples_per_sec_per_gpu: 8.5700  max_mem_allocated_mb: 607.2000  max_mem_reserved_mb: 21978.0000
04/08 23:53:35 - mmengine - INFO - Epoch(train)  [5][1550/5000]  lr: 4.9815e-04  eta: 5:03:03  time: 0.4672  data_time: 0.0136  memory: 15695  grad_norm: 8.7311  loss: 5.3047  loss_heatmap: 1.9460  layer_-1_loss_cls: 0.3526  layer_-1_loss_bbox: 2.4427  matched_ious: 0.2173  aux_depth_loss: 0.5635  sec_per_iter: 0.4665  iters_per_sec: 2.1400  samples_per_sec: 34.3000  samples_per_sec_per_gpu: 8.5700  max_mem_allocated_mb: 607.2000  max_mem_reserved_mb: 21978.0000
04/08 23:53:59 - mmengine - INFO - Epoch(train)  [5][1600/5000]  lr: 4.9803e-04  eta: 5:02:41  time: 0.4825  data_time: 0.0121  memory: 15694  grad_norm: 11.7672  loss: 4.9330  loss_heatmap: 1.9045  layer_-1_loss_cls: 0.3585  layer_-1_loss_bbox: 2.1192  matched_ious: 0.1036  aux_depth_loss: 0.5509  sec_per_iter: 0.4665  iters_per_sec: 2.1400  samples_per_sec: 34.3000  samples_per_sec_per_gpu: 8.5700  max_mem_allocated_mb: 607.2000  max_mem_reserved_mb: 21978.0000
04/08 23:54:22 - mmengine - INFO - Epoch(train)  [5][1650/5000]  lr: 4.9791e-04  eta: 5:02:16  time: 0.4615  data_time: 0.0125  memory: 15696  grad_norm: 15.2937  loss: 5.0601  loss_heatmap: 1.9056  layer_-1_loss_cls: 0.3629  layer_-1_loss_bbox: 2.2290  matched_ious: 0.0496  aux_depth_loss: 0.5626  sec_per_iter: 0.4670  iters_per_sec: 2.1400  samples_per_sec: 34.2600  samples_per_sec_per_gpu: 8.5600  max_mem_allocated_mb: 607.2000  max_mem_reserved_mb: 21978.0000
04/08 23:54:45 - mmengine - INFO - Epoch(train)  [5][1700/5000]  lr: 4.9778e-04  eta: 5:01:52  time: 0.4693  data_time: 0.0115  memory: 15695  grad_norm: 9.0808  loss: 5.6641  loss_heatmap: 2.0629  layer_-1_loss_cls: 0.3661  layer_-1_loss_bbox: 2.6262  matched_ious: 0.1655  aux_depth_loss: 0.6089  sec_per_iter: 0.4669  iters_per_sec: 2.1400  samples_per_sec: 34.2700  samples_per_sec_per_gpu: 8.5700  max_mem_allocated_mb: 607.2000  max_mem_reserved_mb: 21978.0000
04/08 23:55:09 - mmengine - INFO - Epoch(train)  [5][1750/5000]  lr: 4.9765e-04  eta: 5:01:28  time: 0.4669  data_time: 0.0116  memory: 15697  grad_norm: 10.3434  loss: 4.9074  loss_heatmap: 1.8426  layer_-1_loss_cls: 0.3527  layer_-1_loss_bbox: 2.1525  matched_ious: 0.1283  aux_depth_loss: 0.5596  sec_per_iter: 0.4669  iters_per_sec: 2.1400  samples_per_sec: 34.2700  samples_per_sec_per_gpu: 8.5700  max_mem_allocated_mb: 607.2000  max_mem_reserved_mb: 21978.0000
04/08 23:55:32 - mmengine - INFO - Epoch(train)  [5][1800/5000]  lr: 4.9751e-04  eta: 5:01:03  time: 0.4587  data_time: 0.0116  memory: 15693  grad_norm: 8.0812  loss: 4.9567  loss_heatmap: 1.8473  layer_-1_loss_cls: 0.3318  layer_-1_loss_bbox: 2.2295  matched_ious: 0.1685  aux_depth_loss: 0.5481  sec_per_iter: 0.4669  iters_per_sec: 2.1400  samples_per_sec: 34.2700  samples_per_sec_per_gpu: 8.5700  max_mem_allocated_mb: 607.2000  max_mem_reserved_mb: 21978.0000
04/08 23:55:54 - mmengine - INFO - Epoch(train)  [5][1850/5000]  lr: 4.9737e-04  eta: 5:00:38  time: 0.4521  data_time: 0.0129  memory: 15697  grad_norm: 8.6769  loss: 4.9934  loss_heatmap: 1.8290  layer_-1_loss_cls: 0.3307  layer_-1_loss_bbox: 2.2928  matched_ious: 0.2186  aux_depth_loss: 0.5409  sec_per_iter: 0.4667  iters_per_sec: 2.1400  samples_per_sec: 34.2800  samples_per_sec_per_gpu: 8.5700  max_mem_allocated_mb: 607.2000  max_mem_reserved_mb: 21978.0000
04/08 23:56:18 - mmengine - INFO - Epoch(train)  [5][1900/5000]  lr: 4.9722e-04  eta: 5:00:14  time: 0.4745  data_time: 0.0140  memory: 15695  grad_norm: 7.9445  loss: 4.7165  loss_heatmap: 1.7333  layer_-1_loss_cls: 0.3263  layer_-1_loss_bbox: 2.1255  matched_ious: 0.1373  aux_depth_loss: 0.5314  sec_per_iter: 0.4663  iters_per_sec: 2.1400  samples_per_sec: 34.3100  samples_per_sec_per_gpu: 8.5800  max_mem_allocated_mb: 607.2000  max_mem_reserved_mb: 21978.0000
04/08 23:56:41 - mmengine - INFO - Epoch(train)  [5][1950/5000]  lr: 4.9708e-04  eta: 4:59:50  time: 0.4642  data_time: 0.0121  memory: 15695  grad_norm: 10.0570  loss: 4.7878  loss_heatmap: 1.7722  layer_-1_loss_cls: 0.3355  layer_-1_loss_bbox: 2.1498  matched_ious: 0.1282  aux_depth_loss: 0.5303  sec_per_iter: 0.4665  iters_per_sec: 2.1400  samples_per_sec: 34.3000  samples_per_sec_per_gpu: 8.5700  max_mem_allocated_mb: 607.2000  max_mem_reserved_mb: 21978.0000
04/08 23:57:05 - mmengine - INFO - Exp name: zod_camera_only_20260408_204407
04/08 23:57:05 - mmengine - INFO - Epoch(train)  [5][2000/5000]  lr: 4.9693e-04  eta: 4:59:26  time: 0.4725  data_time: 0.0178  memory: 15695  grad_norm: 8.0491  loss: 4.7682  loss_heatmap: 1.7794  layer_-1_loss_cls: 0.3427  layer_-1_loss_bbox: 2.1145  matched_ious: 0.0654  aux_depth_loss: 0.5317  sec_per_iter: 0.4665  iters_per_sec: 2.1400  samples_per_sec: 34.3000  samples_per_sec_per_gpu: 8.5700  max_mem_allocated_mb: 607.2000  max_mem_reserved_mb: 21978.0000
04/08 23:57:27 - mmengine - INFO - Epoch(train)  [5][2050/5000]  lr: 4.9677e-04  eta: 4:59:00  time: 0.4511  data_time: 0.0129  memory: 15695  grad_norm: 8.6846  loss: 4.6193  loss_heatmap: 1.7327  layer_-1_loss_cls: 0.3387  layer_-1_loss_bbox: 2.0264  matched_ious: 0.1128  aux_depth_loss: 0.5215  sec_per_iter: 0.4666  iters_per_sec: 2.1400  samples_per_sec: 34.2900  samples_per_sec_per_gpu: 8.5700  max_mem_allocated_mb: 607.2000  max_mem_reserved_mb: 21978.0000
04/08 23:57:51 - mmengine - INFO - Epoch(train)  [5][2100/5000]  lr: 4.9661e-04  eta: 4:58:36  time: 0.4675  data_time: 0.0117  memory: 15694  grad_norm: 7.0156  loss: 4.5045  loss_heatmap: 1.6987  layer_-1_loss_cls: 0.3347  layer_-1_loss_bbox: 1.9482  matched_ious: 0.1380  aux_depth_loss: 0.5229  sec_per_iter: 0.4663  iters_per_sec: 2.1400  samples_per_sec: 34.3200  samples_per_sec_per_gpu: 8.5800  max_mem_allocated_mb: 607.2000  max_mem_reserved_mb: 21978.0000
04/08 23:58:14 - mmengine - INFO - Epoch(train)  [5][2150/5000]  lr: 4.9645e-04  eta: 4:58:11  time: 0.4551  data_time: 0.0115  memory: 15693  grad_norm: 8.4443  loss: 4.5574  loss_heatmap: 1.7283  layer_-1_loss_cls: 0.3540  layer_-1_loss_bbox: 1.9462  matched_ious: 0.1265  aux_depth_loss: 0.5289  sec_per_iter: 0.4663  iters_per_sec: 2.1400  samples_per_sec: 34.3100  samples_per_sec_per_gpu: 8.5800  max_mem_allocated_mb: 607.2000  max_mem_reserved_mb: 21978.0000
04/08 23:58:37 - mmengine - INFO - Epoch(train)  [5][2200/5000]  lr: 4.9628e-04  eta: 4:57:47  time: 0.4629  data_time: 0.0119  memory: 15694  grad_norm: 7.6998  loss: 4.5749  loss_heatmap: 1.7041  layer_-1_loss_cls: 0.3338  layer_-1_loss_bbox: 2.0062  matched_ious: 0.2026  aux_depth_loss: 0.5308  sec_per_iter: 0.4660  iters_per_sec: 2.1500  samples_per_sec: 34.3300  samples_per_sec_per_gpu: 8.5800  max_mem_allocated_mb: 607.2000  max_mem_reserved_mb: 21978.0000
04/08 23:59:00 - mmengine - INFO - Epoch(train)  [5][2250/5000]  lr: 4.9611e-04  eta: 4:57:22  time: 0.4606  data_time: 0.0123  memory: 15697  grad_norm: 7.7873  loss: 4.8586  loss_heatmap: 1.7949  layer_-1_loss_cls: 0.3447  layer_-1_loss_bbox: 2.1896  matched_ious: 0.1967  aux_depth_loss: 0.5294  sec_per_iter: 0.4660  iters_per_sec: 2.1500  samples_per_sec: 34.3400  samples_per_sec_per_gpu: 8.5800  max_mem_allocated_mb: 607.2000  max_mem_reserved_mb: 21978.0000
04/08 23:59:23 - mmengine - INFO - Epoch(train)  [5][2300/5000]  lr: 4.9594e-04  eta: 4:56:57  time: 0.4600  data_time: 0.0117  memory: 15693  grad_norm: 8.6626  loss: 4.5594  loss_heatmap: 1.7048  layer_-1_loss_cls: 0.3370  layer_-1_loss_bbox: 1.9775  matched_ious: 0.2710  aux_depth_loss: 0.5401  sec_per_iter: 0.4658  iters_per_sec: 2.1500  samples_per_sec: 34.3500  samples_per_sec_per_gpu: 8.5900  max_mem_allocated_mb: 607.2000  max_mem_reserved_mb: 21978.0000
04/08 23:59:46 - mmengine - INFO - Epoch(train)  [5][2350/5000]  lr: 4.9576e-04  eta: 4:56:33  time: 0.4619  data_time: 0.0123  memory: 15692  grad_norm: 9.3022  loss: 4.5279  loss_heatmap: 1.6777  layer_-1_loss_cls: 0.3292  layer_-1_loss_bbox: 1.9955  matched_ious: 0.1929  aux_depth_loss: 0.5254  sec_per_iter: 0.4657  iters_per_sec: 2.1500  samples_per_sec: 34.3600  samples_per_sec_per_gpu: 8.5900  max_mem_allocated_mb: 607.2000  max_mem_reserved_mb: 21978.0000
04/09 00:00:11 - mmengine - INFO - Epoch(train)  [5][2400/5000]  lr: 4.9558e-04  eta: 4:56:12  time: 0.5013  data_time: 0.0139  memory: 15694  grad_norm: 10.2167  loss: 4.5873  loss_heatmap: 1.7291  layer_-1_loss_cls: 0.3436  layer_-1_loss_bbox: 1.9769  matched_ious: 0.2319  aux_depth_loss: 0.5376  sec_per_iter: 0.4656  iters_per_sec: 2.1500  samples_per_sec: 34.3600  samples_per_sec_per_gpu: 8.5900  max_mem_allocated_mb: 607.2000  max_mem_reserved_mb: 21978.0000
04/09 00:00:36 - mmengine - INFO - Epoch(train)  [5][2450/5000]  lr: 4.9539e-04  eta: 4:55:50  time: 0.4948  data_time: 0.0122  memory: 15695  grad_norm: 8.6970  loss: 4.7427  loss_heatmap: 1.7461  layer_-1_loss_cls: 0.3438  layer_-1_loss_bbox: 2.1100  matched_ious: 0.2016  aux_depth_loss: 0.5428  sec_per_iter: 0.4664  iters_per_sec: 2.1400  samples_per_sec: 34.3100  samples_per_sec_per_gpu: 8.5800  max_mem_allocated_mb: 607.2000  max_mem_reserved_mb: 21978.0000
04/09 00:00:59 - mmengine - INFO - Epoch(train)  [5][2500/5000]  lr: 4.9520e-04  eta: 4:55:26  time: 0.4654  data_time: 0.0130  memory: 15696  grad_norm: 13.9984  loss: 5.4224  loss_heatmap: 1.9706  layer_-1_loss_cls: 0.3426  layer_-1_loss_bbox: 2.5422  matched_ious: 0.0903  aux_depth_loss: 0.5670  sec_per_iter: 0.4670  iters_per_sec: 2.1400  samples_per_sec: 34.2600  samples_per_sec_per_gpu: 8.5700  max_mem_allocated_mb: 607.2000  max_mem_reserved_mb: 21978.0000
04/09 00:01:23 - mmengine - INFO - Epoch(train)  [5][2550/5000]  lr: 4.9501e-04  eta: 4:55:02  time: 0.4717  data_time: 0.0120  memory: 15699  grad_norm: 16.8454  loss: 6.1146  loss_heatmap: 2.1634  layer_-1_loss_cls: 0.3536  layer_-1_loss_bbox: 2.9747  matched_ious: 0.0619  aux_depth_loss: 0.6229  sec_per_iter: 0.4669  iters_per_sec: 2.1400  samples_per_sec: 34.2700  samples_per_sec_per_gpu: 8.5700  max_mem_allocated_mb: 607.2000  max_mem_reserved_mb: 21978.0000
04/09 00:01:46 - mmengine - INFO - Epoch(train)  [5][2600/5000]  lr: 4.9481e-04  eta: 4:54:37  time: 0.4603  data_time: 0.0124  memory: 15695  grad_norm: 12.2035  loss: 5.9612  loss_heatmap: 2.1304  layer_-1_loss_cls: 0.3549  layer_-1_loss_bbox: 2.8349  matched_ious: 0.1226  aux_depth_loss: 0.6409  sec_per_iter: 0.4670  iters_per_sec: 2.1400  samples_per_sec: 34.2600  samples_per_sec_per_gpu: 8.5600  max_mem_allocated_mb: 607.2000  max_mem_reserved_mb: 21978.0000
04/09 00:02:09 - mmengine - INFO - Epoch(train)  [5][2650/5000]  lr: 4.9461e-04  eta: 4:54:14  time: 0.4744  data_time: 0.0129  memory: 15695  grad_norm: 8.7552  loss: 5.6635  loss_heatmap: 2.0171  layer_-1_loss_cls: 0.3503  layer_-1_loss_bbox: 2.6870  matched_ious: 0.1698  aux_depth_loss: 0.6091  sec_per_iter: 0.4669  iters_per_sec: 2.1400  samples_per_sec: 34.2700  samples_per_sec_per_gpu: 8.5700  max_mem_allocated_mb: 607.2000  max_mem_reserved_mb: 21978.0000
04/09 00:02:32 - mmengine - INFO - Epoch(train)  [5][2700/5000]  lr: 4.9440e-04  eta: 4:53:49  time: 0.4553  data_time: 0.0122  memory: 15696  grad_norm: 6.4117  loss: 4.8250  loss_heatmap: 1.8228  layer_-1_loss_cls: 0.3766  layer_-1_loss_bbox: 2.0701  matched_ious: 0.2402  aux_depth_loss: 0.5555  sec_per_iter: 0.4670  iters_per_sec: 2.1400  samples_per_sec: 34.2600  samples_per_sec_per_gpu: 8.5600  max_mem_allocated_mb: 607.2000  max_mem_reserved_mb: 21978.0000
04/09 00:02:55 - mmengine - INFO - Epoch(train)  [5][2750/5000]  lr: 4.9420e-04  eta: 4:53:24  time: 0.4532  data_time: 0.0119  memory: 15693  grad_norm: 6.8283  loss: 4.7592  loss_heatmap: 1.7739  layer_-1_loss_cls: 0.3675  layer_-1_loss_bbox: 2.0789  matched_ious: 0.2209  aux_depth_loss: 0.5389  sec_per_iter: 0.4668  iters_per_sec: 2.1400  samples_per_sec: 34.2700  samples_per_sec_per_gpu: 8.5700  max_mem_allocated_mb: 607.2000  max_mem_reserved_mb: 21978.0000
04/09 00:03:18 - mmengine - INFO - Epoch(train)  [5][2800/5000]  lr: 4.9398e-04  eta: 4:52:59  time: 0.4675  data_time: 0.0120  memory: 15697  grad_norm: 8.7444  loss: 4.5743  loss_heatmap: 1.7638  layer_-1_loss_cls: 0.3825  layer_-1_loss_bbox: 1.8985  matched_ious: 0.2138  aux_depth_loss: 0.5296  sec_per_iter: 0.4666  iters_per_sec: 2.1400  samples_per_sec: 34.2900  samples_per_sec_per_gpu: 8.5700  max_mem_allocated_mb: 607.2000  max_mem_reserved_mb: 21978.0000
04/09 00:03:41 - mmengine - INFO - Epoch(train)  [5][2850/5000]  lr: 4.9377e-04  eta: 4:52:35  time: 0.4650  data_time: 0.0133  memory: 15696  grad_norm: 7.1594  loss: 4.6194  loss_heatmap: 1.7380  layer_-1_loss_cls: 0.3665  layer_-1_loss_bbox: 1.9866  matched_ious: 0.2399  aux_depth_loss: 0.5284  sec_per_iter: 0.4666  iters_per_sec: 2.1400  samples_per_sec: 34.2900  samples_per_sec_per_gpu: 8.5700  max_mem_allocated_mb: 607.2000  max_mem_reserved_mb: 21978.0000
04/09 00:04:05 - mmengine - INFO - Epoch(train)  [5][2900/5000]  lr: 4.9355e-04  eta: 4:52:12  time: 0.4737  data_time: 0.0147  memory: 15696  grad_norm: 8.0243  loss: 4.6256  loss_heatmap: 1.7567  layer_-1_loss_cls: 0.3670  layer_-1_loss_bbox: 1.9731  matched_ious: 0.1567  aux_depth_loss: 0.5287  sec_per_iter: 0.4666  iters_per_sec: 2.1400  samples_per_sec: 34.2900  samples_per_sec_per_gpu: 8.5700  max_mem_allocated_mb: 607.2000  max_mem_reserved_mb: 21978.0000
04/09 00:04:28 - mmengine - INFO - Epoch(train)  [5][2950/5000]  lr: 4.9332e-04  eta: 4:51:48  time: 0.4669  data_time: 0.0129  memory: 15695  grad_norm: 8.4992  loss: 4.4863  loss_heatmap: 1.7202  layer_-1_loss_cls: 0.3723  layer_-1_loss_bbox: 1.8627  matched_ious: 0.1873  aux_depth_loss: 0.5311  sec_per_iter: 0.4667  iters_per_sec: 2.1400  samples_per_sec: 34.2800  samples_per_sec_per_gpu: 8.5700  max_mem_allocated_mb: 607.2000  max_mem_reserved_mb: 21978.0000
04/09 00:04:52 - mmengine - INFO - Exp name: zod_camera_only_20260408_204407
04/09 00:04:52 - mmengine - INFO - Epoch(train)  [5][3000/5000]  lr: 4.9310e-04  eta: 4:51:24  time: 0.4673  data_time: 0.0124  memory: 15695  grad_norm: 8.0203  loss: 4.4007  loss_heatmap: 1.6606  layer_-1_loss_cls: 0.3489  layer_-1_loss_bbox: 1.8646  matched_ious: 0.2310  aux_depth_loss: 0.5266  sec_per_iter: 0.4667  iters_per_sec: 2.1400  samples_per_sec: 34.2800  samples_per_sec_per_gpu: 8.5700  max_mem_allocated_mb: 607.2000  max_mem_reserved_mb: 21978.0000
04/09 00:05:17 - mmengine - INFO - Epoch(train)  [5][3050/5000]  lr: 4.9287e-04  eta: 4:51:03  time: 0.5054  data_time: 0.0124  memory: 15695  grad_norm: 8.8523  loss: 4.4880  loss_heatmap: 1.7352  layer_-1_loss_cls: 0.3643  layer_-1_loss_bbox: 1.8573  matched_ious: 0.2309  aux_depth_loss: 0.5312  sec_per_iter: 0.4667  iters_per_sec: 2.1400  samples_per_sec: 34.2800  samples_per_sec_per_gpu: 8.5700  max_mem_allocated_mb: 607.2000  max_mem_reserved_mb: 21978.0000
04/09 00:05:40 - mmengine - INFO - Epoch(train)  [5][3100/5000]  lr: 4.9263e-04  eta: 4:50:37  time: 0.4526  data_time: 0.0121  memory: 15693  grad_norm: 8.5984  loss: 4.5427  loss_heatmap: 1.7203  layer_-1_loss_cls: 0.3584  layer_-1_loss_bbox: 1.9366  matched_ious: 0.1389  aux_depth_loss: 0.5273  sec_per_iter: 0.4673  iters_per_sec: 2.1400  samples_per_sec: 34.2400  samples_per_sec_per_gpu: 8.5600  max_mem_allocated_mb: 607.2000  max_mem_reserved_mb: 21978.0000
04/09 00:06:02 - mmengine - INFO - Epoch(train)  [5][3150/5000]  lr: 4.9239e-04  eta: 4:50:12  time: 0.4524  data_time: 0.0115  memory: 15695  grad_norm: 9.9406  loss: 4.4766  loss_heatmap: 1.7135  layer_-1_loss_cls: 0.3653  layer_-1_loss_bbox: 1.8622  matched_ious: 0.2348  aux_depth_loss: 0.5356  sec_per_iter: 0.4671  iters_per_sec: 2.1400  samples_per_sec: 34.2500  samples_per_sec_per_gpu: 8.5600  max_mem_allocated_mb: 607.2000  max_mem_reserved_mb: 21978.0000
04/09 00:06:26 - mmengine - INFO - Epoch(train)  [5][3200/5000]  lr: 4.9215e-04  eta: 4:49:49  time: 0.4807  data_time: 0.0121  memory: 15695  grad_norm: 7.3238  loss: 4.4326  loss_heatmap: 1.6868  layer_-1_loss_cls: 0.3647  layer_-1_loss_bbox: 1.8651  matched_ious: 0.1552  aux_depth_loss: 0.5160  sec_per_iter: 0.4669  iters_per_sec: 2.1400  samples_per_sec: 34.2700  samples_per_sec_per_gpu: 8.5700  max_mem_allocated_mb: 607.2000  max_mem_reserved_mb: 21978.0000
04/09 00:06:51 - mmengine - INFO - Epoch(train)  [5][3250/5000]  lr: 4.9190e-04  eta: 4:49:27  time: 0.4900  data_time: 0.0134  memory: 15694  grad_norm: 10.9791  loss: 4.4853  loss_heatmap: 1.7188  layer_-1_loss_cls: 0.3759  layer_-1_loss_bbox: 1.8599  matched_ious: 0.1806  aux_depth_loss: 0.5307  sec_per_iter: 0.4671  iters_per_sec: 2.1400  samples_per_sec: 34.2600  samples_per_sec_per_gpu: 8.5600  max_mem_allocated_mb: 607.2000  max_mem_reserved_mb: 21978.0000
04/09 00:07:14 - mmengine - INFO - Epoch(train)  [5][3300/5000]  lr: 4.9166e-04  eta: 4:49:03  time: 0.4651  data_time: 0.0120  memory: 15696  grad_norm: 8.8189  loss: 4.3648  loss_heatmap: 1.6615  layer_-1_loss_cls: 0.3579  layer_-1_loss_bbox: 1.8165  matched_ious: 0.1747  aux_depth_loss: 0.5289  sec_per_iter: 0.4674  iters_per_sec: 2.1400  samples_per_sec: 34.2300  samples_per_sec_per_gpu: 8.5600  max_mem_allocated_mb: 607.2000  max_mem_reserved_mb: 21978.0000
04/09 00:07:38 - mmengine - INFO - Epoch(train)  [5][3350/5000]  lr: 4.9140e-04  eta: 4:48:39  time: 0.4700  data_time: 0.0121  memory: 15696  grad_norm: 9.8747  loss: 4.4283  loss_heatmap: 1.6855  layer_-1_loss_cls: 0.3556  layer_-1_loss_bbox: 1.8608  matched_ious: 0.1591  aux_depth_loss: 0.5265  sec_per_iter: 0.4674  iters_per_sec: 2.1400  samples_per_sec: 34.2300  samples_per_sec_per_gpu: 8.5600  max_mem_allocated_mb: 607.2000  max_mem_reserved_mb: 21978.0000
04/09 00:08:00 - mmengine - INFO - Epoch(train)  [5][3400/5000]  lr: 4.9114e-04  eta: 4:48:14  time: 0.4555  data_time: 0.0116  memory: 15692  grad_norm: 7.2192  loss: 4.5085  loss_heatmap: 1.7052  layer_-1_loss_cls: 0.3458  layer_-1_loss_bbox: 1.9307  matched_ious: 0.1814  aux_depth_loss: 0.5268  sec_per_iter: 0.4674  iters_per_sec: 2.1400  samples_per_sec: 34.2300  samples_per_sec_per_gpu: 8.5600  max_mem_allocated_mb: 607.2000  max_mem_reserved_mb: 21978.0000
04/09 00:08:23 - mmengine - INFO - Epoch(train)  [5][3450/5000]  lr: 4.9088e-04  eta: 4:47:49  time: 0.4600  data_time: 0.0119  memory: 15694  grad_norm: 8.6500  loss: 4.6866  loss_heatmap: 1.7637  layer_-1_loss_cls: 0.3482  layer_-1_loss_bbox: 2.0484  matched_ious: 0.2833  aux_depth_loss: 0.5262  sec_per_iter: 0.4673  iters_per_sec: 2.1400  samples_per_sec: 34.2400  samples_per_sec_per_gpu: 8.5600  max_mem_allocated_mb: 607.2000  max_mem_reserved_mb: 21978.0000
04/09 00:08:47 - mmengine - INFO - Epoch(train)  [5][3500/5000]  lr: 4.9062e-04  eta: 4:47:25  time: 0.4635  data_time: 0.0113  memory: 15694  grad_norm: 9.6882  loss: 4.6608  loss_heatmap: 1.7620  layer_-1_loss_cls: 0.3513  layer_-1_loss_bbox: 2.0164  matched_ious: 0.2223  aux_depth_loss: 0.5311  sec_per_iter: 0.4672  iters_per_sec: 2.1400  samples_per_sec: 34.2500  samples_per_sec_per_gpu: 8.5600  max_mem_allocated_mb: 607.2000  max_mem_reserved_mb: 21978.0000
04/09 00:09:09 - mmengine - INFO - Epoch(train)  [5][3550/5000]  lr: 4.9035e-04  eta: 4:47:00  time: 0.4561  data_time: 0.0115  memory: 15693  grad_norm: 8.5992  loss: 4.4655  loss_heatmap: 1.7068  layer_-1_loss_cls: 0.3562  layer_-1_loss_bbox: 1.8813  matched_ious: 0.1871  aux_depth_loss: 0.5212  sec_per_iter: 0.4671  iters_per_sec: 2.1400  samples_per_sec: 34.2500  samples_per_sec_per_gpu: 8.5600  max_mem_allocated_mb: 607.2000  max_mem_reserved_mb: 21978.0000
04/09 00:09:33 - mmengine - INFO - Epoch(train)  [5][3600/5000]  lr: 4.9008e-04  eta: 4:46:37  time: 0.4781  data_time: 0.0119  memory: 15694  grad_norm: 9.8787  loss: 4.5744  loss_heatmap: 1.6943  layer_-1_loss_cls: 0.3390  layer_-1_loss_bbox: 2.0140  matched_ious: 0.1806  aux_depth_loss: 0.5272  sec_per_iter: 0.4670  iters_per_sec: 2.1400  samples_per_sec: 34.2600  samples_per_sec_per_gpu: 8.5700  max_mem_allocated_mb: 607.2000  max_mem_reserved_mb: 21978.0000
04/09 00:09:56 - mmengine - INFO - Epoch(train)  [5][3650/5000]  lr: 4.8980e-04  eta: 4:46:13  time: 0.4650  data_time: 0.0116  memory: 15695  grad_norm: 18.9502  loss: 5.5462  loss_heatmap: 2.0208  layer_-1_loss_cls: 0.3420  layer_-1_loss_bbox: 2.6055  matched_ious: 0.0876  aux_depth_loss: 0.5779  sec_per_iter: 0.4671  iters_per_sec: 2.1400  samples_per_sec: 34.2500  samples_per_sec_per_gpu: 8.5600  max_mem_allocated_mb: 607.2000  max_mem_reserved_mb: 21978.0000
04/09 00:10:20 - mmengine - INFO - Epoch(train)  [5][3700/5000]  lr: 4.8952e-04  eta: 4:45:48  time: 0.4607  data_time: 0.0121  memory: 15696  grad_norm: 8.9592  loss: 5.4024  loss_heatmap: 2.0457  layer_-1_loss_cls: 0.3769  layer_-1_loss_bbox: 2.3901  matched_ious: 0.2045  aux_depth_loss: 0.5896  sec_per_iter: 0.4671  iters_per_sec: 2.1400  samples_per_sec: 34.2600  samples_per_sec_per_gpu: 8.5600  max_mem_allocated_mb: 607.2000  max_mem_reserved_mb: 21978.0000
04/09 00:10:42 - mmengine - INFO - Epoch(train)  [5][3750/5000]  lr: 4.8924e-04  eta: 4:45:23  time: 0.4566  data_time: 0.0127  memory: 15694  grad_norm: 9.9629  loss: 4.8471  loss_heatmap: 1.8242  layer_-1_loss_cls: 0.3642  layer_-1_loss_bbox: 2.0989  matched_ious: 0.1992  aux_depth_loss: 0.5598  sec_per_iter: 0.4670  iters_per_sec: 2.1400  samples_per_sec: 34.2600  samples_per_sec_per_gpu: 8.5700  max_mem_allocated_mb: 607.2000  max_mem_reserved_mb: 21978.0000
04/09 00:11:06 - mmengine - INFO - Epoch(train)  [5][3800/5000]  lr: 4.8895e-04  eta: 4:45:00  time: 0.4701  data_time: 0.0116  memory: 15693  grad_norm: 9.4656  loss: 4.7291  loss_heatmap: 1.7883  layer_-1_loss_cls: 0.3505  layer_-1_loss_bbox: 2.0396  matched_ious: 0.1669  aux_depth_loss: 0.5507  sec_per_iter: 0.4669  iters_per_sec: 2.1400  samples_per_sec: 34.2700  samples_per_sec_per_gpu: 8.5700  max_mem_allocated_mb: 607.2000  max_mem_reserved_mb: 21978.0000
04/09 00:11:29 - mmengine - INFO - Epoch(train)  [5][3850/5000]  lr: 4.8866e-04  eta: 4:44:35  time: 0.4651  data_time: 0.0122  memory: 15694  grad_norm: 11.7013  loss: 5.0309  loss_heatmap: 1.8748  layer_-1_loss_cls: 0.3319  layer_-1_loss_bbox: 2.2746  matched_ious: 0.1202  aux_depth_loss: 0.5495  sec_per_iter: 0.4669  iters_per_sec: 2.1400  samples_per_sec: 34.2700  samples_per_sec_per_gpu: 8.5700  max_mem_allocated_mb: 607.2000  max_mem_reserved_mb: 21978.0000
04/09 00:11:52 - mmengine - INFO - Epoch(train)  [5][3900/5000]  lr: 4.8837e-04  eta: 4:44:10  time: 0.4548  data_time: 0.0118  memory: 15693  grad_norm: 13.3649  loss: 5.4890  loss_heatmap: 2.0062  layer_-1_loss_cls: 0.3502  layer_-1_loss_bbox: 2.5453  matched_ious: 0.1510  aux_depth_loss: 0.5873  sec_per_iter: 0.4669  iters_per_sec: 2.1400  samples_per_sec: 34.2700  samples_per_sec_per_gpu: 8.5700  max_mem_allocated_mb: 607.2000  max_mem_reserved_mb: 21978.0000
04/09 00:12:15 - mmengine - INFO - Epoch(train)  [5][3950/5000]  lr: 4.8807e-04  eta: 4:43:46  time: 0.4586  data_time: 0.0114  memory: 15696  grad_norm: 12.4428  loss: 6.3165  loss_heatmap: 2.3051  layer_-1_loss_cls: 0.3602  layer_-1_loss_bbox: 3.0212  matched_ious: 0.1085  aux_depth_loss: 0.6301  sec_per_iter: 0.4667  iters_per_sec: 2.1400  samples_per_sec: 34.2800  samples_per_sec_per_gpu: 8.5700  max_mem_allocated_mb: 607.2000  max_mem_reserved_mb: 21978.0000
04/09 00:12:40 - mmengine - INFO - Exp name: zod_camera_only_20260408_204407
04/09 00:12:40 - mmengine - INFO - Epoch(train)  [5][4000/5000]  lr: 4.8777e-04  eta: 4:43:24  time: 0.4965  data_time: 0.0115  memory: 15695  grad_norm: 7.0945  loss: 5.3785  loss_heatmap: 2.0068  layer_-1_loss_cls: 0.3733  layer_-1_loss_bbox: 2.4075  matched_ious: 0.1292  aux_depth_loss: 0.5909  sec_per_iter: 0.4666  iters_per_sec: 2.1400  samples_per_sec: 34.2900  samples_per_sec_per_gpu: 8.5700  max_mem_allocated_mb: 607.2000  max_mem_reserved_mb: 21978.0000
04/09 00:13:03 - mmengine - INFO - Epoch(train)  [5][4050/5000]  lr: 4.8747e-04  eta: 4:43:01  time: 0.4748  data_time: 0.0117  memory: 15694  grad_norm: 11.2118  loss: 5.4534  loss_heatmap: 2.0049  layer_-1_loss_cls: 0.3484  layer_-1_loss_bbox: 2.4851  matched_ious: 0.1183  aux_depth_loss: 0.6148  sec_per_iter: 0.4670  iters_per_sec: 2.1400  samples_per_sec: 34.2600  samples_per_sec_per_gpu: 8.5700  max_mem_allocated_mb: 607.2000  max_mem_reserved_mb: 21978.0000
04/09 00:13:27 - mmengine - INFO - Epoch(train)  [5][4100/5000]  lr: 4.8716e-04  eta: 4:42:36  time: 0.4633  data_time: 0.0122  memory: 15694  grad_norm: nan  loss: 5.1588  loss_heatmap: 1.9384  layer_-1_loss_cls: 0.3583  layer_-1_loss_bbox: 2.2647  matched_ious: 0.1670  aux_depth_loss: 0.5975  sec_per_iter: 0.4671  iters_per_sec: 2.1400  samples_per_sec: 34.2500  samples_per_sec_per_gpu: 8.5600  max_mem_allocated_mb: 607.2000  max_mem_reserved_mb: 21978.0000
04/09 00:13:50 - mmengine - INFO - Epoch(train)  [5][4150/5000]  lr: 4.8684e-04  eta: 4:42:12  time: 0.4674  data_time: 0.0124  memory: 15698  grad_norm: 8.4571  loss: 4.7834  loss_heatmap: 1.8808  layer_-1_loss_cls: 0.3832  layer_-1_loss_bbox: 1.9531  matched_ious: 0.1705  aux_depth_loss: 0.5663  sec_per_iter: 0.4671  iters_per_sec: 2.1400  samples_per_sec: 34.2600  samples_per_sec_per_gpu: 8.5600  max_mem_allocated_mb: 607.2000  max_mem_reserved_mb: 21978.0000
04/09 00:14:13 - mmengine - INFO - Epoch(train)  [5][4200/5000]  lr: 4.8653e-04  eta: 4:41:48  time: 0.4672  data_time: 0.0120  memory: 15694  grad_norm: 8.5605  loss: 4.8694  loss_heatmap: 1.8243  layer_-1_loss_cls: 0.3573  layer_-1_loss_bbox: 2.1444  matched_ious: 0.1255  aux_depth_loss: 0.5434  sec_per_iter: 0.4670  iters_per_sec: 2.1400  samples_per_sec: 34.2600  samples_per_sec_per_gpu: 8.5600  max_mem_allocated_mb: 607.2000  max_mem_reserved_mb: 21978.0000
04/09 00:14:37 - mmengine - INFO - Epoch(train)  [5][4250/5000]  lr: 4.8621e-04  eta: 4:41:24  time: 0.4700  data_time: 0.0121  memory: 15695  grad_norm: 10.3277  loss: 4.9917  loss_heatmap: 1.8550  layer_-1_loss_cls: 0.3489  layer_-1_loss_bbox: 2.2178  matched_ious: 0.1979  aux_depth_loss: 0.5699  sec_per_iter: 0.4671  iters_per_sec: 2.1400  samples_per_sec: 34.2600  samples_per_sec_per_gpu: 8.5600  max_mem_allocated_mb: 607.2000  max_mem_reserved_mb: 21978.0000
04/09 00:14:59 - mmengine - INFO - Epoch(train)  [5][4300/5000]  lr: 4.8588e-04  eta: 4:40:59  time: 0.4528  data_time: 0.0118  memory: 15694  grad_norm: 8.5259  loss: 4.6049  loss_heatmap: 1.7407  layer_-1_loss_cls: 0.3401  layer_-1_loss_bbox: 1.9854  matched_ious: 0.3163  aux_depth_loss: 0.5387  sec_per_iter: 0.4671  iters_per_sec: 2.1400  samples_per_sec: 34.2500  samples_per_sec_per_gpu: 8.5600  max_mem_allocated_mb: 607.2000  max_mem_reserved_mb: 21978.0000
04/09 00:15:23 - mmengine - INFO - Epoch(train)  [5][4350/5000]  lr: 4.8556e-04  eta: 4:40:36  time: 0.4690  data_time: 0.0128  memory: 15696  grad_norm: 9.0132  loss: 4.8628  loss_heatmap: 1.8224  layer_-1_loss_cls: 0.3487  layer_-1_loss_bbox: 2.1254  matched_ious: 0.1310  aux_depth_loss: 0.5664  sec_per_iter: 0.4669  iters_per_sec: 2.1400  samples_per_sec: 34.2700  samples_per_sec_per_gpu: 8.5700  max_mem_allocated_mb: 607.2000  max_mem_reserved_mb: 21978.0000
04/09 00:15:46 - mmengine - INFO - Epoch(train)  [5][4400/5000]  lr: 4.8523e-04  eta: 4:40:11  time: 0.4609  data_time: 0.0123  memory: 15696  grad_norm: 8.5455  loss: 4.7897  loss_heatmap: 1.8046  layer_-1_loss_cls: 0.3420  layer_-1_loss_bbox: 2.1001  matched_ious: 0.1215  aux_depth_loss: 0.5431  sec_per_iter: 0.4669  iters_per_sec: 2.1400  samples_per_sec: 34.2700  samples_per_sec_per_gpu: 8.5700  max_mem_allocated_mb: 607.2000  max_mem_reserved_mb: 21978.0000
04/09 00:16:09 - mmengine - INFO - Epoch(train)  [5][4450/5000]  lr: 4.8489e-04  eta: 4:39:47  time: 0.4640  data_time: 0.0120  memory: 15694  grad_norm: 8.4290  loss: 4.9076  loss_heatmap: 1.8253  layer_-1_loss_cls: 0.3365  layer_-1_loss_bbox: 2.1996  matched_ious: 0.1940  aux_depth_loss: 0.5461  sec_per_iter: 0.4669  iters_per_sec: 2.1400  samples_per_sec: 34.2700  samples_per_sec_per_gpu: 8.5700  max_mem_allocated_mb: 607.2000  max_mem_reserved_mb: 21978.0000
04/09 00:16:32 - mmengine - INFO - Epoch(train)  [5][4500/5000]  lr: 4.8455e-04  eta: 4:39:22  time: 0.4484  data_time: 0.0120  memory: 15696  grad_norm: 10.4901  loss: 5.1929  loss_heatmap: 1.9102  layer_-1_loss_cls: 0.3414  layer_-1_loss_bbox: 2.3806  matched_ious: 0.1034  aux_depth_loss: 0.5608  sec_per_iter: 0.4668  iters_per_sec: 2.1400  samples_per_sec: 34.2700  samples_per_sec_per_gpu: 8.5700  max_mem_allocated_mb: 607.2000  max_mem_reserved_mb: 21978.0000
04/09 00:16:54 - mmengine - INFO - Epoch(train)  [5][4550/5000]  lr: 4.8421e-04  eta: 4:38:57  time: 0.4591  data_time: 0.0117  memory: 15698  grad_norm: 6.5704  loss: 4.9578  loss_heatmap: 1.8246  layer_-1_loss_cls: 0.3524  layer_-1_loss_bbox: 2.2290  matched_ious: 0.1628  aux_depth_loss: 0.5518  sec_per_iter: 0.4666  iters_per_sec: 2.1400  samples_per_sec: 34.2900  samples_per_sec_per_gpu: 8.5700  max_mem_allocated_mb: 607.2000  max_mem_reserved_mb: 21978.0000
04/09 00:17:17 - mmengine - INFO - Epoch(train)  [5][4600/5000]  lr: 4.8387e-04  eta: 4:38:32  time: 0.4478  data_time: 0.0129  memory: 15695  grad_norm: 7.4985  loss: 4.8691  loss_heatmap: 1.8054  layer_-1_loss_cls: 0.3613  layer_-1_loss_bbox: 2.1575  matched_ious: 0.1641  aux_depth_loss: 0.5449  sec_per_iter: 0.4666  iters_per_sec: 2.1400  samples_per_sec: 34.2900  samples_per_sec_per_gpu: 8.5700  max_mem_allocated_mb: 607.2000  max_mem_reserved_mb: 21978.0000
04/09 00:17:40 - mmengine - INFO - Epoch(train)  [5][4650/5000]  lr: 4.8352e-04  eta: 4:38:07  time: 0.4553  data_time: 0.0119  memory: 15694  grad_norm: 8.5342  loss: 4.4209  loss_heatmap: 1.6913  layer_-1_loss_cls: 0.3701  layer_-1_loss_bbox: 1.8320  matched_ious: 0.2512  aux_depth_loss: 0.5274  sec_per_iter: 0.4664  iters_per_sec: 2.1400  samples_per_sec: 34.3100  samples_per_sec_per_gpu: 8.5800  max_mem_allocated_mb: 607.2000  max_mem_reserved_mb: 21978.0000
04/09 00:18:03 - mmengine - INFO - Epoch(train)  [5][4700/5000]  lr: 4.8317e-04  eta: 4:37:43  time: 0.4649  data_time: 0.0119  memory: 15695  grad_norm: 9.3210  loss: 4.4354  loss_heatmap: 1.6918  layer_-1_loss_cls: 0.3667  layer_-1_loss_bbox: 1.8462  matched_ious: 0.2447  aux_depth_loss: 0.5307  sec_per_iter: 0.4662  iters_per_sec: 2.1400  samples_per_sec: 34.3200  samples_per_sec_per_gpu: 8.5800  max_mem_allocated_mb: 607.2000  max_mem_reserved_mb: 21978.0000
04/09 00:18:26 - mmengine - INFO - Epoch(train)  [5][4750/5000]  lr: 4.8281e-04  eta: 4:37:19  time: 0.4717  data_time: 0.0118  memory: 15694  grad_norm: 8.6959  loss: 4.5876  loss_heatmap: 1.7059  layer_-1_loss_cls: 0.3589  layer_-1_loss_bbox: 1.9918  matched_ious: 0.2198  aux_depth_loss: 0.5309  sec_per_iter: 0.4662  iters_per_sec: 2.1400  samples_per_sec: 34.3200  samples_per_sec_per_gpu: 8.5800  max_mem_allocated_mb: 607.2000  max_mem_reserved_mb: 21978.0000
04/09 00:18:50 - mmengine - INFO - Epoch(train)  [5][4800/5000]  lr: 4.8245e-04  eta: 4:36:55  time: 0.4681  data_time: 0.0119  memory: 15693  grad_norm: 9.2385  loss: 4.5702  loss_heatmap: 1.7228  layer_-1_loss_cls: 0.3618  layer_-1_loss_bbox: 1.9424  matched_ious: 0.1985  aux_depth_loss: 0.5431  sec_per_iter: 0.4663  iters_per_sec: 2.1400  samples_per_sec: 34.3100  samples_per_sec_per_gpu: 8.5800  max_mem_allocated_mb: 607.2000  max_mem_reserved_mb: 21978.0000
04/09 00:19:14 - mmengine - INFO - Epoch(train)  [5][4850/5000]  lr: 4.8209e-04  eta: 4:36:32  time: 0.4773  data_time: 0.0118  memory: 15692  grad_norm: 9.3177  loss: 4.5258  loss_heatmap: 1.7164  layer_-1_loss_cls: 0.3585  layer_-1_loss_bbox: 1.9115  matched_ious: 0.2249  aux_depth_loss: 0.5394  sec_per_iter: 0.4663  iters_per_sec: 2.1400  samples_per_sec: 34.3100  samples_per_sec_per_gpu: 8.5800  max_mem_allocated_mb: 607.2000  max_mem_reserved_mb: 21978.0000
04/09 00:19:37 - mmengine - INFO - Epoch(train)  [5][4900/5000]  lr: 4.8172e-04  eta: 4:36:08  time: 0.4670  data_time: 0.0114  memory: 15695  grad_norm: 9.4777  loss: 4.5183  loss_heatmap: 1.7036  layer_-1_loss_cls: 0.3494  layer_-1_loss_bbox: 1.9331  matched_ious: 0.1998  aux_depth_loss: 0.5323  sec_per_iter: 0.4664  iters_per_sec: 2.1400  samples_per_sec: 34.3000  samples_per_sec_per_gpu: 8.5800  max_mem_allocated_mb: 607.2000  max_mem_reserved_mb: 21978.0000
04/09 00:20:00 - mmengine - INFO - Epoch(train)  [5][4950/5000]  lr: 4.8135e-04  eta: 4:35:44  time: 0.4628  data_time: 0.0127  memory: 15696  grad_norm: 8.3198  loss: 4.5552  loss_heatmap: 1.7279  layer_-1_loss_cls: 0.3571  layer_-1_loss_bbox: 1.9411  matched_ious: 0.1842  aux_depth_loss: 0.5291  sec_per_iter: 0.4664  iters_per_sec: 2.1400  samples_per_sec: 34.3000  samples_per_sec_per_gpu: 8.5800  max_mem_allocated_mb: 607.2000  max_mem_reserved_mb: 21978.0000
04/09 00:20:23 - mmengine - INFO - Exp name: zod_camera_only_20260408_204407
04/09 00:20:23 - mmengine - INFO - Epoch(train)  [5][5000/5000]  lr: 4.8098e-04  eta: 4:35:19  time: 0.4533  data_time: 0.0120  memory: 15695  grad_norm: 9.1930  loss: 4.7519  loss_heatmap: 1.7790  layer_-1_loss_cls: 0.3412  layer_-1_loss_bbox: 2.0944  matched_ious: 0.1137  aux_depth_loss: 0.5373  sec_per_iter: 0.4664  iters_per_sec: 2.1400  samples_per_sec: 34.3100  samples_per_sec_per_gpu: 8.5800  max_mem_allocated_mb: 607.2000  max_mem_reserved_mb: 21978.0000
04/09 00:20:23 - mmengine - INFO - [Efficiency] Epoch 5: wall=2331.3s  iters=5000  sec/iter=0.466  mem_alloc=607MB  mem_rsv=21978MB
04/09 00:20:24 - mmengine - INFO - Saved /home/users/u103958/projects/multimodal-MoE/outputs/runs/zod_camera_only/zod-cam-only_4461334/visualizations/bev_pred_vs_gt_epoch_5.png  (GT=16, pred=2, max_score=0.176)
04/09 00:20:24 - mmengine - INFO - Saved /home/users/u103958/projects/multimodal-MoE/outputs/runs/zod_camera_only/zod-cam-only_4461334/visualizations/bev_val_pred_vs_gt_epoch_5.png  (GT=25, pred=5, max_score=0.263)
04/09 00:20:25 - mmengine - INFO - Saved /home/users/u103958/projects/multimodal-MoE/outputs/runs/zod_camera_only/zod-cam-only_4461334/visualizations/camera_bev_features_epoch_5.png
04/09 00:20:26 - mmengine - INFO - Saved /home/users/u103958/projects/multimodal-MoE/outputs/runs/zod_camera_only/zod-cam-only_4461334/visualizations/depth_transform_diagnostic_epoch_5.png
04/09 00:20:26 - mmengine - INFO - ========================================================================
04/09 00:20:26 - mmengine - INFO -   DEPTH PROJECTION DEBUG — Sparse depth analysis
04/09 00:20:26 - mmengine - INFO - ========================================================================
04/09 00:20:26 - mmengine - INFO -   lidar2img  shape=(1, 4, 4)
04/09 00:20:26 - mmengine - INFO -     [  622.2576  -478.3849    -1.9513 -1257.4954]
04/09 00:20:26 - mmengine - INFO -     [ 350.0951    7.6426 -478.2796 -167.8321]
04/09 00:20:26 - mmengine - INFO -     [ 1.      0.003   0.0074 -2.0314]
04/09 00:20:26 - mmengine - INFO -     [0. 0. 0. 1.]
04/09 00:20:26 - mmengine - INFO -   cam2img  shape=(1, 4, 4)
04/09 00:20:26 - mmengine - INFO -     [480.324    0.     620.7651   0.    ]
04/09 00:20:26 - mmengine - INFO -     [  0.     480.9149 346.5506   0.    ]
04/09 00:20:26 - mmengine - INFO -     [0. 0. 1. 0.]
04/09 00:20:26 - mmengine - INFO -     [0. 0. 0. 1.]
04/09 00:20:26 - mmengine - INFO -   img_aug_matrix  shape=(1, 4, 4)
04/09 00:20:26 - mmengine - INFO -     [1. 0. 0. 0.]
04/09 00:20:26 - mmengine - INFO -     [0. 1. 0. 0.]
04/09 00:20:26 - mmengine - INFO -     [0. 0. 1. 0.]
04/09 00:20:26 - mmengine - INFO -     [0. 0. 0. 1.]
04/09 00:20:26 - mmengine - INFO -   lidar_aug_matrix  shape=(4, 4)
04/09 00:20:26 - mmengine - INFO -     [1. 0. 0. 0.]
04/09 00:20:26 - mmengine - INFO -     [0. 1. 0. 0.]
04/09 00:20:26 - mmengine - INFO -     [0. 0. 1. 0.]
04/09 00:20:26 - mmengine - INFO -     [0. 0. 0. 1.]
04/09 00:20:26 - mmengine - INFO -   img tensor shape: (1, 1, 3, 704, 1248)
04/09 00:20:26 - mmengine - INFO -   points[0] shape:  (50570, 4)
04/09 00:20:26 - mmengine - INFO -   image_size=[704, 1248]  feature_size=[88, 156]  D=178
04/09 00:20:26 - mmengine - INFO -   projected: 50570 / 50570 on image
04/09 00:20:26 - mmengine - INFO -   row min/max/mean: 226.9 / 703.6 / 382.4
04/09 00:20:26 - mmengine - INFO - ------------------------------------------------------------------------
04/09 00:20:26 - mmengine - INFO -   MULTI-HIT / OVERWRITE ANALYSIS (full-res depth map)
04/09 00:20:26 - mmengine - INFO -   total LiDAR hits on image:     50570
04/09 00:20:26 - mmengine - INFO -   unique pixels occupied:         45944
04/09 00:20:26 - mmengine - INFO -   pixels with >1 hit:             4354
04/09 00:20:26 - mmengine - INFO -   overwritten points (lost):      4626  (9.1%)
04/09 00:20:26 - mmengine - INFO -   multi-hit max/mean:             4 / 2.1
04/09 00:20:26 - mmengine - INFO -   full-res occupancy:             45944 / 878592 = 5.229%
04/09 00:20:26 - mmengine - INFO - ------------------------------------------------------------------------
04/09 00:20:26 - mmengine - INFO -   OCCUPANCY THROUGH DEPTH PIPELINE
04/09 00:20:26 - mmengine - INFO -   sparse_depth (full-res):  (1, 1, 704, 1248)
04/09 00:20:26 - mmengine - INFO -     nonzero: 156662 / 878592  (17.831%)
04/09 00:20:26 - mmengine - INFO -     active rows: 479/704  cols: 1248/1248
04/09 00:20:26 - mmengine - INFO -   dtransform output:        (1, 64, 88, 156)
04/09 00:20:26 - mmengine - INFO -     active cells (any ch>0): 13728 / 13728  (100.00%)
04/09 00:20:26 - mmengine - INFO -   img_features:             (1, 1, 256, 88, 156)
04/09 00:20:26 - mmengine - INFO -   depthnet output:          (1, 258, 88, 156)
04/09 00:20:26 - mmengine - INFO -   camera BEV:               (1, 80, 180, 180)
04/09 00:20:29 - mmengine - INFO -   Saved /home/users/u103958/projects/multimodal-MoE/outputs/runs/zod_camera_only/zod-cam-only_4461334/debug/sparse_depth_pipeline.png
04/09 00:20:31 - mmengine - INFO -   Saved /home/users/u103958/projects/multimodal-MoE/outputs/runs/zod_camera_only/zod-cam-only_4461334/debug/lidar_projection_overlay.png
04/09 00:20:31 - mmengine - INFO - ========================================================================
04/09 00:20:38 - mmengine - INFO - Epoch(val)  [5][  50/1250]    eta: 0:02:44  time: 0.1374  data_time: 0.0146  memory: 4785  
04/09 00:20:45 - mmengine - INFO - Epoch(val)  [5][ 100/1250]    eta: 0:02:36  time: 0.1342  data_time: 0.0055  memory: 4790  
04/09 00:20:51 - mmengine - INFO - Epoch(val)  [5][ 150/1250]    eta: 0:02:25  time: 0.1249  data_time: 0.0054  memory: 4794  
04/09 00:20:57 - mmengine - INFO - Epoch(val)  [5][ 200/1250]    eta: 0:02:17  time: 0.1284  data_time: 0.0056  memory: 4791  
04/09 00:21:04 - mmengine - INFO - Epoch(val)  [5][ 250/1250]    eta: 0:02:10  time: 0.1264  data_time: 0.0059  memory: 4781  
04/09 00:21:10 - mmengine - INFO - Epoch(val)  [5][ 300/1250]    eta: 0:02:03  time: 0.1270  data_time: 0.0061  memory: 4788  
04/09 00:21:17 - mmengine - INFO - Epoch(val)  [5][ 350/1250]    eta: 0:01:56  time: 0.1304  data_time: 0.0056  memory: 4791  
04/09 00:21:23 - mmengine - INFO - Epoch(val)  [5][ 400/1250]    eta: 0:01:49  time: 0.1256  data_time: 0.0059  memory: 4781  
04/09 00:21:29 - mmengine - INFO - Epoch(val)  [5][ 450/1250]    eta: 0:01:43  time: 0.1260  data_time: 0.0055  memory: 4784  
04/09 00:21:35 - mmengine - INFO - Epoch(val)  [5][ 500/1250]    eta: 0:01:36  time: 0.1260  data_time: 0.0056  memory: 4784  
04/09 00:21:42 - mmengine - INFO - Epoch(val)  [5][ 550/1250]    eta: 0:01:29  time: 0.1262  data_time: 0.0058  memory: 4784  
04/09 00:21:48 - mmengine - INFO - Epoch(val)  [5][ 600/1250]    eta: 0:01:23  time: 0.1245  data_time: 0.0055  memory: 4788  
04/09 00:21:55 - mmengine - INFO - Epoch(val)  [5][ 650/1250]    eta: 0:01:16  time: 0.1308  data_time: 0.0058  memory: 4788  
04/09 00:22:01 - mmengine - INFO - Epoch(val)  [5][ 700/1250]    eta: 0:01:10  time: 0.1252  data_time: 0.0059  memory: 4785  
04/09 00:22:07 - mmengine - INFO - Epoch(val)  [5][ 750/1250]    eta: 0:01:03  time: 0.1247  data_time: 0.0055  memory: 4787  
04/09 00:22:14 - mmengine - INFO - Epoch(val)  [5][ 800/1250]    eta: 0:00:57  time: 0.1322  data_time: 0.0061  memory: 4782  
04/09 00:22:20 - mmengine - INFO - Epoch(val)  [5][ 850/1250]    eta: 0:00:51  time: 0.1269  data_time: 0.0056  memory: 4787  
04/09 00:22:26 - mmengine - INFO - Epoch(val)  [5][ 900/1250]    eta: 0:00:44  time: 0.1266  data_time: 0.0058  memory: 4792  
04/09 00:22:33 - mmengine - INFO - Epoch(val)  [5][ 950/1250]    eta: 0:00:38  time: 0.1293  data_time: 0.0063  memory: 4788  
04/09 00:22:39 - mmengine - INFO - Epoch(val)  [5][1000/1250]    eta: 0:00:31  time: 0.1242  data_time: 0.0054  memory: 4791  
04/09 00:22:46 - mmengine - INFO - Epoch(val)  [5][1050/1250]    eta: 0:00:25  time: 0.1301  data_time: 0.0059  memory: 4791  
04/09 00:22:52 - mmengine - INFO - Epoch(val)  [5][1100/1250]    eta: 0:00:19  time: 0.1288  data_time: 0.0056  memory: 4791  
04/09 00:22:58 - mmengine - INFO - Epoch(val)  [5][1150/1250]    eta: 0:00:12  time: 0.1268  data_time: 0.0053  memory: 4786  
04/09 00:23:05 - mmengine - INFO - Epoch(val)  [5][1200/1250]    eta: 0:00:06  time: 0.1328  data_time: 0.0065  memory: 4784  
04/09 00:23:11 - mmengine - INFO - Epoch(val)  [5][1250/1250]    eta: 0:00:00  time: 0.1235  data_time: 0.0053  memory: 4788  
04/09 00:24:29 - mmengine - INFO - 
+------------+---------+---------+---------+---------+
| classes    | AP_0.25 | AR_0.25 | AP_0.50 | AR_0.50 |
+------------+---------+---------+---------+---------+
| pedestrian | 0.0279  | 0.2147  | 0.0004  | 0.0260  |
+------------+---------+---------+---------+---------+
| Overall    | 0.0279  | 0.2147  | 0.0004  | 0.0260  |
+------------+---------+---------+---------+---------+
04/09 00:24:59 - mmengine - INFO - 
+------------+---------+---------+---------+---------+---------+---------+---------+---------+
| classes    | AP_0.5m | AR_0.5m | AP_1.0m | AR_1.0m | AP_2.0m | AR_2.0m | AP_4.0m | AR_4.0m |
+------------+---------+---------+---------+---------+---------+---------+---------+---------+
| pedestrian | 0.0998  | 0.4291  | 0.1754  | 0.5782  | 0.2263  | 0.6713  | 0.2548  | 0.7338  |
+------------+---------+---------+---------+---------+---------+---------+---------+---------+
| Overall    | 0.0998  | 0.4291  | 0.1754  | 0.5782  | 0.2263  | 0.6713  | 0.2548  | 0.7338  |
+------------+---------+---------+---------+---------+---------+---------+---------+---------+
04/09 00:25:00 - mmengine - INFO - Epoch(val) [5][1250/1250]    pedestrian_AP_0.25: 0.0279  mAP_0.25: 0.0279  pedestrian_rec_0.25: 0.2147  mAR_0.25: 0.2147  pedestrian_AP_0.50: 0.0004  mAP_0.50: 0.0004  pedestrian_rec_0.50: 0.0260  mAR_0.50: 0.0260  pedestrian_AP_0.5m: 0.0998  pedestrian_rec_0.5m: 0.4291  pedestrian_AP_1.0m: 0.1754  pedestrian_rec_1.0m: 0.5782  pedestrian_AP_2.0m: 0.2263  pedestrian_rec_2.0m: 0.6713  pedestrian_AP_4.0m: 0.2548  pedestrian_rec_4.0m: 0.7338  mAP_0.5m: 0.0998  mAR_0.5m: 0.4291  mAP_1.0m: 0.1754  mAR_1.0m: 0.5782  mAP_2.0m: 0.2263  mAR_2.0m: 0.6713  mAP_4.0m: 0.2548  mAR_4.0m: 0.7338  data_time: 0.0061  time: 0.1279
04/09 00:25:25 - mmengine - INFO - Epoch(train)  [6][  50/5000]  lr: 4.8060e-04  eta: 4:34:58  time: 0.5102  data_time: 0.0260  memory: 15697  grad_norm: 8.2873  loss: 4.5958  loss_heatmap: 1.7366  layer_-1_loss_cls: 0.3534  layer_-1_loss_bbox: 1.9748  matched_ious: 0.2102  aux_depth_loss: 0.5310  sec_per_iter: 0.4663  iters_per_sec: 2.1400  samples_per_sec: 34.3200  samples_per_sec_per_gpu: 8.5800  max_mem_allocated_mb: 607.2000  max_mem_reserved_mb: 21978.0000
04/09 00:25:48 - mmengine - INFO - Epoch(train)  [6][ 100/5000]  lr: 4.8022e-04  eta: 4:34:33  time: 0.4576  data_time: 0.0139  memory: 15695  grad_norm: 9.6297  loss: 4.7250  loss_heatmap: 1.7667  layer_-1_loss_cls: 0.3389  layer_-1_loss_bbox: 2.0849  matched_ious: 0.1236  aux_depth_loss: 0.5344  sec_per_iter: 0.5114  iters_per_sec: 1.9600  samples_per_sec: 31.2900  samples_per_sec_per_gpu: 7.8200  max_mem_allocated_mb: 607.2000  max_mem_reserved_mb: 21978.0000
04/09 00:26:11 - mmengine - INFO - Epoch(train)  [6][ 150/5000]  lr: 4.7983e-04  eta: 4:34:09  time: 0.4572  data_time: 0.0110  memory: 15694  grad_norm: 10.5957  loss: 4.9590  loss_heatmap: 1.8028  layer_-1_loss_cls: 0.3240  layer_-1_loss_bbox: 2.2738  matched_ious: 0.1177  aux_depth_loss: 0.5585  sec_per_iter: 0.4841  iters_per_sec: 2.0700  samples_per_sec: 33.0500  samples_per_sec_per_gpu: 8.2600  max_mem_allocated_mb: 607.2000  max_mem_reserved_mb: 21978.0000
04/09 00:26:34 - mmengine - INFO - Epoch(train)  [6][ 200/5000]  lr: 4.7945e-04  eta: 4:33:44  time: 0.4605  data_time: 0.0112  memory: 15696  grad_norm: 9.5989  loss: 4.6720  loss_heatmap: 1.7300  layer_-1_loss_cls: 0.3300  layer_-1_loss_bbox: 2.0648  matched_ious: 0.1752  aux_depth_loss: 0.5473  sec_per_iter: 0.4751  iters_per_sec: 2.1000  samples_per_sec: 33.6700  samples_per_sec_per_gpu: 8.4200  max_mem_allocated_mb: 607.2000  max_mem_reserved_mb: 21978.0000
04/09 00:26:57 - mmengine - INFO - Epoch(train)  [6][ 250/5000]  lr: 4.7906e-04  eta: 4:33:20  time: 0.4546  data_time: 0.0110  memory: 15695  grad_norm: 8.2389  loss: 4.6668  loss_heatmap: 1.7393  layer_-1_loss_cls: 0.3418  layer_-1_loss_bbox: 2.0469  matched_ious: 0.2062  aux_depth_loss: 0.5388  sec_per_iter: 0.4715  iters_per_sec: 2.1200  samples_per_sec: 33.9300  samples_per_sec_per_gpu: 8.4800  max_mem_allocated_mb: 607.2000  max_mem_reserved_mb: 21978.0000
04/09 00:27:20 - mmengine - INFO - Epoch(train)  [6][ 300/5000]  lr: 4.7866e-04  eta: 4:32:55  time: 0.4547  data_time: 0.0124  memory: 15695  grad_norm: 7.3069  loss: 4.7810  loss_heatmap: 1.7558  layer_-1_loss_cls: 0.3322  layer_-1_loss_bbox: 2.1587  matched_ious: 0.1416  aux_depth_loss: 0.5342  sec_per_iter: 0.4682  iters_per_sec: 2.1400  samples_per_sec: 34.1800  samples_per_sec_per_gpu: 8.5400  max_mem_allocated_mb: 607.2000  max_mem_reserved_mb: 21978.0000
04/09 00:27:42 - mmengine - INFO - Epoch(train)  [6][ 350/5000]  lr: 4.7826e-04  eta: 4:32:30  time: 0.4549  data_time: 0.0114  memory: 15695  grad_norm: 9.4155  loss: 4.5983  loss_heatmap: 1.6906  layer_-1_loss_cls: 0.3295  layer_-1_loss_bbox: 2.0497  matched_ious: 0.1554  aux_depth_loss: 0.5285  sec_per_iter: 0.4659  iters_per_sec: 2.1500  samples_per_sec: 34.3400  samples_per_sec_per_gpu: 8.5800  max_mem_allocated_mb: 607.2000  max_mem_reserved_mb: 21978.0000
04/09 00:28:05 - mmengine - INFO - Epoch(train)  [6][ 400/5000]  lr: 4.7786e-04  eta: 4:32:05  time: 0.4533  data_time: 0.0111  memory: 15697  grad_norm: 7.2786  loss: 4.5081  loss_heatmap: 1.6993  layer_-1_loss_cls: 0.3449  layer_-1_loss_bbox: 1.9362  matched_ious: 0.2229  aux_depth_loss: 0.5276  sec_per_iter: 0.4643  iters_per_sec: 2.1500  samples_per_sec: 34.4600  samples_per_sec_per_gpu: 8.6100  max_mem_allocated_mb: 607.2000  max_mem_reserved_mb: 21978.0000
04/09 00:28:28 - mmengine - INFO - Epoch(train)  [6][ 450/5000]  lr: 4.7745e-04  eta: 4:31:40  time: 0.4508  data_time: 0.0113  memory: 15696  grad_norm: 8.8238  loss: 4.5407  loss_heatmap: 1.6791  layer_-1_loss_cls: 0.3476  layer_-1_loss_bbox: 1.9853  matched_ious: 0.2034  aux_depth_loss: 0.5286  sec_per_iter: 0.4630  iters_per_sec: 2.1600  samples_per_sec: 34.5600  samples_per_sec_per_gpu: 8.6400  max_mem_allocated_mb: 607.2000  max_mem_reserved_mb: 21978.0000
04/09 00:28:52 - mmengine - INFO - Epoch(train)  [6][ 500/5000]  lr: 4.7704e-04  eta: 4:31:18  time: 0.4925  data_time: 0.0117  memory: 15697  grad_norm: 10.2521  loss: 4.4020  loss_heatmap: 1.6653  layer_-1_loss_cls: 0.3406  layer_-1_loss_bbox: 1.8591  matched_ious: 0.1672  aux_depth_loss: 0.5370  sec_per_iter: 0.4616  iters_per_sec: 2.1700  samples_per_sec: 34.6600  samples_per_sec_per_gpu: 8.6700  max_mem_allocated_mb: 607.2000  max_mem_reserved_mb: 21978.0000
04/09 00:29:15 - mmengine - INFO - Epoch(train)  [6][ 550/5000]  lr: 4.7663e-04  eta: 4:30:53  time: 0.4597  data_time: 0.0123  memory: 15693  grad_norm: 8.2784  loss: 4.5412  loss_heatmap: 1.7166  layer_-1_loss_cls: 0.3489  layer_-1_loss_bbox: 1.9544  matched_ious: 0.2271  aux_depth_loss: 0.5213  sec_per_iter: 0.4648  iters_per_sec: 2.1500  samples_per_sec: 34.4200  samples_per_sec_per_gpu: 8.6100  max_mem_allocated_mb: 607.2000  max_mem_reserved_mb: 21978.0000
04/09 00:29:38 - mmengine - INFO - Epoch(train)  [6][ 600/5000]  lr: 4.7622e-04  eta: 4:30:28  time: 0.4508  data_time: 0.0125  memory: 15695  grad_norm: 8.3259  loss: 4.4830  loss_heatmap: 1.6910  layer_-1_loss_cls: 0.3480  layer_-1_loss_bbox: 1.9073  matched_ious: 0.1889  aux_depth_loss: 0.5367  sec_per_iter: 0.4643  iters_per_sec: 2.1500  samples_per_sec: 34.4600  samples_per_sec_per_gpu: 8.6200  max_mem_allocated_mb: 607.2000  max_mem_reserved_mb: 21978.0000
04/09 00:30:00 - mmengine - INFO - Epoch(train)  [6][ 650/5000]  lr: 4.7580e-04  eta: 4:30:03  time: 0.4489  data_time: 0.0120  memory: 15695  grad_norm: 8.9290  loss: 4.4337  loss_heatmap: 1.6624  layer_-1_loss_cls: 0.3389  layer_-1_loss_bbox: 1.9225  matched_ious: 0.1790  aux_depth_loss: 0.5099  sec_per_iter: 0.4631  iters_per_sec: 2.1600  samples_per_sec: 34.5500  samples_per_sec_per_gpu: 8.6400  max_mem_allocated_mb: 607.2000  max_mem_reserved_mb: 21978.0000
04/09 00:30:23 - mmengine - INFO - Epoch(train)  [6][ 700/5000]  lr: 4.7537e-04  eta: 4:29:39  time: 0.4624  data_time: 0.0119  memory: 15694  grad_norm: 10.7270  loss: 4.6258  loss_heatmap: 1.7425  layer_-1_loss_cls: 0.3454  layer_-1_loss_bbox: 2.0055  matched_ious: 0.1870  aux_depth_loss: 0.5323  sec_per_iter: 0.4620  iters_per_sec: 2.1600  samples_per_sec: 34.6300  samples_per_sec_per_gpu: 8.6600  max_mem_allocated_mb: 607.2000  max_mem_reserved_mb: 21978.0000
04/09 00:30:46 - mmengine - INFO - Epoch(train)  [6][ 750/5000]  lr: 4.7495e-04  eta: 4:29:15  time: 0.4606  data_time: 0.0121  memory: 15695  grad_norm: 8.7041  loss: 4.6187  loss_heatmap: 1.7122  layer_-1_loss_cls: 0.3424  layer_-1_loss_bbox: 2.0280  matched_ious: 0.2267  aux_depth_loss: 0.5361  sec_per_iter: 0.4621  iters_per_sec: 2.1600  samples_per_sec: 34.6300  samples_per_sec_per_gpu: 8.6600  max_mem_allocated_mb: 607.2000  max_mem_reserved_mb: 21978.0000
04/09 00:31:09 - mmengine - INFO - Epoch(train)  [6][ 800/5000]  lr: 4.7452e-04  eta: 4:28:50  time: 0.4524  data_time: 0.0122  memory: 15695  grad_norm: 7.2959  loss: 4.7070  loss_heatmap: 1.7444  layer_-1_loss_cls: 0.3455  layer_-1_loss_bbox: 2.0839  matched_ious: 0.2116  aux_depth_loss: 0.5331  sec_per_iter: 0.4620  iters_per_sec: 2.1600  samples_per_sec: 34.6300  samples_per_sec_per_gpu: 8.6600  max_mem_allocated_mb: 607.2000  max_mem_reserved_mb: 21978.0000
04/09 00:31:32 - mmengine - INFO - Epoch(train)  [6][ 850/5000]  lr: 4.7408e-04  eta: 4:28:26  time: 0.4688  data_time: 0.0126  memory: 15695  grad_norm: 6.9620  loss: 4.4225  loss_heatmap: 1.6731  layer_-1_loss_cls: 0.3503  layer_-1_loss_bbox: 1.8817  matched_ious: 0.1421  aux_depth_loss: 0.5173  sec_per_iter: 0.4614  iters_per_sec: 2.1700  samples_per_sec: 34.6800  samples_per_sec_per_gpu: 8.6700  max_mem_allocated_mb: 607.2000  max_mem_reserved_mb: 21978.0000
04/09 00:31:55 - mmengine - INFO - Epoch(train)  [6][ 900/5000]  lr: 4.7365e-04  eta: 4:28:02  time: 0.4570  data_time: 0.0123  memory: 15696  grad_norm: 7.2865  loss: 4.5781  loss_heatmap: 1.7106  layer_-1_loss_cls: 0.3478  layer_-1_loss_bbox: 2.0023  matched_ious: 0.1731  aux_depth_loss: 0.5173  sec_per_iter: 0.4618  iters_per_sec: 2.1700  samples_per_sec: 34.6500  samples_per_sec_per_gpu: 8.6600  max_mem_allocated_mb: 607.2000  max_mem_reserved_mb: 21978.0000
04/09 00:32:18 - mmengine - INFO - Epoch(train)  [6][ 950/5000]  lr: 4.7320e-04  eta: 4:27:37  time: 0.4553  data_time: 0.0121  memory: 15698  grad_norm: 9.4121  loss: 4.5690  loss_heatmap: 1.6853  layer_-1_loss_cls: 0.3403  layer_-1_loss_bbox: 2.0062  matched_ious: 0.2161  aux_depth_loss: 0.5373  sec_per_iter: 0.4616  iters_per_sec: 2.1700  samples_per_sec: 34.6700  samples_per_sec_per_gpu: 8.6700  max_mem_allocated_mb: 607.2000  max_mem_reserved_mb: 21978.0000
04/09 00:32:41 - mmengine - INFO - Exp name: zod_camera_only_20260408_204407
04/09 00:32:41 - mmengine - INFO - Epoch(train)  [6][1000/5000]  lr: 4.7276e-04  eta: 4:27:13  time: 0.4634  data_time: 0.0114  memory: 15694  grad_norm: 7.8617  loss: 4.4317  loss_heatmap: 1.6763  layer_-1_loss_cls: 0.3339  layer_-1_loss_bbox: 1.8997  matched_ious: 0.2469  aux_depth_loss: 0.5218  sec_per_iter: 0.4612  iters_per_sec: 2.1700  samples_per_sec: 34.6900  samples_per_sec_per_gpu: 8.6700  max_mem_allocated_mb: 607.2000  max_mem_reserved_mb: 21978.0000
04/09 00:33:04 - mmengine - INFO - Epoch(train)  [6][1050/5000]  lr: 4.7231e-04  eta: 4:26:48  time: 0.4508  data_time: 0.0114  memory: 15695  grad_norm: 7.9740  loss: 4.3609  loss_heatmap: 1.6274  layer_-1_loss_cls: 0.3316  layer_-1_loss_bbox: 1.8819  matched_ious: 0.2048  aux_depth_loss: 0.5200  sec_per_iter: 0.4613  iters_per_sec: 2.1700  samples_per_sec: 34.6800  samples_per_sec_per_gpu: 8.6700  max_mem_allocated_mb: 607.2000  max_mem_reserved_mb: 21978.0000
04/09 00:33:27 - mmengine - INFO - Epoch(train)  [6][1100/5000]  lr: 4.7186e-04  eta: 4:26:24  time: 0.4594  data_time: 0.0114  memory: 15694  grad_norm: 8.9758  loss: 4.4972  loss_heatmap: 1.6753  layer_-1_loss_cls: 0.3316  layer_-1_loss_bbox: 1.9673  matched_ious: 0.2072  aux_depth_loss: 0.5230  sec_per_iter: 0.4608  iters_per_sec: 2.1700  samples_per_sec: 34.7200  samples_per_sec_per_gpu: 8.6800  max_mem_allocated_mb: 607.2000  max_mem_reserved_mb: 21978.0000
04/09 00:33:49 - mmengine - INFO - Epoch(train)  [6][1150/5000]  lr: 4.7141e-04  eta: 4:25:59  time: 0.4539  data_time: 0.0119  memory: 15695  grad_norm: 7.5391  loss: 4.4426  loss_heatmap: 1.6418  layer_-1_loss_cls: 0.3348  layer_-1_loss_bbox: 1.9445  matched_ious: 0.1349  aux_depth_loss: 0.5215  sec_per_iter: 0.4608  iters_per_sec: 2.1700  samples_per_sec: 34.7200  samples_per_sec_per_gpu: 8.6800  max_mem_allocated_mb: 607.2000  max_mem_reserved_mb: 21978.0000
04/09 00:34:14 - mmengine - INFO - Epoch(train)  [6][1200/5000]  lr: 4.7095e-04  eta: 4:25:36  time: 0.4812  data_time: 0.0121  memory: 15695  grad_norm: 8.4915  loss: 4.3541  loss_heatmap: 1.6256  layer_-1_loss_cls: 0.3368  layer_-1_loss_bbox: 1.8752  matched_ious: 0.1875  aux_depth_loss: 0.5165  sec_per_iter: 0.4605  iters_per_sec: 2.1700  samples_per_sec: 34.7400  samples_per_sec_per_gpu: 8.6900  max_mem_allocated_mb: 607.2000  max_mem_reserved_mb: 21978.0000
04/09 00:34:36 - mmengine - INFO - Epoch(train)  [6][1250/5000]  lr: 4.7049e-04  eta: 4:25:11  time: 0.4513  data_time: 0.0113  memory: 15695  grad_norm: 9.0201  loss: 4.4313  loss_heatmap: 1.6735  layer_-1_loss_cls: 0.3377  layer_-1_loss_bbox: 1.8923  matched_ious: 0.1827  aux_depth_loss: 0.5279  sec_per_iter: 0.4613  iters_per_sec: 2.1700  samples_per_sec: 34.6800  samples_per_sec_per_gpu: 8.6700  max_mem_allocated_mb: 607.2000  max_mem_reserved_mb: 21978.0000
04/09 00:34:59 - mmengine - INFO - Epoch(train)  [6][1300/5000]  lr: 4.7003e-04  eta: 4:24:47  time: 0.4682  data_time: 0.0119  memory: 15694  grad_norm: 9.9908  loss: 4.4254  loss_heatmap: 1.6657  layer_-1_loss_cls: 0.3471  layer_-1_loss_bbox: 1.8720  matched_ious: 0.1900  aux_depth_loss: 0.5405  sec_per_iter: 0.4609  iters_per_sec: 2.1700  samples_per_sec: 34.7100  samples_per_sec_per_gpu: 8.6800  max_mem_allocated_mb: 607.2000  max_mem_reserved_mb: 21978.0000
04/09 00:35:23 - mmengine - INFO - Epoch(train)  [6][1350/5000]  lr: 4.6956e-04  eta: 4:24:23  time: 0.4657  data_time: 0.0117  memory: 15698  grad_norm: 8.9443  loss: 4.6676  loss_heatmap: 1.7058  layer_-1_loss_cls: 0.3299  layer_-1_loss_bbox: 2.1043  matched_ious: 0.1850  aux_depth_loss: 0.5276  sec_per_iter: 0.4612  iters_per_sec: 2.1700  samples_per_sec: 34.6900  samples_per_sec_per_gpu: 8.6700  max_mem_allocated_mb: 607.2000  max_mem_reserved_mb: 21978.0000
04/09 00:35:46 - mmengine - INFO - Epoch(train)  [6][1400/5000]  lr: 4.6909e-04  eta: 4:23:59  time: 0.4615  data_time: 0.0136  memory: 15695  grad_norm: 8.8186  loss: 4.6301  loss_heatmap: 1.7241  layer_-1_loss_cls: 0.3369  layer_-1_loss_bbox: 2.0394  matched_ious: 0.1851  aux_depth_loss: 0.5297  sec_per_iter: 0.4614  iters_per_sec: 2.1700  samples_per_sec: 34.6800  samples_per_sec_per_gpu: 8.6700  max_mem_allocated_mb: 607.2000  max_mem_reserved_mb: 21978.0000
04/09 00:36:09 - mmengine - INFO - Epoch(train)  [6][1450/5000]  lr: 4.6861e-04  eta: 4:23:36  time: 0.4712  data_time: 0.0122  memory: 15696  grad_norm: 8.4008  loss: 4.6971  loss_heatmap: 1.7543  layer_-1_loss_cls: 0.3379  layer_-1_loss_bbox: 2.0712  matched_ious: 0.2162  aux_depth_loss: 0.5337  sec_per_iter: 0.4614  iters_per_sec: 2.1700  samples_per_sec: 34.6800  samples_per_sec_per_gpu: 8.6700  max_mem_allocated_mb: 607.2000  max_mem_reserved_mb: 21978.0000
04/09 00:36:33 - mmengine - INFO - Epoch(train)  [6][1500/5000]  lr: 4.6813e-04  eta: 4:23:12  time: 0.4724  data_time: 0.0115  memory: 15697  grad_norm: 10.4581  loss: 4.9992  loss_heatmap: 1.8285  layer_-1_loss_cls: 0.3401  layer_-1_loss_bbox: 2.2869  matched_ious: 0.1966  aux_depth_loss: 0.5437  sec_per_iter: 0.4617  iters_per_sec: 2.1700  samples_per_sec: 34.6500  samples_per_sec_per_gpu: 8.6600  max_mem_allocated_mb: 607.2000  max_mem_reserved_mb: 21978.0000
04/09 00:36:56 - mmengine - INFO - Epoch(train)  [6][1550/5000]  lr: 4.6765e-04  eta: 4:22:48  time: 0.4660  data_time: 0.0116  memory: 15695  grad_norm: 8.1501  loss: 4.7707  loss_heatmap: 1.7902  layer_-1_loss_cls: 0.3384  layer_-1_loss_bbox: 2.1110  matched_ious: 0.1595  aux_depth_loss: 0.5311  sec_per_iter: 0.4621  iters_per_sec: 2.1600  samples_per_sec: 34.6300  samples_per_sec_per_gpu: 8.6600  max_mem_allocated_mb: 607.2000  max_mem_reserved_mb: 21978.0000
04/09 00:37:20 - mmengine - INFO - Epoch(train)  [6][1600/5000]  lr: 4.6717e-04  eta: 4:22:25  time: 0.4772  data_time: 0.0116  memory: 15694  grad_norm: 7.7872  loss: 4.6697  loss_heatmap: 1.7534  layer_-1_loss_cls: 0.3403  layer_-1_loss_bbox: 2.0530  matched_ious: 0.2193  aux_depth_loss: 0.5230  sec_per_iter: 0.4622  iters_per_sec: 2.1600  samples_per_sec: 34.6200  samples_per_sec_per_gpu: 8.6500  max_mem_allocated_mb: 607.2000  max_mem_reserved_mb: 21978.0000
04/09 00:37:44 - mmengine - INFO - Epoch(train)  [6][1650/5000]  lr: 4.6668e-04  eta: 4:22:01  time: 0.4723  data_time: 0.0192  memory: 15696  grad_norm: 9.2609  loss: 4.9009  loss_heatmap: 1.8116  layer_-1_loss_cls: 0.3393  layer_-1_loss_bbox: 2.1962  matched_ious: 0.2027  aux_depth_loss: 0.5538  sec_per_iter: 0.4627  iters_per_sec: 2.1600  samples_per_sec: 34.5800  samples_per_sec_per_gpu: 8.6500  max_mem_allocated_mb: 607.2000  max_mem_reserved_mb: 21978.0000
04/09 00:38:07 - mmengine - INFO - Epoch(train)  [6][1700/5000]  lr: 4.6619e-04  eta: 4:21:38  time: 0.4671  data_time: 0.0133  memory: 15697  grad_norm: 8.8379  loss: 4.5585  loss_heatmap: 1.7331  layer_-1_loss_cls: 0.3559  layer_-1_loss_bbox: 1.9224  matched_ious: 0.1745  aux_depth_loss: 0.5471  sec_per_iter: 0.4630  iters_per_sec: 2.1600  samples_per_sec: 34.5600  samples_per_sec_per_gpu: 8.6400  max_mem_allocated_mb: 607.2000  max_mem_reserved_mb: 21978.0000
04/09 00:38:32 - mmengine - INFO - Epoch(train)  [6][1750/5000]  lr: 4.6569e-04  eta: 4:21:15  time: 0.4878  data_time: 0.0122  memory: 15694  grad_norm: 8.3721  loss: 4.4534  loss_heatmap: 1.6904  layer_-1_loss_cls: 0.3519  layer_-1_loss_bbox: 1.8793  matched_ious: 0.2223  aux_depth_loss: 0.5317  sec_per_iter: 0.4631  iters_per_sec: 2.1600  samples_per_sec: 34.5500  samples_per_sec_per_gpu: 8.6400  max_mem_allocated_mb: 607.2000  max_mem_reserved_mb: 21978.0000
04/09 00:38:57 - mmengine - INFO - Epoch(train)  [6][1800/5000]  lr: 4.6520e-04  eta: 4:20:53  time: 0.5006  data_time: 0.0133  memory: 15696  grad_norm: 8.0055  loss: 4.4921  loss_heatmap: 1.6480  layer_-1_loss_cls: 0.3339  layer_-1_loss_bbox: 1.9868  matched_ious: 0.2617  aux_depth_loss: 0.5234  sec_per_iter: 0.4638  iters_per_sec: 2.1600  samples_per_sec: 34.5000  samples_per_sec_per_gpu: 8.6200  max_mem_allocated_mb: 607.2000  max_mem_reserved_mb: 21978.0000
04/09 00:39:20 - mmengine - INFO - Epoch(train)  [6][1850/5000]  lr: 4.6469e-04  eta: 4:20:30  time: 0.4771  data_time: 0.0141  memory: 15694  grad_norm: 11.1350  loss: 4.5394  loss_heatmap: 1.7133  layer_-1_loss_cls: 0.3446  layer_-1_loss_bbox: 1.9439  matched_ious: 0.1463  aux_depth_loss: 0.5375  sec_per_iter: 0.4648  iters_per_sec: 2.1500  samples_per_sec: 34.4200  samples_per_sec_per_gpu: 8.6100  max_mem_allocated_mb: 607.2000  max_mem_reserved_mb: 21978.0000
04/09 00:39:43 - mmengine - INFO - Epoch(train)  [6][1900/5000]  lr: 4.6419e-04  eta: 4:20:05  time: 0.4467  data_time: 0.0118  memory: 15696  grad_norm: 10.2759  loss: 4.5111  loss_heatmap: 1.7388  layer_-1_loss_cls: 0.3462  layer_-1_loss_bbox: 1.8990  matched_ious: 0.1841  aux_depth_loss: 0.5271  sec_per_iter: 0.4652  iters_per_sec: 2.1500  samples_per_sec: 34.4000  samples_per_sec_per_gpu: 8.6000  max_mem_allocated_mb: 607.2000  max_mem_reserved_mb: 21978.0000
04/09 00:40:05 - mmengine - INFO - Epoch(train)  [6][1950/5000]  lr: 4.6368e-04  eta: 4:19:40  time: 0.4509  data_time: 0.0123  memory: 15693  grad_norm: 8.9879  loss: 4.7931  loss_heatmap: 1.7798  layer_-1_loss_cls: 0.3273  layer_-1_loss_bbox: 2.1499  matched_ious: 0.1488  aux_depth_loss: 0.5362  sec_per_iter: 0.4647  iters_per_sec: 2.1500  samples_per_sec: 34.4300  samples_per_sec_per_gpu: 8.6100  max_mem_allocated_mb: 607.2000  max_mem_reserved_mb: 21978.0000
04/09 00:40:28 - mmengine - INFO - Exp name: zod_camera_only_20260408_204407
04/09 00:40:28 - mmengine - INFO - Epoch(train)  [6][2000/5000]  lr: 4.6317e-04  eta: 4:19:16  time: 0.4614  data_time: 0.0121  memory: 15695  grad_norm: 8.6769  loss: 5.0746  loss_heatmap: 1.8565  layer_-1_loss_cls: 0.3296  layer_-1_loss_bbox: 2.3404  matched_ious: 0.1773  aux_depth_loss: 0.5481  sec_per_iter: 0.4643  iters_per_sec: 2.1500  samples_per_sec: 34.4600  samples_per_sec_per_gpu: 8.6100  max_mem_allocated_mb: 607.2000  max_mem_reserved_mb: 21978.0000
04/09 00:40:52 - mmengine - INFO - Epoch(train)  [6][2050/5000]  lr: 4.6266e-04  eta: 4:18:53  time: 0.4775  data_time: 0.0122  memory: 15693  grad_norm: 11.7426  loss: 5.8115  loss_heatmap: 2.0363  layer_-1_loss_cls: 0.3409  layer_-1_loss_bbox: 2.8564  matched_ious: 0.0956  aux_depth_loss: 0.5779  sec_per_iter: 0.4643  iters_per_sec: 2.1500  samples_per_sec: 34.4600  samples_per_sec_per_gpu: 8.6200  max_mem_allocated_mb: 607.2000  max_mem_reserved_mb: 21978.0000
04/09 00:41:15 - mmengine - INFO - Epoch(train)  [6][2100/5000]  lr: 4.6214e-04  eta: 4:18:28  time: 0.4500  data_time: 0.0121  memory: 15694  grad_norm: nan  loss: 7.8906  loss_heatmap: 2.5637  layer_-1_loss_cls: 0.3477  layer_-1_loss_bbox: 4.2141  matched_ious: 0.0544  aux_depth_loss: 0.7651  sec_per_iter: 0.4646  iters_per_sec: 2.1500  samples_per_sec: 34.4400  samples_per_sec_per_gpu: 8.6100  max_mem_allocated_mb: 607.2000  max_mem_reserved_mb: 21978.0000
04/09 00:41:39 - mmengine - INFO - Epoch(train)  [6][2150/5000]  lr: 4.6162e-04  eta: 4:18:06  time: 0.4927  data_time: 0.0120  memory: 15695  grad_norm: 11.8033  loss: 7.2982  loss_heatmap: 2.6679  layer_-1_loss_cls: 0.4100  layer_-1_loss_bbox: 3.4291  matched_ious: 0.1112  aux_depth_loss: 0.7913  sec_per_iter: 0.4642  iters_per_sec: 2.1500  samples_per_sec: 34.4700  samples_per_sec_per_gpu: 8.6200  max_mem_allocated_mb: 607.2000  max_mem_reserved_mb: 21978.0000
04/09 00:42:04 - mmengine - INFO - Epoch(train)  [6][2200/5000]  lr: 4.6109e-04  eta: 4:17:43  time: 0.4883  data_time: 0.0125  memory: 15696  grad_norm: 4.7621  loss: 5.4492  loss_heatmap: 2.1039  layer_-1_loss_cls: 0.4050  layer_-1_loss_bbox: 2.3156  matched_ious: 0.1878  aux_depth_loss: 0.6247  sec_per_iter: 0.4649  iters_per_sec: 2.1500  samples_per_sec: 34.4200  samples_per_sec_per_gpu: 8.6000  max_mem_allocated_mb: 607.2000  max_mem_reserved_mb: 21978.0000
04/09 00:42:28 - mmengine - INFO - Epoch(train)  [6][2250/5000]  lr: 4.6057e-04  eta: 4:17:20  time: 0.4758  data_time: 0.0125  memory: 15693  grad_norm: 6.5483  loss: 5.2327  loss_heatmap: 1.9686  layer_-1_loss_cls: 0.3819  layer_-1_loss_bbox: 2.3008  matched_ious: 0.1588  aux_depth_loss: 0.5813  sec_per_iter: 0.4654  iters_per_sec: 2.1500  samples_per_sec: 34.3800  samples_per_sec_per_gpu: 8.5900  max_mem_allocated_mb: 607.2000  max_mem_reserved_mb: 21978.0000
04/09 00:42:52 - mmengine - INFO - Epoch(train)  [6][2300/5000]  lr: 4.6003e-04  eta: 4:16:57  time: 0.4869  data_time: 0.0145  memory: 15695  grad_norm: 8.3906  loss: 5.2777  loss_heatmap: 1.9510  layer_-1_loss_cls: 0.3591  layer_-1_loss_bbox: 2.3736  matched_ious: 0.1742  aux_depth_loss: 0.5941  sec_per_iter: 0.4657  iters_per_sec: 2.1500  samples_per_sec: 34.3600  samples_per_sec_per_gpu: 8.5900  max_mem_allocated_mb: 607.2000  max_mem_reserved_mb: 21978.0000
04/09 00:43:15 - mmengine - INFO - Epoch(train)  [6][2350/5000]  lr: 4.5950e-04  eta: 4:16:33  time: 0.4586  data_time: 0.0137  memory: 15694  grad_norm: 6.2477  loss: 4.7229  loss_heatmap: 1.7997  layer_-1_loss_cls: 0.3649  layer_-1_loss_bbox: 2.0059  matched_ious: 0.2078  aux_depth_loss: 0.5524  sec_per_iter: 0.4661  iters_per_sec: 2.1500  samples_per_sec: 34.3300  samples_per_sec_per_gpu: 8.5800  max_mem_allocated_mb: 607.2000  max_mem_reserved_mb: 21978.0000
04/09 00:43:39 - mmengine - INFO - Epoch(train)  [6][2400/5000]  lr: 4.5896e-04  eta: 4:16:09  time: 0.4730  data_time: 0.0140  memory: 15695  grad_norm: 8.4126  loss: 4.6686  loss_heatmap: 1.7439  layer_-1_loss_cls: 0.3399  layer_-1_loss_bbox: 2.0379  matched_ious: 0.2120  aux_depth_loss: 0.5469  sec_per_iter: 0.4660  iters_per_sec: 2.1500  samples_per_sec: 34.3400  samples_per_sec_per_gpu: 8.5800  max_mem_allocated_mb: 607.2000  max_mem_reserved_mb: 21978.0000
04/09 00:44:01 - mmengine - INFO - Epoch(train)  [6][2450/5000]  lr: 4.5842e-04  eta: 4:15:45  time: 0.4530  data_time: 0.0131  memory: 15695  grad_norm: 13.9418  loss: 5.1951  loss_heatmap: 1.9007  layer_-1_loss_cls: 0.3387  layer_-1_loss_bbox: 2.3996  matched_ious: 0.1218  aux_depth_loss: 0.5561  sec_per_iter: 0.4661  iters_per_sec: 2.1500  samples_per_sec: 34.3300  samples_per_sec_per_gpu: 8.5800  max_mem_allocated_mb: 607.2000  max_mem_reserved_mb: 21978.0000
04/09 00:44:24 - mmengine - INFO - Epoch(train)  [6][2500/5000]  lr: 4.5788e-04  eta: 4:15:20  time: 0.4613  data_time: 0.0128  memory: 15695  grad_norm: 16.5336  loss: 6.4340  loss_heatmap: 2.2579  layer_-1_loss_cls: 0.3488  layer_-1_loss_bbox: 3.1509  matched_ious: 0.1468  aux_depth_loss: 0.6764  sec_per_iter: 0.4658  iters_per_sec: 2.1500  samples_per_sec: 34.3500  samples_per_sec_per_gpu: 8.5900  max_mem_allocated_mb: 607.2000  max_mem_reserved_mb: 21978.0000
04/09 00:44:47 - mmengine - INFO - Epoch(train)  [6][2550/5000]  lr: 4.5733e-04  eta: 4:14:56  time: 0.4641  data_time: 0.0123  memory: 15695  grad_norm: 7.5243  loss: 5.3013  loss_heatmap: 1.9366  layer_-1_loss_cls: 0.3589  layer_-1_loss_bbox: 2.4191  matched_ious: 0.1249  aux_depth_loss: 0.5867  sec_per_iter: 0.4658  iters_per_sec: 2.1500  samples_per_sec: 34.3500  samples_per_sec_per_gpu: 8.5900  max_mem_allocated_mb: 607.2000  max_mem_reserved_mb: 21978.0000
04/09 00:45:10 - mmengine - INFO - Epoch(train)  [6][2600/5000]  lr: 4.5678e-04  eta: 4:14:32  time: 0.4569  data_time: 0.0136  memory: 15695  grad_norm: 6.3127  loss: 4.6149  loss_heatmap: 1.7850  layer_-1_loss_cls: 0.3784  layer_-1_loss_bbox: 1.8874  matched_ious: 0.2110  aux_depth_loss: 0.5641  sec_per_iter: 0.4657  iters_per_sec: 2.1500  samples_per_sec: 34.3500  samples_per_sec_per_gpu: 8.5900  max_mem_allocated_mb: 607.2000  max_mem_reserved_mb: 21978.0000
04/09 00:45:36 - mmengine - INFO - Epoch(train)  [6][2650/5000]  lr: 4.5623e-04  eta: 4:14:11  time: 0.5113  data_time: 0.0121  memory: 15695  grad_norm: 7.6528  loss: 4.6108  loss_heatmap: 1.7695  layer_-1_loss_cls: 0.3731  layer_-1_loss_bbox: 1.9242  matched_ious: 0.1840  aux_depth_loss: 0.5439  sec_per_iter: 0.4656  iters_per_sec: 2.1500  samples_per_sec: 34.3700  samples_per_sec_per_gpu: 8.5900  max_mem_allocated_mb: 607.2000  max_mem_reserved_mb: 21978.0000
04/09 00:45:59 - mmengine - INFO - Epoch(train)  [6][2700/5000]  lr: 4.5567e-04  eta: 4:13:47  time: 0.4711  data_time: 0.0125  memory: 15693  grad_norm: 8.0027  loss: 4.6483  loss_heatmap: 1.7410  layer_-1_loss_cls: 0.3554  layer_-1_loss_bbox: 2.0110  matched_ious: 0.1693  aux_depth_loss: 0.5409  sec_per_iter: 0.4664  iters_per_sec: 2.1400  samples_per_sec: 34.3000  samples_per_sec_per_gpu: 8.5800  max_mem_allocated_mb: 607.2000  max_mem_reserved_mb: 21978.0000
04/09 00:46:22 - mmengine - INFO - Epoch(train)  [6][2750/5000]  lr: 4.5511e-04  eta: 4:13:22  time: 0.4511  data_time: 0.0119  memory: 15695  grad_norm: 8.4745  loss: 4.5311  loss_heatmap: 1.7003  layer_-1_loss_cls: 0.3540  layer_-1_loss_bbox: 1.9378  matched_ious: 0.2217  aux_depth_loss: 0.5389  sec_per_iter: 0.4665  iters_per_sec: 2.1400  samples_per_sec: 34.3000  samples_per_sec_per_gpu: 8.5700  max_mem_allocated_mb: 607.2000  max_mem_reserved_mb: 21978.0000
04/09 00:46:45 - mmengine - INFO - Epoch(train)  [6][2800/5000]  lr: 4.5455e-04  eta: 4:12:58  time: 0.4530  data_time: 0.0117  memory: 15693  grad_norm: 10.5115  loss: 4.7703  loss_heatmap: 1.7775  layer_-1_loss_cls: 0.3540  layer_-1_loss_bbox: 2.0803  matched_ious: 0.1002  aux_depth_loss: 0.5586  sec_per_iter: 0.4662  iters_per_sec: 2.1400  samples_per_sec: 34.3200  samples_per_sec_per_gpu: 8.5800  max_mem_allocated_mb: 607.2000  max_mem_reserved_mb: 21978.0000
04/09 00:47:08 - mmengine - INFO - Epoch(train)  [6][2850/5000]  lr: 4.5398e-04  eta: 4:12:34  time: 0.4631  data_time: 0.0121  memory: 15696  grad_norm: 8.6526  loss: 4.5348  loss_heatmap: 1.7586  layer_-1_loss_cls: 0.3665  layer_-1_loss_bbox: 1.8604  matched_ious: 0.2420  aux_depth_loss: 0.5493  sec_per_iter: 0.4660  iters_per_sec: 2.1500  samples_per_sec: 34.3300  samples_per_sec_per_gpu: 8.5800  max_mem_allocated_mb: 607.2000  max_mem_reserved_mb: 21978.0000
04/09 00:47:31 - mmengine - INFO - Epoch(train)  [6][2900/5000]  lr: 4.5341e-04  eta: 4:12:10  time: 0.4697  data_time: 0.0117  memory: 15694  grad_norm: 8.2841  loss: 4.5097  loss_heatmap: 1.7339  layer_-1_loss_cls: 0.3705  layer_-1_loss_bbox: 1.8589  matched_ious: 0.2009  aux_depth_loss: 0.5463  sec_per_iter: 0.4659  iters_per_sec: 2.1500  samples_per_sec: 34.3400  samples_per_sec_per_gpu: 8.5800  max_mem_allocated_mb: 607.2000  max_mem_reserved_mb: 21978.0000
04/09 00:47:55 - mmengine - INFO - Epoch(train)  [6][2950/5000]  lr: 4.5284e-04  eta: 4:11:46  time: 0.4640  data_time: 0.0120  memory: 15696  grad_norm: 8.9807  loss: 4.5972  loss_heatmap: 1.7905  layer_-1_loss_cls: 0.3828  layer_-1_loss_bbox: 1.8726  matched_ious: 0.2891  aux_depth_loss: 0.5513  sec_per_iter: 0.4660  iters_per_sec: 2.1500  samples_per_sec: 34.3300  samples_per_sec_per_gpu: 8.5800  max_mem_allocated_mb: 607.2000  max_mem_reserved_mb: 21978.0000
04/09 00:48:17 - mmengine - INFO - Exp name: zod_camera_only_20260408_204407
04/09 00:48:17 - mmengine - INFO - Epoch(train)  [6][3000/5000]  lr: 4.5227e-04  eta: 4:11:22  time: 0.4557  data_time: 0.0123  memory: 15695  grad_norm: 10.5015  loss: 4.4587  loss_heatmap: 1.6844  layer_-1_loss_cls: 0.3638  layer_-1_loss_bbox: 1.8656  matched_ious: 0.2354  aux_depth_loss: 0.5449  sec_per_iter: 0.4660  iters_per_sec: 2.1500  samples_per_sec: 34.3400  samples_per_sec_per_gpu: 8.5800  max_mem_allocated_mb: 607.2000  max_mem_reserved_mb: 21978.0000
04/09 00:48:40 - mmengine - INFO - Epoch(train)  [6][3050/5000]  lr: 4.5169e-04  eta: 4:10:57  time: 0.4592  data_time: 0.0121  memory: 15693  grad_norm: 12.2185  loss: 4.7182  loss_heatmap: 1.7537  layer_-1_loss_cls: 0.3588  layer_-1_loss_bbox: 2.0509  matched_ious: 0.2129  aux_depth_loss: 0.5547  sec_per_iter: 0.4658  iters_per_sec: 2.1500  samples_per_sec: 34.3500  samples_per_sec_per_gpu: 8.5900  max_mem_allocated_mb: 607.2000  max_mem_reserved_mb: 21978.0000
04/09 00:49:03 - mmengine - INFO - Epoch(train)  [6][3100/5000]  lr: 4.5111e-04  eta: 4:10:33  time: 0.4602  data_time: 0.0129  memory: 15696  grad_norm: 10.5873  loss: 4.7759  loss_heatmap: 1.8027  layer_-1_loss_cls: 0.3443  layer_-1_loss_bbox: 2.0710  matched_ious: 0.1745  aux_depth_loss: 0.5579  sec_per_iter: 0.4657  iters_per_sec: 2.1500  samples_per_sec: 34.3600  samples_per_sec_per_gpu: 8.5900  max_mem_allocated_mb: 607.2000  max_mem_reserved_mb: 21978.0000
04/09 00:49:26 - mmengine - INFO - Epoch(train)  [6][3150/5000]  lr: 4.5052e-04  eta: 4:10:09  time: 0.4540  data_time: 0.0135  memory: 15699  grad_norm: 9.5575  loss: 4.4664  loss_heatmap: 1.7147  layer_-1_loss_cls: 0.3603  layer_-1_loss_bbox: 1.8478  matched_ious: 0.2702  aux_depth_loss: 0.5437  sec_per_iter: 0.4656  iters_per_sec: 2.1500  samples_per_sec: 34.3600  samples_per_sec_per_gpu: 8.5900  max_mem_allocated_mb: 607.2000  max_mem_reserved_mb: 21978.0000
04/09 00:49:50 - mmengine - INFO - Epoch(train)  [6][3200/5000]  lr: 4.4993e-04  eta: 4:09:45  time: 0.4792  data_time: 0.0205  memory: 15694  grad_norm: 11.3696  loss: 4.7129  loss_heatmap: 1.7389  layer_-1_loss_cls: 0.3408  layer_-1_loss_bbox: 2.0888  matched_ious: 0.1086  aux_depth_loss: 0.5443  sec_per_iter: 0.4655  iters_per_sec: 2.1500  samples_per_sec: 34.3700  samples_per_sec_per_gpu: 8.5900  max_mem_allocated_mb: 607.2000  max_mem_reserved_mb: 21978.0000
04/09 00:50:14 - mmengine - INFO - Epoch(train)  [6][3250/5000]  lr: 4.4934e-04  eta: 4:09:22  time: 0.4726  data_time: 0.0129  memory: 15694  grad_norm: 11.3344  loss: 4.9552  loss_heatmap: 1.8239  layer_-1_loss_cls: 0.3532  layer_-1_loss_bbox: 2.2149  matched_ious: 0.1518  aux_depth_loss: 0.5631  sec_per_iter: 0.4656  iters_per_sec: 2.1500  samples_per_sec: 34.3600  samples_per_sec_per_gpu: 8.5900  max_mem_allocated_mb: 607.2000  max_mem_reserved_mb: 21978.0000
04/09 00:50:36 - mmengine - INFO - Epoch(train)  [6][3300/5000]  lr: 4.4875e-04  eta: 4:08:58  time: 0.4551  data_time: 0.0126  memory: 15694  grad_norm: 10.2308  loss: 4.5848  loss_heatmap: 1.7180  layer_-1_loss_cls: 0.3619  layer_-1_loss_bbox: 1.9621  matched_ious: 0.1839  aux_depth_loss: 0.5428  sec_per_iter: 0.4657  iters_per_sec: 2.1500  samples_per_sec: 34.3500  samples_per_sec_per_gpu: 8.5900  max_mem_allocated_mb: 607.2000  max_mem_reserved_mb: 21978.0000
04/09 00:51:01 - mmengine - INFO - Epoch(train)  [6][3350/5000]  lr: 4.4815e-04  eta: 4:08:35  time: 0.4945  data_time: 0.0127  memory: 15695  grad_norm: 8.5174  loss: 4.5547  loss_heatmap: 1.7375  layer_-1_loss_cls: 0.3708  layer_-1_loss_bbox: 1.9138  matched_ious: 0.2035  aux_depth_loss: 0.5325  sec_per_iter: 0.4656  iters_per_sec: 2.1500  samples_per_sec: 34.3700  samples_per_sec_per_gpu: 8.5900  max_mem_allocated_mb: 607.2000  max_mem_reserved_mb: 21978.0000
04/09 00:51:24 - mmengine - INFO - Epoch(train)  [6][3400/5000]  lr: 4.4755e-04  eta: 4:08:11  time: 0.4594  data_time: 0.0131  memory: 15694  grad_norm: 7.7277  loss: 4.3111  loss_heatmap: 1.6650  layer_-1_loss_cls: 0.3601  layer_-1_loss_bbox: 1.7538  matched_ious: 0.2498  aux_depth_loss: 0.5322  sec_per_iter: 0.4660  iters_per_sec: 2.1500  samples_per_sec: 34.3300  samples_per_sec_per_gpu: 8.5800  max_mem_allocated_mb: 607.2000  max_mem_reserved_mb: 21978.0000
04/09 00:51:47 - mmengine - INFO - Epoch(train)  [6][3450/5000]  lr: 4.4695e-04  eta: 4:07:46  time: 0.4531  data_time: 0.0129  memory: 15694  grad_norm: 9.3981  loss: 4.5355  loss_heatmap: 1.7029  layer_-1_loss_cls: 0.3554  layer_-1_loss_bbox: 1.9418  matched_ious: 0.1575  aux_depth_loss: 0.5355  sec_per_iter: 0.4659  iters_per_sec: 2.1500  samples_per_sec: 34.3400  samples_per_sec_per_gpu: 8.5900  max_mem_allocated_mb: 607.2000  max_mem_reserved_mb: 21978.0000
04/09 00:52:10 - mmengine - INFO - Epoch(train)  [6][3500/5000]  lr: 4.4634e-04  eta: 4:07:23  time: 0.4700  data_time: 0.0129  memory: 15697  grad_norm: 7.8637  loss: 4.5755  loss_heatmap: 1.7164  layer_-1_loss_cls: 0.3546  layer_-1_loss_bbox: 1.9772  matched_ious: 0.2420  aux_depth_loss: 0.5273  sec_per_iter: 0.4657  iters_per_sec: 2.1500  samples_per_sec: 34.3500  samples_per_sec_per_gpu: 8.5900  max_mem_allocated_mb: 607.2000  max_mem_reserved_mb: 21978.0000
04/09 00:52:34 - mmengine - INFO - Epoch(train)  [6][3550/5000]  lr: 4.4573e-04  eta: 4:06:59  time: 0.4703  data_time: 0.0123  memory: 15694  grad_norm: 8.2402  loss: 4.4413  loss_heatmap: 1.6817  layer_-1_loss_cls: 0.3477  layer_-1_loss_bbox: 1.8760  matched_ious: 0.2405  aux_depth_loss: 0.5360  sec_per_iter: 0.4658  iters_per_sec: 2.1500  samples_per_sec: 34.3500  samples_per_sec_per_gpu: 8.5900  max_mem_allocated_mb: 607.2000  max_mem_reserved_mb: 21978.0000
04/09 00:52:58 - mmengine - INFO - Epoch(train)  [6][3600/5000]  lr: 4.4512e-04  eta: 4:06:36  time: 0.4808  data_time: 0.0123  memory: 15694  grad_norm: 9.8472  loss: 4.3921  loss_heatmap: 1.6787  layer_-1_loss_cls: 0.3553  layer_-1_loss_bbox: 1.8264  matched_ious: 0.1686  aux_depth_loss: 0.5316  sec_per_iter: 0.4659  iters_per_sec: 2.1500  samples_per_sec: 34.3500  samples_per_sec_per_gpu: 8.5900  max_mem_allocated_mb: 607.2000  max_mem_reserved_mb: 21978.0000
04/09 00:53:21 - mmengine - INFO - Epoch(train)  [6][3650/5000]  lr: 4.4451e-04  eta: 4:06:12  time: 0.4606  data_time: 0.0125  memory: 15695  grad_norm: 10.7069  loss: 4.4248  loss_heatmap: 1.6945  layer_-1_loss_cls: 0.3534  layer_-1_loss_bbox: 1.8478  matched_ious: 0.2084  aux_depth_loss: 0.5291  sec_per_iter: 0.4661  iters_per_sec: 2.1500  samples_per_sec: 34.3300  samples_per_sec_per_gpu: 8.5800  max_mem_allocated_mb: 607.2000  max_mem_reserved_mb: 21978.0000
04/09 00:53:44 - mmengine - INFO - Epoch(train)  [6][3700/5000]  lr: 4.4389e-04  eta: 4:05:48  time: 0.4697  data_time: 0.0133  memory: 15695  grad_norm: 7.6754  loss: 4.3240  loss_heatmap: 1.6290  layer_-1_loss_cls: 0.3470  layer_-1_loss_bbox: 1.8234  matched_ious: 0.2444  aux_depth_loss: 0.5247  sec_per_iter: 0.4660  iters_per_sec: 2.1500  samples_per_sec: 34.3400  samples_per_sec_per_gpu: 8.5800  max_mem_allocated_mb: 607.2000  max_mem_reserved_mb: 21978.0000
04/09 00:54:08 - mmengine - INFO - Epoch(train)  [6][3750/5000]  lr: 4.4327e-04  eta: 4:05:25  time: 0.4654  data_time: 0.0123  memory: 15696  grad_norm: 7.2849  loss: 4.3176  loss_heatmap: 1.6727  layer_-1_loss_cls: 0.3567  layer_-1_loss_bbox: 1.7662  matched_ious: 0.2384  aux_depth_loss: 0.5219  sec_per_iter: 0.4660  iters_per_sec: 2.1500  samples_per_sec: 34.3300  samples_per_sec_per_gpu: 8.5800  max_mem_allocated_mb: 607.2000  max_mem_reserved_mb: 21978.0000
04/09 00:54:30 - mmengine - INFO - Epoch(train)  [6][3800/5000]  lr: 4.4264e-04  eta: 4:05:00  time: 0.4551  data_time: 0.0127  memory: 15695  grad_norm: 10.2995  loss: 4.2106  loss_heatmap: 1.6099  layer_-1_loss_cls: 0.3472  layer_-1_loss_bbox: 1.7221  matched_ious: 0.2300  aux_depth_loss: 0.5313  sec_per_iter: 0.4660  iters_per_sec: 2.1500  samples_per_sec: 34.3300  samples_per_sec_per_gpu: 8.5800  max_mem_allocated_mb: 607.2000  max_mem_reserved_mb: 21978.0000
04/09 00:54:54 - mmengine - INFO - Epoch(train)  [6][3850/5000]  lr: 4.4201e-04  eta: 4:04:36  time: 0.4695  data_time: 0.0131  memory: 15693  grad_norm: 9.0601  loss: 4.4097  loss_heatmap: 1.6963  layer_-1_loss_cls: 0.3601  layer_-1_loss_bbox: 1.8295  matched_ious: 0.1640  aux_depth_loss: 0.5238  sec_per_iter: 0.4659  iters_per_sec: 2.1500  samples_per_sec: 34.3400  samples_per_sec_per_gpu: 8.5900  max_mem_allocated_mb: 607.2000  max_mem_reserved_mb: 21978.0000
04/09 00:55:17 - mmengine - INFO - Epoch(train)  [6][3900/5000]  lr: 4.4138e-04  eta: 4:04:12  time: 0.4610  data_time: 0.0127  memory: 15698  grad_norm: 9.9869  loss: 4.2898  loss_heatmap: 1.6314  layer_-1_loss_cls: 0.3466  layer_-1_loss_bbox: 1.7938  matched_ious: 0.1799  aux_depth_loss: 0.5180  sec_per_iter: 0.4659  iters_per_sec: 2.1500  samples_per_sec: 34.3400  samples_per_sec_per_gpu: 8.5800  max_mem_allocated_mb: 607.2000  max_mem_reserved_mb: 21978.0000
04/09 00:55:40 - mmengine - INFO - Epoch(train)  [6][3950/5000]  lr: 4.4075e-04  eta: 4:03:48  time: 0.4556  data_time: 0.0124  memory: 15693  grad_norm: 9.6649  loss: 4.4349  loss_heatmap: 1.6819  layer_-1_loss_cls: 0.3543  layer_-1_loss_bbox: 1.8769  matched_ious: 0.2308  aux_depth_loss: 0.5219  sec_per_iter: 0.4659  iters_per_sec: 2.1500  samples_per_sec: 34.3400  samples_per_sec_per_gpu: 8.5900  max_mem_allocated_mb: 607.2000  max_mem_reserved_mb: 21978.0000
04/09 00:56:03 - mmengine - INFO - Exp name: zod_camera_only_20260408_204407
04/09 00:56:03 - mmengine - INFO - Epoch(train)  [6][4000/5000]  lr: 4.4011e-04  eta: 4:03:24  time: 0.4686  data_time: 0.0127  memory: 15696  grad_norm: 8.6453  loss: 4.3646  loss_heatmap: 1.6724  layer_-1_loss_cls: 0.3527  layer_-1_loss_bbox: 1.8117  matched_ious: 0.2524  aux_depth_loss: 0.5279  sec_per_iter: 0.4658  iters_per_sec: 2.1500  samples_per_sec: 34.3500  samples_per_sec_per_gpu: 8.5900  max_mem_allocated_mb: 607.2000  max_mem_reserved_mb: 21978.0000
04/09 00:56:26 - mmengine - INFO - Epoch(train)  [6][4050/5000]  lr: 4.3948e-04  eta: 4:03:00  time: 0.4637  data_time: 0.0129  memory: 15695  grad_norm: 10.4226  loss: 4.4875  loss_heatmap: 1.6993  layer_-1_loss_cls: 0.3428  layer_-1_loss_bbox: 1.9184  matched_ious: 0.1400  aux_depth_loss: 0.5270  sec_per_iter: 0.4658  iters_per_sec: 2.1500  samples_per_sec: 34.3500  samples_per_sec_per_gpu: 8.5900  max_mem_allocated_mb: 607.2000  max_mem_reserved_mb: 21978.0000
04/09 00:56:49 - mmengine - INFO - Epoch(train)  [6][4100/5000]  lr: 4.3883e-04  eta: 4:02:36  time: 0.4560  data_time: 0.0125  memory: 15693  grad_norm: 8.1493  loss: 4.3454  loss_heatmap: 1.6296  layer_-1_loss_cls: 0.3372  layer_-1_loss_bbox: 1.8626  matched_ious: 0.2203  aux_depth_loss: 0.5160  sec_per_iter: 0.4658  iters_per_sec: 2.1500  samples_per_sec: 34.3500  samples_per_sec_per_gpu: 8.5900  max_mem_allocated_mb: 607.2000  max_mem_reserved_mb: 21978.0000
04/09 00:57:12 - mmengine - INFO - Epoch(train)  [6][4150/5000]  lr: 4.3819e-04  eta: 4:02:12  time: 0.4548  data_time: 0.0127  memory: 15696  grad_norm: 8.5589  loss: 4.3521  loss_heatmap: 1.6776  layer_-1_loss_cls: 0.3526  layer_-1_loss_bbox: 1.8043  matched_ious: 0.2791  aux_depth_loss: 0.5176  sec_per_iter: 0.4656  iters_per_sec: 2.1500  samples_per_sec: 34.3600  samples_per_sec_per_gpu: 8.5900  max_mem_allocated_mb: 607.2000  max_mem_reserved_mb: 21978.0000
04/09 00:57:35 - mmengine - INFO - Epoch(train)  [6][4200/5000]  lr: 4.3754e-04  eta: 4:01:47  time: 0.4585  data_time: 0.0128  memory: 15694  grad_norm: 7.9006  loss: 4.3216  loss_heatmap: 1.6252  layer_-1_loss_cls: 0.3472  layer_-1_loss_bbox: 1.8225  matched_ious: 0.2013  aux_depth_loss: 0.5266  sec_per_iter: 0.4655  iters_per_sec: 2.1500  samples_per_sec: 34.3700  samples_per_sec_per_gpu: 8.5900  max_mem_allocated_mb: 607.2000  max_mem_reserved_mb: 21978.0000
04/09 00:57:57 - mmengine - INFO - Epoch(train)  [6][4250/5000]  lr: 4.3689e-04  eta: 4:01:23  time: 0.4537  data_time: 0.0129  memory: 15695  grad_norm: 8.1760  loss: 4.3319  loss_heatmap: 1.6633  layer_-1_loss_cls: 0.3501  layer_-1_loss_bbox: 1.8011  matched_ious: 0.1691  aux_depth_loss: 0.5174  sec_per_iter: 0.4654  iters_per_sec: 2.1500  samples_per_sec: 34.3800  samples_per_sec_per_gpu: 8.5900  max_mem_allocated_mb: 607.2000  max_mem_reserved_mb: 21978.0000
04/09 00:58:20 - mmengine - INFO - Epoch(train)  [6][4300/5000]  lr: 4.3624e-04  eta: 4:00:59  time: 0.4584  data_time: 0.0128  memory: 15694  grad_norm: 10.5480  loss: 4.4021  loss_heatmap: 1.6897  layer_-1_loss_cls: 0.3419  layer_-1_loss_bbox: 1.8455  matched_ious: 0.1982  aux_depth_loss: 0.5249  sec_per_iter: 0.4653  iters_per_sec: 2.1500  samples_per_sec: 34.3900  samples_per_sec_per_gpu: 8.6000  max_mem_allocated_mb: 607.2000  max_mem_reserved_mb: 21978.0000
04/09 00:58:43 - mmengine - INFO - Epoch(train)  [6][4350/5000]  lr: 4.3558e-04  eta: 4:00:35  time: 0.4618  data_time: 0.0127  memory: 15694  grad_norm: 9.6347  loss: 4.4735  loss_heatmap: 1.7090  layer_-1_loss_cls: 0.3349  layer_-1_loss_bbox: 1.8986  matched_ious: 0.2312  aux_depth_loss: 0.5309  sec_per_iter: 0.4652  iters_per_sec: 2.1500  samples_per_sec: 34.3900  samples_per_sec_per_gpu: 8.6000  max_mem_allocated_mb: 607.2000  max_mem_reserved_mb: 21978.0000
04/09 00:59:07 - mmengine - INFO - Epoch(train)  [6][4400/5000]  lr: 4.3492e-04  eta: 4:00:11  time: 0.4621  data_time: 0.0123  memory: 15694  grad_norm: 11.0002  loss: 4.4756  loss_heatmap: 1.6922  layer_-1_loss_cls: 0.3347  layer_-1_loss_bbox: 1.9133  matched_ious: 0.1750  aux_depth_loss: 0.5354  sec_per_iter: 0.4652  iters_per_sec: 2.1500  samples_per_sec: 34.4000  samples_per_sec_per_gpu: 8.6000  max_mem_allocated_mb: 607.2000  max_mem_reserved_mb: 21978.0000
04/09 00:59:31 - mmengine - INFO - Epoch(train)  [6][4450/5000]  lr: 4.3426e-04  eta: 3:59:48  time: 0.4813  data_time: 0.0137  memory: 15696  grad_norm: 10.5259  loss: 4.9364  loss_heatmap: 1.8174  layer_-1_loss_cls: 0.3363  layer_-1_loss_bbox: 2.2177  matched_ious: 0.1772  aux_depth_loss: 0.5650  sec_per_iter: 0.4651  iters_per_sec: 2.1500  samples_per_sec: 34.4000  samples_per_sec_per_gpu: 8.6000  max_mem_allocated_mb: 607.2000  max_mem_reserved_mb: 21978.0000
04/09 00:59:53 - mmengine - INFO - Epoch(train)  [6][4500/5000]  lr: 4.3359e-04  eta: 3:59:23  time: 0.4566  data_time: 0.0117  memory: 15695  grad_norm: 7.7155  loss: 4.4732  loss_heatmap: 1.6900  layer_-1_loss_cls: 0.3354  layer_-1_loss_bbox: 1.9200  matched_ious: 0.1697  aux_depth_loss: 0.5277  sec_per_iter: 0.4653  iters_per_sec: 2.1500  samples_per_sec: 34.3800  samples_per_sec_per_gpu: 8.6000  max_mem_allocated_mb: 607.2000  max_mem_reserved_mb: 21978.0000
04/09 01:00:19 - mmengine - INFO - Epoch(train)  [6][4550/5000]  lr: 4.3293e-04  eta: 3:59:02  time: 0.5075  data_time: 0.0117  memory: 15696  grad_norm: 9.1290  loss: 4.4794  loss_heatmap: 1.6755  layer_-1_loss_cls: 0.3333  layer_-1_loss_bbox: 1.9421  matched_ious: 0.1822  aux_depth_loss: 0.5285  sec_per_iter: 0.4652  iters_per_sec: 2.1500  samples_per_sec: 34.3900  samples_per_sec_per_gpu: 8.6000  max_mem_allocated_mb: 607.2000  max_mem_reserved_mb: 21978.0000
04/09 01:00:42 - mmengine - INFO - Epoch(train)  [6][4600/5000]  lr: 4.3226e-04  eta: 3:58:37  time: 0.4590  data_time: 0.0125  memory: 15696  grad_norm: 9.7682  loss: 4.3780  loss_heatmap: 1.6769  layer_-1_loss_cls: 0.3478  layer_-1_loss_bbox: 1.8204  matched_ious: 0.2114  aux_depth_loss: 0.5329  sec_per_iter: 0.4657  iters_per_sec: 2.1500  samples_per_sec: 34.3600  samples_per_sec_per_gpu: 8.5900  max_mem_allocated_mb: 607.2000  max_mem_reserved_mb: 21978.0000
04/09 01:01:05 - mmengine - INFO - Epoch(train)  [6][4650/5000]  lr: 4.3158e-04  eta: 3:58:13  time: 0.4570  data_time: 0.0116  memory: 15696  grad_norm: 9.5698  loss: 4.4083  loss_heatmap: 1.6677  layer_-1_loss_cls: 0.3326  layer_-1_loss_bbox: 1.8770  matched_ious: 0.1772  aux_depth_loss: 0.5309  sec_per_iter: 0.4656  iters_per_sec: 2.1500  samples_per_sec: 34.3600  samples_per_sec_per_gpu: 8.5900  max_mem_allocated_mb: 607.2000  max_mem_reserved_mb: 21978.0000
04/09 01:01:28 - mmengine - INFO - Epoch(train)  [6][4700/5000]  lr: 4.3091e-04  eta: 3:57:49  time: 0.4602  data_time: 0.0116  memory: 15694  grad_norm: 11.7734  loss: 4.6984  loss_heatmap: 1.7083  layer_-1_loss_cls: 0.3229  layer_-1_loss_bbox: 2.1289  matched_ious: 0.1756  aux_depth_loss: 0.5382  sec_per_iter: 0.4655  iters_per_sec: 2.1500  samples_per_sec: 34.3700  samples_per_sec_per_gpu: 8.5900  max_mem_allocated_mb: 607.2000  max_mem_reserved_mb: 21978.0000
04/09 01:01:51 - mmengine - INFO - Epoch(train)  [6][4750/5000]  lr: 4.3023e-04  eta: 3:57:25  time: 0.4579  data_time: 0.0115  memory: 15697  grad_norm: 8.3476  loss: 4.5702  loss_heatmap: 1.7234  layer_-1_loss_cls: 0.3371  layer_-1_loss_bbox: 1.9742  matched_ious: 0.2167  aux_depth_loss: 0.5355  sec_per_iter: 0.4655  iters_per_sec: 2.1500  samples_per_sec: 34.3700  samples_per_sec_per_gpu: 8.5900  max_mem_allocated_mb: 607.2000  max_mem_reserved_mb: 21978.0000
04/09 01:02:14 - mmengine - INFO - Epoch(train)  [6][4800/5000]  lr: 4.2955e-04  eta: 3:57:01  time: 0.4610  data_time: 0.0116  memory: 15694  grad_norm: 10.8520  loss: 4.5069  loss_heatmap: 1.7000  layer_-1_loss_cls: 0.3374  layer_-1_loss_bbox: 1.9210  matched_ious: 0.1434  aux_depth_loss: 0.5485  sec_per_iter: 0.4654  iters_per_sec: 2.1500  samples_per_sec: 34.3800  samples_per_sec_per_gpu: 8.5900  max_mem_allocated_mb: 607.2000  max_mem_reserved_mb: 21978.0000
04/09 01:02:36 - mmengine - INFO - Epoch(train)  [6][4850/5000]  lr: 4.2886e-04  eta: 3:56:37  time: 0.4588  data_time: 0.0117  memory: 15695  grad_norm: 11.8375  loss: 4.6571  loss_heatmap: 1.7478  layer_-1_loss_cls: 0.3536  layer_-1_loss_bbox: 2.0164  matched_ious: 0.2267  aux_depth_loss: 0.5394  sec_per_iter: 0.4653  iters_per_sec: 2.1500  samples_per_sec: 34.3800  samples_per_sec_per_gpu: 8.6000  max_mem_allocated_mb: 607.2000  max_mem_reserved_mb: 21978.0000
04/09 01:03:00 - mmengine - INFO - Epoch(train)  [6][4900/5000]  lr: 4.2817e-04  eta: 3:56:13  time: 0.4666  data_time: 0.0117  memory: 15695  grad_norm: 9.1244  loss: 4.5132  loss_heatmap: 1.6742  layer_-1_loss_cls: 0.3390  layer_-1_loss_bbox: 1.9689  matched_ious: 0.2419  aux_depth_loss: 0.5312  sec_per_iter: 0.4653  iters_per_sec: 2.1500  samples_per_sec: 34.3900  samples_per_sec_per_gpu: 8.6000  max_mem_allocated_mb: 607.2000  max_mem_reserved_mb: 21978.0000
04/09 01:03:23 - mmengine - INFO - Epoch(train)  [6][4950/5000]  lr: 4.2748e-04  eta: 3:55:49  time: 0.4579  data_time: 0.0118  memory: 15695  grad_norm: 8.0178  loss: 4.3150  loss_heatmap: 1.6740  layer_-1_loss_cls: 0.3558  layer_-1_loss_bbox: 1.7613  matched_ious: 0.2103  aux_depth_loss: 0.5239  sec_per_iter: 0.4653  iters_per_sec: 2.1500  samples_per_sec: 34.3900  samples_per_sec_per_gpu: 8.6000  max_mem_allocated_mb: 607.2000  max_mem_reserved_mb: 21978.0000
04/09 01:03:46 - mmengine - INFO - Exp name: zod_camera_only_20260408_204407
04/09 01:03:46 - mmengine - INFO - Epoch(train)  [6][5000/5000]  lr: 4.2679e-04  eta: 3:55:25  time: 0.4581  data_time: 0.0119  memory: 15695  grad_norm: 9.7073  loss: 4.3357  loss_heatmap: 1.6727  layer_-1_loss_cls: 0.3574  layer_-1_loss_bbox: 1.7721  matched_ious: 0.2198  aux_depth_loss: 0.5336  sec_per_iter: 0.4652  iters_per_sec: 2.1500  samples_per_sec: 34.3900  samples_per_sec_per_gpu: 8.6000  max_mem_allocated_mb: 607.2000  max_mem_reserved_mb: 21978.0000
04/09 01:03:46 - mmengine - INFO - [Efficiency] Epoch 6: wall=2325.8s  iters=5000  sec/iter=0.465  mem_alloc=607MB  mem_rsv=21978MB
04/09 01:03:46 - mmengine - INFO - Saving checkpoint at 6 epochs
04/09 01:03:55 - mmengine - INFO - Epoch(val)  [6][  50/1250]    eta: 0:02:35  time: 0.1294  data_time: 0.0093  memory: 4720  
04/09 01:04:02 - mmengine - INFO - Epoch(val)  [6][ 100/1250]    eta: 0:02:26  time: 0.1254  data_time: 0.0062  memory: 4725  
04/09 01:04:08 - mmengine - INFO - Epoch(val)  [6][ 150/1250]    eta: 0:02:22  time: 0.1352  data_time: 0.0058  memory: 4729  
04/09 01:04:15 - mmengine - INFO - Epoch(val)  [6][ 200/1250]    eta: 0:02:15  time: 0.1265  data_time: 0.0061  memory: 4726  
04/09 01:04:21 - mmengine - INFO - Epoch(val)  [6][ 250/1250]    eta: 0:02:08  time: 0.1258  data_time: 0.0058  memory: 4716  
04/09 01:04:28 - mmengine - INFO - Epoch(val)  [6][ 300/1250]    eta: 0:02:02  time: 0.1300  data_time: 0.0058  memory: 4723  
04/09 01:04:34 - mmengine - INFO - Epoch(val)  [6][ 350/1250]    eta: 0:01:55  time: 0.1254  data_time: 0.0057  memory: 4726  
04/09 01:04:40 - mmengine - INFO - Epoch(val)  [6][ 400/1250]    eta: 0:01:48  time: 0.1234  data_time: 0.0057  memory: 4716  
04/09 01:04:46 - mmengine - INFO - Epoch(val)  [6][ 450/1250]    eta: 0:01:42  time: 0.1275  data_time: 0.0065  memory: 4719  
04/09 01:04:53 - mmengine - INFO - Epoch(val)  [6][ 500/1250]    eta: 0:01:35  time: 0.1261  data_time: 0.0057  memory: 4719  
04/09 01:04:59 - mmengine - INFO - Epoch(val)  [6][ 550/1250]    eta: 0:01:29  time: 0.1351  data_time: 0.0058  memory: 4719  
04/09 01:05:07 - mmengine - INFO - Epoch(val)  [6][ 600/1250]    eta: 0:01:24  time: 0.1585  data_time: 0.0056  memory: 4723  
04/09 01:05:14 - mmengine - INFO - Epoch(val)  [6][ 650/1250]    eta: 0:01:18  time: 0.1249  data_time: 0.0059  memory: 4723  
04/09 01:05:20 - mmengine - INFO - Epoch(val)  [6][ 700/1250]    eta: 0:01:11  time: 0.1270  data_time: 0.0057  memory: 4720  
04/09 01:05:26 - mmengine - INFO - Epoch(val)  [6][ 750/1250]    eta: 0:01:04  time: 0.1254  data_time: 0.0054  memory: 4722  
04/09 01:05:33 - mmengine - INFO - Epoch(val)  [6][ 800/1250]    eta: 0:00:58  time: 0.1291  data_time: 0.0062  memory: 4717  
04/09 01:05:39 - mmengine - INFO - Epoch(val)  [6][ 850/1250]    eta: 0:00:51  time: 0.1238  data_time: 0.0057  memory: 4722  
04/09 01:05:45 - mmengine - INFO - Epoch(val)  [6][ 900/1250]    eta: 0:00:45  time: 0.1259  data_time: 0.0058  memory: 4726  
04/09 01:05:51 - mmengine - INFO - Epoch(val)  [6][ 950/1250]    eta: 0:00:38  time: 0.1246  data_time: 0.0063  memory: 4723  
04/09 01:05:58 - mmengine - INFO - Epoch(val)  [6][1000/1250]    eta: 0:00:32  time: 0.1251  data_time: 0.0057  memory: 4726  
04/09 01:06:05 - mmengine - INFO - Epoch(val)  [6][1050/1250]    eta: 0:00:25  time: 0.1375  data_time: 0.0056  memory: 4726  
04/09 01:06:11 - mmengine - INFO - Epoch(val)  [6][1100/1250]    eta: 0:00:19  time: 0.1242  data_time: 0.0055  memory: 4726  
04/09 01:06:18 - mmengine - INFO - Epoch(val)  [6][1150/1250]    eta: 0:00:12  time: 0.1356  data_time: 0.0064  memory: 4721  
04/09 01:06:24 - mmengine - INFO - Epoch(val)  [6][1200/1250]    eta: 0:00:06  time: 0.1284  data_time: 0.0059  memory: 4719  
04/09 01:06:30 - mmengine - INFO - Epoch(val)  [6][1250/1250]    eta: 0:00:00  time: 0.1246  data_time: 0.0064  memory: 4723  
04/09 01:07:45 - mmengine - INFO - 
+------------+---------+---------+---------+---------+
| classes    | AP_0.25 | AR_0.25 | AP_0.50 | AR_0.50 |
+------------+---------+---------+---------+---------+
| pedestrian | 0.0006  | 0.0454  | 0.0000  | 0.0030  |
+------------+---------+---------+---------+---------+
| Overall    | 0.0006  | 0.0454  | 0.0000  | 0.0030  |
+------------+---------+---------+---------+---------+
04/09 01:08:14 - mmengine - INFO - 
+------------+---------+---------+---------+---------+---------+---------+---------+---------+
| classes    | AP_0.5m | AR_0.5m | AP_1.0m | AR_1.0m | AP_2.0m | AR_2.0m | AP_4.0m | AR_4.0m |
+------------+---------+---------+---------+---------+---------+---------+---------+---------+
| pedestrian | 0.0944  | 0.5178  | 0.1786  | 0.6211  | 0.2244  | 0.6814  | 0.2456  | 0.7314  |
+------------+---------+---------+---------+---------+---------+---------+---------+---------+
| Overall    | 0.0944  | 0.5178  | 0.1786  | 0.6211  | 0.2244  | 0.6814  | 0.2456  | 0.7314  |
+------------+---------+---------+---------+---------+---------+---------+---------+---------+
04/09 01:08:15 - mmengine - INFO - Epoch(val) [6][1250/1250]    pedestrian_AP_0.25: 0.0006  mAP_0.25: 0.0006  pedestrian_rec_0.25: 0.0454  mAR_0.25: 0.0454  pedestrian_AP_0.50: 0.0000  mAP_0.50: 0.0000  pedestrian_rec_0.50: 0.0030  mAR_0.50: 0.0030  pedestrian_AP_0.5m: 0.0944  pedestrian_rec_0.5m: 0.5178  pedestrian_AP_1.0m: 0.1786  pedestrian_rec_1.0m: 0.6211  pedestrian_AP_2.0m: 0.2244  pedestrian_rec_2.0m: 0.6814  pedestrian_AP_4.0m: 0.2456  pedestrian_rec_4.0m: 0.7314  mAP_0.5m: 0.0944  mAR_0.5m: 0.5178  mAP_1.0m: 0.1786  mAR_1.0m: 0.6211  mAP_2.0m: 0.2244  mAR_2.0m: 0.6814  mAP_4.0m: 0.2456  mAR_4.0m: 0.7314  data_time: 0.0060  time: 0.1290
04/09 01:08:41 - mmengine - INFO - Epoch(train)  [7][  50/5000]  lr: 4.2610e-04  eta: 3:55:02  time: 0.5005  data_time: 0.0247  memory: 15694  grad_norm: 9.8454  loss: 4.4735  loss_heatmap: 1.6619  layer_-1_loss_cls: 0.3474  layer_-1_loss_bbox: 1.9405  matched_ious: 0.1944  aux_depth_loss: 0.5237  sec_per_iter: 0.4652  iters_per_sec: 2.1500  samples_per_sec: 34.4000  samples_per_sec_per_gpu: 8.6000  max_mem_allocated_mb: 607.2000  max_mem_reserved_mb: 21978.0000
04/09 01:09:04 - mmengine - INFO - Epoch(train)  [7][ 100/5000]  lr: 4.2540e-04  eta: 3:54:39  time: 0.4632  data_time: 0.0118  memory: 15695  grad_norm: 10.3060  loss: 4.3774  loss_heatmap: 1.6704  layer_-1_loss_cls: 0.3411  layer_-1_loss_bbox: 1.8383  matched_ious: 0.2047  aux_depth_loss: 0.5277  sec_per_iter: 0.5010  iters_per_sec: 2.0000  samples_per_sec: 31.9400  samples_per_sec_per_gpu: 7.9800  max_mem_allocated_mb: 607.2000  max_mem_reserved_mb: 21978.0000
04/09 01:09:26 - mmengine - INFO - Epoch(train)  [7][ 150/5000]  lr: 4.2470e-04  eta: 3:54:14  time: 0.4533  data_time: 0.0109  memory: 15696  grad_norm: 11.2565  loss: 4.5203  loss_heatmap: 1.7343  layer_-1_loss_cls: 0.3535  layer_-1_loss_bbox: 1.8886  matched_ious: 0.2263  aux_depth_loss: 0.5439  sec_per_iter: 0.4820  iters_per_sec: 2.0700  samples_per_sec: 33.2000  samples_per_sec_per_gpu: 8.3000  max_mem_allocated_mb: 607.2000  max_mem_reserved_mb: 21978.0000
04/09 01:09:50 - mmengine - INFO - Epoch(train)  [7][ 200/5000]  lr: 4.2399e-04  eta: 3:53:50  time: 0.4642  data_time: 0.0134  memory: 15693  grad_norm: 10.0476  loss: 4.4009  loss_heatmap: 1.6769  layer_-1_loss_cls: 0.3339  layer_-1_loss_bbox: 1.8620  matched_ious: 0.1655  aux_depth_loss: 0.5281  sec_per_iter: 0.4725  iters_per_sec: 2.1200  samples_per_sec: 33.8600  samples_per_sec_per_gpu: 8.4700  max_mem_allocated_mb: 607.2000  max_mem_reserved_mb: 21978.0000
04/09 01:10:13 - mmengine - INFO - Epoch(train)  [7][ 250/5000]  lr: 4.2329e-04  eta: 3:53:26  time: 0.4589  data_time: 0.0122  memory: 15696  grad_norm: 11.6933  loss: 4.5521  loss_heatmap: 1.6703  layer_-1_loss_cls: 0.3128  layer_-1_loss_bbox: 2.0414  matched_ious: 0.1942  aux_depth_loss: 0.5277  sec_per_iter: 0.4704  iters_per_sec: 2.1300  samples_per_sec: 34.0100  samples_per_sec_per_gpu: 8.5000  max_mem_allocated_mb: 607.2000  max_mem_reserved_mb: 21978.0000
04/09 01:10:36 - mmengine - INFO - Epoch(train)  [7][ 300/5000]  lr: 4.2258e-04  eta: 3:53:02  time: 0.4611  data_time: 0.0114  memory: 15696  grad_norm: 11.4389  loss: 4.6828  loss_heatmap: 1.7266  layer_-1_loss_cls: 0.3286  layer_-1_loss_bbox: 2.0827  matched_ious: 0.2378  aux_depth_loss: 0.5449  sec_per_iter: 0.4681  iters_per_sec: 2.1400  samples_per_sec: 34.1800  samples_per_sec_per_gpu: 8.5400  max_mem_allocated_mb: 607.2000  max_mem_reserved_mb: 21978.0000
04/09 01:10:59 - mmengine - INFO - Epoch(train)  [7][ 350/5000]  lr: 4.2187e-04  eta: 3:52:38  time: 0.4676  data_time: 0.0118  memory: 15694  grad_norm: 8.8447  loss: 4.5323  loss_heatmap: 1.7195  layer_-1_loss_cls: 0.3368  layer_-1_loss_bbox: 1.9383  matched_ious: 0.1984  aux_depth_loss: 0.5378  sec_per_iter: 0.4669  iters_per_sec: 2.1400  samples_per_sec: 34.2700  samples_per_sec_per_gpu: 8.5700  max_mem_allocated_mb: 607.2000  max_mem_reserved_mb: 21978.0000
04/09 01:11:21 - mmengine - INFO - Epoch(train)  [7][ 400/5000]  lr: 4.2115e-04  eta: 3:52:14  time: 0.4478  data_time: 0.0125  memory: 15694  grad_norm: 10.3457  loss: 4.4528  loss_heatmap: 1.6930  layer_-1_loss_cls: 0.3534  layer_-1_loss_bbox: 1.8781  matched_ious: 0.1866  aux_depth_loss: 0.5282  sec_per_iter: 0.4671  iters_per_sec: 2.1400  samples_per_sec: 34.2500  samples_per_sec_per_gpu: 8.5600  max_mem_allocated_mb: 607.2000  max_mem_reserved_mb: 21978.0000
04/09 01:11:45 - mmengine - INFO - Epoch(train)  [7][ 450/5000]  lr: 4.2043e-04  eta: 3:51:50  time: 0.4625  data_time: 0.0116  memory: 15698  grad_norm: 12.1135  loss: 4.8186  loss_heatmap: 1.7523  layer_-1_loss_cls: 0.3271  layer_-1_loss_bbox: 2.1874  matched_ious: 0.1451  aux_depth_loss: 0.5517  sec_per_iter: 0.4647  iters_per_sec: 2.1500  samples_per_sec: 34.4300  samples_per_sec_per_gpu: 8.6100  max_mem_allocated_mb: 607.2000  max_mem_reserved_mb: 21978.0000
04/09 01:12:07 - mmengine - INFO - Epoch(train)  [7][ 500/5000]  lr: 4.1972e-04  eta: 3:51:26  time: 0.4578  data_time: 0.0117  memory: 15693  grad_norm: 8.9385  loss: 4.6209  loss_heatmap: 1.7270  layer_-1_loss_cls: 0.3400  layer_-1_loss_bbox: 2.0179  matched_ious: 0.2752  aux_depth_loss: 0.5361  sec_per_iter: 0.4644  iters_per_sec: 2.1500  samples_per_sec: 34.4500  samples_per_sec_per_gpu: 8.6100  max_mem_allocated_mb: 607.2000  max_mem_reserved_mb: 21978.0000
04/09 01:12:30 - mmengine - INFO - Epoch(train)  [7][ 550/5000]  lr: 4.1899e-04  eta: 3:51:01  time: 0.4540  data_time: 0.0111  memory: 15693  grad_norm: 9.3229  loss: 4.5232  loss_heatmap: 1.7241  layer_-1_loss_cls: 0.3384  layer_-1_loss_bbox: 1.9390  matched_ious: 0.2218  aux_depth_loss: 0.5218  sec_per_iter: 0.4638  iters_per_sec: 2.1600  samples_per_sec: 34.5000  samples_per_sec_per_gpu: 8.6300  max_mem_allocated_mb: 607.2000  max_mem_reserved_mb: 21978.0000
04/09 01:12:54 - mmengine - INFO - Epoch(train)  [7][ 600/5000]  lr: 4.1827e-04  eta: 3:50:38  time: 0.4705  data_time: 0.0125  memory: 15692  grad_norm: 9.7059  loss: 4.6089  loss_heatmap: 1.7187  layer_-1_loss_cls: 0.3332  layer_-1_loss_bbox: 2.0289  matched_ious: 0.2163  aux_depth_loss: 0.5281  sec_per_iter: 0.4629  iters_per_sec: 2.1600  samples_per_sec: 34.5700  samples_per_sec_per_gpu: 8.6400  max_mem_allocated_mb: 607.2000  max_mem_reserved_mb: 21978.0000
04/09 01:13:17 - mmengine - INFO - Epoch(train)  [7][ 650/5000]  lr: 4.1754e-04  eta: 3:50:14  time: 0.4638  data_time: 0.0120  memory: 15697  grad_norm: 9.4974  loss: 4.5251  loss_heatmap: 1.7075  layer_-1_loss_cls: 0.3204  layer_-1_loss_bbox: 1.9695  matched_ious: 0.1366  aux_depth_loss: 0.5276  sec_per_iter: 0.4635  iters_per_sec: 2.1600  samples_per_sec: 34.5200  samples_per_sec_per_gpu: 8.6300  max_mem_allocated_mb: 607.2000  max_mem_reserved_mb: 21978.0000
04/09 01:13:40 - mmengine - INFO - Epoch(train)  [7][ 700/5000]  lr: 4.1681e-04  eta: 3:49:50  time: 0.4634  data_time: 0.0111  memory: 15695  grad_norm: 11.4481  loss: 4.9117  loss_heatmap: 1.7660  layer_-1_loss_cls: 0.2998  layer_-1_loss_bbox: 2.2856  matched_ious: 0.1419  aux_depth_loss: 0.5603  sec_per_iter: 0.4635  iters_per_sec: 2.1600  samples_per_sec: 34.5200  samples_per_sec_per_gpu: 8.6300  max_mem_allocated_mb: 607.2000  max_mem_reserved_mb: 21978.0000
04/09 01:14:03 - mmengine - INFO - Epoch(train)  [7][ 750/5000]  lr: 4.1608e-04  eta: 3:49:26  time: 0.4558  data_time: 0.0117  memory: 15695  grad_norm: 10.0794  loss: 5.5922  loss_heatmap: 1.9182  layer_-1_loss_cls: 0.3247  layer_-1_loss_bbox: 2.7804  matched_ious: 0.1719  aux_depth_loss: 0.5689  sec_per_iter: 0.4636  iters_per_sec: 2.1600  samples_per_sec: 34.5100  samples_per_sec_per_gpu: 8.6300  max_mem_allocated_mb: 607.2000  max_mem_reserved_mb: 21978.0000
04/09 01:14:25 - mmengine - INFO - Epoch(train)  [7][ 800/5000]  lr: 4.1534e-04  eta: 3:49:01  time: 0.4536  data_time: 0.0124  memory: 15696  grad_norm: 6.2956  loss: 4.4966  loss_heatmap: 1.6781  layer_-1_loss_cls: 0.3509  layer_-1_loss_bbox: 1.9352  matched_ious: 0.2846  aux_depth_loss: 0.5324  sec_per_iter: 0.4630  iters_per_sec: 2.1600  samples_per_sec: 34.5600  samples_per_sec_per_gpu: 8.6400  max_mem_allocated_mb: 607.2000  max_mem_reserved_mb: 21978.0000
04/09 01:14:49 - mmengine - INFO - Epoch(train)  [7][ 850/5000]  lr: 4.1461e-04  eta: 3:48:37  time: 0.4609  data_time: 0.0116  memory: 15695  grad_norm: 8.0800  loss: 4.4242  loss_heatmap: 1.6711  layer_-1_loss_cls: 0.3514  layer_-1_loss_bbox: 1.8705  matched_ious: 0.1628  aux_depth_loss: 0.5311  sec_per_iter: 0.4624  iters_per_sec: 2.1600  samples_per_sec: 34.6000  samples_per_sec_per_gpu: 8.6500  max_mem_allocated_mb: 607.2000  max_mem_reserved_mb: 21978.0000
04/09 01:15:11 - mmengine - INFO - Epoch(train)  [7][ 900/5000]  lr: 4.1387e-04  eta: 3:48:13  time: 0.4560  data_time: 0.0118  memory: 15694  grad_norm: 8.4523  loss: 4.2611  loss_heatmap: 1.5828  layer_-1_loss_cls: 0.3347  layer_-1_loss_bbox: 1.8217  matched_ious: 0.2369  aux_depth_loss: 0.5219  sec_per_iter: 0.4624  iters_per_sec: 2.1600  samples_per_sec: 34.6100  samples_per_sec_per_gpu: 8.6500  max_mem_allocated_mb: 607.2000  max_mem_reserved_mb: 21978.0000
04/09 01:15:34 - mmengine - INFO - Epoch(train)  [7][ 950/5000]  lr: 4.1312e-04  eta: 3:47:49  time: 0.4637  data_time: 0.0120  memory: 15694  grad_norm: 8.6770  loss: 4.4592  loss_heatmap: 1.6437  layer_-1_loss_cls: 0.3255  layer_-1_loss_bbox: 1.9710  matched_ious: 0.2111  aux_depth_loss: 0.5190  sec_per_iter: 0.4620  iters_per_sec: 2.1600  samples_per_sec: 34.6300  samples_per_sec_per_gpu: 8.6600  max_mem_allocated_mb: 607.2000  max_mem_reserved_mb: 21978.0000
04/09 01:15:57 - mmengine - INFO - Exp name: zod_camera_only_20260408_204407
04/09 01:15:57 - mmengine - INFO - Epoch(train)  [7][1000/5000]  lr: 4.1238e-04  eta: 3:47:25  time: 0.4589  data_time: 0.0124  memory: 15695  grad_norm: 8.8021  loss: 4.2494  loss_heatmap: 1.5908  layer_-1_loss_cls: 0.3361  layer_-1_loss_bbox: 1.8047  matched_ious: 0.2518  aux_depth_loss: 0.5178  sec_per_iter: 0.4621  iters_per_sec: 2.1600  samples_per_sec: 34.6200  samples_per_sec_per_gpu: 8.6600  max_mem_allocated_mb: 607.2000  max_mem_reserved_mb: 21978.0000
04/09 01:16:21 - mmengine - INFO - Epoch(train)  [7][1050/5000]  lr: 4.1163e-04  eta: 3:47:02  time: 0.4672  data_time: 0.0124  memory: 15695  grad_norm: 8.1285  loss: 4.2962  loss_heatmap: 1.6076  layer_-1_loss_cls: 0.3356  layer_-1_loss_bbox: 1.8349  matched_ious: 0.1915  aux_depth_loss: 0.5181  sec_per_iter: 0.4619  iters_per_sec: 2.1600  samples_per_sec: 34.6400  samples_per_sec_per_gpu: 8.6600  max_mem_allocated_mb: 607.2000  max_mem_reserved_mb: 21978.0000
04/09 01:16:44 - mmengine - INFO - Epoch(train)  [7][1100/5000]  lr: 4.1088e-04  eta: 3:46:38  time: 0.4638  data_time: 0.0117  memory: 15695  grad_norm: 8.3953  loss: 4.3880  loss_heatmap: 1.6455  layer_-1_loss_cls: 0.3344  layer_-1_loss_bbox: 1.8871  matched_ious: 0.2305  aux_depth_loss: 0.5209  sec_per_iter: 0.4622  iters_per_sec: 2.1600  samples_per_sec: 34.6200  samples_per_sec_per_gpu: 8.6500  max_mem_allocated_mb: 607.2000  max_mem_reserved_mb: 21978.0000
04/09 01:17:07 - mmengine - INFO - Epoch(train)  [7][1150/5000]  lr: 4.1013e-04  eta: 3:46:13  time: 0.4515  data_time: 0.0113  memory: 15694  grad_norm: 9.0883  loss: 4.4285  loss_heatmap: 1.6388  layer_-1_loss_cls: 0.3410  layer_-1_loss_bbox: 1.9185  matched_ious: 0.2044  aux_depth_loss: 0.5302  sec_per_iter: 0.4623  iters_per_sec: 2.1600  samples_per_sec: 34.6100  samples_per_sec_per_gpu: 8.6500  max_mem_allocated_mb: 607.2000  max_mem_reserved_mb: 21978.0000
04/09 01:17:30 - mmengine - INFO - Epoch(train)  [7][1200/5000]  lr: 4.0937e-04  eta: 3:45:50  time: 0.4686  data_time: 0.0118  memory: 15696  grad_norm: 8.0503  loss: 4.3365  loss_heatmap: 1.6373  layer_-1_loss_cls: 0.3476  layer_-1_loss_bbox: 1.8307  matched_ious: 0.1814  aux_depth_loss: 0.5209  sec_per_iter: 0.4618  iters_per_sec: 2.1700  samples_per_sec: 34.6500  samples_per_sec_per_gpu: 8.6600  max_mem_allocated_mb: 607.2000  max_mem_reserved_mb: 21978.0000
04/09 01:17:53 - mmengine - INFO - Epoch(train)  [7][1250/5000]  lr: 4.0861e-04  eta: 3:45:25  time: 0.4536  data_time: 0.0122  memory: 15696  grad_norm: 9.1313  loss: 4.2460  loss_heatmap: 1.6314  layer_-1_loss_cls: 0.3625  layer_-1_loss_bbox: 1.7323  matched_ious: 0.2227  aux_depth_loss: 0.5199  sec_per_iter: 0.4621  iters_per_sec: 2.1600  samples_per_sec: 34.6200  samples_per_sec_per_gpu: 8.6600  max_mem_allocated_mb: 607.2000  max_mem_reserved_mb: 21978.0000
04/09 01:18:16 - mmengine - INFO - Epoch(train)  [7][1300/5000]  lr: 4.0785e-04  eta: 3:45:01  time: 0.4574  data_time: 0.0122  memory: 15695  grad_norm: 10.5942  loss: 4.2224  loss_heatmap: 1.5739  layer_-1_loss_cls: 0.3475  layer_-1_loss_bbox: 1.7896  matched_ious: 0.2567  aux_depth_loss: 0.5113  sec_per_iter: 0.4618  iters_per_sec: 2.1700  samples_per_sec: 34.6500  samples_per_sec_per_gpu: 8.6600  max_mem_allocated_mb: 607.2000  max_mem_reserved_mb: 21978.0000
04/09 01:18:38 - mmengine - INFO - Epoch(train)  [7][1350/5000]  lr: 4.0709e-04  eta: 3:44:37  time: 0.4522  data_time: 0.0118  memory: 15694  grad_norm: 9.3000  loss: 4.4343  loss_heatmap: 1.6371  layer_-1_loss_cls: 0.3272  layer_-1_loss_bbox: 1.9562  matched_ious: 0.1900  aux_depth_loss: 0.5138  sec_per_iter: 0.4616  iters_per_sec: 2.1700  samples_per_sec: 34.6600  samples_per_sec_per_gpu: 8.6700  max_mem_allocated_mb: 607.2000  max_mem_reserved_mb: 21978.0000
04/09 01:19:02 - mmengine - INFO - Epoch(train)  [7][1400/5000]  lr: 4.0633e-04  eta: 3:44:14  time: 0.4766  data_time: 0.0118  memory: 15693  grad_norm: 9.4551  loss: 4.2053  loss_heatmap: 1.6110  layer_-1_loss_cls: 0.3577  layer_-1_loss_bbox: 1.7143  matched_ious: 0.1900  aux_depth_loss: 0.5224  sec_per_iter: 0.4612  iters_per_sec: 2.1700  samples_per_sec: 34.6900  samples_per_sec_per_gpu: 8.6700  max_mem_allocated_mb: 607.2000  max_mem_reserved_mb: 21978.0000
04/09 01:19:26 - mmengine - INFO - Epoch(train)  [7][1450/5000]  lr: 4.0556e-04  eta: 3:43:50  time: 0.4714  data_time: 0.0117  memory: 15694  grad_norm: 9.5563  loss: 4.2051  loss_heatmap: 1.5889  layer_-1_loss_cls: 0.3335  layer_-1_loss_bbox: 1.7694  matched_ious: 0.2188  aux_depth_loss: 0.5133  sec_per_iter: 0.4618  iters_per_sec: 2.1700  samples_per_sec: 34.6500  samples_per_sec_per_gpu: 8.6600  max_mem_allocated_mb: 607.2000  max_mem_reserved_mb: 21978.0000
04/09 01:19:49 - mmengine - INFO - Epoch(train)  [7][1500/5000]  lr: 4.0479e-04  eta: 3:43:27  time: 0.4649  data_time: 0.0121  memory: 15695  grad_norm: 9.8049  loss: 4.5209  loss_heatmap: 1.6917  layer_-1_loss_cls: 0.3240  layer_-1_loss_bbox: 1.9709  matched_ious: 0.1863  aux_depth_loss: 0.5343  sec_per_iter: 0.4621  iters_per_sec: 2.1600  samples_per_sec: 34.6200  samples_per_sec_per_gpu: 8.6600  max_mem_allocated_mb: 607.2000  max_mem_reserved_mb: 21978.0000
04/09 01:20:12 - mmengine - INFO - Epoch(train)  [7][1550/5000]  lr: 4.0402e-04  eta: 3:43:02  time: 0.4546  data_time: 0.0120  memory: 15695  grad_norm: 8.2991  loss: 4.3237  loss_heatmap: 1.5710  layer_-1_loss_cls: 0.3075  layer_-1_loss_bbox: 1.9314  matched_ious: 0.1982  aux_depth_loss: 0.5138  sec_per_iter: 0.4622  iters_per_sec: 2.1600  samples_per_sec: 34.6200  samples_per_sec_per_gpu: 8.6500  max_mem_allocated_mb: 607.2000  max_mem_reserved_mb: 21978.0000
04/09 01:20:35 - mmengine - INFO - Epoch(train)  [7][1600/5000]  lr: 4.0324e-04  eta: 3:42:39  time: 0.4705  data_time: 0.0121  memory: 15696  grad_norm: 10.3424  loss: 4.3088  loss_heatmap: 1.6265  layer_-1_loss_cls: 0.3256  layer_-1_loss_bbox: 1.8404  matched_ious: 0.2051  aux_depth_loss: 0.5163  sec_per_iter: 0.4620  iters_per_sec: 2.1600  samples_per_sec: 34.6300  samples_per_sec_per_gpu: 8.6600  max_mem_allocated_mb: 607.2000  max_mem_reserved_mb: 21978.0000
04/09 01:20:59 - mmengine - INFO - Epoch(train)  [7][1650/5000]  lr: 4.0247e-04  eta: 3:42:15  time: 0.4709  data_time: 0.0139  memory: 15696  grad_norm: 9.3181  loss: 4.4728  loss_heatmap: 1.6690  layer_-1_loss_cls: 0.3199  layer_-1_loss_bbox: 1.9679  matched_ious: 0.2314  aux_depth_loss: 0.5160  sec_per_iter: 0.4622  iters_per_sec: 2.1600  samples_per_sec: 34.6100  samples_per_sec_per_gpu: 8.6500  max_mem_allocated_mb: 607.2000  max_mem_reserved_mb: 21978.0000
04/09 01:21:21 - mmengine - INFO - Epoch(train)  [7][1700/5000]  lr: 4.0169e-04  eta: 3:41:51  time: 0.4559  data_time: 0.0118  memory: 15696  grad_norm: 9.2924  loss: 4.4043  loss_heatmap: 1.6222  layer_-1_loss_cls: 0.3192  layer_-1_loss_bbox: 1.9423  matched_ious: 0.1837  aux_depth_loss: 0.5206  sec_per_iter: 0.4625  iters_per_sec: 2.1600  samples_per_sec: 34.5900  samples_per_sec_per_gpu: 8.6500  max_mem_allocated_mb: 607.2000  max_mem_reserved_mb: 21978.0000
04/09 01:21:44 - mmengine - INFO - Epoch(train)  [7][1750/5000]  lr: 4.0091e-04  eta: 3:41:27  time: 0.4609  data_time: 0.0127  memory: 15694  grad_norm: 12.0286  loss: 4.7402  loss_heatmap: 1.7534  layer_-1_loss_cls: 0.3223  layer_-1_loss_bbox: 2.1154  matched_ious: 0.2258  aux_depth_loss: 0.5490  sec_per_iter: 0.4623  iters_per_sec: 2.1600  samples_per_sec: 34.6100  samples_per_sec_per_gpu: 8.6500  max_mem_allocated_mb: 607.2000  max_mem_reserved_mb: 21978.0000
04/09 01:22:11 - mmengine - INFO - Epoch(train)  [7][1800/5000]  lr: 4.0012e-04  eta: 3:41:06  time: 0.5262  data_time: 0.0136  memory: 15693  grad_norm: 8.5890  loss: 4.6800  loss_heatmap: 1.7140  layer_-1_loss_cls: 0.3352  layer_-1_loss_bbox: 2.0925  matched_ious: 0.1516  aux_depth_loss: 0.5383  sec_per_iter: 0.4623  iters_per_sec: 2.1600  samples_per_sec: 34.6100  samples_per_sec_per_gpu: 8.6500  max_mem_allocated_mb: 607.2000  max_mem_reserved_mb: 21978.0000
04/09 01:22:34 - mmengine - INFO - Epoch(train)  [7][1850/5000]  lr: 3.9934e-04  eta: 3:40:43  time: 0.4716  data_time: 0.0117  memory: 15697  grad_norm: 8.4401  loss: 4.4314  loss_heatmap: 1.6232  layer_-1_loss_cls: 0.3231  layer_-1_loss_bbox: 1.9681  matched_ious: 0.2543  aux_depth_loss: 0.5170  sec_per_iter: 0.4641  iters_per_sec: 2.1500  samples_per_sec: 34.4800  samples_per_sec_per_gpu: 8.6200  max_mem_allocated_mb: 607.2000  max_mem_reserved_mb: 21978.0000
04/09 01:22:59 - mmengine - INFO - Epoch(train)  [7][1900/5000]  lr: 3.9855e-04  eta: 3:40:20  time: 0.4829  data_time: 0.0123  memory: 15693  grad_norm: 7.6542  loss: 4.3063  loss_heatmap: 1.6194  layer_-1_loss_cls: 0.3427  layer_-1_loss_bbox: 1.8215  matched_ious: 0.2018  aux_depth_loss: 0.5227  sec_per_iter: 0.4643  iters_per_sec: 2.1500  samples_per_sec: 34.4600  samples_per_sec_per_gpu: 8.6200  max_mem_allocated_mb: 607.2000  max_mem_reserved_mb: 21978.0000
04/09 01:23:22 - mmengine - INFO - Epoch(train)  [7][1950/5000]  lr: 3.9776e-04  eta: 3:39:56  time: 0.4673  data_time: 0.0124  memory: 15695  grad_norm: inf  loss: 4.3238  loss_heatmap: 1.6318  layer_-1_loss_cls: 0.3454  layer_-1_loss_bbox: 1.8333  matched_ious: 0.1595  aux_depth_loss: 0.5133  sec_per_iter: 0.4648  iters_per_sec: 2.1500  samples_per_sec: 34.4300  samples_per_sec_per_gpu: 8.6100  max_mem_allocated_mb: 607.2000  max_mem_reserved_mb: 21978.0000
04/09 01:23:51 - mmengine - INFO - Exp name: zod_camera_only_20260408_204407
04/09 01:23:51 - mmengine - INFO - Epoch(train)  [7][2000/5000]  lr: 3.9696e-04  eta: 3:39:37  time: 0.5739  data_time: 0.0166  memory: 15696  grad_norm: 8.9969  loss: 4.4931  loss_heatmap: 1.6673  layer_-1_loss_cls: 0.3363  layer_-1_loss_bbox: 1.9579  matched_ious: 0.2415  aux_depth_loss: 0.5315  sec_per_iter: 0.4648  iters_per_sec: 2.1500  samples_per_sec: 34.4200  samples_per_sec_per_gpu: 8.6100  max_mem_allocated_mb: 607.2000  max_mem_reserved_mb: 21978.0000
04/09 01:24:15 - mmengine - INFO - Epoch(train)  [7][2050/5000]  lr: 3.9617e-04  eta: 3:39:15  time: 0.4974  data_time: 0.0144  memory: 15694  grad_norm: 9.2005  loss: 4.3548  loss_heatmap: 1.6069  layer_-1_loss_cls: 0.3358  layer_-1_loss_bbox: 1.8939  matched_ious: 0.2426  aux_depth_loss: 0.5182  sec_per_iter: 0.4675  iters_per_sec: 2.1400  samples_per_sec: 34.2200  samples_per_sec_per_gpu: 8.5600  max_mem_allocated_mb: 607.2000  max_mem_reserved_mb: 21978.0000
04/09 01:24:40 - mmengine - INFO - Epoch(train)  [7][2100/5000]  lr: 3.9537e-04  eta: 3:38:52  time: 0.4840  data_time: 0.0145  memory: 15697  grad_norm: 10.3341  loss: 4.4840  loss_heatmap: 1.6616  layer_-1_loss_cls: 0.3240  layer_-1_loss_bbox: 1.9827  matched_ious: 0.1391  aux_depth_loss: 0.5157  sec_per_iter: 0.4683  iters_per_sec: 2.1400  samples_per_sec: 34.1700  samples_per_sec_per_gpu: 8.5400  max_mem_allocated_mb: 607.2000  max_mem_reserved_mb: 21978.0000
04/09 01:25:07 - mmengine - INFO - Epoch(train)  [7][2150/5000]  lr: 3.9457e-04  eta: 3:38:31  time: 0.5395  data_time: 0.0149  memory: 15696  grad_norm: 12.5042  loss: 4.8382  loss_heatmap: 1.7839  layer_-1_loss_cls: 0.3443  layer_-1_loss_bbox: 2.1681  matched_ious: 0.1809  aux_depth_loss: 0.5420  sec_per_iter: 0.4687  iters_per_sec: 2.1300  samples_per_sec: 34.1400  samples_per_sec_per_gpu: 8.5400  max_mem_allocated_mb: 607.2000  max_mem_reserved_mb: 21978.0000
04/09 01:25:32 - mmengine - INFO - Epoch(train)  [7][2200/5000]  lr: 3.9377e-04  eta: 3:38:09  time: 0.5047  data_time: 0.0165  memory: 15694  grad_norm: nan  loss: 5.4352  loss_heatmap: 2.0225  layer_-1_loss_cls: 0.3888  layer_-1_loss_bbox: 2.4225  matched_ious: 0.0271  aux_depth_loss: 0.6014  sec_per_iter: 0.4703  iters_per_sec: 2.1300  samples_per_sec: 34.0200  samples_per_sec_per_gpu: 8.5100  max_mem_allocated_mb: 607.2000  max_mem_reserved_mb: 21978.0000
04/09 01:25:55 - mmengine - INFO - Epoch(train)  [7][2250/5000]  lr: 3.9296e-04  eta: 3:37:45  time: 0.4692  data_time: 0.0129  memory: 15696  grad_norm: nan  loss: 8.9864  loss_heatmap: 2.9452  layer_-1_loss_cls: 0.4100  layer_-1_loss_bbox: 4.7792  matched_ious: 0.0095  aux_depth_loss: 0.8520  sec_per_iter: 0.4711  iters_per_sec: 2.1200  samples_per_sec: 33.9600  samples_per_sec_per_gpu: 8.4900  max_mem_allocated_mb: 607.2000  max_mem_reserved_mb: 21978.0000
04/09 01:26:21 - mmengine - INFO - Epoch(train)  [7][2300/5000]  lr: 3.9216e-04  eta: 3:37:24  time: 0.5165  data_time: 0.0139  memory: 15694  grad_norm: 145.9032  loss: 10.3992  loss_heatmap: 3.3830  layer_-1_loss_cls: 0.4141  layer_-1_loss_bbox: 4.5659  matched_ious: 0.0000  aux_depth_loss: 2.0363  sec_per_iter: 0.4710  iters_per_sec: 2.1200  samples_per_sec: 33.9700  samples_per_sec_per_gpu: 8.4900  max_mem_allocated_mb: 607.2000  max_mem_reserved_mb: 21978.0000
04/09 01:26:49 - mmengine - INFO - Epoch(train)  [7][2350/5000]  lr: 3.9135e-04  eta: 3:37:04  time: 0.5538  data_time: 0.0131  memory: 15696  grad_norm: 48.6078  loss: 9.9032  loss_heatmap: 3.2960  layer_-1_loss_cls: 0.3840  layer_-1_loss_bbox: 4.6544  matched_ious: 0.0053  aux_depth_loss: 1.5687  sec_per_iter: 0.4720  iters_per_sec: 2.1200  samples_per_sec: 33.9000  samples_per_sec_per_gpu: 8.4700  max_mem_allocated_mb: 607.2000  max_mem_reserved_mb: 21978.0000
04/09 01:27:13 - mmengine - INFO - Epoch(train)  [7][2400/5000]  lr: 3.9054e-04  eta: 3:36:41  time: 0.4799  data_time: 0.0133  memory: 15696  grad_norm: 74.7487  loss: 10.1309  loss_heatmap: 3.3653  layer_-1_loss_cls: 0.3764  layer_-1_loss_bbox: 4.5203  matched_ious: 0.0085  aux_depth_loss: 1.8689  sec_per_iter: 0.4738  iters_per_sec: 2.1100  samples_per_sec: 33.7700  samples_per_sec_per_gpu: 8.4400  max_mem_allocated_mb: 607.2000  max_mem_reserved_mb: 21978.0000
04/09 01:27:40 - mmengine - INFO - Epoch(train)  [7][2450/5000]  lr: 3.8973e-04  eta: 3:36:20  time: 0.5358  data_time: 0.0156  memory: 15695  grad_norm: 121.1639  loss: 10.9769  loss_heatmap: 3.3846  layer_-1_loss_cls: 0.3557  layer_-1_loss_bbox: 5.2132  matched_ious: 0.0000  aux_depth_loss: 2.0234  sec_per_iter: 0.4739  iters_per_sec: 2.1100  samples_per_sec: 33.7600  samples_per_sec_per_gpu: 8.4400  max_mem_allocated_mb: 607.2000  max_mem_reserved_mb: 21978.0000
04/09 01:28:04 - mmengine - INFO - Epoch(train)  [7][2500/5000]  lr: 3.8891e-04  eta: 3:35:57  time: 0.4855  data_time: 0.0128  memory: 15693  grad_norm: 111.2045  loss: 11.1166  loss_heatmap: 3.4010  layer_-1_loss_cls: 0.3521  layer_-1_loss_bbox: 5.4274  matched_ious: 0.0052  aux_depth_loss: 1.9360  sec_per_iter: 0.4752  iters_per_sec: 2.1000  samples_per_sec: 33.6700  samples_per_sec_per_gpu: 8.4200  max_mem_allocated_mb: 607.2000  max_mem_reserved_mb: 21978.0000
04/09 01:28:30 - mmengine - INFO - Epoch(train)  [7][2550/5000]  lr: 3.8809e-04  eta: 3:35:35  time: 0.5132  data_time: 0.0146  memory: 15693  grad_norm: 71.4533  loss: 11.4399  loss_heatmap: 3.3926  layer_-1_loss_cls: 0.3582  layer_-1_loss_bbox: 5.8020  matched_ious: 0.0113  aux_depth_loss: 1.8870  sec_per_iter: 0.4754  iters_per_sec: 2.1000  samples_per_sec: 33.6600  samples_per_sec_per_gpu: 8.4100  max_mem_allocated_mb: 607.2000  max_mem_reserved_mb: 21978.0000
04/09 01:28:56 - mmengine - INFO - Epoch(train)  [7][2600/5000]  lr: 3.8727e-04  eta: 3:35:14  time: 0.5321  data_time: 0.0145  memory: 15693  grad_norm: 53.1712  loss: 11.0915  loss_heatmap: 3.3263  layer_-1_loss_cls: 0.3522  layer_-1_loss_bbox: 5.6697  matched_ious: 0.0021  aux_depth_loss: 1.7433  sec_per_iter: 0.4761  iters_per_sec: 2.1000  samples_per_sec: 33.6100  samples_per_sec_per_gpu: 8.4000  max_mem_allocated_mb: 607.2000  max_mem_reserved_mb: 21978.0000
04/09 01:29:19 - mmengine - INFO - Epoch(train)  [7][2650/5000]  lr: 3.8645e-04  eta: 3:34:50  time: 0.4657  data_time: 0.0137  memory: 15693  grad_norm: 34.7631  loss: 11.4534  loss_heatmap: 3.3746  layer_-1_loss_cls: 0.3490  layer_-1_loss_bbox: 5.9826  matched_ious: 0.0000  aux_depth_loss: 1.7472  sec_per_iter: 0.4772  iters_per_sec: 2.1000  samples_per_sec: 33.5300  samples_per_sec_per_gpu: 8.3800  max_mem_allocated_mb: 607.2000  max_mem_reserved_mb: 21978.0000
04/09 01:29:43 - mmengine - INFO - Epoch(train)  [7][2700/5000]  lr: 3.8563e-04  eta: 3:34:26  time: 0.4606  data_time: 0.0142  memory: 15696  grad_norm: 8.4437  loss: 11.1350  loss_heatmap: 3.3370  layer_-1_loss_cls: 0.3438  layer_-1_loss_bbox: 6.0700  matched_ious: 0.0039  aux_depth_loss: 1.3842  sec_per_iter: 0.4770  iters_per_sec: 2.1000  samples_per_sec: 33.5400  samples_per_sec_per_gpu: 8.3900  max_mem_allocated_mb: 607.2000  max_mem_reserved_mb: 21978.0000
04/09 01:30:11 - mmengine - INFO - Epoch(train)  [7][2750/5000]  lr: 3.8480e-04  eta: 3:34:07  time: 0.5653  data_time: 0.0128  memory: 15693  grad_norm: 18.2646  loss: 10.0874  loss_heatmap: 3.1950  layer_-1_loss_cls: 0.3367  layer_-1_loss_bbox: 5.3420  matched_ious: 0.0085  aux_depth_loss: 1.2137  sec_per_iter: 0.4767  iters_per_sec: 2.1000  samples_per_sec: 33.5700  samples_per_sec_per_gpu: 8.3900  max_mem_allocated_mb: 607.2000  max_mem_reserved_mb: 21978.0000
04/09 01:30:36 - mmengine - INFO - Epoch(train)  [7][2800/5000]  lr: 3.8397e-04  eta: 3:33:45  time: 0.5119  data_time: 0.0122  memory: 15695  grad_norm: 55.3326  loss: 10.0249  loss_heatmap: 3.2573  layer_-1_loss_cls: 0.3385  layer_-1_loss_bbox: 5.1643  matched_ious: 0.0010  aux_depth_loss: 1.2648  sec_per_iter: 0.4783  iters_per_sec: 2.0900  samples_per_sec: 33.4500  samples_per_sec_per_gpu: 8.3600  max_mem_allocated_mb: 607.2000  max_mem_reserved_mb: 21978.0000
04/09 01:31:01 - mmengine - INFO - Epoch(train)  [7][2850/5000]  lr: 3.8314e-04  eta: 3:33:22  time: 0.5017  data_time: 0.0122  memory: 15694  grad_norm: 23.2326  loss: 10.3889  loss_heatmap: 3.2957  layer_-1_loss_cls: 0.3379  layer_-1_loss_bbox: 5.4251  matched_ious: 0.0034  aux_depth_loss: 1.3302  sec_per_iter: 0.4789  iters_per_sec: 2.0900  samples_per_sec: 33.4100  samples_per_sec_per_gpu: 8.3500  max_mem_allocated_mb: 607.2000  max_mem_reserved_mb: 21978.0000
04/09 01:31:25 - mmengine - INFO - Epoch(train)  [7][2900/5000]  lr: 3.8231e-04  eta: 3:32:59  time: 0.4714  data_time: 0.0128  memory: 15696  grad_norm: 49.3960  loss: 10.3601  loss_heatmap: 3.2523  layer_-1_loss_cls: 0.3310  layer_-1_loss_bbox: 5.4947  matched_ious: 0.0304  aux_depth_loss: 1.2821  sec_per_iter: 0.4793  iters_per_sec: 2.0900  samples_per_sec: 33.3800  samples_per_sec_per_gpu: 8.3500  max_mem_allocated_mb: 607.2000  max_mem_reserved_mb: 21978.0000
04/09 01:31:48 - mmengine - INFO - Epoch(train)  [7][2950/5000]  lr: 3.8148e-04  eta: 3:32:35  time: 0.4634  data_time: 0.0134  memory: 15693  grad_norm: 15.7232  loss: 10.3445  loss_heatmap: 3.2450  layer_-1_loss_cls: 0.3315  layer_-1_loss_bbox: 5.5106  matched_ious: 0.0072  aux_depth_loss: 1.2575  sec_per_iter: 0.4792  iters_per_sec: 2.0900  samples_per_sec: 33.3900  samples_per_sec_per_gpu: 8.3500  max_mem_allocated_mb: 607.2000  max_mem_reserved_mb: 21978.0000
04/09 01:32:15 - mmengine - INFO - Exp name: zod_camera_only_20260408_204407
04/09 01:32:15 - mmengine - INFO - Epoch(train)  [7][3000/5000]  lr: 3.8064e-04  eta: 3:32:14  time: 0.5342  data_time: 0.0127  memory: 15694  grad_norm: 10.6554  loss: 10.2122  loss_heatmap: 3.2003  layer_-1_loss_cls: 0.3395  layer_-1_loss_bbox: 5.4732  matched_ious: 0.0268  aux_depth_loss: 1.1992  sec_per_iter: 0.4789  iters_per_sec: 2.0900  samples_per_sec: 33.4100  samples_per_sec_per_gpu: 8.3500  max_mem_allocated_mb: 607.2000  max_mem_reserved_mb: 21978.0000
04/09 01:32:38 - mmengine - INFO - Epoch(train)  [7][3050/5000]  lr: 3.7980e-04  eta: 3:31:50  time: 0.4640  data_time: 0.0129  memory: 15697  grad_norm: 18.4065  loss: 10.0797  loss_heatmap: 3.2014  layer_-1_loss_cls: 0.3386  layer_-1_loss_bbox: 5.3395  matched_ious: 0.0125  aux_depth_loss: 1.2002  sec_per_iter: 0.4798  iters_per_sec: 2.0800  samples_per_sec: 33.3500  samples_per_sec_per_gpu: 8.3400  max_mem_allocated_mb: 607.2000  max_mem_reserved_mb: 21978.0000
04/09 01:33:02 - mmengine - INFO - Epoch(train)  [7][3100/5000]  lr: 3.7896e-04  eta: 3:31:27  time: 0.4748  data_time: 0.0122  memory: 15696  grad_norm: 21.9453  loss: 10.2927  loss_heatmap: 3.2116  layer_-1_loss_cls: 0.3378  layer_-1_loss_bbox: 5.5268  matched_ious: 0.0045  aux_depth_loss: 1.2165  sec_per_iter: 0.4795  iters_per_sec: 2.0900  samples_per_sec: 33.3600  samples_per_sec_per_gpu: 8.3400  max_mem_allocated_mb: 607.2000  max_mem_reserved_mb: 21978.0000
04/09 01:33:26 - mmengine - INFO - Epoch(train)  [7][3150/5000]  lr: 3.7812e-04  eta: 3:31:03  time: 0.4827  data_time: 0.0119  memory: 15695  grad_norm: 12.2359  loss: 9.7383  loss_heatmap: 3.1905  layer_-1_loss_cls: 0.3364  layer_-1_loss_bbox: 5.0616  matched_ious: 0.0025  aux_depth_loss: 1.1498  sec_per_iter: 0.4795  iters_per_sec: 2.0900  samples_per_sec: 33.3700  samples_per_sec_per_gpu: 8.3400  max_mem_allocated_mb: 607.2000  max_mem_reserved_mb: 21978.0000
04/09 01:33:52 - mmengine - INFO - Epoch(train)  [7][3200/5000]  lr: 3.7728e-04  eta: 3:30:42  time: 0.5191  data_time: 0.0136  memory: 15695  grad_norm: 13.7119  loss: 9.8405  loss_heatmap: 3.1521  layer_-1_loss_cls: 0.3455  layer_-1_loss_bbox: 5.2118  matched_ious: 0.0591  aux_depth_loss: 1.1311  sec_per_iter: 0.4795  iters_per_sec: 2.0900  samples_per_sec: 33.3700  samples_per_sec_per_gpu: 8.3400  max_mem_allocated_mb: 607.2000  max_mem_reserved_mb: 21978.0000
04/09 01:34:18 - mmengine - INFO - Epoch(train)  [7][3250/5000]  lr: 3.7643e-04  eta: 3:30:20  time: 0.5147  data_time: 0.0131  memory: 15695  grad_norm: 11.7627  loss: 9.9715  loss_heatmap: 3.1796  layer_-1_loss_cls: 0.3334  layer_-1_loss_bbox: 5.3149  matched_ious: 0.0000  aux_depth_loss: 1.1436  sec_per_iter: 0.4801  iters_per_sec: 2.0800  samples_per_sec: 33.3200  samples_per_sec_per_gpu: 8.3300  max_mem_allocated_mb: 607.2000  max_mem_reserved_mb: 21978.0000
04/09 01:34:42 - mmengine - INFO - Epoch(train)  [7][3300/5000]  lr: 3.7558e-04  eta: 3:29:57  time: 0.4822  data_time: 0.0131  memory: 15694  grad_norm: 9.8131  loss: 9.4494  loss_heatmap: 3.1780  layer_-1_loss_cls: 0.3478  layer_-1_loss_bbox: 4.8247  matched_ious: 0.0078  aux_depth_loss: 1.0988  sec_per_iter: 0.4807  iters_per_sec: 2.0800  samples_per_sec: 33.2900  samples_per_sec_per_gpu: 8.3200  max_mem_allocated_mb: 607.2000  max_mem_reserved_mb: 21978.0000
04/09 01:35:07 - mmengine - INFO - Epoch(train)  [7][3350/5000]  lr: 3.7473e-04  eta: 3:29:34  time: 0.4935  data_time: 0.0121  memory: 15695  grad_norm: 12.7088  loss: 9.6942  loss_heatmap: 3.1538  layer_-1_loss_cls: 0.3459  layer_-1_loss_bbox: 5.0957  matched_ious: 0.0049  aux_depth_loss: 1.0988  sec_per_iter: 0.4807  iters_per_sec: 2.0800  samples_per_sec: 33.2800  samples_per_sec_per_gpu: 8.3200  max_mem_allocated_mb: 607.2000  max_mem_reserved_mb: 21978.0000
04/09 01:35:30 - mmengine - INFO - Epoch(train)  [7][3400/5000]  lr: 3.7388e-04  eta: 3:29:10  time: 0.4668  data_time: 0.0164  memory: 15696  grad_norm: 12.1727  loss: 9.6591  loss_heatmap: 3.1230  layer_-1_loss_cls: 0.3405  layer_-1_loss_bbox: 5.1285  matched_ious: 0.0264  aux_depth_loss: 1.0670  sec_per_iter: 0.4809  iters_per_sec: 2.0800  samples_per_sec: 33.2700  samples_per_sec_per_gpu: 8.3200  max_mem_allocated_mb: 607.2000  max_mem_reserved_mb: 21978.0000
04/09 01:35:53 - mmengine - INFO - Epoch(train)  [7][3450/5000]  lr: 3.7303e-04  eta: 3:28:47  time: 0.4714  data_time: 0.0142  memory: 15695  grad_norm: 12.0506  loss: 9.3126  loss_heatmap: 3.0456  layer_-1_loss_cls: 0.3387  layer_-1_loss_bbox: 4.8603  matched_ious: 0.0194  aux_depth_loss: 1.0680  sec_per_iter: 0.4807  iters_per_sec: 2.0800  samples_per_sec: 33.2900  samples_per_sec_per_gpu: 8.3200  max_mem_allocated_mb: 607.2000  max_mem_reserved_mb: 21978.0000
04/09 01:36:17 - mmengine - INFO - Epoch(train)  [7][3500/5000]  lr: 3.7217e-04  eta: 3:28:23  time: 0.4641  data_time: 0.0124  memory: 15696  grad_norm: 8.2067  loss: 9.3821  loss_heatmap: 3.0505  layer_-1_loss_cls: 0.3405  layer_-1_loss_bbox: 4.9471  matched_ious: 0.0015  aux_depth_loss: 1.0440  sec_per_iter: 0.4806  iters_per_sec: 2.0800  samples_per_sec: 33.2900  samples_per_sec_per_gpu: 8.3200  max_mem_allocated_mb: 607.2000  max_mem_reserved_mb: 21978.0000
04/09 01:36:41 - mmengine - INFO - Epoch(train)  [7][3550/5000]  lr: 3.7132e-04  eta: 3:28:00  time: 0.4844  data_time: 0.0120  memory: 15693  grad_norm: 10.9546  loss: 9.2957  loss_heatmap: 3.0543  layer_-1_loss_cls: 0.3309  layer_-1_loss_bbox: 4.8527  matched_ious: 0.0059  aux_depth_loss: 1.0579  sec_per_iter: 0.4803  iters_per_sec: 2.0800  samples_per_sec: 33.3100  samples_per_sec_per_gpu: 8.3300  max_mem_allocated_mb: 607.2000  max_mem_reserved_mb: 21978.0000
04/09 01:37:06 - mmengine - INFO - Epoch(train)  [7][3600/5000]  lr: 3.7046e-04  eta: 3:27:37  time: 0.5048  data_time: 0.0145  memory: 15693  grad_norm: 12.7083  loss: 9.1717  loss_heatmap: 3.0101  layer_-1_loss_cls: 0.3348  layer_-1_loss_bbox: 4.7394  matched_ious: 0.0206  aux_depth_loss: 1.0874  sec_per_iter: 0.4804  iters_per_sec: 2.0800  samples_per_sec: 33.3100  samples_per_sec_per_gpu: 8.3300  max_mem_allocated_mb: 607.2000  max_mem_reserved_mb: 21978.0000
04/09 01:37:31 - mmengine - INFO - Epoch(train)  [7][3650/5000]  lr: 3.6960e-04  eta: 3:27:15  time: 0.4958  data_time: 0.0152  memory: 15693  grad_norm: 10.5017  loss: 9.4261  loss_heatmap: 3.0442  layer_-1_loss_cls: 0.3367  layer_-1_loss_bbox: 4.9916  matched_ious: 0.0105  aux_depth_loss: 1.0536  sec_per_iter: 0.4807  iters_per_sec: 2.0800  samples_per_sec: 33.2800  samples_per_sec_per_gpu: 8.3200  max_mem_allocated_mb: 607.2000  max_mem_reserved_mb: 21978.0000
04/09 01:37:54 - mmengine - INFO - Epoch(train)  [7][3700/5000]  lr: 3.6873e-04  eta: 3:26:51  time: 0.4581  data_time: 0.0118  memory: 15697  grad_norm: 15.7791  loss: 9.6451  loss_heatmap: 3.0449  layer_-1_loss_cls: 0.3358  layer_-1_loss_bbox: 5.2210  matched_ious: 0.0293  aux_depth_loss: 1.0433  sec_per_iter: 0.4809  iters_per_sec: 2.0800  samples_per_sec: 33.2700  samples_per_sec_per_gpu: 8.3200  max_mem_allocated_mb: 607.2000  max_mem_reserved_mb: 21978.0000
04/09 01:38:18 - mmengine - INFO - Epoch(train)  [7][3750/5000]  lr: 3.6787e-04  eta: 3:26:27  time: 0.4753  data_time: 0.0119  memory: 15697  grad_norm: 17.2675  loss: 9.3582  loss_heatmap: 3.1104  layer_-1_loss_cls: 0.3373  layer_-1_loss_bbox: 4.8479  matched_ious: 0.0157  aux_depth_loss: 1.0626  sec_per_iter: 0.4806  iters_per_sec: 2.0800  samples_per_sec: 33.2900  samples_per_sec_per_gpu: 8.3200  max_mem_allocated_mb: 607.2000  max_mem_reserved_mb: 21978.0000
04/09 01:38:43 - mmengine - INFO - Epoch(train)  [7][3800/5000]  lr: 3.6700e-04  eta: 3:26:05  time: 0.4998  data_time: 0.0125  memory: 15694  grad_norm: 22.9990  loss: 9.4862  loss_heatmap: 3.1143  layer_-1_loss_cls: 0.3351  layer_-1_loss_bbox: 4.9548  matched_ious: 0.0035  aux_depth_loss: 1.0821  sec_per_iter: 0.4805  iters_per_sec: 2.0800  samples_per_sec: 33.3000  samples_per_sec_per_gpu: 8.3200  max_mem_allocated_mb: 607.2000  max_mem_reserved_mb: 21978.0000
04/09 01:39:06 - mmengine - INFO - Epoch(train)  [7][3850/5000]  lr: 3.6613e-04  eta: 3:25:41  time: 0.4728  data_time: 0.0137  memory: 15695  grad_norm: 22.1380  loss: 9.5108  loss_heatmap: 3.0808  layer_-1_loss_cls: 0.3353  layer_-1_loss_bbox: 4.9555  matched_ious: 0.0044  aux_depth_loss: 1.1392  sec_per_iter: 0.4808  iters_per_sec: 2.0800  samples_per_sec: 33.2800  samples_per_sec_per_gpu: 8.3200  max_mem_allocated_mb: 607.2000  max_mem_reserved_mb: 21978.0000
04/09 01:39:29 - mmengine - INFO - Epoch(train)  [7][3900/5000]  lr: 3.6526e-04  eta: 3:25:17  time: 0.4599  data_time: 0.0121  memory: 15695  grad_norm: 17.4271  loss: 9.1996  loss_heatmap: 3.1252  layer_-1_loss_cls: 0.3441  layer_-1_loss_bbox: 4.5672  matched_ious: 0.0166  aux_depth_loss: 1.1632  sec_per_iter: 0.4807  iters_per_sec: 2.0800  samples_per_sec: 33.2800  samples_per_sec_per_gpu: 8.3200  max_mem_allocated_mb: 607.2000  max_mem_reserved_mb: 21978.0000
04/09 01:39:54 - mmengine - INFO - Epoch(train)  [7][3950/5000]  lr: 3.6439e-04  eta: 3:24:54  time: 0.5017  data_time: 0.0185  memory: 15694  grad_norm: 13.4805  loss: 9.2926  loss_heatmap: 3.0980  layer_-1_loss_cls: 0.3374  layer_-1_loss_bbox: 4.7397  matched_ious: 0.0026  aux_depth_loss: 1.1175  sec_per_iter: 0.4804  iters_per_sec: 2.0800  samples_per_sec: 33.3000  samples_per_sec_per_gpu: 8.3300  max_mem_allocated_mb: 607.2000  max_mem_reserved_mb: 21978.0000
04/09 01:40:18 - mmengine - INFO - Exp name: zod_camera_only_20260408_204407
04/09 01:40:18 - mmengine - INFO - Epoch(train)  [7][4000/5000]  lr: 3.6352e-04  eta: 3:24:31  time: 0.4655  data_time: 0.0151  memory: 15695  grad_norm: 16.2185  loss: 9.5298  loss_heatmap: 3.1080  layer_-1_loss_cls: 0.3350  layer_-1_loss_bbox: 4.9322  matched_ious: 0.0000  aux_depth_loss: 1.1546  sec_per_iter: 0.4807  iters_per_sec: 2.0800  samples_per_sec: 33.2800  samples_per_sec_per_gpu: 8.3200  max_mem_allocated_mb: 607.2000  max_mem_reserved_mb: 21978.0000
04/09 01:40:42 - mmengine - INFO - Epoch(train)  [7][4050/5000]  lr: 3.6264e-04  eta: 3:24:08  time: 0.4859  data_time: 0.0129  memory: 15695  grad_norm: 16.7054  loss: 9.9734  loss_heatmap: 3.1426  layer_-1_loss_cls: 0.3352  layer_-1_loss_bbox: 5.2986  matched_ious: 0.0051  aux_depth_loss: 1.1970  sec_per_iter: 0.4805  iters_per_sec: 2.0800  samples_per_sec: 33.3000  samples_per_sec_per_gpu: 8.3200  max_mem_allocated_mb: 607.2000  max_mem_reserved_mb: 21978.0000
04/09 01:41:06 - mmengine - INFO - Epoch(train)  [7][4100/5000]  lr: 3.6176e-04  eta: 3:23:45  time: 0.4912  data_time: 0.0127  memory: 15693  grad_norm: 18.4080  loss: 9.7849  loss_heatmap: 3.1661  layer_-1_loss_cls: 0.3288  layer_-1_loss_bbox: 5.1347  matched_ious: 0.0276  aux_depth_loss: 1.1553  sec_per_iter: 0.4806  iters_per_sec: 2.0800  samples_per_sec: 33.2900  samples_per_sec_per_gpu: 8.3200  max_mem_allocated_mb: 607.2000  max_mem_reserved_mb: 21978.0000
04/09 01:41:29 - mmengine - INFO - Epoch(train)  [7][4150/5000]  lr: 3.6088e-04  eta: 3:23:20  time: 0.4549  data_time: 0.0123  memory: 15694  grad_norm: 11.8718  loss: 9.6438  loss_heatmap: 3.1835  layer_-1_loss_cls: 0.3318  layer_-1_loss_bbox: 4.9232  matched_ious: 0.0095  aux_depth_loss: 1.2053  sec_per_iter: 0.4807  iters_per_sec: 2.0800  samples_per_sec: 33.2800  samples_per_sec_per_gpu: 8.3200  max_mem_allocated_mb: 607.2000  max_mem_reserved_mb: 21978.0000
04/09 01:41:52 - mmengine - INFO - Epoch(train)  [7][4200/5000]  lr: 3.6000e-04  eta: 3:22:57  time: 0.4639  data_time: 0.0125  memory: 15695  grad_norm: 12.7035  loss: 9.8007  loss_heatmap: 3.1716  layer_-1_loss_cls: 0.3332  layer_-1_loss_bbox: 5.2037  matched_ious: 0.0075  aux_depth_loss: 1.0921  sec_per_iter: 0.4804  iters_per_sec: 2.0800  samples_per_sec: 33.3100  samples_per_sec_per_gpu: 8.3300  max_mem_allocated_mb: 607.2000  max_mem_reserved_mb: 21978.0000
04/09 01:42:17 - mmengine - INFO - Epoch(train)  [7][4250/5000]  lr: 3.5912e-04  eta: 3:22:33  time: 0.4832  data_time: 0.0124  memory: 15693  grad_norm: 16.3786  loss: 9.5111  loss_heatmap: 3.0840  layer_-1_loss_cls: 0.3214  layer_-1_loss_bbox: 5.0554  matched_ious: 0.0079  aux_depth_loss: 1.0503  sec_per_iter: 0.4802  iters_per_sec: 2.0800  samples_per_sec: 33.3200  samples_per_sec_per_gpu: 8.3300  max_mem_allocated_mb: 607.2000  max_mem_reserved_mb: 21978.0000
04/09 01:42:41 - mmengine - INFO - Epoch(train)  [7][4300/5000]  lr: 3.5824e-04  eta: 3:22:11  time: 0.4987  data_time: 0.0132  memory: 15695  grad_norm: 12.4120  loss: 9.5022  loss_heatmap: 3.1249  layer_-1_loss_cls: 0.3309  layer_-1_loss_bbox: 4.9955  matched_ious: 0.0074  aux_depth_loss: 1.0509  sec_per_iter: 0.4802  iters_per_sec: 2.0800  samples_per_sec: 33.3200  samples_per_sec_per_gpu: 8.3300  max_mem_allocated_mb: 607.2000  max_mem_reserved_mb: 21978.0000
04/09 01:43:05 - mmengine - INFO - Epoch(train)  [7][4350/5000]  lr: 3.5735e-04  eta: 3:21:47  time: 0.4782  data_time: 0.0138  memory: 15694  grad_norm: 12.0397  loss: 9.6964  loss_heatmap: 3.0909  layer_-1_loss_cls: 0.3285  layer_-1_loss_bbox: 5.2175  matched_ious: 0.0202  aux_depth_loss: 1.0594  sec_per_iter: 0.4805  iters_per_sec: 2.0800  samples_per_sec: 33.3000  samples_per_sec_per_gpu: 8.3300  max_mem_allocated_mb: 607.2000  max_mem_reserved_mb: 21978.0000
04/09 01:43:30 - mmengine - INFO - Epoch(train)  [7][4400/5000]  lr: 3.5646e-04  eta: 3:21:24  time: 0.4838  data_time: 0.0118  memory: 15695  grad_norm: 14.0889  loss: 9.3182  loss_heatmap: 3.0701  layer_-1_loss_cls: 0.3318  layer_-1_loss_bbox: 4.8030  matched_ious: 0.0051  aux_depth_loss: 1.1134  sec_per_iter: 0.4804  iters_per_sec: 2.0800  samples_per_sec: 33.3000  samples_per_sec_per_gpu: 8.3300  max_mem_allocated_mb: 607.2000  max_mem_reserved_mb: 21978.0000
04/09 01:43:53 - mmengine - INFO - Epoch(train)  [7][4450/5000]  lr: 3.5557e-04  eta: 3:21:01  time: 0.4687  data_time: 0.0120  memory: 15694  grad_norm: 13.6404  loss: 9.6568  loss_heatmap: 3.1034  layer_-1_loss_cls: 0.3303  layer_-1_loss_bbox: 5.1241  matched_ious: 0.0155  aux_depth_loss: 1.0990  sec_per_iter: 0.4805  iters_per_sec: 2.0800  samples_per_sec: 33.3000  samples_per_sec_per_gpu: 8.3300  max_mem_allocated_mb: 607.2000  max_mem_reserved_mb: 21978.0000
04/09 01:44:16 - mmengine - INFO - Epoch(train)  [7][4500/5000]  lr: 3.5468e-04  eta: 3:20:37  time: 0.4663  data_time: 0.0135  memory: 15693  grad_norm: 30.8862  loss: 9.5406  loss_heatmap: 3.0625  layer_-1_loss_cls: 0.3245  layer_-1_loss_bbox: 4.9937  matched_ious: 0.0290  aux_depth_loss: 1.1599  sec_per_iter: 0.4803  iters_per_sec: 2.0800  samples_per_sec: 33.3100  samples_per_sec_per_gpu: 8.3300  max_mem_allocated_mb: 607.2000  max_mem_reserved_mb: 21978.0000
04/09 01:44:39 - mmengine - INFO - Epoch(train)  [7][4550/5000]  lr: 3.5379e-04  eta: 3:20:13  time: 0.4630  data_time: 0.0124  memory: 15693  grad_norm: 18.8360  loss: 9.5908  loss_heatmap: 3.0988  layer_-1_loss_cls: 0.3293  layer_-1_loss_bbox: 5.0462  matched_ious: 0.0060  aux_depth_loss: 1.1165  sec_per_iter: 0.4802  iters_per_sec: 2.0800  samples_per_sec: 33.3200  samples_per_sec_per_gpu: 8.3300  max_mem_allocated_mb: 607.2000  max_mem_reserved_mb: 21978.0000
04/09 01:45:06 - mmengine - INFO - Epoch(train)  [7][4600/5000]  lr: 3.5290e-04  eta: 3:19:51  time: 0.5227  data_time: 0.0124  memory: 15694  grad_norm: 27.3097  loss: 9.4096  loss_heatmap: 3.1115  layer_-1_loss_cls: 0.3366  layer_-1_loss_bbox: 4.7933  matched_ious: 0.0098  aux_depth_loss: 1.1682  sec_per_iter: 0.4800  iters_per_sec: 2.0800  samples_per_sec: 33.3300  samples_per_sec_per_gpu: 8.3300  max_mem_allocated_mb: 607.2000  max_mem_reserved_mb: 21978.0000
04/09 01:45:29 - mmengine - INFO - Epoch(train)  [7][4650/5000]  lr: 3.5200e-04  eta: 3:19:27  time: 0.4725  data_time: 0.0134  memory: 15696  grad_norm: 24.5093  loss: 9.4988  loss_heatmap: 3.0859  layer_-1_loss_cls: 0.3347  layer_-1_loss_bbox: 4.9628  matched_ious: 0.0049  aux_depth_loss: 1.1154  sec_per_iter: 0.4805  iters_per_sec: 2.0800  samples_per_sec: 33.3000  samples_per_sec_per_gpu: 8.3300  max_mem_allocated_mb: 607.2000  max_mem_reserved_mb: 21978.0000
04/09 01:45:52 - mmengine - INFO - Epoch(train)  [7][4700/5000]  lr: 3.5111e-04  eta: 3:19:03  time: 0.4608  data_time: 0.0117  memory: 15695  grad_norm: 25.4188  loss: 9.4926  loss_heatmap: 3.1381  layer_-1_loss_cls: 0.3395  layer_-1_loss_bbox: 4.8653  matched_ious: 0.0089  aux_depth_loss: 1.1497  sec_per_iter: 0.4804  iters_per_sec: 2.0800  samples_per_sec: 33.3100  samples_per_sec_per_gpu: 8.3300  max_mem_allocated_mb: 607.2000  max_mem_reserved_mb: 21978.0000
04/09 01:46:16 - mmengine - INFO - Epoch(train)  [7][4750/5000]  lr: 3.5021e-04  eta: 3:18:40  time: 0.4702  data_time: 0.0160  memory: 15693  grad_norm: 32.0799  loss: 9.7332  loss_heatmap: 3.1520  layer_-1_loss_cls: 0.3334  layer_-1_loss_bbox: 5.0082  matched_ious: 0.0034  aux_depth_loss: 1.2395  sec_per_iter: 0.4802  iters_per_sec: 2.0800  samples_per_sec: 33.3200  samples_per_sec_per_gpu: 8.3300  max_mem_allocated_mb: 607.2000  max_mem_reserved_mb: 21978.0000
04/09 01:46:39 - mmengine - INFO - Epoch(train)  [7][4800/5000]  lr: 3.4931e-04  eta: 3:18:16  time: 0.4546  data_time: 0.0125  memory: 15694  grad_norm: 25.3810  loss: 9.4726  loss_heatmap: 3.0974  layer_-1_loss_cls: 0.3362  layer_-1_loss_bbox: 4.8283  matched_ious: 0.0246  aux_depth_loss: 1.2106  sec_per_iter: 0.4801  iters_per_sec: 2.0800  samples_per_sec: 33.3300  samples_per_sec_per_gpu: 8.3300  max_mem_allocated_mb: 607.2000  max_mem_reserved_mb: 21978.0000
04/09 01:47:07 - mmengine - INFO - Epoch(train)  [7][4850/5000]  lr: 3.4840e-04  eta: 3:17:56  time: 0.5763  data_time: 0.0138  memory: 15698  grad_norm: 34.2780  loss: 9.3782  loss_heatmap: 3.0792  layer_-1_loss_cls: 0.3353  layer_-1_loss_bbox: 4.8252  matched_ious: 0.0157  aux_depth_loss: 1.1386  sec_per_iter: 0.4798  iters_per_sec: 2.0800  samples_per_sec: 33.3500  samples_per_sec_per_gpu: 8.3400  max_mem_allocated_mb: 607.2000  max_mem_reserved_mb: 21978.0000
04/09 01:47:31 - mmengine - INFO - Epoch(train)  [7][4900/5000]  lr: 3.4750e-04  eta: 3:17:32  time: 0.4785  data_time: 0.0122  memory: 15696  grad_norm: 31.6245  loss: 9.5531  loss_heatmap: 3.0604  layer_-1_loss_cls: 0.3288  layer_-1_loss_bbox: 5.0020  matched_ious: 0.0000  aux_depth_loss: 1.1619  sec_per_iter: 0.4808  iters_per_sec: 2.0800  samples_per_sec: 33.2800  samples_per_sec_per_gpu: 8.3200  max_mem_allocated_mb: 607.2000  max_mem_reserved_mb: 21978.0000
04/09 01:47:55 - mmengine - INFO - Epoch(train)  [7][4950/5000]  lr: 3.4660e-04  eta: 3:17:08  time: 0.4648  data_time: 0.0119  memory: 15694  grad_norm: 41.8178  loss: 9.5915  loss_heatmap: 3.1259  layer_-1_loss_cls: 0.3304  layer_-1_loss_bbox: 4.9327  matched_ious: 0.0242  aux_depth_loss: 1.2025  sec_per_iter: 0.4808  iters_per_sec: 2.0800  samples_per_sec: 33.2800  samples_per_sec_per_gpu: 8.3200  max_mem_allocated_mb: 607.2000  max_mem_reserved_mb: 21978.0000
04/09 01:48:21 - mmengine - INFO - Exp name: zod_camera_only_20260408_204407
04/09 01:48:21 - mmengine - INFO - Epoch(train)  [7][5000/5000]  lr: 3.4569e-04  eta: 3:16:47  time: 0.5286  data_time: 0.0148  memory: 15698  grad_norm: 29.1171  loss: 9.6263  loss_heatmap: 3.1044  layer_-1_loss_cls: 0.3295  layer_-1_loss_bbox: 5.0453  matched_ious: 0.0153  aux_depth_loss: 1.1472  sec_per_iter: 0.4806  iters_per_sec: 2.0800  samples_per_sec: 33.2900  samples_per_sec_per_gpu: 8.3200  max_mem_allocated_mb: 607.2000  max_mem_reserved_mb: 21978.0000
04/09 01:48:21 - mmengine - INFO - [Efficiency] Epoch 7: wall=2405.5s  iters=5000  sec/iter=0.481  mem_alloc=607MB  mem_rsv=21978MB
04/09 01:48:22 - mmengine - INFO - Saved /home/users/u103958/projects/multimodal-MoE/outputs/runs/zod_camera_only/zod-cam-only_4461334/visualizations/bev_pred_vs_gt_epoch_7.png  (GT=16, pred=0, max_score=0.003)
04/09 01:48:22 - mmengine - INFO - Saved /home/users/u103958/projects/multimodal-MoE/outputs/runs/zod_camera_only/zod-cam-only_4461334/visualizations/bev_val_pred_vs_gt_epoch_7.png  (GT=25, pred=0, max_score=0.003)
04/09 01:48:23 - mmengine - INFO - Saved /home/users/u103958/projects/multimodal-MoE/outputs/runs/zod_camera_only/zod-cam-only_4461334/visualizations/camera_bev_features_epoch_7.png
04/09 01:48:24 - mmengine - INFO - Saved /home/users/u103958/projects/multimodal-MoE/outputs/runs/zod_camera_only/zod-cam-only_4461334/visualizations/depth_transform_diagnostic_epoch_7.png
04/09 01:48:24 - mmengine - INFO - ========================================================================
04/09 01:48:24 - mmengine - INFO -   DEPTH PROJECTION DEBUG — Sparse depth analysis
04/09 01:48:24 - mmengine - INFO - ========================================================================
04/09 01:48:24 - mmengine - INFO -   lidar2img  shape=(1, 4, 4)
04/09 01:48:24 - mmengine - INFO -     [  622.2576  -478.3849    -1.9513 -1257.4954]
04/09 01:48:24 - mmengine - INFO -     [ 350.0951    7.6426 -478.2796 -167.8321]
04/09 01:48:24 - mmengine - INFO -     [ 1.      0.003   0.0074 -2.0314]
04/09 01:48:24 - mmengine - INFO -     [0. 0. 0. 1.]
04/09 01:48:24 - mmengine - INFO -   cam2img  shape=(1, 4, 4)
04/09 01:48:24 - mmengine - INFO -     [480.324    0.     620.7651   0.    ]
04/09 01:48:24 - mmengine - INFO -     [  0.     480.9149 346.5506   0.    ]
04/09 01:48:24 - mmengine - INFO -     [0. 0. 1. 0.]
04/09 01:48:24 - mmengine - INFO -     [0. 0. 0. 1.]
04/09 01:48:24 - mmengine - INFO -   img_aug_matrix  shape=(1, 4, 4)
04/09 01:48:24 - mmengine - INFO -     [1. 0. 0. 0.]
04/09 01:48:24 - mmengine - INFO -     [0. 1. 0. 0.]
04/09 01:48:24 - mmengine - INFO -     [0. 0. 1. 0.]
04/09 01:48:24 - mmengine - INFO -     [0. 0. 0. 1.]
04/09 01:48:24 - mmengine - INFO -   lidar_aug_matrix  shape=(4, 4)
04/09 01:48:24 - mmengine - INFO -     [1. 0. 0. 0.]
04/09 01:48:24 - mmengine - INFO -     [0. 1. 0. 0.]
04/09 01:48:24 - mmengine - INFO -     [0. 0. 1. 0.]
04/09 01:48:24 - mmengine - INFO -     [0. 0. 0. 1.]
04/09 01:48:24 - mmengine - INFO -   img tensor shape: (1, 1, 3, 704, 1248)
04/09 01:48:24 - mmengine - INFO -   points[0] shape:  (50570, 4)
04/09 01:48:24 - mmengine - INFO -   image_size=[704, 1248]  feature_size=[88, 156]  D=178
04/09 01:48:24 - mmengine - INFO -   projected: 50570 / 50570 on image
04/09 01:48:24 - mmengine - INFO -   row min/max/mean: 226.9 / 703.6 / 382.4
04/09 01:48:24 - mmengine - INFO - ------------------------------------------------------------------------
04/09 01:48:24 - mmengine - INFO -   MULTI-HIT / OVERWRITE ANALYSIS (full-res depth map)
04/09 01:48:24 - mmengine - INFO -   total LiDAR hits on image:     50570
04/09 01:48:24 - mmengine - INFO -   unique pixels occupied:         45944
04/09 01:48:24 - mmengine - INFO -   pixels with >1 hit:             4354
04/09 01:48:24 - mmengine - INFO -   overwritten points (lost):      4626  (9.1%)
04/09 01:48:24 - mmengine - INFO -   multi-hit max/mean:             4 / 2.1
04/09 01:48:24 - mmengine - INFO -   full-res occupancy:             45944 / 878592 = 5.229%
04/09 01:48:25 - mmengine - INFO - ------------------------------------------------------------------------
04/09 01:48:25 - mmengine - INFO -   OCCUPANCY THROUGH DEPTH PIPELINE
04/09 01:48:25 - mmengine - INFO -   sparse_depth (full-res):  (1, 1, 704, 1248)
04/09 01:48:25 - mmengine - INFO -     nonzero: 156662 / 878592  (17.831%)
04/09 01:48:25 - mmengine - INFO -     active rows: 479/704  cols: 1248/1248
04/09 01:48:25 - mmengine - INFO -   dtransform output:        (1, 64, 88, 156)
04/09 01:48:25 - mmengine - INFO -     active cells (any ch>0): 13728 / 13728  (100.00%)
04/09 01:48:25 - mmengine - INFO -   img_features:             (1, 1, 256, 88, 156)
04/09 01:48:25 - mmengine - INFO -   depthnet output:          (1, 258, 88, 156)
04/09 01:48:25 - mmengine - INFO -   camera BEV:               (1, 80, 180, 180)
04/09 01:48:28 - mmengine - INFO -   Saved /home/users/u103958/projects/multimodal-MoE/outputs/runs/zod_camera_only/zod-cam-only_4461334/debug/sparse_depth_pipeline.png
04/09 01:48:30 - mmengine - INFO -   Saved /home/users/u103958/projects/multimodal-MoE/outputs/runs/zod_camera_only/zod-cam-only_4461334/debug/lidar_projection_overlay.png
04/09 01:48:30 - mmengine - INFO - ========================================================================
04/09 01:48:36 - mmengine - INFO - Epoch(val)  [7][  50/1250]    eta: 0:02:42  time: 0.1355  data_time: 0.0121  memory: 4784  
04/09 01:48:43 - mmengine - INFO - Epoch(val)  [7][ 100/1250]    eta: 0:02:33  time: 0.1310  data_time: 0.0057  memory: 4790  
04/09 01:48:49 - mmengine - INFO - Epoch(val)  [7][ 150/1250]    eta: 0:02:24  time: 0.1280  data_time: 0.0059  memory: 4793  
04/09 01:48:56 - mmengine - INFO - Epoch(val)  [7][ 200/1250]    eta: 0:02:16  time: 0.1247  data_time: 0.0057  memory: 4790  
04/09 01:49:02 - mmengine - INFO - Epoch(val)  [7][ 250/1250]    eta: 0:02:08  time: 0.1249  data_time: 0.0056  memory: 4780  
04/09 01:49:08 - mmengine - INFO - Epoch(val)  [7][ 300/1250]    eta: 0:02:02  time: 0.1312  data_time: 0.0057  memory: 4788  
04/09 01:49:15 - mmengine - INFO - Epoch(val)  [7][ 350/1250]    eta: 0:01:56  time: 0.1288  data_time: 0.0055  memory: 4791  
04/09 01:49:21 - mmengine - INFO - Epoch(val)  [7][ 400/1250]    eta: 0:01:49  time: 0.1261  data_time: 0.0063  memory: 4780  
04/09 01:49:28 - mmengine - INFO - Epoch(val)  [7][ 450/1250]    eta: 0:01:43  time: 0.1322  data_time: 0.0065  memory: 4784  
04/09 01:49:34 - mmengine - INFO - Epoch(val)  [7][ 500/1250]    eta: 0:01:36  time: 0.1298  data_time: 0.0061  memory: 4784  
04/09 01:49:41 - mmengine - INFO - Epoch(val)  [7][ 550/1250]    eta: 0:01:30  time: 0.1233  data_time: 0.0055  memory: 4784  
04/09 01:49:47 - mmengine - INFO - Epoch(val)  [7][ 600/1250]    eta: 0:01:23  time: 0.1253  data_time: 0.0054  memory: 4788  
04/09 01:49:53 - mmengine - INFO - Epoch(val)  [7][ 650/1250]    eta: 0:01:16  time: 0.1238  data_time: 0.0055  memory: 4788  
04/09 01:49:59 - mmengine - INFO - Epoch(val)  [7][ 700/1250]    eta: 0:01:10  time: 0.1291  data_time: 0.0054  memory: 4784  
04/09 01:50:06 - mmengine - INFO - Epoch(val)  [7][ 750/1250]    eta: 0:01:04  time: 0.1263  data_time: 0.0054  memory: 4787  
04/09 01:50:12 - mmengine - INFO - Epoch(val)  [7][ 800/1250]    eta: 0:00:57  time: 0.1251  data_time: 0.0054  memory: 4782  
04/09 01:50:18 - mmengine - INFO - Epoch(val)  [7][ 850/1250]    eta: 0:00:51  time: 0.1288  data_time: 0.0053  memory: 4787  
04/09 01:50:25 - mmengine - INFO - Epoch(val)  [7][ 900/1250]    eta: 0:00:44  time: 0.1312  data_time: 0.0064  memory: 4791  
04/09 01:50:31 - mmengine - INFO - Epoch(val)  [7][ 950/1250]    eta: 0:00:38  time: 0.1241  data_time: 0.0053  memory: 4787  
04/09 01:50:38 - mmengine - INFO - Epoch(val)  [7][1000/1250]    eta: 0:00:32  time: 0.1315  data_time: 0.0054  memory: 4790  
04/09 01:50:44 - mmengine - INFO - Epoch(val)  [7][1050/1250]    eta: 0:00:25  time: 0.1269  data_time: 0.0058  memory: 4790  
04/09 01:50:50 - mmengine - INFO - Epoch(val)  [7][1100/1250]    eta: 0:00:19  time: 0.1240  data_time: 0.0054  memory: 4790  
04/09 01:50:57 - mmengine - INFO - Epoch(val)  [7][1150/1250]    eta: 0:00:12  time: 0.1329  data_time: 0.0063  memory: 4786  
04/09 01:51:04 - mmengine - INFO - Epoch(val)  [7][1200/1250]    eta: 0:00:06  time: 0.1344  data_time: 0.0066  memory: 4783  
04/09 01:51:10 - mmengine - INFO - Epoch(val)  [7][1250/1250]    eta: 0:00:00  time: 0.1306  data_time: 0.0055  memory: 4787  
04/09 01:52:24 - mmengine - INFO - 
+------------+---------+---------+---------+---------+
| classes    | AP_0.25 | AR_0.25 | AP_0.50 | AR_0.50 |
+------------+---------+---------+---------+---------+
| pedestrian | 0.0000  | 0.0187  | 0.0000  | 0.0017  |
+------------+---------+---------+---------+---------+
| Overall    | 0.0000  | 0.0187  | 0.0000  | 0.0017  |
+------------+---------+---------+---------+---------+
04/09 01:52:54 - mmengine - INFO - 
+------------+---------+---------+---------+---------+---------+---------+---------+---------+
| classes    | AP_0.5m | AR_0.5m | AP_1.0m | AR_1.0m | AP_2.0m | AR_2.0m | AP_4.0m | AR_4.0m |
+------------+---------+---------+---------+---------+---------+---------+---------+---------+
| pedestrian | 0.0001  | 0.0458  | 0.0006  | 0.1143  | 0.0019  | 0.1822  | 0.0041  | 0.2467  |
+------------+---------+---------+---------+---------+---------+---------+---------+---------+
| Overall    | 0.0001  | 0.0458  | 0.0006  | 0.1143  | 0.0019  | 0.1822  | 0.0041  | 0.2467  |
+------------+---------+---------+---------+---------+---------+---------+---------+---------+
04/09 01:52:55 - mmengine - INFO - Epoch(val) [7][1250/1250]    pedestrian_AP_0.25: 0.0000  mAP_0.25: 0.0000  pedestrian_rec_0.25: 0.0187  mAR_0.25: 0.0187  pedestrian_AP_0.50: 0.0000  mAP_0.50: 0.0000  pedestrian_rec_0.50: 0.0017  mAR_0.50: 0.0017  pedestrian_AP_0.5m: 0.0001  pedestrian_rec_0.5m: 0.0458  pedestrian_AP_1.0m: 0.0006  pedestrian_rec_1.0m: 0.1143  pedestrian_AP_2.0m: 0.0019  pedestrian_rec_2.0m: 0.1822  pedestrian_AP_4.0m: 0.0041  pedestrian_rec_4.0m: 0.2467  mAP_0.5m: 0.0001  mAR_0.5m: 0.0458  mAP_1.0m: 0.0006  mAR_1.0m: 0.1143  mAP_2.0m: 0.0019  mAR_2.0m: 0.1822  mAP_4.0m: 0.0041  mAR_4.0m: 0.2467  data_time: 0.0060  time: 0.1284
04/09 01:53:25 - mmengine - INFO - Epoch(train)  [8][  50/5000]  lr: 3.4478e-04  eta: 3:16:27  time: 0.5866  data_time: 0.0365  memory: 15693  grad_norm: 41.4216  loss: 9.4755  loss_heatmap: 3.1089  layer_-1_loss_cls: 0.3369  layer_-1_loss_bbox: 4.8571  matched_ious: 0.0210  aux_depth_loss: 1.1726  sec_per_iter: 0.4811  iters_per_sec: 2.0800  samples_per_sec: 33.2600  samples_per_sec_per_gpu: 8.3100  max_mem_allocated_mb: 607.2000  max_mem_reserved_mb: 21978.0000
04/09 01:53:49 - mmengine - INFO - Epoch(train)  [8][ 100/5000]  lr: 3.4387e-04  eta: 3:16:04  time: 0.4734  data_time: 0.0140  memory: 15694  grad_norm: 42.4780  loss: 9.6979  loss_heatmap: 3.1418  layer_-1_loss_cls: 0.3349  layer_-1_loss_bbox: 5.0485  matched_ious: 0.0099  aux_depth_loss: 1.1726  sec_per_iter: 0.5876  iters_per_sec: 1.7000  samples_per_sec: 27.2300  samples_per_sec_per_gpu: 6.8100  max_mem_allocated_mb: 607.2000  max_mem_reserved_mb: 21978.0000
04/09 01:54:14 - mmengine - INFO - Epoch(train)  [8][ 150/5000]  lr: 3.4296e-04  eta: 3:15:41  time: 0.5122  data_time: 0.0117  memory: 15694  grad_norm: 58.8201  loss: 9.6797  loss_heatmap: 3.2114  layer_-1_loss_cls: 0.3419  layer_-1_loss_bbox: 4.9465  matched_ious: 0.0122  aux_depth_loss: 1.1799  sec_per_iter: 0.5302  iters_per_sec: 1.8900  samples_per_sec: 30.1800  samples_per_sec_per_gpu: 7.5400  max_mem_allocated_mb: 607.2000  max_mem_reserved_mb: 21978.0000
04/09 01:54:39 - mmengine - INFO - Epoch(train)  [8][ 200/5000]  lr: 3.4205e-04  eta: 3:15:18  time: 0.4893  data_time: 0.0134  memory: 15697  grad_norm: 47.2818  loss: 9.3441  loss_heatmap: 3.1716  layer_-1_loss_cls: 0.3392  layer_-1_loss_bbox: 4.6636  matched_ious: 0.0137  aux_depth_loss: 1.1696  sec_per_iter: 0.5242  iters_per_sec: 1.9100  samples_per_sec: 30.5200  samples_per_sec_per_gpu: 7.6300  max_mem_allocated_mb: 607.2000  max_mem_reserved_mb: 21978.0000
04/09 01:55:01 - mmengine - INFO - Epoch(train)  [8][ 250/5000]  lr: 3.4114e-04  eta: 3:14:54  time: 0.4564  data_time: 0.0123  memory: 15696  grad_norm: 51.7619  loss: 9.5146  loss_heatmap: 3.1336  layer_-1_loss_cls: 0.3326  layer_-1_loss_bbox: 4.8707  matched_ious: 0.0157  aux_depth_loss: 1.1777  sec_per_iter: 0.5155  iters_per_sec: 1.9400  samples_per_sec: 31.0400  samples_per_sec_per_gpu: 7.7600  max_mem_allocated_mb: 607.2000  max_mem_reserved_mb: 21978.0000
04/09 01:55:27 - mmengine - INFO - Epoch(train)  [8][ 300/5000]  lr: 3.4022e-04  eta: 3:14:32  time: 0.5027  data_time: 0.0127  memory: 15695  grad_norm: 56.4059  loss: 9.5256  loss_heatmap: 3.1842  layer_-1_loss_cls: 0.3354  layer_-1_loss_bbox: 4.7683  matched_ious: 0.0113  aux_depth_loss: 1.2377  sec_per_iter: 0.5037  iters_per_sec: 1.9900  samples_per_sec: 31.7700  samples_per_sec_per_gpu: 7.9400  max_mem_allocated_mb: 607.2000  max_mem_reserved_mb: 21978.0000
04/09 01:55:50 - mmengine - INFO - Epoch(train)  [8][ 350/5000]  lr: 3.3931e-04  eta: 3:14:08  time: 0.4661  data_time: 0.0135  memory: 15695  grad_norm: 63.5442  loss: 9.8601  loss_heatmap: 3.2845  layer_-1_loss_cls: 0.3314  layer_-1_loss_bbox: 4.9335  matched_ious: 0.0017  aux_depth_loss: 1.3106  sec_per_iter: 0.5036  iters_per_sec: 1.9900  samples_per_sec: 31.7700  samples_per_sec_per_gpu: 7.9400  max_mem_allocated_mb: 607.2000  max_mem_reserved_mb: 21978.0000
04/09 01:56:14 - mmengine - INFO - Epoch(train)  [8][ 400/5000]  lr: 3.3839e-04  eta: 3:13:44  time: 0.4819  data_time: 0.0137  memory: 15695  grad_norm: 53.1949  loss: 9.5346  loss_heatmap: 3.2729  layer_-1_loss_cls: 0.3430  layer_-1_loss_bbox: 4.6167  matched_ious: 0.0051  aux_depth_loss: 1.3020  sec_per_iter: 0.4982  iters_per_sec: 2.0100  samples_per_sec: 32.1200  samples_per_sec_per_gpu: 8.0300  max_mem_allocated_mb: 607.2000  max_mem_reserved_mb: 21978.0000
04/09 01:56:37 - mmengine - INFO - Epoch(train)  [8][ 450/5000]  lr: 3.3747e-04  eta: 3:13:21  time: 0.4637  data_time: 0.0125  memory: 15695  grad_norm: 40.3678  loss: 9.5484  loss_heatmap: 3.2208  layer_-1_loss_cls: 0.3297  layer_-1_loss_bbox: 4.7289  matched_ious: 0.0045  aux_depth_loss: 1.2691  sec_per_iter: 0.4962  iters_per_sec: 2.0200  samples_per_sec: 32.2500  samples_per_sec_per_gpu: 8.0600  max_mem_allocated_mb: 607.2000  max_mem_reserved_mb: 21978.0000
04/09 01:57:00 - mmengine - INFO - Epoch(train)  [8][ 500/5000]  lr: 3.3655e-04  eta: 3:12:56  time: 0.4599  data_time: 0.0141  memory: 15695  grad_norm: 40.5381  loss: 9.6218  loss_heatmap: 3.2631  layer_-1_loss_cls: 0.3361  layer_-1_loss_bbox: 4.7279  matched_ious: 0.0004  aux_depth_loss: 1.2948  sec_per_iter: 0.4926  iters_per_sec: 2.0300  samples_per_sec: 32.4800  samples_per_sec_per_gpu: 8.1200  max_mem_allocated_mb: 607.2000  max_mem_reserved_mb: 21978.0000
04/09 01:57:25 - mmengine - INFO - Epoch(train)  [8][ 550/5000]  lr: 3.3563e-04  eta: 3:12:34  time: 0.4998  data_time: 0.0124  memory: 15694  grad_norm: 60.2163  loss: 9.5781  loss_heatmap: 3.2145  layer_-1_loss_cls: 0.3268  layer_-1_loss_bbox: 4.7672  matched_ious: 0.0274  aux_depth_loss: 1.2696  sec_per_iter: 0.4893  iters_per_sec: 2.0400  samples_per_sec: 32.7000  samples_per_sec_per_gpu: 8.1700  max_mem_allocated_mb: 607.2000  max_mem_reserved_mb: 21978.0000
04/09 01:57:49 - mmengine - INFO - Epoch(train)  [8][ 600/5000]  lr: 3.3470e-04  eta: 3:12:10  time: 0.4730  data_time: 0.0113  memory: 15696  grad_norm: 48.8493  loss: 9.8998  loss_heatmap: 3.2374  layer_-1_loss_cls: 0.3374  layer_-1_loss_bbox: 5.0348  matched_ious: 0.0000  aux_depth_loss: 1.2902  sec_per_iter: 0.4902  iters_per_sec: 2.0400  samples_per_sec: 32.6400  samples_per_sec_per_gpu: 8.1600  max_mem_allocated_mb: 607.2000  max_mem_reserved_mb: 21978.0000
04/09 01:58:12 - mmengine - INFO - Epoch(train)  [8][ 650/5000]  lr: 3.3378e-04  eta: 3:11:47  time: 0.4711  data_time: 0.0118  memory: 15695  grad_norm: 60.2190  loss: 10.5234  loss_heatmap: 3.2743  layer_-1_loss_cls: 0.3275  layer_-1_loss_bbox: 5.5209  matched_ious: 0.0046  aux_depth_loss: 1.4007  sec_per_iter: 0.4888  iters_per_sec: 2.0500  samples_per_sec: 32.7300  samples_per_sec_per_gpu: 8.1800  max_mem_allocated_mb: 607.2000  max_mem_reserved_mb: 21978.0000
04/09 01:58:37 - mmengine - INFO - Epoch(train)  [8][ 700/5000]  lr: 3.3285e-04  eta: 3:11:23  time: 0.4827  data_time: 0.0123  memory: 15693  grad_norm: 48.4274  loss: 10.3168  loss_heatmap: 3.2599  layer_-1_loss_cls: 0.3255  layer_-1_loss_bbox: 5.3098  matched_ious: 0.0085  aux_depth_loss: 1.4215  sec_per_iter: 0.4875  iters_per_sec: 2.0500  samples_per_sec: 32.8200  samples_per_sec_per_gpu: 8.2100  max_mem_allocated_mb: 607.2000  max_mem_reserved_mb: 21978.0000
04/09 01:59:00 - mmengine - INFO - Epoch(train)  [8][ 750/5000]  lr: 3.3193e-04  eta: 3:10:59  time: 0.4689  data_time: 0.0120  memory: 15694  grad_norm: 41.2170  loss: 10.0040  loss_heatmap: 3.3085  layer_-1_loss_cls: 0.3378  layer_-1_loss_bbox: 4.9696  matched_ious: 0.0073  aux_depth_loss: 1.3880  sec_per_iter: 0.4871  iters_per_sec: 2.0500  samples_per_sec: 32.8400  samples_per_sec_per_gpu: 8.2100  max_mem_allocated_mb: 607.2000  max_mem_reserved_mb: 21978.0000
04/09 01:59:23 - mmengine - INFO - Epoch(train)  [8][ 800/5000]  lr: 3.3100e-04  eta: 3:10:36  time: 0.4651  data_time: 0.0131  memory: 15696  grad_norm: 46.0343  loss: 9.9176  loss_heatmap: 3.2487  layer_-1_loss_cls: 0.3323  layer_-1_loss_bbox: 4.9932  matched_ious: 0.0025  aux_depth_loss: 1.3433  sec_per_iter: 0.4859  iters_per_sec: 2.0600  samples_per_sec: 32.9300  samples_per_sec_per_gpu: 8.2300  max_mem_allocated_mb: 607.2000  max_mem_reserved_mb: 21978.0000
04/09 01:59:48 - mmengine - INFO - Epoch(train)  [8][ 850/5000]  lr: 3.3007e-04  eta: 3:10:13  time: 0.5003  data_time: 0.0133  memory: 15695  grad_norm: 44.0746  loss: 9.7268  loss_heatmap: 3.2295  layer_-1_loss_cls: 0.3304  layer_-1_loss_bbox: 4.8531  matched_ious: 0.0009  aux_depth_loss: 1.3138  sec_per_iter: 0.4846  iters_per_sec: 2.0600  samples_per_sec: 33.0200  samples_per_sec_per_gpu: 8.2500  max_mem_allocated_mb: 607.2000  max_mem_reserved_mb: 21978.0000
04/09 02:00:12 - mmengine - INFO - Epoch(train)  [8][ 900/5000]  lr: 3.2914e-04  eta: 3:09:49  time: 0.4688  data_time: 0.0117  memory: 15696  grad_norm: 296.7090  loss: 9.7709  loss_heatmap: 3.1822  layer_-1_loss_cls: 0.3275  layer_-1_loss_bbox: 4.7441  matched_ious: 0.0161  aux_depth_loss: 1.5171  sec_per_iter: 0.4855  iters_per_sec: 2.0600  samples_per_sec: 32.9500  samples_per_sec_per_gpu: 8.2400  max_mem_allocated_mb: 607.2000  max_mem_reserved_mb: 21978.0000
04/09 02:00:35 - mmengine - INFO - Epoch(train)  [8][ 950/5000]  lr: 3.2821e-04  eta: 3:09:25  time: 0.4676  data_time: 0.0129  memory: 15694  grad_norm: 60.3224  loss: 9.6851  loss_heatmap: 3.2116  layer_-1_loss_cls: 0.3245  layer_-1_loss_bbox: 4.7621  matched_ious: 0.0018  aux_depth_loss: 1.3869  sec_per_iter: 0.4846  iters_per_sec: 2.0600  samples_per_sec: 33.0200  samples_per_sec_per_gpu: 8.2500  max_mem_allocated_mb: 607.2000  max_mem_reserved_mb: 21978.0000
04/09 02:01:00 - mmengine - INFO - Exp name: zod_camera_only_20260408_204407
04/09 02:01:00 - mmengine - INFO - Epoch(train)  [8][1000/5000]  lr: 3.2727e-04  eta: 3:09:03  time: 0.5060  data_time: 0.0149  memory: 15695  grad_norm: 49.5632  loss: 9.6986  loss_heatmap: 3.2056  layer_-1_loss_cls: 0.3230  layer_-1_loss_bbox: 4.9100  matched_ious: 0.0083  aux_depth_loss: 1.2600  sec_per_iter: 0.4837  iters_per_sec: 2.0700  samples_per_sec: 33.0800  samples_per_sec_per_gpu: 8.2700  max_mem_allocated_mb: 607.2000  max_mem_reserved_mb: 21978.0000
04/09 02:01:24 - mmengine - INFO - Epoch(train)  [8][1050/5000]  lr: 3.2634e-04  eta: 3:08:39  time: 0.4739  data_time: 0.0146  memory: 15695  grad_norm: 37.1759  loss: 9.7215  loss_heatmap: 3.2004  layer_-1_loss_cls: 0.3332  layer_-1_loss_bbox: 4.9935  matched_ious: 0.0026  aux_depth_loss: 1.1944  sec_per_iter: 0.4848  iters_per_sec: 2.0600  samples_per_sec: 33.0000  samples_per_sec_per_gpu: 8.2500  max_mem_allocated_mb: 607.2000  max_mem_reserved_mb: 21978.0000
04/09 02:01:49 - mmengine - INFO - Epoch(train)  [8][1100/5000]  lr: 3.2540e-04  eta: 3:08:16  time: 0.4982  data_time: 0.0145  memory: 15695  grad_norm: 35.8808  loss: 9.3978  loss_heatmap: 3.1794  layer_-1_loss_cls: 0.3310  layer_-1_loss_bbox: 4.7061  matched_ious: 0.0202  aux_depth_loss: 1.1813  sec_per_iter: 0.4843  iters_per_sec: 2.0600  samples_per_sec: 33.0400  samples_per_sec_per_gpu: 8.2600  max_mem_allocated_mb: 607.2000  max_mem_reserved_mb: 21978.0000
04/09 02:02:12 - mmengine - INFO - Epoch(train)  [8][1150/5000]  lr: 3.2447e-04  eta: 3:07:53  time: 0.4658  data_time: 0.0128  memory: 15695  grad_norm: 33.6022  loss: 9.4675  loss_heatmap: 3.1568  layer_-1_loss_cls: 0.3304  layer_-1_loss_bbox: 4.7590  matched_ious: 0.0172  aux_depth_loss: 1.2212  sec_per_iter: 0.4850  iters_per_sec: 2.0600  samples_per_sec: 32.9900  samples_per_sec_per_gpu: 8.2500  max_mem_allocated_mb: 607.2000  max_mem_reserved_mb: 21978.0000
04/09 02:02:37 - mmengine - INFO - Epoch(train)  [8][1200/5000]  lr: 3.2353e-04  eta: 3:07:30  time: 0.5020  data_time: 0.0119  memory: 15695  grad_norm: 21.3811  loss: 9.4421  loss_heatmap: 3.1858  layer_-1_loss_cls: 0.3321  layer_-1_loss_bbox: 4.7554  matched_ious: 0.0210  aux_depth_loss: 1.1687  sec_per_iter: 0.4841  iters_per_sec: 2.0700  samples_per_sec: 33.0500  samples_per_sec_per_gpu: 8.2600  max_mem_allocated_mb: 607.2000  max_mem_reserved_mb: 21978.0000
04/09 02:03:01 - mmengine - INFO - Epoch(train)  [8][1250/5000]  lr: 3.2259e-04  eta: 3:07:06  time: 0.4673  data_time: 0.0119  memory: 15695  grad_norm: 21.1816  loss: 9.6000  loss_heatmap: 3.2059  layer_-1_loss_cls: 0.3335  layer_-1_loss_bbox: 4.9027  matched_ious: 0.0023  aux_depth_loss: 1.1580  sec_per_iter: 0.4849  iters_per_sec: 2.0600  samples_per_sec: 33.0000  samples_per_sec_per_gpu: 8.2500  max_mem_allocated_mb: 607.2000  max_mem_reserved_mb: 21978.0000
04/09 02:03:25 - mmengine - INFO - Epoch(train)  [8][1300/5000]  lr: 3.2165e-04  eta: 3:06:43  time: 0.4851  data_time: 0.0123  memory: 15695  grad_norm: 15.9988  loss: 9.5075  loss_heatmap: 3.1407  layer_-1_loss_cls: 0.3305  layer_-1_loss_bbox: 4.8723  matched_ious: 0.0127  aux_depth_loss: 1.1640  sec_per_iter: 0.4842  iters_per_sec: 2.0700  samples_per_sec: 33.0500  samples_per_sec_per_gpu: 8.2600  max_mem_allocated_mb: 607.2000  max_mem_reserved_mb: 21978.0000
04/09 02:03:50 - mmengine - INFO - Epoch(train)  [8][1350/5000]  lr: 3.2071e-04  eta: 3:06:20  time: 0.5027  data_time: 0.0127  memory: 15698  grad_norm: 11.5579  loss: 9.4550  loss_heatmap: 3.1174  layer_-1_loss_cls: 0.3305  layer_-1_loss_bbox: 4.8367  matched_ious: 0.0187  aux_depth_loss: 1.1703  sec_per_iter: 0.4842  iters_per_sec: 2.0700  samples_per_sec: 33.0400  samples_per_sec_per_gpu: 8.2600  max_mem_allocated_mb: 607.2000  max_mem_reserved_mb: 21978.0000
04/09 02:04:13 - mmengine - INFO - Epoch(train)  [8][1400/5000]  lr: 3.1977e-04  eta: 3:05:56  time: 0.4637  data_time: 0.0147  memory: 15696  grad_norm: 9.3136  loss: 9.2344  loss_heatmap: 3.1198  layer_-1_loss_cls: 0.3289  layer_-1_loss_bbox: 4.6544  matched_ious: 0.0160  aux_depth_loss: 1.1313  sec_per_iter: 0.4849  iters_per_sec: 2.0600  samples_per_sec: 33.0000  samples_per_sec_per_gpu: 8.2500  max_mem_allocated_mb: 607.2000  max_mem_reserved_mb: 21978.0000
04/09 02:04:37 - mmengine - INFO - Epoch(train)  [8][1450/5000]  lr: 3.1883e-04  eta: 3:05:33  time: 0.4824  data_time: 0.0119  memory: 15694  grad_norm: 8.8866  loss: 9.2665  loss_heatmap: 3.1130  layer_-1_loss_cls: 0.3330  layer_-1_loss_bbox: 4.6820  matched_ious: 0.0031  aux_depth_loss: 1.1385  sec_per_iter: 0.4841  iters_per_sec: 2.0700  samples_per_sec: 33.0500  samples_per_sec_per_gpu: 8.2600  max_mem_allocated_mb: 607.2000  max_mem_reserved_mb: 21978.0000
04/09 02:05:00 - mmengine - INFO - Epoch(train)  [8][1500/5000]  lr: 3.1788e-04  eta: 3:05:09  time: 0.4531  data_time: 0.0119  memory: 15696  grad_norm: 9.7492  loss: 9.2287  loss_heatmap: 3.0644  layer_-1_loss_cls: 0.3342  layer_-1_loss_bbox: 4.7286  matched_ious: 0.0084  aux_depth_loss: 1.1013  sec_per_iter: 0.4841  iters_per_sec: 2.0700  samples_per_sec: 33.0500  samples_per_sec_per_gpu: 8.2600  max_mem_allocated_mb: 607.2000  max_mem_reserved_mb: 21978.0000
04/09 02:05:27 - mmengine - INFO - Epoch(train)  [8][1550/5000]  lr: 3.1694e-04  eta: 3:04:47  time: 0.5283  data_time: 0.0127  memory: 15699  grad_norm: 11.5984  loss: 9.3418  loss_heatmap: 3.0725  layer_-1_loss_cls: 0.3342  layer_-1_loss_bbox: 4.8374  matched_ious: 0.0132  aux_depth_loss: 1.0976  sec_per_iter: 0.4830  iters_per_sec: 2.0700  samples_per_sec: 33.1200  samples_per_sec_per_gpu: 8.2800  max_mem_allocated_mb: 607.2000  max_mem_reserved_mb: 21978.0000
04/09 02:05:50 - mmengine - INFO - Epoch(train)  [8][1600/5000]  lr: 3.1599e-04  eta: 3:04:23  time: 0.4658  data_time: 0.0152  memory: 15696  grad_norm: 11.4385  loss: 9.2235  loss_heatmap: 3.0758  layer_-1_loss_cls: 0.3355  layer_-1_loss_bbox: 4.7395  matched_ious: 0.0436  aux_depth_loss: 1.0726  sec_per_iter: 0.4845  iters_per_sec: 2.0600  samples_per_sec: 33.0200  samples_per_sec_per_gpu: 8.2600  max_mem_allocated_mb: 607.2000  max_mem_reserved_mb: 21978.0000
04/09 02:06:14 - mmengine - INFO - Epoch(train)  [8][1650/5000]  lr: 3.1504e-04  eta: 3:03:59  time: 0.4755  data_time: 0.0118  memory: 15695  grad_norm: 14.6487  loss: 9.2873  loss_heatmap: 3.1143  layer_-1_loss_cls: 0.3365  layer_-1_loss_bbox: 4.7489  matched_ious: 0.0147  aux_depth_loss: 1.0875  sec_per_iter: 0.4839  iters_per_sec: 2.0700  samples_per_sec: 33.0600  samples_per_sec_per_gpu: 8.2700  max_mem_allocated_mb: 607.2000  max_mem_reserved_mb: 21978.0000
04/09 02:06:38 - mmengine - INFO - Epoch(train)  [8][1700/5000]  lr: 3.1409e-04  eta: 3:03:37  time: 0.4974  data_time: 0.0128  memory: 15693  grad_norm: 14.4346  loss: 9.0067  loss_heatmap: 3.0556  layer_-1_loss_cls: 0.3379  layer_-1_loss_bbox: 4.5093  matched_ious: 0.0047  aux_depth_loss: 1.1040  sec_per_iter: 0.4837  iters_per_sec: 2.0700  samples_per_sec: 33.0800  samples_per_sec_per_gpu: 8.2700  max_mem_allocated_mb: 607.2000  max_mem_reserved_mb: 21978.0000
04/09 02:07:02 - mmengine - INFO - Epoch(train)  [8][1750/5000]  lr: 3.1314e-04  eta: 3:03:13  time: 0.4683  data_time: 0.0122  memory: 15693  grad_norm: 12.5936  loss: 9.0439  loss_heatmap: 3.0233  layer_-1_loss_cls: 0.3385  layer_-1_loss_bbox: 4.6306  matched_ious: 0.0180  aux_depth_loss: 1.0515  sec_per_iter: 0.4841  iters_per_sec: 2.0700  samples_per_sec: 33.0500  samples_per_sec_per_gpu: 8.2600  max_mem_allocated_mb: 607.2000  max_mem_reserved_mb: 21978.0000
04/09 02:07:27 - mmengine - INFO - Epoch(train)  [8][1800/5000]  lr: 3.1219e-04  eta: 3:02:50  time: 0.5097  data_time: 0.0152  memory: 15695  grad_norm: 39.5900  loss: 9.2432  loss_heatmap: 3.0484  layer_-1_loss_cls: 0.3436  layer_-1_loss_bbox: 4.7604  matched_ious: 0.0030  aux_depth_loss: 1.0908  sec_per_iter: 0.4836  iters_per_sec: 2.0700  samples_per_sec: 33.0800  samples_per_sec_per_gpu: 8.2700  max_mem_allocated_mb: 607.2000  max_mem_reserved_mb: 21978.0000
04/09 02:07:51 - mmengine - INFO - Epoch(train)  [8][1850/5000]  lr: 3.1124e-04  eta: 3:02:27  time: 0.4738  data_time: 0.0126  memory: 15695  grad_norm: 23.6980  loss: 9.1680  loss_heatmap: 3.0385  layer_-1_loss_cls: 0.3492  layer_-1_loss_bbox: 4.6855  matched_ious: 0.0078  aux_depth_loss: 1.0948  sec_per_iter: 0.4844  iters_per_sec: 2.0600  samples_per_sec: 33.0300  samples_per_sec_per_gpu: 8.2600  max_mem_allocated_mb: 607.2000  max_mem_reserved_mb: 21978.0000
04/09 02:08:15 - mmengine - INFO - Epoch(train)  [8][1900/5000]  lr: 3.1029e-04  eta: 3:02:03  time: 0.4708  data_time: 0.0130  memory: 15694  grad_norm: 13.0206  loss: 9.3084  loss_heatmap: 3.0575  layer_-1_loss_cls: 0.3375  layer_-1_loss_bbox: 4.8161  matched_ious: 0.0094  aux_depth_loss: 1.0973  sec_per_iter: 0.4841  iters_per_sec: 2.0700  samples_per_sec: 33.0500  samples_per_sec_per_gpu: 8.2600  max_mem_allocated_mb: 607.2000  max_mem_reserved_mb: 21978.0000
04/09 02:08:37 - mmengine - INFO - Epoch(train)  [8][1950/5000]  lr: 3.0934e-04  eta: 3:01:39  time: 0.4547  data_time: 0.0137  memory: 15694  grad_norm: 12.0098  loss: 8.9198  loss_heatmap: 3.0073  layer_-1_loss_cls: 0.3359  layer_-1_loss_bbox: 4.5363  matched_ious: 0.0030  aux_depth_loss: 1.0403  sec_per_iter: 0.4837  iters_per_sec: 2.0700  samples_per_sec: 33.0800  samples_per_sec_per_gpu: 8.2700  max_mem_allocated_mb: 607.2000  max_mem_reserved_mb: 21978.0000
04/09 02:09:01 - mmengine - INFO - Exp name: zod_camera_only_20260408_204407
04/09 02:09:01 - mmengine - INFO - Epoch(train)  [8][2000/5000]  lr: 3.0838e-04  eta: 3:01:15  time: 0.4721  data_time: 0.0147  memory: 15695  grad_norm: 11.9177  loss: 9.0345  loss_heatmap: 3.0644  layer_-1_loss_cls: 0.3443  layer_-1_loss_bbox: 4.5890  matched_ious: 0.0087  aux_depth_loss: 1.0368  sec_per_iter: 0.4830  iters_per_sec: 2.0700  samples_per_sec: 33.1300  samples_per_sec_per_gpu: 8.2800  max_mem_allocated_mb: 607.2000  max_mem_reserved_mb: 21978.0000
04/09 02:09:24 - mmengine - INFO - Epoch(train)  [8][2050/5000]  lr: 3.0743e-04  eta: 3:00:51  time: 0.4627  data_time: 0.0150  memory: 15695  grad_norm: 11.1562  loss: 8.9760  loss_heatmap: 3.0151  layer_-1_loss_cls: 0.3305  layer_-1_loss_bbox: 4.6011  matched_ious: 0.0010  aux_depth_loss: 1.0293  sec_per_iter: 0.4827  iters_per_sec: 2.0700  samples_per_sec: 33.1500  samples_per_sec_per_gpu: 8.2900  max_mem_allocated_mb: 607.2000  max_mem_reserved_mb: 21978.0000
04/09 02:09:50 - mmengine - INFO - Epoch(train)  [8][2100/5000]  lr: 3.0647e-04  eta: 3:00:29  time: 0.5124  data_time: 0.0145  memory: 15695  grad_norm: 11.5027  loss: 8.9174  loss_heatmap: 2.9861  layer_-1_loss_cls: 0.3356  layer_-1_loss_bbox: 4.5867  matched_ious: 0.0357  aux_depth_loss: 1.0090  sec_per_iter: 0.4822  iters_per_sec: 2.0700  samples_per_sec: 33.1800  samples_per_sec_per_gpu: 8.2900  max_mem_allocated_mb: 607.2000  max_mem_reserved_mb: 21978.0000
04/09 02:10:13 - mmengine - INFO - Epoch(train)  [8][2150/5000]  lr: 3.0551e-04  eta: 3:00:05  time: 0.4648  data_time: 0.0137  memory: 15695  grad_norm: 11.5377  loss: 8.6426  loss_heatmap: 2.9564  layer_-1_loss_cls: 0.3336  layer_-1_loss_bbox: 4.3271  matched_ious: 0.0155  aux_depth_loss: 1.0254  sec_per_iter: 0.4829  iters_per_sec: 2.0700  samples_per_sec: 33.1300  samples_per_sec_per_gpu: 8.2800  max_mem_allocated_mb: 607.2000  max_mem_reserved_mb: 21978.0000
04/09 02:10:36 - mmengine - INFO - Epoch(train)  [8][2200/5000]  lr: 3.0456e-04  eta: 2:59:41  time: 0.4561  data_time: 0.0117  memory: 15696  grad_norm: 12.6995  loss: 8.7910  loss_heatmap: 2.9723  layer_-1_loss_cls: 0.3406  layer_-1_loss_bbox: 4.4418  matched_ious: 0.0172  aux_depth_loss: 1.0364  sec_per_iter: 0.4825  iters_per_sec: 2.0700  samples_per_sec: 33.1600  samples_per_sec_per_gpu: 8.2900  max_mem_allocated_mb: 607.2000  max_mem_reserved_mb: 21978.0000
04/09 02:11:01 - mmengine - INFO - Epoch(train)  [8][2250/5000]  lr: 3.0360e-04  eta: 2:59:18  time: 0.5033  data_time: 0.0137  memory: 15696  grad_norm: 12.6020  loss: 9.0788  loss_heatmap: 3.0106  layer_-1_loss_cls: 0.3378  layer_-1_loss_bbox: 4.7044  matched_ious: 0.0129  aux_depth_loss: 1.0259  sec_per_iter: 0.4819  iters_per_sec: 2.0700  samples_per_sec: 33.2000  samples_per_sec_per_gpu: 8.3000  max_mem_allocated_mb: 607.2000  max_mem_reserved_mb: 21978.0000
04/09 02:11:25 - mmengine - INFO - Epoch(train)  [8][2300/5000]  lr: 3.0264e-04  eta: 2:58:54  time: 0.4762  data_time: 0.0136  memory: 15695  grad_norm: 12.4743  loss: 8.9756  loss_heatmap: 2.9848  layer_-1_loss_cls: 0.3350  layer_-1_loss_bbox: 4.6226  matched_ious: 0.0091  aux_depth_loss: 1.0331  sec_per_iter: 0.4824  iters_per_sec: 2.0700  samples_per_sec: 33.1700  samples_per_sec_per_gpu: 8.2900  max_mem_allocated_mb: 607.2000  max_mem_reserved_mb: 21978.0000
04/09 02:11:48 - mmengine - INFO - Epoch(train)  [8][2350/5000]  lr: 3.0168e-04  eta: 2:58:30  time: 0.4576  data_time: 0.0118  memory: 15695  grad_norm: 8.9592  loss: 8.9256  loss_heatmap: 2.9802  layer_-1_loss_cls: 0.3336  layer_-1_loss_bbox: 4.6120  matched_ious: 0.0032  aux_depth_loss: 0.9999  sec_per_iter: 0.4823  iters_per_sec: 2.0700  samples_per_sec: 33.1800  samples_per_sec_per_gpu: 8.2900  max_mem_allocated_mb: 607.2000  max_mem_reserved_mb: 21978.0000
04/09 02:12:11 - mmengine - INFO - Epoch(train)  [8][2400/5000]  lr: 3.0072e-04  eta: 2:58:07  time: 0.4689  data_time: 0.0126  memory: 15694  grad_norm: 12.6459  loss: 8.9325  loss_heatmap: 2.9665  layer_-1_loss_cls: 0.3302  layer_-1_loss_bbox: 4.6311  matched_ious: 0.0143  aux_depth_loss: 1.0046  sec_per_iter: 0.4817  iters_per_sec: 2.0800  samples_per_sec: 33.2100  samples_per_sec_per_gpu: 8.3000  max_mem_allocated_mb: 607.2000  max_mem_reserved_mb: 21978.0000
04/09 02:12:34 - mmengine - INFO - Epoch(train)  [8][2450/5000]  lr: 2.9976e-04  eta: 2:57:43  time: 0.4646  data_time: 0.0119  memory: 15697  grad_norm: 10.1992  loss: 8.8656  loss_heatmap: 2.9517  layer_-1_loss_cls: 0.3394  layer_-1_loss_bbox: 4.5972  matched_ious: 0.0169  aux_depth_loss: 0.9773  sec_per_iter: 0.4815  iters_per_sec: 2.0800  samples_per_sec: 33.2300  samples_per_sec_per_gpu: 8.3100  max_mem_allocated_mb: 607.2000  max_mem_reserved_mb: 21978.0000
04/09 02:12:59 - mmengine - INFO - Epoch(train)  [8][2500/5000]  lr: 2.9879e-04  eta: 2:57:20  time: 0.4988  data_time: 0.0129  memory: 15696  grad_norm: 17.2494  loss: 8.7520  loss_heatmap: 2.9414  layer_-1_loss_cls: 0.3391  layer_-1_loss_bbox: 4.4724  matched_ious: 0.0122  aux_depth_loss: 0.9992  sec_per_iter: 0.4811  iters_per_sec: 2.0800  samples_per_sec: 33.2500  samples_per_sec_per_gpu: 8.3100  max_mem_allocated_mb: 607.2000  max_mem_reserved_mb: 21978.0000
04/09 02:13:23 - mmengine - INFO - Epoch(train)  [8][2550/5000]  lr: 2.9783e-04  eta: 2:56:56  time: 0.4678  data_time: 0.0125  memory: 15694  grad_norm: 39.7586  loss: 8.9104  loss_heatmap: 2.9734  layer_-1_loss_cls: 0.3339  layer_-1_loss_bbox: 4.5856  matched_ious: 0.0144  aux_depth_loss: 1.0174  sec_per_iter: 0.4815  iters_per_sec: 2.0800  samples_per_sec: 33.2300  samples_per_sec_per_gpu: 8.3100  max_mem_allocated_mb: 607.2000  max_mem_reserved_mb: 21978.0000
04/09 02:13:46 - mmengine - INFO - Epoch(train)  [8][2600/5000]  lr: 2.9687e-04  eta: 2:56:32  time: 0.4597  data_time: 0.0119  memory: 15696  grad_norm: 13.8115  loss: 8.9825  loss_heatmap: 3.0079  layer_-1_loss_cls: 0.3411  layer_-1_loss_bbox: 4.5903  matched_ious: 0.0415  aux_depth_loss: 1.0433  sec_per_iter: 0.4812  iters_per_sec: 2.0800  samples_per_sec: 33.2500  samples_per_sec_per_gpu: 8.3100  max_mem_allocated_mb: 607.2000  max_mem_reserved_mb: 21978.0000
04/09 02:14:08 - mmengine - INFO - Epoch(train)  [8][2650/5000]  lr: 2.9590e-04  eta: 2:56:08  time: 0.4506  data_time: 0.0126  memory: 15694  grad_norm: 17.2610  loss: 9.0738  loss_heatmap: 3.0043  layer_-1_loss_cls: 0.3292  layer_-1_loss_bbox: 4.7114  matched_ious: 0.0075  aux_depth_loss: 1.0289  sec_per_iter: 0.4808  iters_per_sec: 2.0800  samples_per_sec: 33.2800  samples_per_sec_per_gpu: 8.3200  max_mem_allocated_mb: 607.2000  max_mem_reserved_mb: 21978.0000
04/09 02:14:32 - mmengine - INFO - Epoch(train)  [8][2700/5000]  lr: 2.9494e-04  eta: 2:55:44  time: 0.4861  data_time: 0.0121  memory: 15693  grad_norm: 18.1796  loss: 8.9522  loss_heatmap: 2.9983  layer_-1_loss_cls: 0.3345  layer_-1_loss_bbox: 4.6077  matched_ious: 0.0086  aux_depth_loss: 1.0117  sec_per_iter: 0.4802  iters_per_sec: 2.0800  samples_per_sec: 33.3200  samples_per_sec_per_gpu: 8.3300  max_mem_allocated_mb: 607.2000  max_mem_reserved_mb: 21978.0000
04/09 02:14:56 - mmengine - INFO - Epoch(train)  [8][2750/5000]  lr: 2.9397e-04  eta: 2:55:21  time: 0.4694  data_time: 0.0121  memory: 15696  grad_norm: 22.4939  loss: 8.9905  loss_heatmap: 3.0431  layer_-1_loss_cls: 0.3368  layer_-1_loss_bbox: 4.5716  matched_ious: 0.0044  aux_depth_loss: 1.0390  sec_per_iter: 0.4803  iters_per_sec: 2.0800  samples_per_sec: 33.3100  samples_per_sec_per_gpu: 8.3300  max_mem_allocated_mb: 607.2000  max_mem_reserved_mb: 21978.0000
04/09 02:15:19 - mmengine - INFO - Epoch(train)  [8][2800/5000]  lr: 2.9300e-04  eta: 2:54:57  time: 0.4620  data_time: 0.0120  memory: 15695  grad_norm: 20.8940  loss: 9.1012  loss_heatmap: 3.0682  layer_-1_loss_cls: 0.3404  layer_-1_loss_bbox: 4.6832  matched_ious: 0.0040  aux_depth_loss: 1.0094  sec_per_iter: 0.4801  iters_per_sec: 2.0800  samples_per_sec: 33.3200  samples_per_sec_per_gpu: 8.3300  max_mem_allocated_mb: 607.2000  max_mem_reserved_mb: 21978.0000
04/09 02:15:42 - mmengine - INFO - Epoch(train)  [8][2850/5000]  lr: 2.9204e-04  eta: 2:54:33  time: 0.4694  data_time: 0.0121  memory: 15697  grad_norm: 11.6871  loss: 8.8302  loss_heatmap: 3.0023  layer_-1_loss_cls: 0.3388  layer_-1_loss_bbox: 4.5056  matched_ious: 0.0154  aux_depth_loss: 0.9835  sec_per_iter: 0.4798  iters_per_sec: 2.0800  samples_per_sec: 33.3500  samples_per_sec_per_gpu: 8.3400  max_mem_allocated_mb: 607.2000  max_mem_reserved_mb: 21978.0000
04/09 02:16:08 - mmengine - INFO - Epoch(train)  [8][2900/5000]  lr: 2.9107e-04  eta: 2:54:10  time: 0.5086  data_time: 0.0130  memory: 15694  grad_norm: 25.5233  loss: 8.8823  loss_heatmap: 3.0356  layer_-1_loss_cls: 0.3389  layer_-1_loss_bbox: 4.5072  matched_ious: 0.0239  aux_depth_loss: 1.0006  sec_per_iter: 0.4796  iters_per_sec: 2.0800  samples_per_sec: 33.3600  samples_per_sec_per_gpu: 8.3400  max_mem_allocated_mb: 607.2000  max_mem_reserved_mb: 21978.0000
04/09 02:16:32 - mmengine - INFO - Epoch(train)  [8][2950/5000]  lr: 2.9010e-04  eta: 2:53:47  time: 0.4777  data_time: 0.0118  memory: 15694  grad_norm: 33.2503  loss: 9.1215  loss_heatmap: 3.0450  layer_-1_loss_cls: 0.3338  layer_-1_loss_bbox: 4.6347  matched_ious: 0.0269  aux_depth_loss: 1.1081  sec_per_iter: 0.4801  iters_per_sec: 2.0800  samples_per_sec: 33.3200  samples_per_sec_per_gpu: 8.3300  max_mem_allocated_mb: 607.2000  max_mem_reserved_mb: 21978.0000
04/09 02:16:55 - mmengine - INFO - Exp name: zod_camera_only_20260408_204407
04/09 02:16:55 - mmengine - INFO - Epoch(train)  [8][3000/5000]  lr: 2.8913e-04  eta: 2:53:23  time: 0.4723  data_time: 0.0119  memory: 15695  grad_norm: 22.8463  loss: 9.2501  loss_heatmap: 3.0362  layer_-1_loss_cls: 0.3432  layer_-1_loss_bbox: 4.8401  matched_ious: 0.0255  aux_depth_loss: 1.0306  sec_per_iter: 0.4801  iters_per_sec: 2.0800  samples_per_sec: 33.3300  samples_per_sec_per_gpu: 8.3300  max_mem_allocated_mb: 607.2000  max_mem_reserved_mb: 21978.0000
04/09 02:17:19 - mmengine - INFO - Epoch(train)  [8][3050/5000]  lr: 2.8816e-04  eta: 2:52:59  time: 0.4647  data_time: 0.0120  memory: 15695  grad_norm: 20.1485  loss: 9.3853  loss_heatmap: 3.0582  layer_-1_loss_cls: 0.3397  layer_-1_loss_bbox: 4.9474  matched_ious: 0.0015  aux_depth_loss: 1.0399  sec_per_iter: 0.4800  iters_per_sec: 2.0800  samples_per_sec: 33.3400  samples_per_sec_per_gpu: 8.3300  max_mem_allocated_mb: 607.2000  max_mem_reserved_mb: 21978.0000
04/09 02:17:43 - mmengine - INFO - Epoch(train)  [8][3100/5000]  lr: 2.8719e-04  eta: 2:52:36  time: 0.4949  data_time: 0.0124  memory: 15696  grad_norm: 202.4294  loss: 9.6686  loss_heatmap: 3.0999  layer_-1_loss_cls: 0.3341  layer_-1_loss_bbox: 5.0890  matched_ious: 0.0089  aux_depth_loss: 1.1457  sec_per_iter: 0.4797  iters_per_sec: 2.0800  samples_per_sec: 33.3500  samples_per_sec_per_gpu: 8.3400  max_mem_allocated_mb: 607.2000  max_mem_reserved_mb: 21978.0000
04/09 02:18:08 - mmengine - INFO - Epoch(train)  [8][3150/5000]  lr: 2.8622e-04  eta: 2:52:13  time: 0.4921  data_time: 0.0138  memory: 15694  grad_norm: 13.1454  loss: 9.5788  loss_heatmap: 3.0530  layer_-1_loss_cls: 0.3245  layer_-1_loss_bbox: 5.1218  matched_ious: 0.0021  aux_depth_loss: 1.0795  sec_per_iter: 0.4800  iters_per_sec: 2.0800  samples_per_sec: 33.3300  samples_per_sec_per_gpu: 8.3300  max_mem_allocated_mb: 607.2000  max_mem_reserved_mb: 21978.0000
04/09 02:18:32 - mmengine - INFO - Epoch(train)  [8][3200/5000]  lr: 2.8525e-04  eta: 2:51:50  time: 0.4721  data_time: 0.0122  memory: 15696  grad_norm: 16.8787  loss: 9.4609  loss_heatmap: 3.0503  layer_-1_loss_cls: 0.3319  layer_-1_loss_bbox: 5.0526  matched_ious: 0.0307  aux_depth_loss: 1.0260  sec_per_iter: 0.4802  iters_per_sec: 2.0800  samples_per_sec: 33.3200  samples_per_sec_per_gpu: 8.3300  max_mem_allocated_mb: 607.2000  max_mem_reserved_mb: 21978.0000
04/09 02:18:55 - mmengine - INFO - Epoch(train)  [8][3250/5000]  lr: 2.8427e-04  eta: 2:51:26  time: 0.4641  data_time: 0.0139  memory: 15695  grad_norm: 14.4488  loss: 9.0814  loss_heatmap: 3.0285  layer_-1_loss_cls: 0.3432  layer_-1_loss_bbox: 4.6960  matched_ious: 0.0015  aux_depth_loss: 1.0138  sec_per_iter: 0.4800  iters_per_sec: 2.0800  samples_per_sec: 33.3300  samples_per_sec_per_gpu: 8.3300  max_mem_allocated_mb: 607.2000  max_mem_reserved_mb: 21978.0000
04/09 02:19:20 - mmengine - INFO - Epoch(train)  [8][3300/5000]  lr: 2.8330e-04  eta: 2:51:03  time: 0.5106  data_time: 0.0130  memory: 15694  grad_norm: 13.1160  loss: 8.9994  loss_heatmap: 2.9812  layer_-1_loss_cls: 0.3340  layer_-1_loss_bbox: 4.6913  matched_ious: 0.0109  aux_depth_loss: 0.9929  sec_per_iter: 0.4798  iters_per_sec: 2.0800  samples_per_sec: 33.3500  samples_per_sec_per_gpu: 8.3400  max_mem_allocated_mb: 607.2000  max_mem_reserved_mb: 21978.0000
04/09 02:19:44 - mmengine - INFO - Epoch(train)  [8][3350/5000]  lr: 2.8233e-04  eta: 2:50:39  time: 0.4702  data_time: 0.0129  memory: 15696  grad_norm: 14.4200  loss: 8.9517  loss_heatmap: 2.9314  layer_-1_loss_cls: 0.3295  layer_-1_loss_bbox: 4.7137  matched_ious: 0.0407  aux_depth_loss: 0.9771  sec_per_iter: 0.4803  iters_per_sec: 2.0800  samples_per_sec: 33.3200  samples_per_sec_per_gpu: 8.3300  max_mem_allocated_mb: 607.2000  max_mem_reserved_mb: 21978.0000
04/09 02:20:07 - mmengine - INFO - Epoch(train)  [8][3400/5000]  lr: 2.8135e-04  eta: 2:50:15  time: 0.4544  data_time: 0.0117  memory: 15695  grad_norm: 17.2199  loss: 9.1259  loss_heatmap: 2.9632  layer_-1_loss_cls: 0.3352  layer_-1_loss_bbox: 4.8529  matched_ious: 0.0074  aux_depth_loss: 0.9745  sec_per_iter: 0.4801  iters_per_sec: 2.0800  samples_per_sec: 33.3300  samples_per_sec_per_gpu: 8.3300  max_mem_allocated_mb: 607.2000  max_mem_reserved_mb: 21978.0000
04/09 02:20:31 - mmengine - INFO - Epoch(train)  [8][3450/5000]  lr: 2.8038e-04  eta: 2:49:52  time: 0.4938  data_time: 0.0147  memory: 15696  grad_norm: 12.7173  loss: 9.0622  loss_heatmap: 2.9573  layer_-1_loss_cls: 0.3390  layer_-1_loss_bbox: 4.7777  matched_ious: 0.0301  aux_depth_loss: 0.9882  sec_per_iter: 0.4797  iters_per_sec: 2.0800  samples_per_sec: 33.3500  samples_per_sec_per_gpu: 8.3400  max_mem_allocated_mb: 607.2000  max_mem_reserved_mb: 21978.0000
04/09 02:20:55 - mmengine - INFO - Epoch(train)  [8][3500/5000]  lr: 2.7941e-04  eta: 2:49:28  time: 0.4704  data_time: 0.0138  memory: 15695  grad_norm: inf  loss: 9.3280  loss_heatmap: 2.9816  layer_-1_loss_cls: 0.3397  layer_-1_loss_bbox: 4.9921  matched_ious: 0.0061  aux_depth_loss: 1.0145  sec_per_iter: 0.4799  iters_per_sec: 2.0800  samples_per_sec: 33.3400  samples_per_sec_per_gpu: 8.3300  max_mem_allocated_mb: 607.2000  max_mem_reserved_mb: 21978.0000
04/09 02:21:18 - mmengine - INFO - Epoch(train)  [8][3550/5000]  lr: 2.7843e-04  eta: 2:49:04  time: 0.4656  data_time: 0.0131  memory: 15696  grad_norm: 14.8132  loss: 9.0408  loss_heatmap: 2.9582  layer_-1_loss_cls: 0.3361  layer_-1_loss_bbox: 4.7257  matched_ious: 0.0313  aux_depth_loss: 1.0208  sec_per_iter: 0.4798  iters_per_sec: 2.0800  samples_per_sec: 33.3500  samples_per_sec_per_gpu: 8.3400  max_mem_allocated_mb: 607.2000  max_mem_reserved_mb: 21978.0000
04/09 02:21:43 - mmengine - INFO - Epoch(train)  [8][3600/5000]  lr: 2.7746e-04  eta: 2:48:42  time: 0.5030  data_time: 0.0128  memory: 15694  grad_norm: 12.4558  loss: 8.9410  loss_heatmap: 2.9351  layer_-1_loss_cls: 0.3349  layer_-1_loss_bbox: 4.6837  matched_ious: 0.0131  aux_depth_loss: 0.9873  sec_per_iter: 0.4796  iters_per_sec: 2.0800  samples_per_sec: 33.3600  samples_per_sec_per_gpu: 8.3400  max_mem_allocated_mb: 607.2000  max_mem_reserved_mb: 21978.0000
04/09 02:22:06 - mmengine - INFO - Epoch(train)  [8][3650/5000]  lr: 2.7648e-04  eta: 2:48:18  time: 0.4611  data_time: 0.0118  memory: 15694  grad_norm: 15.0775  loss: 8.9683  loss_heatmap: 2.9471  layer_-1_loss_cls: 0.3317  layer_-1_loss_bbox: 4.7116  matched_ious: 0.0548  aux_depth_loss: 0.9780  sec_per_iter: 0.4799  iters_per_sec: 2.0800  samples_per_sec: 33.3400  samples_per_sec_per_gpu: 8.3300  max_mem_allocated_mb: 607.2000  max_mem_reserved_mb: 21978.0000
04/09 02:22:31 - mmengine - INFO - Epoch(train)  [8][3700/5000]  lr: 2.7550e-04  eta: 2:47:55  time: 0.4938  data_time: 0.0128  memory: 15695  grad_norm: 7.7166  loss: 8.7286  loss_heatmap: 2.8743  layer_-1_loss_cls: 0.3334  layer_-1_loss_bbox: 4.5669  matched_ious: 0.0122  aux_depth_loss: 0.9540  sec_per_iter: 0.4797  iters_per_sec: 2.0800  samples_per_sec: 33.3600  samples_per_sec_per_gpu: 8.3400  max_mem_allocated_mb: 607.2000  max_mem_reserved_mb: 21978.0000
04/09 02:22:57 - mmengine - INFO - Epoch(train)  [8][3750/5000]  lr: 2.7453e-04  eta: 2:47:32  time: 0.5218  data_time: 0.0124  memory: 15695  grad_norm: 10.1788  loss: 8.9550  loss_heatmap: 2.9385  layer_-1_loss_cls: 0.3376  layer_-1_loss_bbox: 4.6809  matched_ious: 0.0183  aux_depth_loss: 0.9981  sec_per_iter: 0.4799  iters_per_sec: 2.0800  samples_per_sec: 33.3400  samples_per_sec_per_gpu: 8.3400  max_mem_allocated_mb: 607.2000  max_mem_reserved_mb: 21978.0000
04/09 02:23:20 - mmengine - INFO - Epoch(train)  [8][3800/5000]  lr: 2.7355e-04  eta: 2:47:08  time: 0.4574  data_time: 0.0133  memory: 15695  grad_norm: 7.4096  loss: 8.8944  loss_heatmap: 2.9048  layer_-1_loss_cls: 0.3407  layer_-1_loss_bbox: 4.6867  matched_ious: 0.0047  aux_depth_loss: 0.9623  sec_per_iter: 0.4804  iters_per_sec: 2.0800  samples_per_sec: 33.3000  samples_per_sec_per_gpu: 8.3300  max_mem_allocated_mb: 607.2000  max_mem_reserved_mb: 21978.0000
04/09 02:23:45 - mmengine - INFO - Epoch(train)  [8][3850/5000]  lr: 2.7257e-04  eta: 2:46:45  time: 0.4971  data_time: 0.0131  memory: 15700  grad_norm: 130.6987  loss: 9.1884  loss_heatmap: 2.9338  layer_-1_loss_cls: 0.3391  layer_-1_loss_bbox: 4.8728  matched_ious: 0.0165  aux_depth_loss: 1.0427  sec_per_iter: 0.4801  iters_per_sec: 2.0800  samples_per_sec: 33.3200  samples_per_sec_per_gpu: 8.3300  max_mem_allocated_mb: 607.2000  max_mem_reserved_mb: 21978.0000
04/09 02:24:11 - mmengine - INFO - Epoch(train)  [8][3900/5000]  lr: 2.7159e-04  eta: 2:46:23  time: 0.5211  data_time: 0.0121  memory: 15695  grad_norm: 83.5647  loss: 8.6329  loss_heatmap: 2.8797  layer_-1_loss_cls: 0.3402  layer_-1_loss_bbox: 4.4678  matched_ious: 0.0401  aux_depth_loss: 0.9452  sec_per_iter: 0.4803  iters_per_sec: 2.0800  samples_per_sec: 33.3100  samples_per_sec_per_gpu: 8.3300  max_mem_allocated_mb: 607.2000  max_mem_reserved_mb: 21978.0000
04/09 02:24:36 - mmengine - INFO - Epoch(train)  [8][3950/5000]  lr: 2.7062e-04  eta: 2:46:00  time: 0.4946  data_time: 0.0144  memory: 15694  grad_norm: 10.8896  loss: 8.5160  loss_heatmap: 2.8791  layer_-1_loss_cls: 0.3438  layer_-1_loss_bbox: 4.3674  matched_ious: 0.0118  aux_depth_loss: 0.9257  sec_per_iter: 0.4809  iters_per_sec: 2.0800  samples_per_sec: 33.2700  samples_per_sec_per_gpu: 8.3200  max_mem_allocated_mb: 607.2000  max_mem_reserved_mb: 21978.0000
04/09 02:24:59 - mmengine - INFO - Exp name: zod_camera_only_20260408_204407
04/09 02:24:59 - mmengine - INFO - Epoch(train)  [8][4000/5000]  lr: 2.6964e-04  eta: 2:45:36  time: 0.4577  data_time: 0.0141  memory: 15697  grad_norm: 253.1269  loss: 8.6280  loss_heatmap: 2.8758  layer_-1_loss_cls: 0.3351  layer_-1_loss_bbox: 4.4769  matched_ious: 0.0278  aux_depth_loss: 0.9403  sec_per_iter: 0.4810  iters_per_sec: 2.0800  samples_per_sec: 33.2600  samples_per_sec_per_gpu: 8.3200  max_mem_allocated_mb: 607.2000  max_mem_reserved_mb: 21978.0000
04/09 02:25:22 - mmengine - INFO - Epoch(train)  [8][4050/5000]  lr: 2.6866e-04  eta: 2:45:12  time: 0.4691  data_time: 0.0126  memory: 15695  grad_norm: 33.0179  loss: 8.3287  loss_heatmap: 2.8717  layer_-1_loss_cls: 0.3436  layer_-1_loss_bbox: 4.1811  matched_ious: 0.0126  aux_depth_loss: 0.9322  sec_per_iter: 0.4807  iters_per_sec: 2.0800  samples_per_sec: 33.2800  samples_per_sec_per_gpu: 8.3200  max_mem_allocated_mb: 607.2000  max_mem_reserved_mb: 21978.0000
04/09 02:25:45 - mmengine - INFO - Epoch(train)  [8][4100/5000]  lr: 2.6768e-04  eta: 2:44:48  time: 0.4626  data_time: 0.0128  memory: 15694  grad_norm: 27.6617  loss: 8.6089  loss_heatmap: 2.8952  layer_-1_loss_cls: 0.3402  layer_-1_loss_bbox: 4.4585  matched_ious: 0.0235  aux_depth_loss: 0.9151  sec_per_iter: 0.4806  iters_per_sec: 2.0800  samples_per_sec: 33.2900  samples_per_sec_per_gpu: 8.3200  max_mem_allocated_mb: 607.2000  max_mem_reserved_mb: 21978.0000
04/09 02:26:08 - mmengine - INFO - Epoch(train)  [8][4150/5000]  lr: 2.6670e-04  eta: 2:44:24  time: 0.4614  data_time: 0.0125  memory: 15694  grad_norm: 8.3949  loss: 8.5477  loss_heatmap: 2.8898  layer_-1_loss_cls: 0.3357  layer_-1_loss_bbox: 4.4227  matched_ious: 0.0300  aux_depth_loss: 0.8994  sec_per_iter: 0.4804  iters_per_sec: 2.0800  samples_per_sec: 33.3100  samples_per_sec_per_gpu: 8.3300  max_mem_allocated_mb: 607.2000  max_mem_reserved_mb: 21978.0000
04/09 02:26:34 - mmengine - INFO - Epoch(train)  [8][4200/5000]  lr: 2.6572e-04  eta: 2:44:01  time: 0.5123  data_time: 0.0122  memory: 15696  grad_norm: 20.7493  loss: 8.4895  loss_heatmap: 2.8723  layer_-1_loss_cls: 0.3396  layer_-1_loss_bbox: 4.3530  matched_ious: 0.0176  aux_depth_loss: 0.9245  sec_per_iter: 0.4802  iters_per_sec: 2.0800  samples_per_sec: 33.3200  samples_per_sec_per_gpu: 8.3300  max_mem_allocated_mb: 607.2000  max_mem_reserved_mb: 21978.0000
04/09 02:26:57 - mmengine - INFO - Epoch(train)  [8][4250/5000]  lr: 2.6474e-04  eta: 2:43:38  time: 0.4644  data_time: 0.0119  memory: 15695  grad_norm: 18.4798  loss: 8.5303  loss_heatmap: 2.8588  layer_-1_loss_cls: 0.3434  layer_-1_loss_bbox: 4.4126  matched_ious: 0.0065  aux_depth_loss: 0.9155  sec_per_iter: 0.4805  iters_per_sec: 2.0800  samples_per_sec: 33.3000  samples_per_sec_per_gpu: 8.3200  max_mem_allocated_mb: 607.2000  max_mem_reserved_mb: 21978.0000
04/09 02:27:21 - mmengine - INFO - Epoch(train)  [8][4300/5000]  lr: 2.6376e-04  eta: 2:43:14  time: 0.4804  data_time: 0.0120  memory: 15695  grad_norm: 26.3282  loss: 8.5532  loss_heatmap: 2.8356  layer_-1_loss_cls: 0.3346  layer_-1_loss_bbox: 4.4741  matched_ious: 0.0067  aux_depth_loss: 0.9089  sec_per_iter: 0.4804  iters_per_sec: 2.0800  samples_per_sec: 33.3100  samples_per_sec_per_gpu: 8.3300  max_mem_allocated_mb: 607.2000  max_mem_reserved_mb: 21978.0000
04/09 02:27:44 - mmengine - INFO - Epoch(train)  [8][4350/5000]  lr: 2.6278e-04  eta: 2:42:50  time: 0.4623  data_time: 0.0137  memory: 15695  grad_norm: 17.8773  loss: 8.4856  loss_heatmap: 2.8311  layer_-1_loss_cls: 0.3397  layer_-1_loss_bbox: 4.4045  matched_ious: 0.0270  aux_depth_loss: 0.9103  sec_per_iter: 0.4804  iters_per_sec: 2.0800  samples_per_sec: 33.3100  samples_per_sec_per_gpu: 8.3300  max_mem_allocated_mb: 607.2000  max_mem_reserved_mb: 21978.0000
04/09 02:28:08 - mmengine - INFO - Epoch(train)  [8][4400/5000]  lr: 2.6180e-04  eta: 2:42:27  time: 0.4785  data_time: 0.0171  memory: 15694  grad_norm: 25.0356  loss: 8.3843  loss_heatmap: 2.8235  layer_-1_loss_cls: 0.3424  layer_-1_loss_bbox: 4.3182  matched_ious: 0.0201  aux_depth_loss: 0.9003  sec_per_iter: 0.4802  iters_per_sec: 2.0800  samples_per_sec: 33.3200  samples_per_sec_per_gpu: 8.3300  max_mem_allocated_mb: 607.2000  max_mem_reserved_mb: 21978.0000
04/09 02:28:31 - mmengine - INFO - Epoch(train)  [8][4450/5000]  lr: 2.6082e-04  eta: 2:42:03  time: 0.4671  data_time: 0.0121  memory: 15694  grad_norm: 35.4692  loss: 8.5952  loss_heatmap: 2.8370  layer_-1_loss_cls: 0.3386  layer_-1_loss_bbox: 4.5359  matched_ious: 0.0171  aux_depth_loss: 0.8837  sec_per_iter: 0.4801  iters_per_sec: 2.0800  samples_per_sec: 33.3200  samples_per_sec_per_gpu: 8.3300  max_mem_allocated_mb: 607.2000  max_mem_reserved_mb: 21978.0000
04/09 02:28:55 - mmengine - INFO - Epoch(train)  [8][4500/5000]  lr: 2.5984e-04  eta: 2:41:39  time: 0.4781  data_time: 0.0117  memory: 15694  grad_norm: 54.5804  loss: 8.3067  loss_heatmap: 2.8164  layer_-1_loss_cls: 0.3401  layer_-1_loss_bbox: 4.2411  matched_ious: 0.0114  aux_depth_loss: 0.9092  sec_per_iter: 0.4800  iters_per_sec: 2.0800  samples_per_sec: 33.3300  samples_per_sec_per_gpu: 8.3300  max_mem_allocated_mb: 607.2000  max_mem_reserved_mb: 21978.0000
04/09 02:29:19 - mmengine - INFO - Epoch(train)  [8][4550/5000]  lr: 2.5886e-04  eta: 2:41:16  time: 0.4814  data_time: 0.0141  memory: 15696  grad_norm: 14.8019  loss: 8.3085  loss_heatmap: 2.8080  layer_-1_loss_cls: 0.3395  layer_-1_loss_bbox: 4.2557  matched_ious: 0.0187  aux_depth_loss: 0.9052  sec_per_iter: 0.4800  iters_per_sec: 2.0800  samples_per_sec: 33.3400  samples_per_sec_per_gpu: 8.3300  max_mem_allocated_mb: 607.2000  max_mem_reserved_mb: 21978.0000
04/09 02:29:42 - mmengine - INFO - Epoch(train)  [8][4600/5000]  lr: 2.5787e-04  eta: 2:40:52  time: 0.4564  data_time: 0.0117  memory: 15699  grad_norm: 7.4925  loss: 8.1852  loss_heatmap: 2.7779  layer_-1_loss_cls: 0.3443  layer_-1_loss_bbox: 4.1855  matched_ious: 0.0187  aux_depth_loss: 0.8775  sec_per_iter: 0.4800  iters_per_sec: 2.0800  samples_per_sec: 33.3300  samples_per_sec_per_gpu: 8.3300  max_mem_allocated_mb: 607.2000  max_mem_reserved_mb: 21978.0000
04/09 02:30:07 - mmengine - INFO - Epoch(train)  [8][4650/5000]  lr: 2.5689e-04  eta: 2:40:28  time: 0.4888  data_time: 0.0117  memory: 15692  grad_norm: 14.3738  loss: 8.2561  loss_heatmap: 2.8209  layer_-1_loss_cls: 0.3477  layer_-1_loss_bbox: 4.2076  matched_ious: 0.0306  aux_depth_loss: 0.8798  sec_per_iter: 0.4797  iters_per_sec: 2.0800  samples_per_sec: 33.3500  samples_per_sec_per_gpu: 8.3400  max_mem_allocated_mb: 607.2000  max_mem_reserved_mb: 21978.0000
04/09 02:30:29 - mmengine - INFO - Epoch(train)  [8][4700/5000]  lr: 2.5591e-04  eta: 2:40:04  time: 0.4547  data_time: 0.0123  memory: 15694  grad_norm: 10.6996  loss: 8.2265  loss_heatmap: 2.8237  layer_-1_loss_cls: 0.3532  layer_-1_loss_bbox: 4.1482  matched_ious: 0.0083  aux_depth_loss: 0.9015  sec_per_iter: 0.4798  iters_per_sec: 2.0800  samples_per_sec: 33.3500  samples_per_sec_per_gpu: 8.3400  max_mem_allocated_mb: 607.2000  max_mem_reserved_mb: 21978.0000
04/09 02:30:53 - mmengine - INFO - Epoch(train)  [8][4750/5000]  lr: 2.5493e-04  eta: 2:39:40  time: 0.4647  data_time: 0.0119  memory: 15695  grad_norm: 22.9410  loss: 8.1174  loss_heatmap: 2.7984  layer_-1_loss_cls: 0.3296  layer_-1_loss_bbox: 4.0936  matched_ious: 0.0221  aux_depth_loss: 0.8960  sec_per_iter: 0.4796  iters_per_sec: 2.0900  samples_per_sec: 33.3600  samples_per_sec_per_gpu: 8.3400  max_mem_allocated_mb: 607.2000  max_mem_reserved_mb: 21978.0000
04/09 02:31:16 - mmengine - INFO - Epoch(train)  [8][4800/5000]  lr: 2.5395e-04  eta: 2:39:17  time: 0.4675  data_time: 0.0116  memory: 15692  grad_norm: 13.7414  loss: 8.2762  loss_heatmap: 2.8271  layer_-1_loss_cls: 0.3453  layer_-1_loss_bbox: 4.2027  matched_ious: 0.0158  aux_depth_loss: 0.9012  sec_per_iter: 0.4794  iters_per_sec: 2.0900  samples_per_sec: 33.3800  samples_per_sec_per_gpu: 8.3400  max_mem_allocated_mb: 607.2000  max_mem_reserved_mb: 21978.0000
04/09 02:31:40 - mmengine - INFO - Epoch(train)  [8][4850/5000]  lr: 2.5297e-04  eta: 2:38:53  time: 0.4765  data_time: 0.0120  memory: 15694  grad_norm: 23.3681  loss: 8.2112  loss_heatmap: 2.8568  layer_-1_loss_cls: 0.3534  layer_-1_loss_bbox: 4.0689  matched_ious: 0.0049  aux_depth_loss: 0.9321  sec_per_iter: 0.4793  iters_per_sec: 2.0900  samples_per_sec: 33.3800  samples_per_sec_per_gpu: 8.3500  max_mem_allocated_mb: 607.2000  max_mem_reserved_mb: 21978.0000
04/09 02:32:03 - mmengine - INFO - Epoch(train)  [8][4900/5000]  lr: 2.5199e-04  eta: 2:38:29  time: 0.4683  data_time: 0.0144  memory: 15696  grad_norm: 16.0063  loss: 8.5103  loss_heatmap: 2.8907  layer_-1_loss_cls: 0.3429  layer_-1_loss_bbox: 4.3616  matched_ious: 0.0387  aux_depth_loss: 0.9151  sec_per_iter: 0.4792  iters_per_sec: 2.0900  samples_per_sec: 33.3900  samples_per_sec_per_gpu: 8.3500  max_mem_allocated_mb: 607.2000  max_mem_reserved_mb: 21978.0000
04/09 02:32:28 - mmengine - INFO - Epoch(train)  [8][4950/5000]  lr: 2.5100e-04  eta: 2:38:06  time: 0.4947  data_time: 0.0138  memory: 15695  grad_norm: 10.1073  loss: 8.3597  loss_heatmap: 2.8739  layer_-1_loss_cls: 0.3458  layer_-1_loss_bbox: 4.2397  matched_ious: 0.0289  aux_depth_loss: 0.9004  sec_per_iter: 0.4791  iters_per_sec: 2.0900  samples_per_sec: 33.3900  samples_per_sec_per_gpu: 8.3500  max_mem_allocated_mb: 607.2000  max_mem_reserved_mb: 21978.0000
04/09 02:32:51 - mmengine - INFO - Exp name: zod_camera_only_20260408_204407
04/09 02:32:51 - mmengine - INFO - Epoch(train)  [8][5000/5000]  lr: 2.5002e-04  eta: 2:37:42  time: 0.4642  data_time: 0.0137  memory: 15696  grad_norm: 13.8676  loss: 8.4361  loss_heatmap: 2.8437  layer_-1_loss_cls: 0.3385  layer_-1_loss_bbox: 4.3571  matched_ious: 0.0420  aux_depth_loss: 0.8968  sec_per_iter: 0.4793  iters_per_sec: 2.0900  samples_per_sec: 33.3800  samples_per_sec_per_gpu: 8.3500  max_mem_allocated_mb: 607.2000  max_mem_reserved_mb: 21978.0000
04/09 02:32:51 - mmengine - INFO - [Efficiency] Epoch 8: wall=2395.7s  iters=5000  sec/iter=0.479  mem_alloc=607MB  mem_rsv=21978MB
04/09 02:32:51 - mmengine - INFO - Saving checkpoint at 8 epochs
04/09 02:33:01 - mmengine - INFO - Epoch(val)  [8][  50/1250]    eta: 0:02:34  time: 0.1286  data_time: 0.0093  memory: 4720  
04/09 02:33:07 - mmengine - INFO - Epoch(val)  [8][ 100/1250]    eta: 0:02:30  time: 0.1329  data_time: 0.0070  memory: 4725  
04/09 02:33:14 - mmengine - INFO - Epoch(val)  [8][ 150/1250]    eta: 0:02:24  time: 0.1335  data_time: 0.0057  memory: 4729  
04/09 02:33:20 - mmengine - INFO - Epoch(val)  [8][ 200/1250]    eta: 0:02:16  time: 0.1239  data_time: 0.0055  memory: 4726  
04/09 02:33:27 - mmengine - INFO - Epoch(val)  [8][ 250/1250]    eta: 0:02:09  time: 0.1284  data_time: 0.0058  memory: 4716  
04/09 02:33:33 - mmengine - INFO - Epoch(val)  [8][ 300/1250]    eta: 0:02:02  time: 0.1284  data_time: 0.0058  memory: 4723  
04/09 02:33:39 - mmengine - INFO - Epoch(val)  [8][ 350/1250]    eta: 0:01:56  time: 0.1271  data_time: 0.0056  memory: 4726  
04/09 02:33:46 - mmengine - INFO - Epoch(val)  [8][ 400/1250]    eta: 0:01:49  time: 0.1274  data_time: 0.0058  memory: 4716  
04/09 02:33:52 - mmengine - INFO - Epoch(val)  [8][ 450/1250]    eta: 0:01:42  time: 0.1280  data_time: 0.0061  memory: 4719  
04/09 02:33:59 - mmengine - INFO - Epoch(val)  [8][ 500/1250]    eta: 0:01:36  time: 0.1305  data_time: 0.0062  memory: 4719  
04/09 02:34:05 - mmengine - INFO - Epoch(val)  [8][ 550/1250]    eta: 0:01:30  time: 0.1321  data_time: 0.0064  memory: 4719  
04/09 02:34:12 - mmengine - INFO - Epoch(val)  [8][ 600/1250]    eta: 0:01:23  time: 0.1246  data_time: 0.0058  memory: 4723  
04/09 02:34:18 - mmengine - INFO - Epoch(val)  [8][ 650/1250]    eta: 0:01:17  time: 0.1278  data_time: 0.0059  memory: 4723  
04/09 02:34:24 - mmengine - INFO - Epoch(val)  [8][ 700/1250]    eta: 0:01:10  time: 0.1261  data_time: 0.0060  memory: 4720  
04/09 02:34:31 - mmengine - INFO - Epoch(val)  [8][ 750/1250]    eta: 0:01:04  time: 0.1357  data_time: 0.0058  memory: 4722  
04/09 02:34:37 - mmengine - INFO - Epoch(val)  [8][ 800/1250]    eta: 0:00:57  time: 0.1273  data_time: 0.0057  memory: 4717  
04/09 02:34:44 - mmengine - INFO - Epoch(val)  [8][ 850/1250]    eta: 0:00:51  time: 0.1241  data_time: 0.0057  memory: 4722  
04/09 02:34:50 - mmengine - INFO - Epoch(val)  [8][ 900/1250]    eta: 0:00:45  time: 0.1323  data_time: 0.0057  memory: 4726  
04/09 02:34:57 - mmengine - INFO - Epoch(val)  [8][ 950/1250]    eta: 0:00:38  time: 0.1289  data_time: 0.0061  memory: 4723  
04/09 02:35:03 - mmengine - INFO - Epoch(val)  [8][1000/1250]    eta: 0:00:32  time: 0.1235  data_time: 0.0054  memory: 4726  
04/09 02:35:09 - mmengine - INFO - Epoch(val)  [8][1050/1250]    eta: 0:00:25  time: 0.1273  data_time: 0.0054  memory: 4726  
04/09 02:35:16 - mmengine - INFO - Epoch(val)  [8][1100/1250]    eta: 0:00:19  time: 0.1246  data_time: 0.0055  memory: 4726  
04/09 02:35:24 - mmengine - INFO - Epoch(val)  [8][1150/1250]    eta: 0:00:12  time: 0.1659  data_time: 0.0057  memory: 4721  
04/09 02:35:30 - mmengine - INFO - Epoch(val)  [8][1200/1250]    eta: 0:00:06  time: 0.1255  data_time: 0.0054  memory: 4719  
04/09 02:35:36 - mmengine - INFO - Epoch(val)  [8][1250/1250]    eta: 0:00:00  time: 0.1223  data_time: 0.0052  memory: 4723  
04/09 02:36:51 - mmengine - INFO - 
+------------+---------+---------+---------+---------+
| classes    | AP_0.25 | AR_0.25 | AP_0.50 | AR_0.50 |
+------------+---------+---------+---------+---------+
| pedestrian | 0.0000  | 0.0319  | 0.0000  | 0.0030  |
+------------+---------+---------+---------+---------+
| Overall    | 0.0000  | 0.0319  | 0.0000  | 0.0030  |
+------------+---------+---------+---------+---------+
04/09 02:37:21 - mmengine - INFO - 
+------------+---------+---------+---------+---------+---------+---------+---------+---------+
| classes    | AP_0.5m | AR_0.5m | AP_1.0m | AR_1.0m | AP_2.0m | AR_2.0m | AP_4.0m | AR_4.0m |
+------------+---------+---------+---------+---------+---------+---------+---------+---------+
| pedestrian | 0.0002  | 0.0777  | 0.0014  | 0.1715  | 0.0037  | 0.2469  | 0.0070  | 0.3232  |
+------------+---------+---------+---------+---------+---------+---------+---------+---------+
| Overall    | 0.0002  | 0.0777  | 0.0014  | 0.1715  | 0.0037  | 0.2469  | 0.0070  | 0.3232  |
+------------+---------+---------+---------+---------+---------+---------+---------+---------+
04/09 02:37:22 - mmengine - INFO - Epoch(val) [8][1250/1250]    pedestrian_AP_0.25: 0.0000  mAP_0.25: 0.0000  pedestrian_rec_0.25: 0.0319  mAR_0.25: 0.0319  pedestrian_AP_0.50: 0.0000  mAP_0.50: 0.0000  pedestrian_rec_0.50: 0.0030  mAR_0.50: 0.0030  pedestrian_AP_0.5m: 0.0002  pedestrian_rec_0.5m: 0.0777  pedestrian_AP_1.0m: 0.0014  pedestrian_rec_1.0m: 0.1715  pedestrian_AP_2.0m: 0.0037  pedestrian_rec_2.0m: 0.2469  pedestrian_AP_4.0m: 0.0070  pedestrian_rec_4.0m: 0.3232  mAP_0.5m: 0.0002  mAR_0.5m: 0.0777  mAP_1.0m: 0.0014  mAR_1.0m: 0.1715  mAP_2.0m: 0.0037  mAR_2.0m: 0.2469  mAP_4.0m: 0.0070  mAR_4.0m: 0.3232  data_time: 0.0059  time: 0.1295
04/09 02:37:52 - mmengine - INFO - Epoch(train)  [9][  50/5000]  lr: 2.4904e-04  eta: 2:37:22  time: 0.5901  data_time: 0.0406  memory: 15695  grad_norm: 11.5310  loss: 8.3102  loss_heatmap: 2.8063  layer_-1_loss_cls: 0.3390  layer_-1_loss_bbox: 4.2750  matched_ious: 0.0381  aux_depth_loss: 0.8899  sec_per_iter: 0.4791  iters_per_sec: 2.0900  samples_per_sec: 33.3900  samples_per_sec_per_gpu: 8.3500  max_mem_allocated_mb: 607.2000  max_mem_reserved_mb: 21978.0000
04/09 02:38:16 - mmengine - INFO - Epoch(train)  [9][ 100/5000]  lr: 2.4806e-04  eta: 2:36:58  time: 0.4922  data_time: 0.0123  memory: 15693  grad_norm: 9.9608  loss: 8.2465  loss_heatmap: 2.7800  layer_-1_loss_cls: 0.3370  layer_-1_loss_bbox: 4.2384  matched_ious: 0.0312  aux_depth_loss: 0.8911  sec_per_iter: 0.5911  iters_per_sec: 1.6900  samples_per_sec: 27.0700  samples_per_sec_per_gpu: 6.7700  max_mem_allocated_mb: 607.2000  max_mem_reserved_mb: 21978.0000
04/09 02:38:39 - mmengine - INFO - Epoch(train)  [9][ 150/5000]  lr: 2.4708e-04  eta: 2:36:34  time: 0.4559  data_time: 0.0126  memory: 15695  grad_norm: 10.2206  loss: 8.2977  loss_heatmap: 2.8526  layer_-1_loss_cls: 0.3467  layer_-1_loss_bbox: 4.2049  matched_ious: 0.0432  aux_depth_loss: 0.8937  sec_per_iter: 0.5416  iters_per_sec: 1.8500  samples_per_sec: 29.5400  samples_per_sec_per_gpu: 7.3900  max_mem_allocated_mb: 607.2000  max_mem_reserved_mb: 21978.0000
04/09 02:39:04 - mmengine - INFO - Epoch(train)  [9][ 200/5000]  lr: 2.4610e-04  eta: 2:36:11  time: 0.4921  data_time: 0.0116  memory: 15696  grad_norm: 10.8968  loss: 8.1397  loss_heatmap: 2.7898  layer_-1_loss_cls: 0.3451  layer_-1_loss_bbox: 4.1190  matched_ious: 0.0245  aux_depth_loss: 0.8858  sec_per_iter: 0.5129  iters_per_sec: 1.9500  samples_per_sec: 31.2000  samples_per_sec_per_gpu: 7.8000  max_mem_allocated_mb: 607.2000  max_mem_reserved_mb: 21978.0000
04/09 02:39:27 - mmengine - INFO - Epoch(train)  [9][ 250/5000]  lr: 2.4511e-04  eta: 2:35:47  time: 0.4694  data_time: 0.0138  memory: 15693  grad_norm: 9.3826  loss: 8.2451  loss_heatmap: 2.8228  layer_-1_loss_cls: 0.3465  layer_-1_loss_bbox: 4.2066  matched_ious: 0.0151  aux_depth_loss: 0.8692  sec_per_iter: 0.5077  iters_per_sec: 1.9700  samples_per_sec: 31.5100  samples_per_sec_per_gpu: 7.8800  max_mem_allocated_mb: 607.2000  max_mem_reserved_mb: 21978.0000
04/09 02:39:52 - mmengine - INFO - Epoch(train)  [9][ 300/5000]  lr: 2.4413e-04  eta: 2:35:24  time: 0.4862  data_time: 0.0118  memory: 15696  grad_norm: 8.6733  loss: 8.0699  loss_heatmap: 2.7918  layer_-1_loss_cls: 0.3522  layer_-1_loss_bbox: 4.0689  matched_ious: 0.0240  aux_depth_loss: 0.8571  sec_per_iter: 0.5000  iters_per_sec: 2.0000  samples_per_sec: 32.0000  samples_per_sec_per_gpu: 8.0000  max_mem_allocated_mb: 607.2000  max_mem_reserved_mb: 21978.0000
04/09 02:40:15 - mmengine - INFO - Epoch(train)  [9][ 350/5000]  lr: 2.4315e-04  eta: 2:35:00  time: 0.4634  data_time: 0.0121  memory: 15695  grad_norm: 12.6189  loss: 7.8204  loss_heatmap: 2.7739  layer_-1_loss_cls: 0.3510  layer_-1_loss_bbox: 3.8453  matched_ious: 0.0554  aux_depth_loss: 0.8503  sec_per_iter: 0.4978  iters_per_sec: 2.0100  samples_per_sec: 32.1400  samples_per_sec_per_gpu: 8.0400  max_mem_allocated_mb: 607.2000  max_mem_reserved_mb: 21978.0000
04/09 02:40:39 - mmengine - INFO - Epoch(train)  [9][ 400/5000]  lr: 2.4217e-04  eta: 2:34:36  time: 0.4770  data_time: 0.0115  memory: 15695  grad_norm: 7.2997  loss: 8.0521  loss_heatmap: 2.7680  layer_-1_loss_cls: 0.3497  layer_-1_loss_bbox: 4.0546  matched_ious: 0.0417  aux_depth_loss: 0.8798  sec_per_iter: 0.4929  iters_per_sec: 2.0300  samples_per_sec: 32.4600  samples_per_sec_per_gpu: 8.1200  max_mem_allocated_mb: 607.2000  max_mem_reserved_mb: 21978.0000
04/09 02:41:02 - mmengine - INFO - Epoch(train)  [9][ 450/5000]  lr: 2.4119e-04  eta: 2:34:13  time: 0.4684  data_time: 0.0120  memory: 15695  grad_norm: 10.0815  loss: 8.0461  loss_heatmap: 2.7753  layer_-1_loss_cls: 0.3458  layer_-1_loss_bbox: 4.0519  matched_ious: 0.0353  aux_depth_loss: 0.8731  sec_per_iter: 0.4909  iters_per_sec: 2.0400  samples_per_sec: 32.5900  samples_per_sec_per_gpu: 8.1500  max_mem_allocated_mb: 607.2000  max_mem_reserved_mb: 21978.0000
04/09 02:41:25 - mmengine - INFO - Epoch(train)  [9][ 500/5000]  lr: 2.4021e-04  eta: 2:33:49  time: 0.4703  data_time: 0.0117  memory: 15693  grad_norm: 7.2453  loss: 8.1194  loss_heatmap: 2.7880  layer_-1_loss_cls: 0.3508  layer_-1_loss_bbox: 4.1139  matched_ious: 0.0291  aux_depth_loss: 0.8667  sec_per_iter: 0.4884  iters_per_sec: 2.0500  samples_per_sec: 32.7600  samples_per_sec_per_gpu: 8.1900  max_mem_allocated_mb: 607.2000  max_mem_reserved_mb: 21978.0000
04/09 02:41:48 - mmengine - INFO - Epoch(train)  [9][ 550/5000]  lr: 2.3923e-04  eta: 2:33:25  time: 0.4536  data_time: 0.0123  memory: 15695  grad_norm: 9.5608  loss: 7.9583  loss_heatmap: 2.7535  layer_-1_loss_cls: 0.3561  layer_-1_loss_bbox: 3.9932  matched_ious: 0.0069  aux_depth_loss: 0.8555  sec_per_iter: 0.4866  iters_per_sec: 2.0600  samples_per_sec: 32.8800  samples_per_sec_per_gpu: 8.2200  max_mem_allocated_mb: 607.2000  max_mem_reserved_mb: 21978.0000
04/09 02:42:12 - mmengine - INFO - Epoch(train)  [9][ 600/5000]  lr: 2.3825e-04  eta: 2:33:01  time: 0.4775  data_time: 0.0131  memory: 15696  grad_norm: 7.7966  loss: 7.9071  loss_heatmap: 2.7962  layer_-1_loss_cls: 0.3562  layer_-1_loss_bbox: 3.8886  matched_ious: 0.0423  aux_depth_loss: 0.8661  sec_per_iter: 0.4836  iters_per_sec: 2.0700  samples_per_sec: 33.0900  samples_per_sec_per_gpu: 8.2700  max_mem_allocated_mb: 607.2000  max_mem_reserved_mb: 21978.0000
04/09 02:42:36 - mmengine - INFO - Epoch(train)  [9][ 650/5000]  lr: 2.3727e-04  eta: 2:32:38  time: 0.4815  data_time: 0.0135  memory: 15697  grad_norm: 7.4954  loss: 7.7999  loss_heatmap: 2.7218  layer_-1_loss_cls: 0.3610  layer_-1_loss_bbox: 3.8799  matched_ious: 0.0419  aux_depth_loss: 0.8373  sec_per_iter: 0.4831  iters_per_sec: 2.0700  samples_per_sec: 33.1200  samples_per_sec_per_gpu: 8.2800  max_mem_allocated_mb: 607.2000  max_mem_reserved_mb: 21978.0000
04/09 02:43:01 - mmengine - INFO - Epoch(train)  [9][ 700/5000]  lr: 2.3628e-04  eta: 2:32:15  time: 0.5018  data_time: 0.0132  memory: 15696  grad_norm: 6.5411  loss: 7.9453  loss_heatmap: 2.7411  layer_-1_loss_cls: 0.3493  layer_-1_loss_bbox: 4.0028  matched_ious: 0.0189  aux_depth_loss: 0.8521  sec_per_iter: 0.4830  iters_per_sec: 2.0700  samples_per_sec: 33.1300  samples_per_sec_per_gpu: 8.2800  max_mem_allocated_mb: 607.2000  max_mem_reserved_mb: 21978.0000
04/09 02:43:25 - mmengine - INFO - Epoch(train)  [9][ 750/5000]  lr: 2.3530e-04  eta: 2:31:51  time: 0.4829  data_time: 0.0134  memory: 15696  grad_norm: nan  loss: 7.9180  loss_heatmap: 2.7413  layer_-1_loss_cls: 0.3603  layer_-1_loss_bbox: 3.9774  matched_ious: 0.0205  aux_depth_loss: 0.8389  sec_per_iter: 0.4843  iters_per_sec: 2.0600  samples_per_sec: 33.0400  samples_per_sec_per_gpu: 8.2600  max_mem_allocated_mb: 607.2000  max_mem_reserved_mb: 21978.0000
04/09 02:43:49 - mmengine - INFO - Epoch(train)  [9][ 800/5000]  lr: 2.3432e-04  eta: 2:31:28  time: 0.4652  data_time: 0.0127  memory: 15697  grad_norm: 10.3254  loss: 7.9445  loss_heatmap: 2.7297  layer_-1_loss_cls: 0.3543  layer_-1_loss_bbox: 4.0289  matched_ious: 0.0470  aux_depth_loss: 0.8317  sec_per_iter: 0.4842  iters_per_sec: 2.0700  samples_per_sec: 33.0400  samples_per_sec_per_gpu: 8.2600  max_mem_allocated_mb: 607.2000  max_mem_reserved_mb: 21978.0000
04/09 02:44:12 - mmengine - INFO - Epoch(train)  [9][ 850/5000]  lr: 2.3334e-04  eta: 2:31:04  time: 0.4753  data_time: 0.0147  memory: 15695  grad_norm: 10.1870  loss: 7.8452  loss_heatmap: 2.7420  layer_-1_loss_cls: 0.3607  layer_-1_loss_bbox: 3.9035  matched_ious: 0.0526  aux_depth_loss: 0.8390  sec_per_iter: 0.4830  iters_per_sec: 2.0700  samples_per_sec: 33.1200  samples_per_sec_per_gpu: 8.2800  max_mem_allocated_mb: 607.2000  max_mem_reserved_mb: 21978.0000
04/09 02:44:37 - mmengine - INFO - Epoch(train)  [9][ 900/5000]  lr: 2.3237e-04  eta: 2:30:41  time: 0.4863  data_time: 0.0143  memory: 15699  grad_norm: 7.3610  loss: 7.8931  loss_heatmap: 2.7245  layer_-1_loss_cls: 0.3551  layer_-1_loss_bbox: 3.9951  matched_ious: 0.0095  aux_depth_loss: 0.8183  sec_per_iter: 0.4826  iters_per_sec: 2.0700  samples_per_sec: 33.1500  samples_per_sec_per_gpu: 8.2900  max_mem_allocated_mb: 607.2000  max_mem_reserved_mb: 21978.0000
04/09 02:45:00 - mmengine - INFO - Epoch(train)  [9][ 950/5000]  lr: 2.3139e-04  eta: 2:30:16  time: 0.4564  data_time: 0.0128  memory: 15695  grad_norm: 12.6729  loss: 7.5833  loss_heatmap: 2.6826  layer_-1_loss_cls: 0.3590  layer_-1_loss_bbox: 3.7338  matched_ious: 0.0485  aux_depth_loss: 0.8079  sec_per_iter: 0.4828  iters_per_sec: 2.0700  samples_per_sec: 33.1400  samples_per_sec_per_gpu: 8.2800  max_mem_allocated_mb: 607.2000  max_mem_reserved_mb: 21978.0000
04/09 02:45:24 - mmengine - INFO - Exp name: zod_camera_only_20260408_204407
04/09 02:45:24 - mmengine - INFO - Epoch(train)  [9][1000/5000]  lr: 2.3041e-04  eta: 2:29:53  time: 0.4894  data_time: 0.0125  memory: 15694  grad_norm: 10.1022  loss: 7.8795  loss_heatmap: 2.7512  layer_-1_loss_cls: 0.3632  layer_-1_loss_bbox: 3.9155  matched_ious: 0.0240  aux_depth_loss: 0.8496  sec_per_iter: 0.4814  iters_per_sec: 2.0800  samples_per_sec: 33.2400  samples_per_sec_per_gpu: 8.3100  max_mem_allocated_mb: 607.2000  max_mem_reserved_mb: 21978.0000
04/09 02:45:48 - mmengine - INFO - Epoch(train)  [9][1050/5000]  lr: 2.2943e-04  eta: 2:29:29  time: 0.4713  data_time: 0.0141  memory: 15694  grad_norm: 9.1001  loss: 7.8833  loss_heatmap: 2.7170  layer_-1_loss_cls: 0.3578  layer_-1_loss_bbox: 3.9727  matched_ious: 0.0397  aux_depth_loss: 0.8359  sec_per_iter: 0.4818  iters_per_sec: 2.0800  samples_per_sec: 33.2100  samples_per_sec_per_gpu: 8.3000  max_mem_allocated_mb: 607.2000  max_mem_reserved_mb: 21978.0000
04/09 02:46:10 - mmengine - INFO - Epoch(train)  [9][1100/5000]  lr: 2.2845e-04  eta: 2:29:05  time: 0.4567  data_time: 0.0125  memory: 15696  grad_norm: 10.2507  loss: 7.8357  loss_heatmap: 2.7076  layer_-1_loss_cls: 0.3560  layer_-1_loss_bbox: 3.9625  matched_ious: 0.0180  aux_depth_loss: 0.8096  sec_per_iter: 0.4813  iters_per_sec: 2.0800  samples_per_sec: 33.2400  samples_per_sec_per_gpu: 8.3100  max_mem_allocated_mb: 607.2000  max_mem_reserved_mb: 21978.0000
04/09 02:46:33 - mmengine - INFO - Epoch(train)  [9][1150/5000]  lr: 2.2747e-04  eta: 2:28:41  time: 0.4525  data_time: 0.0126  memory: 15696  grad_norm: 12.4872  loss: 7.8657  loss_heatmap: 2.7121  layer_-1_loss_cls: 0.3598  layer_-1_loss_bbox: 3.9573  matched_ious: 0.0107  aux_depth_loss: 0.8365  sec_per_iter: 0.4802  iters_per_sec: 2.0800  samples_per_sec: 33.3200  samples_per_sec_per_gpu: 8.3300  max_mem_allocated_mb: 607.2000  max_mem_reserved_mb: 21978.0000
04/09 02:46:58 - mmengine - INFO - Epoch(train)  [9][1200/5000]  lr: 2.2650e-04  eta: 2:28:18  time: 0.4916  data_time: 0.0149  memory: 15696  grad_norm: 17.0272  loss: 7.7681  loss_heatmap: 2.7468  layer_-1_loss_cls: 0.3683  layer_-1_loss_bbox: 3.8227  matched_ious: 0.0855  aux_depth_loss: 0.8303  sec_per_iter: 0.4790  iters_per_sec: 2.0900  samples_per_sec: 33.4000  samples_per_sec_per_gpu: 8.3500  max_mem_allocated_mb: 607.2000  max_mem_reserved_mb: 21978.0000
04/09 02:47:21 - mmengine - INFO - Epoch(train)  [9][1250/5000]  lr: 2.2552e-04  eta: 2:27:54  time: 0.4574  data_time: 0.0122  memory: 15695  grad_norm: 19.1783  loss: 8.1082  loss_heatmap: 2.8028  layer_-1_loss_cls: 0.3617  layer_-1_loss_bbox: 4.0613  matched_ious: 0.0236  aux_depth_loss: 0.8824  sec_per_iter: 0.4795  iters_per_sec: 2.0900  samples_per_sec: 33.3700  samples_per_sec_per_gpu: 8.3400  max_mem_allocated_mb: 607.2000  max_mem_reserved_mb: 21978.0000
04/09 02:47:43 - mmengine - INFO - Epoch(train)  [9][1300/5000]  lr: 2.2454e-04  eta: 2:27:30  time: 0.4570  data_time: 0.0141  memory: 15694  grad_norm: 20.2103  loss: 8.0729  loss_heatmap: 2.8105  layer_-1_loss_cls: 0.3617  layer_-1_loss_bbox: 4.0425  matched_ious: 0.0382  aux_depth_loss: 0.8582  sec_per_iter: 0.4786  iters_per_sec: 2.0900  samples_per_sec: 33.4300  samples_per_sec_per_gpu: 8.3600  max_mem_allocated_mb: 607.2000  max_mem_reserved_mb: 21978.0000
04/09 02:48:08 - mmengine - INFO - Epoch(train)  [9][1350/5000]  lr: 2.2356e-04  eta: 2:27:07  time: 0.4906  data_time: 0.0148  memory: 15694  grad_norm: inf  loss: 7.8797  loss_heatmap: 2.7589  layer_-1_loss_cls: 0.3653  layer_-1_loss_bbox: 3.9049  matched_ious: 0.0342  aux_depth_loss: 0.8506  sec_per_iter: 0.4778  iters_per_sec: 2.0900  samples_per_sec: 33.4800  samples_per_sec_per_gpu: 8.3700  max_mem_allocated_mb: 607.2000  max_mem_reserved_mb: 21978.0000
04/09 02:48:32 - mmengine - INFO - Epoch(train)  [9][1400/5000]  lr: 2.2259e-04  eta: 2:26:43  time: 0.4892  data_time: 0.0120  memory: 15697  grad_norm: 30.4446  loss: 8.0800  loss_heatmap: 2.7927  layer_-1_loss_cls: 0.3622  layer_-1_loss_bbox: 4.0878  matched_ious: 0.0485  aux_depth_loss: 0.8373  sec_per_iter: 0.4783  iters_per_sec: 2.0900  samples_per_sec: 33.4500  samples_per_sec_per_gpu: 8.3600  max_mem_allocated_mb: 607.2000  max_mem_reserved_mb: 21978.0000
04/09 02:48:55 - mmengine - INFO - Epoch(train)  [9][1450/5000]  lr: 2.2161e-04  eta: 2:26:19  time: 0.4607  data_time: 0.0126  memory: 15693  grad_norm: 25.5443  loss: 8.2907  loss_heatmap: 2.8009  layer_-1_loss_cls: 0.3589  layer_-1_loss_bbox: 4.2497  matched_ious: 0.0091  aux_depth_loss: 0.8813  sec_per_iter: 0.4787  iters_per_sec: 2.0900  samples_per_sec: 33.4300  samples_per_sec_per_gpu: 8.3600  max_mem_allocated_mb: 607.2000  max_mem_reserved_mb: 21978.0000
04/09 02:49:21 - mmengine - INFO - Epoch(train)  [9][1500/5000]  lr: 2.2064e-04  eta: 2:25:57  time: 0.5106  data_time: 0.0126  memory: 15696  grad_norm: 27.0053  loss: 8.5183  loss_heatmap: 2.8479  layer_-1_loss_cls: 0.3527  layer_-1_loss_bbox: 4.3607  matched_ious: 0.0397  aux_depth_loss: 0.9570  sec_per_iter: 0.4781  iters_per_sec: 2.0900  samples_per_sec: 33.4700  samples_per_sec_per_gpu: 8.3700  max_mem_allocated_mb: 607.2000  max_mem_reserved_mb: 21978.0000
04/09 02:49:46 - mmengine - INFO - Epoch(train)  [9][1550/5000]  lr: 2.1966e-04  eta: 2:25:34  time: 0.5013  data_time: 0.0136  memory: 15694  grad_norm: 21.9262  loss: 8.1851  loss_heatmap: 2.8026  layer_-1_loss_cls: 0.3591  layer_-1_loss_bbox: 4.1150  matched_ious: 0.0609  aux_depth_loss: 0.9084  sec_per_iter: 0.4792  iters_per_sec: 2.0900  samples_per_sec: 33.3900  samples_per_sec_per_gpu: 8.3500  max_mem_allocated_mb: 607.2000  max_mem_reserved_mb: 21978.0000
04/09 02:50:09 - mmengine - INFO - Epoch(train)  [9][1600/5000]  lr: 2.1869e-04  eta: 2:25:10  time: 0.4692  data_time: 0.0127  memory: 15695  grad_norm: 18.1391  loss: 8.1453  loss_heatmap: 2.8016  layer_-1_loss_cls: 0.3527  layer_-1_loss_bbox: 4.1187  matched_ious: 0.0404  aux_depth_loss: 0.8722  sec_per_iter: 0.4799  iters_per_sec: 2.0800  samples_per_sec: 33.3400  samples_per_sec_per_gpu: 8.3400  max_mem_allocated_mb: 607.2000  max_mem_reserved_mb: 21978.0000
04/09 02:50:33 - mmengine - INFO - Epoch(train)  [9][1650/5000]  lr: 2.1772e-04  eta: 2:24:46  time: 0.4704  data_time: 0.0127  memory: 15695  grad_norm: 13.6432  loss: 8.0835  loss_heatmap: 2.7722  layer_-1_loss_cls: 0.3579  layer_-1_loss_bbox: 4.0744  matched_ious: 0.0253  aux_depth_loss: 0.8790  sec_per_iter: 0.4795  iters_per_sec: 2.0900  samples_per_sec: 33.3700  samples_per_sec_per_gpu: 8.3400  max_mem_allocated_mb: 607.2000  max_mem_reserved_mb: 21978.0000
04/09 02:50:56 - mmengine - INFO - Epoch(train)  [9][1700/5000]  lr: 2.1674e-04  eta: 2:24:22  time: 0.4617  data_time: 0.0118  memory: 15694  grad_norm: 14.8990  loss: 8.0527  loss_heatmap: 2.7936  layer_-1_loss_cls: 0.3610  layer_-1_loss_bbox: 4.0646  matched_ious: 0.0131  aux_depth_loss: 0.8335  sec_per_iter: 0.4793  iters_per_sec: 2.0900  samples_per_sec: 33.3900  samples_per_sec_per_gpu: 8.3500  max_mem_allocated_mb: 607.2000  max_mem_reserved_mb: 21978.0000
04/09 02:51:21 - mmengine - INFO - Epoch(train)  [9][1750/5000]  lr: 2.1577e-04  eta: 2:23:59  time: 0.4969  data_time: 0.0148  memory: 15694  grad_norm: 21.7034  loss: 7.8199  loss_heatmap: 2.7301  layer_-1_loss_cls: 0.3639  layer_-1_loss_bbox: 3.9096  matched_ious: 0.0266  aux_depth_loss: 0.8163  sec_per_iter: 0.4787  iters_per_sec: 2.0900  samples_per_sec: 33.4200  samples_per_sec_per_gpu: 8.3600  max_mem_allocated_mb: 607.2000  max_mem_reserved_mb: 21978.0000
04/09 02:51:46 - mmengine - INFO - Epoch(train)  [9][1800/5000]  lr: 2.1480e-04  eta: 2:23:36  time: 0.4950  data_time: 0.0120  memory: 15695  grad_norm: 16.7116  loss: 7.7540  loss_heatmap: 2.7272  layer_-1_loss_cls: 0.3505  layer_-1_loss_bbox: 3.8547  matched_ious: 0.0353  aux_depth_loss: 0.8217  sec_per_iter: 0.4793  iters_per_sec: 2.0900  samples_per_sec: 33.3800  samples_per_sec_per_gpu: 8.3500  max_mem_allocated_mb: 607.2000  max_mem_reserved_mb: 21978.0000
04/09 02:52:10 - mmengine - INFO - Epoch(train)  [9][1850/5000]  lr: 2.1383e-04  eta: 2:23:12  time: 0.4856  data_time: 0.0142  memory: 15694  grad_norm: 15.4361  loss: 7.8013  loss_heatmap: 2.7150  layer_-1_loss_cls: 0.3625  layer_-1_loss_bbox: 3.8970  matched_ious: 0.0339  aux_depth_loss: 0.8268  sec_per_iter: 0.4797  iters_per_sec: 2.0800  samples_per_sec: 33.3500  samples_per_sec_per_gpu: 8.3400  max_mem_allocated_mb: 607.2000  max_mem_reserved_mb: 21978.0000
04/09 02:52:34 - mmengine - INFO - Epoch(train)  [9][1900/5000]  lr: 2.1285e-04  eta: 2:22:49  time: 0.4898  data_time: 0.0127  memory: 15692  grad_norm: 34.3767  loss: 7.6990  loss_heatmap: 2.6870  layer_-1_loss_cls: 0.3547  layer_-1_loss_bbox: 3.8221  matched_ious: 0.0216  aux_depth_loss: 0.8352  sec_per_iter: 0.4799  iters_per_sec: 2.0800  samples_per_sec: 33.3400  samples_per_sec_per_gpu: 8.3400  max_mem_allocated_mb: 607.2000  max_mem_reserved_mb: 21978.0000
04/09 02:52:57 - mmengine - INFO - Epoch(train)  [9][1950/5000]  lr: 2.1188e-04  eta: 2:22:25  time: 0.4524  data_time: 0.0126  memory: 15694  grad_norm: 14.1233  loss: 7.8638  loss_heatmap: 2.7190  layer_-1_loss_cls: 0.3637  layer_-1_loss_bbox: 3.9517  matched_ious: 0.0198  aux_depth_loss: 0.8294  sec_per_iter: 0.4801  iters_per_sec: 2.0800  samples_per_sec: 33.3200  samples_per_sec_per_gpu: 8.3300  max_mem_allocated_mb: 607.2000  max_mem_reserved_mb: 21978.0000
04/09 02:53:23 - mmengine - INFO - Exp name: zod_camera_only_20260408_204407
04/09 02:53:23 - mmengine - INFO - Epoch(train)  [9][2000/5000]  lr: 2.1091e-04  eta: 2:22:02  time: 0.5131  data_time: 0.0135  memory: 15695  grad_norm: 17.0375  loss: 8.0074  loss_heatmap: 2.7063  layer_-1_loss_cls: 0.3629  layer_-1_loss_bbox: 4.1050  matched_ious: 0.0855  aux_depth_loss: 0.8332  sec_per_iter: 0.4794  iters_per_sec: 2.0900  samples_per_sec: 33.3700  samples_per_sec_per_gpu: 8.3400  max_mem_allocated_mb: 607.2000  max_mem_reserved_mb: 21978.0000
04/09 02:53:46 - mmengine - INFO - Epoch(train)  [9][2050/5000]  lr: 2.0994e-04  eta: 2:21:38  time: 0.4704  data_time: 0.0121  memory: 15695  grad_norm: 17.6348  loss: 7.6681  loss_heatmap: 2.6826  layer_-1_loss_cls: 0.3641  layer_-1_loss_bbox: 3.8226  matched_ious: 0.0353  aux_depth_loss: 0.7988  sec_per_iter: 0.4803  iters_per_sec: 2.0800  samples_per_sec: 33.3200  samples_per_sec_per_gpu: 8.3300  max_mem_allocated_mb: 607.2000  max_mem_reserved_mb: 21978.0000
04/09 02:54:11 - mmengine - INFO - Epoch(train)  [9][2100/5000]  lr: 2.0898e-04  eta: 2:21:15  time: 0.4885  data_time: 0.0138  memory: 15695  grad_norm: 18.9565  loss: 7.7012  loss_heatmap: 2.7261  layer_-1_loss_cls: 0.3676  layer_-1_loss_bbox: 3.7952  matched_ious: 0.0631  aux_depth_loss: 0.8124  sec_per_iter: 0.4800  iters_per_sec: 2.0800  samples_per_sec: 33.3300  samples_per_sec_per_gpu: 8.3300  max_mem_allocated_mb: 607.2000  max_mem_reserved_mb: 21978.0000
04/09 02:54:35 - mmengine - INFO - Epoch(train)  [9][2150/5000]  lr: 2.0801e-04  eta: 2:20:51  time: 0.4820  data_time: 0.0138  memory: 15694  grad_norm: 13.4965  loss: 7.8316  loss_heatmap: 2.6861  layer_-1_loss_cls: 0.3543  layer_-1_loss_bbox: 3.9854  matched_ious: 0.0619  aux_depth_loss: 0.8059  sec_per_iter: 0.4802  iters_per_sec: 2.0800  samples_per_sec: 33.3200  samples_per_sec_per_gpu: 8.3300  max_mem_allocated_mb: 607.2000  max_mem_reserved_mb: 21978.0000
04/09 02:54:58 - mmengine - INFO - Epoch(train)  [9][2200/5000]  lr: 2.0704e-04  eta: 2:20:28  time: 0.4687  data_time: 0.0139  memory: 15695  grad_norm: 19.3132  loss: 7.6242  loss_heatmap: 2.6941  layer_-1_loss_cls: 0.3556  layer_-1_loss_bbox: 3.7572  matched_ious: 0.0538  aux_depth_loss: 0.8173  sec_per_iter: 0.4803  iters_per_sec: 2.0800  samples_per_sec: 33.3100  samples_per_sec_per_gpu: 8.3300  max_mem_allocated_mb: 607.2000  max_mem_reserved_mb: 21978.0000
04/09 02:55:21 - mmengine - INFO - Epoch(train)  [9][2250/5000]  lr: 2.0607e-04  eta: 2:20:04  time: 0.4537  data_time: 0.0118  memory: 15696  grad_norm: 14.9133  loss: 7.6168  loss_heatmap: 2.6625  layer_-1_loss_cls: 0.3656  layer_-1_loss_bbox: 3.7951  matched_ious: 0.0466  aux_depth_loss: 0.7937  sec_per_iter: 0.4800  iters_per_sec: 2.0800  samples_per_sec: 33.3300  samples_per_sec_per_gpu: 8.3300  max_mem_allocated_mb: 607.2000  max_mem_reserved_mb: 21978.0000
04/09 02:55:44 - mmengine - INFO - Epoch(train)  [9][2300/5000]  lr: 2.0511e-04  eta: 2:19:40  time: 0.4583  data_time: 0.0134  memory: 15696  grad_norm: 19.2151  loss: 7.6078  loss_heatmap: 2.6804  layer_-1_loss_cls: 0.3699  layer_-1_loss_bbox: 3.7503  matched_ious: 0.0373  aux_depth_loss: 0.8072  sec_per_iter: 0.4794  iters_per_sec: 2.0900  samples_per_sec: 33.3700  samples_per_sec_per_gpu: 8.3400  max_mem_allocated_mb: 607.2000  max_mem_reserved_mb: 21978.0000
04/09 02:56:07 - mmengine - INFO - Epoch(train)  [9][2350/5000]  lr: 2.0414e-04  eta: 2:19:16  time: 0.4683  data_time: 0.0121  memory: 15697  grad_norm: 17.2758  loss: 7.6478  loss_heatmap: 2.6721  layer_-1_loss_cls: 0.3764  layer_-1_loss_bbox: 3.7910  matched_ious: 0.0591  aux_depth_loss: 0.8083  sec_per_iter: 0.4790  iters_per_sec: 2.0900  samples_per_sec: 33.4100  samples_per_sec_per_gpu: 8.3500  max_mem_allocated_mb: 607.2000  max_mem_reserved_mb: 21978.0000
04/09 02:56:31 - mmengine - INFO - Epoch(train)  [9][2400/5000]  lr: 2.0318e-04  eta: 2:18:52  time: 0.4733  data_time: 0.0170  memory: 15694  grad_norm: 12.3020  loss: 7.6273  loss_heatmap: 2.6681  layer_-1_loss_cls: 0.3647  layer_-1_loss_bbox: 3.7753  matched_ious: 0.0529  aux_depth_loss: 0.8193  sec_per_iter: 0.4787  iters_per_sec: 2.0900  samples_per_sec: 33.4200  samples_per_sec_per_gpu: 8.3600  max_mem_allocated_mb: 607.2000  max_mem_reserved_mb: 21978.0000
04/09 02:56:56 - mmengine - INFO - Epoch(train)  [9][2450/5000]  lr: 2.0221e-04  eta: 2:18:29  time: 0.4935  data_time: 0.0126  memory: 15697  grad_norm: 18.1181  loss: 7.7619  loss_heatmap: 2.6807  layer_-1_loss_cls: 0.3655  layer_-1_loss_bbox: 3.9180  matched_ious: 0.0347  aux_depth_loss: 0.7977  sec_per_iter: 0.4786  iters_per_sec: 2.0900  samples_per_sec: 33.4300  samples_per_sec_per_gpu: 8.3600  max_mem_allocated_mb: 607.2000  max_mem_reserved_mb: 21978.0000
04/09 02:57:19 - mmengine - INFO - Epoch(train)  [9][2500/5000]  lr: 2.0125e-04  eta: 2:18:05  time: 0.4693  data_time: 0.0123  memory: 15697  grad_norm: 12.9287  loss: 7.6742  loss_heatmap: 2.7018  layer_-1_loss_cls: 0.3802  layer_-1_loss_bbox: 3.7958  matched_ious: 0.0480  aux_depth_loss: 0.7964  sec_per_iter: 0.4789  iters_per_sec: 2.0900  samples_per_sec: 33.4100  samples_per_sec_per_gpu: 8.3500  max_mem_allocated_mb: 607.2000  max_mem_reserved_mb: 21978.0000
04/09 02:57:44 - mmengine - INFO - Epoch(train)  [9][2550/5000]  lr: 2.0029e-04  eta: 2:17:42  time: 0.4948  data_time: 0.0136  memory: 15696  grad_norm: 14.3565  loss: 7.6796  loss_heatmap: 2.6716  layer_-1_loss_cls: 0.3683  layer_-1_loss_bbox: 3.8315  matched_ious: 0.0410  aux_depth_loss: 0.8081  sec_per_iter: 0.4787  iters_per_sec: 2.0900  samples_per_sec: 33.4200  samples_per_sec_per_gpu: 8.3600  max_mem_allocated_mb: 607.2000  max_mem_reserved_mb: 21978.0000
04/09 02:58:07 - mmengine - INFO - Epoch(train)  [9][2600/5000]  lr: 1.9933e-04  eta: 2:17:18  time: 0.4591  data_time: 0.0120  memory: 15693  grad_norm: 13.6492  loss: 7.7774  loss_heatmap: 2.6908  layer_-1_loss_cls: 0.3766  layer_-1_loss_bbox: 3.9137  matched_ious: 0.0807  aux_depth_loss: 0.7962  sec_per_iter: 0.4791  iters_per_sec: 2.0900  samples_per_sec: 33.4000  samples_per_sec_per_gpu: 8.3500  max_mem_allocated_mb: 607.2000  max_mem_reserved_mb: 21978.0000
04/09 02:58:30 - mmengine - INFO - Epoch(train)  [9][2650/5000]  lr: 1.9836e-04  eta: 2:16:54  time: 0.4721  data_time: 0.0181  memory: 15694  grad_norm: 9.7912  loss: 7.5417  loss_heatmap: 2.6200  layer_-1_loss_cls: 0.3636  layer_-1_loss_bbox: 3.7706  matched_ious: 0.0263  aux_depth_loss: 0.7875  sec_per_iter: 0.4787  iters_per_sec: 2.0900  samples_per_sec: 33.4300  samples_per_sec_per_gpu: 8.3600  max_mem_allocated_mb: 607.2000  max_mem_reserved_mb: 21978.0000
04/09 02:58:55 - mmengine - INFO - Epoch(train)  [9][2700/5000]  lr: 1.9740e-04  eta: 2:16:31  time: 0.4897  data_time: 0.0123  memory: 15695  grad_norm: 7.6678  loss: 7.4114  loss_heatmap: 2.5914  layer_-1_loss_cls: 0.3674  layer_-1_loss_bbox: 3.6631  matched_ious: 0.0126  aux_depth_loss: 0.7894  sec_per_iter: 0.4785  iters_per_sec: 2.0900  samples_per_sec: 33.4300  samples_per_sec_per_gpu: 8.3600  max_mem_allocated_mb: 607.2000  max_mem_reserved_mb: 21978.0000
04/09 02:59:18 - mmengine - INFO - Epoch(train)  [9][2750/5000]  lr: 1.9644e-04  eta: 2:16:07  time: 0.4675  data_time: 0.0121  memory: 15695  grad_norm: 16.2523  loss: 7.6449  loss_heatmap: 2.6613  layer_-1_loss_cls: 0.3710  layer_-1_loss_bbox: 3.8250  matched_ious: 0.0260  aux_depth_loss: 0.7876  sec_per_iter: 0.4788  iters_per_sec: 2.0900  samples_per_sec: 33.4200  samples_per_sec_per_gpu: 8.3500  max_mem_allocated_mb: 607.2000  max_mem_reserved_mb: 21978.0000
04/09 02:59:41 - mmengine - INFO - Epoch(train)  [9][2800/5000]  lr: 1.9549e-04  eta: 2:15:43  time: 0.4610  data_time: 0.0121  memory: 15696  grad_norm: 9.3064  loss: 7.4119  loss_heatmap: 2.6471  layer_-1_loss_cls: 0.3765  layer_-1_loss_bbox: 3.6133  matched_ious: 0.0709  aux_depth_loss: 0.7750  sec_per_iter: 0.4786  iters_per_sec: 2.0900  samples_per_sec: 33.4300  samples_per_sec_per_gpu: 8.3600  max_mem_allocated_mb: 607.2000  max_mem_reserved_mb: 21978.0000
04/09 03:00:05 - mmengine - INFO - Epoch(train)  [9][2850/5000]  lr: 1.9453e-04  eta: 2:15:20  time: 0.4810  data_time: 0.0121  memory: 15696  grad_norm: 12.7519  loss: 7.4179  loss_heatmap: 2.6420  layer_-1_loss_cls: 0.3779  layer_-1_loss_bbox: 3.6288  matched_ious: 0.0161  aux_depth_loss: 0.7692  sec_per_iter: 0.4782  iters_per_sec: 2.0900  samples_per_sec: 33.4600  samples_per_sec_per_gpu: 8.3600  max_mem_allocated_mb: 607.2000  max_mem_reserved_mb: 21978.0000
04/09 03:00:29 - mmengine - INFO - Epoch(train)  [9][2900/5000]  lr: 1.9357e-04  eta: 2:14:56  time: 0.4821  data_time: 0.0128  memory: 15695  grad_norm: 22.3838  loss: 7.3500  loss_heatmap: 2.6369  layer_-1_loss_cls: 0.3741  layer_-1_loss_bbox: 3.5662  matched_ious: 0.0456  aux_depth_loss: 0.7728  sec_per_iter: 0.4783  iters_per_sec: 2.0900  samples_per_sec: 33.4500  samples_per_sec_per_gpu: 8.3600  max_mem_allocated_mb: 607.2000  max_mem_reserved_mb: 21978.0000
04/09 03:00:53 - mmengine - INFO - Epoch(train)  [9][2950/5000]  lr: 1.9262e-04  eta: 2:14:33  time: 0.4759  data_time: 0.0128  memory: 15694  grad_norm: 17.5802  loss: 7.5480  loss_heatmap: 2.6271  layer_-1_loss_cls: 0.3739  layer_-1_loss_bbox: 3.7644  matched_ious: 0.0378  aux_depth_loss: 0.7826  sec_per_iter: 0.4784  iters_per_sec: 2.0900  samples_per_sec: 33.4500  samples_per_sec_per_gpu: 8.3600  max_mem_allocated_mb: 607.2000  max_mem_reserved_mb: 21978.0000
04/09 03:01:16 - mmengine - INFO - Exp name: zod_camera_only_20260408_204407
04/09 03:01:16 - mmengine - INFO - Epoch(train)  [9][3000/5000]  lr: 1.9166e-04  eta: 2:14:09  time: 0.4582  data_time: 0.0119  memory: 15695  grad_norm: 14.8640  loss: 7.4695  loss_heatmap: 2.6367  layer_-1_loss_cls: 0.3709  layer_-1_loss_bbox: 3.6893  matched_ious: 0.0290  aux_depth_loss: 0.7725  sec_per_iter: 0.4783  iters_per_sec: 2.0900  samples_per_sec: 33.4500  samples_per_sec_per_gpu: 8.3600  max_mem_allocated_mb: 607.2000  max_mem_reserved_mb: 21978.0000
04/09 03:01:39 - mmengine - INFO - Epoch(train)  [9][3050/5000]  lr: 1.9071e-04  eta: 2:13:45  time: 0.4653  data_time: 0.0122  memory: 15696  grad_norm: 9.5241  loss: 7.5067  loss_heatmap: 2.6162  layer_-1_loss_cls: 0.3678  layer_-1_loss_bbox: 3.7666  matched_ious: 0.0566  aux_depth_loss: 0.7561  sec_per_iter: 0.4780  iters_per_sec: 2.0900  samples_per_sec: 33.4700  samples_per_sec_per_gpu: 8.3700  max_mem_allocated_mb: 607.2000  max_mem_reserved_mb: 21978.0000
04/09 03:02:03 - mmengine - INFO - Epoch(train)  [9][3100/5000]  lr: 1.8975e-04  eta: 2:13:21  time: 0.4628  data_time: 0.0131  memory: 15694  grad_norm: 9.2618  loss: 7.2728  loss_heatmap: 2.6050  layer_-1_loss_cls: 0.3806  layer_-1_loss_bbox: 3.5210  matched_ious: 0.0573  aux_depth_loss: 0.7663  sec_per_iter: 0.4778  iters_per_sec: 2.0900  samples_per_sec: 33.4900  samples_per_sec_per_gpu: 8.3700  max_mem_allocated_mb: 607.2000  max_mem_reserved_mb: 21978.0000
04/09 03:02:27 - mmengine - INFO - Epoch(train)  [9][3150/5000]  lr: 1.8880e-04  eta: 2:12:57  time: 0.4848  data_time: 0.0148  memory: 15697  grad_norm: 7.3189  loss: 7.4475  loss_heatmap: 2.6366  layer_-1_loss_cls: 0.3764  layer_-1_loss_bbox: 3.6808  matched_ious: 0.0360  aux_depth_loss: 0.7536  sec_per_iter: 0.4775  iters_per_sec: 2.0900  samples_per_sec: 33.5100  samples_per_sec_per_gpu: 8.3800  max_mem_allocated_mb: 607.2000  max_mem_reserved_mb: 21978.0000
04/09 03:02:51 - mmengine - INFO - Epoch(train)  [9][3200/5000]  lr: 1.8785e-04  eta: 2:12:34  time: 0.4840  data_time: 0.0122  memory: 15694  grad_norm: 6.0054  loss: 7.1085  loss_heatmap: 2.5598  layer_-1_loss_cls: 0.3825  layer_-1_loss_bbox: 3.4123  matched_ious: 0.0296  aux_depth_loss: 0.7540  sec_per_iter: 0.4777  iters_per_sec: 2.0900  samples_per_sec: 33.5000  samples_per_sec_per_gpu: 8.3700  max_mem_allocated_mb: 607.2000  max_mem_reserved_mb: 21978.0000
04/09 03:03:14 - mmengine - INFO - Epoch(train)  [9][3250/5000]  lr: 1.8690e-04  eta: 2:12:10  time: 0.4654  data_time: 0.0122  memory: 15695  grad_norm: 8.2146  loss: 7.3464  loss_heatmap: 2.5830  layer_-1_loss_cls: 0.3778  layer_-1_loss_bbox: 3.6328  matched_ious: 0.0480  aux_depth_loss: 0.7527  sec_per_iter: 0.4778  iters_per_sec: 2.0900  samples_per_sec: 33.4900  samples_per_sec_per_gpu: 8.3700  max_mem_allocated_mb: 607.2000  max_mem_reserved_mb: 21978.0000
04/09 03:03:37 - mmengine - INFO - Epoch(train)  [9][3300/5000]  lr: 1.8595e-04  eta: 2:11:46  time: 0.4611  data_time: 0.0122  memory: 15693  grad_norm: 8.3892  loss: 7.2792  loss_heatmap: 2.5709  layer_-1_loss_cls: 0.3799  layer_-1_loss_bbox: 3.5720  matched_ious: 0.0099  aux_depth_loss: 0.7564  sec_per_iter: 0.4776  iters_per_sec: 2.0900  samples_per_sec: 33.5000  samples_per_sec_per_gpu: 8.3800  max_mem_allocated_mb: 607.2000  max_mem_reserved_mb: 21978.0000
04/09 03:04:01 - mmengine - INFO - Epoch(train)  [9][3350/5000]  lr: 1.8500e-04  eta: 2:11:23  time: 0.4762  data_time: 0.0129  memory: 15695  grad_norm: 8.2604  loss: 7.1659  loss_heatmap: 2.5716  layer_-1_loss_cls: 0.3855  layer_-1_loss_bbox: 3.4603  matched_ious: 0.0412  aux_depth_loss: 0.7485  sec_per_iter: 0.4773  iters_per_sec: 2.1000  samples_per_sec: 33.5200  samples_per_sec_per_gpu: 8.3800  max_mem_allocated_mb: 607.2000  max_mem_reserved_mb: 21978.0000
04/09 03:04:25 - mmengine - INFO - Epoch(train)  [9][3400/5000]  lr: 1.8405e-04  eta: 2:10:59  time: 0.4704  data_time: 0.0133  memory: 15696  grad_norm: 15.8777  loss: 7.3998  loss_heatmap: 2.6195  layer_-1_loss_cls: 0.3800  layer_-1_loss_bbox: 3.6472  matched_ious: 0.0824  aux_depth_loss: 0.7532  sec_per_iter: 0.4773  iters_per_sec: 2.1000  samples_per_sec: 33.5200  samples_per_sec_per_gpu: 8.3800  max_mem_allocated_mb: 607.2000  max_mem_reserved_mb: 21978.0000
04/09 03:04:48 - mmengine - INFO - Epoch(train)  [9][3450/5000]  lr: 1.8311e-04  eta: 2:10:35  time: 0.4631  data_time: 0.0115  memory: 15697  grad_norm: 8.1058  loss: 7.1886  loss_heatmap: 2.5669  layer_-1_loss_cls: 0.3839  layer_-1_loss_bbox: 3.4898  matched_ious: 0.0476  aux_depth_loss: 0.7480  sec_per_iter: 0.4772  iters_per_sec: 2.1000  samples_per_sec: 33.5300  samples_per_sec_per_gpu: 8.3800  max_mem_allocated_mb: 607.2000  max_mem_reserved_mb: 21978.0000
04/09 03:05:11 - mmengine - INFO - Epoch(train)  [9][3500/5000]  lr: 1.8216e-04  eta: 2:10:11  time: 0.4665  data_time: 0.0116  memory: 15697  grad_norm: 15.1469  loss: 7.1429  loss_heatmap: 2.5526  layer_-1_loss_cls: 0.3846  layer_-1_loss_bbox: 3.4609  matched_ious: 0.0341  aux_depth_loss: 0.7448  sec_per_iter: 0.4770  iters_per_sec: 2.1000  samples_per_sec: 33.5400  samples_per_sec_per_gpu: 8.3900  max_mem_allocated_mb: 607.2000  max_mem_reserved_mb: 21978.0000
04/09 03:05:34 - mmengine - INFO - Epoch(train)  [9][3550/5000]  lr: 1.8122e-04  eta: 2:09:47  time: 0.4610  data_time: 0.0117  memory: 15695  grad_norm: 12.6837  loss: 7.0616  loss_heatmap: 2.5441  layer_-1_loss_cls: 0.3750  layer_-1_loss_bbox: 3.4098  matched_ious: 0.0242  aux_depth_loss: 0.7328  sec_per_iter: 0.4768  iters_per_sec: 2.1000  samples_per_sec: 33.5500  samples_per_sec_per_gpu: 8.3900  max_mem_allocated_mb: 607.2000  max_mem_reserved_mb: 21978.0000
04/09 03:05:57 - mmengine - INFO - Epoch(train)  [9][3600/5000]  lr: 1.8027e-04  eta: 2:09:23  time: 0.4625  data_time: 0.0121  memory: 15695  grad_norm: 9.3895  loss: 7.1208  loss_heatmap: 2.5451  layer_-1_loss_cls: 0.3803  layer_-1_loss_bbox: 3.4482  matched_ious: 0.0187  aux_depth_loss: 0.7472  sec_per_iter: 0.4766  iters_per_sec: 2.1000  samples_per_sec: 33.5700  samples_per_sec_per_gpu: 8.3900  max_mem_allocated_mb: 607.2000  max_mem_reserved_mb: 21978.0000
04/09 03:06:22 - mmengine - INFO - Epoch(train)  [9][3650/5000]  lr: 1.7933e-04  eta: 2:09:00  time: 0.4935  data_time: 0.0130  memory: 15695  grad_norm: 11.7878  loss: 7.0533  loss_heatmap: 2.5593  layer_-1_loss_cls: 0.3819  layer_-1_loss_bbox: 3.3411  matched_ious: 0.0909  aux_depth_loss: 0.7710  sec_per_iter: 0.4764  iters_per_sec: 2.1000  samples_per_sec: 33.5800  samples_per_sec_per_gpu: 8.4000  max_mem_allocated_mb: 607.2000  max_mem_reserved_mb: 21978.0000
04/09 03:06:46 - mmengine - INFO - Epoch(train)  [9][3700/5000]  lr: 1.7839e-04  eta: 2:08:36  time: 0.4751  data_time: 0.0122  memory: 15695  grad_norm: 12.4323  loss: 7.2426  loss_heatmap: 2.5810  layer_-1_loss_cls: 0.3825  layer_-1_loss_bbox: 3.5350  matched_ious: 0.0441  aux_depth_loss: 0.7442  sec_per_iter: 0.4767  iters_per_sec: 2.1000  samples_per_sec: 33.5700  samples_per_sec_per_gpu: 8.3900  max_mem_allocated_mb: 607.2000  max_mem_reserved_mb: 21978.0000
04/09 03:07:09 - mmengine - INFO - Epoch(train)  [9][3750/5000]  lr: 1.7745e-04  eta: 2:08:13  time: 0.4734  data_time: 0.0115  memory: 15694  grad_norm: 9.0800  loss: 7.1782  loss_heatmap: 2.5642  layer_-1_loss_cls: 0.3798  layer_-1_loss_bbox: 3.4975  matched_ious: 0.0789  aux_depth_loss: 0.7367  sec_per_iter: 0.4766  iters_per_sec: 2.1000  samples_per_sec: 33.5700  samples_per_sec_per_gpu: 8.3900  max_mem_allocated_mb: 607.2000  max_mem_reserved_mb: 21978.0000
04/09 03:07:33 - mmengine - INFO - Epoch(train)  [9][3800/5000]  lr: 1.7651e-04  eta: 2:07:49  time: 0.4656  data_time: 0.0115  memory: 15697  grad_norm: 9.7157  loss: 7.2329  loss_heatmap: 2.5624  layer_-1_loss_cls: 0.3765  layer_-1_loss_bbox: 3.5570  matched_ious: 0.0759  aux_depth_loss: 0.7370  sec_per_iter: 0.4766  iters_per_sec: 2.1000  samples_per_sec: 33.5700  samples_per_sec_per_gpu: 8.3900  max_mem_allocated_mb: 607.2000  max_mem_reserved_mb: 21978.0000
04/09 03:07:56 - mmengine - INFO - Epoch(train)  [9][3850/5000]  lr: 1.7557e-04  eta: 2:07:25  time: 0.4583  data_time: 0.0122  memory: 15695  grad_norm: 7.0267  loss: 7.1064  loss_heatmap: 2.5435  layer_-1_loss_cls: 0.3841  layer_-1_loss_bbox: 3.4347  matched_ious: 0.0452  aux_depth_loss: 0.7442  sec_per_iter: 0.4765  iters_per_sec: 2.1000  samples_per_sec: 33.5800  samples_per_sec_per_gpu: 8.4000  max_mem_allocated_mb: 607.2000  max_mem_reserved_mb: 21978.0000
04/09 03:08:20 - mmengine - INFO - Epoch(train)  [9][3900/5000]  lr: 1.7464e-04  eta: 2:07:02  time: 0.4961  data_time: 0.0132  memory: 15696  grad_norm: 8.3294  loss: 7.1088  loss_heatmap: 2.5645  layer_-1_loss_cls: 0.3890  layer_-1_loss_bbox: 3.4263  matched_ious: 0.0560  aux_depth_loss: 0.7290  sec_per_iter: 0.4762  iters_per_sec: 2.1000  samples_per_sec: 33.6000  samples_per_sec_per_gpu: 8.4000  max_mem_allocated_mb: 607.2000  max_mem_reserved_mb: 21978.0000
04/09 03:08:45 - mmengine - INFO - Epoch(train)  [9][3950/5000]  lr: 1.7370e-04  eta: 2:06:38  time: 0.4868  data_time: 0.0126  memory: 15697  grad_norm: 10.3418  loss: 7.2173  loss_heatmap: 2.5479  layer_-1_loss_cls: 0.3829  layer_-1_loss_bbox: 3.5387  matched_ious: 0.0605  aux_depth_loss: 0.7479  sec_per_iter: 0.4765  iters_per_sec: 2.1000  samples_per_sec: 33.5800  samples_per_sec_per_gpu: 8.4000  max_mem_allocated_mb: 607.2000  max_mem_reserved_mb: 21978.0000
04/09 03:09:08 - mmengine - INFO - Exp name: zod_camera_only_20260408_204407
04/09 03:09:08 - mmengine - INFO - Epoch(train)  [9][4000/5000]  lr: 1.7277e-04  eta: 2:06:14  time: 0.4619  data_time: 0.0121  memory: 15692  grad_norm: 9.9388  loss: 7.1718  loss_heatmap: 2.5824  layer_-1_loss_cls: 0.3955  layer_-1_loss_bbox: 3.4595  matched_ious: 0.0766  aux_depth_loss: 0.7343  sec_per_iter: 0.4766  iters_per_sec: 2.1000  samples_per_sec: 33.5700  samples_per_sec_per_gpu: 8.3900  max_mem_allocated_mb: 607.2000  max_mem_reserved_mb: 21978.0000
04/09 03:09:33 - mmengine - INFO - Epoch(train)  [9][4050/5000]  lr: 1.7183e-04  eta: 2:05:51  time: 0.5083  data_time: 0.0136  memory: 15693  grad_norm: 9.6134  loss: 7.1276  loss_heatmap: 2.5758  layer_-1_loss_cls: 0.3941  layer_-1_loss_bbox: 3.4178  matched_ious: 0.0685  aux_depth_loss: 0.7399  sec_per_iter: 0.4764  iters_per_sec: 2.1000  samples_per_sec: 33.5800  samples_per_sec_per_gpu: 8.4000  max_mem_allocated_mb: 607.2000  max_mem_reserved_mb: 21978.0000
04/09 03:09:57 - mmengine - INFO - Epoch(train)  [9][4100/5000]  lr: 1.7090e-04  eta: 2:05:28  time: 0.4753  data_time: 0.0137  memory: 15694  grad_norm: 10.3930  loss: 7.1967  loss_heatmap: 2.6007  layer_-1_loss_cls: 0.3960  layer_-1_loss_bbox: 3.4698  matched_ious: 0.0514  aux_depth_loss: 0.7303  sec_per_iter: 0.4768  iters_per_sec: 2.1000  samples_per_sec: 33.5600  samples_per_sec_per_gpu: 8.3900  max_mem_allocated_mb: 607.2000  max_mem_reserved_mb: 21978.0000
04/09 03:10:22 - mmengine - INFO - Epoch(train)  [9][4150/5000]  lr: 1.6997e-04  eta: 2:05:05  time: 0.4987  data_time: 0.0123  memory: 15694  grad_norm: 9.5230  loss: 7.0102  loss_heatmap: 2.5712  layer_-1_loss_cls: 0.3886  layer_-1_loss_bbox: 3.3214  matched_ious: 0.0591  aux_depth_loss: 0.7290  sec_per_iter: 0.4768  iters_per_sec: 2.1000  samples_per_sec: 33.5600  samples_per_sec_per_gpu: 8.3900  max_mem_allocated_mb: 607.2000  max_mem_reserved_mb: 21978.0000
04/09 03:10:45 - mmengine - INFO - Epoch(train)  [9][4200/5000]  lr: 1.6904e-04  eta: 2:04:41  time: 0.4545  data_time: 0.0123  memory: 15694  grad_norm: 12.4529  loss: 6.9826  loss_heatmap: 2.5212  layer_-1_loss_cls: 0.3849  layer_-1_loss_bbox: 3.3478  matched_ious: 0.0540  aux_depth_loss: 0.7287  sec_per_iter: 0.4771  iters_per_sec: 2.1000  samples_per_sec: 33.5400  samples_per_sec_per_gpu: 8.3800  max_mem_allocated_mb: 607.2000  max_mem_reserved_mb: 21978.0000
04/09 03:11:08 - mmengine - INFO - Epoch(train)  [9][4250/5000]  lr: 1.6811e-04  eta: 2:04:17  time: 0.4629  data_time: 0.0117  memory: 15696  grad_norm: 10.6923  loss: 6.9624  loss_heatmap: 2.5342  layer_-1_loss_cls: 0.3944  layer_-1_loss_bbox: 3.2988  matched_ious: 0.0503  aux_depth_loss: 0.7350  sec_per_iter: 0.4768  iters_per_sec: 2.1000  samples_per_sec: 33.5600  samples_per_sec_per_gpu: 8.3900  max_mem_allocated_mb: 607.2000  max_mem_reserved_mb: 21978.0000
04/09 03:11:33 - mmengine - INFO - Epoch(train)  [9][4300/5000]  lr: 1.6719e-04  eta: 2:03:53  time: 0.4985  data_time: 0.0128  memory: 15694  grad_norm: 11.2468  loss: 6.9055  loss_heatmap: 2.5638  layer_-1_loss_cls: 0.3980  layer_-1_loss_bbox: 3.2172  matched_ious: 0.0708  aux_depth_loss: 0.7266  sec_per_iter: 0.4766  iters_per_sec: 2.1000  samples_per_sec: 33.5700  samples_per_sec_per_gpu: 8.3900  max_mem_allocated_mb: 607.2000  max_mem_reserved_mb: 21978.0000
04/09 03:11:56 - mmengine - INFO - Epoch(train)  [9][4350/5000]  lr: 1.6626e-04  eta: 2:03:29  time: 0.4568  data_time: 0.0123  memory: 15694  grad_norm: 11.3297  loss: 6.9973  loss_heatmap: 2.5458  layer_-1_loss_cls: 0.3961  layer_-1_loss_bbox: 3.3313  matched_ious: 0.0664  aux_depth_loss: 0.7241  sec_per_iter: 0.4769  iters_per_sec: 2.1000  samples_per_sec: 33.5500  samples_per_sec_per_gpu: 8.3900  max_mem_allocated_mb: 607.2000  max_mem_reserved_mb: 21978.0000
04/09 03:12:19 - mmengine - INFO - Epoch(train)  [9][4400/5000]  lr: 1.6534e-04  eta: 2:03:06  time: 0.4669  data_time: 0.0126  memory: 15695  grad_norm: 9.7184  loss: 7.0833  loss_heatmap: 2.5770  layer_-1_loss_cls: 0.3940  layer_-1_loss_bbox: 3.3903  matched_ious: 0.0488  aux_depth_loss: 0.7220  sec_per_iter: 0.4767  iters_per_sec: 2.1000  samples_per_sec: 33.5700  samples_per_sec_per_gpu: 8.3900  max_mem_allocated_mb: 607.2000  max_mem_reserved_mb: 21978.0000
04/09 03:12:43 - mmengine - INFO - Epoch(train)  [9][4450/5000]  lr: 1.6441e-04  eta: 2:02:42  time: 0.4722  data_time: 0.0119  memory: 15694  grad_norm: 8.3364  loss: 6.9670  loss_heatmap: 2.5215  layer_-1_loss_cls: 0.3950  layer_-1_loss_bbox: 3.3254  matched_ious: 0.1145  aux_depth_loss: 0.7251  sec_per_iter: 0.4766  iters_per_sec: 2.1000  samples_per_sec: 33.5700  samples_per_sec_per_gpu: 8.3900  max_mem_allocated_mb: 607.2000  max_mem_reserved_mb: 21978.0000
04/09 03:13:06 - mmengine - INFO - Epoch(train)  [9][4500/5000]  lr: 1.6349e-04  eta: 2:02:18  time: 0.4716  data_time: 0.0165  memory: 15694  grad_norm: 14.0583  loss: 6.8503  loss_heatmap: 2.4905  layer_-1_loss_cls: 0.3973  layer_-1_loss_bbox: 3.2348  matched_ious: 0.0510  aux_depth_loss: 0.7277  sec_per_iter: 0.4765  iters_per_sec: 2.1000  samples_per_sec: 33.5800  samples_per_sec_per_gpu: 8.3900  max_mem_allocated_mb: 607.2000  max_mem_reserved_mb: 21978.0000
04/09 03:13:31 - mmengine - INFO - Epoch(train)  [9][4550/5000]  lr: 1.6257e-04  eta: 2:01:55  time: 0.5053  data_time: 0.0121  memory: 15694  grad_norm: 11.6948  loss: 6.8871  loss_heatmap: 2.5107  layer_-1_loss_cls: 0.4017  layer_-1_loss_bbox: 3.2498  matched_ious: 0.0352  aux_depth_loss: 0.7248  sec_per_iter: 0.4764  iters_per_sec: 2.1000  samples_per_sec: 33.5800  samples_per_sec_per_gpu: 8.4000  max_mem_allocated_mb: 607.2000  max_mem_reserved_mb: 21978.0000
04/09 03:13:55 - mmengine - INFO - Epoch(train)  [9][4600/5000]  lr: 1.6165e-04  eta: 2:01:31  time: 0.4656  data_time: 0.0118  memory: 15694  grad_norm: 12.2241  loss: 6.8896  loss_heatmap: 2.5284  layer_-1_loss_cls: 0.3995  layer_-1_loss_bbox: 3.2432  matched_ious: 0.0567  aux_depth_loss: 0.7184  sec_per_iter: 0.4768  iters_per_sec: 2.1000  samples_per_sec: 33.5600  samples_per_sec_per_gpu: 8.3900  max_mem_allocated_mb: 607.2000  max_mem_reserved_mb: 21978.0000
04/09 03:14:19 - mmengine - INFO - Epoch(train)  [9][4650/5000]  lr: 1.6074e-04  eta: 2:01:08  time: 0.4848  data_time: 0.0146  memory: 15695  grad_norm: 14.8179  loss: 6.7531  loss_heatmap: 2.5210  layer_-1_loss_cls: 0.4032  layer_-1_loss_bbox: 3.1190  matched_ious: 0.0958  aux_depth_loss: 0.7100  sec_per_iter: 0.4766  iters_per_sec: 2.1000  samples_per_sec: 33.5700  samples_per_sec_per_gpu: 8.3900  max_mem_allocated_mb: 607.2000  max_mem_reserved_mb: 21978.0000
04/09 03:14:42 - mmengine - INFO - Epoch(train)  [9][4700/5000]  lr: 1.5982e-04  eta: 2:00:44  time: 0.4626  data_time: 0.0117  memory: 15694  grad_norm: 12.2287  loss: 6.9179  loss_heatmap: 2.5193  layer_-1_loss_cls: 0.4037  layer_-1_loss_bbox: 3.2861  matched_ious: 0.0487  aux_depth_loss: 0.7088  sec_per_iter: 0.4767  iters_per_sec: 2.1000  samples_per_sec: 33.5600  samples_per_sec_per_gpu: 8.3900  max_mem_allocated_mb: 607.2000  max_mem_reserved_mb: 21978.0000
04/09 03:15:06 - mmengine - INFO - Epoch(train)  [9][4750/5000]  lr: 1.5890e-04  eta: 2:00:20  time: 0.4800  data_time: 0.0121  memory: 15693  grad_norm: 14.9765  loss: 7.1373  loss_heatmap: 2.5761  layer_-1_loss_cls: 0.4011  layer_-1_loss_bbox: 3.4429  matched_ious: 0.0852  aux_depth_loss: 0.7172  sec_per_iter: 0.4766  iters_per_sec: 2.1000  samples_per_sec: 33.5700  samples_per_sec_per_gpu: 8.3900  max_mem_allocated_mb: 607.2000  max_mem_reserved_mb: 21978.0000
04/09 03:15:30 - mmengine - INFO - Epoch(train)  [9][4800/5000]  lr: 1.5799e-04  eta: 1:59:57  time: 0.4687  data_time: 0.0136  memory: 15694  grad_norm: 12.5329  loss: 6.9108  loss_heatmap: 2.5724  layer_-1_loss_cls: 0.4006  layer_-1_loss_bbox: 3.2239  matched_ious: 0.0472  aux_depth_loss: 0.7139  sec_per_iter: 0.4766  iters_per_sec: 2.1000  samples_per_sec: 33.5700  samples_per_sec_per_gpu: 8.3900  max_mem_allocated_mb: 607.2000  max_mem_reserved_mb: 21978.0000
04/09 03:15:53 - mmengine - INFO - Epoch(train)  [9][4850/5000]  lr: 1.5708e-04  eta: 1:59:33  time: 0.4652  data_time: 0.0119  memory: 15697  grad_norm: 17.5238  loss: 6.8534  loss_heatmap: 2.5000  layer_-1_loss_cls: 0.4003  layer_-1_loss_bbox: 3.2240  matched_ious: 0.0296  aux_depth_loss: 0.7291  sec_per_iter: 0.4765  iters_per_sec: 2.1000  samples_per_sec: 33.5800  samples_per_sec_per_gpu: 8.3900  max_mem_allocated_mb: 607.2000  max_mem_reserved_mb: 21978.0000
04/09 03:16:16 - mmengine - INFO - Epoch(train)  [9][4900/5000]  lr: 1.5617e-04  eta: 1:59:09  time: 0.4644  data_time: 0.0123  memory: 15697  grad_norm: 12.1115  loss: 7.1319  loss_heatmap: 2.5702  layer_-1_loss_cls: 0.3995  layer_-1_loss_bbox: 3.4111  matched_ious: 0.0452  aux_depth_loss: 0.7511  sec_per_iter: 0.4764  iters_per_sec: 2.1000  samples_per_sec: 33.5800  samples_per_sec_per_gpu: 8.4000  max_mem_allocated_mb: 607.2000  max_mem_reserved_mb: 21978.0000
04/09 03:16:39 - mmengine - INFO - Epoch(train)  [9][4950/5000]  lr: 1.5526e-04  eta: 1:58:45  time: 0.4669  data_time: 0.0116  memory: 15694  grad_norm: 12.3077  loss: 6.9739  loss_heatmap: 2.5108  layer_-1_loss_cls: 0.3848  layer_-1_loss_bbox: 3.3431  matched_ious: 0.0659  aux_depth_loss: 0.7352  sec_per_iter: 0.4763  iters_per_sec: 2.1000  samples_per_sec: 33.5900  samples_per_sec_per_gpu: 8.4000  max_mem_allocated_mb: 607.2000  max_mem_reserved_mb: 21978.0000
04/09 03:17:02 - mmengine - INFO - Exp name: zod_camera_only_20260408_204407
04/09 03:17:02 - mmengine - INFO - Epoch(train)  [9][5000/5000]  lr: 1.5435e-04  eta: 1:58:21  time: 0.4555  data_time: 0.0115  memory: 15695  grad_norm: 15.3109  loss: 6.9922  loss_heatmap: 2.5201  layer_-1_loss_cls: 0.3845  layer_-1_loss_bbox: 3.3744  matched_ious: 0.0670  aux_depth_loss: 0.7133  sec_per_iter: 0.4762  iters_per_sec: 2.1000  samples_per_sec: 33.6000  samples_per_sec_per_gpu: 8.4000  max_mem_allocated_mb: 607.2000  max_mem_reserved_mb: 21978.0000
04/09 03:17:02 - mmengine - INFO - [Efficiency] Epoch 9: wall=2380.0s  iters=5000  sec/iter=0.476  mem_alloc=607MB  mem_rsv=21978MB
04/09 03:17:10 - mmengine - INFO - Epoch(val)  [9][  50/1250]    eta: 0:03:17  time: 0.1642  data_time: 0.0305  memory: 4720  
04/09 03:17:17 - mmengine - INFO - Epoch(val)  [9][ 100/1250]    eta: 0:02:49  time: 0.1313  data_time: 0.0065  memory: 4725  
04/09 03:17:24 - mmengine - INFO - Epoch(val)  [9][ 150/1250]    eta: 0:02:36  time: 0.1307  data_time: 0.0058  memory: 4729  
04/09 03:17:30 - mmengine - INFO - Epoch(val)  [9][ 200/1250]    eta: 0:02:25  time: 0.1297  data_time: 0.0058  memory: 4726  
04/09 03:17:36 - mmengine - INFO - Epoch(val)  [9][ 250/1250]    eta: 0:02:16  time: 0.1257  data_time: 0.0058  memory: 4716  
04/09 03:17:43 - mmengine - INFO - Epoch(val)  [9][ 300/1250]    eta: 0:02:08  time: 0.1315  data_time: 0.0068  memory: 4723  
04/09 03:17:49 - mmengine - INFO - Epoch(val)  [9][ 350/1250]    eta: 0:02:01  time: 0.1282  data_time: 0.0054  memory: 4726  
04/09 03:17:56 - mmengine - INFO - Epoch(val)  [9][ 400/1250]    eta: 0:01:53  time: 0.1283  data_time: 0.0068  memory: 4716  
04/09 03:18:02 - mmengine - INFO - Epoch(val)  [9][ 450/1250]    eta: 0:01:46  time: 0.1268  data_time: 0.0065  memory: 4719  
04/09 03:18:08 - mmengine - INFO - Epoch(val)  [9][ 500/1250]    eta: 0:01:39  time: 0.1254  data_time: 0.0055  memory: 4719  
04/09 03:18:15 - mmengine - INFO - Epoch(val)  [9][ 550/1250]    eta: 0:01:32  time: 0.1338  data_time: 0.0059  memory: 4719  
04/09 03:18:21 - mmengine - INFO - Epoch(val)  [9][ 600/1250]    eta: 0:01:25  time: 0.1257  data_time: 0.0062  memory: 4723  
04/09 03:18:28 - mmengine - INFO - Epoch(val)  [9][ 650/1250]    eta: 0:01:19  time: 0.1303  data_time: 0.0057  memory: 4723  
04/09 03:18:34 - mmengine - INFO - Epoch(val)  [9][ 700/1250]    eta: 0:01:12  time: 0.1277  data_time: 0.0054  memory: 4720  
04/09 03:18:41 - mmengine - INFO - Epoch(val)  [9][ 750/1250]    eta: 0:01:05  time: 0.1284  data_time: 0.0065  memory: 4722  
04/09 03:18:47 - mmengine - INFO - Epoch(val)  [9][ 800/1250]    eta: 0:00:58  time: 0.1246  data_time: 0.0056  memory: 4717  
04/09 03:18:53 - mmengine - INFO - Epoch(val)  [9][ 850/1250]    eta: 0:00:52  time: 0.1249  data_time: 0.0057  memory: 4722  
04/09 03:19:00 - mmengine - INFO - Epoch(val)  [9][ 900/1250]    eta: 0:00:45  time: 0.1302  data_time: 0.0054  memory: 4726  
04/09 03:19:06 - mmengine - INFO - Epoch(val)  [9][ 950/1250]    eta: 0:00:39  time: 0.1241  data_time: 0.0054  memory: 4723  
04/09 03:19:13 - mmengine - INFO - Epoch(val)  [9][1000/1250]    eta: 0:00:32  time: 0.1372  data_time: 0.0058  memory: 4726  
04/09 03:19:19 - mmengine - INFO - Epoch(val)  [9][1050/1250]    eta: 0:00:26  time: 0.1309  data_time: 0.0064  memory: 4726  
04/09 03:19:26 - mmengine - INFO - Epoch(val)  [9][1100/1250]    eta: 0:00:19  time: 0.1249  data_time: 0.0056  memory: 4726  
04/09 03:19:32 - mmengine - INFO - Epoch(val)  [9][1150/1250]    eta: 0:00:13  time: 0.1324  data_time: 0.0063  memory: 4721  
04/09 03:19:39 - mmengine - INFO - Epoch(val)  [9][1200/1250]    eta: 0:00:06  time: 0.1279  data_time: 0.0055  memory: 4719  
04/09 03:19:45 - mmengine - INFO - Epoch(val)  [9][1250/1250]    eta: 0:00:00  time: 0.1253  data_time: 0.0055  memory: 4723  
04/09 03:21:00 - mmengine - INFO - 
+------------+---------+---------+---------+---------+
| classes    | AP_0.25 | AR_0.25 | AP_0.50 | AR_0.50 |
+------------+---------+---------+---------+---------+
| pedestrian | 0.0072  | 0.1542  | 0.0002  | 0.0199  |
+------------+---------+---------+---------+---------+
| Overall    | 0.0072  | 0.1542  | 0.0002  | 0.0199  |
+------------+---------+---------+---------+---------+
04/09 03:21:30 - mmengine - INFO - 
+------------+---------+---------+---------+---------+---------+---------+---------+---------+
| classes    | AP_0.5m | AR_0.5m | AP_1.0m | AR_1.0m | AP_2.0m | AR_2.0m | AP_4.0m | AR_4.0m |
+------------+---------+---------+---------+---------+---------+---------+---------+---------+
| pedestrian | 0.0215  | 0.2611  | 0.0343  | 0.3098  | 0.0403  | 0.3483  | 0.0464  | 0.3884  |
+------------+---------+---------+---------+---------+---------+---------+---------+---------+
| Overall    | 0.0215  | 0.2611  | 0.0343  | 0.3098  | 0.0403  | 0.3483  | 0.0464  | 0.3884  |
+------------+---------+---------+---------+---------+---------+---------+---------+---------+
04/09 03:21:31 - mmengine - INFO - Epoch(val) [9][1250/1250]    pedestrian_AP_0.25: 0.0072  mAP_0.25: 0.0072  pedestrian_rec_0.25: 0.1542  mAR_0.25: 0.1542  pedestrian_AP_0.50: 0.0002  mAP_0.50: 0.0002  pedestrian_rec_0.50: 0.0199  mAR_0.50: 0.0199  pedestrian_AP_0.5m: 0.0215  pedestrian_rec_0.5m: 0.2611  pedestrian_AP_1.0m: 0.0343  pedestrian_rec_1.0m: 0.3098  pedestrian_AP_2.0m: 0.0403  pedestrian_rec_2.0m: 0.3483  pedestrian_AP_4.0m: 0.0464  pedestrian_rec_4.0m: 0.3884  mAP_0.5m: 0.0215  mAR_0.5m: 0.2611  mAP_1.0m: 0.0343  mAR_1.0m: 0.3098  mAP_2.0m: 0.0403  mAR_2.0m: 0.3483  mAP_4.0m: 0.0464  mAR_4.0m: 0.3884  data_time: 0.0069  time: 0.1300
04/09 03:22:11 - mmengine - INFO - Epoch(train) [10][  50/5000]  lr: 1.5344e-04  eta: 1:58:02  time: 0.7665  data_time: 0.0457  memory: 15694  grad_norm: 13.9242  loss: 6.9073  loss_heatmap: 2.5157  layer_-1_loss_cls: 0.4022  layer_-1_loss_bbox: 3.2664  matched_ious: 0.0823  aux_depth_loss: 0.7230  sec_per_iter: 0.4760  iters_per_sec: 2.1000  samples_per_sec: 33.6100  samples_per_sec_per_gpu: 8.4000  max_mem_allocated_mb: 607.2000  max_mem_reserved_mb: 21978.0000
04/09 03:22:39 - mmengine - INFO - Epoch(train) [10][ 100/5000]  lr: 1.5254e-04  eta: 1:57:40  time: 0.5663  data_time: 0.0144  memory: 15694  grad_norm: 12.7151  loss: 6.9116  loss_heatmap: 2.5471  layer_-1_loss_cls: 0.4089  layer_-1_loss_bbox: 3.2272  matched_ious: 0.1158  aux_depth_loss: 0.7284  sec_per_iter: 0.7676  iters_per_sec: 1.3000  samples_per_sec: 20.8500  samples_per_sec_per_gpu: 5.2100  max_mem_allocated_mb: 607.2000  max_mem_reserved_mb: 21978.0000
04/09 03:23:03 - mmengine - INFO - Epoch(train) [10][ 150/5000]  lr: 1.5164e-04  eta: 1:57:17  time: 0.4916  data_time: 0.0118  memory: 15693  grad_norm: 24.7845  loss: 7.1182  loss_heatmap: 2.5680  layer_-1_loss_cls: 0.3999  layer_-1_loss_bbox: 3.4300  matched_ious: 0.0710  aux_depth_loss: 0.7204  sec_per_iter: 0.6668  iters_per_sec: 1.5000  samples_per_sec: 24.0000  samples_per_sec_per_gpu: 6.0000  max_mem_allocated_mb: 607.2000  max_mem_reserved_mb: 21978.0000
04/09 03:23:28 - mmengine - INFO - Epoch(train) [10][ 200/5000]  lr: 1.5073e-04  eta: 1:56:54  time: 0.4942  data_time: 0.0143  memory: 15696  grad_norm: 14.4959  loss: 6.9298  loss_heatmap: 2.5203  layer_-1_loss_cls: 0.3993  layer_-1_loss_bbox: 3.2896  matched_ious: 0.0613  aux_depth_loss: 0.7206  sec_per_iter: 0.6083  iters_per_sec: 1.6400  samples_per_sec: 26.3000  samples_per_sec_per_gpu: 6.5800  max_mem_allocated_mb: 607.2000  max_mem_reserved_mb: 21978.0000
04/09 03:23:53 - mmengine - INFO - Epoch(train) [10][ 250/5000]  lr: 1.4983e-04  eta: 1:56:30  time: 0.4873  data_time: 0.0128  memory: 15693  grad_norm: 20.8999  loss: 6.9854  loss_heatmap: 2.5030  layer_-1_loss_cls: 0.3924  layer_-1_loss_bbox: 3.3637  matched_ious: 0.0632  aux_depth_loss: 0.7263  sec_per_iter: 0.5798  iters_per_sec: 1.7200  samples_per_sec: 27.6000  samples_per_sec_per_gpu: 6.9000  max_mem_allocated_mb: 607.2000  max_mem_reserved_mb: 21978.0000
04/09 03:24:20 - mmengine - INFO - Epoch(train) [10][ 300/5000]  lr: 1.4894e-04  eta: 1:56:08  time: 0.5528  data_time: 0.0148  memory: 15696  grad_norm: 16.8693  loss: 7.1364  loss_heatmap: 2.5774  layer_-1_loss_cls: 0.3974  layer_-1_loss_bbox: 3.4304  matched_ious: 0.0658  aux_depth_loss: 0.7313  sec_per_iter: 0.5613  iters_per_sec: 1.7800  samples_per_sec: 28.5000  samples_per_sec_per_gpu: 7.1300  max_mem_allocated_mb: 607.2000  max_mem_reserved_mb: 21978.0000
04/09 03:24:45 - mmengine - INFO - Epoch(train) [10][ 350/5000]  lr: 1.4804e-04  eta: 1:55:44  time: 0.4882  data_time: 0.0148  memory: 15695  grad_norm: 13.5984  loss: 6.8103  loss_heatmap: 2.5316  layer_-1_loss_cls: 0.4015  layer_-1_loss_bbox: 3.1621  matched_ious: 0.0686  aux_depth_loss: 0.7150  sec_per_iter: 0.5599  iters_per_sec: 1.7900  samples_per_sec: 28.5800  samples_per_sec_per_gpu: 7.1400  max_mem_allocated_mb: 607.2000  max_mem_reserved_mb: 21978.0000
04/09 03:25:08 - mmengine - INFO - Epoch(train) [10][ 400/5000]  lr: 1.4714e-04  eta: 1:55:20  time: 0.4683  data_time: 0.0141  memory: 15695  grad_norm: 12.7637  loss: 6.9005  loss_heatmap: 2.5272  layer_-1_loss_cls: 0.4054  layer_-1_loss_bbox: 3.2402  matched_ious: 0.0939  aux_depth_loss: 0.7277  sec_per_iter: 0.5497  iters_per_sec: 1.8200  samples_per_sec: 29.1100  samples_per_sec_per_gpu: 7.2800  max_mem_allocated_mb: 607.2000  max_mem_reserved_mb: 21978.0000
04/09 03:25:32 - mmengine - INFO - Epoch(train) [10][ 450/5000]  lr: 1.4625e-04  eta: 1:54:57  time: 0.4752  data_time: 0.0127  memory: 15692  grad_norm: 14.1779  loss: 7.0234  loss_heatmap: 2.5275  layer_-1_loss_cls: 0.3915  layer_-1_loss_bbox: 3.3941  matched_ious: 0.0598  aux_depth_loss: 0.7104  sec_per_iter: 0.5395  iters_per_sec: 1.8500  samples_per_sec: 29.6600  samples_per_sec_per_gpu: 7.4100  max_mem_allocated_mb: 607.2000  max_mem_reserved_mb: 21978.0000
04/09 03:25:55 - mmengine - INFO - Epoch(train) [10][ 500/5000]  lr: 1.4536e-04  eta: 1:54:33  time: 0.4619  data_time: 0.0150  memory: 15696  grad_norm: nan  loss: 7.0005  loss_heatmap: 2.4835  layer_-1_loss_cls: 0.3993  layer_-1_loss_bbox: 3.4020  matched_ious: 0.0753  aux_depth_loss: 0.7157  sec_per_iter: 0.5324  iters_per_sec: 1.8800  samples_per_sec: 30.0500  samples_per_sec_per_gpu: 7.5100  max_mem_allocated_mb: 607.2000  max_mem_reserved_mb: 21978.0000
04/09 03:26:20 - mmengine - INFO - Epoch(train) [10][ 550/5000]  lr: 1.4447e-04  eta: 1:54:10  time: 0.5048  data_time: 0.0141  memory: 15696  grad_norm: 20.0605  loss: 6.9509  loss_heatmap: 2.5158  layer_-1_loss_cls: 0.3910  layer_-1_loss_bbox: 3.3336  matched_ious: 0.0269  aux_depth_loss: 0.7106  sec_per_iter: 0.5254  iters_per_sec: 1.9000  samples_per_sec: 30.4600  samples_per_sec_per_gpu: 7.6100  max_mem_allocated_mb: 607.2000  max_mem_reserved_mb: 21978.0000
04/09 03:26:44 - mmengine - INFO - Epoch(train) [10][ 600/5000]  lr: 1.4358e-04  eta: 1:53:46  time: 0.4816  data_time: 0.0126  memory: 15695  grad_norm: 12.0528  loss: 6.9374  loss_heatmap: 2.5056  layer_-1_loss_cls: 0.4031  layer_-1_loss_bbox: 3.3078  matched_ious: 0.0949  aux_depth_loss: 0.7209  sec_per_iter: 0.5235  iters_per_sec: 1.9100  samples_per_sec: 30.5700  samples_per_sec_per_gpu: 7.6400  max_mem_allocated_mb: 607.2000  max_mem_reserved_mb: 21978.0000
04/09 03:27:07 - mmengine - INFO - Epoch(train) [10][ 650/5000]  lr: 1.4269e-04  eta: 1:53:22  time: 0.4646  data_time: 0.0118  memory: 15696  grad_norm: 14.1470  loss: 6.8586  loss_heatmap: 2.4894  layer_-1_loss_cls: 0.4008  layer_-1_loss_bbox: 3.2654  matched_ious: 0.0797  aux_depth_loss: 0.7029  sec_per_iter: 0.5200  iters_per_sec: 1.9200  samples_per_sec: 30.7700  samples_per_sec_per_gpu: 7.6900  max_mem_allocated_mb: 607.2000  max_mem_reserved_mb: 21978.0000
04/09 03:27:30 - mmengine - INFO - Epoch(train) [10][ 700/5000]  lr: 1.4180e-04  eta: 1:52:58  time: 0.4585  data_time: 0.0114  memory: 15693  grad_norm: 15.4675  loss: 6.7456  loss_heatmap: 2.4722  layer_-1_loss_cls: 0.4035  layer_-1_loss_bbox: 3.1706  matched_ious: 0.0233  aux_depth_loss: 0.6992  sec_per_iter: 0.5157  iters_per_sec: 1.9400  samples_per_sec: 31.0200  samples_per_sec_per_gpu: 7.7600  max_mem_allocated_mb: 607.2000  max_mem_reserved_mb: 21978.0000
04/09 03:27:53 - mmengine - INFO - Epoch(train) [10][ 750/5000]  lr: 1.4092e-04  eta: 1:52:34  time: 0.4521  data_time: 0.0113  memory: 15693  grad_norm: 21.1286  loss: 6.8623  loss_heatmap: 2.5170  layer_-1_loss_cls: 0.4106  layer_-1_loss_bbox: 3.2255  matched_ious: 0.0843  aux_depth_loss: 0.7092  sec_per_iter: 0.5116  iters_per_sec: 1.9500  samples_per_sec: 31.2700  samples_per_sec_per_gpu: 7.8200  max_mem_allocated_mb: 607.2000  max_mem_reserved_mb: 21978.0000
04/09 03:28:18 - mmengine - INFO - Epoch(train) [10][ 800/5000]  lr: 1.4004e-04  eta: 1:52:11  time: 0.5054  data_time: 0.0123  memory: 15695  grad_norm: 13.3493  loss: 6.8350  loss_heatmap: 2.4617  layer_-1_loss_cls: 0.3968  layer_-1_loss_bbox: 3.2615  matched_ious: 0.0093  aux_depth_loss: 0.7149  sec_per_iter: 0.5077  iters_per_sec: 1.9700  samples_per_sec: 31.5200  samples_per_sec_per_gpu: 7.8800  max_mem_allocated_mb: 607.2000  max_mem_reserved_mb: 21978.0000
04/09 03:28:41 - mmengine - INFO - Epoch(train) [10][ 850/5000]  lr: 1.3916e-04  eta: 1:51:47  time: 0.4625  data_time: 0.0120  memory: 15695  grad_norm: 11.9798  loss: 6.9223  loss_heatmap: 2.4762  layer_-1_loss_cls: 0.3894  layer_-1_loss_bbox: 3.3666  matched_ious: 0.0475  aux_depth_loss: 0.6901  sec_per_iter: 0.5075  iters_per_sec: 1.9700  samples_per_sec: 31.5200  samples_per_sec_per_gpu: 7.8800  max_mem_allocated_mb: 607.2000  max_mem_reserved_mb: 21978.0000
04/09 03:29:06 - mmengine - INFO - Epoch(train) [10][ 900/5000]  lr: 1.3828e-04  eta: 1:51:24  time: 0.4947  data_time: 0.0126  memory: 15694  grad_norm: 13.5031  loss: 6.9476  loss_heatmap: 2.4930  layer_-1_loss_cls: 0.3941  layer_-1_loss_bbox: 3.3712  matched_ious: 0.0444  aux_depth_loss: 0.6892  sec_per_iter: 0.5049  iters_per_sec: 1.9800  samples_per_sec: 31.6900  samples_per_sec_per_gpu: 7.9200  max_mem_allocated_mb: 607.2000  max_mem_reserved_mb: 21978.0000
04/09 03:29:29 - mmengine - INFO - Epoch(train) [10][ 950/5000]  lr: 1.3740e-04  eta: 1:51:00  time: 0.4588  data_time: 0.0117  memory: 15694  grad_norm: 18.2596  loss: 6.9324  loss_heatmap: 2.4823  layer_-1_loss_cls: 0.3978  layer_-1_loss_bbox: 3.3465  matched_ious: 0.0445  aux_depth_loss: 0.7057  sec_per_iter: 0.5043  iters_per_sec: 1.9800  samples_per_sec: 31.7300  samples_per_sec_per_gpu: 7.9300  max_mem_allocated_mb: 607.2000  max_mem_reserved_mb: 21978.0000
04/09 03:29:53 - mmengine - INFO - Exp name: zod_camera_only_20260408_204407
04/09 03:29:53 - mmengine - INFO - Epoch(train) [10][1000/5000]  lr: 1.3652e-04  eta: 1:50:36  time: 0.4790  data_time: 0.0117  memory: 15694  grad_norm: 15.6369  loss: 6.9396  loss_heatmap: 2.5195  layer_-1_loss_cls: 0.4058  layer_-1_loss_bbox: 3.3209  matched_ious: 0.0830  aux_depth_loss: 0.6935  sec_per_iter: 0.5019  iters_per_sec: 1.9900  samples_per_sec: 31.8800  samples_per_sec_per_gpu: 7.9700  max_mem_allocated_mb: 607.2000  max_mem_reserved_mb: 21978.0000
04/09 03:30:16 - mmengine - INFO - Epoch(train) [10][1050/5000]  lr: 1.3565e-04  eta: 1:50:12  time: 0.4642  data_time: 0.0133  memory: 15695  grad_norm: 11.7728  loss: 6.7089  loss_heatmap: 2.4938  layer_-1_loss_cls: 0.4039  layer_-1_loss_bbox: 3.1186  matched_ious: 0.1065  aux_depth_loss: 0.6926  sec_per_iter: 0.5008  iters_per_sec: 2.0000  samples_per_sec: 31.9500  samples_per_sec_per_gpu: 7.9900  max_mem_allocated_mb: 607.2000  max_mem_reserved_mb: 21978.0000
04/09 03:30:39 - mmengine - INFO - Epoch(train) [10][1100/5000]  lr: 1.3478e-04  eta: 1:49:48  time: 0.4641  data_time: 0.0117  memory: 15693  grad_norm: 14.4799  loss: 6.9322  loss_heatmap: 2.5475  layer_-1_loss_cls: 0.3952  layer_-1_loss_bbox: 3.2991  matched_ious: 0.0604  aux_depth_loss: 0.6904  sec_per_iter: 0.4991  iters_per_sec: 2.0000  samples_per_sec: 32.0600  samples_per_sec_per_gpu: 8.0200  max_mem_allocated_mb: 607.2000  max_mem_reserved_mb: 21978.0000
04/09 03:31:02 - mmengine - INFO - Epoch(train) [10][1150/5000]  lr: 1.3391e-04  eta: 1:49:24  time: 0.4528  data_time: 0.0122  memory: 15696  grad_norm: 14.6329  loss: 6.9498  loss_heatmap: 2.5378  layer_-1_loss_cls: 0.3977  layer_-1_loss_bbox: 3.3126  matched_ious: 0.0312  aux_depth_loss: 0.7017  sec_per_iter: 0.4975  iters_per_sec: 2.0100  samples_per_sec: 32.1600  samples_per_sec_per_gpu: 8.0400  max_mem_allocated_mb: 607.2000  max_mem_reserved_mb: 21978.0000
04/09 03:31:26 - mmengine - INFO - Epoch(train) [10][1200/5000]  lr: 1.3304e-04  eta: 1:49:01  time: 0.4810  data_time: 0.0124  memory: 15696  grad_norm: 7.6056  loss: 6.9978  loss_heatmap: 2.5166  layer_-1_loss_cls: 0.3840  layer_-1_loss_bbox: 3.3889  matched_ious: 0.0663  aux_depth_loss: 0.7083  sec_per_iter: 0.4955  iters_per_sec: 2.0200  samples_per_sec: 32.2900  samples_per_sec_per_gpu: 8.0700  max_mem_allocated_mb: 607.2000  max_mem_reserved_mb: 21978.0000
04/09 03:31:49 - mmengine - INFO - Epoch(train) [10][1250/5000]  lr: 1.3217e-04  eta: 1:48:37  time: 0.4544  data_time: 0.0142  memory: 15694  grad_norm: 9.2192  loss: 6.9235  loss_heatmap: 2.4948  layer_-1_loss_cls: 0.3847  layer_-1_loss_bbox: 3.3506  matched_ious: 0.0854  aux_depth_loss: 0.6933  sec_per_iter: 0.4949  iters_per_sec: 2.0200  samples_per_sec: 32.3300  samples_per_sec_per_gpu: 8.0800  max_mem_allocated_mb: 607.2000  max_mem_reserved_mb: 21978.0000
04/09 03:32:15 - mmengine - INFO - Epoch(train) [10][1300/5000]  lr: 1.3131e-04  eta: 1:48:14  time: 0.5307  data_time: 0.0119  memory: 15696  grad_norm: 11.3796  loss: 6.8424  loss_heatmap: 2.4815  layer_-1_loss_cls: 0.3949  layer_-1_loss_bbox: 3.2731  matched_ious: 0.0856  aux_depth_loss: 0.6929  sec_per_iter: 0.4933  iters_per_sec: 2.0300  samples_per_sec: 32.4300  samples_per_sec_per_gpu: 8.1100  max_mem_allocated_mb: 607.2000  max_mem_reserved_mb: 21978.0000
04/09 03:32:38 - mmengine - INFO - Epoch(train) [10][1350/5000]  lr: 1.3044e-04  eta: 1:47:50  time: 0.4521  data_time: 0.0123  memory: 15695  grad_norm: 8.4640  loss: 6.7038  loss_heatmap: 2.4597  layer_-1_loss_cls: 0.3913  layer_-1_loss_bbox: 3.1668  matched_ious: 0.0790  aux_depth_loss: 0.6859  sec_per_iter: 0.4948  iters_per_sec: 2.0200  samples_per_sec: 32.3400  samples_per_sec_per_gpu: 8.0800  max_mem_allocated_mb: 607.2000  max_mem_reserved_mb: 21978.0000
04/09 03:33:03 - mmengine - INFO - Epoch(train) [10][1400/5000]  lr: 1.2958e-04  eta: 1:47:26  time: 0.4916  data_time: 0.0131  memory: 15694  grad_norm: 11.1194  loss: 6.6461  loss_heatmap: 2.4201  layer_-1_loss_cls: 0.3999  layer_-1_loss_bbox: 3.1357  matched_ious: 0.0590  aux_depth_loss: 0.6904  sec_per_iter: 0.4932  iters_per_sec: 2.0300  samples_per_sec: 32.4400  samples_per_sec_per_gpu: 8.1100  max_mem_allocated_mb: 607.2000  max_mem_reserved_mb: 21978.0000
04/09 03:33:25 - mmengine - INFO - Epoch(train) [10][1450/5000]  lr: 1.2872e-04  eta: 1:47:03  time: 0.4566  data_time: 0.0133  memory: 15694  grad_norm: 9.2455  loss: 6.7607  loss_heatmap: 2.4896  layer_-1_loss_cls: 0.4001  layer_-1_loss_bbox: 3.1916  matched_ious: 0.0659  aux_depth_loss: 0.6794  sec_per_iter: 0.4931  iters_per_sec: 2.0300  samples_per_sec: 32.4500  samples_per_sec_per_gpu: 8.1100  max_mem_allocated_mb: 607.2000  max_mem_reserved_mb: 21978.0000
04/09 03:33:50 - mmengine - INFO - Epoch(train) [10][1500/5000]  lr: 1.2787e-04  eta: 1:46:39  time: 0.4961  data_time: 0.0123  memory: 15694  grad_norm: 11.2287  loss: 6.6056  loss_heatmap: 2.4121  layer_-1_loss_cls: 0.3961  layer_-1_loss_bbox: 3.1162  matched_ious: 0.0300  aux_depth_loss: 0.6813  sec_per_iter: 0.4919  iters_per_sec: 2.0300  samples_per_sec: 32.5300  samples_per_sec_per_gpu: 8.1300  max_mem_allocated_mb: 607.2000  max_mem_reserved_mb: 21978.0000
04/09 03:34:13 - mmengine - INFO - Epoch(train) [10][1550/5000]  lr: 1.2701e-04  eta: 1:46:15  time: 0.4538  data_time: 0.0114  memory: 15697  grad_norm: 13.5877  loss: 6.6970  loss_heatmap: 2.4646  layer_-1_loss_cls: 0.4039  layer_-1_loss_bbox: 3.1487  matched_ious: 0.0642  aux_depth_loss: 0.6799  sec_per_iter: 0.4920  iters_per_sec: 2.0300  samples_per_sec: 32.5200  samples_per_sec_per_gpu: 8.1300  max_mem_allocated_mb: 607.2000  max_mem_reserved_mb: 21978.0000
04/09 03:34:38 - mmengine - INFO - Epoch(train) [10][1600/5000]  lr: 1.2616e-04  eta: 1:45:52  time: 0.5042  data_time: 0.0123  memory: 15694  grad_norm: 10.6753  loss: 6.5812  loss_heatmap: 2.4493  layer_-1_loss_cls: 0.3960  layer_-1_loss_bbox: 3.0451  matched_ious: 0.0381  aux_depth_loss: 0.6907  sec_per_iter: 0.4908  iters_per_sec: 2.0400  samples_per_sec: 32.6000  samples_per_sec_per_gpu: 8.1500  max_mem_allocated_mb: 607.2000  max_mem_reserved_mb: 21978.0000
04/09 03:35:02 - mmengine - INFO - Epoch(train) [10][1650/5000]  lr: 1.2530e-04  eta: 1:45:28  time: 0.4865  data_time: 0.0116  memory: 15693  grad_norm: 11.3525  loss: 6.8726  loss_heatmap: 2.4971  layer_-1_loss_cls: 0.3946  layer_-1_loss_bbox: 3.3074  matched_ious: 0.0611  aux_depth_loss: 0.6736  sec_per_iter: 0.4912  iters_per_sec: 2.0400  samples_per_sec: 32.5700  samples_per_sec_per_gpu: 8.1400  max_mem_allocated_mb: 607.2000  max_mem_reserved_mb: 21978.0000
04/09 03:35:26 - mmengine - INFO - Epoch(train) [10][1700/5000]  lr: 1.2445e-04  eta: 1:45:04  time: 0.4620  data_time: 0.0121  memory: 15695  grad_norm: 10.7932  loss: 6.5715  loss_heatmap: 2.4343  layer_-1_loss_cls: 0.4001  layer_-1_loss_bbox: 3.0602  matched_ious: 0.0717  aux_depth_loss: 0.6769  sec_per_iter: 0.4911  iters_per_sec: 2.0400  samples_per_sec: 32.5800  samples_per_sec_per_gpu: 8.1500  max_mem_allocated_mb: 607.2000  max_mem_reserved_mb: 21978.0000
04/09 03:35:50 - mmengine - INFO - Epoch(train) [10][1750/5000]  lr: 1.2361e-04  eta: 1:44:41  time: 0.4894  data_time: 0.0115  memory: 15695  grad_norm: 10.0910  loss: 6.5636  loss_heatmap: 2.4113  layer_-1_loss_cls: 0.4054  layer_-1_loss_bbox: 3.0674  matched_ious: 0.0423  aux_depth_loss: 0.6795  sec_per_iter: 0.4902  iters_per_sec: 2.0400  samples_per_sec: 32.6400  samples_per_sec_per_gpu: 8.1600  max_mem_allocated_mb: 607.2000  max_mem_reserved_mb: 21978.0000
04/09 03:36:13 - mmengine - INFO - Epoch(train) [10][1800/5000]  lr: 1.2276e-04  eta: 1:44:17  time: 0.4642  data_time: 0.0114  memory: 15698  grad_norm: 12.9179  loss: 6.4495  loss_heatmap: 2.4085  layer_-1_loss_cls: 0.4152  layer_-1_loss_bbox: 2.9396  matched_ious: 0.0726  aux_depth_loss: 0.6862  sec_per_iter: 0.4902  iters_per_sec: 2.0400  samples_per_sec: 32.6400  samples_per_sec_per_gpu: 8.1600  max_mem_allocated_mb: 607.2000  max_mem_reserved_mb: 21978.0000
04/09 03:36:37 - mmengine - INFO - Epoch(train) [10][1850/5000]  lr: 1.2192e-04  eta: 1:43:54  time: 0.4808  data_time: 0.0132  memory: 15697  grad_norm: 9.6033  loss: 6.6747  loss_heatmap: 2.4274  layer_-1_loss_cls: 0.4090  layer_-1_loss_bbox: 3.1552  matched_ious: 0.0595  aux_depth_loss: 0.6832  sec_per_iter: 0.4895  iters_per_sec: 2.0400  samples_per_sec: 32.6900  samples_per_sec_per_gpu: 8.1700  max_mem_allocated_mb: 607.2000  max_mem_reserved_mb: 21978.0000
04/09 03:37:02 - mmengine - INFO - Epoch(train) [10][1900/5000]  lr: 1.2107e-04  eta: 1:43:30  time: 0.4987  data_time: 0.0133  memory: 15694  grad_norm: 9.2459  loss: 6.6056  loss_heatmap: 2.4069  layer_-1_loss_cls: 0.4025  layer_-1_loss_bbox: 3.1147  matched_ious: 0.1233  aux_depth_loss: 0.6814  sec_per_iter: 0.4892  iters_per_sec: 2.0400  samples_per_sec: 32.7000  samples_per_sec_per_gpu: 8.1800  max_mem_allocated_mb: 607.2000  max_mem_reserved_mb: 21978.0000
04/09 03:37:25 - mmengine - INFO - Epoch(train) [10][1950/5000]  lr: 1.2023e-04  eta: 1:43:06  time: 0.4589  data_time: 0.0128  memory: 15694  grad_norm: 11.0526  loss: 6.6193  loss_heatmap: 2.4507  layer_-1_loss_cls: 0.4081  layer_-1_loss_bbox: 3.0834  matched_ious: 0.0705  aux_depth_loss: 0.6771  sec_per_iter: 0.4895  iters_per_sec: 2.0400  samples_per_sec: 32.6900  samples_per_sec_per_gpu: 8.1700  max_mem_allocated_mb: 607.2000  max_mem_reserved_mb: 21978.0000
04/09 03:37:50 - mmengine - INFO - Exp name: zod_camera_only_20260408_204407
04/09 03:37:50 - mmengine - INFO - Epoch(train) [10][2000/5000]  lr: 1.1940e-04  eta: 1:42:43  time: 0.4920  data_time: 0.0120  memory: 15695  grad_norm: 11.1209  loss: 6.5456  loss_heatmap: 2.4430  layer_-1_loss_cls: 0.4044  layer_-1_loss_bbox: 3.0243  matched_ious: 0.1141  aux_depth_loss: 0.6739  sec_per_iter: 0.4887  iters_per_sec: 2.0500  samples_per_sec: 32.7400  samples_per_sec_per_gpu: 8.1800  max_mem_allocated_mb: 607.2000  max_mem_reserved_mb: 21978.0000
04/09 03:38:15 - mmengine - INFO - Epoch(train) [10][2050/5000]  lr: 1.1856e-04  eta: 1:42:19  time: 0.5027  data_time: 0.0114  memory: 15693  grad_norm: 14.0933  loss: 6.6332  loss_heatmap: 2.4401  layer_-1_loss_cls: 0.4071  layer_-1_loss_bbox: 3.1200  matched_ious: 0.0606  aux_depth_loss: 0.6660  sec_per_iter: 0.4888  iters_per_sec: 2.0500  samples_per_sec: 32.7300  samples_per_sec_per_gpu: 8.1800  max_mem_allocated_mb: 607.2000  max_mem_reserved_mb: 21978.0000
04/09 03:38:40 - mmengine - INFO - Epoch(train) [10][2100/5000]  lr: 1.1773e-04  eta: 1:41:56  time: 0.5075  data_time: 0.0114  memory: 15696  grad_norm: 13.5126  loss: 6.6212  loss_heatmap: 2.4840  layer_-1_loss_cls: 0.4152  layer_-1_loss_bbox: 3.0418  matched_ious: 0.0645  aux_depth_loss: 0.6803  sec_per_iter: 0.4891  iters_per_sec: 2.0400  samples_per_sec: 32.7100  samples_per_sec_per_gpu: 8.1800  max_mem_allocated_mb: 607.2000  max_mem_reserved_mb: 21978.0000
04/09 03:39:05 - mmengine - INFO - Epoch(train) [10][2150/5000]  lr: 1.1689e-04  eta: 1:41:33  time: 0.4908  data_time: 0.0122  memory: 15695  grad_norm: 10.2591  loss: 6.4542  loss_heatmap: 2.4201  layer_-1_loss_cls: 0.4091  layer_-1_loss_bbox: 2.9546  matched_ious: 0.0539  aux_depth_loss: 0.6703  sec_per_iter: 0.4896  iters_per_sec: 2.0400  samples_per_sec: 32.6800  samples_per_sec_per_gpu: 8.1700  max_mem_allocated_mb: 607.2000  max_mem_reserved_mb: 21978.0000
04/09 03:39:28 - mmengine - INFO - Epoch(train) [10][2200/5000]  lr: 1.1606e-04  eta: 1:41:09  time: 0.4639  data_time: 0.0118  memory: 15695  grad_norm: 11.7802  loss: 6.4868  loss_heatmap: 2.4270  layer_-1_loss_cls: 0.4154  layer_-1_loss_bbox: 2.9806  matched_ious: 0.0601  aux_depth_loss: 0.6638  sec_per_iter: 0.4896  iters_per_sec: 2.0400  samples_per_sec: 32.6800  samples_per_sec_per_gpu: 8.1700  max_mem_allocated_mb: 607.2000  max_mem_reserved_mb: 21978.0000
04/09 03:39:53 - mmengine - INFO - Epoch(train) [10][2250/5000]  lr: 1.1524e-04  eta: 1:40:46  time: 0.4993  data_time: 0.0129  memory: 15695  grad_norm: 9.3199  loss: 6.6826  loss_heatmap: 2.4239  layer_-1_loss_cls: 0.4062  layer_-1_loss_bbox: 3.1675  matched_ious: 0.1094  aux_depth_loss: 0.6850  sec_per_iter: 0.4890  iters_per_sec: 2.0400  samples_per_sec: 32.7200  samples_per_sec_per_gpu: 8.1800  max_mem_allocated_mb: 607.2000  max_mem_reserved_mb: 21978.0000
04/09 03:40:16 - mmengine - INFO - Epoch(train) [10][2300/5000]  lr: 1.1441e-04  eta: 1:40:22  time: 0.4592  data_time: 0.0129  memory: 15695  grad_norm: 11.9277  loss: 6.4105  loss_heatmap: 2.3713  layer_-1_loss_cls: 0.4120  layer_-1_loss_bbox: 2.9584  matched_ious: 0.0998  aux_depth_loss: 0.6688  sec_per_iter: 0.4892  iters_per_sec: 2.0400  samples_per_sec: 32.7000  samples_per_sec_per_gpu: 8.1800  max_mem_allocated_mb: 607.2000  max_mem_reserved_mb: 21978.0000
04/09 03:40:39 - mmengine - INFO - Epoch(train) [10][2350/5000]  lr: 1.1359e-04  eta: 1:39:58  time: 0.4670  data_time: 0.0122  memory: 15695  grad_norm: 9.1351  loss: 6.5616  loss_heatmap: 2.4251  layer_-1_loss_cls: 0.4085  layer_-1_loss_bbox: 3.0614  matched_ious: 0.0822  aux_depth_loss: 0.6666  sec_per_iter: 0.4886  iters_per_sec: 2.0500  samples_per_sec: 32.7500  samples_per_sec_per_gpu: 8.1900  max_mem_allocated_mb: 607.2000  max_mem_reserved_mb: 21978.0000
04/09 03:41:03 - mmengine - INFO - Epoch(train) [10][2400/5000]  lr: 1.1276e-04  eta: 1:39:34  time: 0.4683  data_time: 0.0141  memory: 15696  grad_norm: 12.5084  loss: 6.3789  loss_heatmap: 2.3938  layer_-1_loss_cls: 0.4187  layer_-1_loss_bbox: 2.9041  matched_ious: 0.0935  aux_depth_loss: 0.6624  sec_per_iter: 0.4881  iters_per_sec: 2.0500  samples_per_sec: 32.7800  samples_per_sec_per_gpu: 8.1900  max_mem_allocated_mb: 607.2000  max_mem_reserved_mb: 21978.0000
04/09 03:41:26 - mmengine - INFO - Epoch(train) [10][2450/5000]  lr: 1.1195e-04  eta: 1:39:10  time: 0.4600  data_time: 0.0123  memory: 15694  grad_norm: 14.7259  loss: 6.4986  loss_heatmap: 2.4361  layer_-1_loss_cls: 0.4179  layer_-1_loss_bbox: 2.9710  matched_ious: 0.0807  aux_depth_loss: 0.6736  sec_per_iter: 0.4877  iters_per_sec: 2.0500  samples_per_sec: 32.8100  samples_per_sec_per_gpu: 8.2000  max_mem_allocated_mb: 607.2000  max_mem_reserved_mb: 21978.0000
04/09 03:41:51 - mmengine - INFO - Epoch(train) [10][2500/5000]  lr: 1.1113e-04  eta: 1:38:47  time: 0.5019  data_time: 0.0126  memory: 15698  grad_norm: 11.5421  loss: 6.3522  loss_heatmap: 2.4140  layer_-1_loss_cls: 0.4167  layer_-1_loss_bbox: 2.8342  matched_ious: 0.0712  aux_depth_loss: 0.6873  sec_per_iter: 0.4872  iters_per_sec: 2.0500  samples_per_sec: 32.8400  samples_per_sec_per_gpu: 8.2100  max_mem_allocated_mb: 607.2000  max_mem_reserved_mb: 21978.0000
04/09 03:42:14 - mmengine - INFO - Epoch(train) [10][2550/5000]  lr: 1.1031e-04  eta: 1:38:23  time: 0.4670  data_time: 0.0130  memory: 15694  grad_norm: 11.9486  loss: 6.5383  loss_heatmap: 2.4104  layer_-1_loss_cls: 0.4080  layer_-1_loss_bbox: 3.0388  matched_ious: 0.0844  aux_depth_loss: 0.6811  sec_per_iter: 0.4875  iters_per_sec: 2.0500  samples_per_sec: 32.8200  samples_per_sec_per_gpu: 8.2100  max_mem_allocated_mb: 607.2000  max_mem_reserved_mb: 21978.0000
04/09 03:42:38 - mmengine - INFO - Epoch(train) [10][2600/5000]  lr: 1.0950e-04  eta: 1:37:59  time: 0.4739  data_time: 0.0121  memory: 15695  grad_norm: 18.9431  loss: 6.6680  loss_heatmap: 2.4472  layer_-1_loss_cls: 0.4032  layer_-1_loss_bbox: 3.1377  matched_ious: 0.1087  aux_depth_loss: 0.6798  sec_per_iter: 0.4871  iters_per_sec: 2.0500  samples_per_sec: 32.8500  samples_per_sec_per_gpu: 8.2100  max_mem_allocated_mb: 607.2000  max_mem_reserved_mb: 21978.0000
04/09 03:43:01 - mmengine - INFO - Epoch(train) [10][2650/5000]  lr: 1.0869e-04  eta: 1:37:35  time: 0.4648  data_time: 0.0124  memory: 15694  grad_norm: 10.5338  loss: 6.6659  loss_heatmap: 2.4386  layer_-1_loss_cls: 0.4012  layer_-1_loss_bbox: 3.1589  matched_ious: 0.0851  aux_depth_loss: 0.6672  sec_per_iter: 0.4868  iters_per_sec: 2.0500  samples_per_sec: 32.8700  samples_per_sec_per_gpu: 8.2200  max_mem_allocated_mb: 607.2000  max_mem_reserved_mb: 21978.0000
04/09 03:43:25 - mmengine - INFO - Epoch(train) [10][2700/5000]  lr: 1.0788e-04  eta: 1:37:12  time: 0.4838  data_time: 0.0132  memory: 15696  grad_norm: 13.2885  loss: 6.6084  loss_heatmap: 2.3826  layer_-1_loss_cls: 0.4044  layer_-1_loss_bbox: 3.1532  matched_ious: 0.0928  aux_depth_loss: 0.6682  sec_per_iter: 0.4864  iters_per_sec: 2.0600  samples_per_sec: 32.9000  samples_per_sec_per_gpu: 8.2200  max_mem_allocated_mb: 607.2000  max_mem_reserved_mb: 21978.0000
04/09 03:43:51 - mmengine - INFO - Epoch(train) [10][2750/5000]  lr: 1.0707e-04  eta: 1:36:49  time: 0.5041  data_time: 0.0148  memory: 15695  grad_norm: 12.3103  loss: 6.7009  loss_heatmap: 2.4066  layer_-1_loss_cls: 0.3950  layer_-1_loss_bbox: 3.2124  matched_ious: 0.0700  aux_depth_loss: 0.6869  sec_per_iter: 0.4864  iters_per_sec: 2.0600  samples_per_sec: 32.9000  samples_per_sec_per_gpu: 8.2200  max_mem_allocated_mb: 607.2000  max_mem_reserved_mb: 21978.0000
04/09 03:44:14 - mmengine - INFO - Epoch(train) [10][2800/5000]  lr: 1.0627e-04  eta: 1:36:25  time: 0.4680  data_time: 0.0120  memory: 15695  grad_norm: 11.8407  loss: 6.6269  loss_heatmap: 2.4272  layer_-1_loss_cls: 0.3993  layer_-1_loss_bbox: 3.1272  matched_ious: 0.0947  aux_depth_loss: 0.6731  sec_per_iter: 0.4867  iters_per_sec: 2.0500  samples_per_sec: 32.8800  samples_per_sec_per_gpu: 8.2200  max_mem_allocated_mb: 607.2000  max_mem_reserved_mb: 21978.0000
04/09 03:44:37 - mmengine - INFO - Epoch(train) [10][2850/5000]  lr: 1.0547e-04  eta: 1:36:01  time: 0.4687  data_time: 0.0119  memory: 15696  grad_norm: 11.9937  loss: 6.4094  loss_heatmap: 2.3702  layer_-1_loss_cls: 0.4047  layer_-1_loss_bbox: 2.9802  matched_ious: 0.1007  aux_depth_loss: 0.6543  sec_per_iter: 0.4863  iters_per_sec: 2.0600  samples_per_sec: 32.9000  samples_per_sec_per_gpu: 8.2200  max_mem_allocated_mb: 607.2000  max_mem_reserved_mb: 21978.0000
04/09 03:45:02 - mmengine - INFO - Epoch(train) [10][2900/5000]  lr: 1.0467e-04  eta: 1:35:37  time: 0.4841  data_time: 0.0131  memory: 15694  grad_norm: 9.6079  loss: 6.5034  loss_heatmap: 2.4331  layer_-1_loss_cls: 0.4127  layer_-1_loss_bbox: 2.9937  matched_ious: 0.0545  aux_depth_loss: 0.6640  sec_per_iter: 0.4860  iters_per_sec: 2.0600  samples_per_sec: 32.9200  samples_per_sec_per_gpu: 8.2300  max_mem_allocated_mb: 607.2000  max_mem_reserved_mb: 21978.0000
04/09 03:45:25 - mmengine - INFO - Epoch(train) [10][2950/5000]  lr: 1.0387e-04  eta: 1:35:14  time: 0.4624  data_time: 0.0124  memory: 15695  grad_norm: 8.8578  loss: 6.3886  loss_heatmap: 2.4041  layer_-1_loss_cls: 0.4078  layer_-1_loss_bbox: 2.9143  matched_ious: 0.0796  aux_depth_loss: 0.6625  sec_per_iter: 0.4860  iters_per_sec: 2.0600  samples_per_sec: 32.9200  samples_per_sec_per_gpu: 8.2300  max_mem_allocated_mb: 607.2000  max_mem_reserved_mb: 21978.0000
04/09 03:45:48 - mmengine - INFO - Exp name: zod_camera_only_20260408_204407
04/09 03:45:48 - mmengine - INFO - Epoch(train) [10][3000/5000]  lr: 1.0307e-04  eta: 1:34:50  time: 0.4742  data_time: 0.0117  memory: 15695  grad_norm: 14.7243  loss: 6.2249  loss_heatmap: 2.3509  layer_-1_loss_cls: 0.4056  layer_-1_loss_bbox: 2.7997  matched_ious: 0.0834  aux_depth_loss: 0.6688  sec_per_iter: 0.4856  iters_per_sec: 2.0600  samples_per_sec: 32.9500  samples_per_sec_per_gpu: 8.2400  max_mem_allocated_mb: 607.2000  max_mem_reserved_mb: 21978.0000
04/09 03:46:12 - mmengine - INFO - Epoch(train) [10][3050/5000]  lr: 1.0228e-04  eta: 1:34:26  time: 0.4676  data_time: 0.0121  memory: 15693  grad_norm: 9.9892  loss: 6.4112  loss_heatmap: 2.3992  layer_-1_loss_cls: 0.4146  layer_-1_loss_bbox: 2.9404  matched_ious: 0.1037  aux_depth_loss: 0.6571  sec_per_iter: 0.4854  iters_per_sec: 2.0600  samples_per_sec: 32.9600  samples_per_sec_per_gpu: 8.2400  max_mem_allocated_mb: 607.2000  max_mem_reserved_mb: 21978.0000
04/09 03:46:37 - mmengine - INFO - Epoch(train) [10][3100/5000]  lr: 1.0149e-04  eta: 1:34:03  time: 0.5032  data_time: 0.0125  memory: 15695  grad_norm: 14.1966  loss: 6.5028  loss_heatmap: 2.3681  layer_-1_loss_cls: 0.4029  layer_-1_loss_bbox: 3.0734  matched_ious: 0.0914  aux_depth_loss: 0.6583  sec_per_iter: 0.4851  iters_per_sec: 2.0600  samples_per_sec: 32.9800  samples_per_sec_per_gpu: 8.2500  max_mem_allocated_mb: 607.2000  max_mem_reserved_mb: 21978.0000
04/09 03:47:01 - mmengine - INFO - Epoch(train) [10][3150/5000]  lr: 1.0070e-04  eta: 1:33:39  time: 0.4730  data_time: 0.0144  memory: 15696  grad_norm: 13.9733  loss: 6.4895  loss_heatmap: 2.4010  layer_-1_loss_cls: 0.4099  layer_-1_loss_bbox: 3.0172  matched_ious: 0.0767  aux_depth_loss: 0.6613  sec_per_iter: 0.4854  iters_per_sec: 2.0600  samples_per_sec: 32.9600  samples_per_sec_per_gpu: 8.2400  max_mem_allocated_mb: 607.2000  max_mem_reserved_mb: 21978.0000
04/09 03:47:24 - mmengine - INFO - Epoch(train) [10][3200/5000]  lr: 9.9915e-05  eta: 1:33:15  time: 0.4625  data_time: 0.0126  memory: 15696  grad_norm: 12.4681  loss: 6.6138  loss_heatmap: 2.4295  layer_-1_loss_cls: 0.4067  layer_-1_loss_bbox: 3.1010  matched_ious: 0.1047  aux_depth_loss: 0.6767  sec_per_iter: 0.4852  iters_per_sec: 2.0600  samples_per_sec: 32.9800  samples_per_sec_per_gpu: 8.2400  max_mem_allocated_mb: 607.2000  max_mem_reserved_mb: 21978.0000
04/09 03:47:47 - mmengine - INFO - Epoch(train) [10][3250/5000]  lr: 9.9131e-05  eta: 1:32:51  time: 0.4687  data_time: 0.0117  memory: 15695  grad_norm: 13.1791  loss: 6.3886  loss_heatmap: 2.3467  layer_-1_loss_cls: 0.4066  layer_-1_loss_bbox: 2.9635  matched_ious: 0.1284  aux_depth_loss: 0.6718  sec_per_iter: 0.4849  iters_per_sec: 2.0600  samples_per_sec: 33.0000  samples_per_sec_per_gpu: 8.2500  max_mem_allocated_mb: 607.2000  max_mem_reserved_mb: 21978.0000
04/09 03:48:10 - mmengine - INFO - Epoch(train) [10][3300/5000]  lr: 9.8349e-05  eta: 1:32:27  time: 0.4584  data_time: 0.0118  memory: 15694  grad_norm: 11.0064  loss: 6.5086  loss_heatmap: 2.3931  layer_-1_loss_cls: 0.3998  layer_-1_loss_bbox: 3.0570  matched_ious: 0.0466  aux_depth_loss: 0.6587  sec_per_iter: 0.4846  iters_per_sec: 2.0600  samples_per_sec: 33.0200  samples_per_sec_per_gpu: 8.2500  max_mem_allocated_mb: 607.2000  max_mem_reserved_mb: 21978.0000
04/09 03:48:35 - mmengine - INFO - Epoch(train) [10][3350/5000]  lr: 9.7570e-05  eta: 1:32:04  time: 0.4898  data_time: 0.0119  memory: 15696  grad_norm: 12.7254  loss: 6.3205  loss_heatmap: 2.3241  layer_-1_loss_cls: 0.4061  layer_-1_loss_bbox: 2.9356  matched_ious: 0.1155  aux_depth_loss: 0.6547  sec_per_iter: 0.4842  iters_per_sec: 2.0700  samples_per_sec: 33.0400  samples_per_sec_per_gpu: 8.2600  max_mem_allocated_mb: 607.2000  max_mem_reserved_mb: 21978.0000
04/09 03:48:59 - mmengine - INFO - Epoch(train) [10][3400/5000]  lr: 9.6793e-05  eta: 1:31:40  time: 0.4894  data_time: 0.0147  memory: 15694  grad_norm: 13.6804  loss: 6.4722  loss_heatmap: 2.3918  layer_-1_loss_cls: 0.4056  layer_-1_loss_bbox: 2.9944  matched_ious: 0.0714  aux_depth_loss: 0.6804  sec_per_iter: 0.4843  iters_per_sec: 2.0600  samples_per_sec: 33.0400  samples_per_sec_per_gpu: 8.2600  max_mem_allocated_mb: 607.2000  max_mem_reserved_mb: 21978.0000
04/09 03:49:22 - mmengine - INFO - Epoch(train) [10][3450/5000]  lr: 9.6018e-05  eta: 1:31:17  time: 0.4650  data_time: 0.0129  memory: 15696  grad_norm: 12.0690  loss: 6.4276  loss_heatmap: 2.3848  layer_-1_loss_cls: 0.4036  layer_-1_loss_bbox: 2.9843  matched_ious: 0.0965  aux_depth_loss: 0.6550  sec_per_iter: 0.4844  iters_per_sec: 2.0600  samples_per_sec: 33.0300  samples_per_sec_per_gpu: 8.2600  max_mem_allocated_mb: 607.2000  max_mem_reserved_mb: 21978.0000
04/09 03:49:46 - mmengine - INFO - Epoch(train) [10][3500/5000]  lr: 9.5246e-05  eta: 1:30:53  time: 0.4647  data_time: 0.0120  memory: 15695  grad_norm: 12.5659  loss: 6.3880  loss_heatmap: 2.3619  layer_-1_loss_cls: 0.4115  layer_-1_loss_bbox: 2.9454  matched_ious: 0.0894  aux_depth_loss: 0.6692  sec_per_iter: 0.4841  iters_per_sec: 2.0700  samples_per_sec: 33.0500  samples_per_sec_per_gpu: 8.2600  max_mem_allocated_mb: 607.2000  max_mem_reserved_mb: 21978.0000
04/09 03:50:10 - mmengine - INFO - Epoch(train) [10][3550/5000]  lr: 9.4476e-05  eta: 1:30:29  time: 0.4948  data_time: 0.0136  memory: 15696  grad_norm: 11.7352  loss: 6.4257  loss_heatmap: 2.4132  layer_-1_loss_cls: 0.4104  layer_-1_loss_bbox: 2.9370  matched_ious: 0.0902  aux_depth_loss: 0.6651  sec_per_iter: 0.4838  iters_per_sec: 2.0700  samples_per_sec: 33.0700  samples_per_sec_per_gpu: 8.2700  max_mem_allocated_mb: 607.2000  max_mem_reserved_mb: 21978.0000
04/09 03:50:34 - mmengine - INFO - Epoch(train) [10][3600/5000]  lr: 9.3709e-05  eta: 1:30:05  time: 0.4681  data_time: 0.0130  memory: 15694  grad_norm: 18.1940  loss: 6.5409  loss_heatmap: 2.3572  layer_-1_loss_cls: 0.4083  layer_-1_loss_bbox: 3.1178  matched_ious: 0.0608  aux_depth_loss: 0.6576  sec_per_iter: 0.4840  iters_per_sec: 2.0700  samples_per_sec: 33.0600  samples_per_sec_per_gpu: 8.2600  max_mem_allocated_mb: 607.2000  max_mem_reserved_mb: 21978.0000
04/09 03:50:58 - mmengine - INFO - Epoch(train) [10][3650/5000]  lr: 9.2944e-05  eta: 1:29:42  time: 0.4880  data_time: 0.0129  memory: 15693  grad_norm: 18.7041  loss: 6.4978  loss_heatmap: 2.4281  layer_-1_loss_cls: 0.4252  layer_-1_loss_bbox: 2.9795  matched_ious: 0.0749  aux_depth_loss: 0.6649  sec_per_iter: 0.4838  iters_per_sec: 2.0700  samples_per_sec: 33.0700  samples_per_sec_per_gpu: 8.2700  max_mem_allocated_mb: 607.2000  max_mem_reserved_mb: 21978.0000
04/09 03:51:21 - mmengine - INFO - Epoch(train) [10][3700/5000]  lr: 9.2181e-05  eta: 1:29:18  time: 0.4662  data_time: 0.0125  memory: 15696  grad_norm: 16.0634  loss: 6.4497  loss_heatmap: 2.3499  layer_-1_loss_cls: 0.4051  layer_-1_loss_bbox: 3.0514  matched_ious: 0.0840  aux_depth_loss: 0.6434  sec_per_iter: 0.4838  iters_per_sec: 2.0700  samples_per_sec: 33.0700  samples_per_sec_per_gpu: 8.2700  max_mem_allocated_mb: 607.2000  max_mem_reserved_mb: 21978.0000
04/09 03:51:46 - mmengine - INFO - Epoch(train) [10][3750/5000]  lr: 9.1421e-05  eta: 1:28:55  time: 0.4926  data_time: 0.0122  memory: 15694  grad_norm: 19.3594  loss: 6.6876  loss_heatmap: 2.4409  layer_-1_loss_cls: 0.4002  layer_-1_loss_bbox: 3.1876  matched_ious: 0.0453  aux_depth_loss: 0.6590  sec_per_iter: 0.4836  iters_per_sec: 2.0700  samples_per_sec: 33.0900  samples_per_sec_per_gpu: 8.2700  max_mem_allocated_mb: 607.2000  max_mem_reserved_mb: 21978.0000
04/09 03:52:09 - mmengine - INFO - Epoch(train) [10][3800/5000]  lr: 9.0663e-05  eta: 1:28:31  time: 0.4617  data_time: 0.0131  memory: 15694  grad_norm: 11.5047  loss: 6.3865  loss_heatmap: 2.3702  layer_-1_loss_cls: 0.4031  layer_-1_loss_bbox: 2.9638  matched_ious: 0.0530  aux_depth_loss: 0.6495  sec_per_iter: 0.4837  iters_per_sec: 2.0700  samples_per_sec: 33.0800  samples_per_sec_per_gpu: 8.2700  max_mem_allocated_mb: 607.2000  max_mem_reserved_mb: 21978.0000
04/09 03:52:32 - mmengine - INFO - Epoch(train) [10][3850/5000]  lr: 8.9908e-05  eta: 1:28:07  time: 0.4557  data_time: 0.0156  memory: 15696  grad_norm: 17.8996  loss: 6.5210  loss_heatmap: 2.3992  layer_-1_loss_cls: 0.4036  layer_-1_loss_bbox: 3.0585  matched_ious: 0.0448  aux_depth_loss: 0.6598  sec_per_iter: 0.4834  iters_per_sec: 2.0700  samples_per_sec: 33.1000  samples_per_sec_per_gpu: 8.2700  max_mem_allocated_mb: 607.2000  max_mem_reserved_mb: 21978.0000
04/09 03:52:59 - mmengine - INFO - Epoch(train) [10][3900/5000]  lr: 8.9155e-05  eta: 1:27:44  time: 0.5310  data_time: 0.0138  memory: 15695  grad_norm: 14.5242  loss: 6.5910  loss_heatmap: 2.4088  layer_-1_loss_cls: 0.3956  layer_-1_loss_bbox: 3.1386  matched_ious: 0.1147  aux_depth_loss: 0.6480  sec_per_iter: 0.4831  iters_per_sec: 2.0700  samples_per_sec: 33.1200  samples_per_sec_per_gpu: 8.2800  max_mem_allocated_mb: 607.2000  max_mem_reserved_mb: 21978.0000
04/09 03:53:22 - mmengine - INFO - Epoch(train) [10][3950/5000]  lr: 8.8405e-05  eta: 1:27:20  time: 0.4676  data_time: 0.0126  memory: 15695  grad_norm: 17.0568  loss: 6.5264  loss_heatmap: 2.3765  layer_-1_loss_cls: 0.3911  layer_-1_loss_bbox: 3.1112  matched_ious: 0.0880  aux_depth_loss: 0.6476  sec_per_iter: 0.4837  iters_per_sec: 2.0700  samples_per_sec: 33.0800  samples_per_sec_per_gpu: 8.2700  max_mem_allocated_mb: 607.2000  max_mem_reserved_mb: 21978.0000
04/09 03:53:46 - mmengine - INFO - Exp name: zod_camera_only_20260408_204407
04/09 03:53:46 - mmengine - INFO - Epoch(train) [10][4000/5000]  lr: 8.7657e-05  eta: 1:26:56  time: 0.4822  data_time: 0.0116  memory: 15693  grad_norm: 14.7085  loss: 6.4790  loss_heatmap: 2.4063  layer_-1_loss_cls: 0.4010  layer_-1_loss_bbox: 3.0122  matched_ious: 0.0446  aux_depth_loss: 0.6595  sec_per_iter: 0.4835  iters_per_sec: 2.0700  samples_per_sec: 33.0900  samples_per_sec_per_gpu: 8.2700  max_mem_allocated_mb: 607.2000  max_mem_reserved_mb: 21978.0000
04/09 03:54:09 - mmengine - INFO - Epoch(train) [10][4050/5000]  lr: 8.6912e-05  eta: 1:26:33  time: 0.4644  data_time: 0.0115  memory: 15696  grad_norm: 14.3404  loss: 6.5298  loss_heatmap: 2.3935  layer_-1_loss_cls: 0.4016  layer_-1_loss_bbox: 3.0671  matched_ious: 0.0973  aux_depth_loss: 0.6676  sec_per_iter: 0.4835  iters_per_sec: 2.0700  samples_per_sec: 33.1000  samples_per_sec_per_gpu: 8.2700  max_mem_allocated_mb: 607.2000  max_mem_reserved_mb: 21978.0000
04/09 03:54:32 - mmengine - INFO - Epoch(train) [10][4100/5000]  lr: 8.6169e-05  eta: 1:26:09  time: 0.4619  data_time: 0.0115  memory: 15694  grad_norm: 13.8155  loss: 6.4018  loss_heatmap: 2.3490  layer_-1_loss_cls: 0.4036  layer_-1_loss_bbox: 2.9920  matched_ious: 0.0968  aux_depth_loss: 0.6571  sec_per_iter: 0.4832  iters_per_sec: 2.0700  samples_per_sec: 33.1100  samples_per_sec_per_gpu: 8.2800  max_mem_allocated_mb: 607.2000  max_mem_reserved_mb: 21978.0000
04/09 03:54:55 - mmengine - INFO - Epoch(train) [10][4150/5000]  lr: 8.5429e-05  eta: 1:25:45  time: 0.4557  data_time: 0.0122  memory: 15695  grad_norm: 17.6390  loss: 6.4947  loss_heatmap: 2.3968  layer_-1_loss_cls: 0.4103  layer_-1_loss_bbox: 3.0212  matched_ious: 0.0933  aux_depth_loss: 0.6664  sec_per_iter: 0.4830  iters_per_sec: 2.0700  samples_per_sec: 33.1300  samples_per_sec_per_gpu: 8.2800  max_mem_allocated_mb: 607.2000  max_mem_reserved_mb: 21978.0000
04/09 03:55:20 - mmengine - INFO - Epoch(train) [10][4200/5000]  lr: 8.4691e-05  eta: 1:25:21  time: 0.4969  data_time: 0.0134  memory: 15696  grad_norm: 17.0758  loss: 6.6562  loss_heatmap: 2.4204  layer_-1_loss_cls: 0.4036  layer_-1_loss_bbox: 3.1709  matched_ious: 0.0572  aux_depth_loss: 0.6612  sec_per_iter: 0.4826  iters_per_sec: 2.0700  samples_per_sec: 33.1500  samples_per_sec_per_gpu: 8.2900  max_mem_allocated_mb: 607.2000  max_mem_reserved_mb: 21978.0000
04/09 03:55:44 - mmengine - INFO - Epoch(train) [10][4250/5000]  lr: 8.3956e-05  eta: 1:24:58  time: 0.4797  data_time: 0.0123  memory: 15692  grad_norm: 14.5488  loss: 6.6671  loss_heatmap: 2.4455  layer_-1_loss_cls: 0.4098  layer_-1_loss_bbox: 3.1495  matched_ious: 0.0770  aux_depth_loss: 0.6622  sec_per_iter: 0.4828  iters_per_sec: 2.0700  samples_per_sec: 33.1400  samples_per_sec_per_gpu: 8.2800  max_mem_allocated_mb: 607.2000  max_mem_reserved_mb: 21978.0000
04/09 03:56:10 - mmengine - INFO - Epoch(train) [10][4300/5000]  lr: 8.3223e-05  eta: 1:24:35  time: 0.5246  data_time: 0.0131  memory: 15694  grad_norm: 14.7471  loss: 6.5569  loss_heatmap: 2.3861  layer_-1_loss_cls: 0.4003  layer_-1_loss_bbox: 3.1066  matched_ious: 0.0529  aux_depth_loss: 0.6639  sec_per_iter: 0.4828  iters_per_sec: 2.0700  samples_per_sec: 33.1400  samples_per_sec_per_gpu: 8.2900  max_mem_allocated_mb: 607.2000  max_mem_reserved_mb: 21978.0000
04/09 03:56:34 - mmengine - INFO - Epoch(train) [10][4350/5000]  lr: 8.2493e-05  eta: 1:24:11  time: 0.4698  data_time: 0.0122  memory: 15694  grad_norm: 13.9813  loss: 6.4089  loss_heatmap: 2.3701  layer_-1_loss_cls: 0.4012  layer_-1_loss_bbox: 2.9806  matched_ious: 0.1053  aux_depth_loss: 0.6569  sec_per_iter: 0.4833  iters_per_sec: 2.0700  samples_per_sec: 33.1100  samples_per_sec_per_gpu: 8.2800  max_mem_allocated_mb: 607.2000  max_mem_reserved_mb: 21978.0000
04/09 03:56:57 - mmengine - INFO - Epoch(train) [10][4400/5000]  lr: 8.1766e-05  eta: 1:23:47  time: 0.4647  data_time: 0.0128  memory: 15696  grad_norm: 16.8424  loss: 6.4033  loss_heatmap: 2.3603  layer_-1_loss_cls: 0.4067  layer_-1_loss_bbox: 2.9905  matched_ious: 0.0765  aux_depth_loss: 0.6458  sec_per_iter: 0.4831  iters_per_sec: 2.0700  samples_per_sec: 33.1200  samples_per_sec_per_gpu: 8.2800  max_mem_allocated_mb: 607.2000  max_mem_reserved_mb: 21978.0000
04/09 03:57:24 - mmengine - INFO - Epoch(train) [10][4450/5000]  lr: 8.1041e-05  eta: 1:23:24  time: 0.5369  data_time: 0.0125  memory: 15695  grad_norm: 21.1330  loss: 6.3912  loss_heatmap: 2.3494  layer_-1_loss_cls: 0.4053  layer_-1_loss_bbox: 2.9985  matched_ious: 0.0361  aux_depth_loss: 0.6380  sec_per_iter: 0.4829  iters_per_sec: 2.0700  samples_per_sec: 33.1300  samples_per_sec_per_gpu: 8.2800  max_mem_allocated_mb: 607.2000  max_mem_reserved_mb: 21978.0000
04/09 03:57:48 - mmengine - INFO - Epoch(train) [10][4500/5000]  lr: 8.0318e-05  eta: 1:23:00  time: 0.4812  data_time: 0.0123  memory: 15695  grad_norm: inf  loss: 6.4249  loss_heatmap: 2.3801  layer_-1_loss_cls: 0.4085  layer_-1_loss_bbox: 2.9905  matched_ious: 0.0471  aux_depth_loss: 0.6458  sec_per_iter: 0.4835  iters_per_sec: 2.0700  samples_per_sec: 33.0900  samples_per_sec_per_gpu: 8.2700  max_mem_allocated_mb: 607.2000  max_mem_reserved_mb: 21978.0000
04/09 03:58:11 - mmengine - INFO - Epoch(train) [10][4550/5000]  lr: 7.9599e-05  eta: 1:22:36  time: 0.4709  data_time: 0.0114  memory: 15694  grad_norm: 11.6232  loss: 6.4287  loss_heatmap: 2.3743  layer_-1_loss_cls: 0.4121  layer_-1_loss_bbox: 2.9816  matched_ious: 0.0497  aux_depth_loss: 0.6607  sec_per_iter: 0.4835  iters_per_sec: 2.0700  samples_per_sec: 33.0900  samples_per_sec_per_gpu: 8.2700  max_mem_allocated_mb: 607.2000  max_mem_reserved_mb: 21978.0000
04/09 03:58:36 - mmengine - INFO - Epoch(train) [10][4600/5000]  lr: 7.8882e-05  eta: 1:22:13  time: 0.4960  data_time: 0.0122  memory: 15695  grad_norm: 22.6878  loss: 6.5320  loss_heatmap: 2.3808  layer_-1_loss_cls: 0.4095  layer_-1_loss_bbox: 3.0806  matched_ious: 0.0710  aux_depth_loss: 0.6610  sec_per_iter: 0.4833  iters_per_sec: 2.0700  samples_per_sec: 33.1000  samples_per_sec_per_gpu: 8.2800  max_mem_allocated_mb: 607.2000  max_mem_reserved_mb: 21978.0000
04/09 03:58:59 - mmengine - INFO - Epoch(train) [10][4650/5000]  lr: 7.8167e-05  eta: 1:21:49  time: 0.4626  data_time: 0.0120  memory: 15694  grad_norm: 19.1348  loss: 6.5551  loss_heatmap: 2.4258  layer_-1_loss_cls: 0.4199  layer_-1_loss_bbox: 3.0506  matched_ious: 0.0313  aux_depth_loss: 0.6589  sec_per_iter: 0.4835  iters_per_sec: 2.0700  samples_per_sec: 33.0900  samples_per_sec_per_gpu: 8.2700  max_mem_allocated_mb: 607.2000  max_mem_reserved_mb: 21978.0000
04/09 03:59:23 - mmengine - INFO - Epoch(train) [10][4700/5000]  lr: 7.7456e-05  eta: 1:21:25  time: 0.4753  data_time: 0.0117  memory: 15696  grad_norm: 13.3661  loss: 6.5616  loss_heatmap: 2.3853  layer_-1_loss_cls: 0.4060  layer_-1_loss_bbox: 3.1220  matched_ious: 0.1096  aux_depth_loss: 0.6482  sec_per_iter: 0.4833  iters_per_sec: 2.0700  samples_per_sec: 33.1100  samples_per_sec_per_gpu: 8.2800  max_mem_allocated_mb: 607.2000  max_mem_reserved_mb: 21978.0000
04/09 03:59:47 - mmengine - INFO - Epoch(train) [10][4750/5000]  lr: 7.6747e-05  eta: 1:21:02  time: 0.4800  data_time: 0.0118  memory: 15696  grad_norm: 18.5134  loss: 6.5100  loss_heatmap: 2.3913  layer_-1_loss_cls: 0.4100  layer_-1_loss_bbox: 3.0494  matched_ious: 0.0705  aux_depth_loss: 0.6594  sec_per_iter: 0.4832  iters_per_sec: 2.0700  samples_per_sec: 33.1100  samples_per_sec_per_gpu: 8.2800  max_mem_allocated_mb: 607.2000  max_mem_reserved_mb: 21978.0000
04/09 04:00:10 - mmengine - INFO - Epoch(train) [10][4800/5000]  lr: 7.6040e-05  eta: 1:20:38  time: 0.4653  data_time: 0.0121  memory: 15694  grad_norm: 23.8742  loss: 6.3842  loss_heatmap: 2.3584  layer_-1_loss_cls: 0.4098  layer_-1_loss_bbox: 2.9592  matched_ious: 0.1073  aux_depth_loss: 0.6568  sec_per_iter: 0.4831  iters_per_sec: 2.0700  samples_per_sec: 33.1200  samples_per_sec_per_gpu: 8.2800  max_mem_allocated_mb: 607.2000  max_mem_reserved_mb: 21978.0000
04/09 04:00:34 - mmengine - INFO - Epoch(train) [10][4850/5000]  lr: 7.5336e-05  eta: 1:20:14  time: 0.4665  data_time: 0.0117  memory: 15694  grad_norm: 17.9694  loss: 6.2863  loss_heatmap: 2.3459  layer_-1_loss_cls: 0.4128  layer_-1_loss_bbox: 2.8796  matched_ious: 0.1423  aux_depth_loss: 0.6481  sec_per_iter: 0.4830  iters_per_sec: 2.0700  samples_per_sec: 33.1300  samples_per_sec_per_gpu: 8.2800  max_mem_allocated_mb: 607.2000  max_mem_reserved_mb: 21978.0000
04/09 04:00:58 - mmengine - INFO - Epoch(train) [10][4900/5000]  lr: 7.4635e-05  eta: 1:19:51  time: 0.4870  data_time: 0.0121  memory: 15695  grad_norm: 13.9766  loss: 6.1845  loss_heatmap: 2.3037  layer_-1_loss_cls: 0.4099  layer_-1_loss_bbox: 2.8360  matched_ious: 0.0681  aux_depth_loss: 0.6349  sec_per_iter: 0.4828  iters_per_sec: 2.0700  samples_per_sec: 33.1400  samples_per_sec_per_gpu: 8.2900  max_mem_allocated_mb: 607.2000  max_mem_reserved_mb: 21978.0000
04/09 04:01:22 - mmengine - INFO - Epoch(train) [10][4950/5000]  lr: 7.3937e-05  eta: 1:19:27  time: 0.4771  data_time: 0.0121  memory: 15696  grad_norm: 14.1962  loss: 6.2717  loss_heatmap: 2.3729  layer_-1_loss_cls: 0.4201  layer_-1_loss_bbox: 2.8308  matched_ious: 0.1130  aux_depth_loss: 0.6479  sec_per_iter: 0.4828  iters_per_sec: 2.0700  samples_per_sec: 33.1400  samples_per_sec_per_gpu: 8.2800  max_mem_allocated_mb: 607.2000  max_mem_reserved_mb: 21978.0000
04/09 04:01:45 - mmengine - INFO - Exp name: zod_camera_only_20260408_204407
04/09 04:01:45 - mmengine - INFO - Epoch(train) [10][5000/5000]  lr: 7.3241e-05  eta: 1:19:03  time: 0.4613  data_time: 0.0127  memory: 15696  grad_norm: 17.4991  loss: 6.4602  loss_heatmap: 2.3443  layer_-1_loss_cls: 0.4095  layer_-1_loss_bbox: 3.0587  matched_ious: 0.0663  aux_depth_loss: 0.6476  sec_per_iter: 0.4828  iters_per_sec: 2.0700  samples_per_sec: 33.1400  samples_per_sec_per_gpu: 8.2900  max_mem_allocated_mb: 607.2000  max_mem_reserved_mb: 21978.0000
04/09 04:01:45 - mmengine - INFO - [Efficiency] Epoch 10: wall=2412.8s  iters=5000  sec/iter=0.483  mem_alloc=607MB  mem_rsv=21978MB
04/09 04:01:46 - mmengine - INFO - Saved /home/users/u103958/projects/multimodal-MoE/outputs/runs/zod_camera_only/zod-cam-only_4461334/visualizations/bev_pred_vs_gt_epoch_10.png  (GT=16, pred=0, max_score=0.059)
04/09 04:01:47 - mmengine - INFO - Saved /home/users/u103958/projects/multimodal-MoE/outputs/runs/zod_camera_only/zod-cam-only_4461334/visualizations/bev_val_pred_vs_gt_epoch_10.png  (GT=25, pred=0, max_score=0.052)
04/09 04:01:47 - mmengine - INFO - Saved /home/users/u103958/projects/multimodal-MoE/outputs/runs/zod_camera_only/zod-cam-only_4461334/visualizations/camera_bev_features_epoch_10.png
04/09 04:01:48 - mmengine - INFO - Saved /home/users/u103958/projects/multimodal-MoE/outputs/runs/zod_camera_only/zod-cam-only_4461334/visualizations/depth_transform_diagnostic_epoch_10.png
04/09 04:01:48 - mmengine - INFO - ========================================================================
04/09 04:01:48 - mmengine - INFO -   DEPTH PROJECTION DEBUG — Sparse depth analysis
04/09 04:01:48 - mmengine - INFO - ========================================================================
04/09 04:01:48 - mmengine - INFO -   lidar2img  shape=(1, 4, 4)
04/09 04:01:48 - mmengine - INFO -     [  622.2576  -478.3849    -1.9513 -1257.4954]
04/09 04:01:48 - mmengine - INFO -     [ 350.0951    7.6426 -478.2796 -167.8321]
04/09 04:01:48 - mmengine - INFO -     [ 1.      0.003   0.0074 -2.0314]
04/09 04:01:48 - mmengine - INFO -     [0. 0. 0. 1.]
04/09 04:01:48 - mmengine - INFO -   cam2img  shape=(1, 4, 4)
04/09 04:01:48 - mmengine - INFO -     [480.324    0.     620.7651   0.    ]
04/09 04:01:48 - mmengine - INFO -     [  0.     480.9149 346.5506   0.    ]
04/09 04:01:48 - mmengine - INFO -     [0. 0. 1. 0.]
04/09 04:01:48 - mmengine - INFO -     [0. 0. 0. 1.]
04/09 04:01:48 - mmengine - INFO -   img_aug_matrix  shape=(1, 4, 4)
04/09 04:01:48 - mmengine - INFO -     [1. 0. 0. 0.]
04/09 04:01:48 - mmengine - INFO -     [0. 1. 0. 0.]
04/09 04:01:48 - mmengine - INFO -     [0. 0. 1. 0.]
04/09 04:01:48 - mmengine - INFO -     [0. 0. 0. 1.]
04/09 04:01:48 - mmengine - INFO -   lidar_aug_matrix  shape=(4, 4)
04/09 04:01:48 - mmengine - INFO -     [1. 0. 0. 0.]
04/09 04:01:48 - mmengine - INFO -     [0. 1. 0. 0.]
04/09 04:01:48 - mmengine - INFO -     [0. 0. 1. 0.]
04/09 04:01:48 - mmengine - INFO -     [0. 0. 0. 1.]
04/09 04:01:48 - mmengine - INFO -   img tensor shape: (1, 1, 3, 704, 1248)
04/09 04:01:48 - mmengine - INFO -   points[0] shape:  (50570, 4)
04/09 04:01:48 - mmengine - INFO -   image_size=[704, 1248]  feature_size=[88, 156]  D=178
04/09 04:01:48 - mmengine - INFO -   projected: 50570 / 50570 on image
04/09 04:01:48 - mmengine - INFO -   row min/max/mean: 226.9 / 703.6 / 382.4
04/09 04:01:48 - mmengine - INFO - ------------------------------------------------------------------------
04/09 04:01:48 - mmengine - INFO -   MULTI-HIT / OVERWRITE ANALYSIS (full-res depth map)
04/09 04:01:48 - mmengine - INFO -   total LiDAR hits on image:     50570
04/09 04:01:48 - mmengine - INFO -   unique pixels occupied:         45944
04/09 04:01:48 - mmengine - INFO -   pixels with >1 hit:             4354
04/09 04:01:48 - mmengine - INFO -   overwritten points (lost):      4626  (9.1%)
04/09 04:01:48 - mmengine - INFO -   multi-hit max/mean:             4 / 2.1
04/09 04:01:48 - mmengine - INFO -   full-res occupancy:             45944 / 878592 = 5.229%
04/09 04:01:48 - mmengine - INFO - ------------------------------------------------------------------------
04/09 04:01:48 - mmengine - INFO -   OCCUPANCY THROUGH DEPTH PIPELINE
04/09 04:01:48 - mmengine - INFO -   sparse_depth (full-res):  (1, 1, 704, 1248)
04/09 04:01:48 - mmengine - INFO -     nonzero: 156662 / 878592  (17.831%)
04/09 04:01:48 - mmengine - INFO -     active rows: 479/704  cols: 1248/1248
04/09 04:01:48 - mmengine - INFO -   dtransform output:        (1, 64, 88, 156)
04/09 04:01:48 - mmengine - INFO -     active cells (any ch>0): 13728 / 13728  (100.00%)
04/09 04:01:48 - mmengine - INFO -   img_features:             (1, 1, 256, 88, 156)
04/09 04:01:48 - mmengine - INFO -   depthnet output:          (1, 258, 88, 156)
04/09 04:01:48 - mmengine - INFO -   camera BEV:               (1, 80, 180, 180)
04/09 04:01:51 - mmengine - INFO -   Saved /home/users/u103958/projects/multimodal-MoE/outputs/runs/zod_camera_only/zod-cam-only_4461334/debug/sparse_depth_pipeline.png
04/09 04:01:53 - mmengine - INFO -   Saved /home/users/u103958/projects/multimodal-MoE/outputs/runs/zod_camera_only/zod-cam-only_4461334/debug/lidar_projection_overlay.png
04/09 04:01:53 - mmengine - INFO - ========================================================================
04/09 04:01:53 - mmengine - INFO - Saving checkpoint at 10 epochs
04/09 04:02:03 - mmengine - INFO - Epoch(val) [10][  50/1250]    eta: 0:02:32  time: 0.1267  data_time: 0.0083  memory: 4720  
04/09 04:02:09 - mmengine - INFO - Epoch(val) [10][ 100/1250]    eta: 0:02:26  time: 0.1273  data_time: 0.0058  memory: 4725  
04/09 04:02:15 - mmengine - INFO - Epoch(val) [10][ 150/1250]    eta: 0:02:18  time: 0.1245  data_time: 0.0055  memory: 4729  
04/09 04:02:21 - mmengine - INFO - Epoch(val) [10][ 200/1250]    eta: 0:02:11  time: 0.1236  data_time: 0.0055  memory: 4726  
04/09 04:02:28 - mmengine - INFO - Epoch(val) [10][ 250/1250]    eta: 0:02:05  time: 0.1269  data_time: 0.0057  memory: 4716  
04/09 04:02:34 - mmengine - INFO - Epoch(val) [10][ 300/1250]    eta: 0:02:00  time: 0.1316  data_time: 0.0056  memory: 4723  
04/09 04:02:41 - mmengine - INFO - Epoch(val) [10][ 350/1250]    eta: 0:01:54  time: 0.1323  data_time: 0.0058  memory: 4726  
04/09 04:02:47 - mmengine - INFO - Epoch(val) [10][ 400/1250]    eta: 0:01:48  time: 0.1249  data_time: 0.0060  memory: 4716  
04/09 04:02:54 - mmengine - INFO - Epoch(val) [10][ 450/1250]    eta: 0:01:41  time: 0.1263  data_time: 0.0063  memory: 4719  
04/09 04:03:00 - mmengine - INFO - Epoch(val) [10][ 500/1250]    eta: 0:01:35  time: 0.1250  data_time: 0.0056  memory: 4719  
04/09 04:03:06 - mmengine - INFO - Epoch(val) [10][ 550/1250]    eta: 0:01:28  time: 0.1262  data_time: 0.0058  memory: 4719  
04/09 04:03:13 - mmengine - INFO - Epoch(val) [10][ 600/1250]    eta: 0:01:22  time: 0.1323  data_time: 0.0056  memory: 4723  
04/09 04:03:19 - mmengine - INFO - Epoch(val) [10][ 650/1250]    eta: 0:01:16  time: 0.1296  data_time: 0.0057  memory: 4723  
04/09 04:03:25 - mmengine - INFO - Epoch(val) [10][ 700/1250]    eta: 0:01:09  time: 0.1236  data_time: 0.0054  memory: 4720  
04/09 04:03:32 - mmengine - INFO - Epoch(val) [10][ 750/1250]    eta: 0:01:03  time: 0.1311  data_time: 0.0057  memory: 4722  
04/09 04:03:39 - mmengine - INFO - Epoch(val) [10][ 800/1250]    eta: 0:00:57  time: 0.1339  data_time: 0.0057  memory: 4717  
04/09 04:03:45 - mmengine - INFO - Epoch(val) [10][ 850/1250]    eta: 0:00:51  time: 0.1319  data_time: 0.0059  memory: 4722  
04/09 04:03:52 - mmengine - INFO - Epoch(val) [10][ 900/1250]    eta: 0:00:44  time: 0.1303  data_time: 0.0055  memory: 4726  
04/09 04:03:58 - mmengine - INFO - Epoch(val) [10][ 950/1250]    eta: 0:00:38  time: 0.1276  data_time: 0.0054  memory: 4723  
04/09 04:04:05 - mmengine - INFO - Epoch(val) [10][1000/1250]    eta: 0:00:32  time: 0.1256  data_time: 0.0055  memory: 4726  
04/09 04:04:11 - mmengine - INFO - Epoch(val) [10][1050/1250]    eta: 0:00:25  time: 0.1320  data_time: 0.0054  memory: 4726  
04/09 04:04:18 - mmengine - INFO - Epoch(val) [10][1100/1250]    eta: 0:00:19  time: 0.1300  data_time: 0.0058  memory: 4726  
04/09 04:04:24 - mmengine - INFO - Epoch(val) [10][1150/1250]    eta: 0:00:12  time: 0.1321  data_time: 0.0060  memory: 4721  
04/09 04:04:31 - mmengine - INFO - Epoch(val) [10][1200/1250]    eta: 0:00:06  time: 0.1280  data_time: 0.0058  memory: 4719  
04/09 04:04:38 - mmengine - INFO - Epoch(val) [10][1250/1250]    eta: 0:00:00  time: 0.1566  data_time: 0.0053  memory: 4723  
04/09 04:05:52 - mmengine - INFO - 
+------------+---------+---------+---------+---------+
| classes    | AP_0.25 | AR_0.25 | AP_0.50 | AR_0.50 |
+------------+---------+---------+---------+---------+
| pedestrian | 0.0170  | 0.1728  | 0.0005  | 0.0226  |
+------------+---------+---------+---------+---------+
| Overall    | 0.0170  | 0.1728  | 0.0005  | 0.0226  |
+------------+---------+---------+---------+---------+
04/09 04:06:22 - mmengine - INFO - 
+------------+---------+---------+---------+---------+---------+---------+---------+---------+
| classes    | AP_0.5m | AR_0.5m | AP_1.0m | AR_1.0m | AP_2.0m | AR_2.0m | AP_4.0m | AR_4.0m |
+------------+---------+---------+---------+---------+---------+---------+---------+---------+
| pedestrian | 0.0402  | 0.2879  | 0.0548  | 0.3436  | 0.0598  | 0.3799  | 0.0646  | 0.4127  |
+------------+---------+---------+---------+---------+---------+---------+---------+---------+
| Overall    | 0.0402  | 0.2879  | 0.0548  | 0.3436  | 0.0598  | 0.3799  | 0.0646  | 0.4127  |
+------------+---------+---------+---------+---------+---------+---------+---------+---------+
04/09 04:06:23 - mmengine - INFO - Epoch(val) [10][1250/1250]    pedestrian_AP_0.25: 0.0170  mAP_0.25: 0.0170  pedestrian_rec_0.25: 0.1728  mAR_0.25: 0.1728  pedestrian_AP_0.50: 0.0005  mAP_0.50: 0.0005  pedestrian_rec_0.50: 0.0226  mAR_0.50: 0.0226  pedestrian_AP_0.5m: 0.0402  pedestrian_rec_0.5m: 0.2879  pedestrian_AP_1.0m: 0.0548  pedestrian_rec_1.0m: 0.3436  pedestrian_AP_2.0m: 0.0598  pedestrian_rec_2.0m: 0.3799  pedestrian_AP_4.0m: 0.0646  pedestrian_rec_4.0m: 0.4127  mAP_0.5m: 0.0402  mAR_0.5m: 0.2879  mAP_1.0m: 0.0548  mAR_1.0m: 0.3436  mAP_2.0m: 0.0598  mAR_2.0m: 0.3799  mAP_4.0m: 0.0646  mAR_4.0m: 0.4127  data_time: 0.0058  time: 0.1296
04/09 04:06:56 - mmengine - INFO - Epoch(train) [11][  50/5000]  lr: 7.2549e-05  eta: 1:18:41  time: 0.6300  data_time: 0.0360  memory: 15695  grad_norm: 18.7658  loss: 6.3083  loss_heatmap: 2.3267  layer_-1_loss_cls: 0.4095  layer_-1_loss_bbox: 2.9318  matched_ious: 0.0797  aux_depth_loss: 0.6403  sec_per_iter: 0.4826  iters_per_sec: 2.0700  samples_per_sec: 33.1600  samples_per_sec_per_gpu: 8.2900  max_mem_allocated_mb: 607.2000  max_mem_reserved_mb: 21978.0000
04/09 04:07:19 - mmengine - INFO - Epoch(train) [11][ 100/5000]  lr: 7.1858e-05  eta: 1:18:17  time: 0.4665  data_time: 0.0120  memory: 15694  grad_norm: 23.7700  loss: 6.2611  loss_heatmap: 2.3359  layer_-1_loss_cls: 0.4162  layer_-1_loss_bbox: 2.8662  matched_ious: 0.0696  aux_depth_loss: 0.6428  sec_per_iter: 0.6307  iters_per_sec: 1.5900  samples_per_sec: 25.3700  samples_per_sec_per_gpu: 6.3400  max_mem_allocated_mb: 607.2000  max_mem_reserved_mb: 21978.0000
04/09 04:07:42 - mmengine - INFO - Epoch(train) [11][ 150/5000]  lr: 7.1171e-05  eta: 1:17:53  time: 0.4584  data_time: 0.0118  memory: 15692  grad_norm: 18.3921  loss: 6.3622  loss_heatmap: 2.3442  layer_-1_loss_cls: 0.4073  layer_-1_loss_bbox: 2.9608  matched_ious: 0.0285  aux_depth_loss: 0.6500  sec_per_iter: 0.5485  iters_per_sec: 1.8200  samples_per_sec: 29.1700  samples_per_sec_per_gpu: 7.2900  max_mem_allocated_mb: 607.2000  max_mem_reserved_mb: 21978.0000
04/09 04:08:05 - mmengine - INFO - Epoch(train) [11][ 200/5000]  lr: 7.0486e-05  eta: 1:17:29  time: 0.4584  data_time: 0.0115  memory: 15695  grad_norm: 13.8405  loss: 6.3386  loss_heatmap: 2.3442  layer_-1_loss_cls: 0.4120  layer_-1_loss_bbox: 2.9361  matched_ious: 0.0470  aux_depth_loss: 0.6464  sec_per_iter: 0.5185  iters_per_sec: 1.9300  samples_per_sec: 30.8600  samples_per_sec_per_gpu: 7.7200  max_mem_allocated_mb: 607.2000  max_mem_reserved_mb: 21978.0000
04/09 04:08:28 - mmengine - INFO - Epoch(train) [11][ 250/5000]  lr: 6.9805e-05  eta: 1:17:05  time: 0.4586  data_time: 0.0121  memory: 15695  grad_norm: 19.6015  loss: 6.2670  loss_heatmap: 2.3385  layer_-1_loss_cls: 0.4118  layer_-1_loss_bbox: 2.8655  matched_ious: 0.1162  aux_depth_loss: 0.6513  sec_per_iter: 0.5036  iters_per_sec: 1.9900  samples_per_sec: 31.7700  samples_per_sec_per_gpu: 7.9400  max_mem_allocated_mb: 607.2000  max_mem_reserved_mb: 21978.0000
04/09 04:08:51 - mmengine - INFO - Epoch(train) [11][ 300/5000]  lr: 6.9125e-05  eta: 1:16:42  time: 0.4620  data_time: 0.0114  memory: 15694  grad_norm: 21.8685  loss: 6.3956  loss_heatmap: 2.3362  layer_-1_loss_cls: 0.3982  layer_-1_loss_bbox: 3.0158  matched_ious: 0.0685  aux_depth_loss: 0.6454  sec_per_iter: 0.4945  iters_per_sec: 2.0200  samples_per_sec: 32.3500  samples_per_sec_per_gpu: 8.0900  max_mem_allocated_mb: 607.2000  max_mem_reserved_mb: 21978.0000
04/09 04:09:14 - mmengine - INFO - Epoch(train) [11][ 350/5000]  lr: 6.8449e-05  eta: 1:16:18  time: 0.4599  data_time: 0.0115  memory: 15695  grad_norm: 14.4709  loss: 6.3875  loss_heatmap: 2.3159  layer_-1_loss_cls: 0.4037  layer_-1_loss_bbox: 3.0333  matched_ious: 0.0534  aux_depth_loss: 0.6346  sec_per_iter: 0.4891  iters_per_sec: 2.0400  samples_per_sec: 32.7100  samples_per_sec_per_gpu: 8.1800  max_mem_allocated_mb: 607.2000  max_mem_reserved_mb: 21978.0000
04/09 04:09:37 - mmengine - INFO - Epoch(train) [11][ 400/5000]  lr: 6.7776e-05  eta: 1:15:54  time: 0.4750  data_time: 0.0117  memory: 15694  grad_norm: 15.0841  loss: 6.5437  loss_heatmap: 2.3631  layer_-1_loss_cls: 0.4034  layer_-1_loss_bbox: 3.1275  matched_ious: 0.0652  aux_depth_loss: 0.6497  sec_per_iter: 0.4849  iters_per_sec: 2.0600  samples_per_sec: 33.0000  samples_per_sec_per_gpu: 8.2500  max_mem_allocated_mb: 607.2000  max_mem_reserved_mb: 21978.0000
04/09 04:10:00 - mmengine - INFO - Epoch(train) [11][ 450/5000]  lr: 6.7105e-05  eta: 1:15:30  time: 0.4597  data_time: 0.0114  memory: 15695  grad_norm: 16.9046  loss: 6.3957  loss_heatmap: 2.3451  layer_-1_loss_cls: 0.4062  layer_-1_loss_bbox: 2.9977  matched_ious: 0.1031  aux_depth_loss: 0.6468  sec_per_iter: 0.4837  iters_per_sec: 2.0700  samples_per_sec: 33.0800  samples_per_sec_per_gpu: 8.2700  max_mem_allocated_mb: 607.2000  max_mem_reserved_mb: 21978.0000
04/09 04:10:23 - mmengine - INFO - Epoch(train) [11][ 500/5000]  lr: 6.6437e-05  eta: 1:15:06  time: 0.4573  data_time: 0.0129  memory: 15695  grad_norm: 25.9307  loss: 6.3745  loss_heatmap: 2.3396  layer_-1_loss_cls: 0.4021  layer_-1_loss_bbox: 2.9826  matched_ious: 0.0791  aux_depth_loss: 0.6502  sec_per_iter: 0.4810  iters_per_sec: 2.0800  samples_per_sec: 33.2600  samples_per_sec_per_gpu: 8.3200  max_mem_allocated_mb: 607.2000  max_mem_reserved_mb: 21978.0000
04/09 04:10:49 - mmengine - INFO - Epoch(train) [11][ 550/5000]  lr: 6.5772e-05  eta: 1:14:43  time: 0.5102  data_time: 0.0139  memory: 15696  grad_norm: 17.0526  loss: 6.4262  loss_heatmap: 2.3188  layer_-1_loss_cls: 0.4026  layer_-1_loss_bbox: 3.0462  matched_ious: 0.0559  aux_depth_loss: 0.6586  sec_per_iter: 0.4787  iters_per_sec: 2.0900  samples_per_sec: 33.4300  samples_per_sec_per_gpu: 8.3600  max_mem_allocated_mb: 607.2000  max_mem_reserved_mb: 21978.0000
04/09 04:11:13 - mmengine - INFO - Epoch(train) [11][ 600/5000]  lr: 6.5110e-05  eta: 1:14:19  time: 0.4740  data_time: 0.0163  memory: 15693  grad_norm: 19.2214  loss: 6.4919  loss_heatmap: 2.3803  layer_-1_loss_cls: 0.4115  layer_-1_loss_bbox: 3.0496  matched_ious: 0.1067  aux_depth_loss: 0.6505  sec_per_iter: 0.4817  iters_per_sec: 2.0800  samples_per_sec: 33.2200  samples_per_sec_per_gpu: 8.3000  max_mem_allocated_mb: 607.2000  max_mem_reserved_mb: 21978.0000
04/09 04:11:37 - mmengine - INFO - Epoch(train) [11][ 650/5000]  lr: 6.4450e-05  eta: 1:13:56  time: 0.4895  data_time: 0.0153  memory: 15697  grad_norm: 15.4284  loss: 6.3064  loss_heatmap: 2.3820  layer_-1_loss_cls: 0.4061  layer_-1_loss_bbox: 2.8780  matched_ious: 0.0771  aux_depth_loss: 0.6403  sec_per_iter: 0.4809  iters_per_sec: 2.0800  samples_per_sec: 33.2700  samples_per_sec_per_gpu: 8.3200  max_mem_allocated_mb: 607.2000  max_mem_reserved_mb: 21978.0000
04/09 04:12:00 - mmengine - INFO - Epoch(train) [11][ 700/5000]  lr: 6.3794e-05  eta: 1:13:32  time: 0.4608  data_time: 0.0125  memory: 15693  grad_norm: 14.6268  loss: 6.4659  loss_heatmap: 2.3486  layer_-1_loss_cls: 0.4044  layer_-1_loss_bbox: 3.0639  matched_ious: 0.0575  aux_depth_loss: 0.6490  sec_per_iter: 0.4816  iters_per_sec: 2.0800  samples_per_sec: 33.2200  samples_per_sec_per_gpu: 8.3100  max_mem_allocated_mb: 607.2000  max_mem_reserved_mb: 21978.0000
04/09 04:12:24 - mmengine - INFO - Epoch(train) [11][ 750/5000]  lr: 6.3140e-05  eta: 1:13:08  time: 0.4820  data_time: 0.0126  memory: 15694  grad_norm: 18.4913  loss: 6.5357  loss_heatmap: 2.3987  layer_-1_loss_cls: 0.4118  layer_-1_loss_bbox: 3.0603  matched_ious: 0.0777  aux_depth_loss: 0.6650  sec_per_iter: 0.4801  iters_per_sec: 2.0800  samples_per_sec: 33.3300  samples_per_sec_per_gpu: 8.3300  max_mem_allocated_mb: 607.2000  max_mem_reserved_mb: 21978.0000
04/09 04:12:48 - mmengine - INFO - Epoch(train) [11][ 800/5000]  lr: 6.2490e-05  eta: 1:12:44  time: 0.4780  data_time: 0.0124  memory: 15694  grad_norm: 12.9130  loss: 6.3656  loss_heatmap: 2.3509  layer_-1_loss_cls: 0.4046  layer_-1_loss_bbox: 2.9656  matched_ious: 0.0656  aux_depth_loss: 0.6445  sec_per_iter: 0.4802  iters_per_sec: 2.0800  samples_per_sec: 33.3200  samples_per_sec_per_gpu: 8.3300  max_mem_allocated_mb: 607.2000  max_mem_reserved_mb: 21978.0000
04/09 04:13:13 - mmengine - INFO - Epoch(train) [11][ 850/5000]  lr: 6.1842e-05  eta: 1:12:21  time: 0.5010  data_time: 0.0136  memory: 15695  grad_norm: 17.8226  loss: 6.2518  loss_heatmap: 2.3190  layer_-1_loss_cls: 0.4131  layer_-1_loss_bbox: 2.8749  matched_ious: 0.0891  aux_depth_loss: 0.6447  sec_per_iter: 0.4801  iters_per_sec: 2.0800  samples_per_sec: 33.3300  samples_per_sec_per_gpu: 8.3300  max_mem_allocated_mb: 607.2000  max_mem_reserved_mb: 21978.0000
04/09 04:13:38 - mmengine - INFO - Epoch(train) [11][ 900/5000]  lr: 6.1197e-05  eta: 1:11:57  time: 0.4878  data_time: 0.0128  memory: 15695  grad_norm: 18.8214  loss: 6.2817  loss_heatmap: 2.3352  layer_-1_loss_cls: 0.4147  layer_-1_loss_bbox: 2.8819  matched_ious: 0.0658  aux_depth_loss: 0.6499  sec_per_iter: 0.4813  iters_per_sec: 2.0800  samples_per_sec: 33.2400  samples_per_sec_per_gpu: 8.3100  max_mem_allocated_mb: 607.2000  max_mem_reserved_mb: 21978.0000
04/09 04:14:01 - mmengine - INFO - Epoch(train) [11][ 950/5000]  lr: 6.0555e-05  eta: 1:11:33  time: 0.4607  data_time: 0.0130  memory: 15697  grad_norm: 23.7243  loss: 6.2215  loss_heatmap: 2.2769  layer_-1_loss_cls: 0.4043  layer_-1_loss_bbox: 2.9009  matched_ious: 0.0738  aux_depth_loss: 0.6394  sec_per_iter: 0.4817  iters_per_sec: 2.0800  samples_per_sec: 33.2200  samples_per_sec_per_gpu: 8.3000  max_mem_allocated_mb: 607.2000  max_mem_reserved_mb: 21978.0000
04/09 04:14:26 - mmengine - INFO - Exp name: zod_camera_only_20260408_204407
04/09 04:14:26 - mmengine - INFO - Epoch(train) [11][1000/5000]  lr: 5.9916e-05  eta: 1:11:10  time: 0.5058  data_time: 0.0119  memory: 15695  grad_norm: 21.9263  loss: 6.4298  loss_heatmap: 2.3735  layer_-1_loss_cls: 0.4041  layer_-1_loss_bbox: 3.0024  matched_ious: 0.1181  aux_depth_loss: 0.6498  sec_per_iter: 0.4806  iters_per_sec: 2.0800  samples_per_sec: 33.2900  samples_per_sec_per_gpu: 8.3200  max_mem_allocated_mb: 607.2000  max_mem_reserved_mb: 21978.0000
04/09 04:14:49 - mmengine - INFO - Epoch(train) [11][1050/5000]  lr: 5.9279e-05  eta: 1:10:46  time: 0.4613  data_time: 0.0150  memory: 15697  grad_norm: 13.1064  loss: 6.2183  loss_heatmap: 2.3118  layer_-1_loss_cls: 0.4133  layer_-1_loss_bbox: 2.8465  matched_ious: 0.0637  aux_depth_loss: 0.6467  sec_per_iter: 0.4818  iters_per_sec: 2.0800  samples_per_sec: 33.2100  samples_per_sec_per_gpu: 8.3000  max_mem_allocated_mb: 607.2000  max_mem_reserved_mb: 21978.0000
04/09 04:15:13 - mmengine - INFO - Epoch(train) [11][1100/5000]  lr: 5.8646e-05  eta: 1:10:23  time: 0.4917  data_time: 0.0116  memory: 15694  grad_norm: 21.3753  loss: 6.3866  loss_heatmap: 2.3429  layer_-1_loss_cls: 0.4131  layer_-1_loss_bbox: 2.9851  matched_ious: 0.0879  aux_depth_loss: 0.6455  sec_per_iter: 0.4809  iters_per_sec: 2.0800  samples_per_sec: 33.2700  samples_per_sec_per_gpu: 8.3200  max_mem_allocated_mb: 607.2000  max_mem_reserved_mb: 21978.0000
04/09 04:15:37 - mmengine - INFO - Epoch(train) [11][1150/5000]  lr: 5.8016e-05  eta: 1:09:59  time: 0.4655  data_time: 0.0132  memory: 15696  grad_norm: 23.7302  loss: 6.2455  loss_heatmap: 2.3431  layer_-1_loss_cls: 0.4145  layer_-1_loss_bbox: 2.8566  matched_ious: 0.1348  aux_depth_loss: 0.6313  sec_per_iter: 0.4814  iters_per_sec: 2.0800  samples_per_sec: 33.2300  samples_per_sec_per_gpu: 8.3100  max_mem_allocated_mb: 607.2000  max_mem_reserved_mb: 21978.0000
04/09 04:16:00 - mmengine - INFO - Epoch(train) [11][1200/5000]  lr: 5.7389e-05  eta: 1:09:35  time: 0.4723  data_time: 0.0132  memory: 15695  grad_norm: 15.7318  loss: 6.2317  loss_heatmap: 2.3657  layer_-1_loss_cls: 0.4156  layer_-1_loss_bbox: 2.8169  matched_ious: 0.1005  aux_depth_loss: 0.6334  sec_per_iter: 0.4807  iters_per_sec: 2.0800  samples_per_sec: 33.2900  samples_per_sec_per_gpu: 8.3200  max_mem_allocated_mb: 607.2000  max_mem_reserved_mb: 21978.0000
04/09 04:16:23 - mmengine - INFO - Epoch(train) [11][1250/5000]  lr: 5.6764e-05  eta: 1:09:11  time: 0.4585  data_time: 0.0135  memory: 15694  grad_norm: 27.4690  loss: 6.2816  loss_heatmap: 2.3183  layer_-1_loss_cls: 0.4109  layer_-1_loss_bbox: 2.9116  matched_ious: 0.0337  aux_depth_loss: 0.6409  sec_per_iter: 0.4804  iters_per_sec: 2.0800  samples_per_sec: 33.3100  samples_per_sec_per_gpu: 8.3300  max_mem_allocated_mb: 607.2000  max_mem_reserved_mb: 21978.0000
04/09 04:16:46 - mmengine - INFO - Epoch(train) [11][1300/5000]  lr: 5.6143e-05  eta: 1:08:47  time: 0.4612  data_time: 0.0121  memory: 15694  grad_norm: 13.2970  loss: 6.4489  loss_heatmap: 2.3516  layer_-1_loss_cls: 0.4119  layer_-1_loss_bbox: 3.0358  matched_ious: 0.0536  aux_depth_loss: 0.6496  sec_per_iter: 0.4795  iters_per_sec: 2.0900  samples_per_sec: 33.3700  samples_per_sec_per_gpu: 8.3400  max_mem_allocated_mb: 607.2000  max_mem_reserved_mb: 21978.0000
04/09 04:17:10 - mmengine - INFO - Epoch(train) [11][1350/5000]  lr: 5.5525e-05  eta: 1:08:24  time: 0.4795  data_time: 0.0126  memory: 15697  grad_norm: 18.6656  loss: 6.2970  loss_heatmap: 2.3219  layer_-1_loss_cls: 0.4223  layer_-1_loss_bbox: 2.9001  matched_ious: 0.1242  aux_depth_loss: 0.6527  sec_per_iter: 0.4788  iters_per_sec: 2.0900  samples_per_sec: 33.4200  samples_per_sec_per_gpu: 8.3500  max_mem_allocated_mb: 607.2000  max_mem_reserved_mb: 21978.0000
04/09 04:17:33 - mmengine - INFO - Epoch(train) [11][1400/5000]  lr: 5.4909e-05  eta: 1:08:00  time: 0.4565  data_time: 0.0117  memory: 15694  grad_norm: 17.4696  loss: 6.3409  loss_heatmap: 2.3575  layer_-1_loss_cls: 0.4158  layer_-1_loss_bbox: 2.9117  matched_ious: 0.1081  aux_depth_loss: 0.6559  sec_per_iter: 0.4788  iters_per_sec: 2.0900  samples_per_sec: 33.4200  samples_per_sec_per_gpu: 8.3500  max_mem_allocated_mb: 607.2000  max_mem_reserved_mb: 21978.0000
04/09 04:17:57 - mmengine - INFO - Epoch(train) [11][1450/5000]  lr: 5.4297e-05  eta: 1:07:36  time: 0.4724  data_time: 0.0126  memory: 15696  grad_norm: 15.4258  loss: 6.2696  loss_heatmap: 2.3875  layer_-1_loss_cls: 0.4267  layer_-1_loss_bbox: 2.8126  matched_ious: 0.1085  aux_depth_loss: 0.6428  sec_per_iter: 0.4780  iters_per_sec: 2.0900  samples_per_sec: 33.4700  samples_per_sec_per_gpu: 8.3700  max_mem_allocated_mb: 607.2000  max_mem_reserved_mb: 21978.0000
04/09 04:18:20 - mmengine - INFO - Epoch(train) [11][1500/5000]  lr: 5.3687e-05  eta: 1:07:12  time: 0.4652  data_time: 0.0123  memory: 15695  grad_norm: 21.9316  loss: 6.1802  loss_heatmap: 2.3437  layer_-1_loss_cls: 0.4251  layer_-1_loss_bbox: 2.7775  matched_ious: 0.1085  aux_depth_loss: 0.6339  sec_per_iter: 0.4778  iters_per_sec: 2.0900  samples_per_sec: 33.4900  samples_per_sec_per_gpu: 8.3700  max_mem_allocated_mb: 607.2000  max_mem_reserved_mb: 21978.0000
04/09 04:18:44 - mmengine - INFO - Epoch(train) [11][1550/5000]  lr: 5.3081e-05  eta: 1:06:49  time: 0.4763  data_time: 0.0120  memory: 15695  grad_norm: 32.3482  loss: 6.2456  loss_heatmap: 2.3446  layer_-1_loss_cls: 0.4187  layer_-1_loss_bbox: 2.8376  matched_ious: 0.0378  aux_depth_loss: 0.6448  sec_per_iter: 0.4774  iters_per_sec: 2.0900  samples_per_sec: 33.5100  samples_per_sec_per_gpu: 8.3800  max_mem_allocated_mb: 607.2000  max_mem_reserved_mb: 21978.0000
04/09 04:19:07 - mmengine - INFO - Epoch(train) [11][1600/5000]  lr: 5.2478e-05  eta: 1:06:25  time: 0.4537  data_time: 0.0118  memory: 15696  grad_norm: 18.5852  loss: 6.2684  loss_heatmap: 2.3378  layer_-1_loss_cls: 0.4106  layer_-1_loss_bbox: 2.8829  matched_ious: 0.0683  aux_depth_loss: 0.6371  sec_per_iter: 0.4774  iters_per_sec: 2.0900  samples_per_sec: 33.5200  samples_per_sec_per_gpu: 8.3800  max_mem_allocated_mb: 607.2000  max_mem_reserved_mb: 21978.0000
04/09 04:19:31 - mmengine - INFO - Epoch(train) [11][1650/5000]  lr: 5.1878e-05  eta: 1:06:01  time: 0.4856  data_time: 0.0124  memory: 15694  grad_norm: 23.1702  loss: 6.1879  loss_heatmap: 2.3283  layer_-1_loss_cls: 0.4211  layer_-1_loss_bbox: 2.7996  matched_ious: 0.0839  aux_depth_loss: 0.6389  sec_per_iter: 0.4766  iters_per_sec: 2.1000  samples_per_sec: 33.5700  samples_per_sec_per_gpu: 8.3900  max_mem_allocated_mb: 607.2000  max_mem_reserved_mb: 21978.0000
04/09 04:19:56 - mmengine - INFO - Epoch(train) [11][1700/5000]  lr: 5.1280e-05  eta: 1:05:38  time: 0.5070  data_time: 0.0132  memory: 15696  grad_norm: 18.2236  loss: 6.1875  loss_heatmap: 2.3322  layer_-1_loss_cls: 0.4234  layer_-1_loss_bbox: 2.7964  matched_ious: 0.0563  aux_depth_loss: 0.6355  sec_per_iter: 0.4769  iters_per_sec: 2.1000  samples_per_sec: 33.5500  samples_per_sec_per_gpu: 8.3900  max_mem_allocated_mb: 607.2000  max_mem_reserved_mb: 21978.0000
04/09 04:20:20 - mmengine - INFO - Epoch(train) [11][1750/5000]  lr: 5.0686e-05  eta: 1:05:14  time: 0.4699  data_time: 0.0138  memory: 15696  grad_norm: 19.5471  loss: 6.2976  loss_heatmap: 2.3469  layer_-1_loss_cls: 0.4187  layer_-1_loss_bbox: 2.8911  matched_ious: 0.0730  aux_depth_loss: 0.6409  sec_per_iter: 0.4778  iters_per_sec: 2.0900  samples_per_sec: 33.4900  samples_per_sec_per_gpu: 8.3700  max_mem_allocated_mb: 607.2000  max_mem_reserved_mb: 21978.0000
04/09 04:20:43 - mmengine - INFO - Epoch(train) [11][1800/5000]  lr: 5.0095e-05  eta: 1:04:50  time: 0.4668  data_time: 0.0112  memory: 15693  grad_norm: 25.9553  loss: 6.2089  loss_heatmap: 2.3359  layer_-1_loss_cls: 0.4190  layer_-1_loss_bbox: 2.8182  matched_ious: 0.0833  aux_depth_loss: 0.6358  sec_per_iter: 0.4776  iters_per_sec: 2.0900  samples_per_sec: 33.5000  samples_per_sec_per_gpu: 8.3800  max_mem_allocated_mb: 607.2000  max_mem_reserved_mb: 21978.0000
04/09 04:21:07 - mmengine - INFO - Epoch(train) [11][1850/5000]  lr: 4.9507e-05  eta: 1:04:26  time: 0.4884  data_time: 0.0127  memory: 15696  grad_norm: 14.4781  loss: 6.3047  loss_heatmap: 2.3596  layer_-1_loss_cls: 0.4161  layer_-1_loss_bbox: 2.8792  matched_ious: 0.1084  aux_depth_loss: 0.6498  sec_per_iter: 0.4773  iters_per_sec: 2.1000  samples_per_sec: 33.5200  samples_per_sec_per_gpu: 8.3800  max_mem_allocated_mb: 607.2000  max_mem_reserved_mb: 21978.0000
04/09 04:21:31 - mmengine - INFO - Epoch(train) [11][1900/5000]  lr: 4.8922e-05  eta: 1:04:03  time: 0.4673  data_time: 0.0114  memory: 15694  grad_norm: 19.8656  loss: 6.3590  loss_heatmap: 2.3577  layer_-1_loss_cls: 0.4155  layer_-1_loss_bbox: 2.9310  matched_ious: 0.0711  aux_depth_loss: 0.6548  sec_per_iter: 0.4776  iters_per_sec: 2.0900  samples_per_sec: 33.5000  samples_per_sec_per_gpu: 8.3800  max_mem_allocated_mb: 607.2000  max_mem_reserved_mb: 21978.0000
04/09 04:21:54 - mmengine - INFO - Epoch(train) [11][1950/5000]  lr: 4.8340e-05  eta: 1:03:39  time: 0.4682  data_time: 0.0129  memory: 15695  grad_norm: 15.7482  loss: 6.3539  loss_heatmap: 2.3447  layer_-1_loss_cls: 0.4157  layer_-1_loss_bbox: 2.9579  matched_ious: 0.0972  aux_depth_loss: 0.6356  sec_per_iter: 0.4773  iters_per_sec: 2.1000  samples_per_sec: 33.5200  samples_per_sec_per_gpu: 8.3800  max_mem_allocated_mb: 607.2000  max_mem_reserved_mb: 21978.0000
04/09 04:22:18 - mmengine - INFO - Exp name: zod_camera_only_20260408_204407
04/09 04:22:18 - mmengine - INFO - Epoch(train) [11][2000/5000]  lr: 4.7762e-05  eta: 1:03:15  time: 0.4796  data_time: 0.0136  memory: 15695  grad_norm: 13.1769  loss: 6.3112  loss_heatmap: 2.3272  layer_-1_loss_cls: 0.4132  layer_-1_loss_bbox: 2.9165  matched_ious: 0.1094  aux_depth_loss: 0.6543  sec_per_iter: 0.4771  iters_per_sec: 2.1000  samples_per_sec: 33.5400  samples_per_sec_per_gpu: 8.3800  max_mem_allocated_mb: 607.2000  max_mem_reserved_mb: 21978.0000
04/09 04:22:42 - mmengine - INFO - Epoch(train) [11][2050/5000]  lr: 4.7186e-05  eta: 1:02:51  time: 0.4714  data_time: 0.0112  memory: 15693  grad_norm: 15.6978  loss: 6.2984  loss_heatmap: 2.3450  layer_-1_loss_cls: 0.4158  layer_-1_loss_bbox: 2.9048  matched_ious: 0.0844  aux_depth_loss: 0.6328  sec_per_iter: 0.4771  iters_per_sec: 2.1000  samples_per_sec: 33.5300  samples_per_sec_per_gpu: 8.3800  max_mem_allocated_mb: 607.2000  max_mem_reserved_mb: 21978.0000
04/09 04:23:06 - mmengine - INFO - Epoch(train) [11][2100/5000]  lr: 4.6614e-05  eta: 1:02:28  time: 0.4880  data_time: 0.0121  memory: 15694  grad_norm: 20.0543  loss: 6.2227  loss_heatmap: 2.3491  layer_-1_loss_cls: 0.4171  layer_-1_loss_bbox: 2.8116  matched_ious: 0.1237  aux_depth_loss: 0.6449  sec_per_iter: 0.4770  iters_per_sec: 2.1000  samples_per_sec: 33.5400  samples_per_sec_per_gpu: 8.3900  max_mem_allocated_mb: 607.2000  max_mem_reserved_mb: 21978.0000
04/09 04:23:30 - mmengine - INFO - Epoch(train) [11][2150/5000]  lr: 4.6045e-05  eta: 1:02:04  time: 0.4783  data_time: 0.0197  memory: 15696  grad_norm: 14.9745  loss: 6.1933  loss_heatmap: 2.3239  layer_-1_loss_cls: 0.4171  layer_-1_loss_bbox: 2.8106  matched_ious: 0.0672  aux_depth_loss: 0.6417  sec_per_iter: 0.4773  iters_per_sec: 2.1000  samples_per_sec: 33.5200  samples_per_sec_per_gpu: 8.3800  max_mem_allocated_mb: 607.2000  max_mem_reserved_mb: 21978.0000
04/09 04:23:54 - mmengine - INFO - Epoch(train) [11][2200/5000]  lr: 4.5478e-05  eta: 1:01:40  time: 0.4692  data_time: 0.0163  memory: 15698  grad_norm: 15.8089  loss: 6.3582  loss_heatmap: 2.3574  layer_-1_loss_cls: 0.4177  layer_-1_loss_bbox: 2.9440  matched_ious: 0.1260  aux_depth_loss: 0.6391  sec_per_iter: 0.4773  iters_per_sec: 2.1000  samples_per_sec: 33.5200  samples_per_sec_per_gpu: 8.3800  max_mem_allocated_mb: 607.2000  max_mem_reserved_mb: 21978.0000
04/09 04:24:17 - mmengine - INFO - Epoch(train) [11][2250/5000]  lr: 4.4915e-05  eta: 1:01:17  time: 0.4681  data_time: 0.0127  memory: 15695  grad_norm: 15.7907  loss: 6.2703  loss_heatmap: 2.3112  layer_-1_loss_cls: 0.4096  layer_-1_loss_bbox: 2.9106  matched_ious: 0.0583  aux_depth_loss: 0.6389  sec_per_iter: 0.4771  iters_per_sec: 2.1000  samples_per_sec: 33.5400  samples_per_sec_per_gpu: 8.3800  max_mem_allocated_mb: 607.2000  max_mem_reserved_mb: 21978.0000
04/09 04:24:40 - mmengine - INFO - Epoch(train) [11][2300/5000]  lr: 4.4356e-05  eta: 1:00:53  time: 0.4584  data_time: 0.0126  memory: 15696  grad_norm: 12.3750  loss: 6.1282  loss_heatmap: 2.3055  layer_-1_loss_cls: 0.4180  layer_-1_loss_bbox: 2.7640  matched_ious: 0.0942  aux_depth_loss: 0.6407  sec_per_iter: 0.4769  iters_per_sec: 2.1000  samples_per_sec: 33.5500  samples_per_sec_per_gpu: 8.3900  max_mem_allocated_mb: 607.2000  max_mem_reserved_mb: 21978.0000
04/09 04:25:03 - mmengine - INFO - Epoch(train) [11][2350/5000]  lr: 4.3799e-05  eta: 1:00:29  time: 0.4707  data_time: 0.0130  memory: 15693  grad_norm: 12.3746  loss: 6.2256  loss_heatmap: 2.2926  layer_-1_loss_cls: 0.4139  layer_-1_loss_bbox: 2.8808  matched_ious: 0.0835  aux_depth_loss: 0.6383  sec_per_iter: 0.4765  iters_per_sec: 2.1000  samples_per_sec: 33.5800  samples_per_sec_per_gpu: 8.3900  max_mem_allocated_mb: 607.2000  max_mem_reserved_mb: 21978.0000
04/09 04:25:27 - mmengine - INFO - Epoch(train) [11][2400/5000]  lr: 4.3245e-05  eta: 1:00:05  time: 0.4683  data_time: 0.0146  memory: 15697  grad_norm: 14.4904  loss: 6.1866  loss_heatmap: 2.3515  layer_-1_loss_cls: 0.4225  layer_-1_loss_bbox: 2.7872  matched_ious: 0.0614  aux_depth_loss: 0.6255  sec_per_iter: 0.4764  iters_per_sec: 2.1000  samples_per_sec: 33.5900  samples_per_sec_per_gpu: 8.4000  max_mem_allocated_mb: 607.2000  max_mem_reserved_mb: 21978.0000
04/09 04:25:52 - mmengine - INFO - Epoch(train) [11][2450/5000]  lr: 4.2695e-05  eta: 0:59:42  time: 0.5051  data_time: 0.0123  memory: 15695  grad_norm: 19.5941  loss: 6.2818  loss_heatmap: 2.3124  layer_-1_loss_cls: 0.4173  layer_-1_loss_bbox: 2.9176  matched_ious: 0.0751  aux_depth_loss: 0.6345  sec_per_iter: 0.4762  iters_per_sec: 2.1000  samples_per_sec: 33.6000  samples_per_sec_per_gpu: 8.4000  max_mem_allocated_mb: 607.2000  max_mem_reserved_mb: 21978.0000
04/09 04:26:16 - mmengine - INFO - Epoch(train) [11][2500/5000]  lr: 4.2148e-05  eta: 0:59:18  time: 0.4694  data_time: 0.0152  memory: 15696  grad_norm: 15.7046  loss: 6.2769  loss_heatmap: 2.3316  layer_-1_loss_cls: 0.4089  layer_-1_loss_bbox: 2.9010  matched_ious: 0.0664  aux_depth_loss: 0.6354  sec_per_iter: 0.4768  iters_per_sec: 2.1000  samples_per_sec: 33.5600  samples_per_sec_per_gpu: 8.3900  max_mem_allocated_mb: 607.2000  max_mem_reserved_mb: 21978.0000
04/09 04:26:40 - mmengine - INFO - Epoch(train) [11][2550/5000]  lr: 4.1604e-05  eta: 0:58:54  time: 0.4827  data_time: 0.0137  memory: 15695  grad_norm: 14.2303  loss: 6.2706  loss_heatmap: 2.3108  layer_-1_loss_cls: 0.4129  layer_-1_loss_bbox: 2.9143  matched_ious: 0.0698  aux_depth_loss: 0.6326  sec_per_iter: 0.4767  iters_per_sec: 2.1000  samples_per_sec: 33.5700  samples_per_sec_per_gpu: 8.3900  max_mem_allocated_mb: 607.2000  max_mem_reserved_mb: 21978.0000
04/09 04:27:03 - mmengine - INFO - Epoch(train) [11][2600/5000]  lr: 4.1064e-05  eta: 0:58:30  time: 0.4562  data_time: 0.0123  memory: 15693  grad_norm: 16.3988  loss: 6.0795  loss_heatmap: 2.2909  layer_-1_loss_cls: 0.4200  layer_-1_loss_bbox: 2.7279  matched_ious: 0.0382  aux_depth_loss: 0.6406  sec_per_iter: 0.4768  iters_per_sec: 2.1000  samples_per_sec: 33.5600  samples_per_sec_per_gpu: 8.3900  max_mem_allocated_mb: 607.2000  max_mem_reserved_mb: 21978.0000
04/09 04:27:26 - mmengine - INFO - Epoch(train) [11][2650/5000]  lr: 4.0526e-05  eta: 0:58:07  time: 0.4655  data_time: 0.0111  memory: 15694  grad_norm: 19.7083  loss: 6.2497  loss_heatmap: 2.3269  layer_-1_loss_cls: 0.4171  layer_-1_loss_bbox: 2.8843  matched_ious: 0.0599  aux_depth_loss: 0.6213  sec_per_iter: 0.4764  iters_per_sec: 2.1000  samples_per_sec: 33.5900  samples_per_sec_per_gpu: 8.4000  max_mem_allocated_mb: 607.2000  max_mem_reserved_mb: 21978.0000
04/09 04:27:49 - mmengine - INFO - Epoch(train) [11][2700/5000]  lr: 3.9992e-05  eta: 0:57:43  time: 0.4549  data_time: 0.0120  memory: 15696  grad_norm: 16.8660  loss: 6.2414  loss_heatmap: 2.3298  layer_-1_loss_cls: 0.4212  layer_-1_loss_bbox: 2.8448  matched_ious: 0.0701  aux_depth_loss: 0.6456  sec_per_iter: 0.4762  iters_per_sec: 2.1000  samples_per_sec: 33.6000  samples_per_sec_per_gpu: 8.4000  max_mem_allocated_mb: 607.2000  max_mem_reserved_mb: 21978.0000
04/09 04:28:14 - mmengine - INFO - Epoch(train) [11][2750/5000]  lr: 3.9461e-05  eta: 0:57:19  time: 0.5070  data_time: 0.0120  memory: 15695  grad_norm: 16.7043  loss: 6.2322  loss_heatmap: 2.3107  layer_-1_loss_cls: 0.4268  layer_-1_loss_bbox: 2.8577  matched_ious: 0.1301  aux_depth_loss: 0.6370  sec_per_iter: 0.4758  iters_per_sec: 2.1000  samples_per_sec: 33.6300  samples_per_sec_per_gpu: 8.4100  max_mem_allocated_mb: 607.2000  max_mem_reserved_mb: 21978.0000
04/09 04:28:37 - mmengine - INFO - Epoch(train) [11][2800/5000]  lr: 3.8933e-05  eta: 0:56:56  time: 0.4691  data_time: 0.0164  memory: 15696  grad_norm: 22.4399  loss: 6.1384  loss_heatmap: 2.3053  layer_-1_loss_cls: 0.4168  layer_-1_loss_bbox: 2.7849  matched_ious: 0.0699  aux_depth_loss: 0.6314  sec_per_iter: 0.4764  iters_per_sec: 2.1000  samples_per_sec: 33.5900  samples_per_sec_per_gpu: 8.4000  max_mem_allocated_mb: 607.2000  max_mem_reserved_mb: 21978.0000
04/09 04:29:02 - mmengine - INFO - Epoch(train) [11][2850/5000]  lr: 3.8409e-05  eta: 0:56:32  time: 0.4828  data_time: 0.0122  memory: 15694  grad_norm: 14.7666  loss: 6.1141  loss_heatmap: 2.2944  layer_-1_loss_cls: 0.4247  layer_-1_loss_bbox: 2.7543  matched_ious: 0.1099  aux_depth_loss: 0.6407  sec_per_iter: 0.4762  iters_per_sec: 2.1000  samples_per_sec: 33.6000  samples_per_sec_per_gpu: 8.4000  max_mem_allocated_mb: 607.2000  max_mem_reserved_mb: 21978.0000
04/09 04:29:25 - mmengine - INFO - Epoch(train) [11][2900/5000]  lr: 3.7887e-05  eta: 0:56:08  time: 0.4726  data_time: 0.0120  memory: 15694  grad_norm: 15.8641  loss: 6.1862  loss_heatmap: 2.3057  layer_-1_loss_cls: 0.4198  layer_-1_loss_bbox: 2.8325  matched_ious: 0.0869  aux_depth_loss: 0.6280  sec_per_iter: 0.4763  iters_per_sec: 2.1000  samples_per_sec: 33.5900  samples_per_sec_per_gpu: 8.4000  max_mem_allocated_mb: 607.2000  max_mem_reserved_mb: 21978.0000
04/09 04:29:49 - mmengine - INFO - Epoch(train) [11][2950/5000]  lr: 3.7370e-05  eta: 0:55:44  time: 0.4668  data_time: 0.0117  memory: 15695  grad_norm: 19.8254  loss: 6.3073  loss_heatmap: 2.3377  layer_-1_loss_cls: 0.4234  layer_-1_loss_bbox: 2.9122  matched_ious: 0.0619  aux_depth_loss: 0.6340  sec_per_iter: 0.4763  iters_per_sec: 2.1000  samples_per_sec: 33.5900  samples_per_sec_per_gpu: 8.4000  max_mem_allocated_mb: 607.2000  max_mem_reserved_mb: 21978.0000
04/09 04:30:12 - mmengine - INFO - Exp name: zod_camera_only_20260408_204407
04/09 04:30:12 - mmengine - INFO - Epoch(train) [11][3000/5000]  lr: 3.6855e-05  eta: 0:55:21  time: 0.4646  data_time: 0.0122  memory: 15695  grad_norm: 16.9523  loss: 6.2054  loss_heatmap: 2.3091  layer_-1_loss_cls: 0.4213  layer_-1_loss_bbox: 2.8415  matched_ious: 0.0688  aux_depth_loss: 0.6335  sec_per_iter: 0.4761  iters_per_sec: 2.1000  samples_per_sec: 33.6000  samples_per_sec_per_gpu: 8.4000  max_mem_allocated_mb: 607.2000  max_mem_reserved_mb: 21978.0000
04/09 04:30:37 - mmengine - INFO - Epoch(train) [11][3050/5000]  lr: 3.6343e-05  eta: 0:54:57  time: 0.5073  data_time: 0.0117  memory: 15694  grad_norm: 18.0779  loss: 6.1642  loss_heatmap: 2.2983  layer_-1_loss_cls: 0.4142  layer_-1_loss_bbox: 2.8278  matched_ious: 0.1159  aux_depth_loss: 0.6239  sec_per_iter: 0.4759  iters_per_sec: 2.1000  samples_per_sec: 33.6200  samples_per_sec_per_gpu: 8.4000  max_mem_allocated_mb: 607.2000  max_mem_reserved_mb: 21978.0000
04/09 04:31:01 - mmengine - INFO - Epoch(train) [11][3100/5000]  lr: 3.5835e-05  eta: 0:54:33  time: 0.4722  data_time: 0.0125  memory: 15694  grad_norm: 18.7408  loss: 6.1431  loss_heatmap: 2.3283  layer_-1_loss_cls: 0.4294  layer_-1_loss_bbox: 2.7498  matched_ious: 0.0850  aux_depth_loss: 0.6356  sec_per_iter: 0.4765  iters_per_sec: 2.1000  samples_per_sec: 33.5800  samples_per_sec_per_gpu: 8.4000  max_mem_allocated_mb: 607.2000  max_mem_reserved_mb: 21978.0000
04/09 04:31:25 - mmengine - INFO - Epoch(train) [11][3150/5000]  lr: 3.5331e-05  eta: 0:54:10  time: 0.4749  data_time: 0.0116  memory: 15697  grad_norm: 15.0361  loss: 6.2544  loss_heatmap: 2.3558  layer_-1_loss_cls: 0.4211  layer_-1_loss_bbox: 2.8473  matched_ious: 0.1058  aux_depth_loss: 0.6302  sec_per_iter: 0.4764  iters_per_sec: 2.1000  samples_per_sec: 33.5900  samples_per_sec_per_gpu: 8.4000  max_mem_allocated_mb: 607.2000  max_mem_reserved_mb: 21978.0000
04/09 04:31:49 - mmengine - INFO - Epoch(train) [11][3200/5000]  lr: 3.4829e-05  eta: 0:53:46  time: 0.4835  data_time: 0.0116  memory: 15695  grad_norm: 15.0712  loss: 6.2534  loss_heatmap: 2.3289  layer_-1_loss_cls: 0.4226  layer_-1_loss_bbox: 2.8788  matched_ious: 0.0739  aux_depth_loss: 0.6231  sec_per_iter: 0.4764  iters_per_sec: 2.1000  samples_per_sec: 33.5900  samples_per_sec_per_gpu: 8.4000  max_mem_allocated_mb: 607.2000  max_mem_reserved_mb: 21978.0000
04/09 04:32:13 - mmengine - INFO - Epoch(train) [11][3250/5000]  lr: 3.4331e-05  eta: 0:53:22  time: 0.4946  data_time: 0.0127  memory: 15699  grad_norm: 23.6938  loss: 6.2874  loss_heatmap: 2.3318  layer_-1_loss_cls: 0.4179  layer_-1_loss_bbox: 2.8956  matched_ious: 0.1011  aux_depth_loss: 0.6421  sec_per_iter: 0.4765  iters_per_sec: 2.1000  samples_per_sec: 33.5800  samples_per_sec_per_gpu: 8.3900  max_mem_allocated_mb: 607.2000  max_mem_reserved_mb: 21978.0000
04/09 04:32:37 - mmengine - INFO - Epoch(train) [11][3300/5000]  lr: 3.3836e-05  eta: 0:52:59  time: 0.4675  data_time: 0.0117  memory: 15693  grad_norm: inf  loss: 6.1127  loss_heatmap: 2.3035  layer_-1_loss_cls: 0.4222  layer_-1_loss_bbox: 2.7412  matched_ious: 0.1103  aux_depth_loss: 0.6457  sec_per_iter: 0.4768  iters_per_sec: 2.1000  samples_per_sec: 33.5600  samples_per_sec_per_gpu: 8.3900  max_mem_allocated_mb: 607.2000  max_mem_reserved_mb: 21978.0000
04/09 04:33:01 - mmengine - INFO - Epoch(train) [11][3350/5000]  lr: 3.3345e-05  eta: 0:52:35  time: 0.4797  data_time: 0.0118  memory: 15695  grad_norm: 23.4056  loss: 6.2540  loss_heatmap: 2.3364  layer_-1_loss_cls: 0.4252  layer_-1_loss_bbox: 2.8571  matched_ious: 0.0920  aux_depth_loss: 0.6352  sec_per_iter: 0.4766  iters_per_sec: 2.1000  samples_per_sec: 33.5700  samples_per_sec_per_gpu: 8.3900  max_mem_allocated_mb: 607.2000  max_mem_reserved_mb: 21978.0000
04/09 04:33:25 - mmengine - INFO - Epoch(train) [11][3400/5000]  lr: 3.2857e-05  eta: 0:52:11  time: 0.4813  data_time: 0.0113  memory: 15694  grad_norm: 21.9878  loss: 6.1646  loss_heatmap: 2.3362  layer_-1_loss_cls: 0.4218  layer_-1_loss_bbox: 2.7636  matched_ious: 0.1245  aux_depth_loss: 0.6429  sec_per_iter: 0.4767  iters_per_sec: 2.1000  samples_per_sec: 33.5700  samples_per_sec_per_gpu: 8.3900  max_mem_allocated_mb: 607.2000  max_mem_reserved_mb: 21978.0000
04/09 04:33:48 - mmengine - INFO - Epoch(train) [11][3450/5000]  lr: 3.2372e-05  eta: 0:51:47  time: 0.4656  data_time: 0.0128  memory: 15694  grad_norm: 32.1206  loss: 6.2445  loss_heatmap: 2.3363  layer_-1_loss_cls: 0.4205  layer_-1_loss_bbox: 2.8574  matched_ious: 0.1419  aux_depth_loss: 0.6302  sec_per_iter: 0.4767  iters_per_sec: 2.1000  samples_per_sec: 33.5600  samples_per_sec_per_gpu: 8.3900  max_mem_allocated_mb: 607.2000  max_mem_reserved_mb: 21978.0000
04/09 04:34:11 - mmengine - INFO - Epoch(train) [11][3500/5000]  lr: 3.1890e-05  eta: 0:51:24  time: 0.4597  data_time: 0.0118  memory: 15694  grad_norm: 15.9413  loss: 6.0460  loss_heatmap: 2.2680  layer_-1_loss_cls: 0.4178  layer_-1_loss_bbox: 2.7350  matched_ious: 0.1523  aux_depth_loss: 0.6252  sec_per_iter: 0.4766  iters_per_sec: 2.1000  samples_per_sec: 33.5700  samples_per_sec_per_gpu: 8.3900  max_mem_allocated_mb: 607.2000  max_mem_reserved_mb: 21978.0000
04/09 04:34:35 - mmengine - INFO - Epoch(train) [11][3550/5000]  lr: 3.1412e-05  eta: 0:51:00  time: 0.4836  data_time: 0.0118  memory: 15695  grad_norm: 23.1752  loss: 6.0937  loss_heatmap: 2.3076  layer_-1_loss_cls: 0.4274  layer_-1_loss_bbox: 2.7332  matched_ious: 0.0865  aux_depth_loss: 0.6255  sec_per_iter: 0.4763  iters_per_sec: 2.1000  samples_per_sec: 33.5900  samples_per_sec_per_gpu: 8.4000  max_mem_allocated_mb: 607.2000  max_mem_reserved_mb: 21978.0000
04/09 04:34:58 - mmengine - INFO - Epoch(train) [11][3600/5000]  lr: 3.0937e-05  eta: 0:50:36  time: 0.4556  data_time: 0.0128  memory: 15695  grad_norm: 56.8904  loss: 6.0322  loss_heatmap: 2.2984  layer_-1_loss_cls: 0.4241  layer_-1_loss_bbox: 2.6778  matched_ious: 0.0770  aux_depth_loss: 0.6319  sec_per_iter: 0.4764  iters_per_sec: 2.1000  samples_per_sec: 33.5800  samples_per_sec_per_gpu: 8.4000  max_mem_allocated_mb: 607.2000  max_mem_reserved_mb: 21978.0000
04/09 04:35:21 - mmengine - INFO - Epoch(train) [11][3650/5000]  lr: 3.0466e-05  eta: 0:50:12  time: 0.4544  data_time: 0.0117  memory: 15694  grad_norm: 20.3287  loss: 6.2216  loss_heatmap: 2.3302  layer_-1_loss_cls: 0.4209  layer_-1_loss_bbox: 2.8435  matched_ious: 0.0952  aux_depth_loss: 0.6270  sec_per_iter: 0.4761  iters_per_sec: 2.1000  samples_per_sec: 33.6000  samples_per_sec_per_gpu: 8.4000  max_mem_allocated_mb: 607.2000  max_mem_reserved_mb: 21978.0000
04/09 04:35:44 - mmengine - INFO - Epoch(train) [11][3700/5000]  lr: 2.9998e-05  eta: 0:49:48  time: 0.4562  data_time: 0.0124  memory: 15696  grad_norm: 19.1768  loss: 6.1918  loss_heatmap: 2.3229  layer_-1_loss_cls: 0.4223  layer_-1_loss_bbox: 2.8063  matched_ious: 0.1101  aux_depth_loss: 0.6403  sec_per_iter: 0.4759  iters_per_sec: 2.1000  samples_per_sec: 33.6200  samples_per_sec_per_gpu: 8.4100  max_mem_allocated_mb: 607.2000  max_mem_reserved_mb: 21978.0000
04/09 04:36:08 - mmengine - INFO - Epoch(train) [11][3750/5000]  lr: 2.9534e-05  eta: 0:49:25  time: 0.4866  data_time: 0.0132  memory: 15694  grad_norm: 24.5122  loss: 6.2868  loss_heatmap: 2.3229  layer_-1_loss_cls: 0.4247  layer_-1_loss_bbox: 2.8976  matched_ious: 0.0661  aux_depth_loss: 0.6416  sec_per_iter: 0.4756  iters_per_sec: 2.1000  samples_per_sec: 33.6400  samples_per_sec_per_gpu: 8.4100  max_mem_allocated_mb: 607.2000  max_mem_reserved_mb: 21978.0000
04/09 04:36:32 - mmengine - INFO - Epoch(train) [11][3800/5000]  lr: 2.9072e-05  eta: 0:49:01  time: 0.4775  data_time: 0.0116  memory: 15695  grad_norm: 31.5928  loss: 6.1586  loss_heatmap: 2.3012  layer_-1_loss_cls: 0.4151  layer_-1_loss_bbox: 2.8062  matched_ious: 0.0730  aux_depth_loss: 0.6360  sec_per_iter: 0.4757  iters_per_sec: 2.1000  samples_per_sec: 33.6300  samples_per_sec_per_gpu: 8.4100  max_mem_allocated_mb: 607.2000  max_mem_reserved_mb: 21978.0000
04/09 04:36:54 - mmengine - INFO - Epoch(train) [11][3850/5000]  lr: 2.8615e-05  eta: 0:48:37  time: 0.4496  data_time: 0.0122  memory: 15696  grad_norm: 26.9120  loss: 6.3860  loss_heatmap: 2.3406  layer_-1_loss_cls: 0.4115  layer_-1_loss_bbox: 3.0076  matched_ious: 0.1124  aux_depth_loss: 0.6262  sec_per_iter: 0.4758  iters_per_sec: 2.1000  samples_per_sec: 33.6300  samples_per_sec_per_gpu: 8.4100  max_mem_allocated_mb: 607.2000  max_mem_reserved_mb: 21978.0000
04/09 04:37:17 - mmengine - INFO - Epoch(train) [11][3900/5000]  lr: 2.8160e-05  eta: 0:48:13  time: 0.4611  data_time: 0.0114  memory: 15695  grad_norm: 21.5141  loss: 6.1735  loss_heatmap: 2.3218  layer_-1_loss_cls: 0.4239  layer_-1_loss_bbox: 2.7951  matched_ious: 0.0753  aux_depth_loss: 0.6328  sec_per_iter: 0.4754  iters_per_sec: 2.1000  samples_per_sec: 33.6500  samples_per_sec_per_gpu: 8.4100  max_mem_allocated_mb: 607.2000  max_mem_reserved_mb: 21978.0000
04/09 04:37:41 - mmengine - INFO - Epoch(train) [11][3950/5000]  lr: 2.7709e-05  eta: 0:47:50  time: 0.4681  data_time: 0.0112  memory: 15694  grad_norm: 19.0335  loss: 6.1832  loss_heatmap: 2.2831  layer_-1_loss_cls: 0.4163  layer_-1_loss_bbox: 2.8599  matched_ious: 0.1273  aux_depth_loss: 0.6239  sec_per_iter: 0.4752  iters_per_sec: 2.1000  samples_per_sec: 33.6700  samples_per_sec_per_gpu: 8.4200  max_mem_allocated_mb: 607.2000  max_mem_reserved_mb: 21978.0000
04/09 04:38:03 - mmengine - INFO - Exp name: zod_camera_only_20260408_204407
04/09 04:38:03 - mmengine - INFO - Epoch(train) [11][4000/5000]  lr: 2.7262e-05  eta: 0:47:26  time: 0.4510  data_time: 0.0121  memory: 15695  grad_norm: 17.7207  loss: 6.2376  loss_heatmap: 2.3272  layer_-1_loss_cls: 0.4156  layer_-1_loss_bbox: 2.8600  matched_ious: 0.1267  aux_depth_loss: 0.6347  sec_per_iter: 0.4751  iters_per_sec: 2.1000  samples_per_sec: 33.6700  samples_per_sec_per_gpu: 8.4200  max_mem_allocated_mb: 607.2000  max_mem_reserved_mb: 21978.0000
04/09 04:38:26 - mmengine - INFO - Epoch(train) [11][4050/5000]  lr: 2.6818e-05  eta: 0:47:02  time: 0.4609  data_time: 0.0116  memory: 15694  grad_norm: 20.2817  loss: 6.3632  loss_heatmap: 2.3655  layer_-1_loss_cls: 0.4166  layer_-1_loss_bbox: 2.9370  matched_ious: 0.0950  aux_depth_loss: 0.6440  sec_per_iter: 0.4748  iters_per_sec: 2.1100  samples_per_sec: 33.7000  samples_per_sec_per_gpu: 8.4200  max_mem_allocated_mb: 607.2000  max_mem_reserved_mb: 21978.0000
04/09 04:38:51 - mmengine - INFO - Epoch(train) [11][4100/5000]  lr: 2.6377e-05  eta: 0:46:38  time: 0.5003  data_time: 0.0122  memory: 15697  grad_norm: 21.4558  loss: 6.0888  loss_heatmap: 2.2936  layer_-1_loss_cls: 0.4176  layer_-1_loss_bbox: 2.7621  matched_ious: 0.0743  aux_depth_loss: 0.6155  sec_per_iter: 0.4747  iters_per_sec: 2.1100  samples_per_sec: 33.7100  samples_per_sec_per_gpu: 8.4300  max_mem_allocated_mb: 607.2000  max_mem_reserved_mb: 21978.0000
04/09 04:39:15 - mmengine - INFO - Epoch(train) [11][4150/5000]  lr: 2.5940e-05  eta: 0:46:15  time: 0.4615  data_time: 0.0113  memory: 15695  grad_norm: 18.4811  loss: 6.1863  loss_heatmap: 2.3302  layer_-1_loss_cls: 0.4227  layer_-1_loss_bbox: 2.7937  matched_ious: 0.0978  aux_depth_loss: 0.6397  sec_per_iter: 0.4750  iters_per_sec: 2.1100  samples_per_sec: 33.6900  samples_per_sec_per_gpu: 8.4200  max_mem_allocated_mb: 607.2000  max_mem_reserved_mb: 21978.0000
04/09 04:39:38 - mmengine - INFO - Epoch(train) [11][4200/5000]  lr: 2.5506e-05  eta: 0:45:51  time: 0.4736  data_time: 0.0115  memory: 15695  grad_norm: 16.7166  loss: 6.2531  loss_heatmap: 2.3540  layer_-1_loss_cls: 0.4152  layer_-1_loss_bbox: 2.8492  matched_ious: 0.0389  aux_depth_loss: 0.6347  sec_per_iter: 0.4748  iters_per_sec: 2.1100  samples_per_sec: 33.7000  samples_per_sec_per_gpu: 8.4200  max_mem_allocated_mb: 607.2000  max_mem_reserved_mb: 21978.0000
04/09 04:40:01 - mmengine - INFO - Epoch(train) [11][4250/5000]  lr: 2.5076e-05  eta: 0:45:27  time: 0.4637  data_time: 0.0117  memory: 15694  grad_norm: 21.2490  loss: 6.1045  loss_heatmap: 2.2853  layer_-1_loss_cls: 0.4131  layer_-1_loss_bbox: 2.7800  matched_ious: 0.0667  aux_depth_loss: 0.6261  sec_per_iter: 0.4748  iters_per_sec: 2.1100  samples_per_sec: 33.7000  samples_per_sec_per_gpu: 8.4200  max_mem_allocated_mb: 607.2000  max_mem_reserved_mb: 21978.0000
04/09 04:40:24 - mmengine - INFO - Epoch(train) [11][4300/5000]  lr: 2.4649e-05  eta: 0:45:03  time: 0.4530  data_time: 0.0116  memory: 15694  grad_norm: nan  loss: 6.1675  loss_heatmap: 2.3302  layer_-1_loss_cls: 0.4215  layer_-1_loss_bbox: 2.7937  matched_ious: 0.0944  aux_depth_loss: 0.6221  sec_per_iter: 0.4747  iters_per_sec: 2.1100  samples_per_sec: 33.7100  samples_per_sec_per_gpu: 8.4300  max_mem_allocated_mb: 607.2000  max_mem_reserved_mb: 21978.0000
04/09 04:40:48 - mmengine - INFO - Epoch(train) [11][4350/5000]  lr: 2.4226e-05  eta: 0:44:40  time: 0.4873  data_time: 0.0121  memory: 15695  grad_norm: 17.9868  loss: 6.2671  loss_heatmap: 2.3275  layer_-1_loss_cls: 0.4088  layer_-1_loss_bbox: 2.8940  matched_ious: 0.0869  aux_depth_loss: 0.6368  sec_per_iter: 0.4744  iters_per_sec: 2.1100  samples_per_sec: 33.7200  samples_per_sec_per_gpu: 8.4300  max_mem_allocated_mb: 607.2000  max_mem_reserved_mb: 21978.0000
04/09 04:41:12 - mmengine - INFO - Epoch(train) [11][4400/5000]  lr: 2.3806e-05  eta: 0:44:16  time: 0.4814  data_time: 0.0136  memory: 15696  grad_norm: 20.8285  loss: 6.2205  loss_heatmap: 2.3044  layer_-1_loss_cls: 0.4263  layer_-1_loss_bbox: 2.8630  matched_ious: 0.1276  aux_depth_loss: 0.6268  sec_per_iter: 0.4746  iters_per_sec: 2.1100  samples_per_sec: 33.7100  samples_per_sec_per_gpu: 8.4300  max_mem_allocated_mb: 607.2000  max_mem_reserved_mb: 21978.0000
04/09 04:41:36 - mmengine - INFO - Epoch(train) [11][4450/5000]  lr: 2.3390e-05  eta: 0:43:52  time: 0.4657  data_time: 0.0139  memory: 15693  grad_norm: 16.7583  loss: 6.1757  loss_heatmap: 2.3211  layer_-1_loss_cls: 0.4209  layer_-1_loss_bbox: 2.8107  matched_ious: 0.1262  aux_depth_loss: 0.6230  sec_per_iter: 0.4747  iters_per_sec: 2.1100  samples_per_sec: 33.7100  samples_per_sec_per_gpu: 8.4300  max_mem_allocated_mb: 607.2000  max_mem_reserved_mb: 21978.0000
04/09 04:41:59 - mmengine - INFO - Epoch(train) [11][4500/5000]  lr: 2.2977e-05  eta: 0:43:28  time: 0.4674  data_time: 0.0133  memory: 15696  grad_norm: 23.2131  loss: 6.1766  loss_heatmap: 2.3005  layer_-1_loss_cls: 0.4198  layer_-1_loss_bbox: 2.8345  matched_ious: 0.0879  aux_depth_loss: 0.6219  sec_per_iter: 0.4746  iters_per_sec: 2.1100  samples_per_sec: 33.7200  samples_per_sec_per_gpu: 8.4300  max_mem_allocated_mb: 607.2000  max_mem_reserved_mb: 21978.0000
04/09 04:42:24 - mmengine - INFO - Epoch(train) [11][4550/5000]  lr: 2.2568e-05  eta: 0:43:05  time: 0.4998  data_time: 0.0117  memory: 15697  grad_norm: 22.6810  loss: 6.1934  loss_heatmap: 2.3197  layer_-1_loss_cls: 0.4233  layer_-1_loss_bbox: 2.8185  matched_ious: 0.0944  aux_depth_loss: 0.6318  sec_per_iter: 0.4745  iters_per_sec: 2.1100  samples_per_sec: 33.7200  samples_per_sec_per_gpu: 8.4300  max_mem_allocated_mb: 607.2000  max_mem_reserved_mb: 21978.0000
04/09 04:42:48 - mmengine - INFO - Epoch(train) [11][4600/5000]  lr: 2.2162e-05  eta: 0:42:41  time: 0.4782  data_time: 0.0126  memory: 15696  grad_norm: 22.6994  loss: 6.0542  loss_heatmap: 2.2709  layer_-1_loss_cls: 0.4238  layer_-1_loss_bbox: 2.7434  matched_ious: 0.1186  aux_depth_loss: 0.6162  sec_per_iter: 0.4748  iters_per_sec: 2.1100  samples_per_sec: 33.7000  samples_per_sec_per_gpu: 8.4300  max_mem_allocated_mb: 607.2000  max_mem_reserved_mb: 21978.0000
04/09 04:43:13 - mmengine - INFO - Epoch(train) [11][4650/5000]  lr: 2.1760e-05  eta: 0:42:18  time: 0.4942  data_time: 0.0133  memory: 15697  grad_norm: 21.1603  loss: 6.0981  loss_heatmap: 2.2782  layer_-1_loss_cls: 0.4140  layer_-1_loss_bbox: 2.7898  matched_ious: 0.1314  aux_depth_loss: 0.6162  sec_per_iter: 0.4748  iters_per_sec: 2.1100  samples_per_sec: 33.7000  samples_per_sec_per_gpu: 8.4200  max_mem_allocated_mb: 607.2000  max_mem_reserved_mb: 21978.0000
04/09 04:43:36 - mmengine - INFO - Epoch(train) [11][4700/5000]  lr: 2.1361e-05  eta: 0:41:54  time: 0.4625  data_time: 0.0121  memory: 15697  grad_norm: 24.9028  loss: 6.2178  loss_heatmap: 2.2931  layer_-1_loss_cls: 0.4076  layer_-1_loss_bbox: 2.8833  matched_ious: 0.0778  aux_depth_loss: 0.6339  sec_per_iter: 0.4750  iters_per_sec: 2.1100  samples_per_sec: 33.6800  samples_per_sec_per_gpu: 8.4200  max_mem_allocated_mb: 607.2000  max_mem_reserved_mb: 21978.0000
04/09 04:43:58 - mmengine - INFO - Epoch(train) [11][4750/5000]  lr: 2.0966e-05  eta: 0:41:30  time: 0.4516  data_time: 0.0114  memory: 15693  grad_norm: 19.7525  loss: 6.3202  loss_heatmap: 2.3390  layer_-1_loss_cls: 0.4209  layer_-1_loss_bbox: 2.9222  matched_ious: 0.0704  aux_depth_loss: 0.6380  sec_per_iter: 0.4749  iters_per_sec: 2.1100  samples_per_sec: 33.6900  samples_per_sec_per_gpu: 8.4200  max_mem_allocated_mb: 607.2000  max_mem_reserved_mb: 21978.0000
04/09 04:44:22 - mmengine - INFO - Epoch(train) [11][4800/5000]  lr: 2.0574e-05  eta: 0:41:06  time: 0.4632  data_time: 0.0110  memory: 15693  grad_norm: 24.9881  loss: 6.2775  loss_heatmap: 2.3391  layer_-1_loss_cls: 0.4199  layer_-1_loss_bbox: 2.8793  matched_ious: 0.0657  aux_depth_loss: 0.6392  sec_per_iter: 0.4746  iters_per_sec: 2.1100  samples_per_sec: 33.7100  samples_per_sec_per_gpu: 8.4300  max_mem_allocated_mb: 607.2000  max_mem_reserved_mb: 21978.0000
04/09 04:44:46 - mmengine - INFO - Epoch(train) [11][4850/5000]  lr: 2.0186e-05  eta: 0:40:43  time: 0.4914  data_time: 0.0115  memory: 15694  grad_norm: 22.0083  loss: 6.1116  loss_heatmap: 2.2822  layer_-1_loss_cls: 0.4193  layer_-1_loss_bbox: 2.7865  matched_ious: 0.0767  aux_depth_loss: 0.6235  sec_per_iter: 0.4745  iters_per_sec: 2.1100  samples_per_sec: 33.7200  samples_per_sec_per_gpu: 8.4300  max_mem_allocated_mb: 607.2000  max_mem_reserved_mb: 21978.0000
04/09 04:45:10 - mmengine - INFO - Epoch(train) [11][4900/5000]  lr: 1.9801e-05  eta: 0:40:19  time: 0.4780  data_time: 0.0120  memory: 15695  grad_norm: 24.0791  loss: 5.9389  loss_heatmap: 2.2464  layer_-1_loss_cls: 0.4191  layer_-1_loss_bbox: 2.6489  matched_ious: 0.1298  aux_depth_loss: 0.6246  sec_per_iter: 0.4747  iters_per_sec: 2.1100  samples_per_sec: 33.7100  samples_per_sec_per_gpu: 8.4300  max_mem_allocated_mb: 607.2000  max_mem_reserved_mb: 21978.0000
04/09 04:45:35 - mmengine - INFO - Epoch(train) [11][4950/5000]  lr: 1.9420e-05  eta: 0:39:55  time: 0.5034  data_time: 0.0132  memory: 15694  grad_norm: 20.0131  loss: 6.2046  loss_heatmap: 2.3162  layer_-1_loss_cls: 0.4213  layer_-1_loss_bbox: 2.8303  matched_ious: 0.0982  aux_depth_loss: 0.6366  sec_per_iter: 0.4747  iters_per_sec: 2.1100  samples_per_sec: 33.7000  samples_per_sec_per_gpu: 8.4300  max_mem_allocated_mb: 607.2000  max_mem_reserved_mb: 21978.0000
04/09 04:46:00 - mmengine - INFO - Exp name: zod_camera_only_20260408_204407
04/09 04:46:00 - mmengine - INFO - Epoch(train) [11][5000/5000]  lr: 1.9042e-05  eta: 0:39:32  time: 0.4866  data_time: 0.0128  memory: 15693  grad_norm: 25.1098  loss: 6.1728  loss_heatmap: 2.3037  layer_-1_loss_cls: 0.4122  layer_-1_loss_bbox: 2.8282  matched_ious: 0.1271  aux_depth_loss: 0.6287  sec_per_iter: 0.4750  iters_per_sec: 2.1100  samples_per_sec: 33.6800  samples_per_sec_per_gpu: 8.4200  max_mem_allocated_mb: 607.2000  max_mem_reserved_mb: 21978.0000
04/09 04:46:00 - mmengine - INFO - [Efficiency] Epoch 11: wall=2375.6s  iters=5000  sec/iter=0.475  mem_alloc=607MB  mem_rsv=21978MB
04/09 04:46:07 - mmengine - INFO - Epoch(val) [11][  50/1250]    eta: 0:02:45  time: 0.1376  data_time: 0.0106  memory: 4720  
04/09 04:46:13 - mmengine - INFO - Epoch(val) [11][ 100/1250]    eta: 0:02:30  time: 0.1248  data_time: 0.0051  memory: 4725  
04/09 04:46:19 - mmengine - INFO - Epoch(val) [11][ 150/1250]    eta: 0:02:23  time: 0.1301  data_time: 0.0060  memory: 4729  
04/09 04:46:26 - mmengine - INFO - Epoch(val) [11][ 200/1250]    eta: 0:02:15  time: 0.1254  data_time: 0.0057  memory: 4726  
04/09 04:46:32 - mmengine - INFO - Epoch(val) [11][ 250/1250]    eta: 0:02:09  time: 0.1294  data_time: 0.0053  memory: 4716  
04/09 04:46:38 - mmengine - INFO - Epoch(val) [11][ 300/1250]    eta: 0:02:02  time: 0.1240  data_time: 0.0057  memory: 4723  
04/09 04:46:45 - mmengine - INFO - Epoch(val) [11][ 350/1250]    eta: 0:01:56  time: 0.1320  data_time: 0.0056  memory: 4726  
04/09 04:46:51 - mmengine - INFO - Epoch(val) [11][ 400/1250]    eta: 0:01:49  time: 0.1269  data_time: 0.0055  memory: 4716  
04/09 04:46:58 - mmengine - INFO - Epoch(val) [11][ 450/1250]    eta: 0:01:42  time: 0.1267  data_time: 0.0054  memory: 4719  
04/09 04:47:04 - mmengine - INFO - Epoch(val) [11][ 500/1250]    eta: 0:01:36  time: 0.1236  data_time: 0.0053  memory: 4719  
04/09 04:47:10 - mmengine - INFO - Epoch(val) [11][ 550/1250]    eta: 0:01:29  time: 0.1273  data_time: 0.0058  memory: 4719  
04/09 04:47:16 - mmengine - INFO - Epoch(val) [11][ 600/1250]    eta: 0:01:23  time: 0.1247  data_time: 0.0052  memory: 4723  
04/09 04:47:23 - mmengine - INFO - Epoch(val) [11][ 650/1250]    eta: 0:01:16  time: 0.1281  data_time: 0.0061  memory: 4723  
04/09 04:47:29 - mmengine - INFO - Epoch(val) [11][ 700/1250]    eta: 0:01:10  time: 0.1277  data_time: 0.0054  memory: 4720  
04/09 04:47:36 - mmengine - INFO - Epoch(val) [11][ 750/1250]    eta: 0:01:03  time: 0.1289  data_time: 0.0052  memory: 4722  
04/09 04:47:42 - mmengine - INFO - Epoch(val) [11][ 800/1250]    eta: 0:00:57  time: 0.1248  data_time: 0.0054  memory: 4717  
04/09 04:47:48 - mmengine - INFO - Epoch(val) [11][ 850/1250]    eta: 0:00:50  time: 0.1232  data_time: 0.0051  memory: 4722  
04/09 04:47:55 - mmengine - INFO - Epoch(val) [11][ 900/1250]    eta: 0:00:44  time: 0.1306  data_time: 0.0073  memory: 4726  
04/09 04:48:01 - mmengine - INFO - Epoch(val) [11][ 950/1250]    eta: 0:00:38  time: 0.1296  data_time: 0.0057  memory: 4723  
04/09 04:48:07 - mmengine - INFO - Epoch(val) [11][1000/1250]    eta: 0:00:31  time: 0.1257  data_time: 0.0053  memory: 4726  
04/09 04:48:14 - mmengine - INFO - Epoch(val) [11][1050/1250]    eta: 0:00:25  time: 0.1260  data_time: 0.0055  memory: 4726  
04/09 04:48:20 - mmengine - INFO - Epoch(val) [11][1100/1250]    eta: 0:00:19  time: 0.1280  data_time: 0.0056  memory: 4726  
04/09 04:48:26 - mmengine - INFO - Epoch(val) [11][1150/1250]    eta: 0:00:12  time: 0.1234  data_time: 0.0053  memory: 4721  
04/09 04:48:33 - mmengine - INFO - Epoch(val) [11][1200/1250]    eta: 0:00:06  time: 0.1280  data_time: 0.0059  memory: 4719  
04/09 04:48:39 - mmengine - INFO - Epoch(val) [11][1250/1250]    eta: 0:00:00  time: 0.1274  data_time: 0.0056  memory: 4723  
04/09 04:49:54 - mmengine - INFO - 
+------------+---------+---------+---------+---------+
| classes    | AP_0.25 | AR_0.25 | AP_0.50 | AR_0.50 |
+------------+---------+---------+---------+---------+
| pedestrian | 0.0223  | 0.1946  | 0.0007  | 0.0263  |
+------------+---------+---------+---------+---------+
| Overall    | 0.0223  | 0.1946  | 0.0007  | 0.0263  |
+------------+---------+---------+---------+---------+
04/09 04:50:23 - mmengine - INFO - 
+------------+---------+---------+---------+---------+---------+---------+---------+---------+
| classes    | AP_0.5m | AR_0.5m | AP_1.0m | AR_1.0m | AP_2.0m | AR_2.0m | AP_4.0m | AR_4.0m |
+------------+---------+---------+---------+---------+---------+---------+---------+---------+
| pedestrian | 0.0525  | 0.3186  | 0.0704  | 0.3709  | 0.0757  | 0.4036  | 0.0812  | 0.4378  |
+------------+---------+---------+---------+---------+---------+---------+---------+---------+
| Overall    | 0.0525  | 0.3186  | 0.0704  | 0.3709  | 0.0757  | 0.4036  | 0.0812  | 0.4378  |
+------------+---------+---------+---------+---------+---------+---------+---------+---------+
04/09 04:50:24 - mmengine - INFO - Epoch(val) [11][1250/1250]    pedestrian_AP_0.25: 0.0223  mAP_0.25: 0.0223  pedestrian_rec_0.25: 0.1946  mAR_0.25: 0.1946  pedestrian_AP_0.50: 0.0007  mAP_0.50: 0.0007  pedestrian_rec_0.50: 0.0263  mAR_0.50: 0.0263  pedestrian_AP_0.5m: 0.0525  pedestrian_rec_0.5m: 0.3186  pedestrian_AP_1.0m: 0.0704  pedestrian_rec_1.0m: 0.3709  pedestrian_AP_2.0m: 0.0757  pedestrian_rec_2.0m: 0.4036  pedestrian_AP_4.0m: 0.0812  pedestrian_rec_4.0m: 0.4378  mAP_0.5m: 0.0525  mAR_0.5m: 0.3186  mAP_1.0m: 0.0704  mAR_1.0m: 0.3709  mAP_2.0m: 0.0757  mAR_2.0m: 0.4036  mAP_4.0m: 0.0812  mAR_4.0m: 0.4378  data_time: 0.0058  time: 0.1273
04/09 04:50:54 - mmengine - INFO - Epoch(train) [12][  50/5000]  lr: 1.8668e-05  eta: 0:39:08  time: 0.5870  data_time: 0.0352  memory: 15696  grad_norm: 19.5816  loss: 6.2277  loss_heatmap: 2.3262  layer_-1_loss_cls: 0.4132  layer_-1_loss_bbox: 2.8584  matched_ious: 0.0640  aux_depth_loss: 0.6299  sec_per_iter: 0.4751  iters_per_sec: 2.1000  samples_per_sec: 33.6800  samples_per_sec_per_gpu: 8.4200  max_mem_allocated_mb: 607.2000  max_mem_reserved_mb: 21978.0000
04/09 04:51:18 - mmengine - INFO - Epoch(train) [12][ 100/5000]  lr: 1.8298e-05  eta: 0:38:45  time: 0.4746  data_time: 0.0128  memory: 15694  grad_norm: 20.2693  loss: 6.0879  loss_heatmap: 2.2789  layer_-1_loss_cls: 0.4225  layer_-1_loss_bbox: 2.7671  matched_ious: 0.0783  aux_depth_loss: 0.6193  sec_per_iter: 0.5878  iters_per_sec: 1.7000  samples_per_sec: 27.2200  samples_per_sec_per_gpu: 6.8100  max_mem_allocated_mb: 607.2000  max_mem_reserved_mb: 21978.0000
04/09 04:51:41 - mmengine - INFO - Epoch(train) [12][ 150/5000]  lr: 1.7931e-05  eta: 0:38:21  time: 0.4590  data_time: 0.0111  memory: 15694  grad_norm: 27.7301  loss: 6.0962  loss_heatmap: 2.2532  layer_-1_loss_cls: 0.4151  layer_-1_loss_bbox: 2.7987  matched_ious: 0.0559  aux_depth_loss: 0.6292  sec_per_iter: 0.5311  iters_per_sec: 1.8800  samples_per_sec: 30.1300  samples_per_sec_per_gpu: 7.5300  max_mem_allocated_mb: 607.2000  max_mem_reserved_mb: 21978.0000
04/09 04:52:06 - mmengine - INFO - Epoch(train) [12][ 200/5000]  lr: 1.7568e-05  eta: 0:37:57  time: 0.5106  data_time: 0.0110  memory: 15693  grad_norm: 25.4686  loss: 6.2683  loss_heatmap: 2.3284  layer_-1_loss_cls: 0.4148  layer_-1_loss_bbox: 2.8854  matched_ious: 0.0955  aux_depth_loss: 0.6396  sec_per_iter: 0.5071  iters_per_sec: 1.9700  samples_per_sec: 31.5500  samples_per_sec_per_gpu: 7.8900  max_mem_allocated_mb: 607.2000  max_mem_reserved_mb: 21978.0000
04/09 04:52:29 - mmengine - INFO - Epoch(train) [12][ 250/5000]  lr: 1.7208e-05  eta: 0:37:33  time: 0.4550  data_time: 0.0111  memory: 15695  grad_norm: 27.2195  loss: 6.1292  loss_heatmap: 2.2737  layer_-1_loss_cls: 0.4172  layer_-1_loss_bbox: 2.8033  matched_ious: 0.0630  aux_depth_loss: 0.6349  sec_per_iter: 0.5080  iters_per_sec: 1.9700  samples_per_sec: 31.4900  samples_per_sec_per_gpu: 7.8700  max_mem_allocated_mb: 607.2000  max_mem_reserved_mb: 21978.0000
04/09 04:52:52 - mmengine - INFO - Epoch(train) [12][ 300/5000]  lr: 1.6852e-05  eta: 0:37:10  time: 0.4622  data_time: 0.0123  memory: 15696  grad_norm: 29.2474  loss: 6.0727  loss_heatmap: 2.2831  layer_-1_loss_cls: 0.4178  layer_-1_loss_bbox: 2.7498  matched_ious: 0.0942  aux_depth_loss: 0.6219  sec_per_iter: 0.4974  iters_per_sec: 2.0100  samples_per_sec: 32.1700  samples_per_sec_per_gpu: 8.0400  max_mem_allocated_mb: 607.2000  max_mem_reserved_mb: 21978.0000
04/09 04:53:16 - mmengine - INFO - Epoch(train) [12][ 350/5000]  lr: 1.6500e-05  eta: 0:36:46  time: 0.4829  data_time: 0.0128  memory: 15693  grad_norm: 31.1022  loss: 6.2973  loss_heatmap: 2.3497  layer_-1_loss_cls: 0.4183  layer_-1_loss_bbox: 2.9041  matched_ious: 0.0486  aux_depth_loss: 0.6252  sec_per_iter: 0.4916  iters_per_sec: 2.0300  samples_per_sec: 32.5500  samples_per_sec_per_gpu: 8.1400  max_mem_allocated_mb: 607.2000  max_mem_reserved_mb: 21978.0000
04/09 04:53:39 - mmengine - INFO - Epoch(train) [12][ 400/5000]  lr: 1.6151e-05  eta: 0:36:22  time: 0.4598  data_time: 0.0124  memory: 15696  grad_norm: 36.9826  loss: 6.2603  loss_heatmap: 2.3164  layer_-1_loss_cls: 0.4223  layer_-1_loss_bbox: 2.8898  matched_ious: 0.0746  aux_depth_loss: 0.6318  sec_per_iter: 0.4904  iters_per_sec: 2.0400  samples_per_sec: 32.6300  samples_per_sec_per_gpu: 8.1600  max_mem_allocated_mb: 607.2000  max_mem_reserved_mb: 21978.0000
04/09 04:54:02 - mmengine - INFO - Epoch(train) [12][ 450/5000]  lr: 1.5805e-05  eta: 0:35:58  time: 0.4547  data_time: 0.0125  memory: 15694  grad_norm: 21.1165  loss: 6.0891  loss_heatmap: 2.3193  layer_-1_loss_cls: 0.4274  layer_-1_loss_bbox: 2.7172  matched_ious: 0.0874  aux_depth_loss: 0.6252  sec_per_iter: 0.4865  iters_per_sec: 2.0600  samples_per_sec: 32.8900  samples_per_sec_per_gpu: 8.2200  max_mem_allocated_mb: 607.2000  max_mem_reserved_mb: 21978.0000
04/09 04:54:26 - mmengine - INFO - Epoch(train) [12][ 500/5000]  lr: 1.5464e-05  eta: 0:35:35  time: 0.4853  data_time: 0.0122  memory: 15696  grad_norm: 19.4021  loss: 6.3035  loss_heatmap: 2.3359  layer_-1_loss_cls: 0.4099  layer_-1_loss_bbox: 2.9264  matched_ious: 0.0429  aux_depth_loss: 0.6312  sec_per_iter: 0.4830  iters_per_sec: 2.0700  samples_per_sec: 33.1300  samples_per_sec_per_gpu: 8.2800  max_mem_allocated_mb: 607.2000  max_mem_reserved_mb: 21978.0000
04/09 04:54:50 - mmengine - INFO - Epoch(train) [12][ 550/5000]  lr: 1.5126e-05  eta: 0:35:11  time: 0.4633  data_time: 0.0130  memory: 15696  grad_norm: 24.5376  loss: 6.1664  loss_heatmap: 2.3231  layer_-1_loss_cls: 0.4224  layer_-1_loss_bbox: 2.7839  matched_ious: 0.0916  aux_depth_loss: 0.6370  sec_per_iter: 0.4832  iters_per_sec: 2.0700  samples_per_sec: 33.1100  samples_per_sec_per_gpu: 8.2800  max_mem_allocated_mb: 607.2000  max_mem_reserved_mb: 21978.0000
04/09 04:55:15 - mmengine - INFO - Epoch(train) [12][ 600/5000]  lr: 1.4791e-05  eta: 0:34:47  time: 0.5020  data_time: 0.0115  memory: 15694  grad_norm: 13.3251  loss: 6.0646  loss_heatmap: 2.3047  layer_-1_loss_cls: 0.4206  layer_-1_loss_bbox: 2.7214  matched_ious: 0.1035  aux_depth_loss: 0.6178  sec_per_iter: 0.4814  iters_per_sec: 2.0800  samples_per_sec: 33.2300  samples_per_sec_per_gpu: 8.3100  max_mem_allocated_mb: 607.2000  max_mem_reserved_mb: 21978.0000
04/09 04:55:39 - mmengine - INFO - Epoch(train) [12][ 650/5000]  lr: 1.4461e-05  eta: 0:34:24  time: 0.4801  data_time: 0.0157  memory: 15698  grad_norm: 21.5802  loss: 6.1473  loss_heatmap: 2.3260  layer_-1_loss_cls: 0.4318  layer_-1_loss_bbox: 2.7655  matched_ious: 0.0787  aux_depth_loss: 0.6239  sec_per_iter: 0.4832  iters_per_sec: 2.0700  samples_per_sec: 33.1200  samples_per_sec_per_gpu: 8.2800  max_mem_allocated_mb: 607.2000  max_mem_reserved_mb: 21978.0000
04/09 04:56:03 - mmengine - INFO - Epoch(train) [12][ 700/5000]  lr: 1.4133e-05  eta: 0:34:00  time: 0.4782  data_time: 0.0136  memory: 15694  grad_norm: 35.4098  loss: 6.2621  loss_heatmap: 2.3480  layer_-1_loss_cls: 0.4212  layer_-1_loss_bbox: 2.8634  matched_ious: 0.1101  aux_depth_loss: 0.6295  sec_per_iter: 0.4829  iters_per_sec: 2.0700  samples_per_sec: 33.1300  samples_per_sec_per_gpu: 8.2800  max_mem_allocated_mb: 607.2000  max_mem_reserved_mb: 21978.0000
04/09 04:56:26 - mmengine - INFO - Epoch(train) [12][ 750/5000]  lr: 1.3810e-05  eta: 0:33:36  time: 0.4707  data_time: 0.0124  memory: 15695  grad_norm: 21.0660  loss: 6.1410  loss_heatmap: 2.3254  layer_-1_loss_cls: 0.4220  layer_-1_loss_bbox: 2.7645  matched_ious: 0.0933  aux_depth_loss: 0.6291  sec_per_iter: 0.4826  iters_per_sec: 2.0700  samples_per_sec: 33.1500  samples_per_sec_per_gpu: 8.2900  max_mem_allocated_mb: 607.2000  max_mem_reserved_mb: 21978.0000
04/09 04:56:50 - mmengine - INFO - Epoch(train) [12][ 800/5000]  lr: 1.3490e-05  eta: 0:33:13  time: 0.4850  data_time: 0.0121  memory: 15697  grad_norm: 24.7717  loss: 6.1405  loss_heatmap: 2.3263  layer_-1_loss_cls: 0.4271  layer_-1_loss_bbox: 2.7679  matched_ious: 0.0733  aux_depth_loss: 0.6193  sec_per_iter: 0.4818  iters_per_sec: 2.0800  samples_per_sec: 33.2100  samples_per_sec_per_gpu: 8.3000  max_mem_allocated_mb: 607.2000  max_mem_reserved_mb: 21978.0000
04/09 04:57:15 - mmengine - INFO - Epoch(train) [12][ 850/5000]  lr: 1.3174e-05  eta: 0:32:49  time: 0.4836  data_time: 0.0114  memory: 15696  grad_norm: 23.8514  loss: 6.0709  loss_heatmap: 2.2878  layer_-1_loss_cls: 0.4186  layer_-1_loss_bbox: 2.7409  matched_ious: 0.0784  aux_depth_loss: 0.6236  sec_per_iter: 0.4820  iters_per_sec: 2.0700  samples_per_sec: 33.1900  samples_per_sec_per_gpu: 8.3000  max_mem_allocated_mb: 607.2000  max_mem_reserved_mb: 21978.0000
04/09 04:57:39 - mmengine - INFO - Epoch(train) [12][ 900/5000]  lr: 1.2861e-05  eta: 0:32:25  time: 0.4978  data_time: 0.0116  memory: 15694  grad_norm: inf  loss: 6.1417  loss_heatmap: 2.2814  layer_-1_loss_cls: 0.4158  layer_-1_loss_bbox: 2.8152  matched_ious: 0.1072  aux_depth_loss: 0.6293  sec_per_iter: 0.4821  iters_per_sec: 2.0700  samples_per_sec: 33.1900  samples_per_sec_per_gpu: 8.3000  max_mem_allocated_mb: 607.2000  max_mem_reserved_mb: 21978.0000
04/09 04:58:02 - mmengine - INFO - Epoch(train) [12][ 950/5000]  lr: 1.2552e-05  eta: 0:32:01  time: 0.4519  data_time: 0.0115  memory: 15695  grad_norm: 25.6406  loss: 6.0896  loss_heatmap: 2.2869  layer_-1_loss_cls: 0.4194  layer_-1_loss_bbox: 2.7572  matched_ious: 0.1006  aux_depth_loss: 0.6260  sec_per_iter: 0.4830  iters_per_sec: 2.0700  samples_per_sec: 33.1300  samples_per_sec_per_gpu: 8.2800  max_mem_allocated_mb: 607.2000  max_mem_reserved_mb: 21978.0000
04/09 04:58:27 - mmengine - INFO - Exp name: zod_camera_only_20260408_204407
04/09 04:58:27 - mmengine - INFO - Epoch(train) [12][1000/5000]  lr: 1.2247e-05  eta: 0:31:38  time: 0.5081  data_time: 0.0120  memory: 15695  grad_norm: 41.8113  loss: 6.3134  loss_heatmap: 2.3464  layer_-1_loss_cls: 0.4215  layer_-1_loss_bbox: 2.9076  matched_ious: 0.0495  aux_depth_loss: 0.6379  sec_per_iter: 0.4814  iters_per_sec: 2.0800  samples_per_sec: 33.2400  samples_per_sec_per_gpu: 8.3100  max_mem_allocated_mb: 607.2000  max_mem_reserved_mb: 21978.0000
04/09 04:58:51 - mmengine - INFO - Epoch(train) [12][1050/5000]  lr: 1.1945e-05  eta: 0:31:14  time: 0.4718  data_time: 0.0138  memory: 15695  grad_norm: 23.0094  loss: 6.1959  loss_heatmap: 2.3235  layer_-1_loss_cls: 0.4195  layer_-1_loss_bbox: 2.8224  matched_ious: 0.1108  aux_depth_loss: 0.6304  sec_per_iter: 0.4827  iters_per_sec: 2.0700  samples_per_sec: 33.1500  samples_per_sec_per_gpu: 8.2900  max_mem_allocated_mb: 607.2000  max_mem_reserved_mb: 21978.0000
04/09 04:59:15 - mmengine - INFO - Epoch(train) [12][1100/5000]  lr: 1.1647e-05  eta: 0:30:50  time: 0.4814  data_time: 0.0121  memory: 15694  grad_norm: 17.2252  loss: 6.3251  loss_heatmap: 2.3252  layer_-1_loss_cls: 0.4101  layer_-1_loss_bbox: 2.9511  matched_ious: 0.0877  aux_depth_loss: 0.6387  sec_per_iter: 0.4822  iters_per_sec: 2.0700  samples_per_sec: 33.1800  samples_per_sec_per_gpu: 8.3000  max_mem_allocated_mb: 607.2000  max_mem_reserved_mb: 21978.0000
04/09 04:59:38 - mmengine - INFO - Epoch(train) [12][1150/5000]  lr: 1.1353e-05  eta: 0:30:27  time: 0.4590  data_time: 0.0125  memory: 15694  grad_norm: 21.7478  loss: 6.1111  loss_heatmap: 2.2979  layer_-1_loss_cls: 0.4180  layer_-1_loss_bbox: 2.7728  matched_ious: 0.0935  aux_depth_loss: 0.6224  sec_per_iter: 0.4821  iters_per_sec: 2.0700  samples_per_sec: 33.1900  samples_per_sec_per_gpu: 8.3000  max_mem_allocated_mb: 607.2000  max_mem_reserved_mb: 21978.0000
04/09 05:00:01 - mmengine - INFO - Epoch(train) [12][1200/5000]  lr: 1.1062e-05  eta: 0:30:03  time: 0.4609  data_time: 0.0118  memory: 15694  grad_norm: 13.6292  loss: 6.0347  loss_heatmap: 2.2922  layer_-1_loss_cls: 0.4233  layer_-1_loss_bbox: 2.6915  matched_ious: 0.0784  aux_depth_loss: 0.6277  sec_per_iter: 0.4811  iters_per_sec: 2.0800  samples_per_sec: 33.2500  samples_per_sec_per_gpu: 8.3100  max_mem_allocated_mb: 607.2000  max_mem_reserved_mb: 21978.0000
04/09 05:00:24 - mmengine - INFO - Epoch(train) [12][1250/5000]  lr: 1.0776e-05  eta: 0:29:39  time: 0.4552  data_time: 0.0115  memory: 15695  grad_norm: 23.1968  loss: 6.1326  loss_heatmap: 2.3077  layer_-1_loss_cls: 0.4212  layer_-1_loss_bbox: 2.7909  matched_ious: 0.0987  aux_depth_loss: 0.6128  sec_per_iter: 0.4803  iters_per_sec: 2.0800  samples_per_sec: 33.3100  samples_per_sec_per_gpu: 8.3300  max_mem_allocated_mb: 607.2000  max_mem_reserved_mb: 21978.0000
04/09 05:00:50 - mmengine - INFO - Epoch(train) [12][1300/5000]  lr: 1.0492e-05  eta: 0:29:15  time: 0.5277  data_time: 0.0124  memory: 15693  grad_norm: 21.3785  loss: 6.2860  loss_heatmap: 2.3187  layer_-1_loss_cls: 0.4149  layer_-1_loss_bbox: 2.9303  matched_ious: 0.1017  aux_depth_loss: 0.6221  sec_per_iter: 0.4793  iters_per_sec: 2.0900  samples_per_sec: 33.3800  samples_per_sec_per_gpu: 8.3500  max_mem_allocated_mb: 607.2000  max_mem_reserved_mb: 21978.0000
04/09 05:01:13 - mmengine - INFO - Epoch(train) [12][1350/5000]  lr: 1.0213e-05  eta: 0:28:52  time: 0.4626  data_time: 0.0128  memory: 15696  grad_norm: 18.2894  loss: 6.0626  loss_heatmap: 2.2720  layer_-1_loss_cls: 0.4116  layer_-1_loss_bbox: 2.7554  matched_ious: 0.0897  aux_depth_loss: 0.6236  sec_per_iter: 0.4812  iters_per_sec: 2.0800  samples_per_sec: 33.2500  samples_per_sec_per_gpu: 8.3100  max_mem_allocated_mb: 607.2000  max_mem_reserved_mb: 21978.0000
04/09 05:01:37 - mmengine - INFO - Epoch(train) [12][1400/5000]  lr: 9.9370e-06  eta: 0:28:28  time: 0.4668  data_time: 0.0126  memory: 15698  grad_norm: 22.1259  loss: 6.0156  loss_heatmap: 2.2822  layer_-1_loss_cls: 0.4202  layer_-1_loss_bbox: 2.6828  matched_ious: 0.1075  aux_depth_loss: 0.6304  sec_per_iter: 0.4805  iters_per_sec: 2.0800  samples_per_sec: 33.3000  samples_per_sec_per_gpu: 8.3300  max_mem_allocated_mb: 607.2000  max_mem_reserved_mb: 21978.0000
04/09 05:02:00 - mmengine - INFO - Epoch(train) [12][1450/5000]  lr: 9.6648e-06  eta: 0:28:04  time: 0.4576  data_time: 0.0117  memory: 15694  grad_norm: 17.5368  loss: 6.1929  loss_heatmap: 2.3274  layer_-1_loss_cls: 0.4162  layer_-1_loss_bbox: 2.8198  matched_ious: 0.1552  aux_depth_loss: 0.6295  sec_per_iter: 0.4800  iters_per_sec: 2.0800  samples_per_sec: 33.3300  samples_per_sec_per_gpu: 8.3300  max_mem_allocated_mb: 607.2000  max_mem_reserved_mb: 21978.0000
04/09 05:02:23 - mmengine - INFO - Epoch(train) [12][1500/5000]  lr: 9.3964e-06  eta: 0:27:40  time: 0.4620  data_time: 0.0141  memory: 15695  grad_norm: 16.7673  loss: 6.2593  loss_heatmap: 2.3321  layer_-1_loss_cls: 0.4132  layer_-1_loss_bbox: 2.8941  matched_ious: 0.0999  aux_depth_loss: 0.6199  sec_per_iter: 0.4792  iters_per_sec: 2.0900  samples_per_sec: 33.3900  samples_per_sec_per_gpu: 8.3500  max_mem_allocated_mb: 607.2000  max_mem_reserved_mb: 21978.0000
04/09 05:02:48 - mmengine - INFO - Epoch(train) [12][1550/5000]  lr: 9.1317e-06  eta: 0:27:17  time: 0.5121  data_time: 0.0124  memory: 15695  grad_norm: 18.3461  loss: 6.2231  loss_heatmap: 2.2915  layer_-1_loss_cls: 0.4179  layer_-1_loss_bbox: 2.8878  matched_ious: 0.0893  aux_depth_loss: 0.6259  sec_per_iter: 0.4786  iters_per_sec: 2.0900  samples_per_sec: 33.4300  samples_per_sec_per_gpu: 8.3600  max_mem_allocated_mb: 607.2000  max_mem_reserved_mb: 21978.0000
04/09 05:03:11 - mmengine - INFO - Epoch(train) [12][1600/5000]  lr: 8.8707e-06  eta: 0:26:53  time: 0.4600  data_time: 0.0120  memory: 15692  grad_norm: 17.5970  loss: 6.2028  loss_heatmap: 2.3346  layer_-1_loss_cls: 0.4219  layer_-1_loss_bbox: 2.8083  matched_ious: 0.0687  aux_depth_loss: 0.6380  sec_per_iter: 0.4797  iters_per_sec: 2.0800  samples_per_sec: 33.3500  samples_per_sec_per_gpu: 8.3400  max_mem_allocated_mb: 607.2000  max_mem_reserved_mb: 21978.0000
04/09 05:03:34 - mmengine - INFO - Epoch(train) [12][1650/5000]  lr: 8.6135e-06  eta: 0:26:29  time: 0.4598  data_time: 0.0124  memory: 15698  grad_norm: 20.2052  loss: 6.1778  loss_heatmap: 2.3139  layer_-1_loss_cls: 0.4186  layer_-1_loss_bbox: 2.8116  matched_ious: 0.0669  aux_depth_loss: 0.6337  sec_per_iter: 0.4791  iters_per_sec: 2.0900  samples_per_sec: 33.3900  samples_per_sec_per_gpu: 8.3500  max_mem_allocated_mb: 607.2000  max_mem_reserved_mb: 21978.0000
04/09 05:03:58 - mmengine - INFO - Epoch(train) [12][1700/5000]  lr: 8.3599e-06  eta: 0:26:05  time: 0.4697  data_time: 0.0119  memory: 15696  grad_norm: 16.3109  loss: 5.8928  loss_heatmap: 2.2268  layer_-1_loss_cls: 0.4229  layer_-1_loss_bbox: 2.6096  matched_ious: 0.1047  aux_depth_loss: 0.6336  sec_per_iter: 0.4785  iters_per_sec: 2.0900  samples_per_sec: 33.4400  samples_per_sec_per_gpu: 8.3600  max_mem_allocated_mb: 607.2000  max_mem_reserved_mb: 21978.0000
04/09 05:04:23 - mmengine - INFO - Epoch(train) [12][1750/5000]  lr: 8.1101e-06  eta: 0:25:42  time: 0.4949  data_time: 0.0114  memory: 15694  grad_norm: 32.8515  loss: 6.0270  loss_heatmap: 2.2618  layer_-1_loss_cls: 0.4134  layer_-1_loss_bbox: 2.7311  matched_ious: 0.1130  aux_depth_loss: 0.6208  sec_per_iter: 0.4783  iters_per_sec: 2.0900  samples_per_sec: 33.4500  samples_per_sec_per_gpu: 8.3600  max_mem_allocated_mb: 607.2000  max_mem_reserved_mb: 21978.0000
04/09 05:04:46 - mmengine - INFO - Epoch(train) [12][1800/5000]  lr: 7.8640e-06  eta: 0:25:18  time: 0.4670  data_time: 0.0113  memory: 15694  grad_norm: 29.8607  loss: 6.1723  loss_heatmap: 2.2937  layer_-1_loss_cls: 0.4110  layer_-1_loss_bbox: 2.8268  matched_ious: 0.0832  aux_depth_loss: 0.6408  sec_per_iter: 0.4787  iters_per_sec: 2.0900  samples_per_sec: 33.4200  samples_per_sec_per_gpu: 8.3600  max_mem_allocated_mb: 607.2000  max_mem_reserved_mb: 21978.0000
04/09 05:05:11 - mmengine - INFO - Epoch(train) [12][1850/5000]  lr: 7.6217e-06  eta: 0:24:54  time: 0.4953  data_time: 0.0124  memory: 15694  grad_norm: 17.7946  loss: 6.2132  loss_heatmap: 2.3222  layer_-1_loss_cls: 0.4174  layer_-1_loss_bbox: 2.8489  matched_ious: 0.0976  aux_depth_loss: 0.6247  sec_per_iter: 0.4784  iters_per_sec: 2.0900  samples_per_sec: 33.4400  samples_per_sec_per_gpu: 8.3600  max_mem_allocated_mb: 607.2000  max_mem_reserved_mb: 21978.0000
04/09 05:05:34 - mmengine - INFO - Epoch(train) [12][1900/5000]  lr: 7.3830e-06  eta: 0:24:31  time: 0.4609  data_time: 0.0116  memory: 15695  grad_norm: 22.0558  loss: 5.9547  loss_heatmap: 2.2772  layer_-1_loss_cls: 0.4107  layer_-1_loss_bbox: 2.6468  matched_ious: 0.0730  aux_depth_loss: 0.6199  sec_per_iter: 0.4789  iters_per_sec: 2.0900  samples_per_sec: 33.4100  samples_per_sec_per_gpu: 8.3500  max_mem_allocated_mb: 607.2000  max_mem_reserved_mb: 21978.0000
04/09 05:05:59 - mmengine - INFO - Epoch(train) [12][1950/5000]  lr: 7.1482e-06  eta: 0:24:07  time: 0.5076  data_time: 0.0152  memory: 15695  grad_norm: 22.5983  loss: 6.2576  loss_heatmap: 2.3350  layer_-1_loss_cls: 0.4134  layer_-1_loss_bbox: 2.8876  matched_ious: 0.1136  aux_depth_loss: 0.6216  sec_per_iter: 0.4784  iters_per_sec: 2.0900  samples_per_sec: 33.4400  samples_per_sec_per_gpu: 8.3600  max_mem_allocated_mb: 607.2000  max_mem_reserved_mb: 21978.0000
04/09 05:06:22 - mmengine - INFO - Exp name: zod_camera_only_20260408_204407
04/09 05:06:22 - mmengine - INFO - Epoch(train) [12][2000/5000]  lr: 6.9170e-06  eta: 0:23:43  time: 0.4614  data_time: 0.0116  memory: 15693  grad_norm: 32.7459  loss: 6.1289  loss_heatmap: 2.3071  layer_-1_loss_cls: 0.4147  layer_-1_loss_bbox: 2.7837  matched_ious: 0.1049  aux_depth_loss: 0.6234  sec_per_iter: 0.4792  iters_per_sec: 2.0900  samples_per_sec: 33.3900  samples_per_sec_per_gpu: 8.3500  max_mem_allocated_mb: 607.2000  max_mem_reserved_mb: 21978.0000
04/09 05:06:45 - mmengine - INFO - Epoch(train) [12][2050/5000]  lr: 6.6897e-06  eta: 0:23:19  time: 0.4591  data_time: 0.0124  memory: 15694  grad_norm: 22.9126  loss: 6.0679  loss_heatmap: 2.2921  layer_-1_loss_cls: 0.4163  layer_-1_loss_bbox: 2.7401  matched_ious: 0.0852  aux_depth_loss: 0.6193  sec_per_iter: 0.4787  iters_per_sec: 2.0900  samples_per_sec: 33.4200  samples_per_sec_per_gpu: 8.3600  max_mem_allocated_mb: 607.2000  max_mem_reserved_mb: 21978.0000
04/09 05:07:10 - mmengine - INFO - Epoch(train) [12][2100/5000]  lr: 6.4660e-06  eta: 0:22:56  time: 0.4994  data_time: 0.0127  memory: 15696  grad_norm: 27.3538  loss: 5.9911  loss_heatmap: 2.2833  layer_-1_loss_cls: 0.4201  layer_-1_loss_bbox: 2.6577  matched_ious: 0.0555  aux_depth_loss: 0.6301  sec_per_iter: 0.4782  iters_per_sec: 2.0900  samples_per_sec: 33.4600  samples_per_sec_per_gpu: 8.3600  max_mem_allocated_mb: 607.2000  max_mem_reserved_mb: 21978.0000
04/09 05:07:35 - mmengine - INFO - Epoch(train) [12][2150/5000]  lr: 6.2461e-06  eta: 0:22:32  time: 0.4920  data_time: 0.0129  memory: 15695  grad_norm: 22.0158  loss: 6.0523  loss_heatmap: 2.2783  layer_-1_loss_cls: 0.4214  layer_-1_loss_bbox: 2.7254  matched_ious: 0.0575  aux_depth_loss: 0.6272  sec_per_iter: 0.4788  iters_per_sec: 2.0900  samples_per_sec: 33.4200  samples_per_sec_per_gpu: 8.3600  max_mem_allocated_mb: 607.2000  max_mem_reserved_mb: 21978.0000
04/09 05:07:58 - mmengine - INFO - Epoch(train) [12][2200/5000]  lr: 6.0300e-06  eta: 0:22:08  time: 0.4598  data_time: 0.0115  memory: 15694  grad_norm: 21.6673  loss: 6.1105  loss_heatmap: 2.2992  layer_-1_loss_cls: 0.4221  layer_-1_loss_bbox: 2.7680  matched_ious: 0.1093  aux_depth_loss: 0.6212  sec_per_iter: 0.4791  iters_per_sec: 2.0900  samples_per_sec: 33.4000  samples_per_sec_per_gpu: 8.3500  max_mem_allocated_mb: 607.2000  max_mem_reserved_mb: 21978.0000
04/09 05:08:21 - mmengine - INFO - Epoch(train) [12][2250/5000]  lr: 5.8177e-06  eta: 0:21:45  time: 0.4696  data_time: 0.0113  memory: 15696  grad_norm: 29.5702  loss: 6.1718  loss_heatmap: 2.3136  layer_-1_loss_cls: 0.4177  layer_-1_loss_bbox: 2.8160  matched_ious: 0.0696  aux_depth_loss: 0.6246  sec_per_iter: 0.4786  iters_per_sec: 2.0900  samples_per_sec: 33.4300  samples_per_sec_per_gpu: 8.3600  max_mem_allocated_mb: 607.2000  max_mem_reserved_mb: 21978.0000
04/09 05:08:45 - mmengine - INFO - Epoch(train) [12][2300/5000]  lr: 5.6091e-06  eta: 0:21:21  time: 0.4669  data_time: 0.0130  memory: 15694  grad_norm: 26.8292  loss: 6.0847  loss_heatmap: 2.3101  layer_-1_loss_cls: 0.4296  layer_-1_loss_bbox: 2.7152  matched_ious: 0.1000  aux_depth_loss: 0.6298  sec_per_iter: 0.4784  iters_per_sec: 2.0900  samples_per_sec: 33.4400  samples_per_sec_per_gpu: 8.3600  max_mem_allocated_mb: 607.2000  max_mem_reserved_mb: 21978.0000
04/09 05:09:08 - mmengine - INFO - Epoch(train) [12][2350/5000]  lr: 5.4043e-06  eta: 0:20:57  time: 0.4602  data_time: 0.0115  memory: 15694  grad_norm: 22.7159  loss: 6.2040  loss_heatmap: 2.3193  layer_-1_loss_cls: 0.4177  layer_-1_loss_bbox: 2.8312  matched_ious: 0.1586  aux_depth_loss: 0.6359  sec_per_iter: 0.4782  iters_per_sec: 2.0900  samples_per_sec: 33.4600  samples_per_sec_per_gpu: 8.3700  max_mem_allocated_mb: 607.2000  max_mem_reserved_mb: 21978.0000
04/09 05:09:31 - mmengine - INFO - Epoch(train) [12][2400/5000]  lr: 5.2032e-06  eta: 0:20:33  time: 0.4763  data_time: 0.0118  memory: 15697  grad_norm: 22.0128  loss: 6.0282  loss_heatmap: 2.2796  layer_-1_loss_cls: 0.4157  layer_-1_loss_bbox: 2.7060  matched_ious: 0.0802  aux_depth_loss: 0.6269  sec_per_iter: 0.4778  iters_per_sec: 2.0900  samples_per_sec: 33.4900  samples_per_sec_per_gpu: 8.3700  max_mem_allocated_mb: 607.2000  max_mem_reserved_mb: 21978.0000
04/09 05:09:54 - mmengine - INFO - Epoch(train) [12][2450/5000]  lr: 5.0060e-06  eta: 0:20:10  time: 0.4608  data_time: 0.0119  memory: 15696  grad_norm: 26.0715  loss: 6.0774  loss_heatmap: 2.2963  layer_-1_loss_cls: 0.4233  layer_-1_loss_bbox: 2.7204  matched_ious: 0.1209  aux_depth_loss: 0.6374  sec_per_iter: 0.4778  iters_per_sec: 2.0900  samples_per_sec: 33.4900  samples_per_sec_per_gpu: 8.3700  max_mem_allocated_mb: 607.2000  max_mem_reserved_mb: 21978.0000
04/09 05:10:19 - mmengine - INFO - Epoch(train) [12][2500/5000]  lr: 4.8125e-06  eta: 0:19:46  time: 0.4875  data_time: 0.0132  memory: 15697  grad_norm: 21.6857  loss: 6.0975  loss_heatmap: 2.3020  layer_-1_loss_cls: 0.4156  layer_-1_loss_bbox: 2.7490  matched_ious: 0.1150  aux_depth_loss: 0.6309  sec_per_iter: 0.4774  iters_per_sec: 2.0900  samples_per_sec: 33.5100  samples_per_sec_per_gpu: 8.3800  max_mem_allocated_mb: 607.2000  max_mem_reserved_mb: 21978.0000
04/09 05:10:42 - mmengine - INFO - Epoch(train) [12][2550/5000]  lr: 4.6228e-06  eta: 0:19:22  time: 0.4693  data_time: 0.0118  memory: 15695  grad_norm: 23.1380  loss: 6.1805  loss_heatmap: 2.3218  layer_-1_loss_cls: 0.4261  layer_-1_loss_bbox: 2.8102  matched_ious: 0.1018  aux_depth_loss: 0.6224  sec_per_iter: 0.4776  iters_per_sec: 2.0900  samples_per_sec: 33.5000  samples_per_sec_per_gpu: 8.3700  max_mem_allocated_mb: 607.2000  max_mem_reserved_mb: 21978.0000
04/09 05:11:05 - mmengine - INFO - Epoch(train) [12][2600/5000]  lr: 4.4368e-06  eta: 0:18:58  time: 0.4539  data_time: 0.0129  memory: 15693  grad_norm: 16.4507  loss: 5.9116  loss_heatmap: 2.2462  layer_-1_loss_cls: 0.4150  layer_-1_loss_bbox: 2.6339  matched_ious: 0.1165  aux_depth_loss: 0.6165  sec_per_iter: 0.4775  iters_per_sec: 2.0900  samples_per_sec: 33.5100  samples_per_sec_per_gpu: 8.3800  max_mem_allocated_mb: 607.2000  max_mem_reserved_mb: 21978.0000
04/09 05:11:29 - mmengine - INFO - Epoch(train) [12][2650/5000]  lr: 4.2547e-06  eta: 0:18:35  time: 0.4874  data_time: 0.0130  memory: 15693  grad_norm: 23.5467  loss: 6.1651  loss_heatmap: 2.2907  layer_-1_loss_cls: 0.4169  layer_-1_loss_bbox: 2.8217  matched_ious: 0.0863  aux_depth_loss: 0.6358  sec_per_iter: 0.4770  iters_per_sec: 2.1000  samples_per_sec: 33.5400  samples_per_sec_per_gpu: 8.3900  max_mem_allocated_mb: 607.2000  max_mem_reserved_mb: 21978.0000
04/09 05:11:52 - mmengine - INFO - Epoch(train) [12][2700/5000]  lr: 4.0763e-06  eta: 0:18:11  time: 0.4620  data_time: 0.0115  memory: 15693  grad_norm: 17.7515  loss: 6.2274  loss_heatmap: 2.3467  layer_-1_loss_cls: 0.4316  layer_-1_loss_bbox: 2.8205  matched_ious: 0.1528  aux_depth_loss: 0.6286  sec_per_iter: 0.4772  iters_per_sec: 2.1000  samples_per_sec: 33.5300  samples_per_sec_per_gpu: 8.3800  max_mem_allocated_mb: 607.2000  max_mem_reserved_mb: 21978.0000
04/09 05:12:16 - mmengine - INFO - Epoch(train) [12][2750/5000]  lr: 3.9018e-06  eta: 0:17:47  time: 0.4728  data_time: 0.0128  memory: 15694  grad_norm: 25.8924  loss: 6.1207  loss_heatmap: 2.2613  layer_-1_loss_cls: 0.4149  layer_-1_loss_bbox: 2.8170  matched_ious: 0.0671  aux_depth_loss: 0.6275  sec_per_iter: 0.4769  iters_per_sec: 2.1000  samples_per_sec: 33.5500  samples_per_sec_per_gpu: 8.3900  max_mem_allocated_mb: 607.2000  max_mem_reserved_mb: 21978.0000
04/09 05:12:39 - mmengine - INFO - Epoch(train) [12][2800/5000]  lr: 3.7310e-06  eta: 0:17:23  time: 0.4660  data_time: 0.0119  memory: 15695  grad_norm: 20.9135  loss: 5.9904  loss_heatmap: 2.2705  layer_-1_loss_cls: 0.4220  layer_-1_loss_bbox: 2.6795  matched_ious: 0.0958  aux_depth_loss: 0.6185  sec_per_iter: 0.4768  iters_per_sec: 2.1000  samples_per_sec: 33.5500  samples_per_sec_per_gpu: 8.3900  max_mem_allocated_mb: 607.2000  max_mem_reserved_mb: 21978.0000
04/09 05:13:02 - mmengine - INFO - Epoch(train) [12][2850/5000]  lr: 3.5640e-06  eta: 0:17:00  time: 0.4557  data_time: 0.0122  memory: 15697  grad_norm: 29.0472  loss: 6.0274  loss_heatmap: 2.2861  layer_-1_loss_cls: 0.4180  layer_-1_loss_bbox: 2.7002  matched_ious: 0.1945  aux_depth_loss: 0.6231  sec_per_iter: 0.4767  iters_per_sec: 2.1000  samples_per_sec: 33.5700  samples_per_sec_per_gpu: 8.3900  max_mem_allocated_mb: 607.2000  max_mem_reserved_mb: 21978.0000
04/09 05:13:26 - mmengine - INFO - Epoch(train) [12][2900/5000]  lr: 3.4009e-06  eta: 0:16:36  time: 0.4736  data_time: 0.0132  memory: 15696  grad_norm: 17.4104  loss: 5.9958  loss_heatmap: 2.2698  layer_-1_loss_cls: 0.4236  layer_-1_loss_bbox: 2.6822  matched_ious: 0.1258  aux_depth_loss: 0.6203  sec_per_iter: 0.4763  iters_per_sec: 2.1000  samples_per_sec: 33.5900  samples_per_sec_per_gpu: 8.4000  max_mem_allocated_mb: 607.2000  max_mem_reserved_mb: 21978.0000
04/09 05:13:51 - mmengine - INFO - Epoch(train) [12][2950/5000]  lr: 3.2415e-06  eta: 0:16:12  time: 0.5050  data_time: 0.0125  memory: 15700  grad_norm: 20.2922  loss: 6.2006  loss_heatmap: 2.2869  layer_-1_loss_cls: 0.4200  layer_-1_loss_bbox: 2.8727  matched_ious: 0.0716  aux_depth_loss: 0.6210  sec_per_iter: 0.4762  iters_per_sec: 2.1000  samples_per_sec: 33.6000  samples_per_sec_per_gpu: 8.4000  max_mem_allocated_mb: 607.2000  max_mem_reserved_mb: 21978.0000
04/09 05:14:15 - mmengine - INFO - Exp name: zod_camera_only_20260408_204407
04/09 05:14:15 - mmengine - INFO - Epoch(train) [12][3000/5000]  lr: 3.0860e-06  eta: 0:15:49  time: 0.4794  data_time: 0.0156  memory: 15698  grad_norm: 17.2086  loss: 6.0566  loss_heatmap: 2.2710  layer_-1_loss_cls: 0.4213  layer_-1_loss_bbox: 2.7418  matched_ious: 0.0659  aux_depth_loss: 0.6225  sec_per_iter: 0.4767  iters_per_sec: 2.1000  samples_per_sec: 33.5600  samples_per_sec_per_gpu: 8.3900  max_mem_allocated_mb: 607.2000  max_mem_reserved_mb: 21978.0000
04/09 05:14:38 - mmengine - INFO - Epoch(train) [12][3050/5000]  lr: 2.9342e-06  eta: 0:15:25  time: 0.4592  data_time: 0.0131  memory: 15697  grad_norm: 15.9295  loss: 6.1058  loss_heatmap: 2.2680  layer_-1_loss_cls: 0.4109  layer_-1_loss_bbox: 2.8060  matched_ious: 0.0936  aux_depth_loss: 0.6209  sec_per_iter: 0.4768  iters_per_sec: 2.1000  samples_per_sec: 33.5600  samples_per_sec_per_gpu: 8.3900  max_mem_allocated_mb: 607.2000  max_mem_reserved_mb: 21978.0000
04/09 05:15:01 - mmengine - INFO - Epoch(train) [12][3100/5000]  lr: 2.7863e-06  eta: 0:15:01  time: 0.4679  data_time: 0.0115  memory: 15697  grad_norm: 22.1370  loss: 6.1468  loss_heatmap: 2.2984  layer_-1_loss_cls: 0.4125  layer_-1_loss_bbox: 2.8083  matched_ious: 0.0812  aux_depth_loss: 0.6276  sec_per_iter: 0.4765  iters_per_sec: 2.1000  samples_per_sec: 33.5800  samples_per_sec_per_gpu: 8.3900  max_mem_allocated_mb: 607.2000  max_mem_reserved_mb: 21978.0000
04/09 05:15:25 - mmengine - INFO - Epoch(train) [12][3150/5000]  lr: 2.6421e-06  eta: 0:14:37  time: 0.4734  data_time: 0.0124  memory: 15696  grad_norm: 23.7459  loss: 6.1832  loss_heatmap: 2.2927  layer_-1_loss_cls: 0.4162  layer_-1_loss_bbox: 2.8314  matched_ious: 0.1015  aux_depth_loss: 0.6429  sec_per_iter: 0.4764  iters_per_sec: 2.1000  samples_per_sec: 33.5900  samples_per_sec_per_gpu: 8.4000  max_mem_allocated_mb: 607.2000  max_mem_reserved_mb: 21978.0000
04/09 05:15:49 - mmengine - INFO - Epoch(train) [12][3200/5000]  lr: 2.5018e-06  eta: 0:14:14  time: 0.4685  data_time: 0.0130  memory: 15694  grad_norm: 18.5260  loss: 6.0399  loss_heatmap: 2.2746  layer_-1_loss_cls: 0.4197  layer_-1_loss_bbox: 2.7136  matched_ious: 0.1409  aux_depth_loss: 0.6320  sec_per_iter: 0.4763  iters_per_sec: 2.1000  samples_per_sec: 33.5900  samples_per_sec_per_gpu: 8.4000  max_mem_allocated_mb: 607.2000  max_mem_reserved_mb: 21978.0000
04/09 05:16:13 - mmengine - INFO - Epoch(train) [12][3250/5000]  lr: 2.3653e-06  eta: 0:13:50  time: 0.4807  data_time: 0.0123  memory: 15694  grad_norm: 26.0687  loss: 6.0420  loss_heatmap: 2.2871  layer_-1_loss_cls: 0.4148  layer_-1_loss_bbox: 2.7241  matched_ious: 0.1032  aux_depth_loss: 0.6159  sec_per_iter: 0.4762  iters_per_sec: 2.1000  samples_per_sec: 33.6000  samples_per_sec_per_gpu: 8.4000  max_mem_allocated_mb: 607.2000  max_mem_reserved_mb: 21978.0000
04/09 05:16:38 - mmengine - INFO - Epoch(train) [12][3300/5000]  lr: 2.2327e-06  eta: 0:13:26  time: 0.5027  data_time: 0.0121  memory: 15695  grad_norm: 19.5374  loss: 6.1194  loss_heatmap: 2.2913  layer_-1_loss_cls: 0.4202  layer_-1_loss_bbox: 2.7917  matched_ious: 0.0926  aux_depth_loss: 0.6162  sec_per_iter: 0.4763  iters_per_sec: 2.1000  samples_per_sec: 33.5900  samples_per_sec_per_gpu: 8.4000  max_mem_allocated_mb: 607.2000  max_mem_reserved_mb: 21978.0000
04/09 05:17:01 - mmengine - INFO - Epoch(train) [12][3350/5000]  lr: 2.1038e-06  eta: 0:13:02  time: 0.4700  data_time: 0.0121  memory: 15695  grad_norm: 24.0687  loss: 6.1214  loss_heatmap: 2.2807  layer_-1_loss_cls: 0.4191  layer_-1_loss_bbox: 2.7965  matched_ious: 0.1243  aux_depth_loss: 0.6252  sec_per_iter: 0.4767  iters_per_sec: 2.1000  samples_per_sec: 33.5700  samples_per_sec_per_gpu: 8.3900  max_mem_allocated_mb: 607.2000  max_mem_reserved_mb: 21978.0000
04/09 05:17:24 - mmengine - INFO - Epoch(train) [12][3400/5000]  lr: 1.9788e-06  eta: 0:12:39  time: 0.4518  data_time: 0.0118  memory: 15694  grad_norm: 23.6100  loss: 6.2011  loss_heatmap: 2.3092  layer_-1_loss_cls: 0.4138  layer_-1_loss_bbox: 2.8595  matched_ious: 0.0325  aux_depth_loss: 0.6187  sec_per_iter: 0.4766  iters_per_sec: 2.1000  samples_per_sec: 33.5700  samples_per_sec_per_gpu: 8.3900  max_mem_allocated_mb: 607.2000  max_mem_reserved_mb: 21978.0000
04/09 05:17:50 - mmengine - INFO - Epoch(train) [12][3450/5000]  lr: 1.8576e-06  eta: 0:12:15  time: 0.5215  data_time: 0.0126  memory: 15695  grad_norm: 20.9452  loss: 5.9969  loss_heatmap: 2.2833  layer_-1_loss_cls: 0.4298  layer_-1_loss_bbox: 2.6612  matched_ious: 0.1190  aux_depth_loss: 0.6226  sec_per_iter: 0.4762  iters_per_sec: 2.1000  samples_per_sec: 33.6000  samples_per_sec_per_gpu: 8.4000  max_mem_allocated_mb: 607.2000  max_mem_reserved_mb: 21978.0000
04/09 05:18:13 - mmengine - INFO - Epoch(train) [12][3500/5000]  lr: 1.7402e-06  eta: 0:11:51  time: 0.4647  data_time: 0.0136  memory: 15698  grad_norm: 16.7613  loss: 6.1140  loss_heatmap: 2.2978  layer_-1_loss_cls: 0.4138  layer_-1_loss_bbox: 2.7665  matched_ious: 0.0904  aux_depth_loss: 0.6359  sec_per_iter: 0.4769  iters_per_sec: 2.1000  samples_per_sec: 33.5500  samples_per_sec_per_gpu: 8.3900  max_mem_allocated_mb: 607.2000  max_mem_reserved_mb: 21978.0000
04/09 05:18:38 - mmengine - INFO - Epoch(train) [12][3550/5000]  lr: 1.6266e-06  eta: 0:11:28  time: 0.5036  data_time: 0.0131  memory: 15696  grad_norm: 28.1870  loss: 6.1727  loss_heatmap: 2.2934  layer_-1_loss_cls: 0.4180  layer_-1_loss_bbox: 2.8424  matched_ious: 0.0599  aux_depth_loss: 0.6189  sec_per_iter: 0.4767  iters_per_sec: 2.1000  samples_per_sec: 33.5700  samples_per_sec_per_gpu: 8.3900  max_mem_allocated_mb: 607.2000  max_mem_reserved_mb: 21978.0000
04/09 05:19:01 - mmengine - INFO - Epoch(train) [12][3600/5000]  lr: 1.5169e-06  eta: 0:11:04  time: 0.4604  data_time: 0.0115  memory: 15695  grad_norm: 19.9009  loss: 6.1856  loss_heatmap: 2.2719  layer_-1_loss_cls: 0.4071  layer_-1_loss_bbox: 2.8803  matched_ious: 0.0776  aux_depth_loss: 0.6263  sec_per_iter: 0.4771  iters_per_sec: 2.1000  samples_per_sec: 33.5400  samples_per_sec_per_gpu: 8.3800  max_mem_allocated_mb: 607.2000  max_mem_reserved_mb: 21978.0000
04/09 05:19:25 - mmengine - INFO - Epoch(train) [12][3650/5000]  lr: 1.4110e-06  eta: 0:10:40  time: 0.4764  data_time: 0.0126  memory: 15696  grad_norm: 24.2178  loss: 6.1643  loss_heatmap: 2.3078  layer_-1_loss_cls: 0.4202  layer_-1_loss_bbox: 2.8118  matched_ious: 0.1001  aux_depth_loss: 0.6245  sec_per_iter: 0.4768  iters_per_sec: 2.1000  samples_per_sec: 33.5500  samples_per_sec_per_gpu: 8.3900  max_mem_allocated_mb: 607.2000  max_mem_reserved_mb: 21978.0000
04/09 05:19:50 - mmengine - INFO - Epoch(train) [12][3700/5000]  lr: 1.3090e-06  eta: 0:10:16  time: 0.5028  data_time: 0.0117  memory: 15696  grad_norm: 16.8687  loss: 6.0599  loss_heatmap: 2.2750  layer_-1_loss_cls: 0.4214  layer_-1_loss_bbox: 2.7403  matched_ious: 0.0702  aux_depth_loss: 0.6231  sec_per_iter: 0.4768  iters_per_sec: 2.1000  samples_per_sec: 33.5500  samples_per_sec_per_gpu: 8.3900  max_mem_allocated_mb: 607.2000  max_mem_reserved_mb: 21978.0000
04/09 05:20:14 - mmengine - INFO - Epoch(train) [12][3750/5000]  lr: 1.2107e-06  eta: 0:09:53  time: 0.4713  data_time: 0.0133  memory: 15695  grad_norm: 42.4804  loss: 6.0494  loss_heatmap: 2.2776  layer_-1_loss_cls: 0.4211  layer_-1_loss_bbox: 2.7187  matched_ious: 0.1548  aux_depth_loss: 0.6319  sec_per_iter: 0.4772  iters_per_sec: 2.1000  samples_per_sec: 33.5300  samples_per_sec_per_gpu: 8.3800  max_mem_allocated_mb: 607.2000  max_mem_reserved_mb: 21978.0000
04/09 05:20:37 - mmengine - INFO - Epoch(train) [12][3800/5000]  lr: 1.1163e-06  eta: 0:09:29  time: 0.4643  data_time: 0.0150  memory: 15695  grad_norm: 25.9351  loss: 6.1048  loss_heatmap: 2.2861  layer_-1_loss_cls: 0.4215  layer_-1_loss_bbox: 2.7635  matched_ious: 0.0887  aux_depth_loss: 0.6337  sec_per_iter: 0.4771  iters_per_sec: 2.1000  samples_per_sec: 33.5400  samples_per_sec_per_gpu: 8.3800  max_mem_allocated_mb: 607.2000  max_mem_reserved_mb: 21978.0000
04/09 05:21:01 - mmengine - INFO - Epoch(train) [12][3850/5000]  lr: 1.0258e-06  eta: 0:09:05  time: 0.4829  data_time: 0.0114  memory: 15697  grad_norm: 37.4409  loss: 6.1290  loss_heatmap: 2.3155  layer_-1_loss_cls: 0.4220  layer_-1_loss_bbox: 2.7633  matched_ious: 0.0589  aux_depth_loss: 0.6282  sec_per_iter: 0.4769  iters_per_sec: 2.1000  samples_per_sec: 33.5500  samples_per_sec_per_gpu: 8.3900  max_mem_allocated_mb: 607.2000  max_mem_reserved_mb: 21978.0000
04/09 05:21:24 - mmengine - INFO - Epoch(train) [12][3900/5000]  lr: 9.3909e-07  eta: 0:08:42  time: 0.4588  data_time: 0.0120  memory: 15697  grad_norm: 26.1504  loss: 6.1226  loss_heatmap: 2.3007  layer_-1_loss_cls: 0.4191  layer_-1_loss_bbox: 2.7813  matched_ious: 0.0944  aux_depth_loss: 0.6215  sec_per_iter: 0.4770  iters_per_sec: 2.1000  samples_per_sec: 33.5400  samples_per_sec_per_gpu: 8.3900  max_mem_allocated_mb: 607.2000  max_mem_reserved_mb: 21978.0000
04/09 05:21:49 - mmengine - INFO - Epoch(train) [12][3950/5000]  lr: 8.5622e-07  eta: 0:08:18  time: 0.4968  data_time: 0.0121  memory: 15692  grad_norm: 21.0403  loss: 6.1028  loss_heatmap: 2.2893  layer_-1_loss_cls: 0.4112  layer_-1_loss_bbox: 2.7730  matched_ious: 0.0740  aux_depth_loss: 0.6294  sec_per_iter: 0.4768  iters_per_sec: 2.1000  samples_per_sec: 33.5600  samples_per_sec_per_gpu: 8.3900  max_mem_allocated_mb: 607.2000  max_mem_reserved_mb: 21978.0000
04/09 05:22:14 - mmengine - INFO - Exp name: zod_camera_only_20260408_204407
04/09 05:22:14 - mmengine - INFO - Epoch(train) [12][4000/5000]  lr: 7.7720e-07  eta: 0:07:54  time: 0.5085  data_time: 0.0147  memory: 15695  grad_norm: 33.9255  loss: 6.1769  loss_heatmap: 2.3036  layer_-1_loss_cls: 0.4194  layer_-1_loss_bbox: 2.8305  matched_ious: 0.0491  aux_depth_loss: 0.6234  sec_per_iter: 0.4771  iters_per_sec: 2.1000  samples_per_sec: 33.5400  samples_per_sec_per_gpu: 8.3800  max_mem_allocated_mb: 607.2000  max_mem_reserved_mb: 21978.0000
04/09 05:22:38 - mmengine - INFO - Epoch(train) [12][4050/5000]  lr: 7.0202e-07  eta: 0:07:30  time: 0.4703  data_time: 0.0123  memory: 15695  grad_norm: 20.3809  loss: 6.1706  loss_heatmap: 2.2883  layer_-1_loss_cls: 0.4128  layer_-1_loss_bbox: 2.8456  matched_ious: 0.0627  aux_depth_loss: 0.6239  sec_per_iter: 0.4774  iters_per_sec: 2.0900  samples_per_sec: 33.5100  samples_per_sec_per_gpu: 8.3800  max_mem_allocated_mb: 607.2000  max_mem_reserved_mb: 21978.0000
04/09 05:23:02 - mmengine - INFO - Epoch(train) [12][4100/5000]  lr: 6.3068e-07  eta: 0:07:07  time: 0.4780  data_time: 0.0121  memory: 15694  grad_norm: 14.6243  loss: 6.0461  loss_heatmap: 2.2738  layer_-1_loss_cls: 0.4195  layer_-1_loss_bbox: 2.7252  matched_ious: 0.0676  aux_depth_loss: 0.6275  sec_per_iter: 0.4773  iters_per_sec: 2.0900  samples_per_sec: 33.5200  samples_per_sec_per_gpu: 8.3800  max_mem_allocated_mb: 607.2000  max_mem_reserved_mb: 21978.0000
04/09 05:23:25 - mmengine - INFO - Epoch(train) [12][4150/5000]  lr: 5.6319e-07  eta: 0:06:43  time: 0.4538  data_time: 0.0125  memory: 15695  grad_norm: 25.7191  loss: 5.9316  loss_heatmap: 2.2427  layer_-1_loss_cls: 0.4155  layer_-1_loss_bbox: 2.6521  matched_ious: 0.1217  aux_depth_loss: 0.6212  sec_per_iter: 0.4774  iters_per_sec: 2.0900  samples_per_sec: 33.5200  samples_per_sec_per_gpu: 8.3800  max_mem_allocated_mb: 607.2000  max_mem_reserved_mb: 21978.0000
04/09 05:23:51 - mmengine - INFO - Epoch(train) [12][4200/5000]  lr: 4.9955e-07  eta: 0:06:19  time: 0.5223  data_time: 0.0182  memory: 15694  grad_norm: 27.5115  loss: 6.1409  loss_heatmap: 2.3081  layer_-1_loss_cls: 0.4223  layer_-1_loss_bbox: 2.7822  matched_ious: 0.0978  aux_depth_loss: 0.6283  sec_per_iter: 0.4771  iters_per_sec: 2.1000  samples_per_sec: 33.5400  samples_per_sec_per_gpu: 8.3800  max_mem_allocated_mb: 607.2000  max_mem_reserved_mb: 21978.0000
04/09 05:24:16 - mmengine - INFO - Epoch(train) [12][4250/5000]  lr: 4.3975e-07  eta: 0:05:56  time: 0.5128  data_time: 0.0145  memory: 15695  grad_norm: 13.4606  loss: 6.1659  loss_heatmap: 2.3281  layer_-1_loss_cls: 0.4195  layer_-1_loss_bbox: 2.7870  matched_ious: 0.0748  aux_depth_loss: 0.6313  sec_per_iter: 0.4776  iters_per_sec: 2.0900  samples_per_sec: 33.5000  samples_per_sec_per_gpu: 8.3700  max_mem_allocated_mb: 607.2000  max_mem_reserved_mb: 21978.0000
04/09 05:24:42 - mmengine - INFO - Epoch(train) [12][4300/5000]  lr: 3.8380e-07  eta: 0:05:32  time: 0.5215  data_time: 0.0149  memory: 15696  grad_norm: 21.7117  loss: 6.1481  loss_heatmap: 2.2735  layer_-1_loss_cls: 0.4217  layer_-1_loss_bbox: 2.8143  matched_ious: 0.0992  aux_depth_loss: 0.6386  sec_per_iter: 0.4780  iters_per_sec: 2.0900  samples_per_sec: 33.4700  samples_per_sec_per_gpu: 8.3700  max_mem_allocated_mb: 607.2000  max_mem_reserved_mb: 21978.0000
04/09 05:25:07 - mmengine - INFO - Epoch(train) [12][4350/5000]  lr: 3.3170e-07  eta: 0:05:08  time: 0.4817  data_time: 0.0172  memory: 15694  grad_norm: 28.4623  loss: 6.0973  loss_heatmap: 2.2752  layer_-1_loss_cls: 0.4200  layer_-1_loss_bbox: 2.7794  matched_ious: 0.1115  aux_depth_loss: 0.6226  sec_per_iter: 0.4785  iters_per_sec: 2.0900  samples_per_sec: 33.4300  samples_per_sec_per_gpu: 8.3600  max_mem_allocated_mb: 607.2000  max_mem_reserved_mb: 21978.0000
04/09 05:25:30 - mmengine - INFO - Epoch(train) [12][4400/5000]  lr: 2.8345e-07  eta: 0:04:44  time: 0.4713  data_time: 0.0131  memory: 15694  grad_norm: 33.6710  loss: 6.0187  loss_heatmap: 2.2901  layer_-1_loss_cls: 0.4214  layer_-1_loss_bbox: 2.6735  matched_ious: 0.1104  aux_depth_loss: 0.6336  sec_per_iter: 0.4786  iters_per_sec: 2.0900  samples_per_sec: 33.4300  samples_per_sec_per_gpu: 8.3600  max_mem_allocated_mb: 607.2000  max_mem_reserved_mb: 21978.0000
04/09 05:25:53 - mmengine - INFO - Epoch(train) [12][4450/5000]  lr: 2.3906e-07  eta: 0:04:21  time: 0.4602  data_time: 0.0128  memory: 15693  grad_norm: 17.0783  loss: 6.1049  loss_heatmap: 2.2940  layer_-1_loss_cls: 0.4193  layer_-1_loss_bbox: 2.7650  matched_ious: 0.1532  aux_depth_loss: 0.6266  sec_per_iter: 0.4785  iters_per_sec: 2.0900  samples_per_sec: 33.4400  samples_per_sec_per_gpu: 8.3600  max_mem_allocated_mb: 607.2000  max_mem_reserved_mb: 21978.0000
04/09 05:26:16 - mmengine - INFO - Epoch(train) [12][4500/5000]  lr: 1.9851e-07  eta: 0:03:57  time: 0.4655  data_time: 0.0130  memory: 15695  grad_norm: 28.2526  loss: 6.1258  loss_heatmap: 2.2862  layer_-1_loss_cls: 0.4212  layer_-1_loss_bbox: 2.7729  matched_ious: 0.0862  aux_depth_loss: 0.6456  sec_per_iter: 0.4783  iters_per_sec: 2.0900  samples_per_sec: 33.4500  samples_per_sec_per_gpu: 8.3600  max_mem_allocated_mb: 607.2000  max_mem_reserved_mb: 21978.0000
04/09 05:26:41 - mmengine - INFO - Epoch(train) [12][4550/5000]  lr: 1.6182e-07  eta: 0:03:33  time: 0.4952  data_time: 0.0116  memory: 15695  grad_norm: 21.3517  loss: 6.0522  loss_heatmap: 2.2535  layer_-1_loss_cls: 0.4171  layer_-1_loss_bbox: 2.7657  matched_ious: 0.0570  aux_depth_loss: 0.6158  sec_per_iter: 0.4781  iters_per_sec: 2.0900  samples_per_sec: 33.4600  samples_per_sec_per_gpu: 8.3700  max_mem_allocated_mb: 607.2000  max_mem_reserved_mb: 21978.0000
04/09 05:27:05 - mmengine - INFO - Epoch(train) [12][4600/5000]  lr: 1.2898e-07  eta: 0:03:09  time: 0.4702  data_time: 0.0123  memory: 15694  grad_norm: 19.1576  loss: 6.0453  loss_heatmap: 2.2632  layer_-1_loss_cls: 0.4211  layer_-1_loss_bbox: 2.7358  matched_ious: 0.0617  aux_depth_loss: 0.6251  sec_per_iter: 0.4783  iters_per_sec: 2.0900  samples_per_sec: 33.4500  samples_per_sec_per_gpu: 8.3600  max_mem_allocated_mb: 607.2000  max_mem_reserved_mb: 21978.0000
04/09 05:27:28 - mmengine - INFO - Epoch(train) [12][4650/5000]  lr: 9.9989e-08  eta: 0:02:46  time: 0.4622  data_time: 0.0128  memory: 15695  grad_norm: 21.7183  loss: 6.1555  loss_heatmap: 2.3063  layer_-1_loss_cls: 0.4199  layer_-1_loss_bbox: 2.7951  matched_ious: 0.0407  aux_depth_loss: 0.6341  sec_per_iter: 0.4782  iters_per_sec: 2.0900  samples_per_sec: 33.4600  samples_per_sec_per_gpu: 8.3600  max_mem_allocated_mb: 607.2000  max_mem_reserved_mb: 21978.0000
04/09 05:27:54 - mmengine - INFO - Epoch(train) [12][4700/5000]  lr: 7.4855e-08  eta: 0:02:22  time: 0.5186  data_time: 0.0129  memory: 15694  grad_norm: 23.7688  loss: 6.2006  loss_heatmap: 2.2989  layer_-1_loss_cls: 0.4154  layer_-1_loss_bbox: 2.8572  matched_ious: 0.0704  aux_depth_loss: 0.6292  sec_per_iter: 0.4781  iters_per_sec: 2.0900  samples_per_sec: 33.4700  samples_per_sec_per_gpu: 8.3700  max_mem_allocated_mb: 607.2000  max_mem_reserved_mb: 21978.0000
04/09 05:28:18 - mmengine - INFO - Epoch(train) [12][4750/5000]  lr: 5.3576e-08  eta: 0:01:58  time: 0.4827  data_time: 0.0152  memory: 15697  grad_norm: 24.6580  loss: 6.1943  loss_heatmap: 2.2839  layer_-1_loss_cls: 0.4194  layer_-1_loss_bbox: 2.8598  matched_ious: 0.0731  aux_depth_loss: 0.6312  sec_per_iter: 0.4785  iters_per_sec: 2.0900  samples_per_sec: 33.4400  samples_per_sec_per_gpu: 8.3600  max_mem_allocated_mb: 607.2000  max_mem_reserved_mb: 21978.0000
04/09 05:28:41 - mmengine - INFO - Epoch(train) [12][4800/5000]  lr: 3.6151e-08  eta: 0:01:34  time: 0.4577  data_time: 0.0113  memory: 15694  grad_norm: 23.1387  loss: 6.1652  loss_heatmap: 2.2873  layer_-1_loss_cls: 0.4165  layer_-1_loss_bbox: 2.8362  matched_ious: 0.0487  aux_depth_loss: 0.6252  sec_per_iter: 0.4786  iters_per_sec: 2.0900  samples_per_sec: 33.4300  samples_per_sec_per_gpu: 8.3600  max_mem_allocated_mb: 607.2000  max_mem_reserved_mb: 21978.0000
04/09 05:29:04 - mmengine - INFO - Epoch(train) [12][4850/5000]  lr: 2.2581e-08  eta: 0:01:11  time: 0.4745  data_time: 0.0126  memory: 15696  grad_norm: 18.4006  loss: 6.1460  loss_heatmap: 2.2896  layer_-1_loss_cls: 0.4230  layer_-1_loss_bbox: 2.8068  matched_ious: 0.0894  aux_depth_loss: 0.6267  sec_per_iter: 0.4783  iters_per_sec: 2.0900  samples_per_sec: 33.4500  samples_per_sec_per_gpu: 8.3600  max_mem_allocated_mb: 607.2000  max_mem_reserved_mb: 21978.0000
04/09 05:29:28 - mmengine - INFO - Epoch(train) [12][4900/5000]  lr: 1.2865e-08  eta: 0:00:47  time: 0.4728  data_time: 0.0120  memory: 15697  grad_norm: 20.4975  loss: 6.1099  loss_heatmap: 2.2761  layer_-1_loss_cls: 0.4067  layer_-1_loss_bbox: 2.8009  matched_ious: 0.0900  aux_depth_loss: 0.6261  sec_per_iter: 0.4783  iters_per_sec: 2.0900  samples_per_sec: 33.4500  samples_per_sec_per_gpu: 8.3600  max_mem_allocated_mb: 607.2000  max_mem_reserved_mb: 21978.0000
04/09 05:29:53 - mmengine - INFO - Epoch(train) [12][4950/5000]  lr: 7.0055e-09  eta: 0:00:23  time: 0.4898  data_time: 0.0140  memory: 15696  grad_norm: 32.0699  loss: 6.2133  loss_heatmap: 2.3171  layer_-1_loss_cls: 0.4159  layer_-1_loss_bbox: 2.8563  matched_ious: 0.1174  aux_depth_loss: 0.6239  sec_per_iter: 0.4782  iters_per_sec: 2.0900  samples_per_sec: 33.4600  samples_per_sec_per_gpu: 8.3600  max_mem_allocated_mb: 607.2000  max_mem_reserved_mb: 21978.0000
04/09 05:30:15 - mmengine - INFO - Exp name: zod_camera_only_20260408_204407
04/09 05:30:15 - mmengine - INFO - Epoch(train) [12][5000/5000]  lr: 5.0008e-09  eta: 0:00:00  time: 0.4549  data_time: 0.0115  memory: 15695  grad_norm: 25.5222  loss: 6.1764  loss_heatmap: 2.2930  layer_-1_loss_cls: 0.4193  layer_-1_loss_bbox: 2.8445  matched_ious: 0.0960  aux_depth_loss: 0.6196  sec_per_iter: 0.4784  iters_per_sec: 2.0900  samples_per_sec: 33.4500  samples_per_sec_per_gpu: 8.3600  max_mem_allocated_mb: 607.2000  max_mem_reserved_mb: 21978.0000
04/09 05:30:15 - mmengine - INFO - [Efficiency] Epoch 12: wall=2390.7s  iters=5000  sec/iter=0.478  mem_alloc=607MB  mem_rsv=21978MB
04/09 05:30:17 - mmengine - INFO - Saved /home/users/u103958/projects/multimodal-MoE/outputs/runs/zod_camera_only/zod-cam-only_4461334/visualizations/bev_pred_vs_gt_epoch_12.png  (GT=16, pred=0, max_score=0.061)
04/09 05:30:17 - mmengine - INFO - Saved /home/users/u103958/projects/multimodal-MoE/outputs/runs/zod_camera_only/zod-cam-only_4461334/visualizations/bev_val_pred_vs_gt_epoch_12.png  (GT=25, pred=0, max_score=0.049)
04/09 05:30:17 - mmengine - INFO - Saved /home/users/u103958/projects/multimodal-MoE/outputs/runs/zod_camera_only/zod-cam-only_4461334/visualizations/camera_bev_features_epoch_12.png
04/09 05:30:18 - mmengine - INFO - Saved /home/users/u103958/projects/multimodal-MoE/outputs/runs/zod_camera_only/zod-cam-only_4461334/visualizations/depth_transform_diagnostic_epoch_12.png
04/09 05:30:18 - mmengine - INFO - ========================================================================
04/09 05:30:18 - mmengine - INFO -   DEPTH PROJECTION DEBUG — Sparse depth analysis
04/09 05:30:18 - mmengine - INFO - ========================================================================
04/09 05:30:18 - mmengine - INFO -   lidar2img  shape=(1, 4, 4)
04/09 05:30:18 - mmengine - INFO -     [  622.2576  -478.3849    -1.9513 -1257.4954]
04/09 05:30:18 - mmengine - INFO -     [ 350.0951    7.6426 -478.2796 -167.8321]
04/09 05:30:18 - mmengine - INFO -     [ 1.      0.003   0.0074 -2.0314]
04/09 05:30:18 - mmengine - INFO -     [0. 0. 0. 1.]
04/09 05:30:18 - mmengine - INFO -   cam2img  shape=(1, 4, 4)
04/09 05:30:18 - mmengine - INFO -     [480.324    0.     620.7651   0.    ]
04/09 05:30:18 - mmengine - INFO -     [  0.     480.9149 346.5506   0.    ]
04/09 05:30:18 - mmengine - INFO -     [0. 0. 1. 0.]
04/09 05:30:18 - mmengine - INFO -     [0. 0. 0. 1.]
04/09 05:30:18 - mmengine - INFO -   img_aug_matrix  shape=(1, 4, 4)
04/09 05:30:18 - mmengine - INFO -     [1. 0. 0. 0.]
04/09 05:30:18 - mmengine - INFO -     [0. 1. 0. 0.]
04/09 05:30:18 - mmengine - INFO -     [0. 0. 1. 0.]
04/09 05:30:18 - mmengine - INFO -     [0. 0. 0. 1.]
04/09 05:30:18 - mmengine - INFO -   lidar_aug_matrix  shape=(4, 4)
04/09 05:30:18 - mmengine - INFO -     [1. 0. 0. 0.]
04/09 05:30:18 - mmengine - INFO -     [0. 1. 0. 0.]
04/09 05:30:18 - mmengine - INFO -     [0. 0. 1. 0.]
04/09 05:30:18 - mmengine - INFO -     [0. 0. 0. 1.]
04/09 05:30:18 - mmengine - INFO -   img tensor shape: (1, 1, 3, 704, 1248)
04/09 05:30:18 - mmengine - INFO -   points[0] shape:  (50570, 4)
04/09 05:30:18 - mmengine - INFO -   image_size=[704, 1248]  feature_size=[88, 156]  D=178
04/09 05:30:19 - mmengine - INFO -   projected: 50570 / 50570 on image
04/09 05:30:19 - mmengine - INFO -   row min/max/mean: 226.9 / 703.6 / 382.4
04/09 05:30:19 - mmengine - INFO - ------------------------------------------------------------------------
04/09 05:30:19 - mmengine - INFO -   MULTI-HIT / OVERWRITE ANALYSIS (full-res depth map)
04/09 05:30:19 - mmengine - INFO -   total LiDAR hits on image:     50570
04/09 05:30:19 - mmengine - INFO -   unique pixels occupied:         45944
04/09 05:30:19 - mmengine - INFO -   pixels with >1 hit:             4354
04/09 05:30:19 - mmengine - INFO -   overwritten points (lost):      4626  (9.1%)
04/09 05:30:19 - mmengine - INFO -   multi-hit max/mean:             4 / 2.1
04/09 05:30:19 - mmengine - INFO -   full-res occupancy:             45944 / 878592 = 5.229%
04/09 05:30:19 - mmengine - INFO - ------------------------------------------------------------------------
04/09 05:30:19 - mmengine - INFO -   OCCUPANCY THROUGH DEPTH PIPELINE
04/09 05:30:19 - mmengine - INFO -   sparse_depth (full-res):  (1, 1, 704, 1248)
04/09 05:30:19 - mmengine - INFO -     nonzero: 156662 / 878592  (17.831%)
04/09 05:30:19 - mmengine - INFO -     active rows: 479/704  cols: 1248/1248
04/09 05:30:19 - mmengine - INFO -   dtransform output:        (1, 64, 88, 156)
04/09 05:30:19 - mmengine - INFO -     active cells (any ch>0): 13728 / 13728  (100.00%)
04/09 05:30:19 - mmengine - INFO -   img_features:             (1, 1, 256, 88, 156)
04/09 05:30:19 - mmengine - INFO -   depthnet output:          (1, 258, 88, 156)
04/09 05:30:19 - mmengine - INFO -   camera BEV:               (1, 80, 180, 180)
04/09 05:30:22 - mmengine - INFO -   Saved /home/users/u103958/projects/multimodal-MoE/outputs/runs/zod_camera_only/zod-cam-only_4461334/debug/sparse_depth_pipeline.png
04/09 05:30:23 - mmengine - INFO -   Saved /home/users/u103958/projects/multimodal-MoE/outputs/runs/zod_camera_only/zod-cam-only_4461334/debug/lidar_projection_overlay.png
04/09 05:30:23 - mmengine - INFO - ========================================================================
04/09 05:30:23 - mmengine - INFO - Saving checkpoint at 12 epochs
04/09 05:30:32 - mmengine - INFO - Epoch(val) [12][  50/1250]    eta: 0:02:43  time: 0.1360  data_time: 0.0100  memory: 4720  
04/09 05:30:39 - mmengine - INFO - Epoch(val) [12][ 100/1250]    eta: 0:02:32  time: 0.1284  data_time: 0.0053  memory: 4725  
04/09 05:30:45 - mmengine - INFO - Epoch(val) [12][ 150/1250]    eta: 0:02:21  time: 0.1223  data_time: 0.0051  memory: 4729  
04/09 05:30:51 - mmengine - INFO - Epoch(val) [12][ 200/1250]    eta: 0:02:14  time: 0.1256  data_time: 0.0057  memory: 4726  
04/09 05:30:57 - mmengine - INFO - Epoch(val) [12][ 250/1250]    eta: 0:02:07  time: 0.1267  data_time: 0.0053  memory: 4716  
04/09 05:31:04 - mmengine - INFO - Epoch(val) [12][ 300/1250]    eta: 0:02:00  time: 0.1249  data_time: 0.0052  memory: 4723  
04/09 05:31:10 - mmengine - INFO - Epoch(val) [12][ 350/1250]    eta: 0:01:55  time: 0.1340  data_time: 0.0055  memory: 4726  
04/09 05:31:17 - mmengine - INFO - Epoch(val) [12][ 400/1250]    eta: 0:01:49  time: 0.1299  data_time: 0.0061  memory: 4716  
04/09 05:31:23 - mmengine - INFO - Epoch(val) [12][ 450/1250]    eta: 0:01:42  time: 0.1240  data_time: 0.0054  memory: 4719  
04/09 05:31:29 - mmengine - INFO - Epoch(val) [12][ 500/1250]    eta: 0:01:35  time: 0.1249  data_time: 0.0057  memory: 4719  
04/09 05:31:36 - mmengine - INFO - Epoch(val) [12][ 550/1250]    eta: 0:01:29  time: 0.1336  data_time: 0.0056  memory: 4719  
04/09 05:31:42 - mmengine - INFO - Epoch(val) [12][ 600/1250]    eta: 0:01:23  time: 0.1249  data_time: 0.0055  memory: 4723  
04/09 05:31:49 - mmengine - INFO - Epoch(val) [12][ 650/1250]    eta: 0:01:16  time: 0.1268  data_time: 0.0057  memory: 4723  
04/09 05:31:55 - mmengine - INFO - Epoch(val) [12][ 700/1250]    eta: 0:01:10  time: 0.1282  data_time: 0.0055  memory: 4720  
04/09 05:32:01 - mmengine - INFO - Epoch(val) [12][ 750/1250]    eta: 0:01:03  time: 0.1242  data_time: 0.0054  memory: 4722  
04/09 05:32:08 - mmengine - INFO - Epoch(val) [12][ 800/1250]    eta: 0:00:57  time: 0.1284  data_time: 0.0054  memory: 4717  
04/09 05:32:14 - mmengine - INFO - Epoch(val) [12][ 850/1250]    eta: 0:00:51  time: 0.1274  data_time: 0.0056  memory: 4722  
04/09 05:32:20 - mmengine - INFO - Epoch(val) [12][ 900/1250]    eta: 0:00:44  time: 0.1276  data_time: 0.0055  memory: 4726  
04/09 05:32:27 - mmengine - INFO - Epoch(val) [12][ 950/1250]    eta: 0:00:38  time: 0.1244  data_time: 0.0053  memory: 4723  
04/09 05:32:33 - mmengine - INFO - Epoch(val) [12][1000/1250]    eta: 0:00:31  time: 0.1285  data_time: 0.0054  memory: 4726  
04/09 05:32:39 - mmengine - INFO - Epoch(val) [12][1050/1250]    eta: 0:00:25  time: 0.1264  data_time: 0.0061  memory: 4726  
04/09 05:32:46 - mmengine - INFO - Epoch(val) [12][1100/1250]    eta: 0:00:19  time: 0.1254  data_time: 0.0053  memory: 4726  
04/09 05:32:52 - mmengine - INFO - Epoch(val) [12][1150/1250]    eta: 0:00:12  time: 0.1238  data_time: 0.0057  memory: 4721  
04/09 05:32:58 - mmengine - INFO - Epoch(val) [12][1200/1250]    eta: 0:00:06  time: 0.1278  data_time: 0.0052  memory: 4719  
04/09 05:33:05 - mmengine - INFO - Epoch(val) [12][1250/1250]    eta: 0:00:00  time: 0.1268  data_time: 0.0059  memory: 4723  
04/09 05:34:19 - mmengine - INFO - 
+------------+---------+---------+---------+---------+
| classes    | AP_0.25 | AR_0.25 | AP_0.50 | AR_0.50 |
+------------+---------+---------+---------+---------+
| pedestrian | 0.0247  | 0.2005  | 0.0008  | 0.0276  |
+------------+---------+---------+---------+---------+
| Overall    | 0.0247  | 0.2005  | 0.0008  | 0.0276  |
+------------+---------+---------+---------+---------+
04/09 05:34:50 - mmengine - INFO - 
+------------+---------+---------+---------+---------+---------+---------+---------+---------+
| classes    | AP_0.5m | AR_0.5m | AP_1.0m | AR_1.0m | AP_2.0m | AR_2.0m | AP_4.0m | AR_4.0m |
+------------+---------+---------+---------+---------+---------+---------+---------+---------+
| pedestrian | 0.0554  | 0.3241  | 0.0715  | 0.3753  | 0.0765  | 0.4087  | 0.0820  | 0.4409  |
+------------+---------+---------+---------+---------+---------+---------+---------+---------+
| Overall    | 0.0554  | 0.3241  | 0.0715  | 0.3753  | 0.0765  | 0.4087  | 0.0820  | 0.4409  |
+------------+---------+---------+---------+---------+---------+---------+---------+---------+
04/09 05:34:50 - mmengine - INFO - Epoch(val) [12][1250/1250]    pedestrian_AP_0.25: 0.0247  mAP_0.25: 0.0247  pedestrian_rec_0.25: 0.2005  mAR_0.25: 0.2005  pedestrian_AP_0.50: 0.0008  mAP_0.50: 0.0008  pedestrian_rec_0.50: 0.0276  mAR_0.50: 0.0276  pedestrian_AP_0.5m: 0.0554  pedestrian_rec_0.5m: 0.3241  pedestrian_AP_1.0m: 0.0715  pedestrian_rec_1.0m: 0.3753  pedestrian_AP_2.0m: 0.0765  pedestrian_rec_2.0m: 0.4087  pedestrian_AP_4.0m: 0.0820  pedestrian_rec_4.0m: 0.4409  mAP_0.5m: 0.0554  mAR_0.5m: 0.3241  mAP_1.0m: 0.0715  mAR_1.0m: 0.3753  mAP_2.0m: 0.0765  mAR_2.0m: 0.4087  mAP_4.0m: 0.0820  mAR_4.0m: 0.4409  data_time: 0.0057  time: 0.1272
04/09 05:34:51 - mmengine - INFO - 
========================================================================
  RUN SUMMARY
========================================================================

  A) Run Configuration
     world_size           : 4
     per_gpu_batch_size   : 4
     global_batch_size    : 16
     total_epochs         : 12

  B) Validation Performance
     best_epoch           : 4
     best/pedestrian_AP_0.25: 0.0421
     best/mAP_0.25          : 0.0421
     best/pedestrian_rec_0.25: 0.2772
     best/mAR_0.25          : 0.2772
     best/pedestrian_AP_0.50: 0.0013
     best/mAP_0.50          : 0.0013
     best/pedestrian_rec_0.50: 0.0385
     best/mAR_0.50          : 0.0385
     best/pedestrian_AP_0.5m: 0.1254
     best/pedestrian_rec_0.5m: 0.5210
     best/pedestrian_AP_1.0m: 0.2181
     best/pedestrian_rec_1.0m: 0.6394
     best/pedestrian_AP_2.0m: 0.2670
     best/pedestrian_rec_2.0m: 0.7004
     best/pedestrian_AP_4.0m: 0.2899
     best/pedestrian_rec_4.0m: 0.7506
     best/mAP_0.5m          : 0.1254
     best/mAR_0.5m          : 0.5210
     best/mAP_1.0m          : 0.2181
     best/mAR_1.0m          : 0.6394
     best/mAP_2.0m          : 0.2670
     best/mAR_2.0m          : 0.7004
     best/mAP_4.0m          : 0.2899
     best/mAR_4.0m          : 0.7506

     final/pedestrian_AP_0.25: 0.0247
     final/mAP_0.25         : 0.0247
     final/pedestrian_rec_0.25: 0.2005
     final/mAR_0.25         : 0.2005
     final/pedestrian_AP_0.50: 0.0008
     final/mAP_0.50         : 0.0008
     final/pedestrian_rec_0.50: 0.0276
     final/mAR_0.50         : 0.0276
     final/pedestrian_AP_0.5m: 0.0554
     final/pedestrian_rec_0.5m: 0.3241
     final/pedestrian_AP_1.0m: 0.0715
     final/pedestrian_rec_1.0m: 0.3753
     final/pedestrian_AP_2.0m: 0.0765
     final/pedestrian_rec_2.0m: 0.4087
     final/pedestrian_AP_4.0m: 0.0820
     final/pedestrian_rec_4.0m: 0.4409
     final/mAP_0.5m         : 0.0554
     final/mAR_0.5m         : 0.3241
     final/mAP_1.0m         : 0.0715
     final/mAR_1.0m         : 0.3753
     final/mAP_2.0m         : 0.0765
     final/mAR_2.0m         : 0.4087
     final/mAP_4.0m         : 0.0820
     final/mAR_4.0m         : 0.4409

  C) Training Efficiency
     total_wall_time      : 31785.8s  (8.83h)
     total_iters          : 60000
     avg_sec_per_iter     : 0.5298
     avg_iters_per_sec    : 1.89
     avg_samples_per_sec  : 30.20
     avg_samples/s/gpu    : 7.55
     peak_mem_allocated_mb: 15700
     peak_mem_reserved_mb : 21978

========================================================================
04/09 05:34:51 - mmengine - INFO - Run summary saved to /home/users/u103958/projects/multimodal-MoE/outputs/runs/zod_camera_only/zod-cam-only_4461334/run_summary.txt
=== Finished. Checkpoints and logs under: /home/users/u103958/projects/multimodal-MoE/outputs/runs/zod_camera_only/zod-cam-only_4461334 ===
