2026/05/22 19:56:46 - mmengine - INFO - 
------------------------------------------------------------
System environment:
    sys.platform: linux
    Python: 3.10.20 | packaged by conda-forge | (main, Mar  5 2026, 16:42:22) [GCC 14.3.0]
    CUDA available: True
    MUSA available: False
    numpy_random_seed: 1089686389
    GPU 0: NVIDIA A100-SXM4-40GB
    CUDA_HOME: None
    GCC: gcc (GCC) 8.5.0 20210514 (Red Hat 8.5.0-28)
    PyTorch: 2.4.0+cu121
    PyTorch compiling details: PyTorch built with:
  - GCC 9.3
  - C++ Version: 201703
  - Intel(R) oneAPI Math Kernel Library Version 2022.2-Product Build 20220804 for Intel(R) 64 architecture applications
  - Intel(R) MKL-DNN v3.4.2 (Git Hash 1137e04ec0b5251ca2b4400a4fd3c667ce843d67)
  - OpenMP 201511 (a.k.a. OpenMP 4.5)
  - LAPACK is enabled (usually provided by MKL)
  - NNPACK is enabled
  - CPU capability usage: AVX2
  - CUDA Runtime 12.1
  - NVCC architecture flags: -gencode;arch=compute_50,code=sm_50;-gencode;arch=compute_60,code=sm_60;-gencode;arch=compute_70,code=sm_70;-gencode;arch=compute_75,code=sm_75;-gencode;arch=compute_80,code=sm_80;-gencode;arch=compute_86,code=sm_86;-gencode;arch=compute_90,code=sm_90
  - CuDNN 90.1  (built against CUDA 12.4)
  - Magma 2.6.1
  - Build settings: BLAS_INFO=mkl, BUILD_TYPE=Release, CUDA_VERSION=12.1, CUDNN_VERSION=9.1.0, CXX_COMPILER=/opt/rh/devtoolset-9/root/usr/bin/c++, CXX_FLAGS= -D_GLIBCXX_USE_CXX11_ABI=0 -fabi-version=11 -fvisibility-inlines-hidden -DUSE_PTHREADPOOL -DNDEBUG -DUSE_KINETO -DLIBKINETO_NOROCTRACER -DUSE_FBGEMM -DUSE_PYTORCH_QNNPACK -DUSE_XNNPACK -DSYMBOLICATE_MOBILE_DEBUG_HANDLE -O2 -fPIC -Wall -Wextra -Werror=return-type -Werror=non-virtual-dtor -Werror=bool-operation -Wnarrowing -Wno-missing-field-initializers -Wno-type-limits -Wno-array-bounds -Wno-unknown-pragmas -Wno-unused-parameter -Wno-unused-function -Wno-unused-result -Wno-strict-overflow -Wno-strict-aliasing -Wno-stringop-overflow -Wsuggest-override -Wno-psabi -Wno-error=pedantic -Wno-error=old-style-cast -Wno-missing-braces -fdiagnostics-color=always -faligned-new -Wno-unused-but-set-variable -Wno-maybe-uninitialized -fno-math-errno -fno-trapping-math -Werror=format -Wno-stringop-overflow, LAPACK_INFO=mkl, PERF_WITH_AVX=1, PERF_WITH_AVX2=1, PERF_WITH_AVX512=1, TORCH_VERSION=2.4.0, USE_CUDA=ON, USE_CUDNN=ON, USE_CUSPARSELT=1, USE_EXCEPTION_PTR=1, USE_GFLAGS=OFF, USE_GLOG=OFF, USE_GLOO=ON, USE_MKL=ON, USE_MKLDNN=ON, USE_MPI=OFF, USE_NCCL=1, USE_NNPACK=ON, USE_OPENMP=ON, USE_ROCM=OFF, USE_ROCM_KERNEL_ASSERT=OFF, 

    TorchVision: 0.19.0+cu121
    OpenCV: 4.9.0
    MMEngine: 0.10.7

Runtime environment:
    cudnn_benchmark: False
    mp_cfg: {'mp_start_method': 'fork', 'opencv_num_threads': 0}
    dist_cfg: {'backend': 'nccl'}
    seed: 1089686389
    Distributed launcher: slurm
    Distributed training: True
    GPU number: 4
------------------------------------------------------------

2026/05/22 19:56:47 - mmengine - INFO - Config:
auto_scale_lr = dict(enable=False)
backend_args = None
bev_moe_cfg = dict(
    channels=512,
    context_aux_cfg=None,
    ctx_gate_temp_high=1.0,
    ctx_gate_warmup_epochs=0,
    expert_type='full',
    gate_cfg=dict(temperature=1.0),
    gate_input_detach=False,
    gate_type='dense',
    importance_coef=0.005,
    k=4,
    load_coef=0.0,
    num_convs=2,
    num_experts=4,
    residual_gain=1.0,
    switch_balance_coef=0.0,
    type='BEVMoEBlock',
    z_loss_coef=0.0005)
class_names = [
    'pedestrian',
]
custom_hooks = [
    dict(type='BEVFeatureVisualizationHook'),
    dict(score_thr=0.15, type='BEVPredictionVisualizationHook'),
    dict(score_thr=0.15, type='BEVValPredictionVisualizationHook'),
    dict(type='TrainingEfficiencyHook'),
    dict(type='RunSummaryHook'),
    dict(
        filename='val_curve_ap_0_50_0_5m',
        metric_keys=(
            'mAP_0.50',
            'mAP_0.5m',
        ),
        type='ValidationCurveHook'),
    dict(
        dead_threshold_ratio=0.1,
        max_respawns=5,
        num_experts=4,
        perturbation_std=0.02,
        skip_first_epoch=True,
        type='ExpertRespawnHook'),
    dict(
        ap_metric_key='mAP_0.5m',
        enable_hook_a=True,
        enable_hook_b=True,
        enable_hook_c=False,
        num_experts=4,
        type='MoERoutingHook'),
    dict(type='ContextRoutingStatsHook'),
    dict(type='ContextExpertUsageVisualizationHook'),
]
custom_imports = dict(
    allow_failed_imports=False, imports=[
        'projects.BEVFusion.bevfusion',
    ])
data_prefix = dict(pts='')
data_root = '/mnt/tier2/project/p201222/u103958/zod_moe/zod_nuscenes/'
dataset_type = 'ZODDataset'
default_hooks = dict(
    checkpoint=dict(
        interval=5,
        rule='greater',
        save_best='mAP_0.50',
        type='CheckpointHook'),
    logger=dict(interval=50, type='LoggerHook'),
    param_scheduler=dict(type='ParamSchedulerHook'),
    sampler_seed=dict(type='DistSamplerSeedHook'),
    timer=dict(type='IterTimerHook'),
    visualization=dict(type='Det3DVisualizationHook'))
default_scope = 'mmdet3d'
env_cfg = dict(
    cudnn_benchmark=False,
    dist_cfg=dict(backend='nccl'),
    mp_cfg=dict(mp_start_method='fork', opencv_num_threads=0))
grid_size = [
    1440,
    1440,
    40,
]
input_modality = dict(use_camera=False, use_lidar=True)
launcher = 'slurm'
load_from = '/mnt/tier2/project/p201222/u103958/checkpoints/bevfusion_lidar_voxel0075_second_secfpn_8xb4-cyclic-20e_nus-3d-2628f933.pth'
log_level = 'INFO'
log_processor = dict(by_epoch=True, type='LogProcessor', window_size=50)
lr = 5e-05
metainfo = dict(
    box_type_3d='LiDAR', classes=[
        'pedestrian',
    ])
model = dict(
    bbox_head=dict(
        auxiliary=True,
        bbox_coder=dict(
            code_size=8,
            out_size_factor=8,
            pc_range=[
                0.0,
                -54.0,
            ],
            post_center_range=[
                0.0,
                -54.0,
                -10.0,
                108.0,
                54.0,
                10.0,
            ],
            score_threshold=0.0,
            type='TransFusionBBoxCoder',
            voxel_size=[
                0.075,
                0.075,
            ]),
        bn_momentum=0.1,
        common_heads=dict(
            center=[
                2,
                2,
            ], dim=[
                3,
                2,
            ], height=[
                1,
                2,
            ], rot=[
                2,
                2,
            ]),
        decoder_layer=dict(
            cross_attn_cfg=dict(dropout=0.1, embed_dims=128, num_heads=8),
            ffn_cfg=dict(
                act_cfg=dict(inplace=True, type='ReLU'),
                embed_dims=128,
                feedforward_channels=256,
                ffn_drop=0.1,
                num_fcs=2),
            norm_cfg=dict(type='LN'),
            pos_encoding_cfg=dict(input_channel=2, num_pos_feats=128),
            self_attn_cfg=dict(dropout=0.1, embed_dims=128, num_heads=8),
            type='TransformerDecoderLayer'),
        hidden_channel=128,
        in_channels=512,
        loss_bbox=dict(
            loss_weight=0.25, reduction='mean', type='mmdet.L1Loss'),
        loss_cls=dict(
            alpha=0.25,
            gamma=2.0,
            loss_weight=1.0,
            reduction='mean',
            type='mmdet.FocalLoss',
            use_sigmoid=True),
        loss_heatmap=dict(
            loss_weight=1.0, reduction='mean', type='mmdet.GaussianFocalLoss'),
        nms_kernel_size=3,
        num_classes=1,
        num_decoder_layers=1,
        num_proposals=500,
        test_cfg=dict(
            dataset='custom_zod',
            grid_size=[
                1440,
                1440,
                40,
            ],
            nms_type='circle',
            out_size_factor=8,
            pc_range=[
                0.0,
                -54.0,
            ],
            voxel_size=[
                0.075,
                0.075,
            ]),
        train_cfg=dict(
            assigner=dict(
                cls_cost=dict(
                    alpha=0.25,
                    gamma=2.0,
                    type='mmdet.FocalLossCost',
                    weight=0.15),
                iou_calculator=dict(coordinate='lidar', type='BboxOverlaps3D'),
                iou_cost=dict(type='IoU3DCost', weight=0.25),
                reg_cost=dict(type='BBoxBEVL1Cost', weight=0.25),
                type='HungarianAssigner3D'),
            code_weights=[
                1.0,
                1.0,
                1.0,
                1.0,
                1.0,
                1.0,
                1.0,
                1.0,
            ],
            dataset='custom_zod',
            gaussian_overlap=0.1,
            grid_size=[
                1440,
                1440,
                40,
            ],
            min_radius=2,
            out_size_factor=8,
            point_cloud_range=[
                0.0,
                -54.0,
                -5.0,
                108.0,
                54.0,
                3.0,
            ],
            pos_weight=-1,
            voxel_size=[
                0.075,
                0.075,
                0.2,
            ]),
        type='TransFusionHead'),
    bev_moe_cfg=dict(
        channels=512,
        context_aux_cfg=None,
        ctx_gate_temp_high=1.0,
        ctx_gate_warmup_epochs=0,
        expert_type='full',
        gate_cfg=dict(temperature=1.0),
        gate_input_detach=False,
        gate_type='dense',
        importance_coef=0.005,
        k=4,
        load_coef=0.0,
        num_convs=2,
        num_experts=4,
        residual_gain=1.0,
        switch_balance_coef=0.0,
        type='BEVMoEBlock',
        z_loss_coef=0.0005),
    bev_moe_position='post_neck',
    data_preprocessor=dict(
        pad_size_divisor=32,
        type='Det3DDataPreprocessor',
        voxelize_cfg=dict(
            max_num_points=10,
            max_voxels=[
                200000,
                240000,
            ],
            point_cloud_range=[
                0.0,
                -54.0,
                -5.0,
                108.0,
                54.0,
                3.0,
            ],
            voxel_size=[
                0.075,
                0.075,
                0.2,
            ],
            voxelize_reduce=True)),
    pts_backbone=dict(
        conv_cfg=dict(bias=False, type='Conv2d'),
        in_channels=256,
        layer_nums=[
            5,
            5,
        ],
        layer_strides=[
            1,
            2,
        ],
        norm_cfg=dict(eps=0.001, momentum=0.01, type='BN'),
        out_channels=[
            128,
            256,
        ],
        type='SECOND'),
    pts_middle_encoder=dict(
        block_type='basicblock',
        encoder_channels=(
            (
                16,
                16,
                32,
            ),
            (
                32,
                32,
                64,
            ),
            (
                64,
                64,
                128,
            ),
            (
                128,
                128,
            ),
        ),
        encoder_paddings=(
            (
                0,
                0,
                1,
            ),
            (
                0,
                0,
                1,
            ),
            (
                0,
                0,
                (
                    1,
                    1,
                    0,
                ),
            ),
            (
                0,
                0,
            ),
        ),
        in_channels=4,
        norm_cfg=dict(eps=0.001, momentum=0.01, type='BN1d'),
        order=(
            'conv',
            'norm',
            'act',
        ),
        sparse_shape=[
            1440,
            1440,
            41,
        ],
        type='BEVFusionSparseEncoder'),
    pts_neck=dict(
        in_channels=[
            128,
            256,
        ],
        norm_cfg=dict(eps=0.001, momentum=0.01, type='BN'),
        out_channels=[
            256,
            256,
        ],
        type='SECONDFPN',
        upsample_cfg=dict(bias=False, type='deconv'),
        upsample_strides=[
            1,
            2,
        ],
        use_conv_for_no_stride=True),
    pts_voxel_encoder=dict(num_features=4, type='HardSimpleVFE'),
    type='BEVFusion')
model_wrapper_cfg = dict(find_unused_parameters=True)
num_experts = 4
optim_wrapper = dict(
    clip_grad=dict(max_norm=10, norm_type=2),
    loss_scale='dynamic',
    optimizer=dict(lr=5e-05, type='AdamW', weight_decay=0.01),
    paramwise_cfg=dict(
        custom_keys=dict(
            {
                'bbox_head': dict(lr_mult=1.0),
                'bev_moe.context_summary': dict(decay_mult=0.05, lr_mult=1.0),
                'bev_moe.gate': dict(decay_mult=0.01, lr_mult=1.0),
                'pts_backbone': dict(lr_mult=1.0),
                'pts_neck': dict(lr_mult=1.0)
            })),
    type='AmpOptimWrapper')
out_size_factor = 8
param_scheduler = [
    dict(
        T_max=8,
        begin=0,
        by_epoch=True,
        convert_to_iter_based=True,
        end=8,
        eta_min=0.0005,
        type='CosineAnnealingLR'),
    dict(
        T_max=22,
        begin=8,
        by_epoch=True,
        convert_to_iter_based=True,
        end=30,
        eta_min=5e-09,
        type='CosineAnnealingLR'),
    dict(
        T_max=8,
        begin=0,
        by_epoch=True,
        convert_to_iter_based=True,
        end=8,
        eta_min=0.8947368421052632,
        type='CosineAnnealingMomentum'),
    dict(
        T_max=22,
        begin=8,
        by_epoch=True,
        convert_to_iter_based=True,
        end=30,
        eta_min=1,
        type='CosineAnnealingMomentum'),
]
point_cloud_range = [
    0.0,
    -54.0,
    -5.0,
    108.0,
    54.0,
    3.0,
]
resume = False
sparse_shape = [
    1440,
    1440,
    41,
]
test_cfg = dict()
test_dataloader = dict(
    batch_size=2,
    dataset=dict(
        ann_file='infos/zod_nuscenes_infos_test.pkl',
        backend_args=None,
        box_type_3d='LiDAR',
        data_prefix=dict(pts=''),
        data_root='/mnt/tier2/project/p201222/u103958/zod_moe/zod_nuscenes/',
        metainfo=dict(box_type_3d='LiDAR', classes=[
            'pedestrian',
        ]),
        modality=dict(use_camera=False, use_lidar=True),
        pipeline=[
            dict(
                backend_args=None,
                coord_type='LIDAR',
                load_dim=4,
                type='LoadPointsFromFile',
                use_dim=4),
            dict(
                point_cloud_range=[
                    0.0,
                    -54.0,
                    -5.0,
                    108.0,
                    54.0,
                    3.0,
                ],
                type='PointsRangeFilter'),
            dict(
                keys=[
                    'points',
                ],
                meta_keys=[
                    'box_type_3d',
                    'sample_idx',
                    'lidar_path',
                    'num_pts_feats',
                    'context',
                ],
                type='Pack3DDetInputs'),
        ],
        test_mode=True,
        type='ZODDataset',
        use_valid_flag=False,
        with_velocity=False),
    drop_last=False,
    num_workers=4,
    persistent_workers=True,
    sampler=dict(shuffle=False, type='DefaultSampler'))
test_evaluator = [
    dict(iou_thr=[
        0.25,
        0.5,
    ], type='IndoorMetric'),
    dict(dist_thr=[
        0.5,
        1.0,
        2.0,
    ], type='CenterDistanceMetric'),
]
test_pipeline = [
    dict(
        backend_args=None,
        coord_type='LIDAR',
        load_dim=4,
        type='LoadPointsFromFile',
        use_dim=4),
    dict(
        point_cloud_range=[
            0.0,
            -54.0,
            -5.0,
            108.0,
            54.0,
            3.0,
        ],
        type='PointsRangeFilter'),
    dict(
        keys=[
            'points',
        ],
        meta_keys=[
            'box_type_3d',
            'sample_idx',
            'lidar_path',
            'num_pts_feats',
            'context',
        ],
        type='Pack3DDetInputs'),
]
train_cfg = dict(by_epoch=True, max_epochs=30, val_interval=1)
train_dataloader = dict(
    batch_size=4,
    dataset=dict(
        ann_file='infos/zod_nuscenes_infos_train.pkl',
        box_type_3d='LiDAR',
        data_prefix=dict(pts=''),
        data_root='/mnt/tier2/project/p201222/u103958/zod_moe/zod_nuscenes/',
        filter_empty_gt=False,
        metainfo=dict(box_type_3d='LiDAR', classes=[
            'pedestrian',
        ]),
        modality=dict(use_camera=False, use_lidar=True),
        pipeline=[
            dict(
                backend_args=None,
                coord_type='LIDAR',
                load_dim=4,
                type='LoadPointsFromFile',
                use_dim=4),
            dict(
                type='LoadAnnotations3D',
                with_attr_label=False,
                with_bbox_3d=True,
                with_label_3d=True),
            dict(
                rot_range=[
                    0,
                    0,
                ],
                scale_ratio_range=[
                    0.9,
                    1.1,
                ],
                translation_std=0.5,
                type='GlobalRotScaleTrans'),
            dict(
                point_cloud_range=[
                    0.0,
                    -54.0,
                    -5.0,
                    108.0,
                    54.0,
                    3.0,
                ],
                type='PointsRangeFilter'),
            dict(
                point_cloud_range=[
                    0.0,
                    -54.0,
                    -5.0,
                    108.0,
                    54.0,
                    3.0,
                ],
                type='ObjectRangeFilter'),
            dict(classes=[
                'pedestrian',
            ], type='ObjectNameFilter'),
            dict(type='PointShuffle'),
            dict(
                keys=[
                    'points',
                    'gt_bboxes_3d',
                    'gt_labels_3d',
                ],
                meta_keys=[
                    'box_type_3d',
                    'sample_idx',
                    'lidar_path',
                    'transformation_3d_flow',
                    'pcd_rotation',
                    'pcd_scale_factor',
                    'pcd_trans',
                    'lidar_aug_matrix',
                    'context',
                ],
                type='Pack3DDetInputs'),
        ],
        test_mode=False,
        type='ZODDataset',
        use_valid_flag=False,
        with_velocity=False),
    num_workers=4,
    persistent_workers=True,
    sampler=dict(shuffle=True, type='DefaultSampler'))
train_pipeline = [
    dict(
        backend_args=None,
        coord_type='LIDAR',
        load_dim=4,
        type='LoadPointsFromFile',
        use_dim=4),
    dict(
        type='LoadAnnotations3D',
        with_attr_label=False,
        with_bbox_3d=True,
        with_label_3d=True),
    dict(
        rot_range=[
            0,
            0,
        ],
        scale_ratio_range=[
            0.9,
            1.1,
        ],
        translation_std=0.5,
        type='GlobalRotScaleTrans'),
    dict(
        point_cloud_range=[
            0.0,
            -54.0,
            -5.0,
            108.0,
            54.0,
            3.0,
        ],
        type='PointsRangeFilter'),
    dict(
        point_cloud_range=[
            0.0,
            -54.0,
            -5.0,
            108.0,
            54.0,
            3.0,
        ],
        type='ObjectRangeFilter'),
    dict(classes=[
        'pedestrian',
    ], type='ObjectNameFilter'),
    dict(type='PointShuffle'),
    dict(
        keys=[
            'points',
            'gt_bboxes_3d',
            'gt_labels_3d',
        ],
        meta_keys=[
            'box_type_3d',
            'sample_idx',
            'lidar_path',
            'transformation_3d_flow',
            'pcd_rotation',
            'pcd_scale_factor',
            'pcd_trans',
            'lidar_aug_matrix',
            'context',
        ],
        type='Pack3DDetInputs'),
]
val_cfg = dict()
val_dataloader = dict(
    batch_size=2,
    dataset=dict(
        ann_file='infos/zod_nuscenes_infos_val.pkl',
        backend_args=None,
        box_type_3d='LiDAR',
        data_prefix=dict(pts=''),
        data_root='/mnt/tier2/project/p201222/u103958/zod_moe/zod_nuscenes/',
        metainfo=dict(box_type_3d='LiDAR', classes=[
            'pedestrian',
        ]),
        modality=dict(use_camera=False, use_lidar=True),
        pipeline=[
            dict(
                backend_args=None,
                coord_type='LIDAR',
                load_dim=4,
                type='LoadPointsFromFile',
                use_dim=4),
            dict(
                point_cloud_range=[
                    0.0,
                    -54.0,
                    -5.0,
                    108.0,
                    54.0,
                    3.0,
                ],
                type='PointsRangeFilter'),
            dict(
                keys=[
                    'points',
                ],
                meta_keys=[
                    'box_type_3d',
                    'sample_idx',
                    'lidar_path',
                    'num_pts_feats',
                    'context',
                ],
                type='Pack3DDetInputs'),
        ],
        test_mode=True,
        type='ZODDataset',
        use_valid_flag=False,
        with_velocity=False),
    drop_last=False,
    num_workers=4,
    persistent_workers=True,
    sampler=dict(shuffle=False, type='DefaultSampler'))
val_evaluator = [
    dict(iou_thr=[
        0.25,
        0.5,
    ], type='IndoorMetric'),
    dict(dist_thr=[
        0.5,
        1.0,
        2.0,
    ], type='CenterDistanceMetric'),
]
vis_backends = [
    dict(type='LocalVisBackend'),
]
visualizer = dict(
    name='visualizer',
    type='Det3DLocalVisualizer',
    vis_backends=[
        dict(type='LocalVisBackend'),
    ])
voxel_size = [
    0.075,
    0.075,
    0.2,
]
work_dir = '/home/users/u103958/projects/multimodal-MoE/outputs/runs/zod_lidar_only_moe/lidar-moe-td-30_4610528'

2026/05/22 19:57:14 - mmengine - INFO - Hooks will be executed in the following order:
before_run:
(VERY_HIGH   ) RuntimeInfoHook                    
(NORMAL      ) ExpertRespawnHook                  
(BELOW_NORMAL) LoggerHook                         
(BELOW_NORMAL) MoERoutingHook                     
(BELOW_NORMAL) ContextRoutingStatsHook            
(LOW         ) ValidationCurveHook                
(LOW         ) ContextExpertUsageVisualizationHook
 -------------------- 
before_train:
(VERY_HIGH   ) RuntimeInfoHook                    
(NORMAL      ) IterTimerHook                      
(BELOW_NORMAL) TrainingEfficiencyHook             
(VERY_LOW    ) CheckpointHook                     
(VERY_LOW    ) RunSummaryHook                     
 -------------------- 
before_train_epoch:
(VERY_HIGH   ) RuntimeInfoHook                    
(NORMAL      ) IterTimerHook                      
(NORMAL      ) DistSamplerSeedHook                
(BELOW_NORMAL) TrainingEfficiencyHook             
(BELOW_NORMAL) MoERoutingHook                     
 -------------------- 
before_train_iter:
(VERY_HIGH   ) RuntimeInfoHook                    
(NORMAL      ) IterTimerHook                      
 -------------------- 
after_train_iter:
(VERY_HIGH   ) RuntimeInfoHook                    
(NORMAL      ) IterTimerHook                      
(NORMAL      ) ExpertRespawnHook                  
(BELOW_NORMAL) LoggerHook                         
(BELOW_NORMAL) TrainingEfficiencyHook             
(BELOW_NORMAL) MoERoutingHook                     
(LOW         ) ParamSchedulerHook                 
(VERY_LOW    ) CheckpointHook                     
(VERY_LOW    ) RunSummaryHook                     
 -------------------- 
after_train_epoch:
(NORMAL      ) IterTimerHook                      
(NORMAL      ) ExpertRespawnHook                  
(BELOW_NORMAL) TrainingEfficiencyHook             
(BELOW_NORMAL) MoERoutingHook                     
(LOW         ) ParamSchedulerHook                 
(LOW         ) BEVFeatureVisualizationHook        
(LOW         ) BEVPredictionVisualizationHook     
(LOW         ) BEVValPredictionVisualizationHook  
(VERY_LOW    ) CheckpointHook                     
 -------------------- 
before_val:
(VERY_HIGH   ) RuntimeInfoHook                    
 -------------------- 
before_val_epoch:
(NORMAL      ) IterTimerHook                      
(BELOW_NORMAL) ContextRoutingStatsHook            
(LOW         ) ContextExpertUsageVisualizationHook
 -------------------- 
before_val_iter:
(NORMAL      ) IterTimerHook                      
 -------------------- 
after_val_iter:
(NORMAL      ) IterTimerHook                      
(NORMAL      ) Det3DVisualizationHook             
(BELOW_NORMAL) LoggerHook                         
(BELOW_NORMAL) MoERoutingHook                     
(BELOW_NORMAL) ContextRoutingStatsHook            
(LOW         ) ContextExpertUsageVisualizationHook
 -------------------- 
after_val_epoch:
(VERY_HIGH   ) RuntimeInfoHook                    
(NORMAL      ) IterTimerHook                      
(BELOW_NORMAL) LoggerHook                         
(BELOW_NORMAL) MoERoutingHook                     
(BELOW_NORMAL) ContextRoutingStatsHook            
(LOW         ) ParamSchedulerHook                 
(LOW         ) ValidationCurveHook                
(LOW         ) ContextExpertUsageVisualizationHook
(VERY_LOW    ) CheckpointHook                     
(VERY_LOW    ) RunSummaryHook                     
 -------------------- 
after_val:
(VERY_HIGH   ) RuntimeInfoHook                    
 -------------------- 
after_train:
(VERY_HIGH   ) RuntimeInfoHook                    
(VERY_LOW    ) CheckpointHook                     
(VERY_LOW    ) RunSummaryHook                     
 -------------------- 
before_test:
(VERY_HIGH   ) RuntimeInfoHook                    
 -------------------- 
before_test_epoch:
(NORMAL      ) IterTimerHook                      
 -------------------- 
before_test_iter:
(NORMAL      ) IterTimerHook                      
 -------------------- 
after_test_iter:
(NORMAL      ) IterTimerHook                      
(NORMAL      ) Det3DVisualizationHook             
(BELOW_NORMAL) LoggerHook                         
 -------------------- 
after_test_epoch:
(VERY_HIGH   ) RuntimeInfoHook                    
(NORMAL      ) IterTimerHook                      
(BELOW_NORMAL) LoggerHook                         
 -------------------- 
after_test:
(VERY_HIGH   ) RuntimeInfoHook                    
 -------------------- 
after_run:
(BELOW_NORMAL) LoggerHook                         
 -------------------- 
2026/05/22 19:57:14 - mmengine - WARNING - LiDAR is not a meta file, simply parsed as meta information
2026/05/22 19:57:28 - mmengine - INFO - ------------------------------
2026/05/22 19:57:28 - mmengine - INFO - The length of training dataset: 79999
2026/05/22 19:57:28 - mmengine - INFO - The number of instances per category in the dataset:
+------------+--------+
| category   | number |
+------------+--------+
| pedestrian | 182784 |
+------------+--------+
2026/05/22 19:57:28 - mmengine - INFO - paramwise_options -- pts_backbone.blocks.0.0.weight:lr=5e-05
2026/05/22 19:57:28 - mmengine - INFO - paramwise_options -- pts_backbone.blocks.0.0.weight:weight_decay=0.01
2026/05/22 19:57:28 - mmengine - INFO - paramwise_options -- pts_backbone.blocks.0.0.weight:lr_mult=1.0
2026/05/22 19:57:28 - mmengine - INFO - paramwise_options -- pts_backbone.blocks.0.1.weight:lr=5e-05
2026/05/22 19:57:28 - mmengine - INFO - paramwise_options -- pts_backbone.blocks.0.1.weight:weight_decay=0.01
2026/05/22 19:57:28 - mmengine - INFO - paramwise_options -- pts_backbone.blocks.0.1.weight:lr_mult=1.0
2026/05/22 19:57:28 - mmengine - INFO - paramwise_options -- pts_backbone.blocks.0.1.bias:lr=5e-05
2026/05/22 19:57:28 - mmengine - INFO - paramwise_options -- pts_backbone.blocks.0.1.bias:weight_decay=0.01
2026/05/22 19:57:28 - mmengine - INFO - paramwise_options -- pts_backbone.blocks.0.1.bias:lr_mult=1.0
2026/05/22 19:57:28 - mmengine - INFO - paramwise_options -- pts_backbone.blocks.0.3.weight:lr=5e-05
2026/05/22 19:57:28 - mmengine - INFO - paramwise_options -- pts_backbone.blocks.0.3.weight:weight_decay=0.01
2026/05/22 19:57:28 - mmengine - INFO - paramwise_options -- pts_backbone.blocks.0.3.weight:lr_mult=1.0
2026/05/22 19:57:28 - mmengine - INFO - paramwise_options -- pts_backbone.blocks.0.4.weight:lr=5e-05
2026/05/22 19:57:28 - mmengine - INFO - paramwise_options -- pts_backbone.blocks.0.4.weight:weight_decay=0.01
2026/05/22 19:57:28 - mmengine - INFO - paramwise_options -- pts_backbone.blocks.0.4.weight:lr_mult=1.0
2026/05/22 19:57:28 - mmengine - INFO - paramwise_options -- pts_backbone.blocks.0.4.bias:lr=5e-05
2026/05/22 19:57:28 - mmengine - INFO - paramwise_options -- pts_backbone.blocks.0.4.bias:weight_decay=0.01
2026/05/22 19:57:28 - mmengine - INFO - paramwise_options -- pts_backbone.blocks.0.4.bias:lr_mult=1.0
2026/05/22 19:57:28 - mmengine - INFO - paramwise_options -- pts_backbone.blocks.0.6.weight:lr=5e-05
2026/05/22 19:57:28 - mmengine - INFO - paramwise_options -- pts_backbone.blocks.0.6.weight:weight_decay=0.01
2026/05/22 19:57:28 - mmengine - INFO - paramwise_options -- pts_backbone.blocks.0.6.weight:lr_mult=1.0
2026/05/22 19:57:28 - mmengine - INFO - paramwise_options -- pts_backbone.blocks.0.7.weight:lr=5e-05
2026/05/22 19:57:28 - mmengine - INFO - paramwise_options -- pts_backbone.blocks.0.7.weight:weight_decay=0.01
2026/05/22 19:57:28 - mmengine - INFO - paramwise_options -- pts_backbone.blocks.0.7.weight:lr_mult=1.0
2026/05/22 19:57:28 - mmengine - INFO - paramwise_options -- pts_backbone.blocks.0.7.bias:lr=5e-05
2026/05/22 19:57:28 - mmengine - INFO - paramwise_options -- pts_backbone.blocks.0.7.bias:weight_decay=0.01
2026/05/22 19:57:28 - mmengine - INFO - paramwise_options -- pts_backbone.blocks.0.7.bias:lr_mult=1.0
2026/05/22 19:57:28 - mmengine - INFO - paramwise_options -- pts_backbone.blocks.0.9.weight:lr=5e-05
2026/05/22 19:57:28 - mmengine - INFO - paramwise_options -- pts_backbone.blocks.0.9.weight:weight_decay=0.01
2026/05/22 19:57:28 - mmengine - INFO - paramwise_options -- pts_backbone.blocks.0.9.weight:lr_mult=1.0
2026/05/22 19:57:28 - mmengine - INFO - paramwise_options -- pts_backbone.blocks.0.10.weight:lr=5e-05
2026/05/22 19:57:28 - mmengine - INFO - paramwise_options -- pts_backbone.blocks.0.10.weight:weight_decay=0.01
2026/05/22 19:57:28 - mmengine - INFO - paramwise_options -- pts_backbone.blocks.0.10.weight:lr_mult=1.0
2026/05/22 19:57:28 - mmengine - INFO - paramwise_options -- pts_backbone.blocks.0.10.bias:lr=5e-05
2026/05/22 19:57:28 - mmengine - INFO - paramwise_options -- pts_backbone.blocks.0.10.bias:weight_decay=0.01
2026/05/22 19:57:28 - mmengine - INFO - paramwise_options -- pts_backbone.blocks.0.10.bias:lr_mult=1.0
2026/05/22 19:57:28 - mmengine - INFO - paramwise_options -- pts_backbone.blocks.0.12.weight:lr=5e-05
2026/05/22 19:57:28 - mmengine - INFO - paramwise_options -- pts_backbone.blocks.0.12.weight:weight_decay=0.01
2026/05/22 19:57:28 - mmengine - INFO - paramwise_options -- pts_backbone.blocks.0.12.weight:lr_mult=1.0
2026/05/22 19:57:28 - mmengine - INFO - paramwise_options -- pts_backbone.blocks.0.13.weight:lr=5e-05
2026/05/22 19:57:28 - mmengine - INFO - paramwise_options -- pts_backbone.blocks.0.13.weight:weight_decay=0.01
2026/05/22 19:57:28 - mmengine - INFO - paramwise_options -- pts_backbone.blocks.0.13.weight:lr_mult=1.0
2026/05/22 19:57:28 - mmengine - INFO - paramwise_options -- pts_backbone.blocks.0.13.bias:lr=5e-05
2026/05/22 19:57:28 - mmengine - INFO - paramwise_options -- pts_backbone.blocks.0.13.bias:weight_decay=0.01
2026/05/22 19:57:28 - mmengine - INFO - paramwise_options -- pts_backbone.blocks.0.13.bias:lr_mult=1.0
2026/05/22 19:57:28 - mmengine - INFO - paramwise_options -- pts_backbone.blocks.0.15.weight:lr=5e-05
2026/05/22 19:57:28 - mmengine - INFO - paramwise_options -- pts_backbone.blocks.0.15.weight:weight_decay=0.01
2026/05/22 19:57:28 - mmengine - INFO - paramwise_options -- pts_backbone.blocks.0.15.weight:lr_mult=1.0
2026/05/22 19:57:28 - mmengine - INFO - paramwise_options -- pts_backbone.blocks.0.16.weight:lr=5e-05
2026/05/22 19:57:28 - mmengine - INFO - paramwise_options -- pts_backbone.blocks.0.16.weight:weight_decay=0.01
2026/05/22 19:57:28 - mmengine - INFO - paramwise_options -- pts_backbone.blocks.0.16.weight:lr_mult=1.0
2026/05/22 19:57:28 - mmengine - INFO - paramwise_options -- pts_backbone.blocks.0.16.bias:lr=5e-05
2026/05/22 19:57:28 - mmengine - INFO - paramwise_options -- pts_backbone.blocks.0.16.bias:weight_decay=0.01
2026/05/22 19:57:28 - mmengine - INFO - paramwise_options -- pts_backbone.blocks.0.16.bias:lr_mult=1.0
2026/05/22 19:57:28 - mmengine - INFO - paramwise_options -- pts_backbone.blocks.1.0.weight:lr=5e-05
2026/05/22 19:57:28 - mmengine - INFO - paramwise_options -- pts_backbone.blocks.1.0.weight:weight_decay=0.01
2026/05/22 19:57:28 - mmengine - INFO - paramwise_options -- pts_backbone.blocks.1.0.weight:lr_mult=1.0
2026/05/22 19:57:28 - mmengine - INFO - paramwise_options -- pts_backbone.blocks.1.1.weight:lr=5e-05
2026/05/22 19:57:28 - mmengine - INFO - paramwise_options -- pts_backbone.blocks.1.1.weight:weight_decay=0.01
2026/05/22 19:57:28 - mmengine - INFO - paramwise_options -- pts_backbone.blocks.1.1.weight:lr_mult=1.0
2026/05/22 19:57:28 - mmengine - INFO - paramwise_options -- pts_backbone.blocks.1.1.bias:lr=5e-05
2026/05/22 19:57:28 - mmengine - INFO - paramwise_options -- pts_backbone.blocks.1.1.bias:weight_decay=0.01
2026/05/22 19:57:28 - mmengine - INFO - paramwise_options -- pts_backbone.blocks.1.1.bias:lr_mult=1.0
2026/05/22 19:57:28 - mmengine - INFO - paramwise_options -- pts_backbone.blocks.1.3.weight:lr=5e-05
2026/05/22 19:57:28 - mmengine - INFO - paramwise_options -- pts_backbone.blocks.1.3.weight:weight_decay=0.01
2026/05/22 19:57:28 - mmengine - INFO - paramwise_options -- pts_backbone.blocks.1.3.weight:lr_mult=1.0
2026/05/22 19:57:28 - mmengine - INFO - paramwise_options -- pts_backbone.blocks.1.4.weight:lr=5e-05
2026/05/22 19:57:28 - mmengine - INFO - paramwise_options -- pts_backbone.blocks.1.4.weight:weight_decay=0.01
2026/05/22 19:57:28 - mmengine - INFO - paramwise_options -- pts_backbone.blocks.1.4.weight:lr_mult=1.0
2026/05/22 19:57:28 - mmengine - INFO - paramwise_options -- pts_backbone.blocks.1.4.bias:lr=5e-05
2026/05/22 19:57:28 - mmengine - INFO - paramwise_options -- pts_backbone.blocks.1.4.bias:weight_decay=0.01
2026/05/22 19:57:28 - mmengine - INFO - paramwise_options -- pts_backbone.blocks.1.4.bias:lr_mult=1.0
2026/05/22 19:57:28 - mmengine - INFO - paramwise_options -- pts_backbone.blocks.1.6.weight:lr=5e-05
2026/05/22 19:57:28 - mmengine - INFO - paramwise_options -- pts_backbone.blocks.1.6.weight:weight_decay=0.01
2026/05/22 19:57:28 - mmengine - INFO - paramwise_options -- pts_backbone.blocks.1.6.weight:lr_mult=1.0
2026/05/22 19:57:28 - mmengine - INFO - paramwise_options -- pts_backbone.blocks.1.7.weight:lr=5e-05
2026/05/22 19:57:28 - mmengine - INFO - paramwise_options -- pts_backbone.blocks.1.7.weight:weight_decay=0.01
2026/05/22 19:57:28 - mmengine - INFO - paramwise_options -- pts_backbone.blocks.1.7.weight:lr_mult=1.0
2026/05/22 19:57:28 - mmengine - INFO - paramwise_options -- pts_backbone.blocks.1.7.bias:lr=5e-05
2026/05/22 19:57:28 - mmengine - INFO - paramwise_options -- pts_backbone.blocks.1.7.bias:weight_decay=0.01
2026/05/22 19:57:28 - mmengine - INFO - paramwise_options -- pts_backbone.blocks.1.7.bias:lr_mult=1.0
2026/05/22 19:57:28 - mmengine - INFO - paramwise_options -- pts_backbone.blocks.1.9.weight:lr=5e-05
2026/05/22 19:57:28 - mmengine - INFO - paramwise_options -- pts_backbone.blocks.1.9.weight:weight_decay=0.01
2026/05/22 19:57:28 - mmengine - INFO - paramwise_options -- pts_backbone.blocks.1.9.weight:lr_mult=1.0
2026/05/22 19:57:28 - mmengine - INFO - paramwise_options -- pts_backbone.blocks.1.10.weight:lr=5e-05
2026/05/22 19:57:28 - mmengine - INFO - paramwise_options -- pts_backbone.blocks.1.10.weight:weight_decay=0.01
2026/05/22 19:57:28 - mmengine - INFO - paramwise_options -- pts_backbone.blocks.1.10.weight:lr_mult=1.0
2026/05/22 19:57:28 - mmengine - INFO - paramwise_options -- pts_backbone.blocks.1.10.bias:lr=5e-05
2026/05/22 19:57:28 - mmengine - INFO - paramwise_options -- pts_backbone.blocks.1.10.bias:weight_decay=0.01
2026/05/22 19:57:28 - mmengine - INFO - paramwise_options -- pts_backbone.blocks.1.10.bias:lr_mult=1.0
2026/05/22 19:57:28 - mmengine - INFO - paramwise_options -- pts_backbone.blocks.1.12.weight:lr=5e-05
2026/05/22 19:57:28 - mmengine - INFO - paramwise_options -- pts_backbone.blocks.1.12.weight:weight_decay=0.01
2026/05/22 19:57:28 - mmengine - INFO - paramwise_options -- pts_backbone.blocks.1.12.weight:lr_mult=1.0
2026/05/22 19:57:28 - mmengine - INFO - paramwise_options -- pts_backbone.blocks.1.13.weight:lr=5e-05
2026/05/22 19:57:28 - mmengine - INFO - paramwise_options -- pts_backbone.blocks.1.13.weight:weight_decay=0.01
2026/05/22 19:57:28 - mmengine - INFO - paramwise_options -- pts_backbone.blocks.1.13.weight:lr_mult=1.0
2026/05/22 19:57:28 - mmengine - INFO - paramwise_options -- pts_backbone.blocks.1.13.bias:lr=5e-05
2026/05/22 19:57:28 - mmengine - INFO - paramwise_options -- pts_backbone.blocks.1.13.bias:weight_decay=0.01
2026/05/22 19:57:28 - mmengine - INFO - paramwise_options -- pts_backbone.blocks.1.13.bias:lr_mult=1.0
2026/05/22 19:57:28 - mmengine - INFO - paramwise_options -- pts_backbone.blocks.1.15.weight:lr=5e-05
2026/05/22 19:57:28 - mmengine - INFO - paramwise_options -- pts_backbone.blocks.1.15.weight:weight_decay=0.01
2026/05/22 19:57:28 - mmengine - INFO - paramwise_options -- pts_backbone.blocks.1.15.weight:lr_mult=1.0
2026/05/22 19:57:28 - mmengine - INFO - paramwise_options -- pts_backbone.blocks.1.16.weight:lr=5e-05
2026/05/22 19:57:28 - mmengine - INFO - paramwise_options -- pts_backbone.blocks.1.16.weight:weight_decay=0.01
2026/05/22 19:57:28 - mmengine - INFO - paramwise_options -- pts_backbone.blocks.1.16.weight:lr_mult=1.0
2026/05/22 19:57:28 - mmengine - INFO - paramwise_options -- pts_backbone.blocks.1.16.bias:lr=5e-05
2026/05/22 19:57:28 - mmengine - INFO - paramwise_options -- pts_backbone.blocks.1.16.bias:weight_decay=0.01
2026/05/22 19:57:28 - mmengine - INFO - paramwise_options -- pts_backbone.blocks.1.16.bias:lr_mult=1.0
2026/05/22 19:57:28 - mmengine - INFO - paramwise_options -- pts_neck.deblocks.0.0.weight:lr=5e-05
2026/05/22 19:57:28 - mmengine - INFO - paramwise_options -- pts_neck.deblocks.0.0.weight:weight_decay=0.01
2026/05/22 19:57:28 - mmengine - INFO - paramwise_options -- pts_neck.deblocks.0.0.weight:lr_mult=1.0
2026/05/22 19:57:28 - mmengine - INFO - paramwise_options -- pts_neck.deblocks.0.1.weight:lr=5e-05
2026/05/22 19:57:28 - mmengine - INFO - paramwise_options -- pts_neck.deblocks.0.1.weight:weight_decay=0.01
2026/05/22 19:57:28 - mmengine - INFO - paramwise_options -- pts_neck.deblocks.0.1.weight:lr_mult=1.0
2026/05/22 19:57:28 - mmengine - INFO - paramwise_options -- pts_neck.deblocks.0.1.bias:lr=5e-05
2026/05/22 19:57:28 - mmengine - INFO - paramwise_options -- pts_neck.deblocks.0.1.bias:weight_decay=0.01
2026/05/22 19:57:28 - mmengine - INFO - paramwise_options -- pts_neck.deblocks.0.1.bias:lr_mult=1.0
2026/05/22 19:57:28 - mmengine - INFO - paramwise_options -- pts_neck.deblocks.1.0.weight:lr=5e-05
2026/05/22 19:57:28 - mmengine - INFO - paramwise_options -- pts_neck.deblocks.1.0.weight:weight_decay=0.01
2026/05/22 19:57:28 - mmengine - INFO - paramwise_options -- pts_neck.deblocks.1.0.weight:lr_mult=1.0
2026/05/22 19:57:28 - mmengine - INFO - paramwise_options -- pts_neck.deblocks.1.1.weight:lr=5e-05
2026/05/22 19:57:28 - mmengine - INFO - paramwise_options -- pts_neck.deblocks.1.1.weight:weight_decay=0.01
2026/05/22 19:57:28 - mmengine - INFO - paramwise_options -- pts_neck.deblocks.1.1.weight:lr_mult=1.0
2026/05/22 19:57:28 - mmengine - INFO - paramwise_options -- pts_neck.deblocks.1.1.bias:lr=5e-05
2026/05/22 19:57:28 - mmengine - INFO - paramwise_options -- pts_neck.deblocks.1.1.bias:weight_decay=0.01
2026/05/22 19:57:28 - mmengine - INFO - paramwise_options -- pts_neck.deblocks.1.1.bias:lr_mult=1.0
2026/05/22 19:57:28 - mmengine - INFO - paramwise_options -- bbox_head.shared_conv.weight:lr=5e-05
2026/05/22 19:57:28 - mmengine - INFO - paramwise_options -- bbox_head.shared_conv.weight:weight_decay=0.01
2026/05/22 19:57:28 - mmengine - INFO - paramwise_options -- bbox_head.shared_conv.weight:lr_mult=1.0
2026/05/22 19:57:28 - mmengine - INFO - paramwise_options -- bbox_head.shared_conv.bias:lr=5e-05
2026/05/22 19:57:28 - mmengine - INFO - paramwise_options -- bbox_head.shared_conv.bias:weight_decay=0.01
2026/05/22 19:57:28 - mmengine - INFO - paramwise_options -- bbox_head.shared_conv.bias:lr_mult=1.0
2026/05/22 19:57:28 - mmengine - INFO - paramwise_options -- bbox_head.heatmap_head.0.conv.weight:lr=5e-05
2026/05/22 19:57:28 - mmengine - INFO - paramwise_options -- bbox_head.heatmap_head.0.conv.weight:weight_decay=0.01
2026/05/22 19:57:28 - mmengine - INFO - paramwise_options -- bbox_head.heatmap_head.0.conv.weight:lr_mult=1.0
2026/05/22 19:57:28 - mmengine - INFO - paramwise_options -- bbox_head.heatmap_head.0.bn.weight:lr=5e-05
2026/05/22 19:57:28 - mmengine - INFO - paramwise_options -- bbox_head.heatmap_head.0.bn.weight:weight_decay=0.01
2026/05/22 19:57:28 - mmengine - INFO - paramwise_options -- bbox_head.heatmap_head.0.bn.weight:lr_mult=1.0
2026/05/22 19:57:28 - mmengine - INFO - paramwise_options -- bbox_head.heatmap_head.0.bn.bias:lr=5e-05
2026/05/22 19:57:28 - mmengine - INFO - paramwise_options -- bbox_head.heatmap_head.0.bn.bias:weight_decay=0.01
2026/05/22 19:57:28 - mmengine - INFO - paramwise_options -- bbox_head.heatmap_head.0.bn.bias:lr_mult=1.0
2026/05/22 19:57:28 - mmengine - INFO - paramwise_options -- bbox_head.heatmap_head.1.weight:lr=5e-05
2026/05/22 19:57:28 - mmengine - INFO - paramwise_options -- bbox_head.heatmap_head.1.weight:weight_decay=0.01
2026/05/22 19:57:28 - mmengine - INFO - paramwise_options -- bbox_head.heatmap_head.1.weight:lr_mult=1.0
2026/05/22 19:57:28 - mmengine - INFO - paramwise_options -- bbox_head.heatmap_head.1.bias:lr=5e-05
2026/05/22 19:57:28 - mmengine - INFO - paramwise_options -- bbox_head.heatmap_head.1.bias:weight_decay=0.01
2026/05/22 19:57:28 - mmengine - INFO - paramwise_options -- bbox_head.heatmap_head.1.bias:lr_mult=1.0
2026/05/22 19:57:28 - mmengine - INFO - paramwise_options -- bbox_head.class_encoding.weight:lr=5e-05
2026/05/22 19:57:28 - mmengine - INFO - paramwise_options -- bbox_head.class_encoding.weight:weight_decay=0.01
2026/05/22 19:57:28 - mmengine - INFO - paramwise_options -- bbox_head.class_encoding.weight:lr_mult=1.0
2026/05/22 19:57:28 - mmengine - INFO - paramwise_options -- bbox_head.class_encoding.bias:lr=5e-05
2026/05/22 19:57:28 - mmengine - INFO - paramwise_options -- bbox_head.class_encoding.bias:weight_decay=0.01
2026/05/22 19:57:28 - mmengine - INFO - paramwise_options -- bbox_head.class_encoding.bias:lr_mult=1.0
2026/05/22 19:57:28 - mmengine - INFO - paramwise_options -- bbox_head.decoder.0.self_attn.attn.in_proj_weight:lr=5e-05
2026/05/22 19:57:28 - mmengine - INFO - paramwise_options -- bbox_head.decoder.0.self_attn.attn.in_proj_weight:weight_decay=0.01
2026/05/22 19:57:28 - mmengine - INFO - paramwise_options -- bbox_head.decoder.0.self_attn.attn.in_proj_weight:lr_mult=1.0
2026/05/22 19:57:28 - mmengine - INFO - paramwise_options -- bbox_head.decoder.0.self_attn.attn.in_proj_bias:lr=5e-05
2026/05/22 19:57:28 - mmengine - INFO - paramwise_options -- bbox_head.decoder.0.self_attn.attn.in_proj_bias:weight_decay=0.01
2026/05/22 19:57:28 - mmengine - INFO - paramwise_options -- bbox_head.decoder.0.self_attn.attn.in_proj_bias:lr_mult=1.0
2026/05/22 19:57:28 - mmengine - INFO - paramwise_options -- bbox_head.decoder.0.self_attn.attn.out_proj.weight:lr=5e-05
2026/05/22 19:57:28 - mmengine - INFO - paramwise_options -- bbox_head.decoder.0.self_attn.attn.out_proj.weight:weight_decay=0.01
2026/05/22 19:57:28 - mmengine - INFO - paramwise_options -- bbox_head.decoder.0.self_attn.attn.out_proj.weight:lr_mult=1.0
2026/05/22 19:57:28 - mmengine - INFO - paramwise_options -- bbox_head.decoder.0.self_attn.attn.out_proj.bias:lr=5e-05
2026/05/22 19:57:28 - mmengine - INFO - paramwise_options -- bbox_head.decoder.0.self_attn.attn.out_proj.bias:weight_decay=0.01
2026/05/22 19:57:28 - mmengine - INFO - paramwise_options -- bbox_head.decoder.0.self_attn.attn.out_proj.bias:lr_mult=1.0
2026/05/22 19:57:28 - mmengine - INFO - paramwise_options -- bbox_head.decoder.0.cross_attn.attn.in_proj_weight:lr=5e-05
2026/05/22 19:57:28 - mmengine - INFO - paramwise_options -- bbox_head.decoder.0.cross_attn.attn.in_proj_weight:weight_decay=0.01
2026/05/22 19:57:28 - mmengine - INFO - paramwise_options -- bbox_head.decoder.0.cross_attn.attn.in_proj_weight:lr_mult=1.0
2026/05/22 19:57:28 - mmengine - INFO - paramwise_options -- bbox_head.decoder.0.cross_attn.attn.in_proj_bias:lr=5e-05
2026/05/22 19:57:28 - mmengine - INFO - paramwise_options -- bbox_head.decoder.0.cross_attn.attn.in_proj_bias:weight_decay=0.01
2026/05/22 19:57:28 - mmengine - INFO - paramwise_options -- bbox_head.decoder.0.cross_attn.attn.in_proj_bias:lr_mult=1.0
2026/05/22 19:57:28 - mmengine - INFO - paramwise_options -- bbox_head.decoder.0.cross_attn.attn.out_proj.weight:lr=5e-05
2026/05/22 19:57:28 - mmengine - INFO - paramwise_options -- bbox_head.decoder.0.cross_attn.attn.out_proj.weight:weight_decay=0.01
2026/05/22 19:57:28 - mmengine - INFO - paramwise_options -- bbox_head.decoder.0.cross_attn.attn.out_proj.weight:lr_mult=1.0
2026/05/22 19:57:28 - mmengine - INFO - paramwise_options -- bbox_head.decoder.0.cross_attn.attn.out_proj.bias:lr=5e-05
2026/05/22 19:57:28 - mmengine - INFO - paramwise_options -- bbox_head.decoder.0.cross_attn.attn.out_proj.bias:weight_decay=0.01
2026/05/22 19:57:28 - mmengine - INFO - paramwise_options -- bbox_head.decoder.0.cross_attn.attn.out_proj.bias:lr_mult=1.0
2026/05/22 19:57:28 - mmengine - INFO - paramwise_options -- bbox_head.decoder.0.ffn.layers.0.0.weight:lr=5e-05
2026/05/22 19:57:28 - mmengine - INFO - paramwise_options -- bbox_head.decoder.0.ffn.layers.0.0.weight:weight_decay=0.01
2026/05/22 19:57:28 - mmengine - INFO - paramwise_options -- bbox_head.decoder.0.ffn.layers.0.0.weight:lr_mult=1.0
2026/05/22 19:57:28 - mmengine - INFO - paramwise_options -- bbox_head.decoder.0.ffn.layers.0.0.bias:lr=5e-05
2026/05/22 19:57:28 - mmengine - INFO - paramwise_options -- bbox_head.decoder.0.ffn.layers.0.0.bias:weight_decay=0.01
2026/05/22 19:57:28 - mmengine - INFO - paramwise_options -- bbox_head.decoder.0.ffn.layers.0.0.bias:lr_mult=1.0
2026/05/22 19:57:28 - mmengine - INFO - paramwise_options -- bbox_head.decoder.0.ffn.layers.1.weight:lr=5e-05
2026/05/22 19:57:28 - mmengine - INFO - paramwise_options -- bbox_head.decoder.0.ffn.layers.1.weight:weight_decay=0.01
2026/05/22 19:57:28 - mmengine - INFO - paramwise_options -- bbox_head.decoder.0.ffn.layers.1.weight:lr_mult=1.0
2026/05/22 19:57:28 - mmengine - INFO - paramwise_options -- bbox_head.decoder.0.ffn.layers.1.bias:lr=5e-05
2026/05/22 19:57:28 - mmengine - INFO - paramwise_options -- bbox_head.decoder.0.ffn.layers.1.bias:weight_decay=0.01
2026/05/22 19:57:28 - mmengine - INFO - paramwise_options -- bbox_head.decoder.0.ffn.layers.1.bias:lr_mult=1.0
2026/05/22 19:57:28 - mmengine - INFO - paramwise_options -- bbox_head.decoder.0.norms.0.weight:lr=5e-05
2026/05/22 19:57:28 - mmengine - INFO - paramwise_options -- bbox_head.decoder.0.norms.0.weight:weight_decay=0.01
2026/05/22 19:57:28 - mmengine - INFO - paramwise_options -- bbox_head.decoder.0.norms.0.weight:lr_mult=1.0
2026/05/22 19:57:28 - mmengine - INFO - paramwise_options -- bbox_head.decoder.0.norms.0.bias:lr=5e-05
2026/05/22 19:57:28 - mmengine - INFO - paramwise_options -- bbox_head.decoder.0.norms.0.bias:weight_decay=0.01
2026/05/22 19:57:28 - mmengine - INFO - paramwise_options -- bbox_head.decoder.0.norms.0.bias:lr_mult=1.0
2026/05/22 19:57:28 - mmengine - INFO - paramwise_options -- bbox_head.decoder.0.norms.1.weight:lr=5e-05
2026/05/22 19:57:28 - mmengine - INFO - paramwise_options -- bbox_head.decoder.0.norms.1.weight:weight_decay=0.01
2026/05/22 19:57:28 - mmengine - INFO - paramwise_options -- bbox_head.decoder.0.norms.1.weight:lr_mult=1.0
2026/05/22 19:57:28 - mmengine - INFO - paramwise_options -- bbox_head.decoder.0.norms.1.bias:lr=5e-05
2026/05/22 19:57:28 - mmengine - INFO - paramwise_options -- bbox_head.decoder.0.norms.1.bias:weight_decay=0.01
2026/05/22 19:57:28 - mmengine - INFO - paramwise_options -- bbox_head.decoder.0.norms.1.bias:lr_mult=1.0
2026/05/22 19:57:28 - mmengine - INFO - paramwise_options -- bbox_head.decoder.0.norms.2.weight:lr=5e-05
2026/05/22 19:57:28 - mmengine - INFO - paramwise_options -- bbox_head.decoder.0.norms.2.weight:weight_decay=0.01
2026/05/22 19:57:28 - mmengine - INFO - paramwise_options -- bbox_head.decoder.0.norms.2.weight:lr_mult=1.0
2026/05/22 19:57:28 - mmengine - INFO - paramwise_options -- bbox_head.decoder.0.norms.2.bias:lr=5e-05
2026/05/22 19:57:28 - mmengine - INFO - paramwise_options -- bbox_head.decoder.0.norms.2.bias:weight_decay=0.01
2026/05/22 19:57:28 - mmengine - INFO - paramwise_options -- bbox_head.decoder.0.norms.2.bias:lr_mult=1.0
2026/05/22 19:57:28 - mmengine - INFO - paramwise_options -- bbox_head.decoder.0.self_posembed.position_embedding_head.0.weight:lr=5e-05
2026/05/22 19:57:28 - mmengine - INFO - paramwise_options -- bbox_head.decoder.0.self_posembed.position_embedding_head.0.weight:weight_decay=0.01
2026/05/22 19:57:28 - mmengine - INFO - paramwise_options -- bbox_head.decoder.0.self_posembed.position_embedding_head.0.weight:lr_mult=1.0
2026/05/22 19:57:28 - mmengine - INFO - paramwise_options -- bbox_head.decoder.0.self_posembed.position_embedding_head.0.bias:lr=5e-05
2026/05/22 19:57:28 - mmengine - INFO - paramwise_options -- bbox_head.decoder.0.self_posembed.position_embedding_head.0.bias:weight_decay=0.01
2026/05/22 19:57:28 - mmengine - INFO - paramwise_options -- bbox_head.decoder.0.self_posembed.position_embedding_head.0.bias:lr_mult=1.0
2026/05/22 19:57:28 - mmengine - INFO - paramwise_options -- bbox_head.decoder.0.self_posembed.position_embedding_head.1.weight:lr=5e-05
2026/05/22 19:57:28 - mmengine - INFO - paramwise_options -- bbox_head.decoder.0.self_posembed.position_embedding_head.1.weight:weight_decay=0.01
2026/05/22 19:57:28 - mmengine - INFO - paramwise_options -- bbox_head.decoder.0.self_posembed.position_embedding_head.1.weight:lr_mult=1.0
2026/05/22 19:57:28 - mmengine - INFO - paramwise_options -- bbox_head.decoder.0.self_posembed.position_embedding_head.1.bias:lr=5e-05
2026/05/22 19:57:28 - mmengine - INFO - paramwise_options -- bbox_head.decoder.0.self_posembed.position_embedding_head.1.bias:weight_decay=0.01
2026/05/22 19:57:28 - mmengine - INFO - paramwise_options -- bbox_head.decoder.0.self_posembed.position_embedding_head.1.bias:lr_mult=1.0
2026/05/22 19:57:28 - mmengine - INFO - paramwise_options -- bbox_head.decoder.0.self_posembed.position_embedding_head.3.weight:lr=5e-05
2026/05/22 19:57:28 - mmengine - INFO - paramwise_options -- bbox_head.decoder.0.self_posembed.position_embedding_head.3.weight:weight_decay=0.01
2026/05/22 19:57:28 - mmengine - INFO - paramwise_options -- bbox_head.decoder.0.self_posembed.position_embedding_head.3.weight:lr_mult=1.0
2026/05/22 19:57:28 - mmengine - INFO - paramwise_options -- bbox_head.decoder.0.self_posembed.position_embedding_head.3.bias:lr=5e-05
2026/05/22 19:57:28 - mmengine - INFO - paramwise_options -- bbox_head.decoder.0.self_posembed.position_embedding_head.3.bias:weight_decay=0.01
2026/05/22 19:57:28 - mmengine - INFO - paramwise_options -- bbox_head.decoder.0.self_posembed.position_embedding_head.3.bias:lr_mult=1.0
2026/05/22 19:57:28 - mmengine - INFO - paramwise_options -- bbox_head.decoder.0.cross_posembed.position_embedding_head.0.weight:lr=5e-05
2026/05/22 19:57:28 - mmengine - INFO - paramwise_options -- bbox_head.decoder.0.cross_posembed.position_embedding_head.0.weight:weight_decay=0.01
2026/05/22 19:57:28 - mmengine - INFO - paramwise_options -- bbox_head.decoder.0.cross_posembed.position_embedding_head.0.weight:lr_mult=1.0
2026/05/22 19:57:28 - mmengine - INFO - paramwise_options -- bbox_head.decoder.0.cross_posembed.position_embedding_head.0.bias:lr=5e-05
2026/05/22 19:57:28 - mmengine - INFO - paramwise_options -- bbox_head.decoder.0.cross_posembed.position_embedding_head.0.bias:weight_decay=0.01
2026/05/22 19:57:28 - mmengine - INFO - paramwise_options -- bbox_head.decoder.0.cross_posembed.position_embedding_head.0.bias:lr_mult=1.0
2026/05/22 19:57:28 - mmengine - INFO - paramwise_options -- bbox_head.decoder.0.cross_posembed.position_embedding_head.1.weight:lr=5e-05
2026/05/22 19:57:28 - mmengine - INFO - paramwise_options -- bbox_head.decoder.0.cross_posembed.position_embedding_head.1.weight:weight_decay=0.01
2026/05/22 19:57:28 - mmengine - INFO - paramwise_options -- bbox_head.decoder.0.cross_posembed.position_embedding_head.1.weight:lr_mult=1.0
2026/05/22 19:57:28 - mmengine - INFO - paramwise_options -- bbox_head.decoder.0.cross_posembed.position_embedding_head.1.bias:lr=5e-05
2026/05/22 19:57:28 - mmengine - INFO - paramwise_options -- bbox_head.decoder.0.cross_posembed.position_embedding_head.1.bias:weight_decay=0.01
2026/05/22 19:57:28 - mmengine - INFO - paramwise_options -- bbox_head.decoder.0.cross_posembed.position_embedding_head.1.bias:lr_mult=1.0
2026/05/22 19:57:28 - mmengine - INFO - paramwise_options -- bbox_head.decoder.0.cross_posembed.position_embedding_head.3.weight:lr=5e-05
2026/05/22 19:57:28 - mmengine - INFO - paramwise_options -- bbox_head.decoder.0.cross_posembed.position_embedding_head.3.weight:weight_decay=0.01
2026/05/22 19:57:28 - mmengine - INFO - paramwise_options -- bbox_head.decoder.0.cross_posembed.position_embedding_head.3.weight:lr_mult=1.0
2026/05/22 19:57:28 - mmengine - INFO - paramwise_options -- bbox_head.decoder.0.cross_posembed.position_embedding_head.3.bias:lr=5e-05
2026/05/22 19:57:28 - mmengine - INFO - paramwise_options -- bbox_head.decoder.0.cross_posembed.position_embedding_head.3.bias:weight_decay=0.01
2026/05/22 19:57:28 - mmengine - INFO - paramwise_options -- bbox_head.decoder.0.cross_posembed.position_embedding_head.3.bias:lr_mult=1.0
2026/05/22 19:57:28 - mmengine - INFO - paramwise_options -- bbox_head.prediction_heads.0.center.0.conv.weight:lr=5e-05
2026/05/22 19:57:28 - mmengine - INFO - paramwise_options -- bbox_head.prediction_heads.0.center.0.conv.weight:weight_decay=0.01
2026/05/22 19:57:28 - mmengine - INFO - paramwise_options -- bbox_head.prediction_heads.0.center.0.conv.weight:lr_mult=1.0
2026/05/22 19:57:28 - mmengine - INFO - paramwise_options -- bbox_head.prediction_heads.0.center.0.bn.weight:lr=5e-05
2026/05/22 19:57:28 - mmengine - INFO - paramwise_options -- bbox_head.prediction_heads.0.center.0.bn.weight:weight_decay=0.01
2026/05/22 19:57:28 - mmengine - INFO - paramwise_options -- bbox_head.prediction_heads.0.center.0.bn.weight:lr_mult=1.0
2026/05/22 19:57:28 - mmengine - INFO - paramwise_options -- bbox_head.prediction_heads.0.center.0.bn.bias:lr=5e-05
2026/05/22 19:57:28 - mmengine - INFO - paramwise_options -- bbox_head.prediction_heads.0.center.0.bn.bias:weight_decay=0.01
2026/05/22 19:57:28 - mmengine - INFO - paramwise_options -- bbox_head.prediction_heads.0.center.0.bn.bias:lr_mult=1.0
2026/05/22 19:57:28 - mmengine - INFO - paramwise_options -- bbox_head.prediction_heads.0.center.1.weight:lr=5e-05
2026/05/22 19:57:28 - mmengine - INFO - paramwise_options -- bbox_head.prediction_heads.0.center.1.weight:weight_decay=0.01
2026/05/22 19:57:28 - mmengine - INFO - paramwise_options -- bbox_head.prediction_heads.0.center.1.weight:lr_mult=1.0
2026/05/22 19:57:28 - mmengine - INFO - paramwise_options -- bbox_head.prediction_heads.0.center.1.bias:lr=5e-05
2026/05/22 19:57:28 - mmengine - INFO - paramwise_options -- bbox_head.prediction_heads.0.center.1.bias:weight_decay=0.01
2026/05/22 19:57:28 - mmengine - INFO - paramwise_options -- bbox_head.prediction_heads.0.center.1.bias:lr_mult=1.0
2026/05/22 19:57:28 - mmengine - INFO - paramwise_options -- bbox_head.prediction_heads.0.height.0.conv.weight:lr=5e-05
2026/05/22 19:57:28 - mmengine - INFO - paramwise_options -- bbox_head.prediction_heads.0.height.0.conv.weight:weight_decay=0.01
2026/05/22 19:57:28 - mmengine - INFO - paramwise_options -- bbox_head.prediction_heads.0.height.0.conv.weight:lr_mult=1.0
2026/05/22 19:57:28 - mmengine - INFO - paramwise_options -- bbox_head.prediction_heads.0.height.0.bn.weight:lr=5e-05
2026/05/22 19:57:28 - mmengine - INFO - paramwise_options -- bbox_head.prediction_heads.0.height.0.bn.weight:weight_decay=0.01
2026/05/22 19:57:28 - mmengine - INFO - paramwise_options -- bbox_head.prediction_heads.0.height.0.bn.weight:lr_mult=1.0
2026/05/22 19:57:28 - mmengine - INFO - paramwise_options -- bbox_head.prediction_heads.0.height.0.bn.bias:lr=5e-05
2026/05/22 19:57:28 - mmengine - INFO - paramwise_options -- bbox_head.prediction_heads.0.height.0.bn.bias:weight_decay=0.01
2026/05/22 19:57:28 - mmengine - INFO - paramwise_options -- bbox_head.prediction_heads.0.height.0.bn.bias:lr_mult=1.0
2026/05/22 19:57:28 - mmengine - INFO - paramwise_options -- bbox_head.prediction_heads.0.height.1.weight:lr=5e-05
2026/05/22 19:57:28 - mmengine - INFO - paramwise_options -- bbox_head.prediction_heads.0.height.1.weight:weight_decay=0.01
2026/05/22 19:57:28 - mmengine - INFO - paramwise_options -- bbox_head.prediction_heads.0.height.1.weight:lr_mult=1.0
2026/05/22 19:57:28 - mmengine - INFO - paramwise_options -- bbox_head.prediction_heads.0.height.1.bias:lr=5e-05
2026/05/22 19:57:28 - mmengine - INFO - paramwise_options -- bbox_head.prediction_heads.0.height.1.bias:weight_decay=0.01
2026/05/22 19:57:28 - mmengine - INFO - paramwise_options -- bbox_head.prediction_heads.0.height.1.bias:lr_mult=1.0
2026/05/22 19:57:28 - mmengine - INFO - paramwise_options -- bbox_head.prediction_heads.0.dim.0.conv.weight:lr=5e-05
2026/05/22 19:57:28 - mmengine - INFO - paramwise_options -- bbox_head.prediction_heads.0.dim.0.conv.weight:weight_decay=0.01
2026/05/22 19:57:28 - mmengine - INFO - paramwise_options -- bbox_head.prediction_heads.0.dim.0.conv.weight:lr_mult=1.0
2026/05/22 19:57:28 - mmengine - INFO - paramwise_options -- bbox_head.prediction_heads.0.dim.0.bn.weight:lr=5e-05
2026/05/22 19:57:28 - mmengine - INFO - paramwise_options -- bbox_head.prediction_heads.0.dim.0.bn.weight:weight_decay=0.01
2026/05/22 19:57:28 - mmengine - INFO - paramwise_options -- bbox_head.prediction_heads.0.dim.0.bn.weight:lr_mult=1.0
2026/05/22 19:57:28 - mmengine - INFO - paramwise_options -- bbox_head.prediction_heads.0.dim.0.bn.bias:lr=5e-05
2026/05/22 19:57:28 - mmengine - INFO - paramwise_options -- bbox_head.prediction_heads.0.dim.0.bn.bias:weight_decay=0.01
2026/05/22 19:57:28 - mmengine - INFO - paramwise_options -- bbox_head.prediction_heads.0.dim.0.bn.bias:lr_mult=1.0
2026/05/22 19:57:28 - mmengine - INFO - paramwise_options -- bbox_head.prediction_heads.0.dim.1.weight:lr=5e-05
2026/05/22 19:57:28 - mmengine - INFO - paramwise_options -- bbox_head.prediction_heads.0.dim.1.weight:weight_decay=0.01
2026/05/22 19:57:28 - mmengine - INFO - paramwise_options -- bbox_head.prediction_heads.0.dim.1.weight:lr_mult=1.0
2026/05/22 19:57:28 - mmengine - INFO - paramwise_options -- bbox_head.prediction_heads.0.dim.1.bias:lr=5e-05
2026/05/22 19:57:28 - mmengine - INFO - paramwise_options -- bbox_head.prediction_heads.0.dim.1.bias:weight_decay=0.01
2026/05/22 19:57:28 - mmengine - INFO - paramwise_options -- bbox_head.prediction_heads.0.dim.1.bias:lr_mult=1.0
2026/05/22 19:57:28 - mmengine - INFO - paramwise_options -- bbox_head.prediction_heads.0.rot.0.conv.weight:lr=5e-05
2026/05/22 19:57:28 - mmengine - INFO - paramwise_options -- bbox_head.prediction_heads.0.rot.0.conv.weight:weight_decay=0.01
2026/05/22 19:57:28 - mmengine - INFO - paramwise_options -- bbox_head.prediction_heads.0.rot.0.conv.weight:lr_mult=1.0
2026/05/22 19:57:28 - mmengine - INFO - paramwise_options -- bbox_head.prediction_heads.0.rot.0.bn.weight:lr=5e-05
2026/05/22 19:57:28 - mmengine - INFO - paramwise_options -- bbox_head.prediction_heads.0.rot.0.bn.weight:weight_decay=0.01
2026/05/22 19:57:28 - mmengine - INFO - paramwise_options -- bbox_head.prediction_heads.0.rot.0.bn.weight:lr_mult=1.0
2026/05/22 19:57:28 - mmengine - INFO - paramwise_options -- bbox_head.prediction_heads.0.rot.0.bn.bias:lr=5e-05
2026/05/22 19:57:28 - mmengine - INFO - paramwise_options -- bbox_head.prediction_heads.0.rot.0.bn.bias:weight_decay=0.01
2026/05/22 19:57:28 - mmengine - INFO - paramwise_options -- bbox_head.prediction_heads.0.rot.0.bn.bias:lr_mult=1.0
2026/05/22 19:57:28 - mmengine - INFO - paramwise_options -- bbox_head.prediction_heads.0.rot.1.weight:lr=5e-05
2026/05/22 19:57:28 - mmengine - INFO - paramwise_options -- bbox_head.prediction_heads.0.rot.1.weight:weight_decay=0.01
2026/05/22 19:57:28 - mmengine - INFO - paramwise_options -- bbox_head.prediction_heads.0.rot.1.weight:lr_mult=1.0
2026/05/22 19:57:28 - mmengine - INFO - paramwise_options -- bbox_head.prediction_heads.0.rot.1.bias:lr=5e-05
2026/05/22 19:57:28 - mmengine - INFO - paramwise_options -- bbox_head.prediction_heads.0.rot.1.bias:weight_decay=0.01
2026/05/22 19:57:28 - mmengine - INFO - paramwise_options -- bbox_head.prediction_heads.0.rot.1.bias:lr_mult=1.0
2026/05/22 19:57:28 - mmengine - INFO - paramwise_options -- bbox_head.prediction_heads.0.heatmap.0.conv.weight:lr=5e-05
2026/05/22 19:57:28 - mmengine - INFO - paramwise_options -- bbox_head.prediction_heads.0.heatmap.0.conv.weight:weight_decay=0.01
2026/05/22 19:57:28 - mmengine - INFO - paramwise_options -- bbox_head.prediction_heads.0.heatmap.0.conv.weight:lr_mult=1.0
2026/05/22 19:57:28 - mmengine - INFO - paramwise_options -- bbox_head.prediction_heads.0.heatmap.0.bn.weight:lr=5e-05
2026/05/22 19:57:28 - mmengine - INFO - paramwise_options -- bbox_head.prediction_heads.0.heatmap.0.bn.weight:weight_decay=0.01
2026/05/22 19:57:28 - mmengine - INFO - paramwise_options -- bbox_head.prediction_heads.0.heatmap.0.bn.weight:lr_mult=1.0
2026/05/22 19:57:28 - mmengine - INFO - paramwise_options -- bbox_head.prediction_heads.0.heatmap.0.bn.bias:lr=5e-05
2026/05/22 19:57:28 - mmengine - INFO - paramwise_options -- bbox_head.prediction_heads.0.heatmap.0.bn.bias:weight_decay=0.01
2026/05/22 19:57:28 - mmengine - INFO - paramwise_options -- bbox_head.prediction_heads.0.heatmap.0.bn.bias:lr_mult=1.0
2026/05/22 19:57:28 - mmengine - INFO - paramwise_options -- bbox_head.prediction_heads.0.heatmap.1.weight:lr=5e-05
2026/05/22 19:57:28 - mmengine - INFO - paramwise_options -- bbox_head.prediction_heads.0.heatmap.1.weight:weight_decay=0.01
2026/05/22 19:57:28 - mmengine - INFO - paramwise_options -- bbox_head.prediction_heads.0.heatmap.1.weight:lr_mult=1.0
2026/05/22 19:57:28 - mmengine - INFO - paramwise_options -- bbox_head.prediction_heads.0.heatmap.1.bias:lr=5e-05
2026/05/22 19:57:28 - mmengine - INFO - paramwise_options -- bbox_head.prediction_heads.0.heatmap.1.bias:weight_decay=0.01
2026/05/22 19:57:28 - mmengine - INFO - paramwise_options -- bbox_head.prediction_heads.0.heatmap.1.bias:lr_mult=1.0
2026/05/22 19:57:28 - mmengine - INFO - paramwise_options -- bev_moe.context_summary.stem.0.weight:lr=5e-05
2026/05/22 19:57:28 - mmengine - INFO - paramwise_options -- bev_moe.context_summary.stem.0.weight:weight_decay=0.0005
2026/05/22 19:57:28 - mmengine - INFO - paramwise_options -- bev_moe.context_summary.stem.0.weight:lr_mult=1.0
2026/05/22 19:57:28 - mmengine - INFO - paramwise_options -- bev_moe.context_summary.stem.0.weight:decay_mult=0.05
2026/05/22 19:57:28 - mmengine - INFO - paramwise_options -- bev_moe.context_summary.stem.1.weight:lr=5e-05
2026/05/22 19:57:28 - mmengine - INFO - paramwise_options -- bev_moe.context_summary.stem.1.weight:weight_decay=0.0005
2026/05/22 19:57:28 - mmengine - INFO - paramwise_options -- bev_moe.context_summary.stem.1.weight:lr_mult=1.0
2026/05/22 19:57:28 - mmengine - INFO - paramwise_options -- bev_moe.context_summary.stem.1.weight:decay_mult=0.05
2026/05/22 19:57:28 - mmengine - INFO - paramwise_options -- bev_moe.context_summary.stem.1.bias:lr=5e-05
2026/05/22 19:57:28 - mmengine - INFO - paramwise_options -- bev_moe.context_summary.stem.1.bias:weight_decay=0.0005
2026/05/22 19:57:28 - mmengine - INFO - paramwise_options -- bev_moe.context_summary.stem.1.bias:lr_mult=1.0
2026/05/22 19:57:28 - mmengine - INFO - paramwise_options -- bev_moe.context_summary.stem.1.bias:decay_mult=0.05
2026/05/22 19:57:28 - mmengine - INFO - paramwise_options -- bev_moe.context_summary.res_blocks.0.conv1.weight:lr=5e-05
2026/05/22 19:57:28 - mmengine - INFO - paramwise_options -- bev_moe.context_summary.res_blocks.0.conv1.weight:weight_decay=0.0005
2026/05/22 19:57:28 - mmengine - INFO - paramwise_options -- bev_moe.context_summary.res_blocks.0.conv1.weight:lr_mult=1.0
2026/05/22 19:57:28 - mmengine - INFO - paramwise_options -- bev_moe.context_summary.res_blocks.0.conv1.weight:decay_mult=0.05
2026/05/22 19:57:28 - mmengine - INFO - paramwise_options -- bev_moe.context_summary.res_blocks.0.gn1.weight:lr=5e-05
2026/05/22 19:57:28 - mmengine - INFO - paramwise_options -- bev_moe.context_summary.res_blocks.0.gn1.weight:weight_decay=0.0005
2026/05/22 19:57:28 - mmengine - INFO - paramwise_options -- bev_moe.context_summary.res_blocks.0.gn1.weight:lr_mult=1.0
2026/05/22 19:57:28 - mmengine - INFO - paramwise_options -- bev_moe.context_summary.res_blocks.0.gn1.weight:decay_mult=0.05
2026/05/22 19:57:28 - mmengine - INFO - paramwise_options -- bev_moe.context_summary.res_blocks.0.gn1.bias:lr=5e-05
2026/05/22 19:57:28 - mmengine - INFO - paramwise_options -- bev_moe.context_summary.res_blocks.0.gn1.bias:weight_decay=0.0005
2026/05/22 19:57:28 - mmengine - INFO - paramwise_options -- bev_moe.context_summary.res_blocks.0.gn1.bias:lr_mult=1.0
2026/05/22 19:57:28 - mmengine - INFO - paramwise_options -- bev_moe.context_summary.res_blocks.0.gn1.bias:decay_mult=0.05
2026/05/22 19:57:28 - mmengine - INFO - paramwise_options -- bev_moe.context_summary.res_blocks.0.conv2.weight:lr=5e-05
2026/05/22 19:57:28 - mmengine - INFO - paramwise_options -- bev_moe.context_summary.res_blocks.0.conv2.weight:weight_decay=0.0005
2026/05/22 19:57:28 - mmengine - INFO - paramwise_options -- bev_moe.context_summary.res_blocks.0.conv2.weight:lr_mult=1.0
2026/05/22 19:57:28 - mmengine - INFO - paramwise_options -- bev_moe.context_summary.res_blocks.0.conv2.weight:decay_mult=0.05
2026/05/22 19:57:28 - mmengine - INFO - paramwise_options -- bev_moe.context_summary.res_blocks.0.gn2.weight:lr=5e-05
2026/05/22 19:57:28 - mmengine - INFO - paramwise_options -- bev_moe.context_summary.res_blocks.0.gn2.weight:weight_decay=0.0005
2026/05/22 19:57:28 - mmengine - INFO - paramwise_options -- bev_moe.context_summary.res_blocks.0.gn2.weight:lr_mult=1.0
2026/05/22 19:57:28 - mmengine - INFO - paramwise_options -- bev_moe.context_summary.res_blocks.0.gn2.weight:decay_mult=0.05
2026/05/22 19:57:28 - mmengine - INFO - paramwise_options -- bev_moe.context_summary.res_blocks.0.gn2.bias:lr=5e-05
2026/05/22 19:57:28 - mmengine - INFO - paramwise_options -- bev_moe.context_summary.res_blocks.0.gn2.bias:weight_decay=0.0005
2026/05/22 19:57:28 - mmengine - INFO - paramwise_options -- bev_moe.context_summary.res_blocks.0.gn2.bias:lr_mult=1.0
2026/05/22 19:57:28 - mmengine - INFO - paramwise_options -- bev_moe.context_summary.res_blocks.0.gn2.bias:decay_mult=0.05
2026/05/22 19:57:28 - mmengine - INFO - paramwise_options -- bev_moe.context_summary.res_blocks.1.conv1.weight:lr=5e-05
2026/05/22 19:57:28 - mmengine - INFO - paramwise_options -- bev_moe.context_summary.res_blocks.1.conv1.weight:weight_decay=0.0005
2026/05/22 19:57:28 - mmengine - INFO - paramwise_options -- bev_moe.context_summary.res_blocks.1.conv1.weight:lr_mult=1.0
2026/05/22 19:57:28 - mmengine - INFO - paramwise_options -- bev_moe.context_summary.res_blocks.1.conv1.weight:decay_mult=0.05
2026/05/22 19:57:28 - mmengine - INFO - paramwise_options -- bev_moe.context_summary.res_blocks.1.gn1.weight:lr=5e-05
2026/05/22 19:57:28 - mmengine - INFO - paramwise_options -- bev_moe.context_summary.res_blocks.1.gn1.weight:weight_decay=0.0005
2026/05/22 19:57:28 - mmengine - INFO - paramwise_options -- bev_moe.context_summary.res_blocks.1.gn1.weight:lr_mult=1.0
2026/05/22 19:57:28 - mmengine - INFO - paramwise_options -- bev_moe.context_summary.res_blocks.1.gn1.weight:decay_mult=0.05
2026/05/22 19:57:28 - mmengine - INFO - paramwise_options -- bev_moe.context_summary.res_blocks.1.gn1.bias:lr=5e-05
2026/05/22 19:57:28 - mmengine - INFO - paramwise_options -- bev_moe.context_summary.res_blocks.1.gn1.bias:weight_decay=0.0005
2026/05/22 19:57:28 - mmengine - INFO - paramwise_options -- bev_moe.context_summary.res_blocks.1.gn1.bias:lr_mult=1.0
2026/05/22 19:57:28 - mmengine - INFO - paramwise_options -- bev_moe.context_summary.res_blocks.1.gn1.bias:decay_mult=0.05
2026/05/22 19:57:28 - mmengine - INFO - paramwise_options -- bev_moe.context_summary.res_blocks.1.conv2.weight:lr=5e-05
2026/05/22 19:57:28 - mmengine - INFO - paramwise_options -- bev_moe.context_summary.res_blocks.1.conv2.weight:weight_decay=0.0005
2026/05/22 19:57:28 - mmengine - INFO - paramwise_options -- bev_moe.context_summary.res_blocks.1.conv2.weight:lr_mult=1.0
2026/05/22 19:57:28 - mmengine - INFO - paramwise_options -- bev_moe.context_summary.res_blocks.1.conv2.weight:decay_mult=0.05
2026/05/22 19:57:28 - mmengine - INFO - paramwise_options -- bev_moe.context_summary.res_blocks.1.gn2.weight:lr=5e-05
2026/05/22 19:57:28 - mmengine - INFO - paramwise_options -- bev_moe.context_summary.res_blocks.1.gn2.weight:weight_decay=0.0005
2026/05/22 19:57:28 - mmengine - INFO - paramwise_options -- bev_moe.context_summary.res_blocks.1.gn2.weight:lr_mult=1.0
2026/05/22 19:57:28 - mmengine - INFO - paramwise_options -- bev_moe.context_summary.res_blocks.1.gn2.weight:decay_mult=0.05
2026/05/22 19:57:28 - mmengine - INFO - paramwise_options -- bev_moe.context_summary.res_blocks.1.gn2.bias:lr=5e-05
2026/05/22 19:57:28 - mmengine - INFO - paramwise_options -- bev_moe.context_summary.res_blocks.1.gn2.bias:weight_decay=0.0005
2026/05/22 19:57:28 - mmengine - INFO - paramwise_options -- bev_moe.context_summary.res_blocks.1.gn2.bias:lr_mult=1.0
2026/05/22 19:57:28 - mmengine - INFO - paramwise_options -- bev_moe.context_summary.res_blocks.1.gn2.bias:decay_mult=0.05
2026/05/22 19:57:28 - mmengine - INFO - paramwise_options -- bev_moe.context_summary.res_blocks.2.conv1.weight:lr=5e-05
2026/05/22 19:57:28 - mmengine - INFO - paramwise_options -- bev_moe.context_summary.res_blocks.2.conv1.weight:weight_decay=0.0005
2026/05/22 19:57:28 - mmengine - INFO - paramwise_options -- bev_moe.context_summary.res_blocks.2.conv1.weight:lr_mult=1.0
2026/05/22 19:57:28 - mmengine - INFO - paramwise_options -- bev_moe.context_summary.res_blocks.2.conv1.weight:decay_mult=0.05
2026/05/22 19:57:28 - mmengine - INFO - paramwise_options -- bev_moe.context_summary.res_blocks.2.gn1.weight:lr=5e-05
2026/05/22 19:57:28 - mmengine - INFO - paramwise_options -- bev_moe.context_summary.res_blocks.2.gn1.weight:weight_decay=0.0005
2026/05/22 19:57:28 - mmengine - INFO - paramwise_options -- bev_moe.context_summary.res_blocks.2.gn1.weight:lr_mult=1.0
2026/05/22 19:57:28 - mmengine - INFO - paramwise_options -- bev_moe.context_summary.res_blocks.2.gn1.weight:decay_mult=0.05
2026/05/22 19:57:28 - mmengine - INFO - paramwise_options -- bev_moe.context_summary.res_blocks.2.gn1.bias:lr=5e-05
2026/05/22 19:57:28 - mmengine - INFO - paramwise_options -- bev_moe.context_summary.res_blocks.2.gn1.bias:weight_decay=0.0005
2026/05/22 19:57:28 - mmengine - INFO - paramwise_options -- bev_moe.context_summary.res_blocks.2.gn1.bias:lr_mult=1.0
2026/05/22 19:57:28 - mmengine - INFO - paramwise_options -- bev_moe.context_summary.res_blocks.2.gn1.bias:decay_mult=0.05
2026/05/22 19:57:28 - mmengine - INFO - paramwise_options -- bev_moe.context_summary.res_blocks.2.conv2.weight:lr=5e-05
2026/05/22 19:57:28 - mmengine - INFO - paramwise_options -- bev_moe.context_summary.res_blocks.2.conv2.weight:weight_decay=0.0005
2026/05/22 19:57:28 - mmengine - INFO - paramwise_options -- bev_moe.context_summary.res_blocks.2.conv2.weight:lr_mult=1.0
2026/05/22 19:57:28 - mmengine - INFO - paramwise_options -- bev_moe.context_summary.res_blocks.2.conv2.weight:decay_mult=0.05
2026/05/22 19:57:28 - mmengine - INFO - paramwise_options -- bev_moe.context_summary.res_blocks.2.gn2.weight:lr=5e-05
2026/05/22 19:57:28 - mmengine - INFO - paramwise_options -- bev_moe.context_summary.res_blocks.2.gn2.weight:weight_decay=0.0005
2026/05/22 19:57:28 - mmengine - INFO - paramwise_options -- bev_moe.context_summary.res_blocks.2.gn2.weight:lr_mult=1.0
2026/05/22 19:57:28 - mmengine - INFO - paramwise_options -- bev_moe.context_summary.res_blocks.2.gn2.weight:decay_mult=0.05
2026/05/22 19:57:28 - mmengine - INFO - paramwise_options -- bev_moe.context_summary.res_blocks.2.gn2.bias:lr=5e-05
2026/05/22 19:57:28 - mmengine - INFO - paramwise_options -- bev_moe.context_summary.res_blocks.2.gn2.bias:weight_decay=0.0005
2026/05/22 19:57:28 - mmengine - INFO - paramwise_options -- bev_moe.context_summary.res_blocks.2.gn2.bias:lr_mult=1.0
2026/05/22 19:57:28 - mmengine - INFO - paramwise_options -- bev_moe.context_summary.res_blocks.2.gn2.bias:decay_mult=0.05
2026/05/22 19:57:28 - mmengine - INFO - paramwise_options -- bev_moe.context_summary.res_blocks.2.shortcut.0.weight:lr=5e-05
2026/05/22 19:57:28 - mmengine - INFO - paramwise_options -- bev_moe.context_summary.res_blocks.2.shortcut.0.weight:weight_decay=0.0005
2026/05/22 19:57:28 - mmengine - INFO - paramwise_options -- bev_moe.context_summary.res_blocks.2.shortcut.0.weight:lr_mult=1.0
2026/05/22 19:57:28 - mmengine - INFO - paramwise_options -- bev_moe.context_summary.res_blocks.2.shortcut.0.weight:decay_mult=0.05
2026/05/22 19:57:28 - mmengine - INFO - paramwise_options -- bev_moe.context_summary.res_blocks.2.shortcut.1.weight:lr=5e-05
2026/05/22 19:57:28 - mmengine - INFO - paramwise_options -- bev_moe.context_summary.res_blocks.2.shortcut.1.weight:weight_decay=0.0005
2026/05/22 19:57:28 - mmengine - INFO - paramwise_options -- bev_moe.context_summary.res_blocks.2.shortcut.1.weight:lr_mult=1.0
2026/05/22 19:57:28 - mmengine - INFO - paramwise_options -- bev_moe.context_summary.res_blocks.2.shortcut.1.weight:decay_mult=0.05
2026/05/22 19:57:28 - mmengine - INFO - paramwise_options -- bev_moe.context_summary.res_blocks.2.shortcut.1.bias:lr=5e-05
2026/05/22 19:57:28 - mmengine - INFO - paramwise_options -- bev_moe.context_summary.res_blocks.2.shortcut.1.bias:weight_decay=0.0005
2026/05/22 19:57:28 - mmengine - INFO - paramwise_options -- bev_moe.context_summary.res_blocks.2.shortcut.1.bias:lr_mult=1.0
2026/05/22 19:57:28 - mmengine - INFO - paramwise_options -- bev_moe.context_summary.res_blocks.2.shortcut.1.bias:decay_mult=0.05
2026/05/22 19:57:28 - mmengine - INFO - paramwise_options -- bev_moe.context_summary.proj.1.weight:lr=5e-05
2026/05/22 19:57:28 - mmengine - INFO - paramwise_options -- bev_moe.context_summary.proj.1.weight:weight_decay=0.0005
2026/05/22 19:57:28 - mmengine - INFO - paramwise_options -- bev_moe.context_summary.proj.1.weight:lr_mult=1.0
2026/05/22 19:57:28 - mmengine - INFO - paramwise_options -- bev_moe.context_summary.proj.1.weight:decay_mult=0.05
2026/05/22 19:57:28 - mmengine - INFO - paramwise_options -- bev_moe.context_summary.proj.1.bias:lr=5e-05
2026/05/22 19:57:28 - mmengine - INFO - paramwise_options -- bev_moe.context_summary.proj.1.bias:weight_decay=0.0005
2026/05/22 19:57:28 - mmengine - INFO - paramwise_options -- bev_moe.context_summary.proj.1.bias:lr_mult=1.0
2026/05/22 19:57:28 - mmengine - INFO - paramwise_options -- bev_moe.context_summary.proj.1.bias:decay_mult=0.05
2026/05/22 19:57:28 - mmengine - INFO - paramwise_options -- bev_moe.context_summary.proj.2.weight:lr=5e-05
2026/05/22 19:57:28 - mmengine - INFO - paramwise_options -- bev_moe.context_summary.proj.2.weight:weight_decay=0.0005
2026/05/22 19:57:28 - mmengine - INFO - paramwise_options -- bev_moe.context_summary.proj.2.weight:lr_mult=1.0
2026/05/22 19:57:28 - mmengine - INFO - paramwise_options -- bev_moe.context_summary.proj.2.weight:decay_mult=0.05
2026/05/22 19:57:28 - mmengine - INFO - paramwise_options -- bev_moe.context_summary.proj.2.bias:lr=5e-05
2026/05/22 19:57:28 - mmengine - INFO - paramwise_options -- bev_moe.context_summary.proj.2.bias:weight_decay=0.0005
2026/05/22 19:57:28 - mmengine - INFO - paramwise_options -- bev_moe.context_summary.proj.2.bias:lr_mult=1.0
2026/05/22 19:57:28 - mmengine - INFO - paramwise_options -- bev_moe.context_summary.proj.2.bias:decay_mult=0.05
2026/05/22 19:57:28 - mmengine - INFO - paramwise_options -- bev_moe.gate.gate.weight:lr=5e-05
2026/05/22 19:57:28 - mmengine - INFO - paramwise_options -- bev_moe.gate.gate.weight:weight_decay=0.0001
2026/05/22 19:57:28 - mmengine - INFO - paramwise_options -- bev_moe.gate.gate.weight:lr_mult=1.0
2026/05/22 19:57:28 - mmengine - INFO - paramwise_options -- bev_moe.gate.gate.weight:decay_mult=0.01
2026/05/22 19:57:28 - mmengine - INFO - paramwise_options -- bev_moe.gate.gate.bias:lr=5e-05
2026/05/22 19:57:28 - mmengine - INFO - paramwise_options -- bev_moe.gate.gate.bias:weight_decay=0.0001
2026/05/22 19:57:28 - mmengine - INFO - paramwise_options -- bev_moe.gate.gate.bias:lr_mult=1.0
2026/05/22 19:57:28 - mmengine - INFO - paramwise_options -- bev_moe.gate.gate.bias:decay_mult=0.01
2026/05/22 19:57:29 - mmengine - INFO - ------------------------------
2026/05/22 19:57:29 - mmengine - INFO - The length of test dataset: 10000
2026/05/22 19:57:29 - mmengine - INFO - The number of instances per category in the dataset:
+------------+--------+
| category   | number |
+------------+--------+
| pedestrian | 23478  |
+------------+--------+
2026/05/22 19:57:29 - mmengine - WARNING - The prefix is not set in metric class IndoorMetric.
2026/05/22 19:57:29 - mmengine - WARNING - The prefix is not set in metric class CenterDistanceMetric.
2026/05/22 19:57:30 - mmengine - INFO - ExpertRespawnHook: dead threshold = 0.0250 (10% of uniform share), perturbation_std=0.02, max_respawns=5
2026/05/22 19:57:30 - mmengine - INFO - MoERoutingHook: artifacts → /home/users/u103958/projects/multimodal-MoE/outputs/runs/zod_lidar_only_moe/lidar-moe-td-30_4610528/moe_routing
2026/05/22 19:57:30 - mmengine - INFO - Load checkpoint from /mnt/tier2/project/p201222/u103958/checkpoints/bevfusion_lidar_voxel0075_second_secfpn_8xb4-cyclic-20e_nus-3d-2628f933.pth
2026/05/22 19:57:30 - mmengine - WARNING - "FileClient" will be deprecated in future. Please use io functions in https://mmengine.readthedocs.io/en/latest/api/fileio.html#file-io
2026/05/22 19:57:30 - mmengine - WARNING - "HardDiskBackend" is the alias of "LocalBackend" and the former will be deprecated in future.
2026/05/22 19:57:30 - mmengine - INFO - Checkpoints will be saved to /home/users/u103958/projects/multimodal-MoE/outputs/runs/zod_lidar_only_moe/lidar-moe-td-30_4610528.
2026/05/22 19:58:15 - mmengine - INFO - Epoch(train)  [1][  50/5000]  base_lr: 5.0002e-05 lr: 5.0002e-05  eta: 1 day, 13:54:10  time: 0.9100  data_time: 0.0383  memory: 16032  grad_norm: nan  loss: 6088.4969  loss_heatmap: 5900.4221  layer_-1_loss_cls: 178.0422  layer_-1_loss_bbox: 10.0246  matched_ious: 0.0205  moe_importance_loss: 0.0037  moe_router_z_loss: 0.0041
2026/05/22 19:58:49 - mmengine - INFO - Epoch(train)  [1][ 100/5000]  base_lr: 5.0007e-05 lr: 5.0007e-05  eta: 1 day, 8:59:45  time: 0.6749  data_time: 0.0131  memory: 16072  grad_norm: 19964.8525  loss: 2163.4684  loss_heatmap: 2026.3582  layer_-1_loss_cls: 131.2801  layer_-1_loss_bbox: 5.8164  matched_ious: 0.0000  moe_importance_loss: 0.0051  moe_router_z_loss: 0.0087  sec_per_iter: 0.9105  iters_per_sec: 1.1000  samples_per_sec: 17.5700  samples_per_sec_per_gpu: 4.3900  max_mem_allocated_mb: 475.5000  max_mem_reserved_mb: 16690.0000
2026/05/22 19:59:20 - mmengine - INFO - Epoch(train)  [1][ 150/5000]  base_lr: 5.0015e-05 lr: 5.0015e-05  eta: 1 day, 6:36:34  time: 0.6212  data_time: 0.0123  memory: 16016  grad_norm: 9857.0345  loss: 931.5117  loss_heatmap: 819.7523  layer_-1_loss_cls: 105.1287  layer_-1_loss_bbox: 6.6160  matched_ious: 0.0000  moe_importance_loss: 0.0052  moe_router_z_loss: 0.0095  sec_per_iter: 0.7928  iters_per_sec: 1.2600  samples_per_sec: 20.1800  samples_per_sec_per_gpu: 5.0500  max_mem_allocated_mb: 475.5000  max_mem_reserved_mb: 16690.0000
2026/05/22 19:59:52 - mmengine - INFO - Epoch(train)  [1][ 200/5000]  base_lr: 5.0027e-05 lr: 5.0027e-05  eta: 1 day, 5:31:16  time: 0.6317  data_time: 0.0111  memory: 16161  grad_norm: 3429.1607  loss: 293.2239  loss_heatmap: 220.1956  layer_-1_loss_cls: 66.3788  layer_-1_loss_bbox: 6.6346  matched_ious: 0.0000  moe_importance_loss: 0.0052  moe_router_z_loss: 0.0097  sec_per_iter: 0.7356  iters_per_sec: 1.3600  samples_per_sec: 21.7500  samples_per_sec_per_gpu: 5.4400  max_mem_allocated_mb: 475.5000  max_mem_reserved_mb: 16692.0000
2026/05/22 20:00:22 - mmengine - INFO - Epoch(train)  [1][ 250/5000]  base_lr: 5.0043e-05 lr: 5.0043e-05  eta: 1 day, 4:41:49  time: 0.6116  data_time: 0.0117  memory: 16092  grad_norm: 1173.8802  loss: 104.4778  loss_heatmap: 55.1070  layer_-1_loss_cls: 41.9450  layer_-1_loss_bbox: 7.4110  matched_ious: 0.0000  moe_importance_loss: 0.0053  moe_router_z_loss: 0.0095  sec_per_iter: 0.7096  iters_per_sec: 1.4100  samples_per_sec: 22.5500  samples_per_sec_per_gpu: 5.6400  max_mem_allocated_mb: 475.5000  max_mem_reserved_mb: 16692.0000
2026/05/22 20:00:53 - mmengine - INFO - Epoch(train)  [1][ 300/5000]  base_lr: 5.0062e-05 lr: 5.0062e-05  eta: 1 day, 4:07:12  time: 0.6080  data_time: 0.0129  memory: 16052  grad_norm: 789.3367  loss: 61.3573  loss_heatmap: 22.1603  layer_-1_loss_cls: 32.4789  layer_-1_loss_bbox: 6.7037  matched_ious: 0.0148  moe_importance_loss: 0.0055  moe_router_z_loss: 0.0089  sec_per_iter: 0.6902  iters_per_sec: 1.4500  samples_per_sec: 23.1800  samples_per_sec_per_gpu: 5.8000  max_mem_allocated_mb: 475.5000  max_mem_reserved_mb: 16692.0000
2026/05/22 20:01:24 - mmengine - INFO - Epoch(train)  [1][ 350/5000]  base_lr: 5.0085e-05 lr: 5.0085e-05  eta: 1 day, 3:44:44  time: 0.6148  data_time: 0.0132  memory: 16043  grad_norm: 450.2695  loss: 35.8979  loss_heatmap: 10.0891  layer_-1_loss_cls: 23.1808  layer_-1_loss_bbox: 2.6144  matched_ious: 0.0452  moe_importance_loss: 0.0052  moe_router_z_loss: 0.0085  sec_per_iter: 0.6763  iters_per_sec: 1.4800  samples_per_sec: 23.6600  samples_per_sec_per_gpu: 5.9100  max_mem_allocated_mb: 475.5000  max_mem_reserved_mb: 16692.0000
2026/05/22 20:01:56 - mmengine - INFO - Epoch(train)  [1][ 400/5000]  base_lr: 5.0110e-05 lr: 5.0110e-05  eta: 1 day, 3:39:08  time: 0.6513  data_time: 0.0122  memory: 16205  grad_norm: 382.9895  loss: 24.5986  loss_heatmap: 5.9072  layer_-1_loss_cls: 17.4164  layer_-1_loss_bbox: 1.2618  matched_ious: 0.0671  moe_importance_loss: 0.0053  moe_router_z_loss: 0.0078  sec_per_iter: 0.6676  iters_per_sec: 1.5000  samples_per_sec: 23.9700  samples_per_sec_per_gpu: 5.9900  max_mem_allocated_mb: 475.5000  max_mem_reserved_mb: 16692.0000
2026/05/22 20:02:27 - mmengine - INFO - Epoch(train)  [1][ 450/5000]  base_lr: 5.0140e-05 lr: 5.0140e-05  eta: 1 day, 3:24:22  time: 0.6141  data_time: 0.0110  memory: 15941  grad_norm: 260.5496  loss: 17.7694  loss_heatmap: 4.2393  layer_-1_loss_cls: 12.1342  layer_-1_loss_bbox: 1.3826  matched_ious: 0.1181  moe_importance_loss: 0.0056  moe_router_z_loss: 0.0076  sec_per_iter: 0.6656  iters_per_sec: 1.5000  samples_per_sec: 24.0400  samples_per_sec_per_gpu: 6.0100  max_mem_allocated_mb: 475.5000  max_mem_reserved_mb: 16692.0000
2026/05/22 20:02:58 - mmengine - INFO - Epoch(train)  [1][ 500/5000]  base_lr: 5.0173e-05 lr: 5.0173e-05  eta: 1 day, 3:16:55  time: 0.6321  data_time: 0.0110  memory: 16177  grad_norm: 225.7960  loss: 15.2180  loss_heatmap: 3.5310  layer_-1_loss_cls: 10.6545  layer_-1_loss_bbox: 1.0205  matched_ious: 0.0532  moe_importance_loss: 0.0050  moe_router_z_loss: 0.0070  sec_per_iter: 0.6598  iters_per_sec: 1.5200  samples_per_sec: 24.2500  samples_per_sec_per_gpu: 6.0600  max_mem_allocated_mb: 475.5000  max_mem_reserved_mb: 16692.0000
2026/05/22 20:03:29 - mmengine - INFO - Epoch(train)  [1][ 550/5000]  base_lr: 5.0209e-05 lr: 5.0209e-05  eta: 1 day, 3:07:50  time: 0.6192  data_time: 0.0118  memory: 15931  grad_norm: 174.7368  loss: 11.7641  loss_heatmap: 2.8163  layer_-1_loss_cls: 7.9302  layer_-1_loss_bbox: 1.0057  matched_ious: 0.0640  moe_importance_loss: 0.0052  moe_router_z_loss: 0.0067  sec_per_iter: 0.6571  iters_per_sec: 1.5200  samples_per_sec: 24.3500  samples_per_sec_per_gpu: 6.0900  max_mem_allocated_mb: 475.5000  max_mem_reserved_mb: 16692.0000
2026/05/22 20:04:01 - mmengine - INFO - Epoch(train)  [1][ 600/5000]  base_lr: 5.0249e-05 lr: 5.0249e-05  eta: 1 day, 3:02:29  time: 0.6304  data_time: 0.0117  memory: 16136  grad_norm: 139.0225  loss: 10.3397  loss_heatmap: 2.6191  layer_-1_loss_cls: 6.6777  layer_-1_loss_bbox: 1.0321  matched_ious: 0.0752  moe_importance_loss: 0.0048  moe_router_z_loss: 0.0061  sec_per_iter: 0.6536  iters_per_sec: 1.5300  samples_per_sec: 24.4800  samples_per_sec_per_gpu: 6.1200  max_mem_allocated_mb: 475.5000  max_mem_reserved_mb: 16692.0000
2026/05/22 20:04:32 - mmengine - INFO - Epoch(train)  [1][ 650/5000]  base_lr: 5.0292e-05 lr: 5.0292e-05  eta: 1 day, 2:55:52  time: 0.6199  data_time: 0.0139  memory: 16047  grad_norm: 129.3240  loss: 8.7505  loss_heatmap: 2.3051  layer_-1_loss_cls: 5.5409  layer_-1_loss_bbox: 0.8940  matched_ious: 0.0906  moe_importance_loss: 0.0048  moe_router_z_loss: 0.0057  sec_per_iter: 0.6517  iters_per_sec: 1.5300  samples_per_sec: 24.5500  samples_per_sec_per_gpu: 6.1400  max_mem_allocated_mb: 475.5000  max_mem_reserved_mb: 16692.0000
2026/05/22 20:05:03 - mmengine - INFO - Epoch(train)  [1][ 700/5000]  base_lr: 5.0339e-05 lr: 5.0339e-05  eta: 1 day, 2:50:36  time: 0.6225  data_time: 0.0110  memory: 16129  grad_norm: 80.5831  loss: 6.9010  loss_heatmap: 2.0104  layer_-1_loss_cls: 4.0131  layer_-1_loss_bbox: 0.8670  matched_ious: 0.1280  moe_importance_loss: 0.0049  moe_router_z_loss: 0.0055  sec_per_iter: 0.6493  iters_per_sec: 1.5400  samples_per_sec: 24.6400  samples_per_sec_per_gpu: 6.1600  max_mem_allocated_mb: 475.5000  max_mem_reserved_mb: 16692.0000
2026/05/22 20:05:34 - mmengine - INFO - Epoch(train)  [1][ 750/5000]  base_lr: 5.0389e-05 lr: 5.0389e-05  eta: 1 day, 2:46:25  time: 0.6253  data_time: 0.0116  memory: 16099  grad_norm: 83.9108  loss: 6.5328  loss_heatmap: 1.8954  layer_-1_loss_cls: 3.9029  layer_-1_loss_bbox: 0.7247  matched_ious: 0.1610  moe_importance_loss: 0.0050  moe_router_z_loss: 0.0048  sec_per_iter: 0.6473  iters_per_sec: 1.5400  samples_per_sec: 24.7200  samples_per_sec_per_gpu: 6.1800  max_mem_allocated_mb: 475.5000  max_mem_reserved_mb: 16692.0000
2026/05/22 20:06:05 - mmengine - INFO - Epoch(train)  [1][ 800/5000]  base_lr: 5.0443e-05 lr: 5.0443e-05  eta: 1 day, 2:40:09  time: 0.6089  data_time: 0.0119  memory: 16000  grad_norm: 76.3329  loss: 5.4191  loss_heatmap: 1.8529  layer_-1_loss_cls: 2.7505  layer_-1_loss_bbox: 0.8066  matched_ious: 0.2013  moe_importance_loss: 0.0048  moe_router_z_loss: 0.0043  sec_per_iter: 0.6459  iters_per_sec: 1.5500  samples_per_sec: 24.7700  samples_per_sec_per_gpu: 6.1900  max_mem_allocated_mb: 475.5000  max_mem_reserved_mb: 16692.0000
2026/05/22 20:06:36 - mmengine - INFO - Epoch(train)  [1][ 850/5000]  base_lr: 5.0500e-05 lr: 5.0500e-05  eta: 1 day, 2:37:08  time: 0.6265  data_time: 0.0123  memory: 16237  grad_norm: 54.3508  loss: 4.9809  loss_heatmap: 1.7491  layer_-1_loss_cls: 2.4358  layer_-1_loss_bbox: 0.7872  matched_ious: 0.0887  moe_importance_loss: 0.0047  moe_router_z_loss: 0.0040  sec_per_iter: 0.6436  iters_per_sec: 1.5500  samples_per_sec: 24.8600  samples_per_sec_per_gpu: 6.2200  max_mem_allocated_mb: 475.5000  max_mem_reserved_mb: 16692.0000
2026/05/22 20:07:07 - mmengine - INFO - Epoch(train)  [1][ 900/5000]  base_lr: 5.0561e-05 lr: 5.0561e-05  eta: 1 day, 2:34:24  time: 0.6266  data_time: 0.0114  memory: 16103  grad_norm: 45.7712  loss: 4.3364  loss_heatmap: 1.6814  layer_-1_loss_cls: 1.9328  layer_-1_loss_bbox: 0.7138  matched_ious: 0.2046  moe_importance_loss: 0.0047  moe_router_z_loss: 0.0037  sec_per_iter: 0.6426  iters_per_sec: 1.5600  samples_per_sec: 24.9000  samples_per_sec_per_gpu: 6.2300  max_mem_allocated_mb: 475.5000  max_mem_reserved_mb: 16692.0000
2026/05/22 20:07:39 - mmengine - INFO - Epoch(train)  [1][ 950/5000]  base_lr: 5.0625e-05 lr: 5.0625e-05  eta: 1 day, 2:31:57  time: 0.6270  data_time: 0.0109  memory: 15913  grad_norm: 39.8321  loss: 3.8586  loss_heatmap: 1.5422  layer_-1_loss_cls: 1.6095  layer_-1_loss_bbox: 0.6996  matched_ious: 0.2092  moe_importance_loss: 0.0045  moe_router_z_loss: 0.0029  sec_per_iter: 0.6417  iters_per_sec: 1.5600  samples_per_sec: 24.9300  samples_per_sec_per_gpu: 6.2300  max_mem_allocated_mb: 475.5000  max_mem_reserved_mb: 16692.0000
2026/05/22 20:08:10 - mmengine - INFO - Exp name: zod_lidar_only_moe_dense4_taskdriven_30ep_20260522_195637
2026/05/22 20:08:10 - mmengine - INFO - Epoch(train)  [1][1000/5000]  base_lr: 5.0692e-05 lr: 5.0692e-05  eta: 1 day, 2:29:32  time: 0.6257  data_time: 0.0111  memory: 15976  grad_norm: 34.8098  loss: 3.4683  loss_heatmap: 1.3865  layer_-1_loss_cls: 1.4201  layer_-1_loss_bbox: 0.6547  matched_ious: 0.2017  moe_importance_loss: 0.0045  moe_router_z_loss: 0.0026  sec_per_iter: 0.6409  iters_per_sec: 1.5600  samples_per_sec: 24.9700  samples_per_sec_per_gpu: 6.2400  max_mem_allocated_mb: 475.5000  max_mem_reserved_mb: 16692.0000
2026/05/22 20:08:42 - mmengine - INFO - Epoch(train)  [1][1050/5000]  base_lr: 5.0763e-05 lr: 5.0763e-05  eta: 1 day, 2:28:31  time: 0.6359  data_time: 0.0111  memory: 16035  grad_norm: 31.6856  loss: 3.0768  loss_heatmap: 1.3364  layer_-1_loss_cls: 1.0606  layer_-1_loss_bbox: 0.6730  matched_ious: 0.1879  moe_importance_loss: 0.0045  moe_router_z_loss: 0.0024  sec_per_iter: 0.6401  iters_per_sec: 1.5600  samples_per_sec: 24.9900  samples_per_sec_per_gpu: 6.2500  max_mem_allocated_mb: 475.5000  max_mem_reserved_mb: 16692.0000
2026/05/22 20:09:13 - mmengine - INFO - Epoch(train)  [1][1100/5000]  base_lr: 5.0838e-05 lr: 5.0838e-05  eta: 1 day, 2:25:46  time: 0.6203  data_time: 0.0116  memory: 16220  grad_norm: 32.8060  loss: 3.0512  loss_heatmap: 1.2818  layer_-1_loss_cls: 1.0787  layer_-1_loss_bbox: 0.6845  matched_ious: 0.2850  moe_importance_loss: 0.0043  moe_router_z_loss: 0.0019  sec_per_iter: 0.6399  iters_per_sec: 1.5600  samples_per_sec: 25.0000  samples_per_sec_per_gpu: 6.2500  max_mem_allocated_mb: 475.5000  max_mem_reserved_mb: 16692.0000
2026/05/22 20:09:44 - mmengine - INFO - Epoch(train)  [1][1150/5000]  base_lr: 5.0916e-05 lr: 5.0916e-05  eta: 1 day, 2:23:32  time: 0.6232  data_time: 0.0116  memory: 16022  grad_norm: 39.0039  loss: 2.9791  loss_heatmap: 1.3192  layer_-1_loss_cls: 0.9574  layer_-1_loss_bbox: 0.6968  matched_ious: 0.1430  moe_importance_loss: 0.0041  moe_router_z_loss: 0.0015  sec_per_iter: 0.6391  iters_per_sec: 1.5600  samples_per_sec: 25.0400  samples_per_sec_per_gpu: 6.2600  max_mem_allocated_mb: 475.5000  max_mem_reserved_mb: 16692.0000
2026/05/22 20:10:15 - mmengine - INFO - Epoch(train)  [1][1200/5000]  base_lr: 5.0997e-05 lr: 5.0997e-05  eta: 1 day, 2:21:31  time: 0.6240  data_time: 0.0109  memory: 16194  grad_norm: 23.8719  loss: 2.7242  loss_heatmap: 1.2867  layer_-1_loss_cls: 0.7992  layer_-1_loss_bbox: 0.6323  matched_ious: 0.2017  moe_importance_loss: 0.0044  moe_router_z_loss: 0.0017  sec_per_iter: 0.6384  iters_per_sec: 1.5700  samples_per_sec: 25.0600  samples_per_sec_per_gpu: 6.2700  max_mem_allocated_mb: 475.5000  max_mem_reserved_mb: 16692.0000
2026/05/22 20:10:46 - mmengine - INFO - Epoch(train)  [1][1250/5000]  base_lr: 5.1082e-05 lr: 5.1082e-05  eta: 1 day, 2:19:22  time: 0.6213  data_time: 0.0119  memory: 16005  grad_norm: 26.7123  loss: 2.7787  loss_heatmap: 1.2828  layer_-1_loss_cls: 0.8806  layer_-1_loss_bbox: 0.6094  matched_ious: 0.1435  moe_importance_loss: 0.0045  moe_router_z_loss: 0.0014  sec_per_iter: 0.6378  iters_per_sec: 1.5700  samples_per_sec: 25.0900  samples_per_sec_per_gpu: 6.2700  max_mem_allocated_mb: 475.5000  max_mem_reserved_mb: 16692.0000
2026/05/22 20:11:17 - mmengine - INFO - Epoch(train)  [1][1300/5000]  base_lr: 5.1170e-05 lr: 5.1170e-05  eta: 1 day, 2:17:15  time: 0.6206  data_time: 0.0130  memory: 16002  grad_norm: 32.7946  loss: 2.4620  loss_heatmap: 1.1224  layer_-1_loss_cls: 0.6782  layer_-1_loss_bbox: 0.6564  matched_ious: 0.2581  moe_importance_loss: 0.0040  moe_router_z_loss: 0.0010  sec_per_iter: 0.6371  iters_per_sec: 1.5700  samples_per_sec: 25.1100  samples_per_sec_per_gpu: 6.2800  max_mem_allocated_mb: 475.5000  max_mem_reserved_mb: 16692.0000
2026/05/22 20:11:48 - mmengine - INFO - Epoch(train)  [1][1350/5000]  base_lr: 5.1262e-05 lr: 5.1262e-05  eta: 1 day, 2:14:34  time: 0.6130  data_time: 0.0117  memory: 16155  grad_norm: 21.8625  loss: 2.4839  loss_heatmap: 1.1848  layer_-1_loss_cls: 0.6628  layer_-1_loss_bbox: 0.6312  matched_ious: 0.2049  moe_importance_loss: 0.0041  moe_router_z_loss: 0.0009  sec_per_iter: 0.6365  iters_per_sec: 1.5700  samples_per_sec: 25.1400  samples_per_sec_per_gpu: 6.2800  max_mem_allocated_mb: 475.5000  max_mem_reserved_mb: 16692.0000
2026/05/22 20:12:19 - mmengine - INFO - Epoch(train)  [1][1400/5000]  base_lr: 5.1357e-05 lr: 5.1357e-05  eta: 1 day, 2:13:20  time: 0.6275  data_time: 0.0118  memory: 16105  grad_norm: 26.6659  loss: 2.5249  loss_heatmap: 1.2068  layer_-1_loss_cls: 0.6317  layer_-1_loss_bbox: 0.6819  matched_ious: 0.1419  moe_importance_loss: 0.0038  moe_router_z_loss: 0.0007  sec_per_iter: 0.6356  iters_per_sec: 1.5700  samples_per_sec: 25.1700  samples_per_sec_per_gpu: 6.2900  max_mem_allocated_mb: 475.5000  max_mem_reserved_mb: 16692.0000
2026/05/22 20:12:51 - mmengine - INFO - Epoch(train)  [1][1450/5000]  base_lr: 5.1455e-05 lr: 5.1455e-05  eta: 1 day, 2:11:55  time: 0.6248  data_time: 0.0111  memory: 16175  grad_norm: 24.0290  loss: 2.3346  loss_heatmap: 1.0897  layer_-1_loss_cls: 0.5752  layer_-1_loss_bbox: 0.6653  matched_ious: 0.1648  moe_importance_loss: 0.0037  moe_router_z_loss: 0.0006  sec_per_iter: 0.6353  iters_per_sec: 1.5700  samples_per_sec: 25.1800  samples_per_sec_per_gpu: 6.3000  max_mem_allocated_mb: 475.5000  max_mem_reserved_mb: 16692.0000
2026/05/22 20:13:20 - mmengine - INFO - Epoch(train)  [1][1500/5000]  base_lr: 5.1558e-05 lr: 5.1558e-05  eta: 1 day, 2:08:04  time: 0.5948  data_time: 0.0107  memory: 16063  grad_norm: 24.2792  loss: 2.3782  loss_heatmap: 1.1234  layer_-1_loss_cls: 0.5912  layer_-1_loss_bbox: 0.6593  matched_ious: 0.1548  moe_importance_loss: 0.0037  moe_router_z_loss: 0.0006  sec_per_iter: 0.6350  iters_per_sec: 1.5700  samples_per_sec: 25.2000  samples_per_sec_per_gpu: 6.3000  max_mem_allocated_mb: 475.5000  max_mem_reserved_mb: 16692.0000
2026/05/22 20:13:51 - mmengine - INFO - Epoch(train)  [1][1550/5000]  base_lr: 5.1663e-05 lr: 5.1663e-05  eta: 1 day, 2:06:27  time: 0.6199  data_time: 0.0120  memory: 16024  grad_norm: 33.4693  loss: 2.3402  loss_heatmap: 1.1117  layer_-1_loss_cls: 0.5503  layer_-1_loss_bbox: 0.6741  matched_ious: 0.1922  moe_importance_loss: 0.0036  moe_router_z_loss: 0.0005  sec_per_iter: 0.6336  iters_per_sec: 1.5800  samples_per_sec: 25.2500  samples_per_sec_per_gpu: 6.3100  max_mem_allocated_mb: 475.5000  max_mem_reserved_mb: 16692.0000
2026/05/22 20:14:24 - mmengine - INFO - Epoch(train)  [1][1600/5000]  base_lr: 5.1772e-05 lr: 5.1772e-05  eta: 1 day, 2:06:50  time: 0.6448  data_time: 0.0145  memory: 15953  grad_norm: 22.3404  loss: 2.1873  loss_heatmap: 1.0676  layer_-1_loss_cls: 0.5273  layer_-1_loss_bbox: 0.5876  matched_ious: 0.2127  moe_importance_loss: 0.0041  moe_router_z_loss: 0.0007  sec_per_iter: 0.6332  iters_per_sec: 1.5800  samples_per_sec: 25.2700  samples_per_sec_per_gpu: 6.3200  max_mem_allocated_mb: 475.5000  max_mem_reserved_mb: 16692.0000
2026/05/22 20:14:56 - mmengine - INFO - Epoch(train)  [1][1650/5000]  base_lr: 5.1884e-05 lr: 5.1884e-05  eta: 1 day, 2:07:42  time: 0.6522  data_time: 0.0112  memory: 16146  grad_norm: 25.4397  loss: 2.3606  loss_heatmap: 1.1860  layer_-1_loss_cls: 0.5106  layer_-1_loss_bbox: 0.6599  matched_ious: 0.1978  moe_importance_loss: 0.0037  moe_router_z_loss: 0.0004  sec_per_iter: 0.6335  iters_per_sec: 1.5800  samples_per_sec: 25.2600  samples_per_sec_per_gpu: 6.3100  max_mem_allocated_mb: 475.5000  max_mem_reserved_mb: 16692.0000
2026/05/22 20:15:27 - mmengine - INFO - Epoch(train)  [1][1700/5000]  base_lr: 5.2000e-05 lr: 5.2000e-05  eta: 1 day, 2:06:35  time: 0.6259  data_time: 0.0125  memory: 16037  grad_norm: 23.7689  loss: 2.1805  loss_heatmap: 1.0536  layer_-1_loss_cls: 0.4979  layer_-1_loss_bbox: 0.6249  matched_ious: 0.2415  moe_importance_loss: 0.0037  moe_router_z_loss: 0.0004  sec_per_iter: 0.6341  iters_per_sec: 1.5800  samples_per_sec: 25.2300  samples_per_sec_per_gpu: 6.3100  max_mem_allocated_mb: 475.5000  max_mem_reserved_mb: 16692.0000
2026/05/22 20:15:59 - mmengine - INFO - Epoch(train)  [1][1750/5000]  base_lr: 5.2119e-05 lr: 5.2119e-05  eta: 1 day, 2:05:22  time: 0.6242  data_time: 0.0123  memory: 16104  grad_norm: 23.1609  loss: 2.0686  loss_heatmap: 0.9891  layer_-1_loss_cls: 0.4697  layer_-1_loss_bbox: 0.6057  matched_ious: 0.1910  moe_importance_loss: 0.0037  moe_router_z_loss: 0.0004  sec_per_iter: 0.6339  iters_per_sec: 1.5800  samples_per_sec: 25.2400  samples_per_sec_per_gpu: 6.3100  max_mem_allocated_mb: 475.5000  max_mem_reserved_mb: 16692.0000
2026/05/22 20:16:32 - mmengine - INFO - Epoch(train)  [1][1800/5000]  base_lr: 5.2242e-05 lr: 5.2242e-05  eta: 1 day, 2:06:51  time: 0.6627  data_time: 0.0129  memory: 15977  grad_norm: 22.7791  loss: 2.2165  loss_heatmap: 1.0621  layer_-1_loss_cls: 0.4541  layer_-1_loss_bbox: 0.6961  matched_ious: 0.2074  moe_importance_loss: 0.0038  moe_router_z_loss: 0.0004  sec_per_iter: 0.6336  iters_per_sec: 1.5800  samples_per_sec: 25.2500  samples_per_sec_per_gpu: 6.3100  max_mem_allocated_mb: 475.5000  max_mem_reserved_mb: 16692.0000
2026/05/22 20:17:04 - mmengine - INFO - Epoch(train)  [1][1850/5000]  base_lr: 5.2368e-05 lr: 5.2368e-05  eta: 1 day, 2:06:24  time: 0.6355  data_time: 0.0112  memory: 16077  grad_norm: 19.1333  loss: 2.0334  loss_heatmap: 0.9967  layer_-1_loss_cls: 0.4458  layer_-1_loss_bbox: 0.5872  matched_ious: 0.1362  moe_importance_loss: 0.0033  moe_router_z_loss: 0.0003  sec_per_iter: 0.6344  iters_per_sec: 1.5800  samples_per_sec: 25.2200  samples_per_sec_per_gpu: 6.3100  max_mem_allocated_mb: 475.5000  max_mem_reserved_mb: 16692.0000
2026/05/22 20:17:36 - mmengine - INFO - Epoch(train)  [1][1900/5000]  base_lr: 5.2498e-05 lr: 5.2498e-05  eta: 1 day, 2:06:55  time: 0.6506  data_time: 0.0128  memory: 15918  grad_norm: 19.1796  loss: 2.0220  loss_heatmap: 0.9879  layer_-1_loss_cls: 0.4050  layer_-1_loss_bbox: 0.6255  matched_ious: 0.2042  moe_importance_loss: 0.0033  moe_router_z_loss: 0.0003  sec_per_iter: 0.6344  iters_per_sec: 1.5800  samples_per_sec: 25.2200  samples_per_sec_per_gpu: 6.3100  max_mem_allocated_mb: 475.5000  max_mem_reserved_mb: 16692.0000
2026/05/22 20:18:10 - mmengine - INFO - Epoch(train)  [1][1950/5000]  base_lr: 5.2631e-05 lr: 5.2631e-05  eta: 1 day, 2:09:15  time: 0.6799  data_time: 0.0130  memory: 16066  grad_norm: 23.9433  loss: 2.0627  loss_heatmap: 1.0494  layer_-1_loss_cls: 0.4296  layer_-1_loss_bbox: 0.5804  matched_ious: 0.2802  moe_importance_loss: 0.0031  moe_router_z_loss: 0.0002  sec_per_iter: 0.6348  iters_per_sec: 1.5800  samples_per_sec: 25.2000  samples_per_sec_per_gpu: 6.3000  max_mem_allocated_mb: 475.5000  max_mem_reserved_mb: 16692.0000
2026/05/22 20:18:42 - mmengine - INFO - Exp name: zod_lidar_only_moe_dense4_taskdriven_30ep_20260522_195637
2026/05/22 20:18:42 - mmengine - INFO - Epoch(train)  [1][2000/5000]  base_lr: 5.2767e-05 lr: 5.2767e-05  eta: 1 day, 2:08:34  time: 0.6337  data_time: 0.0114  memory: 15954  grad_norm: 20.0365  loss: 2.1232  loss_heatmap: 1.0353  layer_-1_loss_cls: 0.3915  layer_-1_loss_bbox: 0.6934  matched_ious: 0.1852  moe_importance_loss: 0.0028  moe_router_z_loss: 0.0002  sec_per_iter: 0.6360  iters_per_sec: 1.5700  samples_per_sec: 25.1600  samples_per_sec_per_gpu: 6.2900  max_mem_allocated_mb: 475.5000  max_mem_reserved_mb: 16692.0000
2026/05/22 20:19:13 - mmengine - INFO - Epoch(train)  [1][2050/5000]  base_lr: 5.2907e-05 lr: 5.2907e-05  eta: 1 day, 2:07:45  time: 0.6311  data_time: 0.0121  memory: 16064  grad_norm: 25.7415  loss: 2.2303  loss_heatmap: 1.1118  layer_-1_loss_cls: 0.4258  layer_-1_loss_bbox: 0.6893  matched_ious: 0.1864  moe_importance_loss: 0.0031  moe_router_z_loss: 0.0002  sec_per_iter: 0.6359  iters_per_sec: 1.5700  samples_per_sec: 25.1600  samples_per_sec_per_gpu: 6.2900  max_mem_allocated_mb: 475.5000  max_mem_reserved_mb: 16692.0000
2026/05/22 20:19:45 - mmengine - INFO - Epoch(train)  [1][2100/5000]  base_lr: 5.3051e-05 lr: 5.3051e-05  eta: 1 day, 2:06:48  time: 0.6284  data_time: 0.0123  memory: 16087  grad_norm: 21.0015  loss: 2.0513  loss_heatmap: 1.0408  layer_-1_loss_cls: 0.4050  layer_-1_loss_bbox: 0.6022  matched_ious: 0.2768  moe_importance_loss: 0.0031  moe_router_z_loss: 0.0002  sec_per_iter: 0.6358  iters_per_sec: 1.5700  samples_per_sec: 25.1600  samples_per_sec_per_gpu: 6.2900  max_mem_allocated_mb: 475.5000  max_mem_reserved_mb: 16692.0000
2026/05/22 20:20:17 - mmengine - INFO - Epoch(train)  [1][2150/5000]  base_lr: 5.3197e-05 lr: 5.3197e-05  eta: 1 day, 2:06:26  time: 0.6387  data_time: 0.0120  memory: 15983  grad_norm: 19.8625  loss: 1.9021  loss_heatmap: 0.9062  layer_-1_loss_cls: 0.3844  layer_-1_loss_bbox: 0.6085  matched_ious: 0.1911  moe_importance_loss: 0.0028  moe_router_z_loss: 0.0002  sec_per_iter: 0.6356  iters_per_sec: 1.5700  samples_per_sec: 25.1700  samples_per_sec_per_gpu: 6.2900  max_mem_allocated_mb: 475.5000  max_mem_reserved_mb: 16692.0000
2026/05/22 20:20:48 - mmengine - INFO - Epoch(train)  [1][2200/5000]  base_lr: 5.3347e-05 lr: 5.3347e-05  eta: 1 day, 2:05:25  time: 0.6270  data_time: 0.0126  memory: 15950  grad_norm: 20.8296  loss: 2.0985  loss_heatmap: 1.0153  layer_-1_loss_cls: 0.3739  layer_-1_loss_bbox: 0.7062  matched_ious: 0.2116  moe_importance_loss: 0.0030  moe_router_z_loss: 0.0002  sec_per_iter: 0.6357  iters_per_sec: 1.5700  samples_per_sec: 25.1700  samples_per_sec_per_gpu: 6.2900  max_mem_allocated_mb: 475.5000  max_mem_reserved_mb: 16692.0000
2026/05/22 20:21:19 - mmengine - INFO - Epoch(train)  [1][2250/5000]  base_lr: 5.3501e-05 lr: 5.3501e-05  eta: 1 day, 2:04:19  time: 0.6249  data_time: 0.0127  memory: 15964  grad_norm: 21.2207  loss: 2.0095  loss_heatmap: 0.9908  layer_-1_loss_cls: 0.3728  layer_-1_loss_bbox: 0.6431  matched_ious: 0.1491  moe_importance_loss: 0.0027  moe_router_z_loss: 0.0002  sec_per_iter: 0.6355  iters_per_sec: 1.5700  samples_per_sec: 25.1800  samples_per_sec_per_gpu: 6.2900  max_mem_allocated_mb: 475.5000  max_mem_reserved_mb: 16692.0000
2026/05/22 20:21:51 - mmengine - INFO - Epoch(train)  [1][2300/5000]  base_lr: 5.3658e-05 lr: 5.3658e-05  eta: 1 day, 2:03:27  time: 0.6289  data_time: 0.0120  memory: 15957  grad_norm: 26.8779  loss: 2.1713  loss_heatmap: 1.0812  layer_-1_loss_cls: 0.3837  layer_-1_loss_bbox: 0.7035  matched_ious: 0.1716  moe_importance_loss: 0.0028  moe_router_z_loss: 0.0001  sec_per_iter: 0.6353  iters_per_sec: 1.5700  samples_per_sec: 25.1900  samples_per_sec_per_gpu: 6.3000  max_mem_allocated_mb: 475.5000  max_mem_reserved_mb: 16692.0000
2026/05/22 20:22:23 - mmengine - INFO - Epoch(train)  [1][2350/5000]  base_lr: 5.3818e-05 lr: 5.3818e-05  eta: 1 day, 2:02:58  time: 0.6361  data_time: 0.0115  memory: 15854  grad_norm: 18.6660  loss: 1.9263  loss_heatmap: 0.9368  layer_-1_loss_cls: 0.3488  layer_-1_loss_bbox: 0.6379  matched_ious: 0.1381  moe_importance_loss: 0.0027  moe_router_z_loss: 0.0001  sec_per_iter: 0.6351  iters_per_sec: 1.5700  samples_per_sec: 25.1900  samples_per_sec_per_gpu: 6.3000  max_mem_allocated_mb: 475.5000  max_mem_reserved_mb: 16692.0000
2026/05/22 20:22:54 - mmengine - INFO - Epoch(train)  [1][2400/5000]  base_lr: 5.3982e-05 lr: 5.3982e-05  eta: 1 day, 2:02:14  time: 0.6311  data_time: 0.0132  memory: 15960  grad_norm: 21.5265  loss: 2.0323  loss_heatmap: 1.0120  layer_-1_loss_cls: 0.3604  layer_-1_loss_bbox: 0.6574  matched_ious: 0.3239  moe_importance_loss: 0.0024  moe_router_z_loss: 0.0001  sec_per_iter: 0.6352  iters_per_sec: 1.5700  samples_per_sec: 25.1900  samples_per_sec_per_gpu: 6.3000  max_mem_allocated_mb: 475.5000  max_mem_reserved_mb: 16692.0000
2026/05/22 20:23:25 - mmengine - INFO - Epoch(train)  [1][2450/5000]  base_lr: 5.4149e-05 lr: 5.4149e-05  eta: 1 day, 2:01:02  time: 0.6216  data_time: 0.0109  memory: 16094  grad_norm: 19.2062  loss: 2.0054  loss_heatmap: 1.0029  layer_-1_loss_cls: 0.3565  layer_-1_loss_bbox: 0.6436  matched_ious: 0.1973  moe_importance_loss: 0.0022  moe_router_z_loss: 0.0001  sec_per_iter: 0.6351  iters_per_sec: 1.5700  samples_per_sec: 25.1900  samples_per_sec_per_gpu: 6.3000  max_mem_allocated_mb: 475.5000  max_mem_reserved_mb: 16692.0000
2026/05/22 20:23:56 - mmengine - INFO - Epoch(train)  [1][2500/5000]  base_lr: 5.4320e-05 lr: 5.4320e-05  eta: 1 day, 1:59:50  time: 0.6214  data_time: 0.0109  memory: 15994  grad_norm: 25.2036  loss: 1.9751  loss_heatmap: 0.9799  layer_-1_loss_cls: 0.3468  layer_-1_loss_bbox: 0.6457  matched_ious: 0.2845  moe_importance_loss: 0.0026  moe_router_z_loss: 0.0001  sec_per_iter: 0.6348  iters_per_sec: 1.5800  samples_per_sec: 25.2000  samples_per_sec_per_gpu: 6.3000  max_mem_allocated_mb: 475.5000  max_mem_reserved_mb: 16692.0000
2026/05/22 20:24:28 - mmengine - INFO - Epoch(train)  [1][2550/5000]  base_lr: 5.4494e-05 lr: 5.4494e-05  eta: 1 day, 1:59:36  time: 0.6404  data_time: 0.0126  memory: 16089  grad_norm: 19.2206  loss: 1.9181  loss_heatmap: 0.9489  layer_-1_loss_cls: 0.3401  layer_-1_loss_bbox: 0.6261  matched_ious: 0.2113  moe_importance_loss: 0.0029  moe_router_z_loss: 0.0001  sec_per_iter: 0.6345  iters_per_sec: 1.5800  samples_per_sec: 25.2100  samples_per_sec_per_gpu: 6.3000  max_mem_allocated_mb: 475.5000  max_mem_reserved_mb: 16692.0000
2026/05/22 20:24:59 - mmengine - INFO - Epoch(train)  [1][2600/5000]  base_lr: 5.4671e-05 lr: 5.4671e-05  eta: 1 day, 1:58:28  time: 0.6218  data_time: 0.0121  memory: 15999  grad_norm: 17.7763  loss: 1.9477  loss_heatmap: 0.9792  layer_-1_loss_cls: 0.3420  layer_-1_loss_bbox: 0.6241  matched_ious: 0.2447  moe_importance_loss: 0.0024  moe_router_z_loss: 0.0001  sec_per_iter: 0.6347  iters_per_sec: 1.5800  samples_per_sec: 25.2100  samples_per_sec_per_gpu: 6.3000  max_mem_allocated_mb: 475.5000  max_mem_reserved_mb: 16692.0000
2026/05/22 20:25:31 - mmengine - INFO - Epoch(train)  [1][2650/5000]  base_lr: 5.4852e-05 lr: 5.4852e-05  eta: 1 day, 1:57:31  time: 0.6253  data_time: 0.0123  memory: 15982  grad_norm: 18.6529  loss: 2.0931  loss_heatmap: 1.0074  layer_-1_loss_cls: 0.3359  layer_-1_loss_bbox: 0.7473  matched_ious: 0.3330  moe_importance_loss: 0.0024  moe_router_z_loss: 0.0001  sec_per_iter: 0.6344  iters_per_sec: 1.5800  samples_per_sec: 25.2200  samples_per_sec_per_gpu: 6.3100  max_mem_allocated_mb: 475.5000  max_mem_reserved_mb: 16692.0000
2026/05/22 20:26:03 - mmengine - INFO - Epoch(train)  [1][2700/5000]  base_lr: 5.5036e-05 lr: 5.5036e-05  eta: 1 day, 1:57:59  time: 0.6561  data_time: 0.0119  memory: 15950  grad_norm: 22.3305  loss: 1.9342  loss_heatmap: 0.9571  layer_-1_loss_cls: 0.3353  layer_-1_loss_bbox: 0.6395  matched_ious: 0.1584  moe_importance_loss: 0.0022  moe_router_z_loss: 0.0001  sec_per_iter: 0.6342  iters_per_sec: 1.5800  samples_per_sec: 25.2300  samples_per_sec_per_gpu: 6.3100  max_mem_allocated_mb: 475.5000  max_mem_reserved_mb: 16692.0000
2026/05/22 20:26:35 - mmengine - INFO - Epoch(train)  [1][2750/5000]  base_lr: 5.5224e-05 lr: 5.5224e-05  eta: 1 day, 1:56:56  time: 0.6231  data_time: 0.0113  memory: 16062  grad_norm: 20.7313  loss: 1.8578  loss_heatmap: 0.9446  layer_-1_loss_cls: 0.3356  layer_-1_loss_bbox: 0.5753  matched_ious: 0.1690  moe_importance_loss: 0.0022  moe_router_z_loss: 0.0001  sec_per_iter: 0.6346  iters_per_sec: 1.5800  samples_per_sec: 25.2100  samples_per_sec_per_gpu: 6.3000  max_mem_allocated_mb: 475.5000  max_mem_reserved_mb: 16692.0000
2026/05/22 20:27:08 - mmengine - INFO - Epoch(train)  [1][2800/5000]  base_lr: 5.5415e-05 lr: 5.5415e-05  eta: 1 day, 1:57:46  time: 0.6654  data_time: 0.0120  memory: 15996  grad_norm: 17.8037  loss: 1.7976  loss_heatmap: 0.8881  layer_-1_loss_cls: 0.3122  layer_-1_loss_bbox: 0.5951  matched_ious: 0.2630  moe_importance_loss: 0.0021  moe_router_z_loss: 0.0001  sec_per_iter: 0.6344  iters_per_sec: 1.5800  samples_per_sec: 25.2200  samples_per_sec_per_gpu: 6.3000  max_mem_allocated_mb: 475.5000  max_mem_reserved_mb: 16692.0000
2026/05/22 20:27:39 - mmengine - INFO - Epoch(train)  [1][2850/5000]  base_lr: 5.5609e-05 lr: 5.5609e-05  eta: 1 day, 1:56:37  time: 0.6206  data_time: 0.0114  memory: 16105  grad_norm: 23.3172  loss: 1.9894  loss_heatmap: 0.9688  layer_-1_loss_cls: 0.3221  layer_-1_loss_bbox: 0.6966  matched_ious: 0.1884  moe_importance_loss: 0.0019  moe_router_z_loss: 0.0001  sec_per_iter: 0.6350  iters_per_sec: 1.5700  samples_per_sec: 25.2000  samples_per_sec_per_gpu: 6.3000  max_mem_allocated_mb: 475.5000  max_mem_reserved_mb: 16692.0000
2026/05/22 20:28:13 - mmengine - INFO - Epoch(train)  [1][2900/5000]  base_lr: 5.5807e-05 lr: 5.5807e-05  eta: 1 day, 1:58:02  time: 0.6809  data_time: 0.0152  memory: 15982  grad_norm: 17.6720  loss: 1.7819  loss_heatmap: 0.8837  layer_-1_loss_cls: 0.3105  layer_-1_loss_bbox: 0.5856  matched_ious: 0.1906  moe_importance_loss: 0.0021  moe_router_z_loss: 0.0001  sec_per_iter: 0.6348  iters_per_sec: 1.5800  samples_per_sec: 25.2100  samples_per_sec_per_gpu: 6.3000  max_mem_allocated_mb: 475.5000  max_mem_reserved_mb: 16692.0000
2026/05/22 20:28:45 - mmengine - INFO - Epoch(train)  [1][2950/5000]  base_lr: 5.6008e-05 lr: 5.6008e-05  eta: 1 day, 1:57:22  time: 0.6320  data_time: 0.0119  memory: 16009  grad_norm: 18.7973  loss: 1.9462  loss_heatmap: 0.9717  layer_-1_loss_cls: 0.3265  layer_-1_loss_bbox: 0.6459  matched_ious: 0.2539  moe_importance_loss: 0.0020  moe_router_z_loss: 0.0001  sec_per_iter: 0.6355  iters_per_sec: 1.5700  samples_per_sec: 25.1800  samples_per_sec_per_gpu: 6.2900  max_mem_allocated_mb: 475.5000  max_mem_reserved_mb: 16692.0000
