target_height,n_boxes,p10_px,p25_px,p50_px,p75_px,p90_px,frac_lt_8px,frac_lt_12px,frac_lt_16px,frac_lt_24px
704,348550,8.57999267578125,12.095710754394531,18.938827514648438,32.0159912109375,54.86211853027348,0.0771367092239277,0.245898723282169,0.40497776502653854,0.6244928991536365
544,348550,6.62999434037642,9.346685582941229,14.63454853404652,24.73962957208807,42.393455227938595,0.17466647539807775,0.3876947353320901,0.5483746951656864,0.7383531774494334
